year,partner_code,partner,hs6,description_pt,competitor_code,competitor,value,share_pct,rank,is_country,market_total
2003,124,Canadá,270740,Naftaleno,842,EUA,2554454,99.886,1,0,2557377
2003,124,Canadá,270740,Naftaleno,156,China,1477,0.058,2,0,2557377
2003,124,Canadá,270740,Naftaleno,704,Vietname,1079,0.042,3,0,2557377
2003,124,Canadá,270740,Naftaleno,484,México,210,0.008,4,0,2557377
2003,124,Canadá,270740,Naftaleno,579,Noruega,137,0.005,5,0,2557377
2003,124,Canadá,270900,Petróleo bruto,579,Noruega,2772038190,28.065,1,0,9877194452
2003,124,Canadá,270900,Petróleo bruto,826,Reino Unido,1900125321,19.238,2,0,9877194452
2003,124,Canadá,270900,Petróleo bruto,12,Argélia,1680173461,17.011,3,0,9877194452
2003,124,Canadá,270900,Petróleo bruto,368,Iraque,805429136,8.154,4,0,9877194452
2003,124,Canadá,270900,Petróleo bruto,682,Arábia Saudita,574808092,5.82,5,0,9877194452
2003,124,Canadá,271019,Gasóleo e combustíveis médios e pesados,842,EUA,839541725,62.985,1,0,1332918499
2003,124,Canadá,271019,Gasóleo e combustíveis médios e pesados,862,Venezuela,117157950,8.79,2,0,1332918499
2003,124,Canadá,271019,Gasóleo e combustíveis médios e pesados,780,Trinidad and Tobago,46269130,3.471,3,0,1332918499
2003,124,Canadá,271019,Gasóleo e combustíveis médios e pesados,528,Países Baixos,38365676,2.878,4,0,1332918499
2003,124,Canadá,271019,Gasóleo e combustíveis médios e pesados,414,Kuwait,35587269,2.67,5,0,1332918499
2003,124,Canadá,271019,Gasóleo e combustíveis médios e pesados,24,Angola,104,0.0,48,1,1332918499
2003,124,Canadá,271111,Gás natural liquefeito (GNL),842,EUA,712313,99.36,1,0,716898
2003,124,Canadá,271111,Gás natural liquefeito (GNL),826,Reino Unido,4461,0.622,2,0,716898
2003,124,Canadá,271111,Gás natural liquefeito (GNL),490,Taiwan (Prov. China),79,0.011,3,0,716898
2003,124,Canadá,271111,Gás natural liquefeito (GNL),484,México,45,0.006,4,0,716898
2003,124,Canadá,710221,Diamantes industriais em bruto,288,Gana,398942,34.447,1,0,1158144
2003,124,Canadá,710221,Diamantes industriais em bruto,842,EUA,200193,17.286,2,0,1158144
2003,124,Canadá,710221,Diamantes industriais em bruto,826,Reino Unido,141523,12.22,3,0,1158144
2003,124,Canadá,710221,Diamantes industriais em bruto,56,Bélgica,122657,10.591,4,0,1158144
2003,124,Canadá,710221,Diamantes industriais em bruto,72,Botsuana,67526,5.831,5,0,1158144
2003,124,Canadá,710221,Diamantes industriais em bruto,24,Angola,2349,0.203,16,1,1158144
2003,124,Canadá,890190,Navios de carga,246,Finlândia,10726296,47.901,1,0,22392763
2003,124,Canadá,890190,Navios de carga,842,EUA,5160504,23.045,2,0,22392763
2003,124,Canadá,890190,Navios de carga,156,China,2876959,12.848,3,0,22392763
2003,124,Canadá,890190,Navios de carga,579,Noruega,2453645,10.957,4,0,22392763
2003,124,Canadá,890190,Navios de carga,591,Panamá,730649,3.263,5,0,22392763
2003,124,Canadá,890520,Plataformas de perfuração ou produção,842,EUA,707,100.0,1,0,707
2003,156,China,270740,Naftaleno,392,Japão,22371527,39.071,1,0,57258145
2003,156,China,270740,Naftaleno,643,Rússia,20809460,36.343,2,0,57258145
2003,156,China,270740,Naftaleno,804,Ucrânia,5477001,9.565,3,0,57258145
2003,156,China,270740,Naftaleno,724,Espanha,2105473,3.677,4,0,57258145
2003,156,China,270740,Naftaleno,203,Chéquia,1542875,2.695,5,0,57258145
2003,156,China,270900,Petróleo bruto,682,Arábia Saudita,3231945613,16.337,1,0,19782400604
2003,156,China,270900,Petróleo bruto,364,Irão,2635085866,13.32,2,0,19782400604
2003,156,China,270900,Petróleo bruto,24,Angola,2205654993,11.15,3,1,19782400604
2003,156,China,270900,Petróleo bruto,512,Omã,1978256687,10.0,4,0,19782400604
2003,156,China,270900,Petróleo bruto,887,Yemen,1520734722,7.687,5,0,19782400604
2003,156,China,270900,Petróleo bruto,736,Sudan (...2011),1416098196,7.158,6,0,19782400604
2003,156,China,271019,Gasóleo e combustíveis médios e pesados,410,Coreia do Sul,1540693414,26.741,1,0,5761624361
2003,156,China,271019,Gasóleo e combustíveis médios e pesados,702,Singapura,1395777930,24.225,2,0,5761624361
2003,156,China,271019,Gasóleo e combustíveis médios e pesados,643,Rússia,919390315,15.957,3,0,5761624361
2003,156,China,271019,Gasóleo e combustíveis médios e pesados,392,Japão,308675477,5.357,4,0,5761624361
2003,156,China,271019,Gasóleo e combustíveis médios e pesados,360,Indonésia,297389950,5.162,5,0,5761624361
2003,156,China,271111,Gás natural liquefeito (GNL),344,Hong Kong (RAEHK),5331,59.378,1,0,8978
2003,156,China,271111,Gás natural liquefeito (GNL),392,Japão,3647,40.622,2,0,8978
2003,156,China,710221,Diamantes industriais em bruto,56,Bélgica,1093710,60.235,1,0,1815726
2003,156,China,710221,Diamantes industriais em bruto,710,África do Sul,560400,30.864,2,0,1815726
2003,156,China,710221,Diamantes industriais em bruto,376,Israel,108607,5.981,3,0,1815726
2003,156,China,710221,Diamantes industriais em bruto,842,EUA,46032,2.535,4,0,1815726
2003,156,China,710221,Diamantes industriais em bruto,392,Japão,6977,0.384,5,0,1815726
2003,156,China,890190,Navios de carga,392,Japão,54413082,38.045,1,0,143022687
2003,156,China,890190,Navios de carga,76,Brasil,12985898,9.08,2,0,143022687
2003,156,China,890190,Navios de carga,410,Coreia do Sul,12399236,8.669,3,0,143022687
2003,156,China,890190,Navios de carga,156,China,11650860,8.146,4,0,143022687
2003,156,China,890190,Navios de carga,32,Argentina,7500000,5.244,5,0,143022687
2003,156,China,890520,Plataformas de perfuração ou produção,702,Singapura,39482318,100.0,1,0,39482318
2003,251,França,270740,Naftaleno,276,Alemanha,530426,31.583,1,0,1679493
2003,251,França,270740,Naftaleno,724,Espanha,514592,30.64,2,0,1679493
2003,251,França,270740,Naftaleno,528,Países Baixos,489711,29.158,3,0,1679493
2003,251,França,270740,Naftaleno,203,Chéquia,105180,6.263,4,0,1679493
2003,251,França,270740,Naftaleno,826,Reino Unido,35060,2.088,5,0,1679493
2003,251,França,270900,Petróleo bruto,579,Noruega,3644273467,19.85,1,0,18359337917
2003,251,França,270900,Petróleo bruto,643,Rússia,3033141804,16.521,2,0,18359337917
2003,251,França,270900,Petróleo bruto,682,Arábia Saudita,2209925876,12.037,3,0,18359337917
2003,251,França,270900,Petróleo bruto,826,Reino Unido,1800005321,9.804,4,0,18359337917
2003,251,França,270900,Petróleo bruto,12,Argélia,1510422377,8.227,5,0,18359337917
2003,251,França,270900,Petróleo bruto,24,Angola,693177977,3.776,9,1,18359337917
2003,251,França,271019,Gasóleo e combustíveis médios e pesados,643,Rússia,1065904278,19.559,1,0,5449597749
2003,251,França,271019,Gasóleo e combustíveis médios e pesados,276,Alemanha,559888483,10.274,2,0,5449597749
2003,251,França,271019,Gasóleo e combustíveis médios e pesados,826,Reino Unido,555729901,10.198,3,0,5449597749
2003,251,França,271019,Gasóleo e combustíveis médios e pesados,380,Itália,520249069,9.547,4,0,5449597749
2003,251,França,271019,Gasóleo e combustíveis médios e pesados,56,Bélgica,416716562,7.647,5,0,5449597749
2003,251,França,271111,Gás natural liquefeito (GNL),12,Argélia,1407010883,94.02,1,0,1496508037
2003,251,França,271111,Gás natural liquefeito (GNL),566,Nigéria,89156731,5.958,2,0,1496508037
2003,251,França,271111,Gás natural liquefeito (GNL),826,Reino Unido,304231,0.02,3,0,1496508037
2003,251,França,271111,Gás natural liquefeito (GNL),380,Itália,18096,0.001,4,0,1496508037
2003,251,França,271111,Gás natural liquefeito (GNL),251,França,15834,0.001,5,0,1496508037
2003,251,França,710221,Diamantes industriais em bruto,56,Bélgica,332506,48.756,1,0,681976
2003,251,França,710221,Diamantes industriais em bruto,826,Reino Unido,285005,41.791,2,0,681976
2003,251,França,710221,Diamantes industriais em bruto,528,Países Baixos,27143,3.98,3,0,681976
2003,251,França,710221,Diamantes industriais em bruto,276,Alemanha,23750,3.483,4,0,681976
2003,251,França,710221,Diamantes industriais em bruto,392,Japão,4524,0.663,5,0,681976
2003,251,França,890190,Navios de carga,410,Coreia do Sul,59093251,46.577,1,0,126872363
2003,251,França,890190,Navios de carga,430,Liberia,25218398,19.877,2,0,126872363
2003,251,França,890190,Navios de carga,36,Austrália,15026085,11.843,3,0,126872363
2003,251,França,890190,Navios de carga,591,Panamá,7902097,6.228,4,0,126872363
2003,251,França,890190,Navios de carga,642,Roménia,7683819,6.056,5,0,126872363
2003,251,França,890520,Plataformas de perfuração ou produção,740,Suriname,67858,71.429,1,0,95001
2003,251,França,890520,Plataformas de perfuração ou produção,276,Alemanha,27143,28.571,2,0,95001
2003,699,Índia,270740,Naftaleno,818,Egito,13999895,43.568,1,0,32133762
2003,699,Índia,270740,Naftaleno,208,Dinamarca,4595750,14.302,2,0,32133762
2003,699,Índia,270740,Naftaleno,203,Chéquia,4264143,13.27,3,0,32133762
2003,699,Índia,270740,Naftaleno,804,Ucrânia,3231276,10.056,4,0,32133762
2003,699,Índia,270740,Naftaleno,784,Emirados Árabes Unidos,1722195,5.359,5,0,32133762
2003,699,Índia,270900,Petróleo bruto,899,"Areas, nes",18076397629,100.0,1,0,18076397629
2003,699,Índia,271111,Gás natural liquefeito (GNL),682,Arábia Saudita,9646666,59.947,1,0,16092003
2003,699,Índia,271111,Gás natural liquefeito (GNL),48,Barém,6028006,37.46,2,0,16092003
2003,699,Índia,271111,Gás natural liquefeito (GNL),44,Bahamas,350965,2.181,3,0,16092003
2003,699,Índia,271111,Gás natural liquefeito (GNL),784,Emirados Árabes Unidos,66366,0.412,4,0,16092003
2003,699,Índia,710221,Diamantes industriais em bruto,56,Bélgica,2610302,86.377,1,0,3021983
2003,699,Índia,710221,Diamantes industriais em bruto,344,Hong Kong (RAEHK),274557,9.085,2,0,3021983
2003,699,Índia,710221,Diamantes industriais em bruto,842,EUA,137124,4.538,3,0,3021983
2003,699,Índia,890190,Navios de carga,579,Noruega,70257928,41.152,1,0,170727473
2003,699,Índia,890190,Navios de carga,826,Reino Unido,40739854,23.863,2,0,170727473
2003,699,Índia,890190,Navios de carga,276,Alemanha,32426554,18.993,3,0,170727473
2003,699,Índia,890190,Navios de carga,702,Singapura,11401530,6.678,4,0,170727473
2003,699,Índia,890190,Navios de carga,458,Malásia,4285028,2.51,5,0,170727473
2003,699,Índia,890520,Plataformas de perfuração ou produção,842,EUA,138037733,40.014,1,0,344973560
2003,699,Índia,890520,Plataformas de perfuração ou produção,490,Taiwan (Prov. China),62179677,18.024,2,0,344973560
2003,699,Índia,890520,Plataformas de perfuração ou produção,702,Singapura,56150753,16.277,3,0,344973560
2003,699,Índia,890520,Plataformas de perfuração ou produção,392,Japão,52271226,15.152,4,0,344973560
2003,699,Índia,890520,Plataformas de perfuração ou produção,512,Omã,29813695,8.642,5,0,344973560
2003,842,EUA,270740,Naftaleno,124,Canadá,3843102,97.531,1,0,3940407
2003,842,EUA,270740,Naftaleno,276,Alemanha,31528,0.8,2,0,3940407
2003,842,EUA,270740,Naftaleno,410,Coreia do Sul,29841,0.757,3,0,3940407
2003,842,EUA,270740,Naftaleno,392,Japão,13289,0.337,4,0,3940407
2003,842,EUA,270740,Naftaleno,156,China,11673,0.296,5,0,3940407
2003,842,EUA,270900,Petróleo bruto,682,Arábia Saudita,18220000366,17.017,1,0,107066404347
2003,842,EUA,270900,Petróleo bruto,484,México,14859867883,13.879,2,0,107066404347
2003,842,EUA,270900,Petróleo bruto,124,Canadá,14669101545,13.701,3,0,107066404347
2003,842,EUA,270900,Petróleo bruto,862,Venezuela,13286369162,12.409,4,0,107066404347
2003,842,EUA,270900,Petróleo bruto,566,Nigéria,10078708065,9.414,5,0,107066404347
2003,842,EUA,270900,Petróleo bruto,24,Angola,4334268265,4.048,8,1,107066404347
2003,842,EUA,271019,Gasóleo e combustíveis médios e pesados,124,Canadá,2656175300,18.266,1,0,14541866136
2003,842,EUA,271019,Gasóleo e combustíveis médios e pesados,862,Venezuela,1221719125,8.401,2,0,14541866136
2003,842,EUA,271019,Gasóleo e combustíveis médios e pesados,643,Rússia,1217227969,8.371,3,0,14541866136
2003,842,EUA,271019,Gasóleo e combustíveis médios e pesados,12,Argélia,1115944778,7.674,4,0,14541866136
2003,842,EUA,271019,Gasóleo e combustíveis médios e pesados,76,Brasil,831698230,5.719,5,0,14541866136
2003,842,EUA,271019,Gasóleo e combustíveis médios e pesados,24,Angola,140522378,0.966,25,1,14541866136
2003,842,EUA,271111,Gás natural liquefeito (GNL),780,Trinidad and Tobago,1961837194,71.725,1,0,2735206908
2003,842,EUA,271111,Gás natural liquefeito (GNL),12,Argélia,321453165,11.752,2,0,2735206908
2003,842,EUA,271111,Gás natural liquefeito (GNL),566,Nigéria,282869871,10.342,3,0,2735206908
2003,842,EUA,271111,Gás natural liquefeito (GNL),634,Catar,80969999,2.96,4,0,2735206908
2003,842,EUA,271111,Gás natural liquefeito (GNL),512,Omã,48445281,1.771,5,0,2735206908
2003,842,EUA,710221,Diamantes industriais em bruto,826,Reino Unido,1751511,31.123,1,0,5627783
2003,842,EUA,710221,Diamantes industriais em bruto,372,Irlanda,919600,16.34,2,0,5627783
2003,842,EUA,710221,Diamantes industriais em bruto,56,Bélgica,624313,11.093,3,0,5627783
2003,842,EUA,710221,Diamantes industriais em bruto,288,Gana,469659,8.345,4,0,5627783
2003,842,EUA,710221,Diamantes industriais em bruto,516,Namíbia,332190,5.903,5,0,5627783
2003,842,EUA,890190,Navios de carga,156,China,3445750,86.219,1,0,3996507
2003,842,EUA,890190,Navios de carga,36,Austrália,243429,6.091,2,0,3996507
2003,842,EUA,890190,Navios de carga,124,Canadá,200586,5.019,3,0,3996507
2003,842,EUA,890190,Navios de carga,528,Países Baixos,65500,1.639,4,0,3996507
2003,842,EUA,890190,Navios de carga,710,África do Sul,25192,0.63,5,0,3996507
2003,842,EUA,890520,Plataformas de perfuração ou produção,410,Coreia do Sul,303778000,81.979,1,0,370558000
2003,842,EUA,890520,Plataformas de perfuração ou produção,643,Rússia,66780000,18.021,2,0,370558000
2004,124,Canadá,270740,Naftaleno,842,EUA,1992262,99.524,1,0,2001782
2004,124,Canadá,270740,Naftaleno,398,Cazaquistão,5483,0.274,2,0,2001782
2004,124,Canadá,270740,Naftaleno,699,Índia,2471,0.123,3,0,2001782
2004,124,Canadá,270740,Naftaleno,380,Itália,1263,0.063,4,0,2001782
2004,124,Canadá,270740,Naftaleno,826,Reino Unido,169,0.008,5,0,2001782
2004,124,Canadá,270900,Petróleo bruto,579,Noruega,3574664455,28.918,1,0,12361243820
2004,124,Canadá,270900,Petróleo bruto,12,Argélia,2378849061,19.244,2,0,12361243820
2004,124,Canadá,270900,Petróleo bruto,826,Reino Unido,2135192802,17.273,3,0,12361243820
2004,124,Canadá,270900,Petróleo bruto,682,Arábia Saudita,859137600,6.95,4,0,12361243820
2004,124,Canadá,270900,Petróleo bruto,368,Iraque,847703131,6.858,5,0,12361243820
2004,124,Canadá,271019,Gasóleo e combustíveis médios e pesados,842,EUA,1031856777,61.369,1,0,1681400333
2004,124,Canadá,271019,Gasóleo e combustíveis médios e pesados,862,Venezuela,179830669,10.695,2,0,1681400333
2004,124,Canadá,271019,Gasóleo e combustíveis médios e pesados,826,Reino Unido,82371779,4.899,3,0,1681400333
2004,124,Canadá,271019,Gasóleo e combustíveis médios e pesados,724,Espanha,43836466,2.607,4,0,1681400333
2004,124,Canadá,271019,Gasóleo e combustíveis médios e pesados,170,Colômbia,39484163,2.348,5,0,1681400333
2004,124,Canadá,271111,Gás natural liquefeito (GNL),842,EUA,12798122,99.124,1,0,12911243
2004,124,Canadá,271111,Gás natural liquefeito (GNL),124,Canadá,112724,0.873,2,0,12911243
2004,124,Canadá,271111,Gás natural liquefeito (GNL),410,Coreia do Sul,312,0.002,3,0,12911243
2004,124,Canadá,271111,Gás natural liquefeito (GNL),392,Japão,85,0.001,4,0,12911243
2004,124,Canadá,710221,Diamantes industriais em bruto,288,Gana,251975,34.87,1,0,722617
2004,124,Canadá,710221,Diamantes industriais em bruto,842,EUA,110280,15.261,2,0,722617
2004,124,Canadá,710221,Diamantes industriais em bruto,72,Botsuana,83722,11.586,3,0,722617
2004,124,Canadá,710221,Diamantes industriais em bruto,643,Rússia,71737,9.927,4,0,722617
2004,124,Canadá,710221,Diamantes industriais em bruto,826,Reino Unido,61385,8.495,5,0,722617
2004,124,Canadá,890190,Navios de carga,842,EUA,2878321,94.422,1,0,3048369
2004,124,Canadá,890190,Navios de carga,52,Barbados,148702,4.878,2,0,3048369
2004,124,Canadá,890190,Navios de carga,124,Canadá,20526,0.673,3,0,3048369
2004,124,Canadá,890190,Navios de carga,579,Noruega,820,0.027,4,0,3048369
2004,124,Canadá,890520,Plataformas de perfuração ou produção,276,Alemanha,25115,98.347,1,0,25537
2004,124,Canadá,890520,Plataformas de perfuração ou produção,251,França,320,1.253,2,0,25537
2004,124,Canadá,890520,Plataformas de perfuração ou produção,842,EUA,102,0.399,3,0,25537
2004,156,China,270740,Naftaleno,392,Japão,22977362,35.801,1,0,64180125
2004,156,China,270740,Naftaleno,643,Rússia,21712916,33.831,2,0,64180125
2004,156,China,270740,Naftaleno,804,Ucrânia,6478185,10.094,3,0,64180125
2004,156,China,270740,Naftaleno,724,Espanha,2999546,4.674,4,0,64180125
2004,156,China,270740,Naftaleno,398,Cazaquistão,1913010,2.981,5,0,64180125
2004,156,China,270900,Petróleo bruto,24,Angola,4716807801,13.909,1,1,33911681064
2004,156,China,270900,Petróleo bruto,682,Arábia Saudita,4634104883,13.665,2,0,33911681064
2004,156,China,270900,Petróleo bruto,512,Omã,4271270019,12.595,3,0,33911681064
2004,156,China,270900,Petróleo bruto,364,Irão,3535879006,10.427,4,0,33911681064
2004,156,China,270900,Petróleo bruto,643,Rússia,2937005818,8.661,5,0,33911681064
2004,156,China,270900,Petróleo bruto,736,Sudan (...2011),1658066559,4.889,6,0,33911681064
2004,156,China,271019,Gasóleo e combustíveis médios e pesados,410,Coreia do Sul,2737361752,29.804,1,0,9184637812
2004,156,China,271019,Gasóleo e combustíveis médios e pesados,702,Singapura,2140200758,23.302,2,0,9184637812
2004,156,China,271019,Gasóleo e combustíveis médios e pesados,643,Rússia,1181528339,12.864,3,0,9184637812
2004,156,China,271019,Gasóleo e combustíveis médios e pesados,392,Japão,590380929,6.428,4,0,9184637812
2004,156,China,271019,Gasóleo e combustíveis médios e pesados,458,Malásia,489067424,5.325,5,0,9184637812
2004,156,China,271111,Gás natural liquefeito (GNL),764,Tailândia,135320,95.294,1,0,142003
2004,156,China,271111,Gás natural liquefeito (GNL),826,Reino Unido,5484,3.862,2,0,142003
2004,156,China,271111,Gás natural liquefeito (GNL),12,Argélia,714,0.503,3,0,142003
2004,156,China,271111,Gás natural liquefeito (GNL),392,Japão,390,0.275,4,0,142003
2004,156,China,271111,Gás natural liquefeito (GNL),586,Paquistão,51,0.036,5,0,142003
2004,156,China,710221,Diamantes industriais em bruto,56,Bélgica,2440091,96.021,1,0,2541213
2004,156,China,710221,Diamantes industriais em bruto,710,África do Sul,86948,3.422,2,0,2541213
2004,156,China,710221,Diamantes industriais em bruto,842,EUA,12800,0.504,3,0,2541213
2004,156,China,710221,Diamantes industriais em bruto,376,Israel,1374,0.054,4,0,2541213
2004,156,China,890190,Navios de carga,392,Japão,276524652,69.728,1,0,396577577
2004,156,China,890190,Navios de carga,76,Brasil,31585293,7.964,2,0,396577577
2004,156,China,890190,Navios de carga,156,China,24622015,6.209,3,0,396577577
2004,156,China,890190,Navios de carga,804,Ucrânia,20725882,5.226,4,0,396577577
2004,156,China,890190,Navios de carga,642,Roménia,8956507,2.258,5,0,396577577
2004,156,China,890520,Plataformas de perfuração ou produção,410,Coreia do Sul,56653632,58.176,1,0,97382379
2004,156,China,890520,Plataformas de perfuração ou produção,643,Rússia,23786359,24.426,2,0,97382379
2004,156,China,890520,Plataformas de perfuração ou produção,579,Noruega,16942388,17.398,3,0,97382379
2004,251,França,270740,Naftaleno,724,Espanha,949126,50.63,1,0,1874616
2004,251,França,270740,Naftaleno,276,Alemanha,467721,24.95,2,0,1874616
2004,251,França,270740,Naftaleno,56,Bélgica,171664,9.157,3,0,1874616
2004,251,França,270740,Naftaleno,528,Países Baixos,157980,8.427,4,0,1874616
2004,251,França,270740,Naftaleno,203,Chéquia,93295,4.977,5,0,1874616
2004,251,França,270900,Petróleo bruto,579,Noruega,4598863680,18.699,1,0,24594187358
2004,251,França,270900,Petróleo bruto,643,Rússia,3713481140,15.099,2,0,24594187358
2004,251,França,270900,Petróleo bruto,682,Arábia Saudita,3552790299,14.446,3,0,24594187358
2004,251,França,270900,Petróleo bruto,826,Reino Unido,2517316525,10.235,4,0,24594187358
2004,251,França,270900,Petróleo bruto,12,Argélia,2120793442,8.623,5,0,24594187358
2004,251,França,270900,Petróleo bruto,24,Angola,813874686,3.309,9,1,24594187358
2004,251,França,271019,Gasóleo e combustíveis médios e pesados,643,Rússia,1736329107,20.463,1,0,8485132975
2004,251,França,271019,Gasóleo e combustíveis médios e pesados,276,Alemanha,919837172,10.841,2,0,8485132975
2004,251,França,271019,Gasóleo e combustíveis médios e pesados,528,Países Baixos,752146684,8.864,3,0,8485132975
2004,251,França,271019,Gasóleo e combustíveis médios e pesados,56,Bélgica,703636781,8.293,4,0,8485132975
2004,251,França,271019,Gasóleo e combustíveis médios e pesados,380,Itália,624501092,7.36,5,0,8485132975
2004,251,França,271111,Gás natural liquefeito (GNL),12,Argélia,1039316303,85.483,1,0,1215811393
2004,251,França,271111,Gás natural liquefeito (GNL),566,Nigéria,149176939,12.27,2,0,1215811393
2004,251,França,271111,Gás natural liquefeito (GNL),512,Omã,15187256,1.249,3,0,1215811393
2004,251,França,271111,Gás natural liquefeito (GNL),724,Espanha,10409284,0.856,4,0,1215811393
2004,251,França,271111,Gás natural liquefeito (GNL),56,Bélgica,1515118,0.125,5,0,1215811393
2004,251,França,710221,Diamantes industriais em bruto,826,Reino Unido,250032,36.413,1,0,686656
2004,251,França,710221,Diamantes industriais em bruto,56,Bélgica,185347,26.993,2,0,686656
2004,251,França,710221,Diamantes industriais em bruto,757,Suíça,130614,19.022,3,0,686656
2004,251,França,710221,Diamantes industriais em bruto,528,Países Baixos,65929,9.601,4,0,686656
2004,251,França,710221,Diamantes industriais em bruto,710,África do Sul,27367,3.986,5,0,686656
2004,251,França,890190,Navios de carga,410,Coreia do Sul,229000527,60.491,1,0,378570550
2004,251,França,890190,Navios de carga,579,Noruega,52252916,13.803,2,0,378570550
2004,251,França,890190,Navios de carga,702,Singapura,31098484,8.215,3,0,378570550
2004,251,França,890190,Navios de carga,156,China,28976323,7.654,4,0,378570550
2004,251,França,890190,Navios de carga,276,Alemanha,17726136,4.682,5,0,378570550
2004,251,França,890520,Plataformas de perfuração ou produção,757,Suíça,124394,63.291,1,0,196542
2004,251,França,890520,Plataformas de perfuração ou produção,56,Bélgica,33586,17.088,2,0,196542
2004,251,França,890520,Plataformas de perfuração ou produção,442,Luxemburgo,22391,11.392,3,0,196542
2004,251,França,890520,Plataformas de perfuração ou produção,380,Itália,16171,8.228,4,0,196542
2004,699,Índia,270740,Naftaleno,208,Dinamarca,5539619,37.645,1,0,14715356
2004,699,Índia,270740,Naftaleno,804,Ucrânia,3535518,24.026,2,0,14715356
2004,699,Índia,270740,Naftaleno,203,Chéquia,1342156,9.121,3,0,14715356
2004,699,Índia,270740,Naftaleno,724,Espanha,1256206,8.537,4,0,14715356
2004,699,Índia,270740,Naftaleno,276,Alemanha,821889,5.585,5,0,14715356
2004,699,Índia,270900,Petróleo bruto,899,"Areas, nes",24587098632,100.0,1,0,24587098632
2004,699,Índia,271111,Gás natural liquefeito (GNL),634,Catar,252863927,98.189,1,0,257526775
2004,699,Índia,271111,Gás natural liquefeito (GNL),48,Barém,4662848,1.811,2,0,257526775
2004,699,Índia,710221,Diamantes industriais em bruto,56,Bélgica,25384,65.441,1,0,38789
2004,699,Índia,710221,Diamantes industriais em bruto,276,Alemanha,13405,34.559,2,0,38789
2004,699,Índia,890190,Navios de carga,702,Singapura,54415100,50.805,1,0,107105838
2004,699,Índia,890190,Navios de carga,818,Egito,21032765,19.637,2,0,107105838
2004,699,Índia,890190,Navios de carga,842,EUA,10005354,9.342,3,0,107105838
2004,699,Índia,890190,Navios de carga,579,Noruega,5683009,5.306,4,0,107105838
2004,699,Índia,890190,Navios de carga,458,Malásia,3262511,3.046,5,0,107105838
2004,699,Índia,890520,Plataformas de perfuração ou produção,702,Singapura,54130212,53.598,1,0,100993118
2004,699,Índia,890520,Plataformas de perfuração ou produção,392,Japão,46862906,46.402,2,0,100993118
2004,842,EUA,270740,Naftaleno,124,Canadá,5564903,99.189,1,0,5610394
2004,842,EUA,270740,Naftaleno,410,Coreia do Sul,43067,0.768,2,0,5610394
2004,842,EUA,270740,Naftaleno,764,Tailândia,2424,0.043,3,0,5610394
2004,842,EUA,270900,Petróleo bruto,682,Arábia Saudita,20894590751,14.59,1,0,143216147633
2004,842,EUA,270900,Petróleo bruto,124,Canadá,19517765666,13.628,2,0,143216147633
2004,842,EUA,270900,Petróleo bruto,862,Venezuela,19248567199,13.44,3,0,143216147633
2004,842,EUA,270900,Petróleo bruto,484,México,18665626959,13.033,4,0,143216147633
2004,842,EUA,270900,Petróleo bruto,566,Nigéria,16193195905,11.307,5,0,143216147633
2004,842,EUA,270900,Petróleo bruto,24,Angola,4555342328,3.181,8,1,143216147633
2004,842,EUA,271019,Gasóleo e combustíveis médios e pesados,124,Canadá,3266495310,15.809,1,0,20662098731
2004,842,EUA,271019,Gasóleo e combustíveis médios e pesados,862,Venezuela,2025370641,9.802,2,0,20662098731
2004,842,EUA,271019,Gasóleo e combustíveis médios e pesados,643,Rússia,1736839043,8.406,3,0,20662098731
2004,842,EUA,271019,Gasóleo e combustíveis médios e pesados,533,Aruba,1487495792,7.199,4,0,20662098731
2004,842,EUA,271019,Gasóleo e combustíveis médios e pesados,12,Argélia,1352289267,6.545,5,0,20662098731
2004,842,EUA,271019,Gasóleo e combustíveis médios e pesados,24,Angola,168661813,0.816,25,1,20662098731
2004,842,EUA,271111,Gás natural liquefeito (GNL),780,Trinidad and Tobago,2796126975,69.094,1,0,4046862301
2004,842,EUA,271111,Gás natural liquefeito (GNL),12,Argélia,749124095,18.511,2,0,4046862301
2004,842,EUA,271111,Gás natural liquefeito (GNL),458,Malásia,120924748,2.988,3,0,4046862301
2004,842,EUA,271111,Gás natural liquefeito (GNL),36,Austrália,105862476,2.616,4,0,4046862301
2004,842,EUA,271111,Gás natural liquefeito (GNL),634,Catar,87881207,2.172,5,0,4046862301
2004,842,EUA,710221,Diamantes industriais em bruto,710,África do Sul,3501235,25.007,1,0,14000801
2004,842,EUA,710221,Diamantes industriais em bruto,72,Botsuana,3469616,24.782,2,0,14000801
2004,842,EUA,710221,Diamantes industriais em bruto,643,Rússia,2304013,16.456,3,0,14000801
2004,842,EUA,710221,Diamantes industriais em bruto,56,Bélgica,1096129,7.829,4,0,14000801
2004,842,EUA,710221,Diamantes industriais em bruto,288,Gana,820696,5.862,5,0,14000801
2004,842,EUA,890190,Navios de carga,124,Canadá,874373,45.847,1,0,1907151
2004,842,EUA,890190,Navios de carga,360,Indonésia,725002,38.015,2,0,1907151
2004,842,EUA,890190,Navios de carga,826,Reino Unido,141343,7.411,3,0,1907151
2004,842,EUA,890190,Navios de carga,702,Singapura,90270,4.733,4,0,1907151
2004,842,EUA,890190,Navios de carga,579,Noruega,41511,2.177,5,0,1907151
2004,842,EUA,890520,Plataformas de perfuração ou produção,410,Coreia do Sul,522936508,98.56,1,0,530577435
2004,842,EUA,890520,Plataformas de perfuração ou produção,579,Noruega,7526000,1.418,2,0,530577435
2004,842,EUA,890520,Plataformas de perfuração ou produção,826,Reino Unido,108335,0.02,3,0,530577435
2004,842,EUA,890520,Plataformas de perfuração ou produção,124,Canadá,6592,0.001,4,0,530577435
2005,124,Canadá,270740,Naftaleno,842,EUA,2670909,99.015,1,0,2697473
2005,124,Canadá,270740,Naftaleno,276,Alemanha,24639,0.913,2,0,2697473
2005,124,Canadá,270740,Naftaleno,818,Egito,994,0.037,3,0,2697473
2005,124,Canadá,270740,Naftaleno,40,Áustria,426,0.016,4,0,2697473
2005,124,Canadá,270740,Naftaleno,699,Índia,225,0.008,5,0,2697473
2005,124,Canadá,270900,Petróleo bruto,579,Noruega,4516296601,24.965,1,0,18090860235
2005,124,Canadá,270900,Petróleo bruto,12,Argélia,3406228771,18.828,2,0,18090860235
2005,124,Canadá,270900,Petróleo bruto,826,Reino Unido,3011468290,16.646,3,0,18090860235
2005,124,Canadá,270900,Petróleo bruto,682,Arábia Saudita,1282054498,7.087,4,0,18090860235
2005,124,Canadá,270900,Petróleo bruto,368,Iraque,996007510,5.506,5,0,18090860235
2005,124,Canadá,270900,Petróleo bruto,24,Angola,274446268,1.517,12,1,18090860235
2005,124,Canadá,271019,Gasóleo e combustíveis médios e pesados,842,EUA,1622428079,61.182,1,0,2651808584
2005,124,Canadá,271019,Gasóleo e combustíveis médios e pesados,862,Venezuela,194420436,7.332,2,0,2651808584
2005,124,Canadá,271019,Gasóleo e combustíveis médios e pesados,826,Reino Unido,103265390,3.894,3,0,2651808584
2005,124,Canadá,271019,Gasóleo e combustíveis médios e pesados,528,Países Baixos,83536866,3.15,4,0,2651808584
2005,124,Canadá,271019,Gasóleo e combustíveis médios e pesados,682,Arábia Saudita,63807980,2.406,5,0,2651808584
2005,124,Canadá,271111,Gás natural liquefeito (GNL),842,EUA,4370073,100.0,1,0,4370080
2005,124,Canadá,271111,Gás natural liquefeito (GNL),484,México,7,0.0,2,0,4370080
2005,124,Canadá,710221,Diamantes industriais em bruto,288,Gana,515872,32.849,1,0,1570411
2005,124,Canadá,710221,Diamantes industriais em bruto,710,África do Sul,476726,30.357,2,0,1570411
2005,124,Canadá,710221,Diamantes industriais em bruto,842,EUA,175437,11.171,3,0,1570411
2005,124,Canadá,710221,Diamantes industriais em bruto,36,Austrália,164830,10.496,4,0,1570411
2005,124,Canadá,710221,Diamantes industriais em bruto,72,Botsuana,93379,5.946,5,0,1570411
2005,124,Canadá,890190,Navios de carga,152,Chile,45107426,53.859,1,0,83750209
2005,124,Canadá,890190,Navios de carga,276,Alemanha,36010390,42.997,2,0,83750209
2005,124,Canadá,890190,Navios de carga,842,EUA,2475085,2.955,3,0,83750209
2005,124,Canadá,890190,Navios de carga,579,Noruega,131693,0.157,4,0,83750209
2005,124,Canadá,890190,Navios de carga,124,Canadá,25615,0.031,5,0,83750209
2005,124,Canadá,890520,Plataformas de perfuração ou produção,842,EUA,1549,100.0,1,0,1549
2005,156,China,270740,Naftaleno,392,Japão,24238740,43.263,1,0,56026613
2005,156,China,270740,Naftaleno,643,Rússia,14532384,25.938,2,0,56026613
2005,156,China,270740,Naftaleno,804,Ucrânia,10813780,19.301,3,0,56026613
2005,156,China,270740,Naftaleno,490,Taiwan (Prov. China),1523689,2.72,4,0,56026613
2005,156,China,270740,Naftaleno,398,Cazaquistão,1504155,2.685,5,0,56026613
2005,156,China,270900,Petróleo bruto,682,Arábia Saudita,8243089227,17.273,1,0,47722764303
2005,156,China,270900,Petróleo bruto,24,Angola,6575939442,13.779,2,1,47722764303
2005,156,China,270900,Petróleo bruto,364,Irão,5309518970,11.126,3,0,47722764303
2005,156,China,270900,Petróleo bruto,643,Rússia,4958784927,10.391,4,0,47722764303
2005,156,China,270900,Petróleo bruto,512,Omã,4040285336,8.466,5,0,47722764303
2005,156,China,270900,Petróleo bruto,887,Yemen,2624712812,5.5,6,0,47722764303
2005,156,China,271019,Gasóleo e combustíveis médios e pesados,410,Coreia do Sul,3078688334,30.15,1,0,10211155796
2005,156,China,271019,Gasóleo e combustíveis médios e pesados,702,Singapura,2034673056,19.926,2,0,10211155796
2005,156,China,271019,Gasóleo e combustíveis médios e pesados,643,Rússia,1513333578,14.82,3,0,10211155796
2005,156,China,271019,Gasóleo e combustíveis médios e pesados,392,Japão,1103452013,10.806,4,0,10211155796
2005,156,China,271019,Gasóleo e combustíveis médios e pesados,364,Irão,481855580,4.719,5,0,10211155796
2005,156,China,271111,Gás natural liquefeito (GNL),764,Tailândia,126510,69.373,1,0,182361
2005,156,China,271111,Gás natural liquefeito (GNL),104,Myanmar,33830,18.551,2,0,182361
2005,156,China,271111,Gás natural liquefeito (GNL),410,Coreia do Sul,19706,10.806,3,0,182361
2005,156,China,271111,Gás natural liquefeito (GNL),842,EUA,1847,1.013,4,0,182361
2005,156,China,271111,Gás natural liquefeito (GNL),586,Paquistão,401,0.22,5,0,182361
2005,156,China,710221,Diamantes industriais em bruto,56,Bélgica,2767519,94.759,1,0,2920582
2005,156,China,710221,Diamantes industriais em bruto,710,África do Sul,74313,2.544,2,0,2920582
2005,156,China,710221,Diamantes industriais em bruto,36,Austrália,63435,2.172,3,0,2920582
2005,156,China,710221,Diamantes industriais em bruto,376,Israel,15315,0.524,4,0,2920582
2005,156,China,890190,Navios de carga,392,Japão,107445421,54.485,1,0,197203212
2005,156,China,890190,Navios de carga,410,Coreia do Sul,18694823,9.48,2,0,197203212
2005,156,China,890190,Navios de carga,276,Alemanha,17342543,8.794,3,0,197203212
2005,156,China,890190,Navios de carga,643,Rússia,16504310,8.369,4,0,197203212
2005,156,China,890190,Navios de carga,76,Brasil,15608394,7.915,5,0,197203212
2005,156,China,890520,Plataformas de perfuração ou produção,36,Austrália,13506,100.0,1,0,13506
2005,251,França,270740,Naftaleno,724,Espanha,1118601,36.5,1,0,3064644
2005,251,França,270740,Naftaleno,276,Alemanha,1010350,32.968,2,0,3064644
2005,251,França,270740,Naftaleno,528,Países Baixos,561167,18.311,3,0,3064644
2005,251,França,270740,Naftaleno,203,Chéquia,216503,7.065,4,0,3064644
2005,251,França,270740,Naftaleno,56,Bélgica,99542,3.248,5,0,3064644
2005,251,França,270900,Petróleo bruto,579,Noruega,6441481715,19.309,1,0,33359787011
2005,251,França,270900,Petróleo bruto,643,Rússia,4907125167,14.71,2,0,33359787011
2005,251,França,270900,Petróleo bruto,682,Arábia Saudita,3930476648,11.782,3,0,33359787011
2005,251,França,270900,Petróleo bruto,364,Irão,2584012784,7.746,4,0,33359787011
2005,251,França,270900,Petróleo bruto,12,Argélia,2327426277,6.977,5,0,33359787011
2005,251,França,270900,Petróleo bruto,24,Angola,1742287005,5.223,9,1,33359787011
2005,251,França,271019,Gasóleo e combustíveis médios e pesados,643,Rússia,3065212958,23.542,1,0,13020266464
2005,251,França,271019,Gasóleo e combustíveis médios e pesados,276,Alemanha,1384129252,10.631,2,0,13020266464
2005,251,França,271019,Gasóleo e combustíveis médios e pesados,56,Bélgica,1191548147,9.151,3,0,13020266464
2005,251,França,271019,Gasóleo e combustíveis médios e pesados,528,Países Baixos,1039592555,7.984,4,0,13020266464
2005,251,França,271019,Gasóleo e combustíveis médios e pesados,826,Reino Unido,815964351,6.267,5,0,13020266464
2005,251,França,271111,Gás natural liquefeito (GNL),12,Argélia,1776263123,82.494,1,0,2153203177
2005,251,França,271111,Gás natural liquefeito (GNL),818,Egito,211494054,9.822,2,0,2153203177
2005,251,França,271111,Gás natural liquefeito (GNL),566,Nigéria,147991339,6.873,3,0,2153203177
2005,251,França,271111,Gás natural liquefeito (GNL),512,Omã,14824268,0.688,4,0,2153203177
2005,251,França,271111,Gás natural liquefeito (GNL),56,Bélgica,2471126,0.115,5,0,2153203177
2005,251,França,710221,Diamantes industriais em bruto,56,Bélgica,225213,52.77,1,0,426785
2005,251,França,710221,Diamantes industriais em bruto,826,Reino Unido,164244,38.484,2,0,426785
2005,251,França,710221,Diamantes industriais em bruto,276,Alemanha,19908,4.665,3,0,426785
2005,251,França,710221,Diamantes industriais em bruto,528,Países Baixos,11198,2.624,4,0,426785
2005,251,França,710221,Diamantes industriais em bruto,372,Irlanda,3733,0.875,5,0,426785
2005,251,França,890190,Navios de carga,410,Coreia do Sul,265761775,74.291,1,0,357729722
2005,251,França,890190,Navios de carga,156,China,60504017,16.913,2,0,357729722
2005,251,França,890190,Navios de carga,702,Singapura,15085565,4.217,3,0,357729722
2005,251,França,890190,Navios de carga,642,Roménia,11460998,3.204,4,0,357729722
2005,251,França,890190,Navios de carga,56,Bélgica,1707143,0.477,5,0,357729722
2005,251,França,890520,Plataformas de perfuração ou produção,724,Espanha,144336,61.376,1,0,235168
2005,251,França,890520,Plataformas de perfuração ou produção,757,Suíça,74656,31.746,2,0,235168
2005,251,França,890520,Plataformas de perfuração ou produção,276,Alemanha,16176,6.878,3,0,235168
2005,699,Índia,270740,Naftaleno,208,Dinamarca,5010072,51.107,1,0,9803183
2005,699,Índia,270740,Naftaleno,804,Ucrânia,2259046,23.044,2,0,9803183
2005,699,Índia,270740,Naftaleno,364,Irão,592742,6.046,3,0,9803183
2005,699,Índia,270740,Naftaleno,203,Chéquia,573032,5.845,4,0,9803183
2005,699,Índia,270740,Naftaleno,528,Países Baixos,342649,3.495,5,0,9803183
2005,699,Índia,270900,Petróleo bruto,899,"Areas, nes",34792461892,100.0,1,0,34792461892
2005,699,Índia,271111,Gás natural liquefeito (GNL),634,Catar,593081482,89.737,1,0,660911556
2005,699,Índia,271111,Gás natural liquefeito (GNL),36,Austrália,34740562,5.256,2,0,660911556
2005,699,Índia,271111,Gás natural liquefeito (GNL),682,Arábia Saudita,17728940,2.682,3,0,660911556
2005,699,Índia,271111,Gás natural liquefeito (GNL),512,Omã,15360572,2.324,4,0,660911556
2005,699,Índia,710221,Diamantes industriais em bruto,56,Bélgica,3092,100.0,1,0,3092
2005,699,Índia,890190,Navios de carga,899,"Areas, nes",48524163,24.098,1,0,201363728
2005,699,Índia,890190,Navios de carga,392,Japão,35681402,17.72,2,0,201363728
2005,699,Índia,890190,Navios de carga,579,Noruega,25818437,12.822,3,0,201363728
2005,699,Índia,890190,Navios de carga,410,Coreia do Sul,22952159,11.398,4,0,201363728
2005,699,Índia,890190,Navios de carga,702,Singapura,16540014,8.214,5,0,201363728
2005,699,Índia,890520,Plataformas de perfuração ou produção,842,EUA,69623900,100.0,1,0,69623900
2005,842,EUA,270740,Naftaleno,124,Canadá,10178778,91.286,1,0,11150443
2005,842,EUA,270740,Naftaleno,724,Espanha,737888,6.618,2,0,11150443
2005,842,EUA,270740,Naftaleno,208,Dinamarca,172838,1.55,3,0,11150443
2005,842,EUA,270740,Naftaleno,410,Coreia do Sul,29679,0.266,4,0,11150443
2005,842,EUA,270740,Naftaleno,643,Rússia,28184,0.253,5,0,11150443
2005,842,EUA,270900,Petróleo bruto,862,Venezuela,26465919289,13.886,1,0,190599071278
2005,842,EUA,270900,Petróleo bruto,682,Arábia Saudita,26298511817,13.798,2,0,190599071278
2005,842,EUA,270900,Petróleo bruto,124,Canadá,25033468925,13.134,3,0,190599071278
2005,842,EUA,270900,Petróleo bruto,484,México,23814829393,12.495,4,0,190599071278
2005,842,EUA,270900,Petróleo bruto,566,Nigéria,23214153820,12.18,5,0,190599071278
2005,842,EUA,270900,Petróleo bruto,24,Angola,8500824764,4.46,7,1,190599071278
2005,842,EUA,271019,Gasóleo e combustíveis médios e pesados,124,Canadá,4549595259,14.269,1,0,31883447937
2005,842,EUA,271019,Gasóleo e combustíveis médios e pesados,643,Rússia,3219063915,10.096,2,0,31883447937
2005,842,EUA,271019,Gasóleo e combustíveis médios e pesados,862,Venezuela,2803412302,8.793,3,0,31883447937
2005,842,EUA,271019,Gasóleo e combustíveis médios e pesados,533,Aruba,2502304214,7.848,4,0,31883447937
2005,842,EUA,271019,Gasóleo e combustíveis médios e pesados,410,Coreia do Sul,1648937732,5.172,5,0,31883447937
2005,842,EUA,271019,Gasóleo e combustíveis médios e pesados,24,Angola,199233889,0.625,31,1,31883447937
2005,842,EUA,271111,Gás natural liquefeito (GNL),780,Trinidad and Tobago,3480826933,64.735,1,0,5377067166
2005,842,EUA,271111,Gás natural liquefeito (GNL),12,Argélia,915111919,17.019,2,0,5377067166
2005,842,EUA,271111,Gás natural liquefeito (GNL),818,Egito,786435589,14.626,3,0,5377067166
2005,842,EUA,271111,Gás natural liquefeito (GNL),566,Nigéria,82081443,1.527,4,0,5377067166
2005,842,EUA,271111,Gás natural liquefeito (GNL),458,Malásia,71496035,1.33,5,0,5377067166
2005,842,EUA,710221,Diamantes industriais em bruto,72,Botsuana,14105835,47.653,1,0,29600858
2005,842,EUA,710221,Diamantes industriais em bruto,710,África do Sul,7969010,26.922,2,0,29600858
2005,842,EUA,710221,Diamantes industriais em bruto,643,Rússia,2897756,9.789,3,0,29600858
2005,842,EUA,710221,Diamantes industriais em bruto,516,Namíbia,1367709,4.621,4,0,29600858
2005,842,EUA,710221,Diamantes industriais em bruto,288,Gana,880452,2.974,5,0,29600858
2005,842,EUA,890190,Navios de carga,156,China,5703365,86.266,1,0,6611407
2005,842,EUA,890190,Navios de carga,124,Canadá,639452,9.672,2,0,6611407
2005,842,EUA,890190,Navios de carga,208,Dinamarca,186361,2.819,3,0,6611407
2005,842,EUA,890190,Navios de carga,826,Reino Unido,57861,0.875,4,0,6611407
2005,842,EUA,890190,Navios de carga,579,Noruega,10517,0.159,5,0,6611407
2005,842,EUA,890520,Plataformas de perfuração ou produção,410,Coreia do Sul,256514127,100.0,1,0,256514127
2006,124,Canadá,270740,Naftaleno,842,EUA,2103077,97.79,1,0,2150604
2006,124,Canadá,270740,Naftaleno,276,Alemanha,42468,1.975,2,0,2150604
2006,124,Canadá,270740,Naftaleno,324,Guinea,2977,0.138,3,0,2150604
2006,124,Canadá,270740,Naftaleno,682,Arábia Saudita,1434,0.067,4,0,2150604
2006,124,Canadá,270740,Naftaleno,784,Emirados Árabes Unidos,230,0.011,5,0,2150604
2006,124,Canadá,270900,Petróleo bruto,579,Noruega,4339125744,21.054,1,0,20609292977
2006,124,Canadá,270900,Petróleo bruto,12,Argélia,4304232546,20.885,2,0,20609292977
2006,124,Canadá,270900,Petróleo bruto,826,Reino Unido,3476167696,16.867,3,0,20609292977
2006,124,Canadá,270900,Petróleo bruto,368,Iraque,1472440215,7.145,4,0,20609292977
2006,124,Canadá,270900,Petróleo bruto,682,Arábia Saudita,1408848530,6.836,5,0,20609292977
2006,124,Canadá,270900,Petróleo bruto,24,Angola,533428794,2.588,11,1,20609292977
2006,124,Canadá,271019,Gasóleo e combustíveis médios e pesados,842,EUA,1986181977,65.69,1,0,3023589631
2006,124,Canadá,271019,Gasóleo e combustíveis médios e pesados,533,Aruba,133767156,4.424,2,0,3023589631
2006,124,Canadá,271019,Gasóleo e combustíveis médios e pesados,699,Índia,86882445,2.873,3,0,3023589631
2006,124,Canadá,271019,Gasóleo e combustíveis médios e pesados,682,Arábia Saudita,77524667,2.564,4,0,3023589631
2006,124,Canadá,271019,Gasóleo e combustíveis médios e pesados,170,Colômbia,71732168,2.372,5,0,3023589631
2006,124,Canadá,271111,Gás natural liquefeito (GNL),842,EUA,1692081,99.601,1,0,1698860
2006,124,Canadá,271111,Gás natural liquefeito (GNL),826,Reino Unido,5423,0.319,2,0,1698860
2006,124,Canadá,271111,Gás natural liquefeito (GNL),251,França,1157,0.068,3,0,1698860
2006,124,Canadá,271111,Gás natural liquefeito (GNL),579,Noruega,199,0.012,4,0,1698860
2006,124,Canadá,710221,Diamantes industriais em bruto,710,África do Sul,655298,26.529,1,0,2470078
2006,124,Canadá,710221,Diamantes industriais em bruto,124,Canadá,578958,23.439,2,0,2470078
2006,124,Canadá,710221,Diamantes industriais em bruto,56,Bélgica,356111,14.417,3,0,2470078
2006,124,Canadá,710221,Diamantes industriais em bruto,288,Gana,326323,13.211,4,0,2470078
2006,124,Canadá,710221,Diamantes industriais em bruto,36,Austrália,225503,9.129,5,0,2470078
2006,124,Canadá,890190,Navios de carga,392,Japão,43474298,87.493,1,0,49688680
2006,124,Canadá,890190,Navios de carga,842,EUA,4377145,8.809,2,0,49688680
2006,124,Canadá,890190,Navios de carga,826,Reino Unido,1818678,3.66,3,0,49688680
2006,124,Canadá,890190,Navios de carga,554,Nova Zelândia,18559,0.037,4,0,49688680
2006,124,Canadá,890520,Plataformas de perfuração ou produção,490,Taiwan (Prov. China),99,50.769,1,0,195
2006,124,Canadá,890520,Plataformas de perfuração ou produção,842,EUA,96,49.231,2,0,195
2006,156,China,270740,Naftaleno,392,Japão,33640630,59.397,1,0,56637043
2006,156,China,270740,Naftaleno,643,Rússia,12950380,22.866,2,0,56637043
2006,156,China,270740,Naftaleno,804,Ucrânia,5180851,9.147,3,0,56637043
2006,156,China,270740,Naftaleno,398,Cazaquistão,1914731,3.381,4,0,56637043
2006,156,China,270740,Naftaleno,490,Taiwan (Prov. China),1782368,3.147,5,0,56637043
2006,156,China,270900,Petróleo bruto,682,Arábia Saudita,11033638243,16.614,1,0,66411903451
2006,156,China,270900,Petróleo bruto,24,Angola,10930839396,16.459,2,1,66411903451
2006,156,China,270900,Petróleo bruto,364,Irão,7785934246,11.724,3,0,66411903451
2006,156,China,270900,Petróleo bruto,643,Rússia,7503770409,11.299,4,0,66411903451
2006,156,China,270900,Petróleo bruto,512,Omã,6086420586,9.165,5,0,66411903451
2006,156,China,270900,Petróleo bruto,178,Congo,2504116147,3.771,6,0,66411903451
2006,156,China,271019,Gasóleo e combustíveis médios e pesados,410,Coreia do Sul,4798887719,31.742,1,0,15118382870
2006,156,China,271019,Gasóleo e combustíveis médios e pesados,702,Singapura,2288276247,15.136,2,0,15118382870
2006,156,China,271019,Gasóleo e combustíveis médios e pesados,643,Rússia,1883365206,12.457,3,0,15118382870
2006,156,China,271019,Gasóleo e combustíveis médios e pesados,392,Japão,1299769684,8.597,4,0,15118382870
2006,156,China,271019,Gasóleo e combustíveis médios e pesados,862,Venezuela,990581638,6.552,5,0,15118382870
2006,156,China,271111,Gás natural liquefeito (GNL),36,Austrália,115418155,99.993,1,0,115426165
2006,156,China,271111,Gás natural liquefeito (GNL),490,Taiwan (Prov. China),5280,0.005,2,0,115426165
2006,156,China,271111,Gás natural liquefeito (GNL),842,EUA,2730,0.002,3,0,115426165
2006,156,China,710221,Diamantes industriais em bruto,56,Bélgica,1168314,95.691,1,0,1220919
2006,156,China,710221,Diamantes industriais em bruto,710,África do Sul,27758,2.274,2,0,1220919
2006,156,China,710221,Diamantes industriais em bruto,699,Índia,15600,1.278,3,0,1220919
2006,156,China,710221,Diamantes industriais em bruto,376,Israel,9247,0.757,4,0,1220919
2006,156,China,890190,Navios de carga,392,Japão,240794570,72.582,1,0,331755008
2006,156,China,890190,Navios de carga,410,Coreia do Sul,33113401,9.981,2,0,331755008
2006,156,China,890190,Navios de carga,191,Croácia,15908900,4.795,3,0,331755008
2006,156,China,890190,Navios de carga,642,Roménia,13900000,4.19,4,0,331755008
2006,156,China,890190,Navios de carga,100,Bulgária,13857431,4.177,5,0,331755008
2006,251,França,270740,Naftaleno,724,Espanha,1072238,30.886,1,0,3471590
2006,251,França,270740,Naftaleno,276,Alemanha,836195,24.087,2,0,3471590
2006,251,França,270740,Naftaleno,203,Chéquia,622752,17.939,3,0,3471590
2006,251,França,270740,Naftaleno,56,Bélgica,502219,14.467,4,0,3471590
2006,251,França,270740,Naftaleno,528,Países Baixos,184566,5.316,5,0,3471590
2006,251,França,270900,Petróleo bruto,579,Noruega,6762760774,16.961,1,0,39872886610
2006,251,França,270900,Petróleo bruto,643,Rússia,6218308801,15.595,2,0,39872886610
2006,251,França,270900,Petróleo bruto,682,Arábia Saudita,4618985761,11.584,3,0,39872886610
2006,251,França,270900,Petróleo bruto,826,Reino Unido,3611504090,9.058,4,0,39872886610
2006,251,França,270900,Petróleo bruto,364,Irão,2900400749,7.274,5,0,39872886610
2006,251,França,270900,Petróleo bruto,24,Angola,1492986932,3.744,10,1,39872886610
2006,251,França,271019,Gasóleo e combustíveis médios e pesados,643,Rússia,3895541642,25.57,1,0,15235071642
2006,251,França,271019,Gasóleo e combustíveis médios e pesados,276,Alemanha,1695795565,11.131,2,0,15235071642
2006,251,França,271019,Gasóleo e combustíveis médios e pesados,528,Países Baixos,1275372879,8.371,3,0,15235071642
2006,251,França,271019,Gasóleo e combustíveis médios e pesados,56,Bélgica,1270462432,8.339,4,0,15235071642
2006,251,França,271019,Gasóleo e combustíveis médios e pesados,826,Reino Unido,696503831,4.572,5,0,15235071642
2006,251,França,271111,Gás natural liquefeito (GNL),12,Argélia,2302965916,68.221,1,0,3375737327
2006,251,França,271111,Gás natural liquefeito (GNL),818,Egito,594253275,17.604,2,0,3375737327
2006,251,França,271111,Gás natural liquefeito (GNL),566,Nigéria,247370535,7.328,3,0,3375737327
2006,251,França,271111,Gás natural liquefeito (GNL),634,Catar,159436990,4.723,4,0,3375737327
2006,251,França,271111,Gás natural liquefeito (GNL),724,Espanha,24056295,0.713,5,0,3375737327
2006,251,França,710221,Diamantes industriais em bruto,56,Bélgica,242321,45.199,1,0,536120
2006,251,França,710221,Diamantes industriais em bruto,826,Reino Unido,200888,37.471,2,0,536120
2006,251,França,710221,Diamantes industriais em bruto,528,Países Baixos,25111,4.684,3,0,536120
2006,251,França,710221,Diamantes industriais em bruto,392,Japão,17578,3.279,4,0,536120
2006,251,França,710221,Diamantes industriais em bruto,258,French Polynesia,13811,2.576,5,0,536120
2006,251,França,890190,Navios de carga,410,Coreia do Sul,498105937,81.343,1,0,612350742
2006,251,França,890190,Navios de carga,156,China,56857481,9.285,2,0,612350742
2006,251,França,890190,Navios de carga,792,Turquia,29532995,4.823,3,0,612350742
2006,251,França,890190,Navios de carga,579,Noruega,24394038,3.984,4,0,612350742
2006,251,França,890190,Navios de carga,528,Países Baixos,1694990,0.277,5,0,612350742
2006,251,França,890520,Plataformas de perfuração ou produção,276,Alemanha,220976,98.876,1,0,223487
2006,251,França,890520,Plataformas de perfuração ou produção,380,Itália,2511,1.124,2,0,223487
2006,699,Índia,270740,Naftaleno,804,Ucrânia,9578388,44.905,1,0,21330371
2006,699,Índia,270740,Naftaleno,208,Dinamarca,7211414,33.808,2,0,21330371
2006,699,Índia,270740,Naftaleno,392,Japão,1006543,4.719,3,0,21330371
2006,699,Índia,270740,Naftaleno,203,Chéquia,967679,4.537,4,0,21330371
2006,699,Índia,270740,Naftaleno,276,Alemanha,759175,3.559,5,0,21330371
2006,699,Índia,270900,Petróleo bruto,899,"Areas, nes",11083532478,23.291,1,0,47587515685
2006,699,Índia,270900,Petróleo bruto,682,Arábia Saudita,8409897820,17.672,2,0,47587515685
2006,699,Índia,270900,Petróleo bruto,566,Nigéria,5602111008,11.772,3,0,47587515685
2006,699,Índia,270900,Petróleo bruto,364,Irão,4850730412,10.193,4,0,47587515685
2006,699,Índia,270900,Petróleo bruto,368,Iraque,4473332591,9.4,5,0,47587515685
2006,699,Índia,270900,Petróleo bruto,24,Angola,179718821,0.378,16,1,47587515685
2006,699,Índia,271019,Gasóleo e combustíveis médios e pesados,702,Singapura,795895136,31.194,1,0,2551410543
2006,699,Índia,271019,Gasóleo e combustíveis médios e pesados,410,Coreia do Sul,315555423,12.368,2,0,2551410543
2006,699,Índia,271019,Gasóleo e combustíveis médios e pesados,12,Argélia,311016998,12.19,3,0,2551410543
2006,699,Índia,271019,Gasóleo e combustíveis médios e pesados,784,Emirados Árabes Unidos,157866311,6.187,4,0,2551410543
2006,699,Índia,271019,Gasóleo e combustíveis médios e pesados,364,Irão,122665633,4.808,5,0,2551410543
2006,699,Índia,271111,Gás natural liquefeito (GNL),634,Catar,842725175,69.889,1,0,1205806242
2006,699,Índia,271111,Gás natural liquefeito (GNL),512,Omã,108000484,8.957,2,0,1205806242
2006,699,Índia,271111,Gás natural liquefeito (GNL),818,Egito,106992090,8.873,3,0,1205806242
2006,699,Índia,271111,Gás natural liquefeito (GNL),36,Austrália,50280240,4.17,4,0,1205806242
2006,699,Índia,271111,Gás natural liquefeito (GNL),251,França,26735389,2.217,5,0,1205806242
2006,699,Índia,710221,Diamantes industriais em bruto,344,Hong Kong (RAEHK),70688,90.722,1,0,77917
2006,699,Índia,710221,Diamantes industriais em bruto,56,Bélgica,7229,9.278,2,0,77917
2006,699,Índia,890190,Navios de carga,392,Japão,168363217,25.353,1,0,664081068
2006,699,Índia,890190,Navios de carga,579,Noruega,105306664,15.858,2,0,664081068
2006,699,Índia,890190,Navios de carga,591,Panamá,92718659,13.962,3,0,664081068
2006,699,Índia,890190,Navios de carga,276,Alemanha,69932231,10.531,4,0,664081068
2006,699,Índia,890190,Navios de carga,702,Singapura,42758250,6.439,5,0,664081068
2006,699,Índia,890520,Plataformas de perfuração ou produção,591,Panamá,68811643,51.972,1,0,132400396
2006,699,Índia,890520,Plataformas de perfuração ou produção,579,Noruega,63588753,48.028,2,0,132400396
2006,842,EUA,270740,Naftaleno,124,Canadá,10175584,93.802,1,0,10847904
2006,842,EUA,270740,Naftaleno,724,Espanha,646597,5.961,2,0,10847904
2006,842,EUA,270740,Naftaleno,410,Coreia do Sul,23107,0.213,3,0,10847904
2006,842,EUA,270740,Naftaleno,392,Japão,2616,0.024,4,0,10847904
2006,842,EUA,270900,Petróleo bruto,124,Canadá,34107219241,14.626,1,0,233198693901
2006,842,EUA,270900,Petróleo bruto,682,Arábia Saudita,31523081425,13.518,2,0,233198693901
2006,842,EUA,270900,Petróleo bruto,484,México,31028852301,13.306,3,0,233198693901
2006,842,EUA,270900,Petróleo bruto,862,Venezuela,29576885149,12.683,4,0,233198693901
2006,842,EUA,270900,Petróleo bruto,566,Nigéria,26992808968,11.575,5,0,233198693901
2006,842,EUA,270900,Petróleo bruto,24,Angola,11718487253,5.025,8,1,233198693901
2006,842,EUA,271019,Gasóleo e combustíveis médios e pesados,124,Canadá,5410396513,15.838,1,0,34161834648
2006,842,EUA,271019,Gasóleo e combustíveis médios e pesados,643,Rússia,4575526953,13.394,2,0,34161834648
2006,842,EUA,271019,Gasóleo e combustíveis médios e pesados,862,Venezuela,2745205526,8.036,3,0,34161834648
2006,842,EUA,271019,Gasóleo e combustíveis médios e pesados,410,Coreia do Sul,2405260712,7.041,4,0,34161834648
2006,842,EUA,271019,Gasóleo e combustíveis médios e pesados,533,Aruba,2171608748,6.357,5,0,34161834648
2006,842,EUA,271019,Gasóleo e combustíveis médios e pesados,24,Angola,258738509,0.757,26,1,34161834648
2006,842,EUA,271111,Gás natural liquefeito (GNL),780,Trinidad and Tobago,3060744665,66.968,1,0,4570449055
2006,842,EUA,271111,Gás natural liquefeito (GNL),818,Egito,892023359,19.517,2,0,4570449055
2006,842,EUA,271111,Gás natural liquefeito (GNL),566,Nigéria,411921264,9.013,3,0,4570449055
2006,842,EUA,271111,Gás natural liquefeito (GNL),12,Argélia,151983115,3.325,4,0,4570449055
2006,842,EUA,271111,Gás natural liquefeito (GNL),484,México,53737342,1.176,5,0,4570449055
2006,842,EUA,710221,Diamantes industriais em bruto,72,Botsuana,15448303,56.044,1,0,27564748
2006,842,EUA,710221,Diamantes industriais em bruto,710,África do Sul,5001363,18.144,2,0,27564748
2006,842,EUA,710221,Diamantes industriais em bruto,643,Rússia,3026223,10.979,3,0,27564748
2006,842,EUA,710221,Diamantes industriais em bruto,516,Namíbia,1652651,5.996,4,0,27564748
2006,842,EUA,710221,Diamantes industriais em bruto,180,RD Congo,617673,2.241,5,0,27564748
2006,842,EUA,890190,Navios de carga,579,Noruega,26984943,95.435,1,0,28275638
2006,842,EUA,890190,Navios de carga,124,Canadá,873375,3.089,2,0,28275638
2006,842,EUA,890190,Navios de carga,208,Dinamarca,374623,1.325,3,0,28275638
2006,842,EUA,890190,Navios de carga,591,Panamá,23247,0.082,4,0,28275638
2006,842,EUA,890190,Navios de carga,32,Argentina,12276,0.043,5,0,28275638
2006,842,EUA,890520,Plataformas de perfuração ou produção,156,China,4498240,100.0,1,0,4498240
2007,124,Canadá,270740,Naftaleno,842,EUA,1168826,96.776,1,0,1207763
2007,124,Canadá,270740,Naftaleno,156,China,37835,3.133,2,0,1207763
2007,124,Canadá,270740,Naftaleno,40,Áustria,619,0.051,3,0,1207763
2007,124,Canadá,270740,Naftaleno,484,México,212,0.018,4,0,1207763
2007,124,Canadá,270740,Naftaleno,512,Omã,82,0.007,5,0,1207763
2007,124,Canadá,270900,Petróleo bruto,12,Argélia,4673352204,20.735,1,0,22538781351
2007,124,Canadá,270900,Petróleo bruto,579,Noruega,4454986066,19.766,2,0,22538781351
2007,124,Canadá,270900,Petróleo bruto,826,Reino Unido,4082124694,18.112,3,0,22538781351
2007,124,Canadá,270900,Petróleo bruto,682,Arábia Saudita,1712436125,7.598,4,0,22538781351
2007,124,Canadá,270900,Petróleo bruto,368,Iraque,1417582553,6.29,5,0,22538781351
2007,124,Canadá,270900,Petróleo bruto,24,Angola,1117722656,4.959,6,1,22538781351
2007,124,Canadá,271019,Gasóleo e combustíveis médios e pesados,842,EUA,2516372437,69.351,1,0,3628442098
2007,124,Canadá,271019,Gasóleo e combustíveis médios e pesados,862,Venezuela,260714058,7.185,2,0,3628442098
2007,124,Canadá,271019,Gasóleo e combustíveis médios e pesados,392,Japão,152633591,4.207,3,0,3628442098
2007,124,Canadá,271019,Gasóleo e combustíveis médios e pesados,533,Aruba,108283229,2.984,4,0,3628442098
2007,124,Canadá,271019,Gasóleo e combustíveis médios e pesados,528,Países Baixos,79729952,2.197,5,0,3628442098
2007,124,Canadá,271111,Gás natural liquefeito (GNL),842,EUA,1845214,99.737,1,0,1850076
2007,124,Canadá,271111,Gás natural liquefeito (GNL),780,Trinidad and Tobago,4862,0.263,2,0,1850076
2007,124,Canadá,710221,Diamantes industriais em bruto,710,África do Sul,1290200,54.579,1,0,2363929
2007,124,Canadá,710221,Diamantes industriais em bruto,124,Canadá,298608,12.632,2,0,2363929
2007,124,Canadá,710221,Diamantes industriais em bruto,36,Austrália,292306,12.365,3,0,2363929
2007,124,Canadá,710221,Diamantes industriais em bruto,56,Bélgica,201239,8.513,4,0,2363929
2007,124,Canadá,710221,Diamantes industriais em bruto,72,Botsuana,74514,3.152,5,0,2363929
2007,124,Canadá,890190,Navios de carga,156,China,46006732,66.033,1,0,69672860
2007,124,Canadá,890190,Navios de carga,842,EUA,14689566,21.084,2,0,69672860
2007,124,Canadá,890190,Navios de carga,392,Japão,4681396,6.719,3,0,69672860
2007,124,Canadá,890190,Navios de carga,360,Indonésia,2316528,3.325,4,0,69672860
2007,124,Canadá,890190,Navios de carga,752,Suécia,1785087,2.562,5,0,69672860
2007,124,Canadá,890520,Plataformas de perfuração ou produção,842,EUA,31,100.0,1,0,31
2007,156,China,270740,Naftaleno,392,Japão,36633464,68.429,1,0,53535015
2007,156,China,270740,Naftaleno,643,Rússia,11133640,20.797,2,0,53535015
2007,156,China,270740,Naftaleno,398,Cazaquistão,2731387,5.102,3,0,53535015
2007,156,China,270740,Naftaleno,490,Taiwan (Prov. China),2094514,3.912,4,0,53535015
2007,156,China,270740,Naftaleno,804,Ucrânia,591427,1.105,5,0,53535015
2007,156,China,270900,Petróleo bruto,682,Arábia Saudita,13112732864,16.42,1,0,79858328656
2007,156,China,270900,Petróleo bruto,24,Angola,12879534443,16.128,2,1,79858328656
2007,156,China,270900,Petróleo bruto,364,Irão,10453414479,13.09,3,0,79858328656
2007,156,China,270900,Petróleo bruto,643,Rússia,7219545520,9.04,4,0,79858328656
2007,156,China,270900,Petróleo bruto,512,Omã,6564834861,8.221,5,0,79858328656
2007,156,China,270900,Petróleo bruto,736,Sudan (...2011),4143191548,5.188,6,0,79858328656
2007,156,China,271019,Gasóleo e combustíveis médios e pesados,410,Coreia do Sul,4229505853,26.914,1,0,15715017502
2007,156,China,271019,Gasóleo e combustíveis médios e pesados,643,Rússia,2099410426,13.359,2,0,15715017502
2007,156,China,271019,Gasóleo e combustíveis médios e pesados,392,Japão,1738767543,11.064,3,0,15715017502
2007,156,China,271019,Gasóleo e combustíveis médios e pesados,702,Singapura,1604335856,10.209,4,0,15715017502
2007,156,China,271019,Gasóleo e combustíveis médios e pesados,862,Venezuela,1220582535,7.767,5,0,15715017502
2007,156,China,271111,Gás natural liquefeito (GNL),36,Austrália,411142743,68.021,1,0,604430856
2007,156,China,271111,Gás natural liquefeito (GNL),12,Argélia,139757651,23.122,2,0,604430856
2007,156,China,271111,Gás natural liquefeito (GNL),566,Nigéria,27723337,4.587,3,0,604430856
2007,156,China,271111,Gás natural liquefeito (GNL),512,Omã,25806615,4.27,4,0,604430856
2007,156,China,271111,Gás natural liquefeito (GNL),276,Alemanha,360,0.0,5,0,604430856
2007,156,China,710221,Diamantes industriais em bruto,56,Bélgica,960378,92.029,1,0,1043558
2007,156,China,710221,Diamantes industriais em bruto,344,Hong Kong (RAEHK),33620,3.222,2,0,1043558
2007,156,China,710221,Diamantes industriais em bruto,710,África do Sul,31685,3.036,3,0,1043558
2007,156,China,710221,Diamantes industriais em bruto,699,Índia,16050,1.538,4,0,1043558
2007,156,China,710221,Diamantes industriais em bruto,324,Guinea,1825,0.175,5,0,1043558
2007,156,China,890190,Navios de carga,392,Japão,458597209,73.154,1,0,626894501
2007,156,China,890190,Navios de carga,156,China,92391225,14.738,2,0,626894501
2007,156,China,890190,Navios de carga,32,Argentina,25442051,4.058,3,0,626894501
2007,156,China,890190,Navios de carga,191,Croácia,24700000,3.94,4,0,626894501
2007,156,China,890190,Navios de carga,410,Coreia do Sul,22556394,3.598,5,0,626894501
2007,251,França,270740,Naftaleno,724,Espanha,2530936,41.308,1,0,6126952
2007,251,França,270740,Naftaleno,276,Alemanha,1546836,25.246,2,0,6126952
2007,251,França,270740,Naftaleno,203,Chéquia,848221,13.844,3,0,6126952
2007,251,França,270740,Naftaleno,56,Bélgica,818025,13.351,4,0,6126952
2007,251,França,270740,Naftaleno,528,Países Baixos,296465,4.839,5,0,6126952
2007,251,França,270900,Petróleo bruto,643,Rússia,8065643024,18.837,1,0,42818773290
2007,251,França,270900,Petróleo bruto,579,Noruega,6474367491,15.12,2,0,42818773290
2007,251,França,270900,Petróleo bruto,682,Arábia Saudita,3541012102,8.27,3,0,42818773290
2007,251,França,270900,Petróleo bruto,364,Irão,3177406841,7.421,4,0,42818773290
2007,251,França,270900,Petróleo bruto,826,Reino Unido,3164789217,7.391,5,0,42818773290
2007,251,França,270900,Petróleo bruto,24,Angola,2343536013,5.473,8,1,42818773290
2007,251,França,271019,Gasóleo e combustíveis médios e pesados,643,Rússia,4009376723,26.38,1,0,15198612620
2007,251,França,271019,Gasóleo e combustíveis médios e pesados,56,Bélgica,1373582054,9.038,2,0,15198612620
2007,251,França,271019,Gasóleo e combustíveis médios e pesados,276,Alemanha,1338386390,8.806,3,0,15198612620
2007,251,França,271019,Gasóleo e combustíveis médios e pesados,528,Países Baixos,1289772920,8.486,4,0,15198612620
2007,251,França,271019,Gasóleo e combustíveis médios e pesados,826,Reino Unido,1016715892,6.69,5,0,15198612620
2007,251,França,271111,Gás natural liquefeito (GNL),12,Argélia,2600821353,79.752,1,0,3261139114
2007,251,França,271111,Gás natural liquefeito (GNL),818,Egito,350794111,10.757,2,0,3261139114
2007,251,França,271111,Gás natural liquefeito (GNL),566,Nigéria,238462530,7.312,3,0,3261139114
2007,251,França,271111,Gás natural liquefeito (GNL),579,Noruega,23998603,0.736,4,0,3261139114
2007,251,França,271111,Gás natural liquefeito (GNL),56,Bélgica,22120989,0.678,5,0,3261139114
2007,251,França,710221,Diamantes industriais em bruto,826,Reino Unido,238819,38.158,1,0,625872
2007,251,França,710221,Diamantes industriais em bruto,56,Bélgica,164703,26.316,2,0,625872
2007,251,França,710221,Diamantes industriais em bruto,276,Alemanha,129017,20.614,3,0,625872
2007,251,França,710221,Diamantes industriais em bruto,528,Países Baixos,54901,8.772,4,0,625872
2007,251,França,710221,Diamantes industriais em bruto,842,EUA,21960,3.509,5,0,625872
2007,251,França,890190,Navios de carga,410,Coreia do Sul,40267145,44.618,1,0,90247650
2007,251,França,890190,Navios de carga,579,Noruega,36371918,40.302,2,0,90247650
2007,251,França,890190,Navios de carga,584,Marshall Isds,9711988,10.761,3,0,90247650
2007,251,França,890190,Navios de carga,616,Polónia,1948986,2.16,4,0,90247650
2007,251,França,890190,Navios de carga,56,Bélgica,892141,0.989,5,0,90247650
2007,251,França,890520,Plataformas de perfuração ou produção,56,Bélgica,23333,70.833,1,0,32941
2007,251,França,890520,Plataformas de perfuração ou produção,842,EUA,6863,20.834,2,0,32941
2007,251,França,890520,Plataformas de perfuração ou produção,380,Itália,2745,8.333,3,0,32941
2007,699,Índia,270740,Naftaleno,804,Ucrânia,13071548,38.028,1,0,34373333
2007,699,Índia,270740,Naftaleno,208,Dinamarca,9709570,28.247,2,0,34373333
2007,699,Índia,270740,Naftaleno,203,Chéquia,3366112,9.793,3,0,34373333
2007,699,Índia,270740,Naftaleno,586,Paquistão,2726851,7.933,4,0,34373333
2007,699,Índia,270740,Naftaleno,643,Rússia,1073028,3.122,5,0,34373333
2007,699,Índia,270900,Petróleo bruto,682,Arábia Saudita,12965963780,23.985,1,0,54059489013
2007,699,Índia,270900,Petróleo bruto,364,Irão,8092036916,14.969,2,0,54059489013
2007,699,Índia,270900,Petróleo bruto,566,Nigéria,6687515373,12.371,3,0,54059489013
2007,699,Índia,270900,Petróleo bruto,368,Iraque,5441207082,10.065,4,0,54059489013
2007,699,Índia,270900,Petróleo bruto,414,Kuwait,5118554532,9.468,5,0,54059489013
2007,699,Índia,270900,Petróleo bruto,24,Angola,916375399,1.695,10,1,54059489013
2007,699,Índia,271019,Gasóleo e combustíveis médios e pesados,702,Singapura,1636149978,34.522,1,0,4739490271
2007,699,Índia,271019,Gasóleo e combustíveis médios e pesados,12,Argélia,655019215,13.82,2,0,4739490271
2007,699,Índia,271019,Gasóleo e combustíveis médios e pesados,410,Coreia do Sul,439765955,9.279,3,0,4739490271
2007,699,Índia,271019,Gasóleo e combustíveis médios e pesados,784,Emirados Árabes Unidos,413892791,8.733,4,0,4739490271
2007,699,Índia,271019,Gasóleo e combustíveis médios e pesados,490,Taiwan (Prov. China),332230140,7.01,5,0,4739490271
2007,699,Índia,271111,Gás natural liquefeito (GNL),634,Catar,1220795448,66.9,1,0,1824814152
2007,699,Índia,271111,Gás natural liquefeito (GNL),566,Nigéria,223215769,12.232,2,0,1824814152
2007,699,Índia,271111,Gás natural liquefeito (GNL),780,Trinidad and Tobago,112599994,6.17,3,0,1824814152
2007,699,Índia,271111,Gás natural liquefeito (GNL),12,Argélia,108342412,5.937,4,0,1824814152
2007,699,Índia,271111,Gás natural liquefeito (GNL),512,Omã,95652226,5.242,5,0,1824814152
2007,699,Índia,710221,Diamantes industriais em bruto,784,Emirados Árabes Unidos,11468,69.402,1,0,16524
2007,699,Índia,710221,Diamantes industriais em bruto,251,França,3875,23.451,2,0,16524
2007,699,Índia,710221,Diamantes industriais em bruto,56,Bélgica,1181,7.147,3,0,16524
2007,699,Índia,890190,Navios de carga,579,Noruega,450167284,45.804,1,0,982818540
2007,699,Índia,890190,Navios de carga,156,China,135592421,13.796,2,0,982818540
2007,699,Índia,890190,Navios de carga,591,Panamá,115964713,11.799,3,0,982818540
2007,699,Índia,890190,Navios de carga,702,Singapura,103009656,10.481,4,0,982818540
2007,699,Índia,890190,Navios de carga,246,Finlândia,41612940,4.234,5,0,982818540
2007,699,Índia,890520,Plataformas de perfuração ou produção,842,EUA,196799288,61.619,1,0,319378733
2007,699,Índia,890520,Plataformas de perfuração ou produção,392,Japão,121636556,38.085,2,0,319378733
2007,699,Índia,890520,Plataformas de perfuração ou produção,702,Singapura,942889,0.295,3,0,319378733
2007,842,EUA,270740,Naftaleno,124,Canadá,7099800,92.024,1,0,7715196
2007,842,EUA,270740,Naftaleno,724,Espanha,574112,7.441,2,0,7715196
2007,842,EUA,270740,Naftaleno,156,China,31891,0.413,3,0,7715196
2007,842,EUA,270740,Naftaleno,410,Coreia do Sul,9393,0.122,4,0,7715196
2007,842,EUA,270900,Petróleo bruto,124,Canadá,39330229954,15.543,1,0,253048337483
2007,842,EUA,270900,Petróleo bruto,682,Arábia Saudita,35294994336,13.948,2,0,253048337483
2007,842,EUA,270900,Petróleo bruto,862,Venezuela,32905874293,13.004,3,0,253048337483
2007,842,EUA,270900,Petróleo bruto,566,Nigéria,31704155231,12.529,4,0,253048337483
2007,842,EUA,270900,Petróleo bruto,484,México,30940268384,12.227,5,0,253048337483
2007,842,EUA,270900,Petróleo bruto,24,Angola,12525658693,4.95,7,1,253048337483
2007,842,EUA,271019,Gasóleo e combustíveis médios e pesados,124,Canadá,6495299784,16.351,1,0,39724066580
2007,842,EUA,271019,Gasóleo e combustíveis médios e pesados,643,Rússia,6103549636,15.365,2,0,39724066580
2007,842,EUA,271019,Gasóleo e combustíveis médios e pesados,410,Coreia do Sul,3574890489,8.999,3,0,39724066580
2007,842,EUA,271019,Gasóleo e combustíveis médios e pesados,862,Venezuela,2596721836,6.537,4,0,39724066580
2007,842,EUA,271019,Gasóleo e combustíveis médios e pesados,533,Aruba,2303436522,5.799,5,0,39724066580
2007,842,EUA,271019,Gasóleo e combustíveis médios e pesados,24,Angola,305190224,0.768,24,1,39724066580
2007,842,EUA,271111,Gás natural liquefeito (GNL),780,Trinidad and Tobago,3390113828,55.648,1,0,6092115900
2007,842,EUA,271111,Gás natural liquefeito (GNL),818,Egito,835951367,13.722,2,0,6092115900
2007,842,EUA,271111,Gás natural liquefeito (GNL),566,Nigéria,680791251,11.175,3,0,6092115900
2007,842,EUA,271111,Gás natural liquefeito (GNL),12,Argélia,574209776,9.425,4,0,6092115900
2007,842,EUA,271111,Gás natural liquefeito (GNL),484,México,334549968,5.492,5,0,6092115900
2007,842,EUA,710221,Diamantes industriais em bruto,72,Botsuana,20120411,56.853,1,0,35390349
2007,842,EUA,710221,Diamantes industriais em bruto,710,África do Sul,7291204,20.602,2,0,35390349
2007,842,EUA,710221,Diamantes industriais em bruto,643,Rússia,3321421,9.385,3,0,35390349
2007,842,EUA,710221,Diamantes industriais em bruto,516,Namíbia,1511481,4.271,4,0,35390349
2007,842,EUA,710221,Diamantes industriais em bruto,56,Bélgica,1460902,4.128,5,0,35390349
2007,842,EUA,890190,Navios de carga,251,França,11968,30.593,1,0,39120
2007,842,EUA,890190,Navios de carga,276,Alemanha,9051,23.137,2,0,39120
2007,842,EUA,890190,Navios de carga,752,Suécia,7560,19.325,3,0,39120
2007,842,EUA,890190,Navios de carga,528,Países Baixos,5404,13.814,4,0,39120
2007,842,EUA,890190,Navios de carga,44,Bahamas,5137,13.131,5,0,39120
2007,842,EUA,890520,Plataformas de perfuração ou produção,579,Noruega,145038483,54.808,1,0,264629710
2007,842,EUA,890520,Plataformas de perfuração ou produção,392,Japão,118220000,44.674,2,0,264629710
2007,842,EUA,890520,Plataformas de perfuração ou produção,124,Canadá,1371227,0.518,3,0,264629710
2008,124,Canadá,270740,Naftaleno,842,EUA,1477461,79.024,1,0,1869637
2008,124,Canadá,270740,Naftaleno,276,Alemanha,254498,13.612,2,0,1869637
2008,124,Canadá,270740,Naftaleno,156,China,136125,7.281,3,0,1869637
2008,124,Canadá,270740,Naftaleno,32,Argentina,757,0.04,4,0,1869637
2008,124,Canadá,270740,Naftaleno,40,Áustria,498,0.027,5,0,1869637
2008,124,Canadá,270900,Petróleo bruto,12,Argélia,7249625536,22.668,1,0,31982421236
2008,124,Canadá,270900,Petróleo bruto,579,Noruega,5312203627,16.61,2,0,31982421236
2008,124,Canadá,270900,Petróleo bruto,826,Reino Unido,4879997898,15.258,3,0,31982421236
2008,124,Canadá,270900,Petróleo bruto,24,Angola,2607160823,8.152,4,1,31982421236
2008,124,Canadá,270900,Petróleo bruto,842,EUA,2180474724,6.818,5,0,31982421236
2008,124,Canadá,270900,Petróleo bruto,368,Iraque,2048529377,6.405,6,0,31982421236
2008,124,Canadá,271019,Gasóleo e combustíveis médios e pesados,842,EUA,4245385525,74.794,1,0,5676129072
2008,124,Canadá,271019,Gasóleo e combustíveis médios e pesados,528,Países Baixos,319765363,5.634,2,0,5676129072
2008,124,Canadá,271019,Gasóleo e combustíveis médios e pesados,724,Espanha,195725543,3.448,3,0,5676129072
2008,124,Canadá,271019,Gasóleo e combustíveis médios e pesados,862,Venezuela,122448722,2.157,4,0,5676129072
2008,124,Canadá,271019,Gasóleo e combustíveis médios e pesados,533,Aruba,120483701,2.123,5,0,5676129072
2008,124,Canadá,271111,Gás natural liquefeito (GNL),842,EUA,5220174,99.999,1,0,5220232
2008,124,Canadá,271111,Gás natural liquefeito (GNL),410,Coreia do Sul,58,0.001,2,0,5220232
2008,124,Canadá,710221,Diamantes industriais em bruto,710,África do Sul,1093230,56.318,1,0,1941179
2008,124,Canadá,710221,Diamantes industriais em bruto,56,Bélgica,418497,21.559,2,0,1941179
2008,124,Canadá,710221,Diamantes industriais em bruto,36,Austrália,288827,14.879,3,0,1941179
2008,124,Canadá,710221,Diamantes industriais em bruto,842,EUA,45304,2.334,4,0,1941179
2008,124,Canadá,710221,Diamantes industriais em bruto,72,Botsuana,34525,1.779,5,0,1941179
2008,124,Canadá,890190,Navios de carga,528,Países Baixos,13384114,22.95,1,0,58319495
2008,124,Canadá,890190,Navios de carga,156,China,12819279,21.981,2,0,58319495
2008,124,Canadá,890190,Navios de carga,56,Bélgica,10266194,17.603,3,0,58319495
2008,124,Canadá,890190,Navios de carga,842,EUA,9332573,16.002,4,0,58319495
2008,124,Canadá,890190,Navios de carga,124,Canadá,7989005,13.699,5,0,58319495
2008,124,Canadá,890520,Plataformas de perfuração ou produção,842,EUA,212631,99.945,1,0,212747
2008,124,Canadá,890520,Plataformas de perfuração ou produção,490,Taiwan (Prov. China),116,0.055,2,0,212747
2008,156,China,270740,Naftaleno,392,Japão,30700708,76.856,1,0,39945870
2008,156,China,270740,Naftaleno,643,Rússia,5684013,14.229,2,0,39945870
2008,156,China,270740,Naftaleno,490,Taiwan (Prov. China),2135056,5.345,3,0,39945870
2008,156,China,270740,Naftaleno,398,Cazaquistão,1034607,2.59,4,0,39945870
2008,156,China,270740,Naftaleno,804,Ucrânia,298320,0.747,5,0,39945870
2008,156,China,270900,Petróleo bruto,682,Arábia Saudita,25815459076,19.961,1,0,129330933227
2008,156,China,270900,Petróleo bruto,24,Angola,22358967995,17.288,2,1,129330933227
2008,156,China,270900,Petróleo bruto,364,Irão,15765832697,12.19,3,0,129330933227
2008,156,China,270900,Petróleo bruto,512,Omã,11245313217,8.695,4,0,129330933227
2008,156,China,270900,Petróleo bruto,643,Rússia,8586621443,6.639,5,0,129330933227
2008,156,China,270900,Petróleo bruto,736,Sudan (...2011),6290576862,4.864,6,0,129330933227
2008,156,China,271019,Gasóleo e combustíveis médios e pesados,410,Coreia do Sul,7519028113,27.557,1,0,27285526616
2008,156,China,271019,Gasóleo e combustíveis médios e pesados,392,Japão,4381057018,16.056,2,0,27285526616
2008,156,China,271019,Gasóleo e combustíveis médios e pesados,643,Rússia,3200348823,11.729,3,0,27285526616
2008,156,China,271019,Gasóleo e combustíveis médios e pesados,702,Singapura,2933249134,10.75,4,0,27285526616
2008,156,China,271019,Gasóleo e combustíveis médios e pesados,490,Taiwan (Prov. China),2514433921,9.215,5,0,27285526616
2008,156,China,271111,Gás natural liquefeito (GNL),36,Austrália,454006427,48.085,1,0,944176357
2008,156,China,271111,Gás natural liquefeito (GNL),566,Nigéria,136022485,14.406,2,0,944176357
2008,156,China,271111,Gás natural liquefeito (GNL),818,Egito,135841214,14.387,3,0,944176357
2008,156,China,271111,Gás natural liquefeito (GNL),12,Argélia,121096397,12.826,4,0,944176357
2008,156,China,271111,Gás natural liquefeito (GNL),226,Guiné Equatorial,87352893,9.252,5,0,944176357
2008,156,China,710221,Diamantes industriais em bruto,56,Bélgica,1138320,79.248,1,0,1436394
2008,156,China,710221,Diamantes industriais em bruto,344,Hong Kong (RAEHK),121464,8.456,2,0,1436394
2008,156,China,710221,Diamantes industriais em bruto,484,México,72391,5.04,3,0,1436394
2008,156,China,710221,Diamantes industriais em bruto,710,África do Sul,50956,3.547,4,0,1436394
2008,156,China,710221,Diamantes industriais em bruto,699,Índia,27000,1.88,5,0,1436394
2008,156,China,890190,Navios de carga,392,Japão,583887877,64.308,1,0,907961281
2008,156,China,890190,Navios de carga,380,Itália,126834792,13.969,2,0,907961281
2008,156,China,890190,Navios de carga,156,China,88836967,9.784,3,0,907961281
2008,156,China,890190,Navios de carga,410,Coreia do Sul,46070000,5.074,4,0,907961281
2008,156,China,890190,Navios de carga,804,Ucrânia,31031908,3.418,5,0,907961281
2008,251,França,270740,Naftaleno,724,Espanha,2288330,43.211,1,0,5295723
2008,251,França,270740,Naftaleno,276,Alemanha,1682726,31.775,2,0,5295723
2008,251,França,270740,Naftaleno,56,Bélgica,808946,15.275,3,0,5295723
2008,251,França,270740,Naftaleno,528,Países Baixos,291751,5.509,4,0,5295723
2008,251,França,270740,Naftaleno,203,Chéquia,223970,4.229,5,0,5295723
2008,251,França,270900,Petróleo bruto,643,Rússia,11780235076,19.692,1,0,59821023674
2008,251,França,270900,Petróleo bruto,579,Noruega,9685624694,16.191,2,0,59821023674
2008,251,França,270900,Petróleo bruto,682,Arábia Saudita,5187753432,8.672,3,0,59821023674
2008,251,França,270900,Petróleo bruto,434,Libya,4867680439,8.137,4,0,59821023674
2008,251,França,270900,Petróleo bruto,24,Angola,3940547207,6.587,5,1,59821023674
2008,251,França,270900,Petróleo bruto,364,Irão,3329093020,5.565,6,0,59821023674
2008,251,França,271019,Gasóleo e combustíveis médios e pesados,643,Rússia,4975725574,21.769,1,0,22857005345
2008,251,França,271019,Gasóleo e combustíveis médios e pesados,528,Países Baixos,1889267748,8.266,2,0,22857005345
2008,251,França,271019,Gasóleo e combustíveis médios e pesados,276,Alemanha,1744812673,7.634,3,0,22857005345
2008,251,França,271019,Gasóleo e combustíveis médios e pesados,56,Bélgica,1643410031,7.19,4,0,22857005345
2008,251,França,271019,Gasóleo e combustíveis médios e pesados,826,Reino Unido,1286592616,5.629,5,0,22857005345
2008,251,França,271111,Gás natural liquefeito (GNL),12,Argélia,3200594369,59.581,1,0,5371802660
2008,251,França,271111,Gás natural liquefeito (GNL),566,Nigéria,1521094145,28.316,2,0,5371802660
2008,251,França,271111,Gás natural liquefeito (GNL),818,Egito,502057861,9.346,3,0,5371802660
2008,251,França,271111,Gás natural liquefeito (GNL),579,Noruega,120544752,2.244,4,0,5371802660
2008,251,França,271111,Gás natural liquefeito (GNL),56,Bélgica,23014442,0.428,5,0,5371802660
2008,251,França,710221,Diamantes industriais em bruto,56,Bélgica,240179,44.78,1,0,536350
2008,251,França,710221,Diamantes industriais em bruto,826,Reino Unido,238705,44.505,2,0,536350
2008,251,França,710221,Diamantes industriais em bruto,528,Países Baixos,50099,9.341,3,0,536350
2008,251,França,710221,Diamantes industriais em bruto,276,Alemanha,7367,1.374,4,0,536350
2008,251,França,890190,Navios de carga,702,Singapura,49255827,42.996,1,0,114557960
2008,251,França,890190,Navios de carga,156,China,33779761,29.487,2,0,114557960
2008,251,França,890190,Navios de carga,670,Saint Vincent and the Grenadines,17681881,15.435,3,0,114557960
2008,251,França,890190,Navios de carga,56,Bélgica,6870884,5.998,4,0,114557960
2008,251,França,890190,Navios de carga,136,Cayman Isds,5163109,4.507,5,0,114557960
2008,251,França,890520,Plataformas de perfuração ou produção,251,França,394895,77.012,1,0,512774
2008,251,França,890520,Plataformas de perfuração ou produção,380,Itália,85462,16.667,2,0,512774
2008,251,França,890520,Plataformas de perfuração ou produção,842,EUA,17682,3.448,3,0,512774
2008,251,França,890520,Plataformas de perfuração ou produção,276,Alemanha,8841,1.724,4,0,512774
2008,251,França,890520,Plataformas de perfuração ou produção,56,Bélgica,5894,1.149,5,0,512774
2008,699,Índia,270740,Naftaleno,208,Dinamarca,8872741,28.604,1,0,31019097
2008,699,Índia,270740,Naftaleno,804,Ucrânia,7888056,25.43,2,0,31019097
2008,699,Índia,270740,Naftaleno,203,Chéquia,6565934,21.167,3,0,31019097
2008,699,Índia,270740,Naftaleno,643,Rússia,4891195,15.768,4,0,31019097
2008,699,Índia,270740,Naftaleno,392,Japão,1240630,4.0,5,0,31019097
2008,699,Índia,270900,Petróleo bruto,682,Arábia Saudita,18199609656,21.02,1,0,86582530608
2008,699,Índia,270900,Petróleo bruto,364,Irão,12382445065,14.301,2,0,86582530608
2008,699,Índia,270900,Petróleo bruto,784,Emirados Árabes Unidos,9965895036,11.51,3,0,86582530608
2008,699,Índia,270900,Petróleo bruto,566,Nigéria,9792852617,11.31,4,0,86582530608
2008,699,Índia,270900,Petróleo bruto,368,Iraque,9457222183,10.923,5,0,86582530608
2008,699,Índia,270900,Petróleo bruto,24,Angola,1280281768,1.479,10,1,86582530608
2008,699,Índia,271019,Gasóleo e combustíveis médios e pesados,702,Singapura,2563153463,33.06,1,0,7753046664
2008,699,Índia,271019,Gasóleo e combustíveis médios e pesados,48,Barém,797209216,10.283,2,0,7753046664
2008,699,Índia,271019,Gasóleo e combustíveis médios e pesados,12,Argélia,712965114,9.196,3,0,7753046664
2008,699,Índia,271019,Gasóleo e combustíveis médios e pesados,410,Coreia do Sul,671845395,8.666,4,0,7753046664
2008,699,Índia,271019,Gasóleo e combustíveis médios e pesados,784,Emirados Árabes Unidos,475307691,6.131,5,0,7753046664
2008,699,Índia,271111,Gás natural liquefeito (GNL),634,Catar,1365153548,45.414,1,0,3005989555
2008,699,Índia,271111,Gás natural liquefeito (GNL),12,Argélia,266440778,8.864,2,0,3005989555
2008,699,Índia,271111,Gás natural liquefeito (GNL),566,Nigéria,242776017,8.076,3,0,3005989555
2008,699,Índia,271111,Gás natural liquefeito (GNL),512,Omã,201698227,6.71,4,0,3005989555
2008,699,Índia,271111,Gás natural liquefeito (GNL),56,Bélgica,188981998,6.287,5,0,3005989555
2008,699,Índia,710221,Diamantes industriais em bruto,56,Bélgica,2254727,99.33,1,0,2269932
2008,699,Índia,710221,Diamantes industriais em bruto,710,África do Sul,15205,0.67,2,0,2269932
2008,699,Índia,890190,Navios de carga,579,Noruega,377834751,30.125,1,0,1254212877
2008,699,Índia,890190,Navios de carga,702,Singapura,247368169,19.723,2,0,1254212877
2008,699,Índia,890190,Navios de carga,826,Reino Unido,166062678,13.24,3,0,1254212877
2008,699,Índia,890190,Navios de carga,528,Países Baixos,72449010,5.776,4,0,1254212877
2008,699,Índia,890190,Navios de carga,818,Egito,72329673,5.767,5,0,1254212877
2008,699,Índia,890520,Plataformas de perfuração ou produção,702,Singapura,144907313,44.844,1,0,323135541
2008,699,Índia,890520,Plataformas de perfuração ou produção,842,EUA,133321807,41.259,2,0,323135541
2008,699,Índia,890520,Plataformas de perfuração ou produção,579,Noruega,28577669,8.844,3,0,323135541
2008,699,Índia,890520,Plataformas de perfuração ou produção,724,Espanha,16328752,5.053,4,0,323135541
2008,842,EUA,270740,Naftaleno,124,Canadá,6987684,69.382,1,0,10071341
2008,842,EUA,270740,Naftaleno,724,Espanha,2135689,21.206,2,0,10071341
2008,842,EUA,270740,Naftaleno,56,Bélgica,555142,5.512,3,0,10071341
2008,842,EUA,270740,Naftaleno,528,Países Baixos,199483,1.981,4,0,10071341
2008,842,EUA,270740,Naftaleno,276,Alemanha,130870,1.299,5,0,10071341
2008,842,EUA,270900,Petróleo bruto,124,Canadá,63871905749,17.577,1,0,363391132122
2008,842,EUA,270900,Petróleo bruto,682,Arábia Saudita,55361771261,15.235,2,0,363391132122
2008,842,EUA,270900,Petróleo bruto,862,Venezuela,44636739742,12.283,3,0,363391132122
2008,842,EUA,270900,Petróleo bruto,484,México,37630519445,10.355,4,0,363391132122
2008,842,EUA,270900,Petróleo bruto,566,Nigéria,36990619276,10.179,5,0,363391132122
2008,842,EUA,270900,Petróleo bruto,24,Angola,19113789920,5.26,7,1,363391132122
2008,842,EUA,271019,Gasóleo e combustíveis médios e pesados,643,Rússia,10303325476,21.462,1,0,48008016724
2008,842,EUA,271019,Gasóleo e combustíveis médios e pesados,124,Canadá,7942341383,16.544,2,0,48008016724
2008,842,EUA,271019,Gasóleo e combustíveis médios e pesados,12,Argélia,2851230843,5.939,3,0,48008016724
2008,842,EUA,271019,Gasóleo e combustíveis médios e pesados,533,Aruba,2526346340,5.262,4,0,48008016724
2008,842,EUA,271019,Gasóleo e combustíveis médios e pesados,484,México,2404988164,5.01,5,0,48008016724
2008,842,EUA,271019,Gasóleo e combustíveis médios e pesados,24,Angola,345740232,0.72,22,1,48008016724
2008,842,EUA,271111,Gás natural liquefeito (GNL),780,Trinidad and Tobago,2787524294,72.699,1,0,3834325488
2008,842,EUA,271111,Gás natural liquefeito (GNL),818,Egito,483977280,12.622,2,0,3834325488
2008,842,EUA,271111,Gás natural liquefeito (GNL),484,México,220886819,5.761,3,0,3834325488
2008,842,EUA,271111,Gás natural liquefeito (GNL),579,Noruega,174484618,4.551,4,0,3834325488
2008,842,EUA,271111,Gás natural liquefeito (GNL),566,Nigéria,117744433,3.071,5,0,3834325488
2008,842,EUA,710221,Diamantes industriais em bruto,72,Botsuana,21915656,52.686,1,0,41597093
2008,842,EUA,710221,Diamantes industriais em bruto,710,África do Sul,7111566,17.096,2,0,41597093
2008,842,EUA,710221,Diamantes industriais em bruto,694,Sierra Leone,5070840,12.19,3,0,41597093
2008,842,EUA,710221,Diamantes industriais em bruto,643,Rússia,3028374,7.28,4,0,41597093
2008,842,EUA,710221,Diamantes industriais em bruto,516,Namíbia,1335010,3.209,5,0,41597093
2008,842,EUA,890190,Navios de carga,579,Noruega,225562,66.454,1,0,339424
2008,842,EUA,890190,Navios de carga,124,Canadá,109033,32.123,2,0,339424
2008,842,EUA,890190,Navios de carga,392,Japão,4829,1.423,3,0,339424
2008,842,EUA,890520,Plataformas de perfuração ou produção,246,Finlândia,241036790,68.614,1,0,351291671
2008,842,EUA,890520,Plataformas de perfuração ou produção,410,Coreia do Sul,108101639,30.773,2,0,351291671
2008,842,EUA,890520,Plataformas de perfuração ou produção,484,México,1457008,0.415,3,0,351291671
2008,842,EUA,890520,Plataformas de perfuração ou produção,826,Reino Unido,527399,0.15,4,0,351291671
2008,842,EUA,890520,Plataformas de perfuração ou produção,156,China,168835,0.048,5,0,351291671
2009,124,Canadá,270740,Naftaleno,842,EUA,1393679,73.946,1,0,1884713
2009,124,Canadá,270740,Naftaleno,804,Ucrânia,301065,15.974,2,0,1884713
2009,124,Canadá,270740,Naftaleno,156,China,188809,10.018,3,0,1884713
2009,124,Canadá,270740,Naftaleno,398,Cazaquistão,964,0.051,4,0,1884713
2009,124,Canadá,270740,Naftaleno,784,Emirados Árabes Unidos,194,0.01,5,0,1884713
2009,124,Canadá,270900,Petróleo bruto,12,Argélia,3308752488,17.882,1,0,18503685618
2009,124,Canadá,270900,Petróleo bruto,579,Noruega,2582041042,13.954,2,0,18503685618
2009,124,Canadá,270900,Petróleo bruto,826,Reino Unido,1888350352,10.205,3,0,18503685618
2009,124,Canadá,270900,Petróleo bruto,842,EUA,1467912689,7.933,4,0,18503685618
2009,124,Canadá,270900,Petróleo bruto,398,Cazaquistão,1396457008,7.547,5,0,18503685618
2009,124,Canadá,270900,Petróleo bruto,24,Angola,1206904802,6.523,7,1,18503685618
2009,124,Canadá,271019,Gasóleo e combustíveis médios e pesados,842,EUA,2175114331,71.382,1,0,3047130674
2009,124,Canadá,271019,Gasóleo e combustíveis médios e pesados,410,Coreia do Sul,123754389,4.061,2,0,3047130674
2009,124,Canadá,271019,Gasóleo e combustíveis médios e pesados,528,Países Baixos,112783310,3.701,3,0,3047130674
2009,124,Canadá,271019,Gasóleo e combustíveis médios e pesados,724,Espanha,104704849,3.436,4,0,3047130674
2009,124,Canadá,271019,Gasóleo e combustíveis médios e pesados,702,Singapura,82458957,2.706,5,0,3047130674
2009,124,Canadá,271019,Gasóleo e combustíveis médios e pesados,24,Angola,3,0.0,66,1,3047130674
2009,124,Canadá,271111,Gás natural liquefeito (GNL),780,Trinidad and Tobago,75250200,65.002,1,0,115766204
2009,124,Canadá,271111,Gás natural liquefeito (GNL),634,Catar,30617346,26.448,2,0,115766204
2009,124,Canadá,271111,Gás natural liquefeito (GNL),818,Egito,9714158,8.391,3,0,115766204
2009,124,Canadá,271111,Gás natural liquefeito (GNL),842,EUA,184500,0.159,4,0,115766204
2009,124,Canadá,710221,Diamantes industriais em bruto,710,África do Sul,898909,60.989,1,0,1473893
2009,124,Canadá,710221,Diamantes industriais em bruto,56,Bélgica,262416,17.804,2,0,1473893
2009,124,Canadá,710221,Diamantes industriais em bruto,36,Austrália,114636,7.778,3,0,1473893
2009,124,Canadá,710221,Diamantes industriais em bruto,72,Botsuana,61973,4.205,4,0,1473893
2009,124,Canadá,710221,Diamantes industriais em bruto,682,Arábia Saudita,57188,3.88,5,0,1473893
2009,124,Canadá,890190,Navios de carga,152,Chile,45408982,55.372,1,0,82006520
2009,124,Canadá,890190,Navios de carga,156,China,28387599,34.616,2,0,82006520
2009,124,Canadá,890190,Navios de carga,842,EUA,4812943,5.869,3,0,82006520
2009,124,Canadá,890190,Navios de carga,124,Canadá,3306070,4.031,4,0,82006520
2009,124,Canadá,890190,Navios de carga,757,Suíça,86519,0.106,5,0,82006520
2009,124,Canadá,890520,Plataformas de perfuração ou produção,842,EUA,1185,100.0,1,0,1185
2009,156,China,270740,Naftaleno,392,Japão,25546650,73.412,1,0,34799154
2009,156,China,270740,Naftaleno,643,Rússia,5894480,16.939,2,0,34799154
2009,156,China,270740,Naftaleno,804,Ucrânia,1087992,3.126,3,0,34799154
2009,156,China,270740,Naftaleno,490,Taiwan (Prov. China),1000976,2.876,4,0,34799154
2009,156,China,270740,Naftaleno,724,Espanha,391920,1.126,5,0,34799154
2009,156,China,270900,Petróleo bruto,682,Arábia Saudita,18922893211,21.201,1,0,89255586690
2009,156,China,270900,Petróleo bruto,24,Angola,14599867180,16.357,2,1,89255586690
2009,156,China,270900,Petróleo bruto,364,Irão,9802270997,10.982,3,0,89255586690
2009,156,China,270900,Petróleo bruto,643,Rússia,6613853066,7.41,4,0,89255586690
2009,156,China,270900,Petróleo bruto,512,Omã,4989907163,5.591,5,0,89255586690
2009,156,China,270900,Petróleo bruto,736,Sudan (...2011),4644710638,5.204,6,0,89255586690
2009,156,China,271019,Gasóleo e combustíveis médios e pesados,410,Coreia do Sul,3512426082,22.806,1,0,15401571279
2009,156,China,271019,Gasóleo e combustíveis médios e pesados,702,Singapura,2597252258,16.864,2,0,15401571279
2009,156,China,271019,Gasóleo e combustíveis médios e pesados,392,Japão,1776474697,11.534,3,0,15401571279
2009,156,China,271019,Gasóleo e combustíveis médios e pesados,862,Venezuela,1724165591,11.195,4,0,15401571279
2009,156,China,271019,Gasóleo e combustíveis médios e pesados,643,Rússia,1645777128,10.686,5,0,15401571279
2009,156,China,271111,Gás natural liquefeito (GNL),36,Austrália,591012921,46.193,1,0,1279439457
2009,156,China,271111,Gás natural liquefeito (GNL),458,Malásia,218717965,17.095,2,0,1279439457
2009,156,China,271111,Gás natural liquefeito (GNL),634,Catar,209222798,16.353,3,0,1279439457
2009,156,China,271111,Gás natural liquefeito (GNL),360,Indonésia,139021799,10.866,4,0,1279439457
2009,156,China,271111,Gás natural liquefeito (GNL),643,Rússia,44622194,3.488,5,0,1279439457
2009,156,China,710221,Diamantes industriais em bruto,56,Bélgica,1188546,86.843,1,0,1368610
2009,156,China,710221,Diamantes industriais em bruto,376,Israel,72441,5.293,2,0,1368610
2009,156,China,710221,Diamantes industriais em bruto,699,Índia,44174,3.228,3,0,1368610
2009,156,China,710221,Diamantes industriais em bruto,710,África do Sul,40272,2.943,4,0,1368610
2009,156,China,710221,Diamantes industriais em bruto,178,Congo,16000,1.169,5,0,1368610
2009,156,China,890190,Navios de carga,392,Japão,577913908,71.325,1,0,810259594
2009,156,China,890190,Navios de carga,410,Coreia do Sul,115666807,14.275,2,0,810259594
2009,156,China,890190,Navios de carga,156,China,49476472,6.106,3,0,810259594
2009,156,China,890190,Navios de carga,208,Dinamarca,37365217,4.612,4,0,810259594
2009,156,China,890190,Navios de carga,276,Alemanha,12033780,1.485,5,0,810259594
2009,156,China,890520,Plataformas de perfuração ou produção,702,Singapura,696274085,100.0,1,0,696274085
2009,251,França,270740,Naftaleno,276,Alemanha,773092,36.621,1,0,2111084
2009,251,França,270740,Naftaleno,528,Países Baixos,485785,23.011,2,0,2111084
2009,251,França,270740,Naftaleno,724,Espanha,484397,22.945,3,0,2111084
2009,251,França,270740,Naftaleno,56,Bélgica,303963,14.398,4,0,2111084
2009,251,França,270740,Naftaleno,203,Chéquia,45803,2.17,5,0,2111084
2009,251,França,270900,Petróleo bruto,643,Rússia,5839960092,18.371,1,0,31789733399
2009,251,França,270900,Petróleo bruto,579,Noruega,4589731633,14.438,2,0,31789733399
2009,251,França,270900,Petróleo bruto,24,Angola,3268081693,10.28,3,1,31789733399
2009,251,França,270900,Petróleo bruto,398,Cazaquistão,3081783192,9.694,4,0,31789733399
2009,251,França,270900,Petróleo bruto,434,Libya,2966817342,9.333,5,0,31789733399
2009,251,França,270900,Petróleo bruto,682,Arábia Saudita,2643281836,8.315,6,0,31789733399
2009,251,França,271019,Gasóleo e combustíveis médios e pesados,643,Rússia,4731262976,29.255,1,0,16172457364
2009,251,França,271019,Gasóleo e combustíveis médios e pesados,528,Países Baixos,1802679680,11.147,2,0,16172457364
2009,251,França,271019,Gasóleo e combustíveis médios e pesados,842,EUA,1169521547,7.232,3,0,16172457364
2009,251,França,271019,Gasóleo e combustíveis médios e pesados,826,Reino Unido,1152069378,7.124,4,0,16172457364
2009,251,França,271019,Gasóleo e combustíveis médios e pesados,56,Bélgica,1134407628,7.014,5,0,16172457364
2009,251,França,271111,Gás natural liquefeito (GNL),12,Argélia,2466346491,56.864,1,0,4337273395
2009,251,França,271111,Gás natural liquefeito (GNL),566,Nigéria,787797340,18.163,2,0,4337273395
2009,251,França,271111,Gás natural liquefeito (GNL),818,Egito,583222223,13.447,3,0,4337273395
2009,251,França,271111,Gás natural liquefeito (GNL),780,Trinidad and Tobago,206587654,4.763,4,0,4337273395
2009,251,França,271111,Gás natural liquefeito (GNL),579,Noruega,157696876,3.636,5,0,4337273395
2009,251,França,710221,Diamantes industriais em bruto,826,Reino Unido,130468,74.016,1,0,176271
2009,251,França,710221,Diamantes industriais em bruto,56,Bélgica,31923,18.11,2,0,176271
2009,251,França,710221,Diamantes industriais em bruto,528,Países Baixos,8328,4.725,3,0,176271
2009,251,França,710221,Diamantes industriais em bruto,380,Itália,4164,2.362,4,0,176271
2009,251,França,710221,Diamantes industriais em bruto,276,Alemanha,1388,0.787,5,0,176271
2009,251,França,890190,Navios de carga,410,Coreia do Sul,574883379,83.356,1,0,689668795
2009,251,França,890190,Navios de carga,156,China,64567750,9.362,2,0,689668795
2009,251,França,890190,Navios de carga,136,Cayman Isds,18737417,2.717,3,0,689668795
2009,251,França,890190,Navios de carga,528,Países Baixos,8563693,1.242,4,0,689668795
2009,251,França,890190,Navios de carga,616,Polónia,7428345,1.077,5,0,689668795
2009,251,França,890520,Plataformas de perfuração ou produção,380,Itália,155451,100.0,1,0,155451
2009,699,Índia,270740,Naftaleno,784,Emirados Árabes Unidos,10988404,26.273,1,0,41823963
2009,699,Índia,270740,Naftaleno,208,Dinamarca,8162697,19.517,2,0,41823963
2009,699,Índia,270740,Naftaleno,804,Ucrânia,7824519,18.708,3,0,41823963
2009,699,Índia,270740,Naftaleno,643,Rússia,7420067,17.741,4,0,41823963
2009,699,Índia,270740,Naftaleno,203,Chéquia,3559094,8.51,5,0,41823963
2009,699,Índia,270900,Petróleo bruto,682,Arábia Saudita,11922128618,18.37,1,0,64899497111
2009,699,Índia,270900,Petróleo bruto,364,Irão,9441316551,14.548,2,0,64899497111
2009,699,Índia,270900,Petróleo bruto,414,Kuwait,6738822630,10.383,3,0,64899497111
2009,699,Índia,270900,Petróleo bruto,368,Iraque,5753923605,8.866,4,0,64899497111
2009,699,Índia,270900,Petróleo bruto,566,Nigéria,5534667717,8.528,5,0,64899497111
2009,699,Índia,270900,Petróleo bruto,24,Angola,3389550778,5.223,7,1,64899497111
2009,699,Índia,271019,Gasóleo e combustíveis médios e pesados,702,Singapura,1049050241,31.776,1,0,3301424489
2009,699,Índia,271019,Gasóleo e combustíveis médios e pesados,410,Coreia do Sul,431241833,13.062,2,0,3301424489
2009,699,Índia,271019,Gasóleo e combustíveis médios e pesados,784,Emirados Árabes Unidos,380747454,11.533,3,0,3301424489
2009,699,Índia,271019,Gasóleo e combustíveis médios e pesados,490,Taiwan (Prov. China),212650739,6.441,4,0,3301424489
2009,699,Índia,271019,Gasóleo e combustíveis médios e pesados,48,Barém,152782075,4.628,5,0,3301424489
2009,699,Índia,271111,Gás natural liquefeito (GNL),634,Catar,1546533626,61.322,1,0,2521999287
2009,699,Índia,271111,Gás natural liquefeito (GNL),36,Austrália,202969165,8.048,2,0,2521999287
2009,699,Índia,271111,Gás natural liquefeito (GNL),643,Rússia,155637783,6.171,3,0,2521999287
2009,699,Índia,271111,Gás natural liquefeito (GNL),780,Trinidad and Tobago,140917249,5.588,4,0,2521999287
2009,699,Índia,271111,Gás natural liquefeito (GNL),512,Omã,97099849,3.85,5,0,2521999287
2009,699,Índia,710221,Diamantes industriais em bruto,344,Hong Kong (RAEHK),17861080,84.494,1,0,21138931
2009,699,Índia,710221,Diamantes industriais em bruto,784,Emirados Árabes Unidos,1389342,6.572,2,0,21138931
2009,699,Índia,710221,Diamantes industriais em bruto,352,Islândia,1300669,6.153,3,0,21138931
2009,699,Índia,710221,Diamantes industriais em bruto,340,Honduras,508307,2.405,4,0,21138931
2009,699,Índia,710221,Diamantes industriais em bruto,826,Reino Unido,79533,0.376,5,0,21138931
2009,699,Índia,890190,Navios de carga,410,Coreia do Sul,341142559,25.755,1,0,1324561554
2009,699,Índia,890190,Navios de carga,579,Noruega,174577700,13.18,2,0,1324561554
2009,699,Índia,890190,Navios de carga,702,Singapura,141735041,10.701,3,0,1324561554
2009,699,Índia,890190,Navios de carga,196,Chipre,131610791,9.936,4,0,1324561554
2009,699,Índia,890190,Navios de carga,392,Japão,129350497,9.766,5,0,1324561554
2009,699,Índia,890520,Plataformas de perfuração ou produção,392,Japão,65852062,100.0,1,0,65852062
2009,842,EUA,270740,Naftaleno,724,Espanha,6926834,56.533,1,0,12252636
2009,842,EUA,270740,Naftaleno,124,Canadá,3645489,29.753,2,0,12252636
2009,842,EUA,270740,Naftaleno,392,Japão,1258052,10.268,3,0,12252636
2009,842,EUA,270740,Naftaleno,56,Bélgica,217536,1.775,4,0,12252636
2009,842,EUA,270740,Naftaleno,528,Países Baixos,199539,1.629,5,0,12252636
2009,842,EUA,270900,Petróleo bruto,124,Canadá,37772747555,18.831,1,0,200586010101
2009,842,EUA,270900,Petróleo bruto,862,Venezuela,25154354538,12.54,2,0,200586010101
2009,842,EUA,270900,Petróleo bruto,484,México,22465978728,11.2,3,0,200586010101
2009,842,EUA,270900,Petróleo bruto,682,Arábia Saudita,22115811191,11.026,4,0,200586010101
2009,842,EUA,270900,Petróleo bruto,566,Nigéria,18841152805,9.393,5,0,200586010101
2009,842,EUA,270900,Petróleo bruto,24,Angola,9366376569,4.67,7,1,200586010101
2009,842,EUA,271019,Gasóleo e combustíveis médios e pesados,643,Rússia,7730921048,24.248,1,0,31882524744
2009,842,EUA,271019,Gasóleo e combustíveis médios e pesados,124,Canadá,5457320077,17.117,2,0,31882524744
2009,842,EUA,271019,Gasóleo e combustíveis médios e pesados,12,Argélia,2326770824,7.298,3,0,31882524744
2009,842,EUA,271019,Gasóleo e combustíveis médios e pesados,484,México,2087650719,6.548,4,0,31882524744
2009,842,EUA,271019,Gasóleo e combustíveis médios e pesados,862,Venezuela,1350852197,4.237,5,0,31882524744
2009,842,EUA,271019,Gasóleo e combustíveis médios e pesados,24,Angola,286974176,0.9,22,1,31882524744
2009,842,EUA,271111,Gás natural liquefeito (GNL),780,Trinidad and Tobago,1536556823,58.868,1,0,2610185289
2009,842,EUA,271111,Gás natural liquefeito (GNL),818,Egito,698910255,26.776,2,0,2610185289
2009,842,EUA,271111,Gás natural liquefeito (GNL),579,Noruega,139624568,5.349,3,0,2610185289
2009,842,EUA,271111,Gás natural liquefeito (GNL),484,México,116317675,4.456,4,0,2610185289
2009,842,EUA,271111,Gás natural liquefeito (GNL),566,Nigéria,60515249,2.318,5,0,2610185289
2009,842,EUA,710221,Diamantes industriais em bruto,72,Botsuana,10471613,55.826,1,0,18757533
2009,842,EUA,710221,Diamantes industriais em bruto,710,África do Sul,3702999,19.741,2,0,18757533
2009,842,EUA,710221,Diamantes industriais em bruto,643,Rússia,2144199,11.431,3,0,18757533
2009,842,EUA,710221,Diamantes industriais em bruto,516,Namíbia,865044,4.612,4,0,18757533
2009,842,EUA,710221,Diamantes industriais em bruto,36,Austrália,439882,2.345,5,0,18757533
2009,842,EUA,890190,Navios de carga,579,Noruega,180578,62.13,1,0,290646
2009,842,EUA,890190,Navios de carga,124,Canadá,78948,27.163,2,0,290646
2009,842,EUA,890190,Navios de carga,392,Japão,25550,8.791,3,0,290646
2009,842,EUA,890190,Navios de carga,410,Coreia do Sul,5570,1.916,4,0,290646
2009,842,EUA,890520,Plataformas de perfuração ou produção,702,Singapura,325393512,98.408,1,0,330657068
2009,842,EUA,890520,Plataformas de perfuração ou produção,246,Finlândia,5263556,1.592,2,0,330657068
2010,124,Canadá,270740,Naftaleno,842,EUA,722148,35.941,1,0,2009281
2010,124,Canadá,270740,Naftaleno,392,Japão,705655,35.12,2,0,2009281
2010,124,Canadá,270740,Naftaleno,804,Ucrânia,579452,28.839,3,0,2009281
2010,124,Canadá,270740,Naftaleno,276,Alemanha,1571,0.078,4,0,2009281
2010,124,Canadá,270740,Naftaleno,156,China,455,0.023,5,0,2009281
2010,124,Canadá,270900,Petróleo bruto,12,Argélia,3473962490,15.05,1,0,23082122622
2010,124,Canadá,270900,Petróleo bruto,826,Reino Unido,2850057840,12.347,2,0,23082122622
2010,124,Canadá,270900,Petróleo bruto,579,Noruega,2146809105,9.301,3,0,23082122622
2010,124,Canadá,270900,Petróleo bruto,398,Cazaquistão,1943740848,8.421,4,0,23082122622
2010,124,Canadá,270900,Petróleo bruto,682,Arábia Saudita,1869536954,8.1,5,0,23082122622
2010,124,Canadá,270900,Petróleo bruto,24,Angola,1574222990,6.82,8,1,23082122622
2010,124,Canadá,271019,Gasóleo e combustíveis médios e pesados,842,EUA,2689416801,58.803,1,0,4573611251
2010,124,Canadá,271019,Gasóleo e combustíveis médios e pesados,410,Coreia do Sul,265489263,5.805,2,0,4573611251
2010,124,Canadá,271019,Gasóleo e combustíveis médios e pesados,643,Rússia,201317944,4.402,3,0,4573611251
2010,124,Canadá,271019,Gasóleo e combustíveis médios e pesados,246,Finlândia,145034104,3.171,4,0,4573611251
2010,124,Canadá,271019,Gasóleo e combustíveis médios e pesados,56,Bélgica,138794326,3.035,5,0,4573611251
2010,124,Canadá,271111,Gás natural liquefeito (GNL),780,Trinidad and Tobago,214699798,63.727,1,0,336904002
2010,124,Canadá,271111,Gás natural liquefeito (GNL),634,Catar,84875426,25.193,2,0,336904002
2010,124,Canadá,271111,Gás natural liquefeito (GNL),604,Peru,15131202,4.491,3,0,336904002
2010,124,Canadá,271111,Gás natural liquefeito (GNL),579,Noruega,11556521,3.43,4,0,336904002
2010,124,Canadá,271111,Gás natural liquefeito (GNL),842,EUA,10641055,3.158,5,0,336904002
2010,124,Canadá,710221,Diamantes industriais em bruto,710,África do Sul,1440337,72.534,1,0,1985730
2010,124,Canadá,710221,Diamantes industriais em bruto,56,Bélgica,257592,12.972,2,0,1985730
2010,124,Canadá,710221,Diamantes industriais em bruto,288,Gana,93813,4.724,3,0,1985730
2010,124,Canadá,710221,Diamantes industriais em bruto,36,Austrália,87331,4.398,4,0,1985730
2010,124,Canadá,710221,Diamantes industriais em bruto,842,EUA,38819,1.955,5,0,1985730
2010,124,Canadá,890190,Navios de carga,152,Chile,48096552,37.048,1,0,129821608
2010,124,Canadá,890190,Navios de carga,156,China,25083627,19.322,2,0,129821608
2010,124,Canadá,890190,Navios de carga,56,Bélgica,24255162,18.683,3,0,129821608
2010,124,Canadá,890190,Navios de carga,191,Croácia,23319274,17.963,4,0,129821608
2010,124,Canadá,890190,Navios de carga,360,Indonésia,7906719,6.09,5,0,129821608
2010,124,Canadá,890520,Plataformas de perfuração ou produção,842,EUA,361754,100.0,1,0,361754
2010,156,China,270740,Naftaleno,392,Japão,41937646,70.877,1,0,59169583
2010,156,China,270740,Naftaleno,804,Ucrânia,6206461,10.489,2,0,59169583
2010,156,China,270740,Naftaleno,643,Rússia,5505142,9.304,3,0,59169583
2010,156,China,270740,Naftaleno,410,Coreia do Sul,1600197,2.704,4,0,59169583
2010,156,China,270740,Naftaleno,276,Alemanha,1543241,2.608,5,0,59169583
2010,156,China,270900,Petróleo bruto,682,Arábia Saudita,25538596067,18.876,1,0,135299673339
2010,156,China,270900,Petróleo bruto,24,Angola,22748976857,16.814,2,1,135299673339
2010,156,China,270900,Petróleo bruto,364,Irão,12070150447,8.921,3,0,135299673339
2010,156,China,270900,Petróleo bruto,512,Omã,9097160559,6.724,4,0,135299673339
2010,156,China,270900,Petróleo bruto,643,Rússia,8882171741,6.565,5,0,135299673339
2010,156,China,270900,Petróleo bruto,736,Sudan (...2011),6556198574,4.846,6,0,135299673339
2010,156,China,271019,Gasóleo e combustíveis médios e pesados,410,Coreia do Sul,4674964848,23.179,1,0,20169106314
2010,156,China,271019,Gasóleo e combustíveis médios e pesados,702,Singapura,3843327479,19.056,2,0,20169106314
2010,156,China,271019,Gasóleo e combustíveis médios e pesados,458,Malásia,2213323208,10.974,3,0,20169106314
2010,156,China,271019,Gasóleo e combustíveis médios e pesados,643,Rússia,2207305864,10.944,4,0,20169106314
2010,156,China,271019,Gasóleo e combustíveis médios e pesados,862,Venezuela,1991068665,9.872,5,0,20169106314
2010,156,China,271111,Gás natural liquefeito (GNL),634,Catar,809343045,26.787,1,0,3021453021
2010,156,China,271111,Gás natural liquefeito (GNL),36,Austrália,750669397,24.845,2,0,3021453021
2010,156,China,271111,Gás natural liquefeito (GNL),458,Malásia,401891899,13.301,3,0,3021453021
2010,156,China,271111,Gás natural liquefeito (GNL),360,Indonésia,394843916,13.068,4,0,3021453021
2010,156,China,271111,Gás natural liquefeito (GNL),887,Yemen,289979484,9.597,5,0,3021453021
2010,156,China,710221,Diamantes industriais em bruto,56,Bélgica,2810816,59.045,1,0,4760487
2010,156,China,710221,Diamantes industriais em bruto,710,África do Sul,1079000,22.666,2,0,4760487
2010,156,China,710221,Diamantes industriais em bruto,699,Índia,292355,6.141,3,0,4760487
2010,156,China,710221,Diamantes industriais em bruto,842,EUA,279554,5.872,4,0,4760487
2010,156,China,710221,Diamantes industriais em bruto,376,Israel,166931,3.507,5,0,4760487
2010,156,China,890190,Navios de carga,392,Japão,251623976,59.696,1,0,421510218
2010,156,China,890190,Navios de carga,410,Coreia do Sul,65077328,15.439,2,0,421510218
2010,156,China,890190,Navios de carga,276,Alemanha,56563185,13.419,3,0,421510218
2010,156,China,890190,Navios de carga,156,China,39135476,9.285,4,0,421510218
2010,156,China,890190,Navios de carga,616,Polónia,6305000,1.496,5,0,421510218
2010,156,China,890520,Plataformas de perfuração ou produção,764,Tailândia,29054513,100.0,1,0,29054513
2010,251,França,270740,Naftaleno,276,Alemanha,1036523,55.977,1,0,1851690
2010,251,França,270740,Naftaleno,528,Países Baixos,410898,22.19,2,0,1851690
2010,251,França,270740,Naftaleno,724,Espanha,397643,21.475,3,0,1851690
2010,251,França,270740,Naftaleno,156,China,3976,0.215,4,0,1851690
2010,251,França,270740,Naftaleno,780,Trinidad and Tobago,1325,0.072,5,0,1851690
2010,251,França,270900,Petróleo bruto,643,Rússia,6440290118,18.235,1,0,35319187344
2010,251,França,270900,Petróleo bruto,434,Libya,6147211360,17.405,2,0,35319187344
2010,251,França,270900,Petróleo bruto,579,Noruega,4038961474,11.436,3,0,35319187344
2010,251,França,270900,Petróleo bruto,398,Cazaquistão,3838261801,10.867,4,0,35319187344
2010,251,França,270900,Petróleo bruto,682,Arábia Saudita,3175604410,8.991,5,0,35319187344
2010,251,França,270900,Petróleo bruto,24,Angola,2099821181,5.945,6,1,35319187344
2010,251,França,271019,Gasóleo e combustíveis médios e pesados,643,Rússia,6898897031,32.218,1,0,21412896400
2010,251,França,271019,Gasóleo e combustíveis médios e pesados,528,Países Baixos,2860346454,13.358,2,0,21412896400
2010,251,França,271019,Gasóleo e combustíveis médios e pesados,56,Bélgica,1599785175,7.471,3,0,21412896400
2010,251,França,271019,Gasóleo e combustíveis médios e pesados,842,EUA,1362242557,6.362,4,0,21412896400
2010,251,França,271019,Gasóleo e combustíveis médios e pesados,699,Índia,1354484543,6.326,5,0,21412896400
2010,251,França,271111,Gás natural liquefeito (GNL),12,Argélia,1993912958,45.75,1,0,4358300572
2010,251,França,271111,Gás natural liquefeito (GNL),566,Nigéria,1155568961,26.514,2,0,4358300572
2010,251,França,271111,Gás natural liquefeito (GNL),634,Catar,739117502,16.959,3,0,4358300572
2010,251,França,271111,Gás natural liquefeito (GNL),818,Egito,234722004,5.386,4,0,4358300572
2010,251,França,271111,Gás natural liquefeito (GNL),780,Trinidad and Tobago,117382872,2.693,5,0,4358300572
2010,251,França,710221,Diamantes industriais em bruto,826,Reino Unido,226656,38.341,1,0,591163
2010,251,França,710221,Diamantes industriais em bruto,56,Bélgica,172312,29.148,2,0,591163
2010,251,França,710221,Diamantes industriais em bruto,699,Índia,140501,23.767,3,0,591163
2010,251,França,710221,Diamantes industriais em bruto,528,Países Baixos,26510,4.484,4,0,591163
2010,251,França,710221,Diamantes industriais em bruto,380,Itália,25184,4.26,5,0,591163
2010,251,França,890190,Navios de carga,410,Coreia do Sul,305220122,95.867,1,0,318379453
2010,251,França,890190,Navios de carga,642,Roménia,8369059,2.629,2,0,318379453
2010,251,França,890190,Navios de carga,56,Bélgica,3247417,1.02,3,0,318379453
2010,251,França,890190,Navios de carga,528,Países Baixos,1174372,0.369,4,0,318379453
2010,251,França,890190,Navios de carga,180,RD Congo,347275,0.109,5,0,318379453
2010,251,França,890520,Plataformas de perfuração ou produção,528,Países Baixos,1329453,75.698,1,0,1756256
2010,251,França,890520,Plataformas de perfuração ou produção,380,Itália,397643,22.642,2,0,1756256
2010,251,França,890520,Plataformas de perfuração ou produção,616,Polónia,17231,0.981,3,0,1756256
2010,251,França,890520,Plataformas de perfuração ou produção,826,Reino Unido,6627,0.377,4,0,1756256
2010,251,França,890520,Plataformas de perfuração ou produção,724,Espanha,5302,0.302,5,0,1756256
2010,699,Índia,270740,Naftaleno,804,Ucrânia,11875420,24.367,1,0,48735646
2010,699,Índia,270740,Naftaleno,203,Chéquia,10501224,21.547,2,0,48735646
2010,699,Índia,270740,Naftaleno,643,Rússia,9758447,20.023,3,0,48735646
2010,699,Índia,270740,Naftaleno,208,Dinamarca,7257424,14.891,4,0,48735646
2010,699,Índia,270740,Naftaleno,276,Alemanha,2450853,5.029,5,0,48735646
2010,699,Índia,270900,Petróleo bruto,682,Arábia Saudita,16206266971,18.289,1,0,88611032722
2010,699,Índia,270900,Petróleo bruto,566,Nigéria,10062550402,11.356,2,0,88611032722
2010,699,Índia,270900,Petróleo bruto,364,Irão,9342861329,10.544,3,0,88611032722
2010,699,Índia,270900,Petróleo bruto,414,Kuwait,7631267214,8.612,4,0,88611032722
2010,699,Índia,270900,Petróleo bruto,784,Emirados Árabes Unidos,7276576808,8.212,5,0,88611032722
2010,699,Índia,270900,Petróleo bruto,24,Angola,4820640306,5.44,8,1,88611032722
2010,699,Índia,271019,Gasóleo e combustíveis médios e pesados,702,Singapura,1531498557,40.553,1,0,3776498716
2010,699,Índia,271019,Gasóleo e combustíveis médios e pesados,410,Coreia do Sul,563199860,14.913,2,0,3776498716
2010,699,Índia,271019,Gasóleo e combustíveis médios e pesados,784,Emirados Árabes Unidos,341341352,9.039,3,0,3776498716
2010,699,Índia,271019,Gasóleo e combustíveis médios e pesados,458,Malásia,180950807,4.791,4,0,3776498716
2010,699,Índia,271019,Gasóleo e combustíveis médios e pesados,48,Barém,177138571,4.691,5,0,3776498716
2010,699,Índia,271111,Gás natural liquefeito (GNL),634,Catar,2193789391,85.777,1,0,2557537143
2010,699,Índia,271111,Gás natural liquefeito (GNL),780,Trinidad and Tobago,78230207,3.059,2,0,2557537143
2010,699,Índia,271111,Gás natural liquefeito (GNL),566,Nigéria,72715052,2.843,3,0,2557537143
2010,699,Índia,271111,Gás natural liquefeito (GNL),899,"Areas, nes",69571768,2.72,4,0,2557537143
2010,699,Índia,271111,Gás natural liquefeito (GNL),682,Arábia Saudita,38641189,1.511,5,0,2557537143
2010,699,Índia,710221,Diamantes industriais em bruto,344,Hong Kong (RAEHK),1509104,58.511,1,0,2579176
2010,699,Índia,710221,Diamantes industriais em bruto,784,Emirados Árabes Unidos,818835,31.748,2,0,2579176
2010,699,Índia,710221,Diamantes industriais em bruto,702,Singapura,165018,6.398,3,0,2579176
2010,699,Índia,710221,Diamantes industriais em bruto,826,Reino Unido,61865,2.399,4,0,2579176
2010,699,Índia,710221,Diamantes industriais em bruto,842,EUA,21613,0.838,5,0,2579176
2010,699,Índia,890190,Navios de carga,579,Noruega,224687814,35.687,1,0,629598333
2010,699,Índia,890190,Navios de carga,156,China,148100758,23.523,2,0,629598333
2010,699,Índia,890190,Navios de carga,380,Itália,48417956,7.69,3,0,629598333
2010,699,Índia,890190,Navios de carga,344,Hong Kong (RAEHK),39207734,6.227,4,0,629598333
2010,699,Índia,890190,Navios de carga,710,África do Sul,35267403,5.602,5,0,629598333
2010,699,Índia,890520,Plataformas de perfuração ou produção,842,EUA,189182683,64.204,1,0,294660231
2010,699,Índia,890520,Plataformas de perfuração ou produção,392,Japão,82652575,28.05,2,0,294660231
2010,699,Índia,890520,Plataformas de perfuração ou produção,144,Sri Lanka,18225762,6.185,3,0,294660231
2010,699,Índia,890520,Plataformas de perfuração ou produção,251,França,4599211,1.561,4,0,294660231
2010,842,EUA,270740,Naftaleno,124,Canadá,10597356,71.895,1,0,14740097
2010,842,EUA,270740,Naftaleno,724,Espanha,3897594,26.442,2,0,14740097
2010,842,EUA,270740,Naftaleno,276,Alemanha,135801,0.921,3,0,14740097
2010,842,EUA,270740,Naftaleno,392,Japão,83631,0.567,4,0,14740097
2010,842,EUA,270740,Naftaleno,528,Países Baixos,25715,0.174,5,0,14740097
2010,842,EUA,270900,Petróleo bruto,124,Canadá,50344763663,18.883,1,0,266611879073
2010,842,EUA,270900,Petróleo bruto,682,Arábia Saudita,31116026612,11.671,2,0,266611879073
2010,842,EUA,270900,Petróleo bruto,484,México,30015421443,11.258,3,0,266611879073
2010,842,EUA,270900,Petróleo bruto,566,Nigéria,29840824335,11.193,4,0,266611879073
2010,842,EUA,270900,Petróleo bruto,862,Venezuela,29502119034,11.066,5,0,266611879073
2010,842,EUA,270900,Petróleo bruto,24,Angola,11833108435,4.438,7,1,266611879073
2010,842,EUA,271019,Gasóleo e combustíveis médios e pesados,643,Rússia,10171711768,25.321,1,0,40171526390
2010,842,EUA,271019,Gasóleo e combustíveis médios e pesados,124,Canadá,8060272614,20.065,2,0,40171526390
2010,842,EUA,271019,Gasóleo e combustíveis médios e pesados,12,Argélia,3075531797,7.656,3,0,40171526390
2010,842,EUA,271019,Gasóleo e combustíveis médios e pesados,484,México,2413684975,6.008,4,0,40171526390
2010,842,EUA,271019,Gasóleo e combustíveis médios e pesados,410,Coreia do Sul,1967041449,4.897,5,0,40171526390
2010,842,EUA,271019,Gasóleo e combustíveis médios e pesados,24,Angola,315662534,0.786,22,1,40171526390
2010,842,EUA,271111,Gás natural liquefeito (GNL),780,Trinidad and Tobago,1119338141,43.669,1,0,2563248318
2010,842,EUA,271111,Gás natural liquefeito (GNL),818,Egito,359123166,14.01,2,0,2563248318
2010,842,EUA,271111,Gás natural liquefeito (GNL),634,Catar,253101885,9.874,3,0,2563248318
2010,842,EUA,271111,Gás natural liquefeito (GNL),566,Nigéria,212564238,8.293,4,0,2563248318
2010,842,EUA,271111,Gás natural liquefeito (GNL),887,Yemen,198681874,7.751,5,0,2563248318
2010,842,EUA,710221,Diamantes industriais em bruto,72,Botsuana,19832996,61.221,1,0,32395793
2010,842,EUA,710221,Diamantes industriais em bruto,643,Rússia,4545616,14.032,2,0,32395793
2010,842,EUA,710221,Diamantes industriais em bruto,710,África do Sul,4450860,13.739,3,0,32395793
2010,842,EUA,710221,Diamantes industriais em bruto,516,Namíbia,1344013,4.149,4,0,32395793
2010,842,EUA,710221,Diamantes industriais em bruto,699,Índia,572290,1.767,5,0,32395793
2010,842,EUA,890190,Navios de carga,124,Canadá,937326,83.099,1,0,1127963
2010,842,EUA,890190,Navios de carga,392,Japão,94875,8.411,2,0,1127963
2010,842,EUA,890190,Navios de carga,826,Reino Unido,39316,3.486,3,0,1127963
2010,842,EUA,890190,Navios de carga,251,França,34472,3.056,4,0,1127963
2010,842,EUA,890190,Navios de carga,752,Suécia,21974,1.948,5,0,1127963
2010,842,EUA,890520,Plataformas de perfuração ou produção,702,Singapura,641191943,100.0,1,0,641191943
2011,124,Canadá,270740,Naftaleno,804,Ucrânia,1458222,61.205,1,0,2382505
2011,124,Canadá,270740,Naftaleno,842,EUA,662707,27.816,2,0,2382505
2011,124,Canadá,270740,Naftaleno,392,Japão,201381,8.452,3,0,2382505
2011,124,Canadá,270740,Naftaleno,36,Austrália,60195,2.527,4,0,2382505
2011,124,Canadá,270900,Petróleo bruto,12,Argélia,5536752653,19.209,1,0,28824422617
2011,124,Canadá,270900,Petróleo bruto,579,Noruega,3272817140,11.354,2,0,28824422617
2011,124,Canadá,270900,Petróleo bruto,398,Cazaquistão,2658031341,9.221,3,0,28824422617
2011,124,Canadá,270900,Petróleo bruto,682,Arábia Saudita,2619944717,9.089,4,0,28824422617
2011,124,Canadá,270900,Petróleo bruto,368,Iraque,2489250143,8.636,5,0,28824422617
2011,124,Canadá,270900,Petróleo bruto,24,Angola,2469326199,8.567,6,1,28824422617
2011,124,Canadá,271019,Gasóleo e combustíveis médios e pesados,842,EUA,5054109080,65.496,1,0,7716647892
2011,124,Canadá,271019,Gasóleo e combustíveis médios e pesados,702,Singapura,409274213,5.304,2,0,7716647892
2011,124,Canadá,271019,Gasóleo e combustíveis médios e pesados,410,Coreia do Sul,291824311,3.782,3,0,7716647892
2011,124,Canadá,271019,Gasóleo e combustíveis médios e pesados,862,Venezuela,233762101,3.029,4,0,7716647892
2011,124,Canadá,271019,Gasóleo e combustíveis médios e pesados,724,Espanha,210077850,2.722,5,0,7716647892
2011,124,Canadá,271111,Gás natural liquefeito (GNL),634,Catar,365784727,68.065,1,0,537404459
2011,124,Canadá,271111,Gás natural liquefeito (GNL),780,Trinidad and Tobago,109421036,20.361,2,0,537404459
2011,124,Canadá,271111,Gás natural liquefeito (GNL),842,EUA,62198672,11.574,3,0,537404459
2011,124,Canadá,271111,Gás natural liquefeito (GNL),276,Alemanha,24,0.0,4,0,537404459
2011,124,Canadá,710221,Diamantes industriais em bruto,710,África do Sul,1501385,59.872,1,0,2507662
2011,124,Canadá,710221,Diamantes industriais em bruto,56,Bélgica,501343,19.992,2,0,2507662
2011,124,Canadá,710221,Diamantes industriais em bruto,842,EUA,274621,10.951,3,0,2507662
2011,124,Canadá,710221,Diamantes industriais em bruto,36,Austrália,145872,5.817,4,0,2507662
2011,124,Canadá,710221,Diamantes industriais em bruto,72,Botsuana,35050,1.398,5,0,2507662
2011,124,Canadá,890190,Navios de carga,156,China,98587331,65.324,1,0,150921401
2011,124,Canadá,890190,Navios de carga,208,Dinamarca,29064829,19.258,2,0,150921401
2011,124,Canadá,890190,Navios de carga,842,EUA,12656157,8.386,3,0,150921401
2011,124,Canadá,890190,Navios de carga,380,Itália,6090700,4.036,4,0,150921401
2011,124,Canadá,890190,Navios de carga,579,Noruega,4517369,2.993,5,0,150921401
2011,124,Canadá,890520,Plataformas de perfuração ou produção,842,EUA,338121,99.722,1,0,339065
2011,124,Canadá,890520,Plataformas de perfuração ou produção,156,China,830,0.245,2,0,339065
2011,124,Canadá,890520,Plataformas de perfuração ou produção,251,França,114,0.034,3,0,339065
2011,156,China,270740,Naftaleno,392,Japão,40180506,76.694,1,0,52390433
2011,156,China,270740,Naftaleno,643,Rússia,4681511,8.936,2,0,52390433
2011,156,China,270740,Naftaleno,804,Ucrânia,4319809,8.245,3,0,52390433
2011,156,China,270740,Naftaleno,203,Chéquia,1143480,2.183,4,0,52390433
2011,156,China,270740,Naftaleno,410,Coreia do Sul,1133962,2.164,5,0,52390433
2011,156,China,270900,Petróleo bruto,682,Arábia Saudita,39015427640,19.828,1,0,196770604891
2011,156,China,270900,Petróleo bruto,24,Angola,24809999280,12.609,2,1,196770604891
2011,156,China,270900,Petróleo bruto,364,Irão,21820145145,11.089,3,0,196770604891
2011,156,China,270900,Petróleo bruto,643,Rússia,16322977122,8.295,4,0,196770604891
2011,156,China,270900,Petróleo bruto,512,Omã,13818483656,7.023,5,0,196770604891
2011,156,China,270900,Petróleo bruto,368,Iraque,10438936463,5.305,6,0,196770604891
2011,156,China,271019,Gasóleo e combustíveis médios e pesados,410,Coreia do Sul,8964218192,29.682,1,0,30200544349
2011,156,China,271019,Gasóleo e combustíveis médios e pesados,702,Singapura,4756573648,15.75,2,0,30200544349
2011,156,China,271019,Gasóleo e combustíveis médios e pesados,643,Rússia,4734426132,15.677,3,0,30200544349
2011,156,China,271019,Gasóleo e combustíveis médios e pesados,862,Venezuela,3228784616,10.691,4,0,30200544349
2011,156,China,271019,Gasóleo e combustíveis médios e pesados,458,Malásia,2674978497,8.857,5,0,30200544349
2011,156,China,271111,Gás natural liquefeito (GNL),634,Catar,2052760684,35.628,1,0,5761719695
2011,156,China,271111,Gás natural liquefeito (GNL),458,Malásia,698219479,12.118,2,0,5761719695
2011,156,China,271111,Gás natural liquefeito (GNL),36,Austrália,663093990,11.509,3,0,5761719695
2011,156,China,271111,Gás natural liquefeito (GNL),566,Nigéria,541787657,9.403,4,0,5761719695
2011,156,China,271111,Gás natural liquefeito (GNL),887,Yemen,479071633,8.315,5,0,5761719695
2011,156,China,710221,Diamantes industriais em bruto,56,Bélgica,1517791,34.271,1,0,4428747
2011,156,China,710221,Diamantes industriais em bruto,710,África do Sul,1302291,29.405,2,0,4428747
2011,156,China,710221,Diamantes industriais em bruto,36,Austrália,839047,18.945,3,0,4428747
2011,156,China,710221,Diamantes industriais em bruto,699,Índia,376592,8.503,4,0,4428747
2011,156,China,710221,Diamantes industriais em bruto,72,Botsuana,135189,3.053,5,0,4428747
2011,156,China,890190,Navios de carga,392,Japão,150585804,56.341,1,0,267277768
2011,156,China,890190,Navios de carga,156,China,52857078,19.776,2,0,267277768
2011,156,China,890190,Navios de carga,208,Dinamarca,37038078,13.858,3,0,267277768
2011,156,China,890190,Navios de carga,702,Singapura,11793103,4.412,4,0,267277768
2011,156,China,890190,Navios de carga,276,Alemanha,5000000,1.871,5,0,267277768
2011,156,China,890520,Plataformas de perfuração ou produção,702,Singapura,230000000,100.0,1,0,230000000
2011,251,França,270740,Naftaleno,724,Espanha,162436849,59.902,1,0,271172104
2011,251,França,270740,Naftaleno,616,Polónia,46043696,16.98,2,0,271172104
2011,251,França,270740,Naftaleno,826,Reino Unido,34056562,12.559,3,0,271172104
2011,251,França,270740,Naftaleno,620,Portugal,14317945,5.28,4,0,271172104
2011,251,França,270740,Naftaleno,528,Países Baixos,12793298,4.718,5,0,271172104
2011,251,França,270900,Petróleo bruto,643,Rússia,7988307334,15.214,1,0,52506385402
2011,251,França,270900,Petróleo bruto,579,Noruega,6690986584,12.743,2,0,52506385402
2011,251,França,270900,Petróleo bruto,398,Cazaquistão,6540603489,12.457,3,0,52506385402
2011,251,França,270900,Petróleo bruto,682,Arábia Saudita,5555509265,10.581,4,0,52506385402
2011,251,França,270900,Petróleo bruto,31,Azerbaijan,4386095086,8.353,5,0,52506385402
2011,251,França,270900,Petróleo bruto,24,Angola,1743847711,3.321,10,1,52506385402
2011,251,França,271019,Gasóleo e combustíveis médios e pesados,643,Rússia,8263084388,27.03,1,0,30569672806
2011,251,França,271019,Gasóleo e combustíveis médios e pesados,528,Países Baixos,4058943417,13.278,2,0,30569672806
2011,251,França,271019,Gasóleo e combustíveis médios e pesados,826,Reino Unido,3151534689,10.309,3,0,30569672806
2011,251,França,271019,Gasóleo e combustíveis médios e pesados,842,EUA,2821119178,9.228,4,0,30569672806
2011,251,França,271019,Gasóleo e combustíveis médios e pesados,56,Bélgica,2156684123,7.055,5,0,30569672806
2011,251,França,271111,Gás natural liquefeito (GNL),12,Argélia,2263390793,38.074,1,0,5944701641
2011,251,França,271111,Gás natural liquefeito (GNL),566,Nigéria,1489498798,25.056,2,0,5944701641
2011,251,França,271111,Gás natural liquefeito (GNL),634,Catar,1455173424,24.478,3,0,5944701641
2011,251,França,271111,Gás natural liquefeito (GNL),818,Egito,375723325,6.32,4,0,5944701641
2011,251,França,271111,Gás natural liquefeito (GNL),579,Noruega,175839960,2.958,5,0,5944701641
2011,251,França,710221,Diamantes industriais em bruto,56,Bélgica,955786,72.102,1,0,1325598
2011,251,França,710221,Diamantes industriais em bruto,699,Índia,229954,17.347,2,0,1325598
2011,251,França,710221,Diamantes industriais em bruto,757,Suíça,113902,8.592,3,0,1325598
2011,251,França,710221,Diamantes industriais em bruto,826,Reino Unido,13583,1.025,4,0,1325598
2011,251,França,710221,Diamantes industriais em bruto,276,Alemanha,12252,0.924,5,0,1325598
2011,251,França,890190,Navios de carga,410,Coreia do Sul,253067007,47.411,1,0,533767733
2011,251,França,890190,Navios de carga,191,Croácia,199743322,37.421,2,0,533767733
2011,251,França,890190,Navios de carga,156,China,44675843,8.37,3,0,533767733
2011,251,França,890190,Navios de carga,584,Marshall Isds,21634112,4.053,4,0,533767733
2011,251,França,890190,Navios de carga,642,Roménia,11031620,2.067,5,0,533767733
2011,251,França,890520,Plataformas de perfuração ou produção,300,Grécia,438299,62.902,1,0,696798
2011,251,França,890520,Plataformas de perfuração ou produção,528,Países Baixos,225411,32.35,2,0,696798
2011,251,França,890520,Plataformas de perfuração ou produção,380,Itália,32594,4.678,3,0,696798
2011,251,França,890520,Plataformas de perfuração ou produção,276,Alemanha,494,0.071,4,0,696798
2011,699,Índia,270740,Naftaleno,643,Rússia,10387126,23.981,1,0,43313240
2011,699,Índia,270740,Naftaleno,804,Ucrânia,9396713,21.695,2,0,43313240
2011,699,Índia,270740,Naftaleno,203,Chéquia,5966308,13.775,3,0,43313240
2011,699,Índia,270740,Naftaleno,208,Dinamarca,4284673,9.892,4,0,43313240
2011,699,Índia,270740,Naftaleno,156,China,2243787,5.18,5,0,43313240
2011,699,Índia,270900,Petróleo bruto,682,Arábia Saudita,23513373952,19.253,1,0,122125543560
2011,699,Índia,270900,Petróleo bruto,368,Iraque,17355725913,14.211,2,0,122125543560
2011,699,Índia,270900,Petróleo bruto,566,Nigéria,12767060715,10.454,3,0,122125543560
2011,699,Índia,270900,Petróleo bruto,414,Kuwait,12559190056,10.284,4,0,122125543560
2011,699,Índia,270900,Petróleo bruto,784,Emirados Árabes Unidos,10815659747,8.856,5,0,122125543560
2011,699,Índia,270900,Petróleo bruto,24,Angola,5944948844,4.868,8,1,122125543560
2011,699,Índia,271019,Gasóleo e combustíveis médios e pesados,702,Singapura,2014151256,42.656,1,0,4721879757
2011,699,Índia,271019,Gasóleo e combustíveis médios e pesados,410,Coreia do Sul,746515173,15.81,2,0,4721879757
2011,699,Índia,271019,Gasóleo e combustíveis médios e pesados,784,Emirados Árabes Unidos,423076251,8.96,3,0,4721879757
2011,699,Índia,271019,Gasóleo e combustíveis médios e pesados,682,Arábia Saudita,222628816,4.715,4,0,4721879757
2011,699,Índia,271019,Gasóleo e combustíveis médios e pesados,48,Barém,166740743,3.531,5,0,4721879757
2011,699,Índia,271019,Gasóleo e combustíveis médios e pesados,24,Angola,55750,0.001,62,1,4721879757
2011,699,Índia,271111,Gás natural liquefeito (GNL),634,Catar,4172719465,69.43,1,0,6009937437
2011,699,Índia,271111,Gás natural liquefeito (GNL),566,Nigéria,688929340,11.463,2,0,6009937437
2011,699,Índia,271111,Gás natural liquefeito (GNL),818,Egito,284313791,4.731,3,0,6009937437
2011,699,Índia,271111,Gás natural liquefeito (GNL),780,Trinidad and Tobago,195952763,3.26,4,0,6009937437
2011,699,Índia,271111,Gás natural liquefeito (GNL),842,EUA,155526981,2.588,5,0,6009937437
2011,699,Índia,710221,Diamantes industriais em bruto,56,Bélgica,421125,44.642,1,0,943336
2011,699,Índia,710221,Diamantes industriais em bruto,344,Hong Kong (RAEHK),241914,25.645,2,0,943336
2011,699,Índia,710221,Diamantes industriais em bruto,178,Congo,160825,17.049,3,0,943336
2011,699,Índia,710221,Diamantes industriais em bruto,710,África do Sul,79939,8.474,4,0,943336
2011,699,Índia,710221,Diamantes industriais em bruto,842,EUA,27557,2.921,5,0,943336
2011,699,Índia,890190,Navios de carga,156,China,206432838,58.066,1,0,355513814
2011,699,Índia,890190,Navios de carga,528,Países Baixos,43331738,12.188,2,0,355513814
2011,699,Índia,890190,Navios de carga,792,Turquia,37010909,10.411,3,0,355513814
2011,699,Índia,890190,Navios de carga,842,EUA,25063874,7.05,4,0,355513814
2011,699,Índia,890190,Navios de carga,208,Dinamarca,21339871,6.003,5,0,355513814
2011,842,EUA,270740,Naftaleno,124,Canadá,15638343,79.798,1,0,19597435
2011,842,EUA,270740,Naftaleno,724,Espanha,3570717,18.22,2,0,19597435
2011,842,EUA,270740,Naftaleno,528,Países Baixos,289663,1.478,3,0,19597435
2011,842,EUA,270740,Naftaleno,156,China,78754,0.402,4,0,19597435
2011,842,EUA,270740,Naftaleno,276,Alemanha,13544,0.069,5,0,19597435
2011,842,EUA,270900,Petróleo bruto,124,Canadá,69146509060,20.171,1,0,342801958373
2011,842,EUA,270900,Petróleo bruto,682,Arábia Saudita,47041733498,13.723,2,0,342801958373
2011,842,EUA,270900,Petróleo bruto,484,México,39992263837,11.666,3,0,342801958373
2011,842,EUA,270900,Petróleo bruto,862,Venezuela,37913593888,11.06,4,0,342801958373
2011,842,EUA,270900,Petróleo bruto,566,Nigéria,32339865600,9.434,5,0,342801958373
2011,842,EUA,270900,Petróleo bruto,24,Angola,13151474828,3.836,8,1,342801958373
2011,842,EUA,271019,Gasóleo e combustíveis médios e pesados,643,Rússia,15850322971,28.742,1,0,55146549229
2011,842,EUA,271019,Gasóleo e combustíveis médios e pesados,124,Canadá,8729116477,15.829,2,0,55146549229
2011,842,EUA,271019,Gasóleo e combustíveis médios e pesados,12,Argélia,4243024495,7.694,3,0,55146549229
2011,842,EUA,271019,Gasóleo e combustíveis médios e pesados,533,Aruba,2969104637,5.384,4,0,55146549229
2011,842,EUA,271019,Gasóleo e combustíveis médios e pesados,484,México,2460040277,4.461,5,0,55146549229
2011,842,EUA,271019,Gasóleo e combustíveis médios e pesados,24,Angola,487469816,0.884,18,1,55146549229
2011,842,EUA,271111,Gás natural liquefeito (GNL),780,Trinidad and Tobago,817958320,38.273,1,0,2137180461
2011,842,EUA,271111,Gás natural liquefeito (GNL),634,Catar,555492061,25.992,2,0,2137180461
2011,842,EUA,271111,Gás natural liquefeito (GNL),887,Yemen,340352516,15.925,3,0,2137180461
2011,842,EUA,271111,Gás natural liquefeito (GNL),818,Egito,173973646,8.14,4,0,2137180461
2011,842,EUA,271111,Gás natural liquefeito (GNL),604,Peru,133579184,6.25,5,0,2137180461
2011,842,EUA,710221,Diamantes industriais em bruto,72,Botsuana,32519381,67.29,1,0,48327206
2011,842,EUA,710221,Diamantes industriais em bruto,710,África do Sul,10496580,21.72,2,0,48327206
2011,842,EUA,710221,Diamantes industriais em bruto,699,Índia,1329326,2.751,3,0,48327206
2011,842,EUA,710221,Diamantes industriais em bruto,516,Namíbia,1233753,2.553,4,0,48327206
2011,842,EUA,710221,Diamantes industriais em bruto,36,Austrália,1048405,2.169,5,0,48327206
2011,842,EUA,890190,Navios de carga,484,México,903734,63.301,1,0,1427683
2011,842,EUA,890190,Navios de carga,528,Países Baixos,226502,15.865,2,0,1427683
2011,842,EUA,890190,Navios de carga,124,Canadá,207968,14.567,3,0,1427683
2011,842,EUA,890190,Navios de carga,251,França,52837,3.701,4,0,1427683
2011,842,EUA,890190,Navios de carga,579,Noruega,19300,1.352,5,0,1427683
2011,842,EUA,890520,Plataformas de perfuração ou produção,703,Eslováquia,530790,80.448,1,0,659793
2011,842,EUA,890520,Plataformas de perfuração ou produção,826,Reino Unido,129003,19.552,2,0,659793
2012,124,Canadá,270740,Naftaleno,804,Ucrânia,1127367,53.88,1,0,2092370
2012,124,Canadá,270740,Naftaleno,392,Japão,394404,18.85,2,0,2092370
2012,124,Canadá,270740,Naftaleno,842,EUA,369173,17.644,3,0,2092370
2012,124,Canadá,270740,Naftaleno,826,Reino Unido,195322,9.335,4,0,2092370
2012,124,Canadá,270740,Naftaleno,156,China,5866,0.28,5,0,2092370
2012,124,Canadá,270900,Petróleo bruto,12,Argélia,5969140188,20.038,1,0,29788759667
2012,124,Canadá,270900,Petróleo bruto,368,Iraque,3938120863,13.22,2,0,29788759667
2012,124,Canadá,270900,Petróleo bruto,579,Noruega,3107796465,10.433,3,0,29788759667
2012,124,Canadá,270900,Petróleo bruto,398,Cazaquistão,2966305679,9.958,4,0,29788759667
2012,124,Canadá,270900,Petróleo bruto,682,Arábia Saudita,2488794449,8.355,5,0,29788759667
2012,124,Canadá,270900,Petróleo bruto,24,Angola,1930372689,6.48,8,1,29788759667
2012,124,Canadá,271012,Gasolinas e destilados leves,842,EUA,5087189452,54.804,1,0,9282581616
2012,124,Canadá,271012,Gasolinas e destilados leves,528,Países Baixos,1902582156,20.496,2,0,9282581616
2012,124,Canadá,271012,Gasolinas e destilados leves,826,Reino Unido,556753782,5.998,3,0,9282581616
2012,124,Canadá,271012,Gasolinas e destilados leves,484,México,372177436,4.009,4,0,9282581616
2012,124,Canadá,271012,Gasolinas e destilados leves,56,Bélgica,275454962,2.967,5,0,9282581616
2012,124,Canadá,271019,Gasóleo e combustíveis médios e pesados,842,EUA,4266009479,70.572,1,0,6044867730
2012,124,Canadá,271019,Gasóleo e combustíveis médios e pesados,528,Países Baixos,226674672,3.75,2,0,6044867730
2012,124,Canadá,271019,Gasóleo e combustíveis médios e pesados,682,Arábia Saudita,226581687,3.748,3,0,6044867730
2012,124,Canadá,271019,Gasóleo e combustíveis médios e pesados,724,Espanha,192752076,3.189,4,0,6044867730
2012,124,Canadá,271019,Gasóleo e combustíveis médios e pesados,643,Rússia,169487438,2.804,5,0,6044867730
2012,124,Canadá,271111,Gás natural liquefeito (GNL),634,Catar,135319268,45.882,1,0,294927108
2012,124,Canadá,271111,Gás natural liquefeito (GNL),842,EUA,108768579,36.88,2,0,294927108
2012,124,Canadá,271111,Gás natural liquefeito (GNL),780,Trinidad and Tobago,50839183,17.238,3,0,294927108
2012,124,Canadá,271111,Gás natural liquefeito (GNL),490,Taiwan (Prov. China),78,0.0,4,0,294927108
2012,124,Canadá,710221,Diamantes industriais em bruto,710,África do Sul,1543055,59.249,1,0,2604362
2012,124,Canadá,710221,Diamantes industriais em bruto,56,Bélgica,282023,10.829,2,0,2604362
2012,124,Canadá,710221,Diamantes industriais em bruto,36,Austrália,273722,10.51,3,0,2604362
2012,124,Canadá,710221,Diamantes industriais em bruto,842,EUA,207524,7.968,4,0,2604362
2012,124,Canadá,710221,Diamantes industriais em bruto,72,Botsuana,185990,7.141,5,0,2604362
2012,124,Canadá,890190,Navios de carga,156,China,24941860,79.531,1,0,31361070
2012,124,Canadá,890190,Navios de carga,842,EUA,6418688,20.467,2,0,31361070
2012,124,Canadá,890190,Navios de carga,344,Hong Kong (RAEHK),295,0.001,3,0,31361070
2012,124,Canadá,890190,Navios de carga,300,Grécia,197,0.001,4,0,31361070
2012,124,Canadá,890190,Navios de carga,792,Turquia,30,0.0,5,0,31361070
2012,124,Canadá,890520,Plataformas de perfuração ou produção,842,EUA,2914,100.0,1,0,2914
2012,156,China,270740,Naftaleno,392,Japão,28281495,86.407,1,0,32730548
2012,156,China,270740,Naftaleno,804,Ucrânia,3555367,10.863,2,0,32730548
2012,156,China,270740,Naftaleno,643,Rússia,617792,1.888,3,0,32730548
2012,156,China,270740,Naftaleno,490,Taiwan (Prov. China),197272,0.603,4,0,32730548
2012,156,China,270740,Naftaleno,642,Roménia,75428,0.23,5,0,32730548
2012,156,China,270900,Petróleo bruto,682,Arábia Saudita,44165045207,20.003,1,0,220793843089
2012,156,China,270900,Petróleo bruto,24,Angola,33373390248,15.115,2,1,220793843089
2012,156,China,270900,Petróleo bruto,643,Rússia,20485270871,9.278,3,0,220793843089
2012,156,China,270900,Petróleo bruto,364,Irão,17800741137,8.062,4,0,220793843089
2012,156,China,270900,Petróleo bruto,512,Omã,15818658133,7.164,5,0,220793843089
2012,156,China,270900,Petróleo bruto,368,Iraque,12649171736,5.729,6,0,220793843089
2012,156,China,271012,Gasolinas e destilados leves,410,Coreia do Sul,1418128240,42.168,1,0,3363028674
2012,156,China,271012,Gasolinas e destilados leves,364,Irão,360827014,10.729,2,0,3363028674
2012,156,China,271012,Gasolinas e destilados leves,699,Índia,327780246,9.747,3,0,3363028674
2012,156,China,271012,Gasolinas e destilados leves,842,EUA,220258342,6.549,4,0,3363028674
2012,156,China,271012,Gasolinas e destilados leves,528,Países Baixos,190471910,5.664,5,0,3363028674
2012,156,China,271019,Gasóleo e combustíveis médios e pesados,410,Coreia do Sul,7779370351,26.311,1,0,29566478943
2012,156,China,271019,Gasóleo e combustíveis médios e pesados,643,Rússia,6115882709,20.685,2,0,29566478943
2012,156,China,271019,Gasóleo e combustíveis médios e pesados,702,Singapura,4675628148,15.814,3,0,29566478943
2012,156,China,271019,Gasóleo e combustíveis médios e pesados,862,Venezuela,3192975554,10.799,4,0,29566478943
2012,156,China,271019,Gasóleo e combustíveis médios e pesados,458,Malásia,2284573109,7.727,5,0,29566478943
2012,156,China,271111,Gás natural liquefeito (GNL),634,Catar,4869502069,58.837,1,0,8276317270
2012,156,China,271111,Gás natural liquefeito (GNL),458,Malásia,781675316,9.445,2,0,8276317270
2012,156,China,271111,Gás natural liquefeito (GNL),36,Austrália,638768352,7.718,3,0,8276317270
2012,156,China,271111,Gás natural liquefeito (GNL),360,Indonésia,527280234,6.371,4,0,8276317270
2012,156,China,271111,Gás natural liquefeito (GNL),887,Yemen,432046823,5.22,5,0,8276317270
2012,156,China,710221,Diamantes industriais em bruto,56,Bélgica,1522353,46.059,1,0,3305251
2012,156,China,710221,Diamantes industriais em bruto,36,Austrália,590202,17.856,2,0,3305251
2012,156,China,710221,Diamantes industriais em bruto,699,Índia,557773,16.875,3,0,3305251
2012,156,China,710221,Diamantes industriais em bruto,344,Hong Kong (RAEHK),266915,8.075,4,0,3305251
2012,156,China,710221,Diamantes industriais em bruto,710,África do Sul,158086,4.783,5,0,3305251
2012,156,China,890190,Navios de carga,392,Japão,56996017,33.964,1,0,167813504
2012,156,China,890190,Navios de carga,410,Coreia do Sul,39498147,23.537,2,0,167813504
2012,156,China,890190,Navios de carga,579,Noruega,34500000,20.559,3,0,167813504
2012,156,China,890190,Navios de carga,156,China,24596091,14.657,4,0,167813504
2012,156,China,890190,Navios de carga,276,Alemanha,6500000,3.873,5,0,167813504
2012,156,China,890520,Plataformas de perfuração ou produção,410,Coreia do Sul,91707504,91.793,1,0,99907001
2012,156,China,890520,Plataformas de perfuração ou produção,251,França,6715819,6.722,2,0,99907001
2012,156,China,890520,Plataformas de perfuração ou produção,792,Turquia,1483678,1.485,3,0,99907001
2012,251,França,270740,Naftaleno,724,Espanha,194795105,66.753,1,0,291815290
2012,251,França,270740,Naftaleno,616,Polónia,55737685,19.1,2,0,291815290
2012,251,França,270740,Naftaleno,620,Portugal,21424672,7.342,3,0,291815290
2012,251,França,270740,Naftaleno,528,Países Baixos,18492255,6.337,4,0,291815290
2012,251,França,270740,Naftaleno,276,Alemanha,1330264,0.456,5,0,291815290
2012,251,França,270900,Petróleo bruto,643,Rússia,6585028426,13.825,1,0,47630969576
2012,251,França,270900,Petróleo bruto,682,Arábia Saudita,6362146299,13.357,2,0,47630969576
2012,251,França,270900,Petróleo bruto,398,Cazaquistão,6337412134,13.305,3,0,47630969576
2012,251,França,270900,Petróleo bruto,434,Libya,5358811244,11.251,4,0,47630969576
2012,251,França,270900,Petróleo bruto,579,Noruega,4856718025,10.197,5,0,47630969576
2012,251,França,270900,Petróleo bruto,24,Angola,1124630957,2.361,12,1,47630969576
2012,251,França,271012,Gasolinas e destilados leves,643,Rússia,663016212,20.752,1,0,3194930495
2012,251,França,271012,Gasolinas e destilados leves,724,Espanha,402770625,12.607,2,0,3194930495
2012,251,França,271012,Gasolinas e destilados leves,826,Reino Unido,252373666,7.899,3,0,3194930495
2012,251,França,271012,Gasolinas e destilados leves,56,Bélgica,246450549,7.714,4,0,3194930495
2012,251,França,271012,Gasolinas e destilados leves,380,Itália,212320092,6.646,5,0,3194930495
2012,251,França,271019,Gasóleo e combustíveis médios e pesados,643,Rússia,5496573401,17.635,1,0,31168995923
2012,251,França,271019,Gasóleo e combustíveis médios e pesados,842,EUA,4650418008,14.92,2,0,31168995923
2012,251,França,271019,Gasóleo e combustíveis médios e pesados,528,Países Baixos,4024431866,12.912,3,0,31168995923
2012,251,França,271019,Gasóleo e combustíveis médios e pesados,826,Reino Unido,3025477315,9.707,4,0,31168995923
2012,251,França,271019,Gasóleo e combustíveis médios e pesados,56,Bélgica,1946395521,6.245,5,0,31168995923
2012,251,França,271019,Gasóleo e combustíveis médios e pesados,24,Angola,2441,0.0,64,1,31168995923
2012,251,França,271111,Gás natural liquefeito (GNL),12,Argélia,2019914856,45.616,1,0,4428103119
2012,251,França,271111,Gás natural liquefeito (GNL),566,Nigéria,1102324691,24.894,2,0,4428103119
2012,251,França,271111,Gás natural liquefeito (GNL),634,Catar,764581166,17.267,3,0,4428103119
2012,251,França,271111,Gás natural liquefeito (GNL),818,Egito,463931104,10.477,4,0,4428103119
2012,251,França,271111,Gás natural liquefeito (GNL),579,Noruega,69479076,1.569,5,0,4428103119
2012,251,França,710221,Diamantes industriais em bruto,56,Bélgica,599702,80.81,1,0,742117
2012,251,França,710221,Diamantes industriais em bruto,757,Suíça,98016,13.208,2,0,742117
2012,251,França,710221,Diamantes industriais em bruto,528,Países Baixos,30926,4.167,3,0,742117
2012,251,França,710221,Diamantes industriais em bruto,276,Alemanha,10479,1.412,4,0,742117
2012,251,França,710221,Diamantes industriais em bruto,826,Reino Unido,2994,0.403,5,0,742117
2012,251,França,890190,Navios de carga,579,Noruega,32652220,61.349,1,0,53223428
2012,251,França,890190,Navios de carga,528,Países Baixos,17958209,33.741,2,0,53223428
2012,251,França,890190,Navios de carga,642,Roménia,2132070,4.006,3,0,53223428
2012,251,França,890190,Navios de carga,276,Alemanha,266296,0.5,4,0,53223428
2012,251,França,890190,Navios de carga,380,Itália,146019,0.274,5,0,53223428
2012,251,França,890520,Plataformas de perfuração ou produção,842,EUA,554,100.0,1,0,554
2012,699,Índia,270740,Naftaleno,804,Ucrânia,11671958,32.141,1,0,36314718
2012,699,Índia,270740,Naftaleno,643,Rússia,5764835,15.875,2,0,36314718
2012,699,Índia,270740,Naftaleno,203,Chéquia,4535843,12.49,3,0,36314718
2012,699,Índia,270740,Naftaleno,208,Dinamarca,4354537,11.991,4,0,36314718
2012,699,Índia,270740,Naftaleno,724,Espanha,1718672,4.733,5,0,36314718
2012,699,Índia,270900,Petróleo bruto,682,Arábia Saudita,27674008347,18.603,1,0,148757012850
2012,699,Índia,270900,Petróleo bruto,368,Iraque,19426500558,13.059,2,0,148757012850
2012,699,Índia,270900,Petróleo bruto,414,Kuwait,15593704300,10.483,3,0,148757012850
2012,699,Índia,270900,Petróleo bruto,566,Nigéria,13047918493,8.771,4,0,148757012850
2012,699,Índia,270900,Petróleo bruto,784,Emirados Árabes Unidos,12968658534,8.718,5,0,148757012850
2012,699,Índia,270900,Petróleo bruto,24,Angola,7951254612,5.345,8,1,148757012850
2012,699,Índia,271019,Gasóleo e combustíveis médios e pesados,702,Singapura,918807827,26.644,1,0,3448457673
2012,699,Índia,271019,Gasóleo e combustíveis médios e pesados,410,Coreia do Sul,786181564,22.798,2,0,3448457673
2012,699,Índia,271019,Gasóleo e combustíveis médios e pesados,784,Emirados Árabes Unidos,437546026,12.688,3,0,3448457673
2012,699,Índia,271019,Gasóleo e combustíveis médios e pesados,458,Malásia,312278749,9.056,4,0,3448457673
2012,699,Índia,271019,Gasóleo e combustíveis médios e pesados,842,EUA,111645256,3.238,5,0,3448457673
2012,699,Índia,271019,Gasóleo e combustíveis médios e pesados,24,Angola,27681,0.001,70,1,3448457673
2012,699,Índia,271111,Gás natural liquefeito (GNL),634,Catar,5875536277,75.366,1,0,7795964820
2012,699,Índia,271111,Gás natural liquefeito (GNL),566,Nigéria,751297035,9.637,2,0,7795964820
2012,699,Índia,271111,Gás natural liquefeito (GNL),818,Egito,399132640,5.12,3,0,7795964820
2012,699,Índia,271111,Gás natural liquefeito (GNL),12,Argélia,361664364,4.639,4,0,7795964820
2012,699,Índia,271111,Gás natural liquefeito (GNL),887,Yemen,201346836,2.583,5,0,7795964820
2012,699,Índia,710221,Diamantes industriais em bruto,784,Emirados Árabes Unidos,604307,41.342,1,0,1461740
2012,699,Índia,710221,Diamantes industriais em bruto,56,Bélgica,318689,21.802,2,0,1461740
2012,699,Índia,710221,Diamantes industriais em bruto,344,Hong Kong (RAEHK),228559,15.636,3,0,1461740
2012,699,Índia,710221,Diamantes industriais em bruto,178,Congo,219949,15.047,4,0,1461740
2012,699,Índia,710221,Diamantes industriais em bruto,710,África do Sul,53804,3.681,5,0,1461740
2012,699,Índia,890190,Navios de carga,702,Singapura,176324513,24.045,1,0,733295619
2012,699,Índia,890190,Navios de carga,579,Noruega,168781011,23.017,2,0,733295619
2012,699,Índia,890190,Navios de carga,144,Sri Lanka,122239272,16.67,3,0,733295619
2012,699,Índia,890190,Navios de carga,410,Coreia do Sul,110088444,15.013,4,0,733295619
2012,699,Índia,890190,Navios de carga,842,EUA,101844465,13.889,5,0,733295619
2012,699,Índia,890520,Plataformas de perfuração ou produção,410,Coreia do Sul,897152978,50.831,1,0,1764968110
2012,699,Índia,890520,Plataformas de perfuração ou produção,702,Singapura,414375205,23.478,2,0,1764968110
2012,699,Índia,890520,Plataformas de perfuração ou produção,842,EUA,282293719,15.994,3,0,1764968110
2012,699,Índia,890520,Plataformas de perfuração ou produção,392,Japão,171146208,9.697,4,0,1764968110
2012,842,EUA,270740,Naftaleno,124,Canadá,12932354,70.759,1,0,18276600
2012,842,EUA,270740,Naftaleno,724,Espanha,3190448,17.456,2,0,18276600
2012,842,EUA,270740,Naftaleno,528,Países Baixos,1196668,6.548,3,0,18276600
2012,842,EUA,270740,Naftaleno,208,Dinamarca,786305,4.302,4,0,18276600
2012,842,EUA,270740,Naftaleno,276,Alemanha,140923,0.771,5,0,18276600
2012,842,EUA,270900,Petróleo bruto,124,Canadá,74214173234,23.046,1,0,322024504395
2012,842,EUA,270900,Petróleo bruto,682,Arábia Saudita,55590108021,17.263,2,0,322024504395
2012,842,EUA,270900,Petróleo bruto,484,México,37557021163,11.663,3,0,322024504395
2012,842,EUA,270900,Petróleo bruto,862,Venezuela,34643062347,10.758,4,0,322024504395
2012,842,EUA,270900,Petróleo bruto,368,Iraque,19610928418,6.09,5,0,322024504395
2012,842,EUA,270900,Petróleo bruto,24,Angola,9450711645,2.935,9,1,322024504395
2012,842,EUA,271012,Gasolinas e destilados leves,124,Canadá,7199995521,19.215,1,0,37470538368
2012,842,EUA,271012,Gasolinas e destilados leves,826,Reino Unido,5961926759,15.911,2,0,37470538368
2012,842,EUA,271012,Gasolinas e destilados leves,528,Países Baixos,3951993698,10.547,3,0,37470538368
2012,842,EUA,271012,Gasolinas e destilados leves,699,Índia,2465225846,6.579,4,0,37470538368
2012,842,EUA,271012,Gasolinas e destilados leves,724,Espanha,2099300319,5.603,5,0,37470538368
2012,842,EUA,271012,Gasolinas e destilados leves,24,Angola,7253257,0.019,55,1,37470538368
2012,842,EUA,271019,Gasóleo e combustíveis médios e pesados,643,Rússia,16540546613,30.455,1,0,54310664636
2012,842,EUA,271019,Gasóleo e combustíveis médios e pesados,124,Canadá,9491183827,17.476,2,0,54310664636
2012,842,EUA,271019,Gasóleo e combustíveis médios e pesados,12,Argélia,4091110172,7.533,3,0,54310664636
2012,842,EUA,271019,Gasóleo e combustíveis médios e pesados,410,Coreia do Sul,2799327857,5.154,4,0,54310664636
2012,842,EUA,271019,Gasóleo e combustíveis médios e pesados,862,Venezuela,2106616494,3.879,5,0,54310664636
2012,842,EUA,271019,Gasóleo e combustíveis médios e pesados,24,Angola,464803478,0.856,18,1,54310664636
2012,842,EUA,271111,Gás natural liquefeito (GNL),780,Trinidad and Tobago,904679498,74.972,1,0,1206688959
2012,842,EUA,271111,Gás natural liquefeito (GNL),887,Yemen,96083628,7.963,2,0,1206688959
2012,842,EUA,271111,Gás natural liquefeito (GNL),634,Catar,88909991,7.368,3,0,1206688959
2012,842,EUA,271111,Gás natural liquefeito (GNL),579,Noruega,68857676,5.706,4,0,1206688959
2012,842,EUA,271111,Gás natural liquefeito (GNL),566,Nigéria,39110101,3.241,5,0,1206688959
2012,842,EUA,710221,Diamantes industriais em bruto,72,Botsuana,21605679,60.531,1,0,35693564
2012,842,EUA,710221,Diamantes industriais em bruto,710,África do Sul,8718369,24.426,2,0,35693564
2012,842,EUA,710221,Diamantes industriais em bruto,699,Índia,1318843,3.695,3,0,35693564
2012,842,EUA,710221,Diamantes industriais em bruto,516,Namíbia,1269468,3.557,4,0,35693564
2012,842,EUA,710221,Diamantes industriais em bruto,56,Bélgica,1140180,3.194,5,0,35693564
2012,842,EUA,890190,Navios de carga,36,Austrália,10003289,76.148,1,0,13136619
2012,842,EUA,890190,Navios de carga,484,México,2245366,17.092,2,0,13136619
2012,842,EUA,890190,Navios de carga,124,Canadá,434482,3.307,3,0,13136619
2012,842,EUA,890190,Navios de carga,528,Países Baixos,212811,1.62,4,0,13136619
2012,842,EUA,890190,Navios de carga,56,Bélgica,150000,1.142,5,0,13136619
2012,842,EUA,890520,Plataformas de perfuração ou produção,702,Singapura,496923691,83.237,1,0,597000345
2012,842,EUA,890520,Plataformas de perfuração ou produção,826,Reino Unido,100076654,16.763,2,0,597000345
2013,124,Canadá,270740,Naftaleno,804,Ucrânia,1078944,44.296,1,0,2435754
2013,124,Canadá,270740,Naftaleno,392,Japão,662846,27.213,2,0,2435754
2013,124,Canadá,270740,Naftaleno,842,EUA,624922,25.656,3,0,2435754
2013,124,Canadá,270740,Naftaleno,826,Reino Unido,69042,2.835,4,0,2435754
2013,124,Canadá,270900,Petróleo bruto,842,EUA,4903730660,18.689,1,0,26237946570
2013,124,Canadá,270900,Petróleo bruto,12,Argélia,3248834207,12.382,2,0,26237946570
2013,124,Canadá,270900,Petróleo bruto,368,Iraque,3115213683,11.873,3,0,26237946570
2013,124,Canadá,270900,Petróleo bruto,579,Noruega,2992778339,11.406,4,0,26237946570
2013,124,Canadá,270900,Petróleo bruto,682,Arábia Saudita,2568138059,9.788,5,0,26237946570
2013,124,Canadá,270900,Petróleo bruto,24,Angola,1507165700,5.744,7,1,26237946570
2013,124,Canadá,271012,Gasolinas e destilados leves,842,EUA,7365845690,67.429,1,0,10923924784
2013,124,Canadá,271012,Gasolinas e destilados leves,528,Países Baixos,1528444176,13.992,2,0,10923924784
2013,124,Canadá,271012,Gasolinas e destilados leves,484,México,623626631,5.709,3,0,10923924784
2013,124,Canadá,271012,Gasolinas e destilados leves,826,Reino Unido,477800065,4.374,4,0,10923924784
2013,124,Canadá,271012,Gasolinas e destilados leves,246,Finlândia,304907120,2.791,5,0,10923924784
2013,124,Canadá,271019,Gasóleo e combustíveis médios e pesados,842,EUA,5240596795,81.754,1,0,6410175816
2013,124,Canadá,271019,Gasóleo e combustíveis médios e pesados,528,Países Baixos,183807658,2.867,2,0,6410175816
2013,124,Canadá,271019,Gasóleo e combustíveis médios e pesados,699,Índia,160732517,2.507,3,0,6410175816
2013,124,Canadá,271019,Gasóleo e combustíveis médios e pesados,724,Espanha,159003517,2.48,4,0,6410175816
2013,124,Canadá,271019,Gasóleo e combustíveis médios e pesados,643,Rússia,87259303,1.361,5,0,6410175816
2013,124,Canadá,271111,Gás natural liquefeito (GNL),634,Catar,128860248,82.296,1,0,156581118
2013,124,Canadá,271111,Gás natural liquefeito (GNL),780,Trinidad and Tobago,26105715,16.672,2,0,156581118
2013,124,Canadá,271111,Gás natural liquefeito (GNL),842,EUA,1615023,1.031,3,0,156581118
2013,124,Canadá,271111,Gás natural liquefeito (GNL),251,França,70,0.0,4,0,156581118
2013,124,Canadá,271111,Gás natural liquefeito (GNL),170,Colômbia,62,0.0,5,0,156581118
2013,124,Canadá,710221,Diamantes industriais em bruto,710,África do Sul,1074928,65.845,1,0,1632501
2013,124,Canadá,710221,Diamantes industriais em bruto,56,Bélgica,196222,12.02,2,0,1632501
2013,124,Canadá,710221,Diamantes industriais em bruto,36,Austrália,144069,8.825,3,0,1632501
2013,124,Canadá,710221,Diamantes industriais em bruto,180,RD Congo,85755,5.253,4,0,1632501
2013,124,Canadá,710221,Diamantes industriais em bruto,842,EUA,83638,5.123,5,0,1632501
2013,124,Canadá,890190,Navios de carga,156,China,169607559,40.641,1,0,417326609
2013,124,Canadá,890190,Navios de carga,276,Alemanha,96476177,23.118,2,0,417326609
2013,124,Canadá,890190,Navios de carga,702,Singapura,68766548,16.478,3,0,417326609
2013,124,Canadá,890190,Navios de carga,191,Croácia,48275651,11.568,4,0,417326609
2013,124,Canadá,890190,Navios de carga,579,Noruega,13687907,3.28,5,0,417326609
2013,124,Canadá,890520,Plataformas de perfuração ou produção,842,EUA,7160,100.0,1,0,7160
2013,156,China,270740,Naftaleno,392,Japão,27970927,98.385,1,0,28430159
2013,156,China,270740,Naftaleno,804,Ucrânia,256822,0.903,2,0,28430159
2013,156,China,270740,Naftaleno,490,Taiwan (Prov. China),156518,0.551,3,0,28430159
2013,156,China,270740,Naftaleno,704,Vietname,43394,0.153,4,0,28430159
2013,156,China,270740,Naftaleno,842,EUA,1934,0.007,5,0,28430159
2013,156,China,270900,Petróleo bruto,682,Arábia Saudita,42368087201,19.288,1,0,219660366018
2013,156,China,270900,Petróleo bruto,24,Angola,31808646588,14.481,2,1,219660366018
2013,156,China,270900,Petróleo bruto,512,Omã,19932095656,9.074,3,0,219660366018
2013,156,China,270900,Petróleo bruto,643,Rússia,19742628301,8.988,4,0,219660366018
2013,156,China,270900,Petróleo bruto,368,Iraque,17899812009,8.149,5,0,219660366018
2013,156,China,270900,Petróleo bruto,364,Irão,16887584035,7.688,6,0,219660366018
2013,156,China,271012,Gasolinas e destilados leves,410,Coreia do Sul,1487035864,39.553,1,0,3759631579
2013,156,China,271012,Gasolinas e destilados leves,528,Países Baixos,565073415,15.03,2,0,3759631579
2013,156,China,271012,Gasolinas e destilados leves,12,Argélia,382885025,10.184,3,0,3759631579
2013,156,China,271012,Gasolinas e destilados leves,764,Tailândia,286535289,7.621,4,0,3759631579
2013,156,China,271012,Gasolinas e destilados leves,643,Rússia,214789751,5.713,5,0,3759631579
2013,156,China,271019,Gasóleo e combustíveis médios e pesados,410,Coreia do Sul,6473902525,25.066,1,0,25827759426
2013,156,China,271019,Gasóleo e combustíveis médios e pesados,702,Singapura,4073185160,15.771,2,0,25827759426
2013,156,China,271019,Gasóleo e combustíveis médios e pesados,643,Rússia,3898666302,15.095,3,0,25827759426
2013,156,China,271019,Gasóleo e combustíveis médios e pesados,862,Venezuela,2406616447,9.318,4,0,25827759426
2013,156,China,271019,Gasóleo e combustíveis médios e pesados,458,Malásia,2210690138,8.559,5,0,25827759426
2013,156,China,271111,Gás natural liquefeito (GNL),634,Catar,6265174297,58.821,1,0,10651167998
2013,156,China,271111,Gás natural liquefeito (GNL),458,Malásia,1124128184,10.554,2,0,10651167998
2013,156,China,271111,Gás natural liquefeito (GNL),887,Yemen,835850369,7.847,3,0,10651167998
2013,156,China,271111,Gás natural liquefeito (GNL),36,Austrália,640529903,6.014,4,0,10651167998
2013,156,China,271111,Gás natural liquefeito (GNL),360,Indonésia,496678903,4.663,5,0,10651167998
2013,156,China,271111,Gás natural liquefeito (GNL),24,Angola,59474777,0.558,10,1,10651167998
2013,156,China,710221,Diamantes industriais em bruto,56,Bélgica,839848,29.544,1,0,2842728
2013,156,China,710221,Diamantes industriais em bruto,699,Índia,634784,22.33,2,0,2842728
2013,156,China,710221,Diamantes industriais em bruto,710,África do Sul,355205,12.495,3,0,2842728
2013,156,China,710221,Diamantes industriais em bruto,643,Rússia,281528,9.903,4,0,2842728
2013,156,China,710221,Diamantes industriais em bruto,36,Austrália,186934,6.576,5,0,2842728
2013,156,China,890190,Navios de carga,410,Coreia do Sul,55300000,35.896,1,0,154056389
2013,156,China,890190,Navios de carga,156,China,40002265,25.966,2,0,154056389
2013,156,China,890190,Navios de carga,392,Japão,39546320,25.67,3,0,154056389
2013,156,China,890190,Navios de carga,642,Roménia,10365152,6.728,4,0,154056389
2013,156,China,890190,Navios de carga,616,Polónia,5350000,3.473,5,0,154056389
2013,156,China,890520,Plataformas de perfuração ou produção,392,Japão,150000000,39.557,1,0,379200430
2013,156,China,890520,Plataformas de perfuração ou produção,410,Coreia do Sul,137220430,36.187,2,0,379200430
2013,156,China,890520,Plataformas de perfuração ou produção,156,China,91980000,24.256,3,0,379200430
2013,251,França,270740,Naftaleno,724,Espanha,15482045,56.754,1,0,27279105
2013,251,França,270740,Naftaleno,620,Portugal,10504427,38.507,2,0,27279105
2013,251,França,270740,Naftaleno,276,Alemanha,756772,2.774,3,0,27279105
2013,251,França,270740,Naftaleno,203,Chéquia,417442,1.53,4,0,27279105
2013,251,França,270740,Naftaleno,528,Países Baixos,115442,0.423,5,0,27279105
2013,251,França,270900,Petróleo bruto,682,Arábia Saudita,7579558384,16.605,1,0,45645001599
2013,251,França,270900,Petróleo bruto,398,Cazaquistão,6735544284,14.756,2,0,45645001599
2013,251,França,270900,Petróleo bruto,643,Rússia,5065214169,11.097,3,0,45645001599
2013,251,França,270900,Petróleo bruto,579,Noruega,4663953815,10.218,4,0,45645001599
2013,251,França,270900,Petróleo bruto,434,Libya,4194930165,9.19,5,0,45645001599
2013,251,França,270900,Petróleo bruto,24,Angola,1189131948,2.605,10,1,45645001599
2013,251,França,271012,Gasolinas e destilados leves,724,Espanha,539975561,24.93,1,0,2165942767
2013,251,França,271012,Gasolinas e destilados leves,643,Rússia,322527158,14.891,2,0,2165942767
2013,251,França,271012,Gasolinas e destilados leves,56,Bélgica,298966955,13.803,3,0,2165942767
2013,251,França,271012,Gasolinas e destilados leves,842,EUA,197307792,9.11,4,0,2165942767
2013,251,França,271012,Gasolinas e destilados leves,528,Países Baixos,170923933,7.891,5,0,2165942767
2013,251,França,271019,Gasóleo e combustíveis médios e pesados,643,Rússia,6100372062,19.696,1,0,30973221891
2013,251,França,271019,Gasóleo e combustíveis médios e pesados,842,EUA,6008103081,19.398,2,0,30973221891
2013,251,França,271019,Gasóleo e combustíveis médios e pesados,528,Países Baixos,3202630334,10.34,3,0,30973221891
2013,251,França,271019,Gasóleo e combustíveis médios e pesados,56,Bélgica,2161647912,6.979,4,0,30973221891
2013,251,França,271019,Gasóleo e combustíveis médios e pesados,826,Reino Unido,2033619922,6.566,5,0,30973221891
2013,251,França,271019,Gasóleo e combustíveis médios e pesados,24,Angola,1065,0.0,78,1,30973221891
2013,251,França,271111,Gás natural liquefeito (GNL),12,Argélia,2325709299,60.1,1,0,3869763325
2013,251,França,271111,Gás natural liquefeito (GNL),634,Catar,890601554,23.014,2,0,3869763325
2013,251,França,271111,Gás natural liquefeito (GNL),566,Nigéria,531023381,13.722,3,0,3869763325
2013,251,França,271111,Gás natural liquefeito (GNL),818,Egito,38975423,1.007,4,0,3869763325
2013,251,França,271111,Gás natural liquefeito (GNL),579,Noruega,37012028,0.956,5,0,3869763325
2013,251,França,710221,Diamantes industriais em bruto,56,Bélgica,1298505,96.542,1,0,1345022
2013,251,França,710221,Diamantes industriais em bruto,826,Reino Unido,28090,2.088,2,0,1345022
2013,251,França,710221,Diamantes industriais em bruto,528,Países Baixos,14741,1.096,3,0,1345022
2013,251,França,710221,Diamantes industriais em bruto,276,Alemanha,3349,0.249,4,0,1345022
2013,251,França,710221,Diamantes industriais em bruto,842,EUA,224,0.017,5,0,1345022
2013,251,França,890190,Navios de carga,410,Coreia do Sul,299958828,81.973,1,0,365925076
2013,251,França,890190,Navios de carga,156,China,45853467,12.531,2,0,365925076
2013,251,França,890190,Navios de carga,579,Noruega,16805057,4.592,3,0,365925076
2013,251,França,890190,Navios de carga,688,Sérvia,1414861,0.387,4,0,365925076
2013,251,França,890190,Navios de carga,792,Turquia,1380653,0.377,5,0,365925076
2013,251,França,890520,Plataformas de perfuração ou produção,826,Reino Unido,88822,100.0,1,0,88822
2013,699,Índia,270740,Naftaleno,804,Ucrânia,12518685,27.39,1,0,45704579
2013,699,Índia,270740,Naftaleno,208,Dinamarca,7121741,15.582,2,0,45704579
2013,699,Índia,270740,Naftaleno,203,Chéquia,6734196,14.734,3,0,45704579
2013,699,Índia,270740,Naftaleno,643,Rússia,5757525,12.597,4,0,45704579
2013,699,Índia,270740,Naftaleno,392,Japão,2873024,6.286,5,0,45704579
2013,699,Índia,270900,Petróleo bruto,682,Arábia Saudita,31202907172,21.076,1,0,148046659173
2013,699,Índia,270900,Petróleo bruto,368,Iraque,20052488446,13.545,2,0,148046659173
2013,699,Índia,270900,Petróleo bruto,414,Kuwait,15588542518,10.529,3,0,148046659173
2013,699,Índia,270900,Petróleo bruto,862,Venezuela,14942565596,10.093,4,0,148046659173
2013,699,Índia,270900,Petróleo bruto,566,Nigéria,13140656640,8.876,5,0,148046659173
2013,699,Índia,270900,Petróleo bruto,24,Angola,6729543031,4.546,8,1,148046659173
2013,699,Índia,271012,Gasolinas e destilados leves,784,Emirados Árabes Unidos,355710503,26.917,1,0,1321496312
2013,699,Índia,271012,Gasolinas e destilados leves,702,Singapura,280379764,21.217,2,0,1321496312
2013,699,Índia,271012,Gasolinas e destilados leves,634,Catar,272312815,20.606,3,0,1321496312
2013,699,Índia,271012,Gasolinas e destilados leves,414,Kuwait,189557952,14.344,4,0,1321496312
2013,699,Índia,271012,Gasolinas e destilados leves,458,Malásia,67797964,5.13,5,0,1321496312
2013,699,Índia,271019,Gasóleo e combustíveis médios e pesados,410,Coreia do Sul,643402429,20.774,1,0,3097125743
2013,699,Índia,271019,Gasóleo e combustíveis médios e pesados,12,Argélia,523815405,16.913,2,0,3097125743
2013,699,Índia,271019,Gasóleo e combustíveis médios e pesados,784,Emirados Árabes Unidos,285382205,9.214,3,0,3097125743
2013,699,Índia,271019,Gasóleo e combustíveis médios e pesados,702,Singapura,245390880,7.923,4,0,3097125743
2013,699,Índia,271019,Gasóleo e combustíveis médios e pesados,458,Malásia,191584408,6.186,5,0,3097125743
2013,699,Índia,271019,Gasóleo e combustíveis médios e pesados,24,Angola,19947,0.001,57,1,3097125743
2013,699,Índia,271111,Gás natural liquefeito (GNL),634,Catar,7030550289,84.588,1,0,8311492227
2013,699,Índia,271111,Gás natural liquefeito (GNL),566,Nigéria,478087579,5.752,2,0,8311492227
2013,699,Índia,271111,Gás natural liquefeito (GNL),887,Yemen,386258264,4.647,3,0,8311492227
2013,699,Índia,271111,Gás natural liquefeito (GNL),818,Egito,235812772,2.837,4,0,8311492227
2013,699,Índia,271111,Gás natural liquefeito (GNL),579,Noruega,51390642,0.618,5,0,8311492227
2013,699,Índia,710221,Diamantes industriais em bruto,344,Hong Kong (RAEHK),112633428,97.947,1,0,114993779
2013,699,Índia,710221,Diamantes industriais em bruto,826,Reino Unido,1086595,0.945,2,0,114993779
2013,699,Índia,710221,Diamantes industriais em bruto,458,Malásia,966296,0.84,3,0,114993779
2013,699,Índia,710221,Diamantes industriais em bruto,702,Singapura,276846,0.241,4,0,114993779
2013,699,Índia,710221,Diamantes industriais em bruto,490,Taiwan (Prov. China),22075,0.019,5,0,114993779
2013,699,Índia,890190,Navios de carga,702,Singapura,94941094,51.633,1,0,183875284
2013,699,Índia,890190,Navios de carga,156,China,59281743,32.24,2,0,183875284
2013,699,Índia,890190,Navios de carga,899,"Areas, nes",14436546,7.851,3,0,183875284
2013,699,Índia,890190,Navios de carga,784,Emirados Árabes Unidos,9567299,5.203,4,0,183875284
2013,699,Índia,890190,Navios de carga,591,Panamá,4502749,2.449,5,0,183875284
2013,699,Índia,890520,Plataformas de perfuração ou produção,842,EUA,572111117,43.54,1,0,1313991016
2013,699,Índia,890520,Plataformas de perfuração ou produção,702,Singapura,500316606,38.076,2,0,1313991016
2013,699,Índia,890520,Plataformas de perfuração ou produção,784,Emirados Árabes Unidos,202934291,15.444,3,0,1313991016
2013,699,Índia,890520,Plataformas de perfuração ou produção,490,Taiwan (Prov. China),38629002,2.94,4,0,1313991016
2013,842,EUA,270740,Naftaleno,124,Canadá,11678734,35.667,1,0,32743973
2013,842,EUA,270740,Naftaleno,528,Países Baixos,6066524,18.527,2,0,32743973
2013,842,EUA,270740,Naftaleno,203,Chéquia,4709147,14.382,3,0,32743973
2013,842,EUA,270740,Naftaleno,208,Dinamarca,4494324,13.726,4,0,32743973
2013,842,EUA,270740,Naftaleno,724,Espanha,4337499,13.247,5,0,32743973
2013,842,EUA,270900,Petróleo bruto,124,Canadá,78481790711,28.081,1,0,279485061578
2013,842,EUA,270900,Petróleo bruto,682,Arábia Saudita,51551884515,18.445,2,0,279485061578
2013,842,EUA,270900,Petróleo bruto,484,México,32261956136,11.543,3,0,279485061578
2013,842,EUA,270900,Petróleo bruto,862,Venezuela,28154245083,10.074,4,0,279485061578
2013,842,EUA,270900,Petróleo bruto,170,Colômbia,14189718870,5.077,5,0,279485061578
2013,842,EUA,270900,Petróleo bruto,24,Angola,8285065676,2.964,10,1,279485061578
2013,842,EUA,271012,Gasolinas e destilados leves,124,Canadá,7221053755,21.042,1,0,34317718582
2013,842,EUA,271012,Gasolinas e destilados leves,826,Reino Unido,5643716720,16.445,2,0,34317718582
2013,842,EUA,271012,Gasolinas e destilados leves,699,Índia,2900186089,8.451,3,0,34317718582
2013,842,EUA,271012,Gasolinas e destilados leves,528,Países Baixos,2653696341,7.733,4,0,34317718582
2013,842,EUA,271012,Gasolinas e destilados leves,724,Espanha,1607364554,4.684,5,0,34317718582
2013,842,EUA,271019,Gasóleo e combustíveis médios e pesados,643,Rússia,16672652016,30.917,1,0,53926575345
2013,842,EUA,271019,Gasóleo e combustíveis médios e pesados,124,Canadá,9564417010,17.736,2,0,53926575345
2013,842,EUA,271019,Gasóleo e combustíveis médios e pesados,12,Argélia,3466821098,6.429,3,0,53926575345
2013,842,EUA,271019,Gasóleo e combustíveis médios e pesados,410,Coreia do Sul,2539860692,4.71,4,0,53926575345
2013,842,EUA,271019,Gasóleo e combustíveis médios e pesados,56,Bélgica,2108773498,3.91,5,0,53926575345
2013,842,EUA,271019,Gasóleo e combustíveis médios e pesados,24,Angola,613894043,1.138,18,1,53926575345
2013,842,EUA,271111,Gás natural liquefeito (GNL),780,Trinidad and Tobago,944609732,78.225,1,0,1207556844
2013,842,EUA,271111,Gás natural liquefeito (GNL),579,Noruega,90588886,7.502,2,0,1207556844
2013,842,EUA,271111,Gás natural liquefeito (GNL),566,Nigéria,81859443,6.779,3,0,1207556844
2013,842,EUA,271111,Gás natural liquefeito (GNL),887,Yemen,66740366,5.527,4,0,1207556844
2013,842,EUA,271111,Gás natural liquefeito (GNL),634,Catar,12231400,1.013,5,0,1207556844
2013,842,EUA,710221,Diamantes industriais em bruto,72,Botsuana,14780955,49.098,1,0,30104821
2013,842,EUA,710221,Diamantes industriais em bruto,710,África do Sul,9496092,31.543,2,0,30104821
2013,842,EUA,710221,Diamantes industriais em bruto,516,Namíbia,1537186,5.106,3,0,30104821
2013,842,EUA,710221,Diamantes industriais em bruto,36,Austrália,1272354,4.226,4,0,30104821
2013,842,EUA,710221,Diamantes industriais em bruto,694,Sierra Leone,1115496,3.705,5,0,30104821
2013,842,EUA,710221,Diamantes industriais em bruto,24,Angola,16216,0.054,17,1,30104821
2013,842,EUA,890190,Navios de carga,792,Turquia,3600001,33.073,1,0,10885078
2013,842,EUA,890190,Navios de carga,380,Itália,3306982,30.381,2,0,10885078
2013,842,EUA,890190,Navios de carga,484,México,2440367,22.419,3,0,10885078
2013,842,EUA,890190,Navios de carga,124,Canadá,1190798,10.94,4,0,10885078
2013,842,EUA,890190,Navios de carga,579,Noruega,122588,1.126,5,0,10885078
2013,842,EUA,890520,Plataformas de perfuração ou produção,410,Coreia do Sul,255865787,61.708,1,0,414640959
2013,842,EUA,890520,Plataformas de perfuração ou produção,784,Emirados Árabes Unidos,113150000,27.289,2,0,414640959
2013,842,EUA,890520,Plataformas de perfuração ou produção,392,Japão,45625172,11.004,3,0,414640959
2014,124,Canadá,270740,Naftaleno,804,Ucrânia,1982761,45.147,1,0,4391816
2014,124,Canadá,270740,Naftaleno,842,EUA,1070650,24.378,2,0,4391816
2014,124,Canadá,270740,Naftaleno,724,Espanha,724689,16.501,3,0,4391816
2014,124,Canadá,270740,Naftaleno,392,Japão,607446,13.831,4,0,4391816
2014,124,Canadá,270740,Naftaleno,156,China,6256,0.142,5,0,4391816
2014,124,Canadá,270900,Petróleo bruto,842,EUA,11286282869,52.462,1,0,21513345469
2014,124,Canadá,270900,Petróleo bruto,682,Arábia Saudita,2269625355,10.55,2,0,21513345469
2014,124,Canadá,270900,Petróleo bruto,368,Iraque,1674833484,7.785,3,0,21513345469
2014,124,Canadá,270900,Petróleo bruto,579,Noruega,1269032196,5.899,4,0,21513345469
2014,124,Canadá,270900,Petróleo bruto,12,Argélia,1208324369,5.617,5,0,21513345469
2014,124,Canadá,270900,Petróleo bruto,24,Angola,1065876478,4.954,6,1,21513345469
2014,124,Canadá,271012,Gasolinas e destilados leves,842,EUA,8357657570,70.813,1,0,11802480483
2014,124,Canadá,271012,Gasolinas e destilados leves,528,Países Baixos,1718036970,14.557,2,0,11802480483
2014,124,Canadá,271012,Gasolinas e destilados leves,826,Reino Unido,662406982,5.612,3,0,11802480483
2014,124,Canadá,271012,Gasolinas e destilados leves,246,Finlândia,268443647,2.274,4,0,11802480483
2014,124,Canadá,271012,Gasolinas e destilados leves,484,México,257599717,2.183,5,0,11802480483
2014,124,Canadá,271019,Gasóleo e combustíveis médios e pesados,842,EUA,5409207086,82.793,1,0,6533431980
2014,124,Canadá,271019,Gasóleo e combustíveis médios e pesados,528,Países Baixos,157764093,2.415,2,0,6533431980
2014,124,Canadá,271019,Gasóleo e combustíveis médios e pesados,410,Coreia do Sul,130781632,2.002,3,0,6533431980
2014,124,Canadá,271019,Gasóleo e combustíveis médios e pesados,724,Espanha,108136221,1.655,4,0,6533431980
2014,124,Canadá,271019,Gasóleo e combustíveis médios e pesados,276,Alemanha,107064309,1.639,5,0,6533431980
2014,124,Canadá,271111,Gás natural liquefeito (GNL),780,Trinidad and Tobago,280333833,76.693,1,0,365528464
2014,124,Canadá,271111,Gás natural liquefeito (GNL),842,EUA,85179748,23.303,2,0,365528464
2014,124,Canadá,271111,Gás natural liquefeito (GNL),156,China,14803,0.004,3,0,365528464
2014,124,Canadá,271111,Gás natural liquefeito (GNL),251,França,80,0.0,4,0,365528464
2014,124,Canadá,710221,Diamantes industriais em bruto,710,África do Sul,1150555,71.195,1,0,1616068
2014,124,Canadá,710221,Diamantes industriais em bruto,56,Bélgica,139814,8.651,2,0,1616068
2014,124,Canadá,710221,Diamantes industriais em bruto,36,Austrália,110940,6.865,3,0,1616068
2014,124,Canadá,710221,Diamantes industriais em bruto,842,EUA,68160,4.218,4,0,1616068
2014,124,Canadá,710221,Diamantes industriais em bruto,178,Congo,60603,3.75,5,0,1616068
2014,124,Canadá,890190,Navios de carga,702,Singapura,72733574,76.985,1,0,94477521
2014,124,Canadá,890190,Navios de carga,842,EUA,7879430,8.34,2,0,94477521
2014,124,Canadá,890190,Navios de carga,528,Países Baixos,6777086,7.173,3,0,94477521
2014,124,Canadá,890190,Navios de carga,156,China,3248120,3.438,4,0,94477521
2014,124,Canadá,890190,Navios de carga,372,Irlanda,2171102,2.298,5,0,94477521
2014,124,Canadá,890520,Plataformas de perfuração ou produção,458,Malásia,193858,96.9,1,0,200059
2014,124,Canadá,890520,Plataformas de perfuração ou produção,156,China,5630,2.814,2,0,200059
2014,124,Canadá,890520,Plataformas de perfuração ou produção,842,EUA,571,0.285,3,0,200059
2014,156,China,270740,Naftaleno,392,Japão,29475385,94.352,1,0,31239678
2014,156,China,270740,Naftaleno,643,Rússia,1052606,3.369,2,0,31239678
2014,156,China,270740,Naftaleno,804,Ucrânia,580465,1.858,3,0,31239678
2014,156,China,270740,Naftaleno,490,Taiwan (Prov. China),123627,0.396,4,0,31239678
2014,156,China,270740,Naftaleno,76,Brasil,3828,0.012,5,0,31239678
2014,156,China,270900,Petróleo bruto,682,Arábia Saudita,36940644812,16.182,1,0,228288472075
2014,156,China,270900,Petróleo bruto,24,Angola,30893003075,13.532,2,1,228288472075
2014,156,China,270900,Petróleo bruto,643,Rússia,24950868002,10.93,3,0,228288472075
2014,156,China,270900,Petróleo bruto,512,Omã,22680323672,9.935,4,0,228288472075
2014,156,China,270900,Petróleo bruto,364,Irão,20804671555,9.113,5,0,228288472075
2014,156,China,270900,Petróleo bruto,368,Iraque,20759577992,9.094,6,0,228288472075
2014,156,China,271012,Gasolinas e destilados leves,410,Coreia do Sul,1193694829,31.915,1,0,3740185625
2014,156,China,271012,Gasolinas e destilados leves,643,Rússia,322727124,8.629,2,0,3740185625
2014,156,China,271012,Gasolinas e destilados leves,682,Arábia Saudita,288390905,7.711,3,0,3740185625
2014,156,China,271012,Gasolinas e destilados leves,784,Emirados Árabes Unidos,254983231,6.817,4,0,3740185625
2014,156,China,271012,Gasolinas e destilados leves,764,Tailândia,218041184,5.83,5,0,3740185625
2014,156,China,271019,Gasóleo e combustíveis médios e pesados,410,Coreia do Sul,5304959144,27.128,1,0,19555177044
2014,156,China,271019,Gasóleo e combustíveis médios e pesados,702,Singapura,3643778971,18.633,2,0,19555177044
2014,156,China,271019,Gasóleo e combustíveis médios e pesados,862,Venezuela,2617677075,13.386,3,0,19555177044
2014,156,China,271019,Gasóleo e combustíveis médios e pesados,643,Rússia,1978352831,10.117,4,0,19555177044
2014,156,China,271019,Gasóleo e combustíveis médios e pesados,458,Malásia,1813447211,9.273,5,0,19555177044
2014,156,China,271111,Gás natural liquefeito (GNL),634,Catar,6273586138,51.348,1,0,12217868798
2014,156,China,271111,Gás natural liquefeito (GNL),458,Malásia,1319544519,10.8,2,0,12217868798
2014,156,China,271111,Gás natural liquefeito (GNL),887,Yemen,925713691,7.577,3,0,12217868798
2014,156,China,271111,Gás natural liquefeito (GNL),360,Indonésia,834890023,6.833,4,0,12217868798
2014,156,China,271111,Gás natural liquefeito (GNL),36,Austrália,728852258,5.965,5,0,12217868798
2014,156,China,271111,Gás natural liquefeito (GNL),24,Angola,124021708,1.015,11,1,12217868798
2014,156,China,710221,Diamantes industriais em bruto,699,Índia,454865,32.482,1,0,1400356
2014,156,China,710221,Diamantes industriais em bruto,56,Bélgica,283879,20.272,2,0,1400356
2014,156,China,710221,Diamantes industriais em bruto,36,Austrália,247470,17.672,3,0,1400356
2014,156,China,710221,Diamantes industriais em bruto,344,Hong Kong (RAEHK),184491,13.175,4,0,1400356
2014,156,China,710221,Diamantes industriais em bruto,710,África do Sul,174700,12.475,5,0,1400356
2014,156,China,890190,Navios de carga,392,Japão,77424700,32.313,1,0,239611635
2014,156,China,890190,Navios de carga,410,Coreia do Sul,72116888,30.097,2,0,239611635
2014,156,China,890190,Navios de carga,156,China,63811887,26.631,3,0,239611635
2014,156,China,890190,Navios de carga,616,Polónia,12918450,5.391,4,0,239611635
2014,156,China,890190,Navios de carga,276,Alemanha,10150000,4.236,5,0,239611635
2014,156,China,890520,Plataformas de perfuração ou produção,702,Singapura,229000000,100.0,1,0,229000000
2014,251,França,270740,Naftaleno,724,Espanha,631444,44.969,1,0,1404168
2014,251,França,270740,Naftaleno,276,Alemanha,374634,26.68,2,0,1404168
2014,251,França,270740,Naftaleno,203,Chéquia,253280,18.038,3,0,1404168
2014,251,França,270740,Naftaleno,528,Países Baixos,140708,10.021,4,0,1404168
2014,251,França,270740,Naftaleno,842,EUA,2981,0.212,5,0,1404168
2014,251,França,270900,Petróleo bruto,682,Arábia Saudita,8285054137,21.312,1,0,38874182250
2014,251,França,270900,Petróleo bruto,398,Cazaquistão,5082614055,13.075,2,0,38874182250
2014,251,França,270900,Petróleo bruto,566,Nigéria,4943499458,12.717,3,0,38874182250
2014,251,França,270900,Petróleo bruto,643,Rússia,4214767202,10.842,4,0,38874182250
2014,251,França,270900,Petróleo bruto,12,Argélia,2742130143,7.054,5,0,38874182250
2014,251,França,270900,Petróleo bruto,24,Angola,2057287951,5.292,7,1,38874182250
2014,251,França,271012,Gasolinas e destilados leves,643,Rússia,676289831,25.857,1,0,2615519224
2014,251,França,271012,Gasolinas e destilados leves,724,Espanha,570379451,21.808,2,0,2615519224
2014,251,França,271012,Gasolinas e destilados leves,12,Argélia,268947032,10.283,3,0,2615519224
2014,251,França,271012,Gasolinas e destilados leves,56,Bélgica,214997036,8.22,4,0,2615519224
2014,251,França,271012,Gasolinas e destilados leves,528,Países Baixos,177215214,6.776,5,0,2615519224
2014,251,França,271012,Gasolinas e destilados leves,24,Angola,49,0.0,46,1,2615519224
2014,251,França,271019,Gasóleo e combustíveis médios e pesados,643,Rússia,6009152806,21.396,1,0,28085557444
2014,251,França,271019,Gasóleo e combustíveis médios e pesados,842,EUA,5640262994,20.082,2,0,28085557444
2014,251,França,271019,Gasóleo e combustíveis médios e pesados,528,Países Baixos,2779295319,9.896,3,0,28085557444
2014,251,França,271019,Gasóleo e combustíveis médios e pesados,56,Bélgica,1885035772,6.712,4,0,28085557444
2014,251,França,271019,Gasóleo e combustíveis médios e pesados,699,Índia,1415576789,5.04,5,0,28085557444
2014,251,França,271019,Gasóleo e combustíveis médios e pesados,24,Angola,616,0.0,83,1,28085557444
2014,251,França,271111,Gás natural liquefeito (GNL),12,Argélia,1653909191,62.255,1,0,2656686519
2014,251,França,271111,Gás natural liquefeito (GNL),634,Catar,494932346,18.63,2,0,2656686519
2014,251,França,271111,Gás natural liquefeito (GNL),566,Nigéria,394623673,14.854,3,0,2656686519
2014,251,França,271111,Gás natural liquefeito (GNL),226,Guiné Equatorial,31118445,1.171,4,0,2656686519
2014,251,França,271111,Gás natural liquefeito (GNL),780,Trinidad and Tobago,29695560,1.118,5,0,2656686519
2014,251,França,710221,Diamantes industriais em bruto,56,Bélgica,537331,86.729,1,0,619551
2014,251,França,710221,Diamantes industriais em bruto,826,Reino Unido,78155,12.615,2,0,619551
2014,251,França,710221,Diamantes industriais em bruto,276,Alemanha,4065,0.656,3,0,619551
2014,251,França,890190,Navios de carga,579,Noruega,136274483,81.949,1,0,166290840
2014,251,França,890190,Navios de carga,584,Marshall Isds,29770920,17.903,2,0,166290840
2014,251,França,890190,Navios de carga,56,Bélgica,106242,0.064,3,0,166290840
2014,251,França,890190,Navios de carga,480,Maurícias,92962,0.056,4,0,166290840
2014,251,França,890190,Navios de carga,450,Madagáscar,24396,0.015,5,0,166290840
2014,251,França,890520,Plataformas de perfuração ou produção,480,Maurícias,1460825,99.956,1,0,1461464
2014,251,França,890520,Plataformas de perfuração ou produção,842,EUA,639,0.044,2,0,1461464
2014,699,Índia,270740,Naftaleno,208,Dinamarca,5845201,19.92,1,0,29343929
2014,699,Índia,270740,Naftaleno,643,Rússia,5674672,19.338,2,0,29343929
2014,699,Índia,270740,Naftaleno,203,Chéquia,4265412,14.536,3,0,29343929
2014,699,Índia,270740,Naftaleno,804,Ucrânia,2654839,9.047,4,0,29343929
2014,699,Índia,270740,Naftaleno,392,Japão,2561046,8.728,5,0,29343929
2014,699,Índia,270900,Petróleo bruto,682,Arábia Saudita,26355999459,19.404,1,0,135826203009
2014,699,Índia,270900,Petróleo bruto,368,Iraque,15992253797,11.774,2,0,135826203009
2014,699,Índia,270900,Petróleo bruto,566,Nigéria,14860480366,10.941,3,0,135826203009
2014,699,Índia,270900,Petróleo bruto,862,Venezuela,13062664078,9.617,4,0,135826203009
2014,699,Índia,270900,Petróleo bruto,414,Kuwait,12954444863,9.538,5,0,135826203009
2014,699,Índia,270900,Petróleo bruto,24,Angola,5462948213,4.022,8,1,135826203009
2014,699,Índia,271012,Gasolinas e destilados leves,634,Catar,257547859,27.71,1,0,929452786
2014,699,Índia,271012,Gasolinas e destilados leves,784,Emirados Árabes Unidos,208937583,22.48,2,0,929452786
2014,699,Índia,271012,Gasolinas e destilados leves,702,Singapura,207154591,22.288,3,0,929452786
2014,699,Índia,271012,Gasolinas e destilados leves,586,Paquistão,91646331,9.86,4,0,929452786
2014,699,Índia,271012,Gasolinas e destilados leves,512,Omã,64137616,6.901,5,0,929452786
2014,699,Índia,271019,Gasóleo e combustíveis médios e pesados,410,Coreia do Sul,863191698,26.378,1,0,3272371578
2014,699,Índia,271019,Gasóleo e combustíveis médios e pesados,784,Emirados Árabes Unidos,387422407,11.839,2,0,3272371578
2014,699,Índia,271019,Gasóleo e combustíveis médios e pesados,702,Singapura,372032727,11.369,3,0,3272371578
2014,699,Índia,271019,Gasóleo e combustíveis médios e pesados,643,Rússia,268473084,8.204,4,0,3272371578
2014,699,Índia,271019,Gasóleo e combustíveis médios e pesados,458,Malásia,242489416,7.41,5,0,3272371578
2014,699,Índia,271019,Gasóleo e combustíveis médios e pesados,24,Angola,75159,0.002,57,1,3272371578
2014,699,Índia,271111,Gás natural liquefeito (GNL),634,Catar,8423374410,85.182,1,0,9888690038
2014,699,Índia,271111,Gás natural liquefeito (GNL),566,Nigéria,640307594,6.475,2,0,9888690038
2014,699,Índia,271111,Gás natural liquefeito (GNL),887,Yemen,291389127,2.947,3,0,9888690038
2014,699,Índia,271111,Gás natural liquefeito (GNL),724,Espanha,160952220,1.628,4,0,9888690038
2014,699,Índia,271111,Gás natural liquefeito (GNL),12,Argélia,100051176,1.012,5,0,9888690038
2014,699,Índia,710221,Diamantes industriais em bruto,643,Rússia,2474777,59.738,1,0,4142696
2014,699,Índia,710221,Diamantes industriais em bruto,56,Bélgica,609626,14.716,2,0,4142696
2014,699,Índia,710221,Diamantes industriais em bruto,178,Congo,239103,5.772,3,0,4142696
2014,699,Índia,710221,Diamantes industriais em bruto,72,Botsuana,212885,5.139,4,0,4142696
2014,699,Índia,710221,Diamantes industriais em bruto,842,EUA,201783,4.871,5,0,4142696
2014,699,Índia,890190,Navios de carga,156,China,118525481,38.305,1,0,309424529
2014,699,Índia,890190,Navios de carga,360,Indonésia,64484277,20.84,2,0,309424529
2014,699,Índia,890190,Navios de carga,579,Noruega,56843565,18.371,3,0,309424529
2014,699,Índia,890190,Navios de carga,702,Singapura,24793979,8.013,4,0,309424529
2014,699,Índia,890190,Navios de carga,392,Japão,16673681,5.389,5,0,309424529
2014,699,Índia,890520,Plataformas de perfuração ou produção,784,Emirados Árabes Unidos,216567650,55.513,1,0,390118239
2014,699,Índia,890520,Plataformas de perfuração ou produção,344,Hong Kong (RAEHK),72634450,18.619,2,0,390118239
2014,699,Índia,890520,Plataformas de perfuração ou produção,702,Singapura,48564228,12.449,3,0,390118239
2014,699,Índia,890520,Plataformas de perfuração ou produção,842,EUA,48489434,12.429,4,0,390118239
2014,699,Índia,890520,Plataformas de perfuração ou produção,410,Coreia do Sul,3862477,0.99,5,0,390118239
2014,842,EUA,270740,Naftaleno,124,Canadá,10096190,52.099,1,0,19379038
2014,842,EUA,270740,Naftaleno,203,Chéquia,3059709,15.789,2,0,19379038
2014,842,EUA,270740,Naftaleno,528,Países Baixos,2881123,14.867,3,0,19379038
2014,842,EUA,270740,Naftaleno,276,Alemanha,1871149,9.656,4,0,19379038
2014,842,EUA,270740,Naftaleno,724,Espanha,1169364,6.034,5,0,19379038
2014,842,EUA,270900,Petróleo bruto,124,Canadá,85646599357,33.822,1,0,253228701616
2014,842,EUA,270900,Petróleo bruto,682,Arábia Saudita,46087913909,18.2,2,0,253228701616
2014,842,EUA,270900,Petróleo bruto,484,México,28115660255,11.103,3,0,253228701616
2014,842,EUA,270900,Petróleo bruto,862,Venezuela,26415977806,10.432,4,0,253228701616
2014,842,EUA,270900,Petróleo bruto,368,Iraque,13895729062,5.487,5,0,253228701616
2014,842,EUA,270900,Petróleo bruto,24,Angola,5260505027,2.077,10,1,253228701616
2014,842,EUA,271012,Gasolinas e destilados leves,124,Canadá,5807609359,20.53,1,0,28288628269
2014,842,EUA,271012,Gasolinas e destilados leves,826,Reino Unido,4397769906,15.546,2,0,28288628269
2014,842,EUA,271012,Gasolinas e destilados leves,699,Índia,2775566119,9.812,3,0,28288628269
2014,842,EUA,271012,Gasolinas e destilados leves,528,Países Baixos,2133351478,7.541,4,0,28288628269
2014,842,EUA,271012,Gasolinas e destilados leves,724,Espanha,2005326855,7.089,5,0,28288628269
2014,842,EUA,271012,Gasolinas e destilados leves,24,Angola,33801926,0.119,27,1,28288628269
2014,842,EUA,271019,Gasóleo e combustíveis médios e pesados,643,Rússia,11993907357,23.892,1,0,50200833636
2014,842,EUA,271019,Gasóleo e combustíveis médios e pesados,124,Canadá,8010288964,15.956,2,0,50200833636
2014,842,EUA,271019,Gasóleo e combustíveis médios e pesados,12,Argélia,4382989219,8.731,3,0,50200833636
2014,842,EUA,271019,Gasóleo e combustíveis médios e pesados,410,Coreia do Sul,2837523150,5.652,4,0,50200833636
2014,842,EUA,271019,Gasóleo e combustíveis médios e pesados,56,Bélgica,2481076841,4.942,5,0,50200833636
2014,842,EUA,271019,Gasóleo e combustíveis médios e pesados,24,Angola,528071341,1.052,19,1,50200833636
2014,842,EUA,271111,Gás natural liquefeito (GNL),780,Trinidad and Tobago,863238390,72.508,1,0,1190537336
2014,842,EUA,271111,Gás natural liquefeito (GNL),566,Nigéria,129030153,10.838,2,0,1190537336
2014,842,EUA,271111,Gás natural liquefeito (GNL),724,Espanha,87213516,7.326,3,0,1190537336
2014,842,EUA,271111,Gás natural liquefeito (GNL),579,Noruega,72197230,6.064,4,0,1190537336
2014,842,EUA,271111,Gás natural liquefeito (GNL),887,Yemen,38816618,3.26,5,0,1190537336
2014,842,EUA,271111,Gás natural liquefeito (GNL),24,Angola,7000,0.001,8,1,1190537336
2014,842,EUA,710221,Diamantes industriais em bruto,72,Botsuana,18890261,59.94,1,0,31515510
2014,842,EUA,710221,Diamantes industriais em bruto,710,África do Sul,9146563,29.022,2,0,31515510
2014,842,EUA,710221,Diamantes industriais em bruto,36,Austrália,822629,2.61,3,0,31515510
2014,842,EUA,710221,Diamantes industriais em bruto,699,Índia,784815,2.49,4,0,31515510
2014,842,EUA,710221,Diamantes industriais em bruto,180,RD Congo,587720,1.865,5,0,31515510
2014,842,EUA,710221,Diamantes industriais em bruto,24,Angola,16254,0.052,12,1,31515510
2014,842,EUA,890190,Navios de carga,124,Canadá,7764860,76.623,1,0,10133792
2014,842,EUA,890190,Navios de carga,484,México,2210192,21.81,2,0,10133792
2014,842,EUA,890190,Navios de carga,826,Reino Unido,61605,0.608,3,0,10133792
2014,842,EUA,890190,Navios de carga,208,Dinamarca,60100,0.593,4,0,10133792
2014,842,EUA,890190,Navios de carga,276,Alemanha,19181,0.189,5,0,10133792
2014,842,EUA,890520,Plataformas de perfuração ou produção,826,Reino Unido,38544,100.0,1,0,38544
2015,124,Canadá,270740,Naftaleno,842,EUA,1203009,71.142,1,0,1690997
2015,124,Canadá,270740,Naftaleno,724,Espanha,380691,22.513,2,0,1690997
2015,124,Canadá,270740,Naftaleno,702,Singapura,92097,5.446,3,0,1690997
2015,124,Canadá,270740,Naftaleno,392,Japão,8387,0.496,4,0,1690997
2015,124,Canadá,270740,Naftaleno,484,México,6116,0.362,5,0,1690997
2015,124,Canadá,270900,Petróleo bruto,842,EUA,7698894802,59.078,1,0,13031715590
2015,124,Canadá,270900,Petróleo bruto,682,Arábia Saudita,1513666241,11.615,2,0,13031715590
2015,124,Canadá,270900,Petróleo bruto,566,Nigéria,802174954,6.156,3,0,13031715590
2015,124,Canadá,270900,Petróleo bruto,579,Noruega,767766377,5.892,4,0,13031715590
2015,124,Canadá,270900,Petróleo bruto,12,Argélia,726651213,5.576,5,0,13031715590
2015,124,Canadá,270900,Petróleo bruto,24,Angola,519220745,3.984,6,1,13031715590
2015,124,Canadá,271012,Gasolinas e destilados leves,842,EUA,4948822364,69.295,1,0,7141652888
2015,124,Canadá,271012,Gasolinas e destilados leves,528,Países Baixos,1142960187,16.004,2,0,7141652888
2015,124,Canadá,271012,Gasolinas e destilados leves,826,Reino Unido,241898107,3.387,3,0,7141652888
2015,124,Canadá,271012,Gasolinas e destilados leves,643,Rússia,217328377,3.043,4,0,7141652888
2015,124,Canadá,271012,Gasolinas e destilados leves,56,Bélgica,197697185,2.768,5,0,7141652888
2015,124,Canadá,271019,Gasóleo e combustíveis médios e pesados,842,EUA,3840164104,81.719,1,0,4699206015
2015,124,Canadá,271019,Gasóleo e combustíveis médios e pesados,398,Cazaquistão,192469304,4.096,2,0,4699206015
2015,124,Canadá,271019,Gasóleo e combustíveis médios e pesados,699,Índia,125570545,2.672,3,0,4699206015
2015,124,Canadá,271019,Gasóleo e combustíveis médios e pesados,528,Países Baixos,112147269,2.387,4,0,4699206015
2015,124,Canadá,271019,Gasóleo e combustíveis médios e pesados,724,Espanha,77475857,1.649,5,0,4699206015
2015,124,Canadá,271111,Gás natural liquefeito (GNL),780,Trinidad and Tobago,131560991,82.291,1,0,159871954
2015,124,Canadá,271111,Gás natural liquefeito (GNL),724,Espanha,27371887,17.121,2,0,159871954
2015,124,Canadá,271111,Gás natural liquefeito (GNL),842,EUA,938410,0.587,3,0,159871954
2015,124,Canadá,271111,Gás natural liquefeito (GNL),410,Coreia do Sul,480,0.0,4,0,159871954
2015,124,Canadá,271111,Gás natural liquefeito (GNL),156,China,185,0.0,5,0,159871954
2015,124,Canadá,710221,Diamantes industriais em bruto,710,África do Sul,926757,78.338,1,0,1183024
2015,124,Canadá,710221,Diamantes industriais em bruto,842,EUA,67323,5.691,2,0,1183024
2015,124,Canadá,710221,Diamantes industriais em bruto,56,Bélgica,66620,5.631,3,0,1183024
2015,124,Canadá,710221,Diamantes industriais em bruto,36,Austrália,66022,5.581,4,0,1183024
2015,124,Canadá,710221,Diamantes industriais em bruto,682,Arábia Saudita,18226,1.541,5,0,1183024
2015,124,Canadá,890190,Navios de carga,156,China,95941344,61.699,1,0,155499616
2015,124,Canadá,890190,Navios de carga,276,Alemanha,39476407,25.387,2,0,155499616
2015,124,Canadá,890190,Navios de carga,528,Países Baixos,13371481,8.599,3,0,155499616
2015,124,Canadá,890190,Navios de carga,842,EUA,6689272,4.302,4,0,155499616
2015,124,Canadá,890190,Navios de carga,826,Reino Unido,18532,0.012,5,0,155499616
2015,124,Canadá,890520,Plataformas de perfuração ou produção,842,EUA,186725,100.0,1,0,186725
2015,156,China,270740,Naftaleno,392,Japão,6024656,99.895,1,0,6030995
2015,156,China,270740,Naftaleno,842,EUA,6139,0.102,2,0,6030995
2015,156,China,270740,Naftaleno,124,Canadá,200,0.003,3,0,6030995
2015,156,China,270900,Petróleo bruto,682,Arábia Saudita,20780762011,15.468,1,0,134342874377
2015,156,China,270900,Petróleo bruto,643,Rússia,17242380824,12.835,2,0,134342874377
2015,156,China,270900,Petróleo bruto,24,Angola,15918015299,11.849,3,1,134342874377
2015,156,China,270900,Petróleo bruto,512,Omã,13943458123,10.379,4,0,134342874377
2015,156,China,270900,Petróleo bruto,368,Iraque,12672935919,9.433,5,0,134342874377
2015,156,China,270900,Petróleo bruto,364,Irão,10799921200,8.039,6,0,134342874377
2015,156,China,271012,Gasolinas e destilados leves,410,Coreia do Sul,1372930202,35.392,1,0,3879204104
2015,156,China,271012,Gasolinas e destilados leves,643,Rússia,603004480,15.545,2,0,3879204104
2015,156,China,271012,Gasolinas e destilados leves,699,Índia,337392327,8.697,3,0,3879204104
2015,156,China,271012,Gasolinas e destilados leves,12,Argélia,255383279,6.583,4,0,3879204104
2015,156,China,271012,Gasolinas e destilados leves,784,Emirados Árabes Unidos,221531449,5.711,5,0,3879204104
2015,156,China,271019,Gasóleo e combustíveis médios e pesados,410,Coreia do Sul,3031483532,29.261,1,0,10359983395
2015,156,China,271019,Gasóleo e combustíveis médios e pesados,702,Singapura,1978322063,19.096,2,0,10359983395
2015,156,China,271019,Gasóleo e combustíveis médios e pesados,862,Venezuela,1471798597,14.207,3,0,10359983395
2015,156,China,271019,Gasóleo e combustíveis médios e pesados,643,Rússia,1000560981,9.658,4,0,10359983395
2015,156,China,271019,Gasóleo e combustíveis médios e pesados,392,Japão,546517552,5.275,5,0,10359983395
2015,156,China,271111,Gás natural liquefeito (GNL),634,Catar,2822779744,32.101,1,0,8793537009
2015,156,China,271111,Gás natural liquefeito (GNL),36,Austrália,1631678747,18.555,2,0,8793537009
2015,156,China,271111,Gás natural liquefeito (GNL),458,Malásia,1416402137,16.107,3,0,8793537009
2015,156,China,271111,Gás natural liquefeito (GNL),360,Indonésia,1247973671,14.192,4,0,8793537009
2015,156,China,271111,Gás natural liquefeito (GNL),598,Papua New Guinea,778781271,8.856,5,0,8793537009
2015,156,China,710221,Diamantes industriais em bruto,56,Bélgica,377114,35.997,1,0,1047624
2015,156,China,710221,Diamantes industriais em bruto,699,Índia,249851,23.849,2,0,1047624
2015,156,China,710221,Diamantes industriais em bruto,643,Rússia,165447,15.793,3,0,1047624
2015,156,China,710221,Diamantes industriais em bruto,36,Austrália,153913,14.692,4,0,1047624
2015,156,China,710221,Diamantes industriais em bruto,710,África do Sul,94075,8.98,5,0,1047624
2015,156,China,890190,Navios de carga,392,Japão,47729585,40.954,1,0,116543943
2015,156,China,890190,Navios de carga,276,Alemanha,26280000,22.549,2,0,116543943
2015,156,China,890190,Navios de carga,410,Coreia do Sul,16272552,13.963,3,0,116543943
2015,156,China,890190,Navios de carga,616,Polónia,12710000,10.906,4,0,116543943
2015,156,China,890190,Navios de carga,156,China,10623700,9.116,5,0,116543943
2015,156,China,890520,Plataformas de perfuração ou produção,826,Reino Unido,393572,66.891,1,0,588378
2015,156,China,890520,Plataformas de perfuração ou produção,490,Taiwan (Prov. China),194806,33.109,2,0,588378
2015,251,França,270740,Naftaleno,724,Espanha,62517772,67.049,1,0,93241845
2015,251,França,270740,Naftaleno,826,Reino Unido,15769142,16.912,2,0,93241845
2015,251,França,270740,Naftaleno,528,Países Baixos,14584419,15.641,3,0,93241845
2015,251,França,270740,Naftaleno,276,Alemanha,346307,0.371,4,0,93241845
2015,251,França,270740,Naftaleno,203,Chéquia,22510,0.024,5,0,93241845
2015,251,França,270900,Petróleo bruto,682,Arábia Saudita,4128325417,18.101,1,0,22807380221
2015,251,França,270900,Petróleo bruto,398,Cazaquistão,3326466359,14.585,2,0,22807380221
2015,251,França,270900,Petróleo bruto,566,Nigéria,2792383033,12.243,3,0,22807380221
2015,251,França,270900,Petróleo bruto,12,Argélia,2040956890,8.949,4,0,22807380221
2015,251,França,270900,Petróleo bruto,643,Rússia,1895263867,8.31,5,0,22807380221
2015,251,França,270900,Petróleo bruto,24,Angola,1605609312,7.04,6,1,22807380221
2015,251,França,271012,Gasolinas e destilados leves,528,Países Baixos,356473955,22.635,1,0,1574876264
2015,251,França,271012,Gasolinas e destilados leves,56,Bélgica,234782977,14.908,2,0,1574876264
2015,251,França,271012,Gasolinas e destilados leves,724,Espanha,191544497,12.163,3,0,1574876264
2015,251,França,271012,Gasolinas e destilados leves,643,Rússia,165786708,10.527,4,0,1574876264
2015,251,França,271012,Gasolinas e destilados leves,12,Argélia,114128420,7.247,5,0,1574876264
2015,251,França,271012,Gasolinas e destilados leves,24,Angola,374,0.0,52,1,1574876264
2015,251,França,271019,Gasóleo e combustíveis médios e pesados,643,Rússia,3140085014,18.61,1,0,16873372739
2015,251,França,271019,Gasóleo e combustíveis médios e pesados,842,EUA,2528656476,14.986,2,0,16873372739
2015,251,França,271019,Gasóleo e combustíveis médios e pesados,528,Países Baixos,1566519293,9.284,3,0,16873372739
2015,251,França,271019,Gasóleo e combustíveis médios e pesados,682,Arábia Saudita,1270364170,7.529,4,0,16873372739
2015,251,França,271019,Gasóleo e combustíveis médios e pesados,56,Bélgica,1171459192,6.943,5,0,16873372739
2015,251,França,271019,Gasóleo e combustíveis médios e pesados,24,Angola,965,0.0,81,1,16873372739
2015,251,França,271111,Gás natural liquefeito (GNL),12,Argélia,1254802455,65.713,1,0,1909509782
2015,251,França,271111,Gás natural liquefeito (GNL),566,Nigéria,373421688,19.556,2,0,1909509782
2015,251,França,271111,Gás natural liquefeito (GNL),634,Catar,108327323,5.673,3,0,1909509782
2015,251,França,271111,Gás natural liquefeito (GNL),579,Noruega,101028084,5.291,4,0,1909509782
2015,251,França,271111,Gás natural liquefeito (GNL),604,Peru,52992199,2.775,5,0,1909509782
2015,251,França,710221,Diamantes industriais em bruto,380,Itália,117595,69.745,1,0,168607
2015,251,França,710221,Diamantes industriais em bruto,56,Bélgica,47813,28.358,2,0,168607
2015,251,França,710221,Diamantes industriais em bruto,276,Alemanha,3199,1.897,3,0,168607
2015,251,França,890190,Navios de carga,410,Coreia do Sul,154938499,61.022,1,0,253904923
2015,251,França,890190,Navios de carga,344,Hong Kong (RAEHK),93601688,36.865,2,0,253904923
2015,251,França,890190,Navios de carga,579,Noruega,5021743,1.978,3,0,253904923
2015,251,França,890190,Navios de carga,156,China,245303,0.097,4,0,253904923
2015,251,França,890190,Navios de carga,100,Bulgária,38825,0.015,5,0,253904923
2015,251,França,890520,Plataformas de perfuração ou produção,276,Alemanha,1099,51.938,1,0,2116
2015,251,França,890520,Plataformas de perfuração ou produção,842,EUA,1017,48.062,2,0,2116
2015,699,Índia,270740,Naftaleno,208,Dinamarca,5738073,24.272,1,0,23640357
2015,699,Índia,270740,Naftaleno,156,China,4363222,18.457,2,0,23640357
2015,699,Índia,270740,Naftaleno,643,Rússia,4136012,17.496,3,0,23640357
2015,699,Índia,270740,Naftaleno,392,Japão,1950955,8.253,4,0,23640357
2015,699,Índia,270740,Naftaleno,724,Espanha,1742410,7.37,5,0,23640357
2015,699,Índia,270900,Petróleo bruto,682,Arábia Saudita,14822708464,20.496,1,0,72321670064
2015,699,Índia,270900,Petróleo bruto,368,Iraque,11239104459,15.54,2,0,72321670064
2015,699,Índia,270900,Petróleo bruto,566,Nigéria,9247407267,12.786,3,0,72321670064
2015,699,Índia,270900,Petróleo bruto,862,Venezuela,6619011326,9.152,4,0,72321670064
2015,699,Índia,270900,Petróleo bruto,784,Emirados Árabes Unidos,6246424551,8.637,5,0,72321670064
2015,699,Índia,270900,Petróleo bruto,24,Angola,3047481497,4.214,8,1,72321670064
2015,699,Índia,271012,Gasolinas e destilados leves,784,Emirados Árabes Unidos,622822054,32.439,1,0,1919957853
2015,699,Índia,271012,Gasolinas e destilados leves,702,Singapura,400215201,20.845,2,0,1919957853
2015,699,Índia,271012,Gasolinas e destilados leves,682,Arábia Saudita,211409780,11.011,3,0,1919957853
2015,699,Índia,271012,Gasolinas e destilados leves,512,Omã,148418154,7.73,4,0,1919957853
2015,699,Índia,271012,Gasolinas e destilados leves,634,Catar,127775769,6.655,5,0,1919957853
2015,699,Índia,271019,Gasóleo e combustíveis médios e pesados,410,Coreia do Sul,517762202,25.074,1,0,2064899630
2015,699,Índia,271019,Gasóleo e combustíveis médios e pesados,784,Emirados Árabes Unidos,362919387,17.576,2,0,2064899630
2015,699,Índia,271019,Gasóleo e combustíveis médios e pesados,702,Singapura,360845434,17.475,3,0,2064899630
2015,699,Índia,271019,Gasóleo e combustíveis médios e pesados,842,EUA,146568100,7.098,4,0,2064899630
2015,699,Índia,271019,Gasóleo e combustíveis médios e pesados,364,Irão,112659076,5.456,5,0,2064899630
2015,699,Índia,271111,Gás natural liquefeito (GNL),634,Catar,4859266115,68.164,1,0,7128742400
2015,699,Índia,271111,Gás natural liquefeito (GNL),566,Nigéria,812280607,11.394,2,0,7128742400
2015,699,Índia,271111,Gás natural liquefeito (GNL),36,Austrália,295734534,4.148,3,0,7128742400
2015,699,Índia,271111,Gás natural liquefeito (GNL),710,África do Sul,202624457,2.842,4,0,7128742400
2015,699,Índia,271111,Gás natural liquefeito (GNL),512,Omã,198075895,2.779,5,0,7128742400
2015,699,Índia,710221,Diamantes industriais em bruto,643,Rússia,3030703,45.461,1,0,6666565
2015,699,Índia,710221,Diamantes industriais em bruto,178,Congo,1532308,22.985,2,0,6666565
2015,699,Índia,710221,Diamantes industriais em bruto,784,Emirados Árabes Unidos,689041,10.336,3,0,6666565
2015,699,Índia,710221,Diamantes industriais em bruto,716,Zimbabué,516968,7.755,4,0,6666565
2015,699,Índia,710221,Diamantes industriais em bruto,56,Bélgica,378700,5.681,5,0,6666565
2015,699,Índia,890190,Navios de carga,579,Noruega,325341984,42.444,1,0,766518121
2015,699,Índia,890190,Navios de carga,251,França,116014848,15.135,2,0,766518121
2015,699,Índia,890190,Navios de carga,156,China,103632004,13.52,3,0,766518121
2015,699,Índia,890190,Navios de carga,724,Espanha,80152536,10.457,4,0,766518121
2015,699,Índia,890190,Navios de carga,458,Malásia,30808654,4.019,5,0,766518121
2015,699,Índia,890520,Plataformas de perfuração ou produção,702,Singapura,225070456,74.331,1,0,302794229
2015,699,Índia,890520,Plataformas de perfuração ou produção,842,EUA,77723773,25.669,2,0,302794229
2015,842,EUA,270740,Naftaleno,124,Canadá,6473458,51.37,1,0,12601577
2015,842,EUA,270740,Naftaleno,208,Dinamarca,2199143,17.451,2,0,12601577
2015,842,EUA,270740,Naftaleno,276,Alemanha,2105878,16.711,3,0,12601577
2015,842,EUA,270740,Naftaleno,724,Espanha,713565,5.663,4,0,12601577
2015,842,EUA,270740,Naftaleno,36,Austrália,542676,4.306,5,0,12601577
2015,842,EUA,270900,Petróleo bruto,124,Canadá,49884653972,37.622,1,0,132593219159
2015,842,EUA,270900,Petróleo bruto,682,Arábia Saudita,21650055566,16.328,2,0,132593219159
2015,842,EUA,270900,Petróleo bruto,862,Venezuela,13740215009,10.363,3,0,132593219159
2015,842,EUA,270900,Petróleo bruto,484,México,12794703539,9.65,4,0,132593219159
2015,842,EUA,270900,Petróleo bruto,170,Colômbia,7448485666,5.618,5,0,132593219159
2015,842,EUA,270900,Petróleo bruto,24,Angola,2603014656,1.963,10,1,132593219159
2015,842,EUA,271012,Gasolinas e destilados leves,124,Canadá,4855933691,23.73,1,0,20462856060
2015,842,EUA,271012,Gasolinas e destilados leves,826,Reino Unido,3235015335,15.809,2,0,20462856060
2015,842,EUA,271012,Gasolinas e destilados leves,699,Índia,1730152817,8.455,3,0,20462856060
2015,842,EUA,271012,Gasolinas e destilados leves,724,Espanha,1539717535,7.524,4,0,20462856060
2015,842,EUA,271012,Gasolinas e destilados leves,528,Países Baixos,1044911791,5.106,5,0,20462856060
2015,842,EUA,271012,Gasolinas e destilados leves,24,Angola,3257100,0.016,39,1,20462856060
2015,842,EUA,271019,Gasóleo e combustíveis médios e pesados,643,Rússia,7182270117,23.399,1,0,30695301047
2015,842,EUA,271019,Gasóleo e combustíveis médios e pesados,124,Canadá,6052358866,19.718,2,0,30695301047
2015,842,EUA,271019,Gasóleo e combustíveis médios e pesados,12,Argélia,3315659468,10.802,3,0,30695301047
2015,842,EUA,271019,Gasóleo e combustíveis médios e pesados,410,Coreia do Sul,2697043730,8.787,4,0,30695301047
2015,842,EUA,271019,Gasóleo e combustíveis médios e pesados,56,Bélgica,1369539447,4.462,5,0,30695301047
2015,842,EUA,271019,Gasóleo e combustíveis médios e pesados,24,Angola,238812645,0.778,19,1,30695301047
2015,842,EUA,271111,Gás natural liquefeito (GNL),780,Trinidad and Tobago,793607233,74.599,1,0,1063825926
2015,842,EUA,271111,Gás natural liquefeito (GNL),579,Noruega,109596021,10.302,2,0,1063825926
2015,842,EUA,271111,Gás natural liquefeito (GNL),566,Nigéria,78074063,7.339,3,0,1063825926
2015,842,EUA,271111,Gás natural liquefeito (GNL),887,Yemen,47052248,4.423,4,0,1063825926
2015,842,EUA,271111,Gás natural liquefeito (GNL),56,Bélgica,24447209,2.298,5,0,1063825926
2015,842,EUA,710221,Diamantes industriais em bruto,72,Botsuana,12300910,54.037,1,0,22763841
2015,842,EUA,710221,Diamantes industriais em bruto,710,África do Sul,8170950,35.894,2,0,22763841
2015,842,EUA,710221,Diamantes industriais em bruto,36,Austrália,894428,3.929,3,0,22763841
2015,842,EUA,710221,Diamantes industriais em bruto,699,Índia,511177,2.246,4,0,22763841
2015,842,EUA,710221,Diamantes industriais em bruto,180,RD Congo,317620,1.395,5,0,22763841
2015,842,EUA,710221,Diamantes industriais em bruto,24,Angola,6309,0.028,14,1,22763841
2015,842,EUA,890190,Navios de carga,484,México,533070,39.619,1,0,1345488
2015,842,EUA,890190,Navios de carga,124,Canadá,472868,35.145,2,0,1345488
2015,842,EUA,890190,Navios de carga,156,China,125800,9.35,3,0,1345488
2015,842,EUA,890190,Navios de carga,704,Vietname,118680,8.821,4,0,1345488
2015,842,EUA,890190,Navios de carga,752,Suécia,29772,2.213,5,0,1345488
2015,842,EUA,890520,Plataformas de perfuração ou produção,392,Japão,625029479,99.999,1,0,625034578
2015,842,EUA,890520,Plataformas de perfuração ou produção,124,Canadá,5099,0.001,2,0,625034578
2016,124,Canadá,270740,Naftaleno,842,EUA,561325,68.171,1,0,823402
2016,124,Canadá,270740,Naftaleno,724,Espanha,258999,31.455,2,0,823402
2016,124,Canadá,270740,Naftaleno,156,China,3075,0.373,3,0,823402
2016,124,Canadá,270740,Naftaleno,484,México,3,0.0,4,0,823402
2016,124,Canadá,270900,Petróleo bruto,842,EUA,5561138431,51.149,1,0,10872332869
2016,124,Canadá,270900,Petróleo bruto,12,Argélia,1374763142,12.645,2,0,10872332869
2016,124,Canadá,270900,Petróleo bruto,682,Arábia Saudita,1212478436,11.152,3,0,10872332869
2016,124,Canadá,270900,Petróleo bruto,566,Nigéria,1146002321,10.541,4,0,10872332869
2016,124,Canadá,270900,Petróleo bruto,579,Noruega,651040445,5.988,5,0,10872332869
2016,124,Canadá,271012,Gasolinas e destilados leves,842,EUA,4924705650,65.669,1,0,7499297653
2016,124,Canadá,271012,Gasolinas e destilados leves,528,Países Baixos,1137008023,15.162,2,0,7499297653
2016,124,Canadá,271012,Gasolinas e destilados leves,826,Reino Unido,322712472,4.303,3,0,7499297653
2016,124,Canadá,271012,Gasolinas e destilados leves,484,México,277675759,3.703,4,0,7499297653
2016,124,Canadá,271012,Gasolinas e destilados leves,440,Lituânia,221346254,2.952,5,0,7499297653
2016,124,Canadá,271012,Gasolinas e destilados leves,24,Angola,236,0.0,33,1,7499297653
2016,124,Canadá,271019,Gasóleo e combustíveis médios e pesados,842,EUA,2663337152,75.652,1,0,3520528301
2016,124,Canadá,271019,Gasóleo e combustíveis médios e pesados,699,Índia,293483393,8.336,2,0,3520528301
2016,124,Canadá,271019,Gasóleo e combustíveis médios e pesados,156,China,126654200,3.598,3,0,3520528301
2016,124,Canadá,271019,Gasóleo e combustíveis médios e pesados,528,Países Baixos,117900375,3.349,4,0,3520528301
2016,124,Canadá,271019,Gasóleo e combustíveis médios e pesados,724,Espanha,69503575,1.974,5,0,3520528301
2016,124,Canadá,271111,Gás natural liquefeito (GNL),780,Trinidad and Tobago,45545387,62.476,1,0,72900618
2016,124,Canadá,271111,Gás natural liquefeito (GNL),579,Noruega,24459536,33.552,2,0,72900618
2016,124,Canadá,271111,Gás natural liquefeito (GNL),842,EUA,2889810,3.964,3,0,72900618
2016,124,Canadá,271111,Gás natural liquefeito (GNL),490,Taiwan (Prov. China),5800,0.008,4,0,72900618
2016,124,Canadá,271111,Gás natural liquefeito (GNL),208,Dinamarca,50,0.0,5,0,72900618
2016,124,Canadá,710221,Diamantes industriais em bruto,710,África do Sul,1112852,73.518,1,0,1513719
2016,124,Canadá,710221,Diamantes industriais em bruto,72,Botsuana,127292,8.409,2,0,1513719
2016,124,Canadá,710221,Diamantes industriais em bruto,56,Bélgica,106012,7.003,3,0,1513719
2016,124,Canadá,710221,Diamantes industriais em bruto,842,EUA,55003,3.634,4,0,1513719
2016,124,Canadá,710221,Diamantes industriais em bruto,36,Austrália,48893,3.23,5,0,1513719
2016,124,Canadá,890190,Navios de carga,642,Roménia,79051717,44.687,1,0,176900438
2016,124,Canadá,890190,Navios de carga,616,Polónia,53816040,30.422,2,0,176900438
2016,124,Canadá,890190,Navios de carga,156,China,18572862,10.499,3,0,176900438
2016,124,Canadá,890190,Navios de carga,579,Noruega,10358843,5.856,4,0,176900438
2016,124,Canadá,890190,Navios de carga,842,EUA,9676149,5.47,5,0,176900438
2016,124,Canadá,890520,Plataformas de perfuração ou produção,392,Japão,3923502,99.945,1,0,3925675
2016,124,Canadá,890520,Plataformas de perfuração ou produção,842,EUA,2149,0.055,2,0,3925675
2016,124,Canadá,890520,Plataformas de perfuração ou produção,156,China,23,0.001,3,0,3925675
2016,156,China,270740,Naftaleno,392,Japão,5349366,96.44,1,0,5546822
2016,156,China,270740,Naftaleno,490,Taiwan (Prov. China),152494,2.749,2,0,5546822
2016,156,China,270740,Naftaleno,360,Indonésia,29004,0.523,3,0,5546822
2016,156,China,270740,Naftaleno,842,EUA,15209,0.274,4,0,5546822
2016,156,China,270740,Naftaleno,203,Chéquia,607,0.011,5,0,5546822
2016,156,China,270900,Petróleo bruto,643,Rússia,16889518302,14.477,1,0,116660748441
2016,156,China,270900,Petróleo bruto,682,Arábia Saudita,15568827779,13.345,2,0,116660748441
2016,156,China,270900,Petróleo bruto,24,Angola,13866426136,11.886,3,1,116660748441
2016,156,China,270900,Petróleo bruto,512,Omã,11147585829,9.556,4,0,116660748441
2016,156,China,270900,Petróleo bruto,368,Iraque,10660389057,9.138,5,0,116660748441
2016,156,China,270900,Petróleo bruto,364,Irão,9356527260,8.02,6,0,116660748441
2016,156,China,271012,Gasolinas e destilados leves,410,Coreia do Sul,1441707229,41.215,1,0,3498028734
2016,156,China,271012,Gasolinas e destilados leves,643,Rússia,414197253,11.841,2,0,3498028734
2016,156,China,271012,Gasolinas e destilados leves,784,Emirados Árabes Unidos,310406125,8.874,3,0,3498028734
2016,156,China,271012,Gasolinas e destilados leves,682,Arábia Saudita,286227942,8.183,4,0,3498028734
2016,156,China,271012,Gasolinas e destilados leves,12,Argélia,177919270,5.086,5,0,3498028734
2016,156,China,271019,Gasóleo e combustíveis médios e pesados,410,Coreia do Sul,2466247504,32.201,1,0,7659003079
2016,156,China,271019,Gasóleo e combustíveis médios e pesados,702,Singapura,1693681172,22.114,2,0,7659003079
2016,156,China,271019,Gasóleo e combustíveis médios e pesados,392,Japão,641217007,8.372,3,0,7659003079
2016,156,China,271019,Gasóleo e combustíveis médios e pesados,862,Venezuela,582140259,7.601,4,0,7659003079
2016,156,China,271019,Gasóleo e combustíveis médios e pesados,458,Malásia,366969330,4.791,5,0,7659003079
2016,156,China,271111,Gás natural liquefeito (GNL),36,Austrália,3748885849,41.957,1,0,8935078294
2016,156,China,271111,Gás natural liquefeito (GNL),634,Catar,2085263480,23.338,2,0,8935078294
2016,156,China,271111,Gás natural liquefeito (GNL),360,Indonésia,900741683,10.081,3,0,8935078294
2016,156,China,271111,Gás natural liquefeito (GNL),458,Malásia,824982188,9.233,4,0,8935078294
2016,156,China,271111,Gás natural liquefeito (GNL),598,Papua New Guinea,751014672,8.405,5,0,8935078294
2016,156,China,710221,Diamantes industriais em bruto,699,Índia,429229,52.115,1,0,823622
2016,156,China,710221,Diamantes industriais em bruto,36,Austrália,145497,17.666,2,0,823622
2016,156,China,710221,Diamantes industriais em bruto,56,Bélgica,140864,17.103,3,0,823622
2016,156,China,710221,Diamantes industriais em bruto,710,África do Sul,108032,13.117,4,0,823622
2016,156,China,890190,Navios de carga,392,Japão,89325000,39.12,1,0,228335843
2016,156,China,890190,Navios de carga,410,Coreia do Sul,66866000,29.284,2,0,228335843
2016,156,China,890190,Navios de carga,191,Croácia,54907546,24.047,3,0,228335843
2016,156,China,890190,Navios de carga,156,China,11250719,4.927,4,0,228335843
2016,156,China,890190,Navios de carga,616,Polónia,3520000,1.542,5,0,228335843
2016,156,China,890520,Plataformas de perfuração ou produção,76,Brasil,797162226,99.894,1,0,798007558
2016,156,China,890520,Plataformas de perfuração ou produção,826,Reino Unido,393572,0.049,2,0,798007558
2016,156,China,890520,Plataformas de perfuração ou produção,156,China,346760,0.043,3,0,798007558
2016,156,China,890520,Plataformas de perfuração ou produção,490,Taiwan (Prov. China),105000,0.013,4,0,798007558
2016,251,França,270740,Naftaleno,826,Reino Unido,3732490,77.649,1,0,4806904
2016,251,França,270740,Naftaleno,724,Espanha,363217,7.556,2,0,4806904
2016,251,França,270740,Naftaleno,276,Alemanha,360734,7.504,3,0,4806904
2016,251,França,270740,Naftaleno,528,Países Baixos,265830,5.53,4,0,4806904
2016,251,França,270740,Naftaleno,208,Dinamarca,49565,1.031,5,0,4806904
2016,251,França,270900,Petróleo bruto,682,Arábia Saudita,2606707961,14.552,1,0,17912794677
2016,251,França,270900,Petróleo bruto,398,Cazaquistão,2369445201,13.228,2,0,17912794677
2016,251,França,270900,Petróleo bruto,566,Nigéria,1908776891,10.656,3,0,17912794677
2016,251,França,270900,Petróleo bruto,643,Rússia,1862742414,10.399,4,0,17912794677
2016,251,França,270900,Petróleo bruto,579,Noruega,1718316221,9.593,5,0,17912794677
2016,251,França,270900,Petróleo bruto,24,Angola,1025765837,5.726,8,1,17912794677
2016,251,França,271012,Gasolinas e destilados leves,528,Países Baixos,492748193,32.128,1,0,1533706668
2016,251,França,271012,Gasolinas e destilados leves,724,Espanha,196401984,12.806,2,0,1533706668
2016,251,França,271012,Gasolinas e destilados leves,56,Bélgica,181878630,11.859,3,0,1533706668
2016,251,França,271012,Gasolinas e destilados leves,380,Itália,111782034,7.288,4,0,1533706668
2016,251,França,271012,Gasolinas e destilados leves,643,Rússia,111540577,7.273,5,0,1533706668
2016,251,França,271019,Gasóleo e combustíveis médios e pesados,643,Rússia,2161293925,16.268,1,0,13285739539
2016,251,França,271019,Gasóleo e combustíveis médios e pesados,842,EUA,1765732914,13.29,2,0,13285739539
2016,251,França,271019,Gasóleo e combustíveis médios e pesados,528,Países Baixos,1486700781,11.19,3,0,13285739539
2016,251,França,271019,Gasóleo e combustíveis médios e pesados,682,Arábia Saudita,1322849352,9.957,4,0,13285739539
2016,251,França,271019,Gasóleo e combustíveis médios e pesados,56,Bélgica,941563409,7.087,5,0,13285739539
2016,251,França,271019,Gasóleo e combustíveis médios e pesados,24,Angola,8463,0.0,68,1,13285739539
2016,251,França,271111,Gás natural liquefeito (GNL),12,Argélia,1170339445,68.808,1,0,1700878810
2016,251,França,271111,Gás natural liquefeito (GNL),566,Nigéria,303220920,17.827,2,0,1700878810
2016,251,França,271111,Gás natural liquefeito (GNL),634,Catar,119036220,6.999,3,0,1700878810
2016,251,França,271111,Gás natural liquefeito (GNL),579,Noruega,62716197,3.687,4,0,1700878810
2016,251,França,271111,Gás natural liquefeito (GNL),604,Peru,32023657,1.883,5,0,1700878810
2016,251,França,710221,Diamantes industriais em bruto,56,Bélgica,208351,61.276,1,0,340021
2016,251,França,710221,Diamantes industriais em bruto,380,Itália,128072,37.666,2,0,340021
2016,251,França,710221,Diamantes industriais em bruto,694,Sierra Leone,3140,0.923,3,0,340021
2016,251,França,710221,Diamantes industriais em bruto,276,Alemanha,425,0.125,4,0,340021
2016,251,França,710221,Diamantes industriais em bruto,724,Espanha,33,0.01,5,0,340021
2016,251,França,890190,Navios de carga,344,Hong Kong (RAEHK),56728219,80.341,1,0,70609454
2016,251,França,890190,Navios de carga,480,Maurícias,10156602,14.384,2,0,70609454
2016,251,França,890190,Navios de carga,528,Países Baixos,1964162,2.782,3,0,70609454
2016,251,França,890190,Navios de carga,616,Polónia,1739528,2.464,4,0,70609454
2016,251,França,890190,Navios de carga,392,Japão,13928,0.02,5,0,70609454
2016,251,França,890520,Plataformas de perfuração ou produção,528,Países Baixos,156026,97.831,1,0,159486
2016,251,França,890520,Plataformas de perfuração ou produção,842,EUA,3460,2.169,2,0,159486
2016,699,Índia,270740,Naftaleno,643,Rússia,2646413,18.695,1,0,14156091
2016,699,Índia,270740,Naftaleno,208,Dinamarca,2593799,18.323,2,0,14156091
2016,699,Índia,270740,Naftaleno,392,Japão,1759340,12.428,3,0,14156091
2016,699,Índia,270740,Naftaleno,804,Ucrânia,1566663,11.067,4,0,14156091
2016,699,Índia,270740,Naftaleno,36,Austrália,1417715,10.015,5,0,14156091
2016,699,Índia,270900,Petróleo bruto,682,Arábia Saudita,12111032232,19.897,1,0,60869089418
2016,699,Índia,270900,Petróleo bruto,368,Iraque,9882864423,16.236,2,0,60869089418
2016,699,Índia,270900,Petróleo bruto,364,Irão,6687354067,10.986,3,0,60869089418
2016,699,Índia,270900,Petróleo bruto,566,Nigéria,6605762919,10.852,4,0,60869089418
2016,699,Índia,270900,Petróleo bruto,784,Emirados Árabes Unidos,5631425462,9.252,5,0,60869089418
2016,699,Índia,270900,Petróleo bruto,24,Angola,1687784592,2.773,10,1,60869089418
2016,699,Índia,271012,Gasolinas e destilados leves,784,Emirados Árabes Unidos,543181066,37.435,1,0,1450986889
2016,699,Índia,271012,Gasolinas e destilados leves,634,Catar,182678114,12.59,2,0,1450986889
2016,699,Índia,271012,Gasolinas e destilados leves,682,Arábia Saudita,179844411,12.395,3,0,1450986889
2016,699,Índia,271012,Gasolinas e destilados leves,702,Singapura,166232270,11.456,4,0,1450986889
2016,699,Índia,271012,Gasolinas e destilados leves,586,Paquistão,83685683,5.768,5,0,1450986889
2016,699,Índia,271019,Gasóleo e combustíveis médios e pesados,410,Coreia do Sul,515701326,23.087,1,0,2233720294
2016,699,Índia,271019,Gasóleo e combustíveis médios e pesados,784,Emirados Árabes Unidos,506318113,22.667,2,0,2233720294
2016,699,Índia,271019,Gasóleo e combustíveis médios e pesados,702,Singapura,411043676,18.402,3,0,2233720294
2016,699,Índia,271019,Gasóleo e combustíveis médios e pesados,643,Rússia,164223879,7.352,4,0,2233720294
2016,699,Índia,271019,Gasóleo e combustíveis médios e pesados,842,EUA,67558019,3.024,5,0,2233720294
2016,699,Índia,271111,Gás natural liquefeito (GNL),634,Catar,3373205489,62.174,1,0,5425467685
2016,699,Índia,271111,Gás natural liquefeito (GNL),566,Nigéria,609670401,11.237,2,0,5425467685
2016,699,Índia,271111,Gás natural liquefeito (GNL),226,Guiné Equatorial,361297133,6.659,3,0,5425467685
2016,699,Índia,271111,Gás natural liquefeito (GNL),36,Austrália,293649933,5.412,4,0,5425467685
2016,699,Índia,271111,Gás natural liquefeito (GNL),784,Emirados Árabes Unidos,142099864,2.619,5,0,5425467685
2016,699,Índia,271111,Gás natural liquefeito (GNL),24,Angola,109374975,2.016,7,1,5425467685
2016,699,Índia,710221,Diamantes industriais em bruto,643,Rússia,4718238,33.475,1,0,14094743
2016,699,Índia,710221,Diamantes industriais em bruto,180,RD Congo,2956670,20.977,2,0,14094743
2016,699,Índia,710221,Diamantes industriais em bruto,716,Zimbabué,1778919,12.621,3,0,14094743
2016,699,Índia,710221,Diamantes industriais em bruto,784,Emirados Árabes Unidos,1455740,10.328,4,0,14094743
2016,699,Índia,710221,Diamantes industriais em bruto,178,Congo,1243425,8.822,5,0,14094743
2016,699,Índia,890190,Navios de carga,704,Vietname,32729256,26.409,1,0,123932445
2016,699,Índia,890190,Navios de carga,702,Singapura,23342340,18.835,2,0,123932445
2016,699,Índia,890190,Navios de carga,156,China,22219607,17.929,3,0,123932445
2016,699,Índia,890190,Navios de carga,144,Sri Lanka,14908010,12.029,4,0,123932445
2016,699,Índia,890190,Navios de carga,579,Noruega,9342087,7.538,5,0,123932445
2016,699,Índia,890520,Plataformas de perfuração ou produção,156,China,364534074,50.692,1,0,719111524
2016,699,Índia,890520,Plataformas de perfuração ou produção,44,Bahamas,254136900,35.34,2,0,719111524
2016,699,Índia,890520,Plataformas de perfuração ou produção,392,Japão,53477269,7.437,3,0,719111524
2016,699,Índia,890520,Plataformas de perfuração ou produção,702,Singapura,34955845,4.861,4,0,719111524
2016,699,Índia,890520,Plataformas de perfuração ou produção,784,Emirados Árabes Unidos,12007436,1.67,5,0,719111524
2016,842,EUA,270740,Naftaleno,124,Canadá,6201977,41.601,1,0,14908233
2016,842,EUA,270740,Naftaleno,208,Dinamarca,5345828,35.858,2,0,14908233
2016,842,EUA,270740,Naftaleno,276,Alemanha,2002605,13.433,3,0,14908233
2016,842,EUA,270740,Naftaleno,203,Chéquia,489939,3.286,4,0,14908233
2016,842,EUA,270740,Naftaleno,36,Austrália,444225,2.98,5,0,14908233
2016,842,EUA,270900,Petróleo bruto,124,Canadá,38935523172,36.021,1,0,108092132720
2016,842,EUA,270900,Petróleo bruto,682,Arábia Saudita,16608225053,15.365,2,0,108092132720
2016,842,EUA,270900,Petróleo bruto,862,Venezuela,9767840930,9.037,3,0,108092132720
2016,842,EUA,270900,Petróleo bruto,484,México,7801757902,7.218,4,0,108092132720
2016,842,EUA,270900,Petróleo bruto,170,Colômbia,6511974881,6.024,5,0,108092132720
2016,842,EUA,270900,Petróleo bruto,24,Angola,2545934201,2.355,10,1,108092132720
2016,842,EUA,271012,Gasolinas e destilados leves,124,Canadá,3837098025,21.307,1,0,18008855330
2016,842,EUA,271012,Gasolinas e destilados leves,826,Reino Unido,2487880992,13.815,2,0,18008855330
2016,842,EUA,271012,Gasolinas e destilados leves,699,Índia,1578135514,8.763,3,0,18008855330
2016,842,EUA,271012,Gasolinas e destilados leves,643,Rússia,1186808051,6.59,4,0,18008855330
2016,842,EUA,271012,Gasolinas e destilados leves,724,Espanha,1057618706,5.873,5,0,18008855330
2016,842,EUA,271012,Gasolinas e destilados leves,24,Angola,3277869,0.018,45,1,18008855330
2016,842,EUA,271019,Gasóleo e combustíveis médios e pesados,643,Rússia,5835201175,25.358,1,0,23011044107
2016,842,EUA,271019,Gasóleo e combustíveis médios e pesados,124,Canadá,3560597817,15.473,2,0,23011044107
2016,842,EUA,271019,Gasóleo e combustíveis médios e pesados,12,Argélia,2222093155,9.657,3,0,23011044107
2016,842,EUA,271019,Gasóleo e combustíveis médios e pesados,410,Coreia do Sul,2162721145,9.399,4,0,23011044107
2016,842,EUA,271019,Gasóleo e combustíveis médios e pesados,699,Índia,919013222,3.994,5,0,23011044107
2016,842,EUA,271019,Gasóleo e combustíveis médios e pesados,24,Angola,174870053,0.76,21,1,23011044107
2016,842,EUA,271111,Gás natural liquefeito (GNL),780,Trinidad and Tobago,588646353,85.584,1,0,687800448
2016,842,EUA,271111,Gás natural liquefeito (GNL),579,Noruega,36387686,5.29,2,0,687800448
2016,842,EUA,271111,Gás natural liquefeito (GNL),634,Catar,21895399,3.183,3,0,687800448
2016,842,EUA,271111,Gás natural liquefeito (GNL),226,Guiné Equatorial,19892075,2.892,4,0,687800448
2016,842,EUA,271111,Gás natural liquefeito (GNL),826,Reino Unido,16281617,2.367,5,0,687800448
2016,842,EUA,710221,Diamantes industriais em bruto,72,Botsuana,9950470,57.918,1,0,17180380
2016,842,EUA,710221,Diamantes industriais em bruto,710,África do Sul,4769862,27.763,2,0,17180380
2016,842,EUA,710221,Diamantes industriais em bruto,36,Austrália,1232526,7.174,3,0,17180380
2016,842,EUA,710221,Diamantes industriais em bruto,180,RD Congo,513972,2.992,4,0,17180380
2016,842,EUA,710221,Diamantes industriais em bruto,699,Índia,441147,2.568,5,0,17180380
2016,842,EUA,710221,Diamantes industriais em bruto,24,Angola,19910,0.116,11,1,17180380
2016,842,EUA,890190,Navios de carga,579,Noruega,621856,39.484,1,0,1574959
2016,842,EUA,890190,Navios de carga,704,Vietname,340351,21.61,2,0,1574959
2016,842,EUA,890190,Navios de carga,124,Canadá,336149,21.343,3,0,1574959
2016,842,EUA,890190,Navios de carga,616,Polónia,127881,8.12,4,0,1574959
2016,842,EUA,890190,Navios de carga,826,Reino Unido,106775,6.78,5,0,1574959
2016,842,EUA,890520,Plataformas de perfuração ou produção,528,Países Baixos,1607211,60.485,1,0,2657211
2016,842,EUA,890520,Plataformas de perfuração ou produção,392,Japão,1050000,39.515,2,0,2657211
2017,124,Canadá,270740,Naftaleno,842,EUA,471247,100.0,1,0,471247
2017,124,Canadá,270900,Petróleo bruto,842,EUA,7013687648,53.262,1,0,13168208003
2017,124,Canadá,270900,Petróleo bruto,682,Arábia Saudita,1943922369,14.762,2,0,13168208003
2017,124,Canadá,270900,Petróleo bruto,31,Azerbaijan,1016923924,7.723,3,0,13168208003
2017,124,Canadá,270900,Petróleo bruto,579,Noruega,762742659,5.792,4,0,13168208003
2017,124,Canadá,270900,Petróleo bruto,566,Nigéria,759399734,5.767,5,0,13168208003
2017,124,Canadá,270900,Petróleo bruto,24,Angola,130263588,0.989,9,1,13168208003
2017,124,Canadá,271012,Gasolinas e destilados leves,842,EUA,5302242316,64.009,1,0,8283607698
2017,124,Canadá,271012,Gasolinas e destilados leves,528,Países Baixos,1129450707,13.635,2,0,8283607698
2017,124,Canadá,271012,Gasolinas e destilados leves,826,Reino Unido,517727166,6.25,3,0,8283607698
2017,124,Canadá,271012,Gasolinas e destilados leves,56,Bélgica,441919826,5.335,4,0,8283607698
2017,124,Canadá,271012,Gasolinas e destilados leves,579,Noruega,176431681,2.13,5,0,8283607698
2017,124,Canadá,271019,Gasóleo e combustíveis médios e pesados,842,EUA,2797259253,70.271,1,0,3980647465
2017,124,Canadá,271019,Gasóleo e combustíveis médios e pesados,410,Coreia do Sul,386338902,9.705,2,0,3980647465
2017,124,Canadá,271019,Gasóleo e combustíveis médios e pesados,398,Cazaquistão,176268416,4.428,3,0,3980647465
2017,124,Canadá,271019,Gasóleo e combustíveis médios e pesados,528,Países Baixos,157315004,3.952,4,0,3980647465
2017,124,Canadá,271019,Gasóleo e combustíveis médios e pesados,643,Rússia,92626228,2.327,5,0,3980647465
2017,124,Canadá,271111,Gás natural liquefeito (GNL),780,Trinidad and Tobago,34631598,39.92,1,0,86752143
2017,124,Canadá,271111,Gás natural liquefeito (GNL),226,Guiné Equatorial,31202303,35.967,2,0,86752143
2017,124,Canadá,271111,Gás natural liquefeito (GNL),579,Noruega,16322196,18.815,3,0,86752143
2017,124,Canadá,271111,Gás natural liquefeito (GNL),842,EUA,4592032,5.293,4,0,86752143
2017,124,Canadá,271111,Gás natural liquefeito (GNL),276,Alemanha,3289,0.004,5,0,86752143
2017,124,Canadá,710221,Diamantes industriais em bruto,710,África do Sul,1090976,61.51,1,0,1773664
2017,124,Canadá,710221,Diamantes industriais em bruto,72,Botsuana,194219,10.95,2,0,1773664
2017,124,Canadá,710221,Diamantes industriais em bruto,36,Austrália,170321,9.603,3,0,1773664
2017,124,Canadá,710221,Diamantes industriais em bruto,56,Bélgica,97914,5.52,4,0,1773664
2017,124,Canadá,710221,Diamantes industriais em bruto,842,EUA,74677,4.21,5,0,1773664
2017,124,Canadá,890190,Navios de carga,156,China,138982721,42.184,1,0,329470599
2017,124,Canadá,890190,Navios de carga,642,Roménia,65274626,19.812,2,0,329470599
2017,124,Canadá,890190,Navios de carga,579,Noruega,57287965,17.388,3,0,329470599
2017,124,Canadá,890190,Navios de carga,528,Países Baixos,45359098,13.767,4,0,329470599
2017,124,Canadá,890190,Navios de carga,842,EUA,17208006,5.223,5,0,329470599
2017,124,Canadá,890520,Plataformas de perfuração ou produção,842,EUA,1674,100.0,1,0,1674
2017,156,China,270740,Naftaleno,392,Japão,5466083,99.653,1,0,5485092
2017,156,China,270740,Naftaleno,842,EUA,18879,0.344,2,0,5485092
2017,156,China,270740,Naftaleno,276,Alemanha,130,0.002,3,0,5485092
2017,156,China,270900,Petróleo bruto,643,Rússia,23884155059,14.579,1,0,163820666915
2017,156,China,270900,Petróleo bruto,682,Arábia Saudita,20514965132,12.523,2,0,163820666915
2017,156,China,270900,Petróleo bruto,24,Angola,20122697996,12.283,3,1,163820666915
2017,156,China,270900,Petróleo bruto,368,Iraque,13812852179,8.432,4,0,163820666915
2017,156,China,270900,Petróleo bruto,512,Omã,12374603703,7.554,5,0,163820666915
2017,156,China,270900,Petróleo bruto,364,Irão,11928933144,7.282,6,0,163820666915
2017,156,China,271012,Gasolinas e destilados leves,410,Coreia do Sul,1567899615,37.453,1,0,4186331990
2017,156,China,271012,Gasolinas e destilados leves,643,Rússia,698246711,16.679,2,0,4186331990
2017,156,China,271012,Gasolinas e destilados leves,702,Singapura,291038745,6.952,3,0,4186331990
2017,156,China,271012,Gasolinas e destilados leves,699,Índia,269542879,6.439,4,0,4186331990
2017,156,China,271012,Gasolinas e destilados leves,682,Arábia Saudita,238413006,5.695,5,0,4186331990
2017,156,China,271019,Gasóleo e combustíveis médios e pesados,702,Singapura,3320176972,32.179,1,0,10317719821
2017,156,China,271019,Gasóleo e combustíveis médios e pesados,410,Coreia do Sul,2998020363,29.057,2,0,10317719821
2017,156,China,271019,Gasóleo e combustíveis médios e pesados,458,Malásia,640369576,6.207,3,0,10317719821
2017,156,China,271019,Gasóleo e combustíveis médios e pesados,392,Japão,571171412,5.536,4,0,10317719821
2017,156,China,271019,Gasóleo e combustíveis médios e pesados,490,Taiwan (Prov. China),401404985,3.89,5,0,10317719821
2017,156,China,271111,Gás natural liquefeito (GNL),36,Austrália,6204004022,42.063,1,0,14749366854
2017,156,China,271111,Gás natural liquefeito (GNL),634,Catar,3351266741,22.721,2,0,14749366854
2017,156,China,271111,Gás natural liquefeito (GNL),458,Malásia,1462549902,9.916,3,0,14749366854
2017,156,China,271111,Gás natural liquefeito (GNL),360,Indonésia,1194594994,8.099,4,0,14749366854
2017,156,China,271111,Gás natural liquefeito (GNL),598,Papua New Guinea,902798419,6.121,5,0,14749366854
2017,156,China,271111,Gás natural liquefeito (GNL),24,Angola,84995845,0.576,11,1,14749366854
2017,156,China,710221,Diamantes industriais em bruto,699,Índia,558426,57.082,1,0,978280
2017,156,China,710221,Diamantes industriais em bruto,56,Bélgica,220604,22.55,2,0,978280
2017,156,China,710221,Diamantes industriais em bruto,710,África do Sul,85750,8.765,3,0,978280
2017,156,China,710221,Diamantes industriais em bruto,36,Austrália,59530,6.085,4,0,978280
2017,156,China,710221,Diamantes industriais em bruto,372,Irlanda,21000,2.147,5,0,978280
2017,156,China,890190,Navios de carga,392,Japão,253883000,38.653,1,0,656817717
2017,156,China,890190,Navios de carga,410,Coreia do Sul,208164748,31.693,2,0,656817717
2017,156,China,890190,Navios de carga,156,China,118409660,18.028,3,0,656817717
2017,156,China,890190,Navios de carga,642,Roménia,22300000,3.395,4,0,656817717
2017,156,China,890190,Navios de carga,276,Alemanha,15813192,2.408,5,0,656817717
2017,156,China,890520,Plataformas de perfuração ou produção,76,Brasil,313701408,53.045,1,0,591390190
2017,156,China,890520,Plataformas de perfuração ou produção,156,China,263583014,44.57,2,0,591390190
2017,156,China,890520,Plataformas de perfuração ou produção,56,Bélgica,14080392,2.381,3,0,591390190
2017,156,China,890520,Plataformas de perfuração ou produção,842,EUA,25376,0.004,4,0,591390190
2017,251,França,270740,Naftaleno,724,Espanha,360641,36.17,1,0,997084
2017,251,França,270740,Naftaleno,276,Alemanha,296039,29.691,2,0,997084
2017,251,França,270740,Naftaleno,208,Dinamarca,267744,26.853,3,0,997084
2017,251,França,270740,Naftaleno,826,Reino Unido,37397,3.751,4,0,997084
2017,251,França,270740,Naftaleno,528,Países Baixos,17186,1.724,5,0,997084
2017,251,França,270900,Petróleo bruto,643,Rússia,3931881732,16.492,1,0,23841589966
2017,251,França,270900,Petróleo bruto,398,Cazaquistão,3695913200,15.502,2,0,23841589966
2017,251,França,270900,Petróleo bruto,682,Arábia Saudita,2652510745,11.126,3,0,23841589966
2017,251,França,270900,Petróleo bruto,364,Irão,2517305330,10.558,4,0,23841589966
2017,251,França,270900,Petróleo bruto,579,Noruega,2146812320,9.004,5,0,23841589966
2017,251,França,270900,Petróleo bruto,24,Angola,327361826,1.373,12,1,23841589966
2017,251,França,271012,Gasolinas e destilados leves,724,Espanha,390343769,16.67,1,0,2341637475
2017,251,França,271012,Gasolinas e destilados leves,528,Países Baixos,359653360,15.359,2,0,2341637475
2017,251,França,271012,Gasolinas e destilados leves,12,Argélia,242173151,10.342,3,0,2341637475
2017,251,França,271012,Gasolinas e destilados leves,380,Itália,235064497,10.038,4,0,2341637475
2017,251,França,271012,Gasolinas e destilados leves,56,Bélgica,209431458,8.944,5,0,2341637475
2017,251,França,271012,Gasolinas e destilados leves,24,Angola,263,0.0,51,1,2341637475
2017,251,França,271019,Gasóleo e combustíveis médios e pesados,643,Rússia,2328218641,14.995,1,0,15526962595
2017,251,França,271019,Gasóleo e combustíveis médios e pesados,842,EUA,2023587871,13.033,2,0,15526962595
2017,251,França,271019,Gasóleo e combustíveis médios e pesados,682,Arábia Saudita,1772193940,11.414,3,0,15526962595
2017,251,França,271019,Gasóleo e combustíveis médios e pesados,528,Países Baixos,1555861690,10.02,4,0,15526962595
2017,251,França,271019,Gasóleo e combustíveis médios e pesados,56,Bélgica,1362622061,8.776,5,0,15526962595
2017,251,França,271019,Gasóleo e combustíveis médios e pesados,24,Angola,1651,0.0,76,1,15526962595
2017,251,França,271111,Gás natural liquefeito (GNL),12,Argélia,878503409,38.821,1,0,2262968976
2017,251,França,271111,Gás natural liquefeito (GNL),566,Nigéria,688919073,30.443,2,0,2262968976
2017,251,França,271111,Gás natural liquefeito (GNL),634,Catar,399011976,17.632,3,0,2262968976
2017,251,França,271111,Gás natural liquefeito (GNL),579,Noruega,159203575,7.035,4,0,2262968976
2017,251,França,271111,Gás natural liquefeito (GNL),604,Peru,39738920,1.756,5,0,2262968976
2017,251,França,271111,Gás natural liquefeito (GNL),24,Angola,39626716,1.751,6,1,2262968976
2017,251,França,710221,Diamantes industriais em bruto,56,Bélgica,250257,55.176,1,0,453558
2017,251,França,710221,Diamantes industriais em bruto,380,Itália,195798,43.169,2,0,453558
2017,251,França,710221,Diamantes industriais em bruto,140,Central African Rep.,7503,1.654,3,0,453558
2017,251,França,890190,Navios de carga,480,Maurícias,10360050,65.497,1,0,15817603
2017,251,França,890190,Navios de carga,528,Países Baixos,4650392,29.4,2,0,15817603
2017,251,França,890190,Navios de carga,704,Vietname,489779,3.096,3,0,15817603
2017,251,França,890190,Navios de carga,156,China,316923,2.004,4,0,15817603
2017,251,França,890190,Navios de carga,36,Austrália,445,0.003,5,0,15817603
2017,251,França,890520,Plataformas de perfuração ou produção,258,French Polynesia,106388,93.633,1,0,113622
2017,251,França,890520,Plataformas de perfuração ou produção,724,Espanha,6304,5.548,2,0,113622
2017,251,França,890520,Plataformas de perfuração ou produção,842,EUA,930,0.819,3,0,113622
2017,699,Índia,270740,Naftaleno,208,Dinamarca,3911961,21.727,1,0,18005384
2017,699,Índia,270740,Naftaleno,643,Rússia,3519104,19.545,2,0,18005384
2017,699,Índia,270740,Naftaleno,804,Ucrânia,2004404,11.132,3,0,18005384
2017,699,Índia,270740,Naftaleno,398,Cazaquistão,1522871,8.458,4,0,18005384
2017,699,Índia,270740,Naftaleno,203,Chéquia,1378003,7.653,5,0,18005384
2017,699,Índia,270900,Petróleo bruto,368,Iraque,15241431574,18.564,1,0,82101926634
2017,699,Índia,270900,Petróleo bruto,682,Arábia Saudita,14344564978,17.472,2,0,82101926634
2017,699,Índia,270900,Petróleo bruto,364,Irão,9251630526,11.268,3,0,82101926634
2017,699,Índia,270900,Petróleo bruto,566,Nigéria,7249302541,8.83,4,0,82101926634
2017,699,Índia,270900,Petróleo bruto,784,Emirados Árabes Unidos,6560100213,7.99,5,0,82101926634
2017,699,Índia,270900,Petróleo bruto,24,Angola,3130750845,3.813,8,1,82101926634
2017,699,Índia,271012,Gasolinas e destilados leves,784,Emirados Árabes Unidos,344480346,47.993,1,0,717772225
2017,699,Índia,271012,Gasolinas e destilados leves,682,Arábia Saudita,100555517,14.009,2,0,717772225
2017,699,Índia,271012,Gasolinas e destilados leves,643,Rússia,48194484,6.714,3,0,717772225
2017,699,Índia,271012,Gasolinas e destilados leves,842,EUA,43426074,6.05,4,0,717772225
2017,699,Índia,271012,Gasolinas e destilados leves,512,Omã,37595983,5.238,5,0,717772225
2017,699,Índia,271019,Gasóleo e combustíveis médios e pesados,784,Emirados Árabes Unidos,799839746,25.711,1,0,3110893660
2017,699,Índia,271019,Gasóleo e combustíveis médios e pesados,410,Coreia do Sul,599296982,19.264,2,0,3110893660
2017,699,Índia,271019,Gasóleo e combustíveis médios e pesados,702,Singapura,439937765,14.142,3,0,3110893660
2017,699,Índia,271019,Gasóleo e combustíveis médios e pesados,842,EUA,115719876,3.72,4,0,3110893660
2017,699,Índia,271019,Gasóleo e combustíveis médios e pesados,458,Malásia,113364781,3.644,5,0,3110893660
2017,699,Índia,271111,Gás natural liquefeito (GNL),634,Catar,3779683846,52.44,1,0,7207571619
2017,699,Índia,271111,Gás natural liquefeito (GNL),566,Nigéria,905134541,12.558,2,0,7207571619
2017,699,Índia,271111,Gás natural liquefeito (GNL),36,Austrália,748826944,10.389,3,0,7207571619
2017,699,Índia,271111,Gás natural liquefeito (GNL),24,Angola,394347965,5.471,4,1,7207571619
2017,699,Índia,271111,Gás natural liquefeito (GNL),226,Guiné Equatorial,315964677,4.384,5,0,7207571619
2017,699,Índia,271111,Gás natural liquefeito (GNL),512,Omã,188736014,2.619,6,0,7207571619
2017,699,Índia,710221,Diamantes industriais em bruto,643,Rússia,4813177,38.436,1,0,12522532
2017,699,Índia,710221,Diamantes industriais em bruto,180,RD Congo,2168139,17.314,2,0,12522532
2017,699,Índia,710221,Diamantes industriais em bruto,784,Emirados Árabes Unidos,1659564,13.253,3,0,12522532
2017,699,Índia,710221,Diamantes industriais em bruto,344,Hong Kong (RAEHK),1169648,9.34,4,0,12522532
2017,699,Índia,710221,Diamantes industriais em bruto,72,Botsuana,972488,7.766,5,0,12522532
2017,699,Índia,890190,Navios de carga,156,China,93913443,34.747,1,0,270278070
2017,699,Índia,890190,Navios de carga,44,Bahamas,33994344,12.578,2,0,270278070
2017,699,Índia,890190,Navios de carga,702,Singapura,31372123,11.607,3,0,270278070
2017,699,Índia,890190,Navios de carga,591,Panamá,30261229,11.196,4,0,270278070
2017,699,Índia,890190,Navios de carga,344,Hong Kong (RAEHK),24693393,9.136,5,0,270278070
2017,699,Índia,890520,Plataformas de perfuração ou produção,410,Coreia do Sul,194860393,33.212,1,0,586716469
2017,699,Índia,890520,Plataformas de perfuração ou produção,579,Noruega,151110678,25.755,2,0,586716469
2017,699,Índia,890520,Plataformas de perfuração ou produção,702,Singapura,150854275,25.712,3,0,586716469
2017,699,Índia,890520,Plataformas de perfuração ou produção,251,França,84555778,14.412,4,0,586716469
2017,699,Índia,890520,Plataformas de perfuração ou produção,899,"Areas, nes",5335344,0.909,5,0,586716469
2017,842,EUA,270740,Naftaleno,124,Canadá,8914301,70.382,1,0,12665544
2017,842,EUA,270740,Naftaleno,208,Dinamarca,1991923,15.727,2,0,12665544
2017,842,EUA,270740,Naftaleno,203,Chéquia,890583,7.032,3,0,12665544
2017,842,EUA,270740,Naftaleno,392,Japão,826899,6.529,4,0,12665544
2017,842,EUA,270740,Naftaleno,56,Bélgica,36498,0.288,5,0,12665544
2017,842,EUA,270900,Petróleo bruto,124,Canadá,53304591231,38.269,1,0,139287630125
2017,842,EUA,270900,Petróleo bruto,682,Arábia Saudita,18184827847,13.056,2,0,139287630125
2017,842,EUA,270900,Petróleo bruto,368,Iraque,11096288387,7.966,3,0,139287630125
2017,842,EUA,270900,Petróleo bruto,862,Venezuela,10719988874,7.696,4,0,139287630125
2017,842,EUA,270900,Petróleo bruto,484,México,10265998858,7.37,5,0,139287630125
2017,842,EUA,270900,Petróleo bruto,24,Angola,2480175454,1.781,11,1,139287630125
2017,842,EUA,271012,Gasolinas e destilados leves,124,Canadá,4899436958,24.787,1,0,19766394592
2017,842,EUA,271012,Gasolinas e destilados leves,826,Reino Unido,2432110251,12.304,2,0,19766394592
2017,842,EUA,271012,Gasolinas e destilados leves,699,Índia,1609875226,8.145,3,0,19766394592
2017,842,EUA,271012,Gasolinas e destilados leves,724,Espanha,1201914857,6.081,4,0,19766394592
2017,842,EUA,271012,Gasolinas e destilados leves,643,Rússia,1168737384,5.913,5,0,19766394592
2017,842,EUA,271012,Gasolinas e destilados leves,24,Angola,24430232,0.124,33,1,19766394592
2017,842,EUA,271019,Gasóleo e combustíveis médios e pesados,643,Rússia,5842881213,20.775,1,0,28124848187
2017,842,EUA,271019,Gasóleo e combustíveis médios e pesados,124,Canadá,5044504282,17.936,2,0,28124848187
2017,842,EUA,271019,Gasóleo e combustíveis médios e pesados,410,Coreia do Sul,2658513793,9.453,3,0,28124848187
2017,842,EUA,271019,Gasóleo e combustíveis médios e pesados,12,Argélia,2428674387,8.635,4,0,28124848187
2017,842,EUA,271019,Gasóleo e combustíveis médios e pesados,56,Bélgica,1138771644,4.049,5,0,28124848187
2017,842,EUA,271019,Gasóleo e combustíveis médios e pesados,24,Angola,37772175,0.134,39,1,28124848187
2017,842,EUA,271111,Gás natural liquefeito (GNL),780,Trinidad and Tobago,562487849,90.293,1,0,622959515
2017,842,EUA,271111,Gás natural liquefeito (GNL),566,Nigéria,45739347,7.342,2,0,622959515
2017,842,EUA,271111,Gás natural liquefeito (GNL),643,Rússia,14732319,2.365,3,0,622959515
2017,842,EUA,710221,Diamantes industriais em bruto,72,Botsuana,7727297,48.628,1,0,15890596
2017,842,EUA,710221,Diamantes industriais em bruto,710,África do Sul,5744580,36.151,2,0,15890596
2017,842,EUA,710221,Diamantes industriais em bruto,36,Austrália,1054495,6.636,3,0,15890596
2017,842,EUA,710221,Diamantes industriais em bruto,699,Índia,532579,3.352,4,0,15890596
2017,842,EUA,710221,Diamantes industriais em bruto,180,RD Congo,209164,1.316,5,0,15890596
2017,842,EUA,710221,Diamantes industriais em bruto,24,Angola,8171,0.051,13,1,15890596
2017,842,EUA,890190,Navios de carga,392,Japão,982500,45.995,1,0,2136103
2017,842,EUA,890190,Navios de carga,124,Canadá,555501,26.005,2,0,2136103
2017,842,EUA,890190,Navios de carga,704,Vietname,212270,9.937,3,0,2136103
2017,842,EUA,890190,Navios de carga,528,Países Baixos,198539,9.294,4,0,2136103
2017,842,EUA,890190,Navios de carga,643,Rússia,68645,3.214,5,0,2136103
2017,842,EUA,890520,Plataformas de perfuração ou produção,410,Coreia do Sul,320993170,86.523,1,0,370993171
2017,842,EUA,890520,Plataformas de perfuração ou produção,702,Singapura,50000001,13.477,2,0,370993171
2018,124,Canadá,270740,Naftaleno,842,EUA,386619,100.0,1,0,386619
2018,124,Canadá,270900,Petróleo bruto,842,EUA,9499832787,64.056,1,0,14830484089
2018,124,Canadá,270900,Petróleo bruto,682,Arábia Saudita,2732993869,18.428,2,0,14830484089
2018,124,Canadá,270900,Petróleo bruto,31,Azerbaijan,839783859,5.663,3,0,14830484089
2018,124,Canadá,270900,Petróleo bruto,579,Noruega,500809881,3.377,4,0,14830484089
2018,124,Canadá,270900,Petróleo bruto,566,Nigéria,351632644,2.371,5,0,14830484089
2018,124,Canadá,271012,Gasolinas e destilados leves,842,EUA,7445273590,67.147,1,0,11088011724
2018,124,Canadá,271012,Gasolinas e destilados leves,528,Países Baixos,1289534635,11.63,2,0,11088011724
2018,124,Canadá,271012,Gasolinas e destilados leves,826,Reino Unido,547805864,4.941,3,0,11088011724
2018,124,Canadá,271012,Gasolinas e destilados leves,56,Bélgica,405097212,3.653,4,0,11088011724
2018,124,Canadá,271012,Gasolinas e destilados leves,579,Noruega,295038606,2.661,5,0,11088011724
2018,124,Canadá,271019,Gasóleo e combustíveis médios e pesados,842,EUA,4249862661,74.155,1,0,5731091705
2018,124,Canadá,271019,Gasóleo e combustíveis médios e pesados,410,Coreia do Sul,349656678,6.101,2,0,5731091705
2018,124,Canadá,271019,Gasóleo e combustíveis médios e pesados,398,Cazaquistão,184016405,3.211,3,0,5731091705
2018,124,Canadá,271019,Gasóleo e combustíveis médios e pesados,528,Países Baixos,142540810,2.487,4,0,5731091705
2018,124,Canadá,271019,Gasóleo e combustíveis médios e pesados,392,Japão,118709007,2.071,5,0,5731091705
2018,124,Canadá,271111,Gás natural liquefeito (GNL),780,Trinidad and Tobago,132711943,64.078,1,0,207110550
2018,124,Canadá,271111,Gás natural liquefeito (GNL),528,Países Baixos,30488367,14.721,2,0,207110550
2018,124,Canadá,271111,Gás natural liquefeito (GNL),579,Noruega,27102773,13.086,3,0,207110550
2018,124,Canadá,271111,Gás natural liquefeito (GNL),842,EUA,16806850,8.115,4,0,207110550
2018,124,Canadá,271111,Gás natural liquefeito (GNL),899,"Areas, nes",360,0.0,5,0,207110550
2018,124,Canadá,710221,Diamantes industriais em bruto,710,África do Sul,823967,52.133,1,0,1580519
2018,124,Canadá,710221,Diamantes industriais em bruto,56,Bélgica,240101,15.191,2,0,1580519
2018,124,Canadá,710221,Diamantes industriais em bruto,36,Austrália,147315,9.321,3,0,1580519
2018,124,Canadá,710221,Diamantes industriais em bruto,72,Botsuana,147000,9.301,4,0,1580519
2018,124,Canadá,710221,Diamantes industriais em bruto,372,Irlanda,85699,5.422,5,0,1580519
2018,124,Canadá,890190,Navios de carga,156,China,77191025,41.718,1,0,185030619
2018,124,Canadá,890190,Navios de carga,191,Croácia,39443726,21.317,2,0,185030619
2018,124,Canadá,890190,Navios de carga,579,Noruega,21987131,11.883,3,0,185030619
2018,124,Canadá,890190,Navios de carga,528,Países Baixos,19403840,10.487,4,0,185030619
2018,124,Canadá,890190,Navios de carga,392,Japão,16428127,8.879,5,0,185030619
2018,124,Canadá,890520,Plataformas de perfuração ou produção,842,EUA,11896,99.176,1,0,11995
2018,124,Canadá,890520,Plataformas de perfuração ou produção,410,Coreia do Sul,99,0.824,2,0,11995
2018,156,China,270740,Naftaleno,392,Japão,8851322,99.716,1,0,8876555
2018,156,China,270740,Naftaleno,842,EUA,20149,0.227,2,0,8876555
2018,156,China,270740,Naftaleno,899,"Areas, nes",4985,0.056,3,0,8876555
2018,156,China,270740,Naftaleno,410,Coreia do Sul,99,0.001,4,0,8876555
2018,156,China,270900,Petróleo bruto,643,Rússia,38118581919,15.858,1,0,240380261315
2018,156,China,270900,Petróleo bruto,682,Arábia Saudita,29694463108,12.353,2,0,240380261315
2018,156,China,270900,Petróleo bruto,24,Angola,25037434241,10.416,3,1,240380261315
2018,156,China,270900,Petróleo bruto,368,Iraque,22442363257,9.336,4,0,240380261315
2018,156,China,270900,Petróleo bruto,512,Omã,17412542956,7.244,5,0,240380261315
2018,156,China,270900,Petróleo bruto,76,Brasil,16459312276,6.847,6,0,240380261315
2018,156,China,271012,Gasolinas e destilados leves,410,Coreia do Sul,1655824383,28.552,1,0,5799266061
2018,156,China,271012,Gasolinas e destilados leves,699,Índia,837440077,14.44,2,0,5799266061
2018,156,China,271012,Gasolinas e destilados leves,643,Rússia,731620250,12.616,3,0,5799266061
2018,156,China,271012,Gasolinas e destilados leves,12,Argélia,600376511,10.353,4,0,5799266061
2018,156,China,271012,Gasolinas e destilados leves,784,Emirados Árabes Unidos,347888875,5.999,5,0,5799266061
2018,156,China,271019,Gasóleo e combustíveis médios e pesados,410,Coreia do Sul,4142209263,28.88,1,0,14342860460
2018,156,China,271019,Gasóleo e combustíveis médios e pesados,702,Singapura,2770447250,19.316,2,0,14342860460
2018,156,China,271019,Gasóleo e combustíveis médios e pesados,458,Malásia,2312769532,16.125,3,0,14342860460
2018,156,China,271019,Gasóleo e combustíveis médios e pesados,392,Japão,1079623568,7.527,4,0,14342860460
2018,156,China,271019,Gasóleo e combustíveis médios e pesados,784,Emirados Árabes Unidos,946075937,6.596,5,0,14342860460
2018,156,China,271111,Gás natural liquefeito (GNL),36,Austrália,11252132982,41.978,1,0,26804860257
2018,156,China,271111,Gás natural liquefeito (GNL),634,Catar,5084532929,18.969,2,0,26804860257
2018,156,China,271111,Gás natural liquefeito (GNL),458,Malásia,2501950271,9.334,3,0,26804860257
2018,156,China,271111,Gás natural liquefeito (GNL),360,Indonésia,2397861944,8.946,4,0,26804860257
2018,156,China,271111,Gás natural liquefeito (GNL),598,Papua New Guinea,1323265164,4.937,5,0,26804860257
2018,156,China,271111,Gás natural liquefeito (GNL),24,Angola,297983624,1.112,10,1,26804860257
2018,156,China,710221,Diamantes industriais em bruto,180,RD Congo,2724708,68.226,1,0,3993652
2018,156,China,710221,Diamantes industriais em bruto,699,Índia,803127,20.11,2,0,3993652
2018,156,China,710221,Diamantes industriais em bruto,56,Bélgica,353224,8.845,3,0,3993652
2018,156,China,710221,Diamantes industriais em bruto,36,Austrália,46800,1.172,4,0,3993652
2018,156,China,710221,Diamantes industriais em bruto,710,África do Sul,35583,0.891,5,0,3993652
2018,156,China,890190,Navios de carga,392,Japão,348413083,38.392,1,0,907503880
2018,156,China,890190,Navios de carga,156,China,319743796,35.233,2,0,907503880
2018,156,China,890190,Navios de carga,410,Coreia do Sul,165565496,18.244,3,0,907503880
2018,156,China,890190,Navios de carga,490,Taiwan (Prov. China),24590000,2.71,4,0,907503880
2018,156,China,890190,Navios de carga,608,Filipinas,16860000,1.858,5,0,907503880
2018,156,China,890520,Plataformas de perfuração ou produção,156,China,630326000,68.468,1,0,920607666
2018,156,China,890520,Plataformas de perfuração ou produção,764,Tailândia,148239053,16.102,2,0,920607666
2018,156,China,890520,Plataformas de perfuração ou produção,410,Coreia do Sul,100000000,10.862,3,0,920607666
2018,156,China,890520,Plataformas de perfuração ou produção,702,Singapura,42042613,4.567,4,0,920607666
2018,251,França,270740,Naftaleno,724,Espanha,401326,40.624,1,0,987903
2018,251,França,270740,Naftaleno,276,Alemanha,370051,37.458,2,0,987903
2018,251,França,270740,Naftaleno,208,Dinamarca,96116,9.729,3,0,987903
2018,251,França,270740,Naftaleno,528,Países Baixos,78100,7.906,4,0,987903
2018,251,França,270740,Naftaleno,203,Chéquia,22067,2.234,5,0,987903
2018,251,França,270900,Petróleo bruto,643,Rússia,5301024397,18.589,1,0,28517346204
2018,251,França,270900,Petróleo bruto,682,Arábia Saudita,4054829879,14.219,2,0,28517346204
2018,251,França,270900,Petróleo bruto,398,Cazaquistão,3304764229,11.589,3,0,28517346204
2018,251,França,270900,Petróleo bruto,566,Nigéria,3196490455,11.209,4,0,28517346204
2018,251,França,270900,Petróleo bruto,12,Argélia,2868248850,10.058,5,0,28517346204
2018,251,França,270900,Petróleo bruto,24,Angola,570232809,2.0,11,1,28517346204
2018,251,França,271012,Gasolinas e destilados leves,724,Espanha,433047159,18.172,1,0,2383028225
2018,251,França,271012,Gasolinas e destilados leves,528,Países Baixos,403556145,16.935,2,0,2383028225
2018,251,França,271012,Gasolinas e destilados leves,56,Bélgica,280494385,11.771,3,0,2383028225
2018,251,França,271012,Gasolinas e destilados leves,12,Argélia,216717046,9.094,4,0,2383028225
2018,251,França,271012,Gasolinas e destilados leves,380,Itália,206638995,8.671,5,0,2383028225
2018,251,França,271019,Gasóleo e combustíveis médios e pesados,682,Arábia Saudita,3349703866,16.055,1,0,20864490612
2018,251,França,271019,Gasóleo e combustíveis médios e pesados,643,Rússia,3294536288,15.79,2,0,20864490612
2018,251,França,271019,Gasóleo e combustíveis médios e pesados,842,EUA,1935008418,9.274,3,0,20864490612
2018,251,França,271019,Gasóleo e combustíveis médios e pesados,528,Países Baixos,1847856631,8.856,4,0,20864490612
2018,251,França,271019,Gasóleo e combustíveis médios e pesados,56,Bélgica,1833129635,8.786,5,0,20864490612
2018,251,França,271019,Gasóleo e combustíveis médios e pesados,24,Angola,905,0.0,76,1,20864490612
2018,251,França,271111,Gás natural liquefeito (GNL),12,Argélia,936402840,28.055,1,0,3337714291
2018,251,França,271111,Gás natural liquefeito (GNL),566,Nigéria,923622579,27.672,2,0,3337714291
2018,251,França,271111,Gás natural liquefeito (GNL),643,Rússia,465426641,13.944,3,0,3337714291
2018,251,França,271111,Gás natural liquefeito (GNL),579,Noruega,462495518,13.857,4,0,3337714291
2018,251,França,271111,Gás natural liquefeito (GNL),634,Catar,336428855,10.08,5,0,3337714291
2018,251,França,271111,Gás natural liquefeito (GNL),24,Angola,22919121,0.687,10,1,3337714291
2018,251,França,710221,Diamantes industriais em bruto,380,Itália,226011,64.85,1,0,348515
2018,251,França,710221,Diamantes industriais em bruto,56,Bélgica,122505,35.15,2,0,348515
2018,251,França,890190,Navios de carga,608,Filipinas,146504023,91.416,1,0,160260350
2018,251,França,890190,Navios de carga,528,Países Baixos,6627454,4.135,2,0,160260350
2018,251,França,890190,Navios de carga,258,French Polynesia,4639433,2.895,3,0,160260350
2018,251,França,890190,Navios de carga,702,Singapura,2029181,1.266,4,0,160260350
2018,251,França,890190,Navios de carga,704,Vietname,456044,0.285,5,0,160260350
2018,251,França,890520,Plataformas de perfuração ou produção,380,Itália,1951,39.966,1,0,4881
2018,251,França,890520,Plataformas de perfuração ou produção,616,Polónia,1666,34.132,2,0,4881
2018,251,França,890520,Plataformas de perfuração ou produção,842,EUA,1264,25.902,3,0,4881
2018,699,Índia,270740,Naftaleno,208,Dinamarca,7963824,35.932,1,0,22163777
2018,699,Índia,270740,Naftaleno,784,Emirados Árabes Unidos,3990017,18.002,2,0,22163777
2018,699,Índia,270740,Naftaleno,410,Coreia do Sul,2951316,13.316,3,0,22163777
2018,699,Índia,270740,Naftaleno,156,China,1451031,6.547,4,0,22163777
2018,699,Índia,270740,Naftaleno,842,EUA,927043,4.183,5,0,22163777
2018,699,Índia,270900,Petróleo bruto,368,Iraque,22962467126,20.018,1,0,114708238144
2018,699,Índia,270900,Petróleo bruto,682,Arábia Saudita,21248345289,18.524,2,0,114708238144
2018,699,Índia,270900,Petróleo bruto,364,Irão,12938274039,11.279,3,0,114708238144
2018,699,Índia,270900,Petróleo bruto,566,Nigéria,9621288757,8.388,4,0,114708238144
2018,699,Índia,270900,Petróleo bruto,784,Emirados Árabes Unidos,8994061670,7.841,5,0,114708238144
2018,699,Índia,270900,Petróleo bruto,24,Angola,3433881609,2.994,9,1,114708238144
2018,699,Índia,271012,Gasolinas e destilados leves,784,Emirados Árabes Unidos,523451183,48.65,1,0,1075945023
2018,699,Índia,271012,Gasolinas e destilados leves,842,EUA,198709073,18.468,2,0,1075945023
2018,699,Índia,271012,Gasolinas e destilados leves,586,Paquistão,67993934,6.319,3,0,1075945023
2018,699,Índia,271012,Gasolinas e destilados leves,458,Malásia,56982420,5.296,4,0,1075945023
2018,699,Índia,271012,Gasolinas e destilados leves,682,Arábia Saudita,44952040,4.178,5,0,1075945023
2018,699,Índia,271019,Gasóleo e combustíveis médios e pesados,784,Emirados Árabes Unidos,904883641,19.723,1,0,4587887928
2018,699,Índia,271019,Gasóleo e combustíveis médios e pesados,410,Coreia do Sul,804342667,17.532,2,0,4587887928
2018,699,Índia,271019,Gasóleo e combustíveis médios e pesados,702,Singapura,589199506,12.842,3,0,4587887928
2018,699,Índia,271019,Gasóleo e combustíveis médios e pesados,12,Argélia,400076859,8.72,4,0,4587887928
2018,699,Índia,271019,Gasóleo e combustíveis médios e pesados,682,Arábia Saudita,357970688,7.803,5,0,4587887928
2018,699,Índia,271111,Gás natural liquefeito (GNL),634,Catar,5503489447,50.597,1,0,10877068122
2018,699,Índia,271111,Gás natural liquefeito (GNL),566,Nigéria,1283504223,11.8,2,0,10877068122
2018,699,Índia,271111,Gás natural liquefeito (GNL),36,Austrália,731921702,6.729,3,0,10877068122
2018,699,Índia,271111,Gás natural liquefeito (GNL),24,Angola,660122516,6.069,4,1,10877068122
2018,699,Índia,271111,Gás natural liquefeito (GNL),512,Omã,521684898,4.796,5,0,10877068122
2018,699,Índia,271111,Gás natural liquefeito (GNL),842,EUA,405343947,3.727,6,0,10877068122
2018,699,Índia,710221,Diamantes industriais em bruto,784,Emirados Árabes Unidos,16248839,47.144,1,0,34466326
2018,699,Índia,710221,Diamantes industriais em bruto,643,Rússia,10958147,31.794,2,0,34466326
2018,699,Índia,710221,Diamantes industriais em bruto,56,Bélgica,4358772,12.646,3,0,34466326
2018,699,Índia,710221,Diamantes industriais em bruto,344,Hong Kong (RAEHK),1513306,4.391,4,0,34466326
2018,699,Índia,710221,Diamantes industriais em bruto,710,África do Sul,908746,2.637,5,0,34466326
2018,699,Índia,890190,Navios de carga,156,China,116380596,36.507,1,0,318788710
2018,699,Índia,890190,Navios de carga,360,Indonésia,43576500,13.669,2,0,318788710
2018,699,Índia,890190,Navios de carga,579,Noruega,37846414,11.872,3,0,318788710
2018,699,Índia,890190,Navios de carga,36,Austrália,31576720,9.905,4,0,318788710
2018,699,Índia,890190,Navios de carga,144,Sri Lanka,21265969,6.671,5,0,318788710
2018,699,Índia,890520,Plataformas de perfuração ou produção,144,Sri Lanka,396900720,44.936,1,0,883261451
2018,699,Índia,890520,Plataformas de perfuração ou produção,702,Singapura,249143067,28.207,2,0,883261451
2018,699,Índia,890520,Plataformas de perfuração ou produção,458,Malásia,131296376,14.865,3,0,883261451
2018,699,Índia,890520,Plataformas de perfuração ou produção,246,Finlândia,105921288,11.992,4,0,883261451
2018,842,EUA,270740,Naftaleno,124,Canadá,8151144,62.593,1,0,13022452
2018,842,EUA,270740,Naftaleno,208,Dinamarca,1852453,14.225,2,0,13022452
2018,842,EUA,270740,Naftaleno,392,Japão,1076843,8.269,3,0,13022452
2018,842,EUA,270740,Naftaleno,724,Espanha,938231,7.205,4,0,13022452
2018,842,EUA,270740,Naftaleno,203,Chéquia,577812,4.437,5,0,13022452
2018,842,EUA,270900,Petróleo bruto,124,Canadá,64316218391,39.506,1,0,162801502954
2018,842,EUA,270900,Petróleo bruto,682,Arábia Saudita,21873566916,13.436,2,0,162801502954
2018,842,EUA,270900,Petróleo bruto,484,México,14399674673,8.845,3,0,162801502954
2018,842,EUA,270900,Petróleo bruto,368,Iraque,12063002876,7.41,4,0,162801502954
2018,842,EUA,270900,Petróleo bruto,862,Venezuela,10629346072,6.529,5,0,162801502954
2018,842,EUA,270900,Petróleo bruto,24,Angola,2487662610,1.528,10,1,162801502954
2018,842,EUA,271012,Gasolinas e destilados leves,124,Canadá,4496808528,18.29,1,0,24585489656
2018,842,EUA,271012,Gasolinas e destilados leves,826,Reino Unido,2517742180,10.241,2,0,24585489656
2018,842,EUA,271012,Gasolinas e destilados leves,699,Índia,1821144552,7.407,3,0,24585489656
2018,842,EUA,271012,Gasolinas e destilados leves,528,Países Baixos,1654016792,6.728,4,0,24585489656
2018,842,EUA,271012,Gasolinas e destilados leves,643,Rússia,1619341801,6.587,5,0,24585489656
2018,842,EUA,271012,Gasolinas e destilados leves,24,Angola,65500892,0.266,30,1,24585489656
2018,842,EUA,271019,Gasóleo e combustíveis médios e pesados,643,Rússia,6942782670,18.884,1,0,36765698714
2018,842,EUA,271019,Gasóleo e combustíveis médios e pesados,124,Canadá,6495763664,17.668,2,0,36765698714
2018,842,EUA,271019,Gasóleo e combustíveis médios e pesados,410,Coreia do Sul,2895057824,7.874,3,0,36765698714
2018,842,EUA,271019,Gasóleo e combustíveis médios e pesados,12,Argélia,2351394075,6.396,4,0,36765698714
2018,842,EUA,271019,Gasóleo e combustíveis médios e pesados,862,Venezuela,1441960520,3.922,5,0,36765698714
2018,842,EUA,271019,Gasóleo e combustíveis médios e pesados,24,Angola,179000,0.0,71,1,36765698714
2018,842,EUA,271111,Gás natural liquefeito (GNL),780,Trinidad and Tobago,780338354,84.983,1,0,918228115
2018,842,EUA,271111,Gás natural liquefeito (GNL),251,França,64361424,7.009,2,0,918228115
2018,842,EUA,271111,Gás natural liquefeito (GNL),826,Reino Unido,40416543,4.402,3,0,918228115
2018,842,EUA,271111,Gás natural liquefeito (GNL),566,Nigéria,28888045,3.146,4,0,918228115
2018,842,EUA,271111,Gás natural liquefeito (GNL),372,Irlanda,4220470,0.46,5,0,918228115
2018,842,EUA,710221,Diamantes industriais em bruto,710,África do Sul,4175814,57.139,1,0,7308169
2018,842,EUA,710221,Diamantes industriais em bruto,72,Botsuana,1033611,14.143,2,0,7308169
2018,842,EUA,710221,Diamantes industriais em bruto,36,Austrália,621905,8.51,3,0,7308169
2018,842,EUA,710221,Diamantes industriais em bruto,124,Canadá,571668,7.822,4,0,7308169
2018,842,EUA,710221,Diamantes industriais em bruto,699,Índia,522241,7.146,5,0,7308169
2018,842,EUA,710221,Diamantes industriais em bruto,24,Angola,4565,0.062,12,1,7308169
2018,842,EUA,890190,Navios de carga,124,Canadá,480524,56.802,1,0,845956
2018,842,EUA,890190,Navios de carga,579,Noruega,182874,21.617,2,0,845956
2018,842,EUA,890190,Navios de carga,36,Austrália,59890,7.08,3,0,845956
2018,842,EUA,890190,Navios de carga,156,China,38394,4.539,4,0,845956
2018,842,EUA,890190,Navios de carga,484,México,28652,3.387,5,0,845956
2018,842,EUA,890520,Plataformas de perfuração ou produção,826,Reino Unido,3000001,100.0,1,0,3000001
2019,124,Canadá,270740,Naftaleno,842,EUA,235514,99.885,1,0,235785
2019,124,Canadá,270740,Naftaleno,124,Canadá,271,0.115,2,0,235785
2019,124,Canadá,270900,Petróleo bruto,842,EUA,10400192696,72.743,1,0,14297140176
2019,124,Canadá,270900,Petróleo bruto,682,Arábia Saudita,2310229362,16.159,2,0,14297140176
2019,124,Canadá,270900,Petróleo bruto,643,Rússia,418170973,2.925,3,0,14297140176
2019,124,Canadá,270900,Petróleo bruto,579,Noruega,238045913,1.665,4,0,14297140176
2019,124,Canadá,270900,Petróleo bruto,826,Reino Unido,224027246,1.567,5,0,14297140176
2019,124,Canadá,271012,Gasolinas e destilados leves,842,EUA,5806609667,67.396,1,0,8615719012
2019,124,Canadá,271012,Gasolinas e destilados leves,528,Países Baixos,1213796218,14.088,2,0,8615719012
2019,124,Canadá,271012,Gasolinas e destilados leves,579,Noruega,285691343,3.316,3,0,8615719012
2019,124,Canadá,271012,Gasolinas e destilados leves,826,Reino Unido,274815113,3.19,4,0,8615719012
2019,124,Canadá,271012,Gasolinas e destilados leves,56,Bélgica,257946153,2.994,5,0,8615719012
2019,124,Canadá,271019,Gasóleo e combustíveis médios e pesados,842,EUA,4023508174,75.645,1,0,5318903988
2019,124,Canadá,271019,Gasóleo e combustíveis médios e pesados,410,Coreia do Sul,462879217,8.703,2,0,5318903988
2019,124,Canadá,271019,Gasóleo e combustíveis médios e pesados,528,Países Baixos,186978920,3.515,3,0,5318903988
2019,124,Canadá,271019,Gasóleo e combustíveis médios e pesados,398,Cazaquistão,127629886,2.4,4,0,5318903988
2019,124,Canadá,271019,Gasóleo e combustíveis médios e pesados,724,Espanha,94189246,1.771,5,0,5318903988
2019,124,Canadá,271111,Gás natural liquefeito (GNL),780,Trinidad and Tobago,102180966,61.115,1,0,167193857
2019,124,Canadá,271111,Gás natural liquefeito (GNL),842,EUA,44440268,26.58,2,0,167193857
2019,124,Canadá,271111,Gás natural liquefeito (GNL),24,Angola,20566027,12.301,3,1,167193857
2019,124,Canadá,271111,Gás natural liquefeito (GNL),276,Alemanha,6449,0.004,4,0,167193857
2019,124,Canadá,271111,Gás natural liquefeito (GNL),792,Turquia,84,0.0,5,0,167193857
2019,124,Canadá,271111,Gás natural liquefeito (GNL),156,China,62,0.0,6,0,167193857
2019,124,Canadá,710221,Diamantes industriais em bruto,710,África do Sul,712461,47.071,1,0,1513581
2019,124,Canadá,710221,Diamantes industriais em bruto,56,Bélgica,292737,19.341,2,0,1513581
2019,124,Canadá,710221,Diamantes industriais em bruto,36,Austrália,209876,13.866,3,0,1513581
2019,124,Canadá,710221,Diamantes industriais em bruto,842,EUA,110564,7.305,4,0,1513581
2019,124,Canadá,710221,Diamantes industriais em bruto,72,Botsuana,100588,6.646,5,0,1513581
2019,124,Canadá,890190,Navios de carga,156,China,52663027,33.379,1,0,157771245
2019,124,Canadá,890190,Navios de carga,842,EUA,31828099,20.174,2,0,157771245
2019,124,Canadá,890190,Navios de carga,616,Polónia,29982061,19.004,3,0,157771245
2019,124,Canadá,890190,Navios de carga,792,Turquia,10840298,6.871,4,0,157771245
2019,124,Canadá,890190,Navios de carga,528,Países Baixos,10393908,6.588,5,0,157771245
2019,124,Canadá,890520,Plataformas de perfuração ou produção,842,EUA,462943,99.565,1,0,464965
2019,124,Canadá,890520,Plataformas de perfuração ou produção,410,Coreia do Sul,1057,0.227,2,0,464965
2019,124,Canadá,890520,Plataformas de perfuração ou produção,156,China,964,0.207,3,0,464965
2019,156,China,270740,Naftaleno,392,Japão,12294478,95.938,1,0,12815090
2019,156,China,270740,Naftaleno,410,Coreia do Sul,513873,4.01,2,0,12815090
2019,156,China,270740,Naftaleno,842,EUA,6739,0.053,3,0,12815090
2019,156,China,270900,Petróleo bruto,682,Arábia Saudita,40174670196,16.575,1,0,242384862765
2019,156,China,270900,Petróleo bruto,643,Rússia,37424058343,15.44,2,0,242384862765
2019,156,China,270900,Petróleo bruto,368,Iraque,23850151714,9.84,3,0,242384862765
2019,156,China,270900,Petróleo bruto,24,Angola,23224440673,9.582,4,1,242384862765
2019,156,China,270900,Petróleo bruto,76,Brasil,19181757794,7.914,5,0,242384862765
2019,156,China,270900,Petróleo bruto,512,Omã,16578833485,6.84,6,0,242384862765
2019,156,China,271012,Gasolinas e destilados leves,410,Coreia do Sul,1083764868,25.29,1,0,4285272304
2019,156,China,271012,Gasolinas e destilados leves,643,Rússia,838955907,19.578,2,0,4285272304
2019,156,China,271012,Gasolinas e destilados leves,12,Argélia,542935208,12.67,3,0,4285272304
2019,156,China,271012,Gasolinas e destilados leves,634,Catar,376003887,8.774,4,0,4285272304
2019,156,China,271012,Gasolinas e destilados leves,699,Índia,338116027,7.89,5,0,4285272304
2019,156,China,271019,Gasóleo e combustíveis médios e pesados,410,Coreia do Sul,3701294274,28.939,1,0,12790183963
2019,156,China,271019,Gasóleo e combustíveis médios e pesados,458,Malásia,2820654193,22.053,2,0,12790183963
2019,156,China,271019,Gasóleo e combustíveis médios e pesados,702,Singapura,2281007189,17.834,3,0,12790183963
2019,156,China,271019,Gasóleo e combustíveis médios e pesados,392,Japão,880965189,6.888,4,0,12790183963
2019,156,China,271019,Gasóleo e combustíveis médios e pesados,784,Emirados Árabes Unidos,676729400,5.291,5,0,12790183963
2019,156,China,271111,Gás natural liquefeito (GNL),36,Austrália,13107937433,45.779,1,0,28632979476
2019,156,China,271111,Gás natural liquefeito (GNL),634,Catar,4666094013,16.296,2,0,28632979476
2019,156,China,271111,Gás natural liquefeito (GNL),458,Malásia,2691625228,9.4,3,0,28632979476
2019,156,China,271111,Gás natural liquefeito (GNL),360,Indonésia,2104065151,7.348,4,0,28632979476
2019,156,China,271111,Gás natural liquefeito (GNL),598,Papua New Guinea,1492060775,5.211,5,0,28632979476
2019,156,China,271111,Gás natural liquefeito (GNL),24,Angola,93278057,0.326,16,1,28632979476
2019,156,China,710221,Diamantes industriais em bruto,699,Índia,504951,37.996,1,0,1328958
2019,156,China,710221,Diamantes industriais em bruto,56,Bélgica,433207,32.597,2,0,1328958
2019,156,China,710221,Diamantes industriais em bruto,710,África do Sul,211259,15.897,3,0,1328958
2019,156,China,710221,Diamantes industriais em bruto,643,Rússia,44636,3.359,4,0,1328958
2019,156,China,710221,Diamantes industriais em bruto,516,Namíbia,38837,2.922,5,0,1328958
2019,156,China,890190,Navios de carga,156,China,285558331,87.276,1,0,327190494
2019,156,China,890190,Navios de carga,392,Japão,31809769,9.722,2,0,327190494
2019,156,China,890190,Navios de carga,410,Coreia do Sul,9500000,2.904,3,0,327190494
2019,156,China,890190,Navios de carga,643,Rússia,226920,0.069,4,0,327190494
2019,156,China,890190,Navios de carga,842,EUA,95474,0.029,5,0,327190494
2019,156,China,890520,Plataformas de perfuração ou produção,156,China,966729868,78.689,1,0,1228549175
2019,156,China,890520,Plataformas de perfuração ou produção,702,Singapura,255059087,20.761,2,0,1228549175
2019,156,China,890520,Plataformas de perfuração ou produção,246,Finlândia,6760220,0.55,3,0,1228549175
2019,251,França,270740,Naftaleno,702,Singapura,4267047,84.779,1,0,5033134
2019,251,França,270740,Naftaleno,724,Espanha,374632,7.443,2,0,5033134
2019,251,França,270740,Naftaleno,276,Alemanha,243360,4.835,3,0,5033134
2019,251,França,270740,Naftaleno,208,Dinamarca,65822,1.308,4,0,5033134
2019,251,França,270740,Naftaleno,528,Países Baixos,51580,1.025,5,0,5033134
2019,251,França,270900,Petróleo bruto,682,Arábia Saudita,3950233938,16.103,1,0,24530918330
2019,251,França,270900,Petróleo bruto,398,Cazaquistão,3335409171,13.597,2,0,24530918330
2019,251,França,270900,Petróleo bruto,566,Nigéria,3298204977,13.445,3,0,24530918330
2019,251,França,270900,Petróleo bruto,643,Rússia,2971435218,12.113,4,0,24530918330
2019,251,França,270900,Petróleo bruto,12,Argélia,2728828479,11.124,5,0,24530918330
2019,251,França,270900,Petróleo bruto,24,Angola,447151178,1.823,11,1,24530918330
2019,251,França,271012,Gasolinas e destilados leves,56,Bélgica,424043839,16.735,1,0,2533894573
2019,251,França,271012,Gasolinas e destilados leves,528,Países Baixos,387579010,15.296,2,0,2533894573
2019,251,França,271012,Gasolinas e destilados leves,724,Espanha,364021293,14.366,3,0,2533894573
2019,251,França,271012,Gasolinas e destilados leves,12,Argélia,345142536,13.621,4,0,2533894573
2019,251,França,271012,Gasolinas e destilados leves,380,Itália,229329948,9.05,5,0,2533894573
2019,251,França,271019,Gasóleo e combustíveis médios e pesados,682,Arábia Saudita,3250444244,16.02,1,0,20289843282
2019,251,França,271019,Gasóleo e combustíveis médios e pesados,643,Rússia,3220136849,15.871,2,0,20289843282
2019,251,França,271019,Gasóleo e combustíveis médios e pesados,56,Bélgica,1912444846,9.426,3,0,20289843282
2019,251,França,271019,Gasóleo e combustíveis médios e pesados,842,EUA,1380461115,6.804,4,0,20289843282
2019,251,França,271019,Gasóleo e combustíveis médios e pesados,528,Países Baixos,1367198045,6.738,5,0,20289843282
2019,251,França,271019,Gasóleo e combustíveis médios e pesados,24,Angola,4346,0.0,66,1,20289843282
2019,251,França,271111,Gás natural liquefeito (GNL),643,Rússia,1185698469,26.818,1,0,4421224420
2019,251,França,271111,Gás natural liquefeito (GNL),566,Nigéria,978768744,22.138,2,0,4421224420
2019,251,França,271111,Gás natural liquefeito (GNL),12,Argélia,879922669,19.902,3,0,4421224420
2019,251,França,271111,Gás natural liquefeito (GNL),842,EUA,535138788,12.104,4,0,4421224420
2019,251,França,271111,Gás natural liquefeito (GNL),579,Noruega,272218696,6.157,5,0,4421224420
2019,251,França,271111,Gás natural liquefeito (GNL),24,Angola,55935692,1.265,9,1,4421224420
2019,251,França,710221,Diamantes industriais em bruto,380,Itália,337472,91.289,1,0,369677
2019,251,França,710221,Diamantes industriais em bruto,56,Bélgica,20585,5.568,2,0,369677
2019,251,França,710221,Diamantes industriais em bruto,642,Roménia,6381,1.726,3,0,369677
2019,251,França,710221,Diamantes industriais em bruto,899,"Areas, nes",4631,1.253,4,0,369677
2019,251,França,710221,Diamantes industriais em bruto,376,Israel,608,0.164,5,0,369677
2019,251,França,890190,Navios de carga,156,China,131288793,70.048,1,0,187426063
2019,251,França,890190,Navios de carga,792,Turquia,45227778,24.131,2,0,187426063
2019,251,França,890190,Navios de carga,44,Bahamas,6909110,3.686,3,0,187426063
2019,251,França,890190,Navios de carga,528,Países Baixos,3030318,1.617,4,0,187426063
2019,251,França,890190,Navios de carga,276,Alemanha,878919,0.469,5,0,187426063
2019,251,França,890520,Plataformas de perfuração ou produção,528,Países Baixos,615803,95.165,1,0,647093
2019,251,França,890520,Plataformas de perfuração ou produção,156,China,21240,3.282,2,0,647093
2019,251,França,890520,Plataformas de perfuração ou produção,620,Portugal,6259,0.967,3,0,647093
2019,251,França,890520,Plataformas de perfuração ou produção,842,EUA,3791,0.586,4,0,647093
2019,699,Índia,270740,Naftaleno,414,Kuwait,17857156,55.246,1,0,32323136
2019,699,Índia,270740,Naftaleno,208,Dinamarca,5376471,16.634,2,0,32323136
2019,699,Índia,270740,Naftaleno,643,Rússia,2585757,8.0,3,0,32323136
2019,699,Índia,270740,Naftaleno,410,Coreia do Sul,2048840,6.339,4,0,32323136
2019,699,Índia,270740,Naftaleno,36,Austrália,1326801,4.105,5,0,32323136
2019,699,Índia,270900,Petróleo bruto,368,Iraque,21547092118,21.135,1,0,101948596917
2019,699,Índia,270900,Petróleo bruto,682,Arábia Saudita,20532236933,20.14,2,0,101948596917
2019,699,Índia,270900,Petróleo bruto,784,Emirados Árabes Unidos,9750574912,9.564,3,0,101948596917
2019,699,Índia,270900,Petróleo bruto,566,Nigéria,9460766662,9.28,4,0,101948596917
2019,699,Índia,270900,Petróleo bruto,862,Venezuela,5662628635,5.554,5,0,101948596917
2019,699,Índia,270900,Petróleo bruto,24,Angola,2796554052,2.743,10,1,101948596917
2019,699,Índia,271012,Gasolinas e destilados leves,784,Emirados Árabes Unidos,873796166,50.068,1,0,1745225049
2019,699,Índia,271012,Gasolinas e destilados leves,702,Singapura,253627281,14.533,2,0,1745225049
2019,699,Índia,271012,Gasolinas e destilados leves,512,Omã,177698104,10.182,3,0,1745225049
2019,699,Índia,271012,Gasolinas e destilados leves,458,Malásia,147232725,8.436,4,0,1745225049
2019,699,Índia,271012,Gasolinas e destilados leves,634,Catar,79400986,4.55,5,0,1745225049
2019,699,Índia,271019,Gasóleo e combustíveis médios e pesados,784,Emirados Árabes Unidos,1107433477,22.432,1,0,4936762526
2019,699,Índia,271019,Gasóleo e combustíveis médios e pesados,410,Coreia do Sul,704868834,14.278,2,0,4936762526
2019,699,Índia,271019,Gasóleo e combustíveis médios e pesados,643,Rússia,376148342,7.619,3,0,4936762526
2019,699,Índia,271019,Gasóleo e combustíveis médios e pesados,702,Singapura,376085247,7.618,4,0,4936762526
2019,699,Índia,271019,Gasóleo e combustíveis médios e pesados,682,Arábia Saudita,347796690,7.045,5,0,4936762526
2019,699,Índia,271019,Gasóleo e combustíveis médios e pesados,24,Angola,70335,0.001,62,1,4936762526
2019,699,Índia,271111,Gás natural liquefeito (GNL),634,Catar,4386439214,45.931,1,0,9550077431
2019,699,Índia,271111,Gás natural liquefeito (GNL),24,Angola,962799954,10.082,2,1,9550077431
2019,699,Índia,271111,Gás natural liquefeito (GNL),566,Nigéria,957070942,10.022,3,0,9550077431
2019,699,Índia,271111,Gás natural liquefeito (GNL),784,Emirados Árabes Unidos,774085946,8.106,4,0,9550077431
2019,699,Índia,271111,Gás natural liquefeito (GNL),842,EUA,768469701,8.047,5,0,9550077431
2019,699,Índia,271111,Gás natural liquefeito (GNL),36,Austrália,458710694,4.803,6,0,9550077431
2019,699,Índia,710221,Diamantes industriais em bruto,784,Emirados Árabes Unidos,66333129,72.162,1,0,91923109
2019,699,Índia,710221,Diamantes industriais em bruto,643,Rússia,8914386,9.698,2,0,91923109
2019,699,Índia,710221,Diamantes industriais em bruto,56,Bélgica,7587220,8.254,3,0,91923109
2019,699,Índia,710221,Diamantes industriais em bruto,344,Hong Kong (RAEHK),5551639,6.039,4,0,91923109
2019,699,Índia,710221,Diamantes industriais em bruto,710,África do Sul,2665849,2.9,5,0,91923109
2019,699,Índia,890190,Navios de carga,702,Singapura,158526592,82.204,1,0,192844825
2019,699,Índia,890190,Navios de carga,784,Emirados Árabes Unidos,26939824,13.97,2,0,192844825
2019,699,Índia,890190,Navios de carga,458,Malásia,4577825,2.374,3,0,192844825
2019,699,Índia,890190,Navios de carga,579,Noruega,2687490,1.394,4,0,192844825
2019,699,Índia,890190,Navios de carga,36,Austrália,59493,0.031,5,0,192844825
2019,699,Índia,890520,Plataformas de perfuração ou produção,784,Emirados Árabes Unidos,69062207,100.0,1,0,69062207
2019,842,EUA,270740,Naftaleno,124,Canadá,3900047,47.009,1,0,8296390
2019,842,EUA,270740,Naftaleno,276,Alemanha,1826744,22.019,2,0,8296390
2019,842,EUA,270740,Naftaleno,724,Espanha,1252157,15.093,3,0,8296390
2019,842,EUA,270740,Naftaleno,392,Japão,924814,11.147,4,0,8296390
2019,842,EUA,270740,Naftaleno,208,Dinamarca,392628,4.733,5,0,8296390
2019,842,EUA,270900,Petróleo bruto,124,Canadá,66340508411,50.117,1,0,132370662612
2019,842,EUA,270900,Petróleo bruto,484,México,12255695334,9.259,2,0,132370662612
2019,842,EUA,270900,Petróleo bruto,682,Arábia Saudita,11529378248,8.71,3,0,132370662612
2019,842,EUA,270900,Petróleo bruto,368,Iraque,7026034206,5.308,4,0,132370662612
2019,842,EUA,270900,Petróleo bruto,170,Colômbia,6491845956,4.904,5,0,132370662612
2019,842,EUA,270900,Petróleo bruto,24,Angola,763266581,0.577,17,1,132370662612
2019,842,EUA,271012,Gasolinas e destilados leves,124,Canadá,4628110327,18.082,1,0,25595607970
2019,842,EUA,271012,Gasolinas e destilados leves,528,Países Baixos,2772487427,10.832,2,0,25595607970
2019,842,EUA,271012,Gasolinas e destilados leves,826,Reino Unido,2294922734,8.966,3,0,25595607970
2019,842,EUA,271012,Gasolinas e destilados leves,699,Índia,2148984075,8.396,4,0,25595607970
2019,842,EUA,271012,Gasolinas e destilados leves,643,Rússia,2072553809,8.097,5,0,25595607970
2019,842,EUA,271012,Gasolinas e destilados leves,24,Angola,118414201,0.463,26,1,25595607970
2019,842,EUA,271019,Gasóleo e combustíveis médios e pesados,643,Rússia,8131510053,22.394,1,0,36310307585
2019,842,EUA,271019,Gasóleo e combustíveis médios e pesados,124,Canadá,6844072608,18.849,2,0,36310307585
2019,842,EUA,271019,Gasóleo e combustíveis médios e pesados,410,Coreia do Sul,3876522344,10.676,3,0,36310307585
2019,842,EUA,271019,Gasóleo e combustíveis médios e pesados,12,Argélia,1807187945,4.977,4,0,36310307585
2019,842,EUA,271019,Gasóleo e combustíveis médios e pesados,170,Colômbia,1634699588,4.502,5,0,36310307585
2019,842,EUA,271019,Gasóleo e combustíveis médios e pesados,24,Angola,34856221,0.096,43,1,36310307585
2019,842,EUA,271111,Gás natural liquefeito (GNL),780,Trinidad and Tobago,864081438,89.339,1,0,967197686
2019,842,EUA,271111,Gás natural liquefeito (GNL),643,Rússia,52896557,5.469,2,0,967197686
2019,842,EUA,271111,Gás natural liquefeito (GNL),372,Irlanda,29246190,3.024,3,0,967197686
2019,842,EUA,271111,Gás natural liquefeito (GNL),566,Nigéria,20954368,2.167,4,0,967197686
2019,842,EUA,271111,Gás natural liquefeito (GNL),392,Japão,12299,0.001,5,0,967197686
2019,842,EUA,710221,Diamantes industriais em bruto,710,África do Sul,3123869,49.428,1,0,6319978
2019,842,EUA,710221,Diamantes industriais em bruto,72,Botsuana,1251364,19.8,2,0,6319978
2019,842,EUA,710221,Diamantes industriais em bruto,699,Índia,662308,10.48,3,0,6319978
2019,842,EUA,710221,Diamantes industriais em bruto,124,Canadá,481824,7.624,4,0,6319978
2019,842,EUA,710221,Diamantes industriais em bruto,36,Austrália,426616,6.75,5,0,6319978
2019,842,EUA,890190,Navios de carga,704,Vietname,489387,75.811,1,0,645535
2019,842,EUA,890190,Navios de carga,124,Canadá,77442,11.997,2,0,645535
2019,842,EUA,890190,Navios de carga,579,Noruega,53839,8.34,3,0,645535
2019,842,EUA,890190,Navios de carga,724,Espanha,5336,0.827,4,0,645535
2019,842,EUA,890190,Navios de carga,616,Polónia,4987,0.773,5,0,645535
2019,842,EUA,890520,Plataformas de perfuração ou produção,410,Coreia do Sul,17077569,67.979,1,0,25121993
2019,842,EUA,890520,Plataformas de perfuração ou produção,826,Reino Unido,7946614,31.632,2,0,25121993
2019,842,EUA,890520,Plataformas de perfuração ou produção,156,China,52826,0.21,3,0,25121993
2019,842,EUA,890520,Plataformas de perfuração ou produção,124,Canadá,44984,0.179,4,0,25121993
2020,124,Canadá,270740,Naftaleno,842,EUA,331265,99.913,1,0,331552
2020,124,Canadá,270740,Naftaleno,124,Canadá,287,0.087,2,0,331552
2020,124,Canadá,270900,Petróleo bruto,842,EUA,6531991515,77.207,1,0,8460404184
2020,124,Canadá,270900,Petróleo bruto,682,Arábia Saudita,1019106602,12.046,2,0,8460404184
2020,124,Canadá,270900,Petróleo bruto,566,Nigéria,455778987,5.387,3,0,8460404184
2020,124,Canadá,270900,Petróleo bruto,579,Noruega,257252459,3.041,4,0,8460404184
2020,124,Canadá,270900,Petróleo bruto,170,Colômbia,107042318,1.265,5,0,8460404184
2020,124,Canadá,271012,Gasolinas e destilados leves,842,EUA,4555162379,80.122,1,0,5685300785
2020,124,Canadá,271012,Gasolinas e destilados leves,528,Países Baixos,412324087,7.252,2,0,5685300785
2020,124,Canadá,271012,Gasolinas e destilados leves,56,Bélgica,132643159,2.333,3,0,5685300785
2020,124,Canadá,271012,Gasolinas e destilados leves,826,Reino Unido,114807381,2.019,4,0,5685300785
2020,124,Canadá,271012,Gasolinas e destilados leves,246,Finlândia,93164044,1.639,5,0,5685300785
2020,124,Canadá,271019,Gasóleo e combustíveis médios e pesados,842,EUA,2070531173,79.017,1,0,2620358866
2020,124,Canadá,271019,Gasóleo e combustíveis médios e pesados,724,Espanha,76613884,2.924,2,0,2620358866
2020,124,Canadá,271019,Gasóleo e combustíveis médios e pesados,528,Países Baixos,66537854,2.539,3,0,2620358866
2020,124,Canadá,271019,Gasóleo e combustíveis médios e pesados,410,Coreia do Sul,65732892,2.509,4,0,2620358866
2020,124,Canadá,271019,Gasóleo e combustíveis médios e pesados,643,Rússia,55710260,2.126,5,0,2620358866
2020,124,Canadá,271111,Gás natural liquefeito (GNL),780,Trinidad and Tobago,146474292,98.945,1,0,148036244
2020,124,Canadá,271111,Gás natural liquefeito (GNL),842,EUA,1554378,1.05,2,0,148036244
2020,124,Canadá,271111,Gás natural liquefeito (GNL),218,Equador,7573,0.005,3,0,148036244
2020,124,Canadá,271111,Gás natural liquefeito (GNL),528,Países Baixos,1,0.0,4,0,148036244
2020,124,Canadá,710221,Diamantes industriais em bruto,710,África do Sul,563069,52.207,1,0,1078524
2020,124,Canadá,710221,Diamantes industriais em bruto,72,Botsuana,211527,19.613,2,0,1078524
2020,124,Canadá,710221,Diamantes industriais em bruto,36,Austrália,108679,10.077,3,0,1078524
2020,124,Canadá,710221,Diamantes industriais em bruto,372,Irlanda,75017,6.956,4,0,1078524
2020,124,Canadá,710221,Diamantes industriais em bruto,842,EUA,60356,5.596,5,0,1078524
2020,124,Canadá,890190,Navios de carga,191,Croácia,37373241,38.949,1,0,95954833
2020,124,Canadá,890190,Navios de carga,156,China,19451183,20.271,2,0,95954833
2020,124,Canadá,890190,Navios de carga,842,EUA,15014064,15.647,3,0,95954833
2020,124,Canadá,890190,Navios de carga,792,Turquia,14240494,14.841,4,0,95954833
2020,124,Canadá,890190,Navios de carga,579,Noruega,8065304,8.405,5,0,95954833
2020,124,Canadá,890520,Plataformas de perfuração ou produção,410,Coreia do Sul,547920464,99.999,1,0,547923745
2020,124,Canadá,890520,Plataformas de perfuração ou produção,842,EUA,3282,0.001,2,0,547923745
2020,156,China,270740,Naftaleno,392,Japão,8023953,78.517,1,0,10219379
2020,156,China,270740,Naftaleno,410,Coreia do Sul,1449484,14.184,2,0,10219379
2020,156,China,270740,Naftaleno,36,Austrália,659480,6.453,3,0,10219379
2020,156,China,270740,Naftaleno,208,Dinamarca,72512,0.71,4,0,10219379
2020,156,China,270740,Naftaleno,643,Rússia,10640,0.104,5,0,10219379
2020,156,China,270900,Petróleo bruto,682,Arábia Saudita,28065260948,15.727,1,0,178452854859
2020,156,China,270900,Petróleo bruto,643,Rússia,27687961155,15.516,2,0,178452854859
2020,156,China,270900,Petróleo bruto,368,Iraque,19228712411,10.775,3,0,178452854859
2020,156,China,270900,Petróleo bruto,76,Brasil,14295373886,8.011,4,0,178452854859
2020,156,China,270900,Petróleo bruto,24,Angola,14158846514,7.934,5,1,178452854859
2020,156,China,270900,Petróleo bruto,512,Omã,12895661009,7.226,6,0,178452854859
2020,156,China,271012,Gasolinas e destilados leves,410,Coreia do Sul,743861792,21.21,1,0,3507179094
2020,156,China,271012,Gasolinas e destilados leves,12,Argélia,630431938,17.975,2,0,3507179094
2020,156,China,271012,Gasolinas e destilados leves,643,Rússia,428481663,12.217,3,0,3507179094
2020,156,China,271012,Gasolinas e destilados leves,784,Emirados Árabes Unidos,275525597,7.856,4,0,3507179094
2020,156,China,271012,Gasolinas e destilados leves,634,Catar,271498954,7.741,5,0,3507179094
2020,156,China,271019,Gasóleo e combustíveis médios e pesados,458,Malásia,2559142512,30.808,1,0,8306854231
2020,156,China,271019,Gasóleo e combustíveis médios e pesados,410,Coreia do Sul,2027036154,24.402,2,0,8306854231
2020,156,China,271019,Gasóleo e combustíveis médios e pesados,702,Singapura,1193922746,14.373,3,0,8306854231
2020,156,China,271019,Gasóleo e combustíveis médios e pesados,392,Japão,337312021,4.061,4,0,8306854231
2020,156,China,271019,Gasóleo e combustíveis médios e pesados,784,Emirados Árabes Unidos,306297568,3.687,5,0,8306854231
2020,156,China,271111,Gás natural liquefeito (GNL),36,Austrália,10311783029,44.367,1,0,23241951422
2020,156,China,271111,Gás natural liquefeito (GNL),634,Catar,3374170299,14.518,2,0,23241951422
2020,156,China,271111,Gás natural liquefeito (GNL),360,Indonésia,1754421621,7.549,3,0,23241951422
2020,156,China,271111,Gás natural liquefeito (GNL),458,Malásia,1730624636,7.446,4,0,23241951422
2020,156,China,271111,Gás natural liquefeito (GNL),643,Rússia,1718703134,7.395,5,0,23241951422
2020,156,China,271111,Gás natural liquefeito (GNL),24,Angola,159031496,0.684,12,1,23241951422
2020,156,China,710221,Diamantes industriais em bruto,56,Bélgica,1246422,48.736,1,0,2557483
2020,156,China,710221,Diamantes industriais em bruto,699,Índia,619417,24.22,2,0,2557483
2020,156,China,710221,Diamantes industriais em bruto,710,África do Sul,314052,12.28,3,0,2557483
2020,156,China,710221,Diamantes industriais em bruto,124,Canadá,249559,9.758,4,0,2557483
2020,156,China,710221,Diamantes industriais em bruto,643,Rússia,119793,4.684,5,0,2557483
2020,156,China,890190,Navios de carga,156,China,313725059,77.301,1,0,405849616
2020,156,China,890190,Navios de carga,392,Japão,78324557,19.299,2,0,405849616
2020,156,China,890190,Navios de carga,410,Coreia do Sul,13800000,3.4,3,0,405849616
2020,156,China,890520,Plataformas de perfuração ou produção,156,China,815569423,81.581,1,0,999706018
2020,156,China,890520,Plataformas de perfuração ou produção,702,Singapura,134710993,13.475,2,0,999706018
2020,156,China,890520,Plataformas de perfuração ou produção,410,Coreia do Sul,49425602,4.944,3,0,999706018
2020,251,França,270740,Naftaleno,276,Alemanha,261771,54.369,1,0,481474
2020,251,França,270740,Naftaleno,724,Espanha,153710,31.925,2,0,481474
2020,251,França,270740,Naftaleno,208,Dinamarca,62978,13.08,3,0,481474
2020,251,França,270740,Naftaleno,780,Trinidad and Tobago,2229,0.463,4,0,481474
2020,251,França,270740,Naftaleno,156,China,648,0.135,5,0,481474
2020,251,França,270900,Petróleo bruto,842,EUA,1770596769,15.32,1,0,11557281801
2020,251,França,270900,Petróleo bruto,398,Cazaquistão,1667751588,14.43,2,0,11557281801
2020,251,França,270900,Petróleo bruto,566,Nigéria,1318673009,11.41,3,0,11557281801
2020,251,França,270900,Petróleo bruto,12,Argélia,1266287828,10.957,4,0,11557281801
2020,251,França,270900,Petróleo bruto,579,Noruega,1176595089,10.181,5,0,11557281801
2020,251,França,270900,Petróleo bruto,24,Angola,455100877,3.938,9,1,11557281801
2020,251,França,271012,Gasolinas e destilados leves,528,Países Baixos,647597367,21.455,1,0,3018341360
2020,251,França,271012,Gasolinas e destilados leves,12,Argélia,396492250,13.136,2,0,3018341360
2020,251,França,271012,Gasolinas e destilados leves,724,Espanha,334433962,11.08,3,0,3018341360
2020,251,França,271012,Gasolinas e destilados leves,56,Bélgica,307932629,10.202,4,0,3018341360
2020,251,França,271012,Gasolinas e destilados leves,643,Rússia,254826718,8.443,5,0,3018341360
2020,251,França,271012,Gasolinas e destilados leves,24,Angola,11155545,0.37,25,1,3018341360
2020,251,França,271019,Gasóleo e combustíveis médios e pesados,643,Rússia,3120441544,20.327,1,0,15351406808
2020,251,França,271019,Gasóleo e combustíveis médios e pesados,56,Bélgica,1759347778,11.46,2,0,15351406808
2020,251,França,271019,Gasóleo e combustíveis médios e pesados,682,Arábia Saudita,1599133864,10.417,3,0,15351406808
2020,251,França,271019,Gasóleo e combustíveis médios e pesados,528,Países Baixos,1255394346,8.178,4,0,15351406808
2020,251,França,271019,Gasóleo e combustíveis médios e pesados,784,Emirados Árabes Unidos,989737875,6.447,5,0,15351406808
2020,251,França,271019,Gasóleo e combustíveis médios e pesados,24,Angola,5037,0.0,64,1,15351406808
2020,251,França,271111,Gás natural liquefeito (GNL),12,Argélia,784967278,28.896,1,0,2716482842
2020,251,França,271111,Gás natural liquefeito (GNL),566,Nigéria,615644792,22.663,2,0,2716482842
2020,251,França,271111,Gás natural liquefeito (GNL),643,Rússia,603499000,22.216,3,0,2716482842
2020,251,França,271111,Gás natural liquefeito (GNL),842,EUA,318598450,11.728,4,0,2716482842
2020,251,França,271111,Gás natural liquefeito (GNL),634,Catar,171699618,6.321,5,0,2716482842
2020,251,França,271111,Gás natural liquefeito (GNL),24,Angola,23472444,0.864,8,1,2716482842
2020,251,França,710221,Diamantes industriais em bruto,380,Itália,324391,92.382,1,0,351143
2020,251,França,710221,Diamantes industriais em bruto,56,Bélgica,14087,4.012,2,0,351143
2020,251,França,710221,Diamantes industriais em bruto,899,"Areas, nes",12665,3.607,3,0,351143
2020,251,França,890190,Navios de carga,156,China,1889662295,99.321,1,0,1902589751
2020,251,França,890190,Navios de carga,528,Países Baixos,6317867,0.332,2,0,1902589751
2020,251,França,890190,Navios de carga,752,Suécia,5373835,0.282,3,0,1902589751
2020,251,França,890190,Navios de carga,246,Finlândia,1061962,0.056,4,0,1902589751
2020,251,França,890190,Navios de carga,56,Bélgica,153037,0.008,5,0,1902589751
2020,251,França,890520,Plataformas de perfuração ou produção,344,Hong Kong (RAEHK),131,100.0,1,0,131
2020,699,Índia,270740,Naftaleno,208,Dinamarca,3209959,27.094,1,0,11847364
2020,699,Índia,270740,Naftaleno,643,Rússia,2802944,23.659,2,0,11847364
2020,699,Índia,270740,Naftaleno,804,Ucrânia,1955373,16.505,3,0,11847364
2020,699,Índia,270740,Naftaleno,410,Coreia do Sul,1251062,10.56,4,0,11847364
2020,699,Índia,270740,Naftaleno,784,Emirados Árabes Unidos,1027622,8.674,5,0,11847364
2020,699,Índia,270900,Petróleo bruto,368,Iraque,14852141543,22.998,1,0,64579747984
2020,699,Índia,270900,Petróleo bruto,682,Arábia Saudita,12471012552,19.311,2,0,64579747984
2020,699,Índia,270900,Petróleo bruto,784,Emirados Árabes Unidos,7817226321,12.105,3,0,64579747984
2020,699,Índia,270900,Petróleo bruto,566,Nigéria,5264887280,8.153,4,0,64579747984
2020,699,Índia,270900,Petróleo bruto,842,EUA,3696017231,5.723,5,0,64579747984
2020,699,Índia,270900,Petróleo bruto,24,Angola,1396441807,2.162,9,1,64579747984
2020,699,Índia,271012,Gasolinas e destilados leves,784,Emirados Árabes Unidos,504839958,45.667,1,0,1105492865
2020,699,Índia,271012,Gasolinas e destilados leves,702,Singapura,155204622,14.039,2,0,1105492865
2020,699,Índia,271012,Gasolinas e destilados leves,458,Malásia,151112340,13.669,3,0,1105492865
2020,699,Índia,271012,Gasolinas e destilados leves,512,Omã,67861979,6.139,4,0,1105492865
2020,699,Índia,271012,Gasolinas e destilados leves,634,Catar,67752647,6.129,5,0,1105492865
2020,699,Índia,271019,Gasóleo e combustíveis médios e pesados,368,Iraque,1002821039,21.014,1,0,4772075163
2020,699,Índia,271019,Gasóleo e combustíveis médios e pesados,784,Emirados Árabes Unidos,657053102,13.769,2,0,4772075163
2020,699,Índia,271019,Gasóleo e combustíveis médios e pesados,410,Coreia do Sul,533306438,11.176,3,0,4772075163
2020,699,Índia,271019,Gasóleo e combustíveis médios e pesados,643,Rússia,373460012,7.826,4,0,4772075163
2020,699,Índia,271019,Gasóleo e combustíveis médios e pesados,702,Singapura,353745861,7.413,5,0,4772075163
2020,699,Índia,271111,Gás natural liquefeito (GNL),634,Catar,3343012812,42.27,1,0,7908671683
2020,699,Índia,271111,Gás natural liquefeito (GNL),566,Nigéria,895665153,11.325,2,0,7908671683
2020,699,Índia,271111,Gás natural liquefeito (GNL),842,EUA,826529723,10.451,3,0,7908671683
2020,699,Índia,271111,Gás natural liquefeito (GNL),784,Emirados Árabes Unidos,794239191,10.043,4,0,7908671683
2020,699,Índia,271111,Gás natural liquefeito (GNL),24,Angola,599357481,7.578,5,1,7908671683
2020,699,Índia,271111,Gás natural liquefeito (GNL),512,Omã,377053066,4.768,6,0,7908671683
2020,699,Índia,710221,Diamantes industriais em bruto,784,Emirados Árabes Unidos,38152734,75.354,1,0,50631617
2020,699,Índia,710221,Diamantes industriais em bruto,643,Rússia,5993999,11.838,2,0,50631617
2020,699,Índia,710221,Diamantes industriais em bruto,56,Bélgica,4001310,7.903,3,0,50631617
2020,699,Índia,710221,Diamantes industriais em bruto,710,África do Sul,1275216,2.519,4,0,50631617
2020,699,Índia,710221,Diamantes industriais em bruto,344,Hong Kong (RAEHK),822903,1.625,5,0,50631617
2020,699,Índia,890190,Navios de carga,360,Indonésia,15580344,33.622,1,0,46339584
2020,699,Índia,890190,Navios de carga,702,Singapura,11221507,24.216,2,0,46339584
2020,699,Índia,890190,Navios de carga,784,Emirados Árabes Unidos,9590820,20.697,3,0,46339584
2020,699,Índia,890190,Navios de carga,300,Grécia,5949373,12.839,4,0,46339584
2020,699,Índia,890190,Navios de carga,516,Namíbia,2644191,5.706,5,0,46339584
2020,699,Índia,890520,Plataformas de perfuração ou produção,784,Emirados Árabes Unidos,64061215,99.762,1,0,64214243
2020,699,Índia,890520,Plataformas de perfuração ou produção,156,China,153028,0.238,2,0,64214243
2020,842,EUA,270740,Naftaleno,124,Canadá,4888186,65.397,1,0,7474636
2020,842,EUA,270740,Naftaleno,276,Alemanha,1522691,20.371,2,0,7474636
2020,842,EUA,270740,Naftaleno,724,Espanha,704127,9.42,3,0,7474636
2020,842,EUA,270740,Naftaleno,392,Japão,359632,4.811,4,0,7474636
2020,842,EUA,270900,Petróleo bruto,124,Canadá,46215476141,56.616,1,0,81629597574
2020,842,EUA,270900,Petróleo bruto,484,México,8946041746,10.959,2,0,81629597574
2020,842,EUA,270900,Petróleo bruto,682,Arábia Saudita,7561727308,9.263,3,0,81629597574
2020,842,EUA,270900,Petróleo bruto,170,Colômbia,3494138758,4.28,4,0,81629597574
2020,842,EUA,270900,Petróleo bruto,368,Iraque,3230706418,3.958,5,0,81629597574
2020,842,EUA,270900,Petróleo bruto,24,Angola,469474997,0.575,13,1,81629597574
2020,842,EUA,271012,Gasolinas e destilados leves,124,Canadá,2899242409,22.141,1,0,13094674759
2020,842,EUA,271012,Gasolinas e destilados leves,528,Países Baixos,1302098420,9.944,2,0,13094674759
2020,842,EUA,271012,Gasolinas e destilados leves,699,Índia,1263443693,9.649,3,0,13094674759
2020,842,EUA,271012,Gasolinas e destilados leves,643,Rússia,979513887,7.48,4,0,13094674759
2020,842,EUA,271012,Gasolinas e destilados leves,826,Reino Unido,952177026,7.271,5,0,13094674759
2020,842,EUA,271012,Gasolinas e destilados leves,24,Angola,3526390,0.027,42,1,13094674759
2020,842,EUA,271019,Gasóleo e combustíveis médios e pesados,643,Rússia,7028019087,30.278,1,0,23211367151
2020,842,EUA,271019,Gasóleo e combustíveis médios e pesados,124,Canadá,4021010899,17.323,2,0,23211367151
2020,842,EUA,271019,Gasóleo e combustíveis médios e pesados,410,Coreia do Sul,2162314025,9.316,3,0,23211367151
2020,842,EUA,271019,Gasóleo e combustíveis médios e pesados,702,Singapura,1274566374,5.491,4,0,23211367151
2020,842,EUA,271019,Gasóleo e combustíveis médios e pesados,484,México,1200422858,5.172,5,0,23211367151
2020,842,EUA,271019,Gasóleo e combustíveis médios e pesados,24,Angola,9829155,0.042,46,1,23211367151
2020,842,EUA,271111,Gás natural liquefeito (GNL),780,Trinidad and Tobago,558693440,90.938,1,0,614369796
2020,842,EUA,271111,Gás natural liquefeito (GNL),566,Nigéria,30808297,5.015,2,0,614369796
2020,842,EUA,271111,Gás natural liquefeito (GNL),579,Noruega,20264183,3.298,3,0,614369796
2020,842,EUA,271111,Gás natural liquefeito (GNL),388,Jamaica,2526476,0.411,4,0,614369796
2020,842,EUA,271111,Gás natural liquefeito (GNL),36,Austrália,2077400,0.338,5,0,614369796
2020,842,EUA,710221,Diamantes industriais em bruto,710,África do Sul,1964814,45.66,1,0,4303177
2020,842,EUA,710221,Diamantes industriais em bruto,72,Botsuana,1152872,26.791,2,0,4303177
2020,842,EUA,710221,Diamantes industriais em bruto,643,Rússia,497354,11.558,3,0,4303177
2020,842,EUA,710221,Diamantes industriais em bruto,699,Índia,219274,5.096,4,0,4303177
2020,842,EUA,710221,Diamantes industriais em bruto,36,Austrália,192083,4.464,5,0,4303177
2020,842,EUA,890190,Navios de carga,704,Vietname,192998,59.578,1,0,323941
2020,842,EUA,890190,Navios de carga,156,China,55260,17.059,2,0,323941
2020,842,EUA,890190,Navios de carga,276,Alemanha,23785,7.342,3,0,323941
2020,842,EUA,890190,Navios de carga,392,Japão,22750,7.023,4,0,323941
2020,842,EUA,890190,Navios de carga,826,Reino Unido,8885,2.743,5,0,323941
2020,842,EUA,890520,Plataformas de perfuração ou produção,40,Áustria,132775,48.563,1,0,273410
2020,842,EUA,890520,Plataformas de perfuração ou produção,156,China,105238,38.491,2,0,273410
2020,842,EUA,890520,Plataformas de perfuração ou produção,251,França,35397,12.946,3,0,273410
2021,124,Canadá,270740,Naftaleno,842,EUA,294215,99.993,1,0,294235
2021,124,Canadá,270740,Naftaleno,392,Japão,19,0.007,2,0,294235
2021,124,Canadá,270900,Petróleo bruto,842,EUA,7670493183,64.869,1,0,11824567143
2021,124,Canadá,270900,Petróleo bruto,682,Arábia Saudita,1765465763,14.93,2,0,11824567143
2021,124,Canadá,270900,Petróleo bruto,566,Nigéria,1599360997,13.526,3,0,11824567143
2021,124,Canadá,270900,Petróleo bruto,31,Azerbaijan,298582629,2.525,4,0,11824567143
2021,124,Canadá,270900,Petróleo bruto,170,Colômbia,275975688,2.334,5,0,11824567143
2021,124,Canadá,271012,Gasolinas e destilados leves,842,EUA,7133686696,75.158,1,0,9491549720
2021,124,Canadá,271012,Gasolinas e destilados leves,528,Países Baixos,759708548,8.004,2,0,9491549720
2021,124,Canadá,271012,Gasolinas e destilados leves,56,Bélgica,254948580,2.686,3,0,9491549720
2021,124,Canadá,271012,Gasolinas e destilados leves,826,Reino Unido,237749218,2.505,4,0,9491549720
2021,124,Canadá,271012,Gasolinas e destilados leves,579,Noruega,208992351,2.202,5,0,9491549720
2021,124,Canadá,271019,Gasóleo e combustíveis médios e pesados,842,EUA,2950027935,76.03,1,0,3880102990
2021,124,Canadá,271019,Gasóleo e combustíveis médios e pesados,528,Países Baixos,259584981,6.69,2,0,3880102990
2021,124,Canadá,271019,Gasóleo e combustíveis médios e pesados,643,Rússia,140315003,3.616,3,0,3880102990
2021,124,Canadá,271019,Gasóleo e combustíveis médios e pesados,56,Bélgica,77585343,2.0,4,0,3880102990
2021,124,Canadá,271019,Gasóleo e combustíveis médios e pesados,156,China,67522378,1.74,5,0,3880102990
2021,124,Canadá,271111,Gás natural liquefeito (GNL),780,Trinidad and Tobago,140606614,86.312,1,0,162905310
2021,124,Canadá,271111,Gás natural liquefeito (GNL),604,Peru,15223419,9.345,2,0,162905310
2021,124,Canadá,271111,Gás natural liquefeito (GNL),842,EUA,4753227,2.918,3,0,162905310
2021,124,Canadá,271111,Gás natural liquefeito (GNL),226,Guiné Equatorial,2320013,1.424,4,0,162905310
2021,124,Canadá,271111,Gás natural liquefeito (GNL),276,Alemanha,2026,0.001,5,0,162905310
2021,124,Canadá,710221,Diamantes industriais em bruto,710,África do Sul,788952,65.167,1,0,1210670
2021,124,Canadá,710221,Diamantes industriais em bruto,72,Botsuana,147219,12.16,2,0,1210670
2021,124,Canadá,710221,Diamantes industriais em bruto,372,Irlanda,139915,11.557,3,0,1210670
2021,124,Canadá,710221,Diamantes industriais em bruto,56,Bélgica,58419,4.825,4,0,1210670
2021,124,Canadá,710221,Diamantes industriais em bruto,36,Austrália,39098,3.229,5,0,1210670
2021,124,Canadá,890190,Navios de carga,156,China,57816149,69.143,1,0,83618473
2021,124,Canadá,890190,Navios de carga,842,EUA,8819721,10.548,2,0,83618473
2021,124,Canadá,890190,Navios de carga,191,Croácia,7536181,9.013,3,0,83618473
2021,124,Canadá,890190,Navios de carga,124,Canadá,6476387,7.745,4,0,83618473
2021,124,Canadá,890190,Navios de carga,276,Alemanha,2854535,3.414,5,0,83618473
2021,124,Canadá,890520,Plataformas de perfuração ou produção,842,EUA,87456,50.464,1,0,173302
2021,124,Canadá,890520,Plataformas de perfuração ou produção,156,China,85417,49.288,2,0,173302
2021,124,Canadá,890520,Plataformas de perfuração ou produção,410,Coreia do Sul,429,0.248,3,0,173302
2021,156,China,270740,Naftaleno,392,Japão,6363958,93.483,1,0,6807608
2021,156,China,270740,Naftaleno,36,Austrália,441127,6.48,2,0,6807608
2021,156,China,270740,Naftaleno,842,EUA,2272,0.033,3,0,6807608
2021,156,China,270740,Naftaleno,203,Chéquia,250,0.004,4,0,6807608
2021,156,China,270740,Naftaleno,251,França,1,0.0,5,0,6807608
2021,156,China,270900,Petróleo bruto,682,Arábia Saudita,43938620661,16.996,1,0,258522886285
2021,156,China,270900,Petróleo bruto,643,Rússia,40544444787,15.683,2,0,258522886285
2021,156,China,270900,Petróleo bruto,368,Iraque,26471616967,10.24,3,0,258522886285
2021,156,China,270900,Petróleo bruto,512,Omã,22461560711,8.688,4,0,258522886285
2021,156,China,270900,Petróleo bruto,24,Angola,19974812270,7.727,5,1,258522886285
2021,156,China,270900,Petróleo bruto,784,Emirados Árabes Unidos,16374657255,6.334,6,0,258522886285
2021,156,China,271012,Gasolinas e destilados leves,410,Coreia do Sul,1220411850,22.627,1,0,5393685876
2021,156,China,271012,Gasolinas e destilados leves,12,Argélia,785543951,14.564,2,0,5393685876
2021,156,China,271012,Gasolinas e destilados leves,784,Emirados Árabes Unidos,728762346,13.511,3,0,5393685876
2021,156,China,271012,Gasolinas e destilados leves,643,Rússia,562063117,10.421,4,0,5393685876
2021,156,China,271012,Gasolinas e destilados leves,634,Catar,561219099,10.405,5,0,5393685876
2021,156,China,271019,Gasóleo e combustíveis médios e pesados,458,Malásia,3744838015,33.077,1,0,11321629097
2021,156,China,271019,Gasóleo e combustíveis médios e pesados,410,Coreia do Sul,2083173538,18.4,2,0,11321629097
2021,156,China,271019,Gasóleo e combustíveis médios e pesados,702,Singapura,1726964255,15.254,3,0,11321629097
2021,156,China,271019,Gasóleo e combustíveis médios e pesados,784,Emirados Árabes Unidos,775299828,6.848,4,0,11321629097
2021,156,China,271019,Gasóleo e combustíveis médios e pesados,643,Rússia,759694746,6.71,5,0,11321629097
2021,156,China,271111,Gás natural liquefeito (GNL),36,Austrália,16301067899,36.985,1,0,44075336854
2021,156,China,271111,Gás natural liquefeito (GNL),842,EUA,6215234956,14.101,2,0,44075336854
2021,156,China,271111,Gás natural liquefeito (GNL),634,Catar,4874118276,11.059,3,0,44075336854
2021,156,China,271111,Gás natural liquefeito (GNL),458,Malásia,4070836071,9.236,4,0,44075336854
2021,156,China,271111,Gás natural liquefeito (GNL),643,Rússia,2763024030,6.269,5,0,44075336854
2021,156,China,271111,Gás natural liquefeito (GNL),24,Angola,305044314,0.692,14,1,44075336854
2021,156,China,710221,Diamantes industriais em bruto,710,África do Sul,2690097,45.125,1,0,5961368
2021,156,China,710221,Diamantes industriais em bruto,124,Canadá,2092538,35.102,2,0,5961368
2021,156,China,710221,Diamantes industriais em bruto,643,Rússia,422961,7.095,3,0,5961368
2021,156,China,710221,Diamantes industriais em bruto,699,Índia,322405,5.408,4,0,5961368
2021,156,China,710221,Diamantes industriais em bruto,56,Bélgica,233708,3.92,5,0,5961368
2021,156,China,890190,Navios de carga,156,China,460444360,71.346,1,0,645365745
2021,156,China,890190,Navios de carga,410,Coreia do Sul,78485114,12.161,2,0,645365745
2021,156,China,890190,Navios de carga,392,Japão,68496690,10.614,3,0,645365745
2021,156,China,890190,Navios de carga,704,Vietname,36570862,5.667,4,0,645365745
2021,156,China,890190,Navios de carga,360,Indonésia,1276289,0.198,5,0,645365745
2021,156,China,890520,Plataformas de perfuração ou produção,156,China,300334940,88.586,1,0,339033440
2021,156,China,890520,Plataformas de perfuração ou produção,702,Singapura,38698500,11.414,2,0,339033440
2021,251,França,270740,Naftaleno,528,Países Baixos,8497111,94.434,1,0,8997893
2021,251,França,270740,Naftaleno,276,Alemanha,335400,3.728,2,0,8997893
2021,251,França,270740,Naftaleno,208,Dinamarca,121579,1.351,3,0,8997893
2021,251,França,270740,Naftaleno,203,Chéquia,38801,0.431,4,0,8997893
2021,251,França,270740,Naftaleno,842,EUA,3235,0.036,5,0,8997893
2021,251,França,270900,Petróleo bruto,842,EUA,2970245231,15.045,1,0,19741889381
2021,251,França,270900,Petróleo bruto,566,Nigéria,2550541556,12.919,2,0,19741889381
2021,251,França,270900,Petróleo bruto,398,Cazaquistão,2187111274,11.079,3,0,19741889381
2021,251,França,270900,Petróleo bruto,12,Argélia,2179081868,11.038,4,0,19741889381
2021,251,França,270900,Petróleo bruto,434,Libya,2074119327,10.506,5,0,19741889381
2021,251,França,270900,Petróleo bruto,24,Angola,206454578,1.046,11,1,19741889381
2021,251,França,271012,Gasolinas e destilados leves,528,Países Baixos,1972610045,30.803,1,0,6403987914
2021,251,França,271012,Gasolinas e destilados leves,56,Bélgica,1243052913,19.411,2,0,6403987914
2021,251,França,271012,Gasolinas e destilados leves,724,Espanha,673612517,10.519,3,0,6403987914
2021,251,França,271012,Gasolinas e destilados leves,12,Argélia,569065582,8.886,4,0,6403987914
2021,251,França,271012,Gasolinas e destilados leves,643,Rússia,380459671,5.941,5,0,6403987914
2021,251,França,271019,Gasóleo e combustíveis médios e pesados,643,Rússia,4947520584,21.193,1,0,23344931394
2021,251,França,271019,Gasóleo e combustíveis médios e pesados,682,Arábia Saudita,2437144642,10.44,2,0,23344931394
2021,251,França,271019,Gasóleo e combustíveis médios e pesados,56,Bélgica,2391658930,10.245,3,0,23344931394
2021,251,França,271019,Gasóleo e combustíveis médios e pesados,528,Países Baixos,2371360130,10.158,4,0,23344931394
2021,251,França,271019,Gasóleo e combustíveis médios e pesados,784,Emirados Árabes Unidos,2028445495,8.689,5,0,23344931394
2021,251,França,271019,Gasóleo e combustíveis médios e pesados,24,Angola,3401,0.0,72,1,23344931394
2021,251,França,271111,Gás natural liquefeito (GNL),643,Rússia,2132137000,33.306,1,0,6401753294
2021,251,França,271111,Gás natural liquefeito (GNL),12,Argélia,1467055096,22.916,2,0,6401753294
2021,251,França,271111,Gás natural liquefeito (GNL),842,EUA,1364057364,21.308,3,0,6401753294
2021,251,França,271111,Gás natural liquefeito (GNL),566,Nigéria,715411312,11.175,4,0,6401753294
2021,251,França,271111,Gás natural liquefeito (GNL),634,Catar,399018667,6.233,5,0,6401753294
2021,251,França,710221,Diamantes industriais em bruto,380,Itália,245547,93.671,1,0,262137
2021,251,França,710221,Diamantes industriais em bruto,899,"Areas, nes",13370,5.101,2,0,262137
2021,251,França,710221,Diamantes industriais em bruto,56,Bélgica,2797,1.067,3,0,262137
2021,251,França,710221,Diamantes industriais em bruto,442,Luxemburgo,423,0.161,4,0,262137
2021,251,França,890190,Navios de carga,156,China,2933076413,69.178,1,0,4239893248
2021,251,França,890190,Navios de carga,410,Coreia do Sul,1111012411,26.204,2,0,4239893248
2021,251,França,890190,Navios de carga,792,Turquia,159888361,3.771,3,0,4239893248
2021,251,França,890190,Navios de carga,826,Reino Unido,16683749,0.393,4,0,4239893248
2021,251,França,890190,Navios de carga,528,Países Baixos,5638792,0.133,5,0,4239893248
2021,251,França,890520,Plataformas de perfuração ou produção,528,Países Baixos,759897,99.811,1,0,761333
2021,251,França,890520,Plataformas de perfuração ou produção,156,China,1436,0.189,2,0,761333
2021,699,Índia,270740,Naftaleno,208,Dinamarca,5958780,38.501,1,0,15476998
2021,699,Índia,270740,Naftaleno,410,Coreia do Sul,3222876,20.824,2,0,15476998
2021,699,Índia,270740,Naftaleno,804,Ucrânia,1915400,12.376,3,0,15476998
2021,699,Índia,270740,Naftaleno,360,Indonésia,1414764,9.141,4,0,15476998
2021,699,Índia,270740,Naftaleno,643,Rússia,1129428,7.297,5,0,15476998
2021,699,Índia,270900,Petróleo bruto,368,Iraque,25052208649,23.544,1,0,106406786611
2021,699,Índia,270900,Petróleo bruto,682,Arábia Saudita,17905752946,16.828,2,0,106406786611
2021,699,Índia,270900,Petróleo bruto,784,Emirados Árabes Unidos,11715460532,11.01,3,0,106406786611
2021,699,Índia,270900,Petróleo bruto,842,EUA,10369916861,9.746,4,0,106406786611
2021,699,Índia,270900,Petróleo bruto,566,Nigéria,8188377891,7.695,5,0,106406786611
2021,699,Índia,270900,Petróleo bruto,24,Angola,1597998490,1.502,12,1,106406786611
2021,699,Índia,271012,Gasolinas e destilados leves,784,Emirados Árabes Unidos,607847820,33.727,1,0,1802278999
2021,699,Índia,271012,Gasolinas e destilados leves,702,Singapura,408135233,22.646,2,0,1802278999
2021,699,Índia,271012,Gasolinas e destilados leves,634,Catar,184938376,10.261,3,0,1802278999
2021,699,Índia,271012,Gasolinas e destilados leves,458,Malásia,158801411,8.811,4,0,1802278999
2021,699,Índia,271012,Gasolinas e destilados leves,528,Países Baixos,92306033,5.122,5,0,1802278999
2021,699,Índia,271019,Gasóleo e combustíveis médios e pesados,682,Arábia Saudita,1336576932,16.874,1,0,7920915321
2021,699,Índia,271019,Gasóleo e combustíveis médios e pesados,368,Iraque,1280816410,16.17,2,0,7920915321
2021,699,Índia,271019,Gasóleo e combustíveis médios e pesados,410,Coreia do Sul,1256425974,15.862,3,0,7920915321
2021,699,Índia,271019,Gasóleo e combustíveis médios e pesados,643,Rússia,1186805183,14.983,4,0,7920915321
2021,699,Índia,271019,Gasóleo e combustíveis médios e pesados,784,Emirados Árabes Unidos,1022326188,12.907,5,0,7920915321
2021,699,Índia,271019,Gasóleo e combustíveis médios e pesados,24,Angola,1068,0.0,78,1,7920915321
2021,699,Índia,271111,Gás natural liquefeito (GNL),634,Catar,4764830436,39.449,1,0,12078526468
2021,699,Índia,271111,Gás natural liquefeito (GNL),842,EUA,2065925718,17.104,2,0,12078526468
2021,699,Índia,271111,Gás natural liquefeito (GNL),784,Emirados Árabes Unidos,1504655472,12.457,3,0,12078526468
2021,699,Índia,271111,Gás natural liquefeito (GNL),566,Nigéria,853307601,7.065,4,0,12078526468
2021,699,Índia,271111,Gás natural liquefeito (GNL),512,Omã,742496370,6.147,5,0,12078526468
2021,699,Índia,271111,Gás natural liquefeito (GNL),24,Angola,630646937,5.221,6,1,12078526468
2021,699,Índia,710221,Diamantes industriais em bruto,784,Emirados Árabes Unidos,78322357,63.853,1,0,122660926
2021,699,Índia,710221,Diamantes industriais em bruto,56,Bélgica,26924198,21.95,2,0,122660926
2021,699,Índia,710221,Diamantes industriais em bruto,643,Rússia,10601388,8.643,3,0,122660926
2021,699,Índia,710221,Diamantes industriais em bruto,344,Hong Kong (RAEHK),3386146,2.761,4,0,122660926
2021,699,Índia,710221,Diamantes industriais em bruto,376,Israel,2172397,1.771,5,0,122660926
2021,699,Índia,890190,Navios de carga,702,Singapura,43698332,21.866,1,0,199845102
2021,699,Índia,890190,Navios de carga,156,China,34268851,17.148,2,0,199845102
2021,699,Índia,890190,Navios de carga,818,Egito,27119159,13.57,3,0,199845102
2021,699,Índia,890190,Navios de carga,144,Sri Lanka,17311081,8.662,4,0,199845102
2021,699,Índia,890190,Navios de carga,784,Emirados Árabes Unidos,13533297,6.772,5,0,199845102
2021,699,Índia,890520,Plataformas de perfuração ou produção,702,Singapura,152156758,74.107,1,0,205319922
2021,699,Índia,890520,Plataformas de perfuração ou produção,512,Omã,53162174,25.892,2,0,205319922
2021,699,Índia,890520,Plataformas de perfuração ou produção,50,Bangladesh,990,0.0,3,0,205319922
2021,842,EUA,270740,Naftaleno,124,Canadá,4525291,58.426,1,0,7745370
2021,842,EUA,270740,Naftaleno,724,Espanha,2359012,30.457,2,0,7745370
2021,842,EUA,270740,Naftaleno,203,Chéquia,458131,5.915,3,0,7745370
2021,842,EUA,270740,Naftaleno,392,Japão,153861,1.986,4,0,7745370
2021,842,EUA,270740,Naftaleno,528,Países Baixos,90840,1.173,5,0,7745370
2021,842,EUA,270900,Petróleo bruto,124,Canadá,79981243089,57.797,1,0,138383895802
2021,842,EUA,270900,Petróleo bruto,484,México,13239863274,9.567,2,0,138383895802
2021,842,EUA,270900,Petróleo bruto,682,Arábia Saudita,8992009884,6.498,3,0,138383895802
2021,842,EUA,270900,Petróleo bruto,643,Rússia,4842682345,3.499,4,0,138383895802
2021,842,EUA,270900,Petróleo bruto,170,Colômbia,4232180970,3.058,5,0,138383895802
2021,842,EUA,270900,Petróleo bruto,24,Angola,1015750364,0.734,15,1,138383895802
2021,842,EUA,271012,Gasolinas e destilados leves,124,Canadá,4648130523,17.676,1,0,26296759371
2021,842,EUA,271012,Gasolinas e destilados leves,528,Países Baixos,3505480314,13.33,2,0,26296759371
2021,842,EUA,271012,Gasolinas e destilados leves,643,Rússia,2445244401,9.299,3,0,26296759371
2021,842,EUA,271012,Gasolinas e destilados leves,699,Índia,2207015917,8.393,4,0,26296759371
2021,842,EUA,271012,Gasolinas e destilados leves,826,Reino Unido,1804055273,6.86,5,0,26296759371
2021,842,EUA,271019,Gasóleo e combustíveis médios e pesados,643,Rússia,10765599371,28.493,1,0,37783339728
2021,842,EUA,271019,Gasóleo e combustíveis médios e pesados,124,Canadá,5939155546,15.719,2,0,37783339728
2021,842,EUA,271019,Gasóleo e combustíveis médios e pesados,410,Coreia do Sul,3111195453,8.234,3,0,37783339728
2021,842,EUA,271019,Gasóleo e combustíveis médios e pesados,484,México,2815558995,7.452,4,0,37783339728
2021,842,EUA,271019,Gasóleo e combustíveis médios e pesados,682,Arábia Saudita,1645853590,4.356,5,0,37783339728
2021,842,EUA,271019,Gasóleo e combustíveis médios e pesados,24,Angola,14699033,0.039,46,1,37783339728
2021,842,EUA,271111,Gás natural liquefeito (GNL),780,Trinidad and Tobago,868807685,91.505,1,0,949462314
2021,842,EUA,271111,Gás natural liquefeito (GNL),566,Nigéria,47131487,4.964,2,0,949462314
2021,842,EUA,271111,Gás natural liquefeito (GNL),634,Catar,28500863,3.002,3,0,949462314
2021,842,EUA,271111,Gás natural liquefeito (GNL),388,Jamaica,5002518,0.527,4,0,949462314
2021,842,EUA,271111,Gás natural liquefeito (GNL),484,México,17001,0.002,5,0,949462314
2021,842,EUA,710221,Diamantes industriais em bruto,710,África do Sul,2390516,54.971,1,0,4348658
2021,842,EUA,710221,Diamantes industriais em bruto,643,Rússia,608190,13.986,2,0,4348658
2021,842,EUA,710221,Diamantes industriais em bruto,699,Índia,545854,12.552,3,0,4348658
2021,842,EUA,710221,Diamantes industriais em bruto,72,Botsuana,528479,12.153,4,0,4348658
2021,842,EUA,710221,Diamantes industriais em bruto,36,Austrália,107654,2.476,5,0,4348658
2021,842,EUA,890190,Navios de carga,276,Alemanha,602894,58.056,1,0,1038478
2021,842,EUA,890190,Navios de carga,124,Canadá,304102,29.283,2,0,1038478
2021,842,EUA,890190,Navios de carga,710,África do Sul,31344,3.018,3,0,1038478
2021,842,EUA,890190,Navios de carga,724,Espanha,25828,2.487,4,0,1038478
2021,842,EUA,890190,Navios de carga,246,Finlândia,24596,2.368,5,0,1038478
2021,842,EUA,890520,Plataformas de perfuração ou produção,410,Coreia do Sul,395153986,99.506,1,0,397115650
2021,842,EUA,890520,Plataformas de perfuração ou produção,528,Países Baixos,1676211,0.422,2,0,397115650
2021,842,EUA,890520,Plataformas de perfuração ou produção,156,China,229124,0.058,3,0,397115650
2021,842,EUA,890520,Plataformas de perfuração ou produção,124,Canadá,56329,0.014,4,0,397115650
2022,124,Canadá,270740,Naftaleno,842,EUA,111958,99.983,1,0,111977
2022,124,Canadá,270740,Naftaleno,392,Japão,19,0.017,2,0,111977
2022,124,Canadá,270900,Petróleo bruto,842,EUA,11742388664,70.716,1,0,16604996383
2022,124,Canadá,270900,Petróleo bruto,682,Arábia Saudita,2836717387,17.084,2,0,16604996383
2022,124,Canadá,270900,Petróleo bruto,566,Nigéria,1270394588,7.651,3,0,16604996383
2022,124,Canadá,270900,Petróleo bruto,170,Colômbia,317042993,1.909,4,0,16604996383
2022,124,Canadá,270900,Petróleo bruto,579,Noruega,180946625,1.09,5,0,16604996383
2022,124,Canadá,270900,Petróleo bruto,24,Angola,45188125,0.272,8,1,16604996383
2022,124,Canadá,271012,Gasolinas e destilados leves,842,EUA,10261246689,75.775,1,0,13541748208
2022,124,Canadá,271012,Gasolinas e destilados leves,528,Países Baixos,1724740558,12.736,2,0,13541748208
2022,124,Canadá,271012,Gasolinas e destilados leves,826,Reino Unido,554835813,4.097,3,0,13541748208
2022,124,Canadá,271012,Gasolinas e destilados leves,56,Bélgica,295747010,2.184,4,0,13541748208
2022,124,Canadá,271012,Gasolinas e destilados leves,440,Lituânia,133907900,0.989,5,0,13541748208
2022,124,Canadá,271019,Gasóleo e combustíveis médios e pesados,842,EUA,5136231206,77.229,1,0,6650655816
2022,124,Canadá,271019,Gasóleo e combustíveis médios e pesados,699,Índia,334520521,5.03,2,0,6650655816
2022,124,Canadá,271019,Gasóleo e combustíveis médios e pesados,414,Kuwait,301722995,4.537,3,0,6650655816
2022,124,Canadá,271019,Gasóleo e combustíveis médios e pesados,528,Países Baixos,259545442,3.903,4,0,6650655816
2022,124,Canadá,271019,Gasóleo e combustíveis médios e pesados,276,Alemanha,161162086,2.423,5,0,6650655816
2022,124,Canadá,271111,Gás natural liquefeito (GNL),226,Guiné Equatorial,75416882,34.968,1,0,215673707
2022,124,Canadá,271111,Gás natural liquefeito (GNL),604,Peru,59797570,27.726,2,0,215673707
2022,124,Canadá,271111,Gás natural liquefeito (GNL),780,Trinidad and Tobago,46734322,21.669,3,0,215673707
2022,124,Canadá,271111,Gás natural liquefeito (GNL),784,Emirados Árabes Unidos,32102399,14.885,4,0,215673707
2022,124,Canadá,271111,Gás natural liquefeito (GNL),842,EUA,1621462,0.752,5,0,215673707
2022,124,Canadá,710221,Diamantes industriais em bruto,710,África do Sul,709328,65.98,1,0,1075071
2022,124,Canadá,710221,Diamantes industriais em bruto,842,EUA,143112,13.312,2,0,1075071
2022,124,Canadá,710221,Diamantes industriais em bruto,372,Irlanda,125773,11.699,3,0,1075071
2022,124,Canadá,710221,Diamantes industriais em bruto,72,Botsuana,78817,7.331,4,0,1075071
2022,124,Canadá,710221,Diamantes industriais em bruto,36,Austrália,17986,1.673,5,0,1075071
2022,124,Canadá,890190,Navios de carga,156,China,61769414,71.048,1,0,86940308
2022,124,Canadá,890190,Navios de carga,842,EUA,22848338,26.28,2,0,86940308
2022,124,Canadá,890190,Navios de carga,579,Noruega,1452856,1.671,3,0,86940308
2022,124,Canadá,890190,Navios de carga,528,Países Baixos,604691,0.696,4,0,86940308
2022,124,Canadá,890190,Navios de carga,380,Itália,149562,0.172,5,0,86940308
2022,124,Canadá,890520,Plataformas de perfuração ou produção,842,EUA,51250,99.325,1,0,51598
2022,124,Canadá,890520,Plataformas de perfuração ou produção,410,Coreia do Sul,348,0.675,2,0,51598
2022,156,China,270740,Naftaleno,392,Japão,7138962,83.834,1,0,8515593
2022,156,China,270740,Naftaleno,410,Coreia do Sul,1375031,16.147,2,0,8515593
2022,156,China,270740,Naftaleno,842,EUA,1600,0.019,3,0,8515593
2022,156,China,270900,Petróleo bruto,682,Arábia Saudita,64971514536,17.775,1,0,365512019551
2022,156,China,270900,Petróleo bruto,643,Rússia,58377523628,15.971,2,0,365512019551
2022,156,China,270900,Petróleo bruto,368,Iraque,39093287456,10.695,3,0,365512019551
2022,156,China,270900,Petróleo bruto,784,Emirados Árabes Unidos,32246641463,8.822,4,0,365512019551
2022,156,China,270900,Petróleo bruto,512,Omã,29157745536,7.977,5,0,365512019551
2022,156,China,270900,Petróleo bruto,24,Angola,22567161350,6.174,7,1,365512019551
2022,156,China,271012,Gasolinas e destilados leves,410,Coreia do Sul,1492444875,20.309,1,0,7348673701
2022,156,China,271012,Gasolinas e destilados leves,643,Rússia,1265953150,17.227,2,0,7348673701
2022,156,China,271012,Gasolinas e destilados leves,784,Emirados Árabes Unidos,1133886990,15.43,3,0,7348673701
2022,156,China,271012,Gasolinas e destilados leves,634,Catar,878472497,11.954,4,0,7348673701
2022,156,China,271012,Gasolinas e destilados leves,12,Argélia,671814379,9.142,5,0,7348673701
2022,156,China,271019,Gasóleo e combustíveis médios e pesados,410,Coreia do Sul,2152002364,17.585,1,0,12237928203
2022,156,China,271019,Gasóleo e combustíveis médios e pesados,458,Malásia,2041956081,16.685,2,0,12237928203
2022,156,China,271019,Gasóleo e combustíveis médios e pesados,643,Rússia,1955888973,15.982,3,0,12237928203
2022,156,China,271019,Gasóleo e combustíveis médios e pesados,784,Emirados Árabes Unidos,1669533382,13.642,4,0,12237928203
2022,156,China,271019,Gasóleo e combustíveis médios e pesados,702,Singapura,1565345952,12.791,5,0,12237928203
2022,156,China,271111,Gás natural liquefeito (GNL),36,Austrália,15983226620,30.624,1,0,52192680720
2022,156,China,271111,Gás natural liquefeito (GNL),634,Catar,11548544416,22.127,2,0,52192680720
2022,156,China,271111,Gás natural liquefeito (GNL),458,Malásia,6817102867,13.061,3,0,52192680720
2022,156,China,271111,Gás natural liquefeito (GNL),643,Rússia,6746339282,12.926,4,0,52192680720
2022,156,China,271111,Gás natural liquefeito (GNL),360,Indonésia,3087843422,5.916,5,0,52192680720
2022,156,China,710221,Diamantes industriais em bruto,124,Canadá,2353428,49.635,1,0,4741436
2022,156,China,710221,Diamantes industriais em bruto,710,África do Sul,1310461,27.638,2,0,4741436
2022,156,China,710221,Diamantes industriais em bruto,899,"Areas, nes",951769,20.073,3,0,4741436
2022,156,China,710221,Diamantes industriais em bruto,643,Rússia,110964,2.34,4,0,4741436
2022,156,China,710221,Diamantes industriais em bruto,180,RD Congo,9814,0.207,5,0,4741436
2022,156,China,890190,Navios de carga,156,China,389310015,97.193,1,0,400551885
2022,156,China,890190,Navios de carga,608,Filipinas,10767000,2.688,2,0,400551885
2022,156,China,890190,Navios de carga,643,Rússia,335035,0.084,3,0,400551885
2022,156,China,890190,Navios de carga,784,Emirados Árabes Unidos,139835,0.035,4,0,400551885
2022,156,China,890520,Plataformas de perfuração ou produção,702,Singapura,561926359,73.212,1,0,767530401
2022,156,China,890520,Plataformas de perfuração ou produção,156,China,205604042,26.788,2,0,767530401
2022,251,França,270740,Naftaleno,276,Alemanha,280525,49.274,1,0,569317
2022,251,França,270740,Naftaleno,208,Dinamarca,145670,25.587,2,0,569317
2022,251,França,270740,Naftaleno,528,Países Baixos,135555,23.81,3,0,569317
2022,251,França,270740,Naftaleno,203,Chéquia,7412,1.302,4,0,569317
2022,251,França,270740,Naftaleno,480,Maurícias,79,0.014,5,0,569317
2022,251,França,270900,Petróleo bruto,842,EUA,6232414532,17.772,1,0,35069451104
2022,251,França,270900,Petróleo bruto,398,Cazaquistão,4297792662,12.255,2,0,35069451104
2022,251,França,270900,Petróleo bruto,566,Nigéria,4229900186,12.061,3,0,35069451104
2022,251,França,270900,Petróleo bruto,12,Argélia,2930396163,8.356,4,0,35069451104
2022,251,França,270900,Petróleo bruto,682,Arábia Saudita,2633466104,7.509,5,0,35069451104
2022,251,França,270900,Petróleo bruto,24,Angola,2392567891,6.822,7,1,35069451104
2022,251,França,271012,Gasolinas e destilados leves,528,Países Baixos,3874159683,45.187,1,0,8573669346
2022,251,França,271012,Gasolinas e destilados leves,724,Espanha,959049631,11.186,2,0,8573669346
2022,251,França,271012,Gasolinas e destilados leves,56,Bélgica,724585878,8.451,3,0,8573669346
2022,251,França,271012,Gasolinas e destilados leves,251,França,627910884,7.324,4,0,8573669346
2022,251,França,271012,Gasolinas e destilados leves,842,EUA,518599163,6.049,5,0,8573669346
2022,251,França,271012,Gasolinas e destilados leves,24,Angola,52,0.0,56,1,8573669346
2022,251,França,271019,Gasóleo e combustíveis médios e pesados,643,Rússia,6414522962,17.168,1,0,37362237679
2022,251,França,271019,Gasóleo e combustíveis médios e pesados,682,Arábia Saudita,4643322617,12.428,2,0,37362237679
2022,251,França,271019,Gasóleo e combustíveis médios e pesados,414,Kuwait,3499727093,9.367,3,0,37362237679
2022,251,França,271019,Gasóleo e combustíveis médios e pesados,56,Bélgica,3087710742,8.264,4,0,37362237679
2022,251,França,271019,Gasóleo e combustíveis médios e pesados,699,Índia,2335990969,6.252,5,0,37362237679
2022,251,França,271019,Gasóleo e combustíveis médios e pesados,24,Angola,1473,0.0,81,1,37362237679
2022,251,França,271111,Gás natural liquefeito (GNL),842,EUA,16867485380,49.838,1,0,33844398185
2022,251,França,271111,Gás natural liquefeito (GNL),643,Rússia,5665563830,16.74,2,0,33844398185
2022,251,França,271111,Gás natural liquefeito (GNL),634,Catar,3353114575,9.907,3,0,33844398185
2022,251,França,271111,Gás natural liquefeito (GNL),12,Argélia,2559598042,7.563,4,0,33844398185
2022,251,França,271111,Gás natural liquefeito (GNL),24,Angola,1507785395,4.455,5,1,33844398185
2022,251,França,271111,Gás natural liquefeito (GNL),579,Noruega,1293137772,3.821,6,0,33844398185
2022,251,França,710221,Diamantes industriais em bruto,899,"Areas, nes",9291,70.097,1,0,13254
2022,251,França,710221,Diamantes industriais em bruto,276,Alemanha,3166,23.888,2,0,13254
2022,251,França,710221,Diamantes industriais em bruto,56,Bélgica,797,6.016,3,0,13254
2022,251,França,890190,Navios de carga,752,Suécia,7933186,54.939,1,0,14440002
2022,251,França,890190,Navios de carga,480,Maurícias,4954894,34.314,2,0,14440002
2022,251,França,890190,Navios de carga,246,Finlândia,577082,3.996,3,0,14440002
2022,251,França,890190,Navios de carga,528,Países Baixos,389322,2.696,4,0,14440002
2022,251,França,890190,Navios de carga,380,Itália,381387,2.641,5,0,14440002
2022,251,França,890520,Plataformas de perfuração ou produção,380,Itália,1641,77.968,1,0,2105
2022,251,França,890520,Plataformas de perfuração ou produção,842,EUA,224,10.664,2,0,2105
2022,251,França,890520,Plataformas de perfuração ou produção,276,Alemanha,191,9.054,3,0,2105
2022,251,França,890520,Plataformas de perfuração ou produção,826,Reino Unido,49,2.314,4,0,2105
2022,699,Índia,270740,Naftaleno,208,Dinamarca,7800026,54.012,1,0,14441328
2022,699,Índia,270740,Naftaleno,410,Coreia do Sul,4037249,27.956,2,0,14441328
2022,699,Índia,270740,Naftaleno,360,Indonésia,1301059,9.009,3,0,14441328
2022,699,Índia,270740,Naftaleno,276,Alemanha,553829,3.835,4,0,14441328
2022,699,Índia,270740,Naftaleno,156,China,466033,3.227,5,0,14441328
2022,699,Índia,270900,Petróleo bruto,368,Iraque,37052783461,21.354,1,0,173515902760
2022,699,Índia,270900,Petróleo bruto,682,Arábia Saudita,32671163544,18.829,2,0,173515902760
2022,699,Índia,270900,Petróleo bruto,643,Rússia,25534776517,14.716,3,0,173515902760
2022,699,Índia,270900,Petróleo bruto,784,Emirados Árabes Unidos,17839384924,10.281,4,0,173515902760
2022,699,Índia,270900,Petróleo bruto,842,EUA,12957745962,7.468,5,0,173515902760
2022,699,Índia,270900,Petróleo bruto,24,Angola,3146053673,1.813,10,1,173515902760
2022,699,Índia,271012,Gasolinas e destilados leves,784,Emirados Árabes Unidos,1209320572,44.591,1,0,2712037543
2022,699,Índia,271012,Gasolinas e destilados leves,702,Singapura,268699805,9.908,2,0,2712037543
2022,699,Índia,271012,Gasolinas e destilados leves,512,Omã,252115635,9.296,3,0,2712037543
2022,699,Índia,271012,Gasolinas e destilados leves,458,Malásia,194573140,7.174,4,0,2712037543
2022,699,Índia,271012,Gasolinas e destilados leves,634,Catar,182451697,6.727,5,0,2712037543
2022,699,Índia,271019,Gasóleo e combustíveis médios e pesados,643,Rússia,3966096222,32.779,1,0,12099567522
2022,699,Índia,271019,Gasóleo e combustíveis médios e pesados,368,Iraque,1411451468,11.665,2,0,12099567522
2022,699,Índia,271019,Gasóleo e combustíveis médios e pesados,682,Arábia Saudita,1232007003,10.182,3,0,12099567522
2022,699,Índia,271019,Gasóleo e combustíveis médios e pesados,784,Emirados Árabes Unidos,1091419815,9.02,4,0,12099567522
2022,699,Índia,271019,Gasóleo e combustíveis médios e pesados,410,Coreia do Sul,1000360376,8.268,5,0,12099567522
2022,699,Índia,271111,Gás natural liquefeito (GNL),634,Catar,8540444042,48.05,1,0,17773951160
2022,699,Índia,271111,Gás natural liquefeito (GNL),784,Emirados Árabes Unidos,2847103381,16.018,2,0,17773951160
2022,699,Índia,271111,Gás natural liquefeito (GNL),842,EUA,1754188080,9.869,3,0,17773951160
2022,699,Índia,271111,Gás natural liquefeito (GNL),512,Omã,1029337858,5.791,4,0,17773951160
2022,699,Índia,271111,Gás natural liquefeito (GNL),566,Nigéria,1002084432,5.638,5,0,17773951160
2022,699,Índia,271111,Gás natural liquefeito (GNL),24,Angola,556502101,3.131,6,1,17773951160
2022,699,Índia,710221,Diamantes industriais em bruto,784,Emirados Árabes Unidos,88613136,45.111,1,0,196431557
2022,699,Índia,710221,Diamantes industriais em bruto,56,Bélgica,60162078,30.628,2,0,196431557
2022,699,Índia,710221,Diamantes industriais em bruto,643,Rússia,45140200,22.98,3,0,196431557
2022,699,Índia,710221,Diamantes industriais em bruto,376,Israel,1545060,0.787,4,0,196431557
2022,699,Índia,710221,Diamantes industriais em bruto,344,Hong Kong (RAEHK),682386,0.347,5,0,196431557
2022,699,Índia,890190,Navios de carga,196,Chipre,31111168,22.16,1,0,140394304
2022,699,Índia,890190,Navios de carga,458,Malásia,21275292,15.154,2,0,140394304
2022,699,Índia,890190,Navios de carga,410,Coreia do Sul,20739948,14.773,3,0,140394304
2022,699,Índia,890190,Navios de carga,156,China,16597512,11.822,4,0,140394304
2022,699,Índia,890190,Navios de carga,591,Panamá,16351010,11.646,5,0,140394304
2022,699,Índia,890520,Plataformas de perfuração ou produção,784,Emirados Árabes Unidos,291584723,50.096,1,0,582051377
2022,699,Índia,890520,Plataformas de perfuração ou produção,458,Malásia,161528186,27.752,2,0,582051377
2022,699,Índia,890520,Plataformas de perfuração ou produção,710,África do Sul,128938468,22.152,3,0,582051377
2022,842,EUA,270740,Naftaleno,724,Espanha,5443220,49.957,1,0,10895765
2022,842,EUA,270740,Naftaleno,124,Canadá,4497242,41.275,2,0,10895765
2022,842,EUA,270740,Naftaleno,203,Chéquia,847063,7.774,3,0,10895765
2022,842,EUA,270740,Naftaleno,528,Países Baixos,45782,0.42,4,0,10895765
2022,842,EUA,270740,Naftaleno,410,Coreia do Sul,38225,0.351,5,0,10895765
2022,842,EUA,270900,Petróleo bruto,124,Canadá,117856834382,57.571,1,0,204715565176
2022,842,EUA,270900,Petróleo bruto,484,México,21163289065,10.338,2,0,204715565176
2022,842,EUA,270900,Petróleo bruto,682,Arábia Saudita,16598970965,8.108,3,0,204715565176
2022,842,EUA,270900,Petróleo bruto,170,Colômbia,8163115103,3.988,4,0,204715565176
2022,842,EUA,270900,Petróleo bruto,368,Iraque,7874649199,3.847,5,0,204715565176
2022,842,EUA,270900,Petróleo bruto,24,Angola,1388873744,0.678,15,1,204715565176
2022,842,EUA,271012,Gasolinas e destilados leves,124,Canadá,5488308322,16.386,1,0,33493608378
2022,842,EUA,271012,Gasolinas e destilados leves,528,Países Baixos,3248120422,9.698,2,0,33493608378
2022,842,EUA,271012,Gasolinas e destilados leves,699,Índia,3191367906,9.528,3,0,33493608378
2022,842,EUA,271012,Gasolinas e destilados leves,826,Reino Unido,3034565275,9.06,4,0,33493608378
2022,842,EUA,271012,Gasolinas e destilados leves,380,Itália,1996851174,5.962,5,0,33493608378
2022,842,EUA,271012,Gasolinas e destilados leves,24,Angola,111543332,0.333,28,1,33493608378
2022,842,EUA,271019,Gasóleo e combustíveis médios e pesados,124,Canadá,10258316734,21.056,1,0,48718173127
2022,842,EUA,271019,Gasóleo e combustíveis médios e pesados,484,México,5145673934,10.562,2,0,48718173127
2022,842,EUA,271019,Gasóleo e combustíveis médios e pesados,410,Coreia do Sul,4393240272,9.018,3,0,48718173127
2022,842,EUA,271019,Gasóleo e combustíveis médios e pesados,643,Rússia,4213755336,8.649,4,0,48718173127
2022,842,EUA,271019,Gasóleo e combustíveis médios e pesados,682,Arábia Saudita,3256819905,6.685,5,0,48718173127
2022,842,EUA,271111,Gás natural liquefeito (GNL),780,Trinidad and Tobago,989381445,81.713,1,0,1210796376
2022,842,EUA,271111,Gás natural liquefeito (GNL),566,Nigéria,98414219,8.128,2,0,1210796376
2022,842,EUA,271111,Gás natural liquefeito (GNL),512,Omã,88096866,7.276,3,0,1210796376
2022,842,EUA,271111,Gás natural liquefeito (GNL),643,Rússia,29941213,2.473,4,0,1210796376
2022,842,EUA,271111,Gás natural liquefeito (GNL),388,Jamaica,4953638,0.409,5,0,1210796376
2022,842,EUA,710221,Diamantes industriais em bruto,710,África do Sul,3705061,55.555,1,0,6669214
2022,842,EUA,710221,Diamantes industriais em bruto,72,Botsuana,718430,10.772,2,0,6669214
2022,842,EUA,710221,Diamantes industriais em bruto,699,Índia,608256,9.12,3,0,6669214
2022,842,EUA,710221,Diamantes industriais em bruto,56,Bélgica,606612,9.096,4,0,6669214
2022,842,EUA,710221,Diamantes industriais em bruto,124,Canadá,294348,4.414,5,0,6669214
2022,842,EUA,890190,Navios de carga,704,Vietname,808298,35.234,1,0,2294059
2022,842,EUA,890190,Navios de carga,191,Croácia,675001,29.424,2,0,2294059
2022,842,EUA,890190,Navios de carga,124,Canadá,431054,18.79,3,0,2294059
2022,842,EUA,890190,Navios de carga,579,Noruega,133161,5.805,4,0,2294059
2022,842,EUA,890190,Navios de carga,710,África do Sul,124500,5.427,5,0,2294059
2022,842,EUA,890520,Plataformas de perfuração ou produção,702,Singapura,439042751,67.933,1,0,646284879
2022,842,EUA,890520,Plataformas de perfuração ou produção,410,Coreia do Sul,207208230,32.061,2,0,646284879
2022,842,EUA,890520,Plataformas de perfuração ou produção,40,Áustria,33898,0.005,3,0,646284879
2023,124,Canadá,270740,Naftaleno,842,EUA,166485,48.668,1,0,342085
2023,124,Canadá,270740,Naftaleno,208,Dinamarca,155285,45.394,2,0,342085
2023,124,Canadá,270740,Naftaleno,724,Espanha,20255,5.921,3,0,342085
2023,124,Canadá,270740,Naftaleno,156,China,31,0.009,4,0,342085
2023,124,Canadá,270740,Naftaleno,392,Japão,16,0.005,5,0,342085
2023,124,Canadá,270900,Petróleo bruto,842,EUA,10370262649,71.231,1,0,14558631028
2023,124,Canadá,270900,Petróleo bruto,566,Nigéria,2171895124,14.918,2,0,14558631028
2023,124,Canadá,270900,Petróleo bruto,682,Arábia Saudita,1525636183,10.479,3,0,14558631028
2023,124,Canadá,270900,Petróleo bruto,170,Colômbia,223416242,1.535,4,0,14558631028
2023,124,Canadá,270900,Petróleo bruto,218,Equador,148469342,1.02,5,0,14558631028
2023,124,Canadá,271012,Gasolinas e destilados leves,842,EUA,8032789764,76.31,1,0,10526476671
2023,124,Canadá,271012,Gasolinas e destilados leves,528,Países Baixos,1011523668,9.609,2,0,10526476671
2023,124,Canadá,271012,Gasolinas e destilados leves,826,Reino Unido,500993610,4.759,3,0,10526476671
2023,124,Canadá,271012,Gasolinas e destilados leves,56,Bélgica,431314060,4.097,4,0,10526476671
2023,124,Canadá,271012,Gasolinas e destilados leves,752,Suécia,142512229,1.354,5,0,10526476671
2023,124,Canadá,271019,Gasóleo e combustíveis médios e pesados,842,EUA,5399186585,78.904,1,0,6842770098
2023,124,Canadá,271019,Gasóleo e combustíveis médios e pesados,414,Kuwait,306324903,4.477,2,0,6842770098
2023,124,Canadá,271019,Gasóleo e combustíveis médios e pesados,276,Alemanha,185639620,2.713,3,0,6842770098
2023,124,Canadá,271019,Gasóleo e combustíveis médios e pesados,392,Japão,157319047,2.299,4,0,6842770098
2023,124,Canadá,271019,Gasóleo e combustíveis médios e pesados,528,Países Baixos,129468924,1.892,5,0,6842770098
2023,124,Canadá,271111,Gás natural liquefeito (GNL),842,EUA,30408405,62.143,1,0,48932762
2023,124,Canadá,271111,Gás natural liquefeito (GNL),780,Trinidad and Tobago,11518102,23.539,2,0,48932762
2023,124,Canadá,271111,Gás natural liquefeito (GNL),604,Peru,6996286,14.298,3,0,48932762
2023,124,Canadá,271111,Gás natural liquefeito (GNL),490,Taiwan (Prov. China),9968,0.02,4,0,48932762
2023,124,Canadá,710221,Diamantes industriais em bruto,710,África do Sul,259623,37.108,1,0,699633
2023,124,Canadá,710221,Diamantes industriais em bruto,842,EUA,140417,20.07,2,0,699633
2023,124,Canadá,710221,Diamantes industriais em bruto,372,Irlanda,121173,17.32,3,0,699633
2023,124,Canadá,710221,Diamantes industriais em bruto,72,Botsuana,49744,7.11,4,0,699633
2023,124,Canadá,710221,Diamantes industriais em bruto,516,Namíbia,38662,5.526,5,0,699633
2023,124,Canadá,890190,Navios de carga,579,Noruega,48194747,28.455,1,0,169372468
2023,124,Canadá,890190,Navios de carga,842,EUA,44751059,26.422,2,0,169372468
2023,124,Canadá,890190,Navios de carga,392,Japão,36539344,21.573,3,0,169372468
2023,124,Canadá,890190,Navios de carga,276,Alemanha,21161654,12.494,4,0,169372468
2023,124,Canadá,890190,Navios de carga,156,China,16179690,9.553,5,0,169372468
2023,124,Canadá,890520,Plataformas de perfuração ou produção,156,China,2001,57.738,1,0,3465
2023,124,Canadá,890520,Plataformas de perfuração ou produção,842,EUA,1265,36.511,2,0,3465
2023,124,Canadá,890520,Plataformas de perfuração ou produção,410,Coreia do Sul,196,5.643,3,0,3465
2023,124,Canadá,890520,Plataformas de perfuração ou produção,704,Vietname,4,0.107,4,0,3465
2023,156,China,270740,Naftaleno,392,Japão,8820439,79.35,1,0,11115913
2023,156,China,270740,Naftaleno,410,Coreia do Sul,2007181,18.057,2,0,11115913
2023,156,China,270740,Naftaleno,643,Rússia,266165,2.394,3,0,11115913
2023,156,China,270740,Naftaleno,490,Taiwan (Prov. China),17359,0.156,4,0,11115913
2023,156,China,270740,Naftaleno,842,EUA,4769,0.043,5,0,11115913
2023,156,China,270900,Petróleo bruto,643,Rússia,60679212744,17.971,1,0,337644667180
2023,156,China,270900,Petróleo bruto,682,Arábia Saudita,53877583957,15.957,2,0,337644667180
2023,156,China,270900,Petróleo bruto,368,Iraque,35211318086,10.429,3,0,337644667180
2023,156,China,270900,Petróleo bruto,458,Malásia,28611452764,8.474,4,0,337644667180
2023,156,China,270900,Petróleo bruto,784,Emirados Árabes Unidos,26640397462,7.89,5,0,337644667180
2023,156,China,270900,Petróleo bruto,24,Angola,18547493050,5.493,8,1,337644667180
2023,156,China,271012,Gasolinas e destilados leves,643,Rússia,2328775162,27.152,1,0,8576794383
2023,156,China,271012,Gasolinas e destilados leves,784,Emirados Árabes Unidos,1509340099,17.598,2,0,8576794383
2023,156,China,271012,Gasolinas e destilados leves,410,Coreia do Sul,1463918391,17.068,3,0,8576794383
2023,156,China,271012,Gasolinas e destilados leves,634,Catar,674710305,7.867,4,0,8576794383
2023,156,China,271012,Gasolinas e destilados leves,699,Índia,526849033,6.143,5,0,8576794383
2023,156,China,271019,Gasóleo e combustíveis médios e pesados,458,Malásia,7215028931,37.25,1,0,19369180255
2023,156,China,271019,Gasóleo e combustíveis médios e pesados,643,Rússia,4993030958,25.778,2,0,19369180255
2023,156,China,271019,Gasóleo e combustíveis médios e pesados,410,Coreia do Sul,1869768929,9.653,3,0,19369180255
2023,156,China,271019,Gasóleo e combustíveis médios e pesados,702,Singapura,1367275825,7.059,4,0,19369180255
2023,156,China,271019,Gasóleo e combustíveis médios e pesados,784,Emirados Árabes Unidos,667094187,3.444,5,0,19369180255
2023,156,China,271111,Gás natural liquefeito (GNL),36,Austrália,14768850156,32.874,1,0,44925098864
2023,156,China,271111,Gás natural liquefeito (GNL),634,Catar,10299480672,22.926,2,0,44925098864
2023,156,China,271111,Gás natural liquefeito (GNL),643,Rússia,5182762673,11.536,3,0,44925098864
2023,156,China,271111,Gás natural liquefeito (GNL),458,Malásia,4198672654,9.346,4,0,44925098864
2023,156,China,271111,Gás natural liquefeito (GNL),360,Indonésia,2810785320,6.257,5,0,44925098864
2023,156,China,710221,Diamantes industriais em bruto,899,"Areas, nes",11641442,60.922,1,0,19108734
2023,156,China,710221,Diamantes industriais em bruto,124,Canadá,4161412,21.778,2,0,19108734
2023,156,China,710221,Diamantes industriais em bruto,643,Rússia,2328594,12.186,3,0,19108734
2023,156,China,710221,Diamantes industriais em bruto,710,África do Sul,967286,5.062,4,0,19108734
2023,156,China,710221,Diamantes industriais em bruto,372,Irlanda,10000,0.052,5,0,19108734
2023,156,China,890190,Navios de carga,156,China,49691218,61.966,1,0,80191218
2023,156,China,890190,Navios de carga,276,Alemanha,30500000,38.034,2,0,80191218
2023,251,França,270740,Naftaleno,276,Alemanha,309556,99.14,1,0,312242
2023,251,França,270740,Naftaleno,156,China,2140,0.685,2,0,312242
2023,251,França,270740,Naftaleno,480,Maurícias,384,0.123,3,0,312242
2023,251,França,270740,Naftaleno,699,Índia,93,0.03,4,0,312242
2023,251,França,270740,Naftaleno,384,Costa do Marfim,59,0.019,5,0,312242
2023,251,França,270900,Petróleo bruto,842,EUA,6195933640,19.65,1,0,31530866246
2023,251,França,270900,Petróleo bruto,566,Nigéria,4417294593,14.009,2,0,31530866246
2023,251,França,270900,Petróleo bruto,398,Cazaquistão,3603711990,11.429,3,0,31530866246
2023,251,França,270900,Petróleo bruto,12,Argélia,3042655858,9.65,4,0,31530866246
2023,251,França,270900,Petróleo bruto,434,Libya,2568326481,8.145,5,0,31530866246
2023,251,França,270900,Petróleo bruto,24,Angola,1383861842,4.389,9,1,31530866246
2023,251,França,271012,Gasolinas e destilados leves,528,Países Baixos,2763707646,43.195,1,0,6398204938
2023,251,França,271012,Gasolinas e destilados leves,56,Bélgica,899055209,14.052,2,0,6398204938
2023,251,França,271012,Gasolinas e destilados leves,724,Espanha,595122198,9.301,3,0,6398204938
2023,251,França,271012,Gasolinas e destilados leves,276,Alemanha,466985122,7.299,4,0,6398204938
2023,251,França,271012,Gasolinas e destilados leves,842,EUA,440060103,6.878,5,0,6398204938
2023,251,França,271019,Gasóleo e combustíveis médios e pesados,56,Bélgica,3994382440,13.468,1,0,29657784482
2023,251,França,271019,Gasóleo e combustíveis médios e pesados,414,Kuwait,3598186390,12.132,2,0,29657784482
2023,251,França,271019,Gasóleo e combustíveis médios e pesados,682,Arábia Saudita,3491266691,11.772,3,0,29657784482
2023,251,França,271019,Gasóleo e combustíveis médios e pesados,699,Índia,2689552003,9.069,4,0,29657784482
2023,251,França,271019,Gasóleo e combustíveis médios e pesados,528,Países Baixos,2634626700,8.883,5,0,29657784482
2023,251,França,271019,Gasóleo e combustíveis médios e pesados,24,Angola,4134,0.0,75,1,29657784482
2023,251,França,271111,Gás natural liquefeito (GNL),842,EUA,7205697412,43.603,1,0,16525812145
2023,251,França,271111,Gás natural liquefeito (GNL),12,Argélia,3268282149,19.777,2,0,16525812145
2023,251,França,271111,Gás natural liquefeito (GNL),643,Rússia,2323254681,14.058,3,0,16525812145
2023,251,França,271111,Gás natural liquefeito (GNL),634,Catar,1026948294,6.214,4,0,16525812145
2023,251,França,271111,Gás natural liquefeito (GNL),120,Camarões,586021569,3.546,5,0,16525812145
2023,251,França,271111,Gás natural liquefeito (GNL),24,Angola,486156716,2.942,7,1,16525812145
2023,251,França,710221,Diamantes industriais em bruto,899,"Areas, nes",8490,46.456,1,0,18276
2023,251,França,710221,Diamantes industriais em bruto,276,Alemanha,6637,36.314,2,0,18276
2023,251,França,710221,Diamantes industriais em bruto,56,Bélgica,3149,17.229,3,0,18276
2023,251,França,890190,Navios de carga,156,China,64670774,74.349,1,0,86982262
2023,251,França,890190,Navios de carga,752,Suécia,6699473,7.702,2,0,86982262
2023,251,França,890190,Navios de carga,458,Malásia,6191288,7.118,3,0,86982262
2023,251,França,890190,Navios de carga,380,Itália,2762015,3.175,4,0,86982262
2023,251,França,890190,Navios de carga,276,Alemanha,2671602,3.071,5,0,86982262
2023,251,França,890520,Plataformas de perfuração ou produção,699,Índia,115197,91.962,1,0,125266
2023,251,França,890520,Plataformas de perfuração ou produção,156,China,10010,7.991,2,0,125266
2023,251,França,890520,Plataformas de perfuração ou produção,392,Japão,46,0.037,3,0,125266
2023,251,França,890520,Plataformas de perfuração ou produção,842,EUA,13,0.01,4,0,125266
2023,699,Índia,270740,Naftaleno,410,Coreia do Sul,3766525,58.841,1,0,6401166
2023,699,Índia,270740,Naftaleno,360,Indonésia,819122,12.796,2,0,6401166
2023,699,Índia,270740,Naftaleno,208,Dinamarca,679598,10.617,3,0,6401166
2023,699,Índia,270740,Naftaleno,724,Espanha,474403,7.411,4,0,6401166
2023,699,Índia,270740,Naftaleno,398,Cazaquistão,270408,4.224,5,0,6401166
2023,699,Índia,270900,Petróleo bruto,643,Rússia,48639765434,34.647,1,0,140386299645
2023,699,Índia,270900,Petróleo bruto,368,Iraque,28320253101,20.173,2,0,140386299645
2023,699,Índia,270900,Petróleo bruto,682,Arábia Saudita,23625323758,16.829,3,0,140386299645
2023,699,Índia,270900,Petróleo bruto,784,Emirados Árabes Unidos,8632007802,6.149,4,0,140386299645
2023,699,Índia,270900,Petróleo bruto,842,EUA,5618333364,4.002,5,0,140386299645
2023,699,Índia,270900,Petróleo bruto,24,Angola,2343563985,1.669,8,1,140386299645
2023,699,Índia,271012,Gasolinas e destilados leves,784,Emirados Árabes Unidos,1095377383,33.618,1,0,3258313468
2023,699,Índia,271012,Gasolinas e destilados leves,643,Rússia,575637742,17.667,2,0,3258313468
2023,699,Índia,271012,Gasolinas e destilados leves,512,Omã,455921019,13.993,3,0,3258313468
2023,699,Índia,271012,Gasolinas e destilados leves,702,Singapura,437084943,13.414,4,0,3258313468
2023,699,Índia,271012,Gasolinas e destilados leves,634,Catar,296729508,9.107,5,0,3258313468
2023,699,Índia,271019,Gasóleo e combustíveis médios e pesados,643,Rússia,4356424824,52.253,1,0,8337107493
2023,699,Índia,271019,Gasóleo e combustíveis médios e pesados,410,Coreia do Sul,914918145,10.974,2,0,8337107493
2023,699,Índia,271019,Gasóleo e combustíveis médios e pesados,784,Emirados Árabes Unidos,702448396,8.426,3,0,8337107493
2023,699,Índia,271019,Gasóleo e combustíveis médios e pesados,368,Iraque,539241565,6.468,4,0,8337107493
2023,699,Índia,271019,Gasóleo e combustíveis médios e pesados,702,Singapura,336357276,4.034,5,0,8337107493
2023,699,Índia,271111,Gás natural liquefeito (GNL),634,Catar,6527147780,49.22,1,0,13261131852
2023,699,Índia,271111,Gás natural liquefeito (GNL),784,Emirados Árabes Unidos,2231903757,16.83,2,0,13261131852
2023,699,Índia,271111,Gás natural liquefeito (GNL),842,EUA,1431695465,10.796,3,0,13261131852
2023,699,Índia,271111,Gás natural liquefeito (GNL),24,Angola,450445197,3.397,4,1,13261131852
2023,699,Índia,271111,Gás natural liquefeito (GNL),512,Omã,448696519,3.384,5,0,13261131852
2023,699,Índia,271111,Gás natural liquefeito (GNL),566,Nigéria,415046239,3.13,6,0,13261131852
2023,699,Índia,710221,Diamantes industriais em bruto,784,Emirados Árabes Unidos,92928628,47.35,1,0,196260504
2023,699,Índia,710221,Diamantes industriais em bruto,643,Rússia,31207635,15.901,2,0,196260504
2023,699,Índia,710221,Diamantes industriais em bruto,716,Zimbabué,26834787,13.673,3,0,196260504
2023,699,Índia,710221,Diamantes industriais em bruto,56,Bélgica,20877015,10.637,4,0,196260504
2023,699,Índia,710221,Diamantes industriais em bruto,180,RD Congo,8407198,4.284,5,0,196260504
2023,699,Índia,710221,Diamantes industriais em bruto,24,Angola,38844,0.02,14,1,196260504
2023,699,Índia,890190,Navios de carga,156,China,88614677,28.455,1,0,311417981
2023,699,Índia,890190,Navios de carga,579,Noruega,76677873,24.622,2,0,311417981
2023,699,Índia,890190,Navios de carga,392,Japão,52587433,16.886,3,0,311417981
2023,699,Índia,890190,Navios de carga,702,Singapura,52472966,16.85,4,0,311417981
2023,699,Índia,890190,Navios de carga,430,Liberia,16358274,5.253,5,0,311417981
2023,699,Índia,890520,Plataformas de perfuração ou produção,842,EUA,1993206,79.09,1,0,2520175
2023,699,Índia,890520,Plataformas de perfuração ou produção,392,Japão,526969,20.91,2,0,2520175
2023,842,EUA,270740,Naftaleno,724,Espanha,6078609,59.374,1,0,10237848
2023,842,EUA,270740,Naftaleno,208,Dinamarca,1717732,16.778,2,0,10237848
2023,842,EUA,270740,Naftaleno,392,Japão,1327869,12.97,3,0,10237848
2023,842,EUA,270740,Naftaleno,124,Canadá,1113638,10.878,4,0,10237848
2023,842,EUA,270900,Petróleo bruto,124,Canadá,97187166232,56.364,1,0,172426221223
2023,842,EUA,270900,Petróleo bruto,484,México,20351565492,11.803,2,0,172426221223
2023,842,EUA,270900,Petróleo bruto,682,Arábia Saudita,10815650999,6.273,3,0,172426221223
2023,842,EUA,270900,Petróleo bruto,368,Iraque,6012539267,3.487,4,0,172426221223
2023,842,EUA,270900,Petróleo bruto,76,Brasil,5906154865,3.425,5,0,172426221223
2023,842,EUA,270900,Petróleo bruto,24,Angola,974247447,0.565,17,1,172426221223
2023,842,EUA,271012,Gasolinas e destilados leves,124,Canadá,4802220754,15.586,1,0,30810241932
2023,842,EUA,271012,Gasolinas e destilados leves,528,Países Baixos,3378013057,10.964,2,0,30810241932
2023,842,EUA,271012,Gasolinas e destilados leves,699,Índia,3257994908,10.574,3,0,30810241932
2023,842,EUA,271012,Gasolinas e destilados leves,826,Reino Unido,2097853367,6.809,4,0,30810241932
2023,842,EUA,271012,Gasolinas e destilados leves,380,Itália,1869454523,6.068,5,0,30810241932
2023,842,EUA,271012,Gasolinas e destilados leves,24,Angola,65599557,0.213,34,1,30810241932
2023,842,EUA,271019,Gasóleo e combustíveis médios e pesados,124,Canadá,8315371584,21.827,1,0,38096367548
2023,842,EUA,271019,Gasóleo e combustíveis médios e pesados,484,México,4430388664,11.629,2,0,38096367548
2023,842,EUA,271019,Gasóleo e combustíveis médios e pesados,410,Coreia do Sul,3572194670,9.377,3,0,38096367548
2023,842,EUA,271019,Gasóleo e combustíveis médios e pesados,368,Iraque,2897682938,7.606,4,0,38096367548
2023,842,EUA,271019,Gasóleo e combustíveis médios e pesados,682,Arábia Saudita,2491352761,6.54,5,0,38096367548
2023,842,EUA,271111,Gás natural liquefeito (GNL),780,Trinidad and Tobago,528850379,52.654,1,0,1004379476
2023,842,EUA,271111,Gás natural liquefeito (GNL),566,Nigéria,475493582,47.342,2,0,1004379476
2023,842,EUA,271111,Gás natural liquefeito (GNL),156,China,25573,0.003,3,0,1004379476
2023,842,EUA,271111,Gás natural liquefeito (GNL),276,Alemanha,9942,0.001,4,0,1004379476
2023,842,EUA,710221,Diamantes industriais em bruto,710,África do Sul,3194638,59.005,1,0,5414174
2023,842,EUA,710221,Diamantes industriais em bruto,72,Botsuana,957154,17.679,2,0,5414174
2023,842,EUA,710221,Diamantes industriais em bruto,124,Canadá,448107,8.277,3,0,5414174
2023,842,EUA,710221,Diamantes industriais em bruto,699,Índia,397821,7.348,4,0,5414174
2023,842,EUA,710221,Diamantes industriais em bruto,288,Gana,127566,2.356,5,0,5414174
2023,842,EUA,890190,Navios de carga,124,Canadá,1034099,40.88,1,0,2529587
2023,842,EUA,890190,Navios de carga,704,Vietname,794129,31.394,2,0,2529587
2023,842,EUA,890190,Navios de carga,156,China,323462,12.787,3,0,2529587
2023,842,EUA,890190,Navios de carga,528,Países Baixos,254495,10.061,4,0,2529587
2023,842,EUA,890190,Navios de carga,410,Coreia do Sul,31193,1.233,5,0,2529587
2023,842,EUA,890520,Plataformas de perfuração ou produção,702,Singapura,519093851,99.989,1,0,519148751
2023,842,EUA,890520,Plataformas de perfuração ou produção,156,China,54900,0.011,2,0,519148751
2024,124,Canadá,270740,Naftaleno,208,Dinamarca,846605,78.002,1,0,1085370
2024,124,Canadá,270740,Naftaleno,842,EUA,144646,13.327,2,0,1085370
2024,124,Canadá,270740,Naftaleno,124,Canadá,93546,8.619,3,0,1085370
2024,124,Canadá,270740,Naftaleno,699,Índia,381,0.035,4,0,1085370
2024,124,Canadá,270740,Naftaleno,440,Lituânia,180,0.017,5,0,1085370
2024,124,Canadá,270900,Petróleo bruto,842,EUA,11354463366,74.923,1,0,15154800354
2024,124,Canadá,270900,Petróleo bruto,566,Nigéria,1601682296,10.569,2,0,15154800354
2024,124,Canadá,270900,Petróleo bruto,682,Arábia Saudita,1467530038,9.684,3,0,15154800354
2024,124,Canadá,270900,Petróleo bruto,218,Equador,534609516,3.528,4,0,15154800354
2024,124,Canadá,270900,Petróleo bruto,384,Costa do Marfim,109704011,0.724,5,0,15154800354
2024,124,Canadá,271012,Gasolinas e destilados leves,842,EUA,7709473955,77.372,1,0,9964157615
2024,124,Canadá,271012,Gasolinas e destilados leves,528,Países Baixos,974176129,9.777,2,0,9964157615
2024,124,Canadá,271012,Gasolinas e destilados leves,56,Bélgica,450584464,4.522,3,0,9964157615
2024,124,Canadá,271012,Gasolinas e destilados leves,826,Reino Unido,438450011,4.4,4,0,9964157615
2024,124,Canadá,271012,Gasolinas e destilados leves,251,França,70787720,0.71,5,0,9964157615
2024,124,Canadá,271019,Gasóleo e combustíveis médios e pesados,842,EUA,4708799667,80.327,1,0,5862052163
2024,124,Canadá,271019,Gasóleo e combustíveis médios e pesados,410,Coreia do Sul,326140097,5.564,2,0,5862052163
2024,124,Canadá,271019,Gasóleo e combustíveis médios e pesados,276,Alemanha,153979846,2.627,3,0,5862052163
2024,124,Canadá,271019,Gasóleo e combustíveis médios e pesados,528,Países Baixos,132325656,2.257,4,0,5862052163
2024,124,Canadá,271019,Gasóleo e combustíveis médios e pesados,156,China,124923813,2.131,5,0,5862052163
2024,124,Canadá,271111,Gás natural liquefeito (GNL),780,Trinidad and Tobago,123320928,50.64,1,0,243524377
2024,124,Canadá,271111,Gás natural liquefeito (GNL),604,Peru,99193339,40.732,2,0,243524377
2024,124,Canadá,271111,Gás natural liquefeito (GNL),842,EUA,21007706,8.627,3,0,243524377
2024,124,Canadá,271111,Gás natural liquefeito (GNL),392,Japão,2358,0.001,4,0,243524377
2024,124,Canadá,271111,Gás natural liquefeito (GNL),410,Coreia do Sul,31,0.0,5,0,243524377
2024,124,Canadá,710221,Diamantes industriais em bruto,710,África do Sul,310439,55.756,1,0,556785
2024,124,Canadá,710221,Diamantes industriais em bruto,372,Irlanda,157701,28.324,2,0,556785
2024,124,Canadá,710221,Diamantes industriais em bruto,842,EUA,59820,10.744,3,0,556785
2024,124,Canadá,710221,Diamantes industriais em bruto,288,Gana,15045,2.702,4,0,556785
2024,124,Canadá,710221,Diamantes industriais em bruto,36,Austrália,13779,2.475,5,0,556785
2024,124,Canadá,890190,Navios de carga,156,China,96960235,48.4,1,0,200332042
2024,124,Canadá,890190,Navios de carga,704,Vietname,49782705,24.85,2,0,200332042
2024,124,Canadá,890190,Navios de carga,724,Espanha,35152897,17.547,3,0,200332042
2024,124,Canadá,890190,Navios de carga,842,EUA,10731205,5.357,4,0,200332042
2024,124,Canadá,890190,Navios de carga,276,Alemanha,5990756,2.99,5,0,200332042
2024,124,Canadá,890520,Plataformas de perfuração ou produção,826,Reino Unido,341343366,99.715,1,0,342319587
2024,124,Canadá,890520,Plataformas de perfuração ou produção,842,EUA,940991,0.275,2,0,342319587
2024,124,Canadá,890520,Plataformas de perfuração ou produção,156,China,35231,0.01,3,0,342319587
2024,156,China,270740,Naftaleno,392,Japão,4906192,79.721,1,0,6154182
2024,156,China,270740,Naftaleno,410,Coreia do Sul,924654,15.025,2,0,6154182
2024,156,China,270740,Naftaleno,36,Austrália,178325,2.898,3,0,6154182
2024,156,China,270740,Naftaleno,490,Taiwan (Prov. China),145011,2.356,4,0,6154182
2024,156,China,270900,Petróleo bruto,643,Rússia,62589755078,19.247,1,0,325186599333
2024,156,China,270900,Petróleo bruto,682,Arábia Saudita,47910307938,14.733,2,0,325186599333
2024,156,China,270900,Petróleo bruto,458,Malásia,38348163667,11.793,3,0,325186599333
2024,156,China,270900,Petróleo bruto,368,Iraque,37030183310,11.387,4,0,325186599333
2024,156,China,270900,Petróleo bruto,512,Omã,25045149223,7.702,5,0,325186599333
2024,156,China,270900,Petróleo bruto,24,Angola,17208631211,5.292,8,1,325186599333
2024,156,China,271012,Gasolinas e destilados leves,643,Rússia,2459442202,28.382,1,0,8665409813
2024,156,China,271012,Gasolinas e destilados leves,784,Emirados Árabes Unidos,1901997198,21.949,2,0,8665409813
2024,156,China,271012,Gasolinas e destilados leves,410,Coreia do Sul,1446427168,16.692,3,0,8665409813
2024,156,China,271012,Gasolinas e destilados leves,414,Kuwait,472385363,5.451,4,0,8665409813
2024,156,China,271012,Gasolinas e destilados leves,12,Argélia,356097330,4.109,5,0,8665409813
2024,156,China,271019,Gasóleo e combustíveis médios e pesados,458,Malásia,6831089287,33.097,1,0,20639492818
2024,156,China,271019,Gasóleo e combustíveis médios e pesados,643,Rússia,5550096062,26.891,2,0,20639492818
2024,156,China,271019,Gasóleo e combustíveis médios e pesados,702,Singapura,1756603315,8.511,3,0,20639492818
2024,156,China,271019,Gasóleo e combustíveis médios e pesados,410,Coreia do Sul,1627995211,7.888,4,0,20639492818
2024,156,China,271019,Gasóleo e combustíveis médios e pesados,368,Iraque,1180807949,5.721,5,0,20639492818
2024,156,China,271111,Gás natural liquefeito (GNL),36,Austrália,14970645544,33.98,1,0,44057222716
2024,156,China,271111,Gás natural liquefeito (GNL),634,Catar,10595100462,24.048,2,0,44057222716
2024,156,China,271111,Gás natural liquefeito (GNL),643,Rússia,4988926589,11.324,3,0,44057222716
2024,156,China,271111,Gás natural liquefeito (GNL),458,Malásia,3842531991,8.722,4,0,44057222716
2024,156,China,271111,Gás natural liquefeito (GNL),842,EUA,2411971641,5.475,5,0,44057222716
2024,156,China,710221,Diamantes industriais em bruto,899,"Areas, nes",22304297,76.325,1,0,29222755
2024,156,China,710221,Diamantes industriais em bruto,124,Canadá,4138174,14.161,2,0,29222755
2024,156,China,710221,Diamantes industriais em bruto,710,África do Sul,1373533,4.7,3,0,29222755
2024,156,China,710221,Diamantes industriais em bruto,643,Rússia,937281,3.207,4,0,29222755
2024,156,China,710221,Diamantes industriais em bruto,699,Índia,352106,1.205,5,0,29222755
2024,156,China,710221,Diamantes industriais em bruto,24,Angola,90951,0.311,6,1,29222755
2024,156,China,890190,Navios de carga,156,China,20970000,98.235,1,0,21346687
2024,156,China,890190,Navios de carga,643,Rússia,376687,1.765,2,0,21346687
2024,156,China,890520,Plataformas de perfuração ou produção,156,China,552819389,100.0,1,0,552819389
2024,251,França,270740,Naftaleno,276,Alemanha,306639,97.262,1,0,315271
2024,251,França,270740,Naftaleno,156,China,4135,1.311,2,0,315271
2024,251,França,270740,Naftaleno,528,Países Baixos,3741,1.187,3,0,315271
2024,251,França,270740,Naftaleno,842,EUA,362,0.115,4,0,315271
2024,251,França,270740,Naftaleno,466,Mali,337,0.107,5,0,315271
2024,251,França,270900,Petróleo bruto,842,EUA,7442577614,25.072,1,0,29685193775
2024,251,França,270900,Petróleo bruto,566,Nigéria,4219213863,14.213,2,0,29685193775
2024,251,França,270900,Petróleo bruto,398,Cazaquistão,3418436568,11.516,3,0,29685193775
2024,251,França,270900,Petróleo bruto,12,Argélia,2696937925,9.085,4,0,29685193775
2024,251,França,270900,Petróleo bruto,579,Noruega,2174144398,7.324,5,0,29685193775
2024,251,França,270900,Petróleo bruto,24,Angola,1672160808,5.633,8,1,29685193775
2024,251,França,271012,Gasolinas e destilados leves,528,Países Baixos,2564543043,36.409,1,0,7043791257
2024,251,França,271012,Gasolinas e destilados leves,56,Bélgica,1461410409,20.747,2,0,7043791257
2024,251,França,271012,Gasolinas e destilados leves,12,Argélia,487082988,6.915,3,0,7043791257
2024,251,França,271012,Gasolinas e destilados leves,724,Espanha,486055981,6.9,4,0,7043791257
2024,251,França,271012,Gasolinas e destilados leves,276,Alemanha,466435455,6.622,5,0,7043791257
2024,251,França,271019,Gasóleo e combustíveis médios e pesados,414,Kuwait,3750429989,13.63,1,0,27515747806
2024,251,França,271019,Gasóleo e combustíveis médios e pesados,682,Arábia Saudita,3344551146,12.155,2,0,27515747806
2024,251,França,271019,Gasóleo e combustíveis médios e pesados,56,Bélgica,2958423164,10.752,3,0,27515747806
2024,251,França,271019,Gasóleo e combustíveis médios e pesados,842,EUA,2685690196,9.761,4,0,27515747806
2024,251,França,271019,Gasóleo e combustíveis médios e pesados,784,Emirados Árabes Unidos,2475543856,8.997,5,0,27515747806
2024,251,França,271019,Gasóleo e combustíveis médios e pesados,24,Angola,3904,0.0,79,1,27515747806
2024,251,França,271111,Gás natural liquefeito (GNL),842,EUA,3820815007,35.004,1,0,10915238820
2024,251,França,271111,Gás natural liquefeito (GNL),643,Rússia,3346621882,30.66,2,0,10915238820
2024,251,França,271111,Gás natural liquefeito (GNL),12,Argélia,2616412701,23.97,3,0,10915238820
2024,251,França,271111,Gás natural liquefeito (GNL),579,Noruega,328485544,3.009,4,0,10915238820
2024,251,França,271111,Gás natural liquefeito (GNL),566,Nigéria,305899295,2.802,5,0,10915238820
2024,251,França,271111,Gás natural liquefeito (GNL),24,Angola,85336932,0.782,8,1,10915238820
2024,251,França,710221,Diamantes industriais em bruto,56,Bélgica,622109,79.08,1,0,786678
2024,251,França,710221,Diamantes industriais em bruto,699,Índia,72360,9.198,2,0,786678
2024,251,França,710221,Diamantes industriais em bruto,528,Países Baixos,36021,4.579,3,0,786678
2024,251,França,710221,Diamantes industriais em bruto,124,Canadá,28868,3.67,4,0,786678
2024,251,França,710221,Diamantes industriais em bruto,899,"Areas, nes",13841,1.759,5,0,786678
2024,251,França,890190,Navios de carga,410,Coreia do Sul,3999259833,76.385,1,0,5235679686
2024,251,França,890190,Navios de carga,156,China,1195276291,22.829,2,0,5235679686
2024,251,França,890190,Navios de carga,642,Roménia,13050260,0.249,3,0,5235679686
2024,251,França,890190,Navios de carga,246,Finlândia,7415666,0.142,4,0,5235679686
2024,251,França,890190,Navios de carga,752,Suécia,6151479,0.117,5,0,5235679686
2024,251,França,890520,Plataformas de perfuração ou produção,528,Países Baixos,2126823,97.755,1,0,2175670
2024,251,França,890520,Plataformas de perfuração ou produção,652,Saint Barthélemy,48790,2.243,2,0,2175670
2024,251,França,890520,Plataformas de perfuração ou produção,643,Rússia,21,0.001,3,0,2175670
2024,251,França,890520,Plataformas de perfuração ou produção,826,Reino Unido,19,0.001,4,0,2175670
2024,251,França,890520,Plataformas de perfuração ou produção,36,Austrália,16,0.001,5,0,2175670
2024,699,Índia,270740,Naftaleno,410,Coreia do Sul,2864650,41.807,1,0,6852133
2024,699,Índia,270740,Naftaleno,208,Dinamarca,2219538,32.392,2,0,6852133
2024,699,Índia,270740,Naftaleno,360,Indonésia,1092255,15.94,3,0,6852133
2024,699,Índia,270740,Naftaleno,276,Alemanha,225863,3.296,4,0,6852133
2024,699,Índia,270740,Naftaleno,398,Cazaquistão,174088,2.541,5,0,6852133
2024,699,Índia,270900,Petróleo bruto,643,Rússia,52727893910,37.255,1,0,141532322253
2024,699,Índia,270900,Petróleo bruto,368,Iraque,28105033563,19.858,2,0,141532322253
2024,699,Índia,270900,Petróleo bruto,682,Arábia Saudita,19606881973,13.853,3,0,141532322253
2024,699,Índia,270900,Petróleo bruto,784,Emirados Árabes Unidos,13452491019,9.505,4,0,141532322253
2024,699,Índia,270900,Petróleo bruto,566,Nigéria,4147421219,2.93,5,0,141532322253
2024,699,Índia,270900,Petróleo bruto,24,Angola,3558289001,2.514,7,1,141532322253
2024,699,Índia,271012,Gasolinas e destilados leves,643,Rússia,765372685,35.668,1,0,2145798787
2024,699,Índia,271012,Gasolinas e destilados leves,784,Emirados Árabes Unidos,629636436,29.343,2,0,2145798787
2024,699,Índia,271012,Gasolinas e destilados leves,634,Catar,237656351,11.075,3,0,2145798787
2024,699,Índia,271012,Gasolinas e destilados leves,414,Kuwait,133177487,6.206,4,0,2145798787
2024,699,Índia,271012,Gasolinas e destilados leves,702,Singapura,118917242,5.542,5,0,2145798787
2024,699,Índia,271019,Gasóleo e combustíveis médios e pesados,643,Rússia,1967775928,30.306,1,0,6493051078
2024,699,Índia,271019,Gasóleo e combustíveis médios e pesados,410,Coreia do Sul,1062849444,16.369,2,0,6493051078
2024,699,Índia,271019,Gasóleo e combustíveis médios e pesados,368,Iraque,913716300,14.072,3,0,6493051078
2024,699,Índia,271019,Gasóleo e combustíveis médios e pesados,784,Emirados Árabes Unidos,687399788,10.587,4,0,6493051078
2024,699,Índia,271019,Gasóleo e combustíveis médios e pesados,702,Singapura,414424436,6.383,5,0,6493051078
2024,699,Índia,271019,Gasóleo e combustíveis médios e pesados,24,Angola,139355,0.002,60,1,6493051078
2024,699,Índia,271111,Gás natural liquefeito (GNL),634,Catar,6404937300,42.743,1,0,14984892381
2024,699,Índia,271111,Gás natural liquefeito (GNL),842,EUA,2540336907,16.953,2,0,14984892381
2024,699,Índia,271111,Gás natural liquefeito (GNL),784,Emirados Árabes Unidos,1714880393,11.444,3,0,14984892381
2024,699,Índia,271111,Gás natural liquefeito (GNL),24,Angola,1055106094,7.041,4,1,14984892381
2024,699,Índia,271111,Gás natural liquefeito (GNL),512,Omã,800832357,5.344,5,0,14984892381
2024,699,Índia,271111,Gás natural liquefeito (GNL),566,Nigéria,800300259,5.341,6,0,14984892381
2024,699,Índia,710221,Diamantes industriais em bruto,784,Emirados Árabes Unidos,78373549,46.318,1,0,169206179
2024,699,Índia,710221,Diamantes industriais em bruto,716,Zimbabué,30240753,17.872,2,0,169206179
2024,699,Índia,710221,Diamantes industriais em bruto,643,Rússia,26353123,15.575,3,0,169206179
2024,699,Índia,710221,Diamantes industriais em bruto,180,RD Congo,13672436,8.08,4,0,169206179
2024,699,Índia,710221,Diamantes industriais em bruto,56,Bélgica,5718582,3.38,5,0,169206179
2024,699,Índia,710221,Diamantes industriais em bruto,24,Angola,297506,0.176,11,1,169206179
2024,699,Índia,890190,Navios de carga,392,Japão,65865241,50.145,1,0,131348324
2024,699,Índia,890190,Navios de carga,156,China,21151718,16.104,2,0,131348324
2024,699,Índia,890190,Navios de carga,360,Indonésia,14155235,10.777,3,0,131348324
2024,699,Índia,890190,Navios de carga,410,Coreia do Sul,12829640,9.768,4,0,131348324
2024,699,Índia,890190,Navios de carga,490,Taiwan (Prov. China),10371973,7.897,5,0,131348324
2024,699,Índia,890520,Plataformas de perfuração ou produção,458,Malásia,247795141,52.113,1,0,475498937
2024,699,Índia,890520,Plataformas de perfuração ou produção,528,Países Baixos,130449740,27.434,2,0,475498937
2024,699,Índia,890520,Plataformas de perfuração ou produção,702,Singapura,65609890,13.798,3,0,475498937
2024,699,Índia,890520,Plataformas de perfuração ou produção,490,Taiwan (Prov. China),31644166,6.655,4,0,475498937
2024,842,EUA,270740,Naftaleno,124,Canadá,2230503,39.561,1,0,5638067
2024,842,EUA,270740,Naftaleno,724,Espanha,1699809,30.149,2,0,5638067
2024,842,EUA,270740,Naftaleno,208,Dinamarca,1381898,24.51,3,0,5638067
2024,842,EUA,270740,Naftaleno,203,Chéquia,235060,4.169,4,0,5638067
2024,842,EUA,270740,Naftaleno,276,Alemanha,90797,1.61,5,0,5638067
2024,842,EUA,270900,Petróleo bruto,124,Canadá,103300938691,59.224,1,0,174423623898
2024,842,EUA,270900,Petróleo bruto,484,México,12476631428,7.153,2,0,174423623898
2024,842,EUA,270900,Petróleo bruto,682,Arábia Saudita,8353719321,4.789,3,0,174423623898
2024,842,EUA,270900,Petróleo bruto,76,Brasil,6711531852,3.848,4,0,174423623898
2024,842,EUA,270900,Petróleo bruto,170,Colômbia,5922032113,3.395,5,0,174423623898
2024,842,EUA,270900,Petróleo bruto,24,Angola,1695323678,0.972,11,1,174423623898
2024,842,EUA,271012,Gasolinas e destilados leves,124,Canadá,4518638770,17.099,1,0,26426301812
2024,842,EUA,271012,Gasolinas e destilados leves,528,Países Baixos,3869653907,14.643,2,0,26426301812
2024,842,EUA,271012,Gasolinas e destilados leves,699,Índia,2837098804,10.736,3,0,26426301812
2024,842,EUA,271012,Gasolinas e destilados leves,826,Reino Unido,1588857636,6.012,4,0,26426301812
2024,842,EUA,271012,Gasolinas e destilados leves,410,Coreia do Sul,1240975521,4.696,5,0,26426301812
2024,842,EUA,271012,Gasolinas e destilados leves,24,Angola,63552776,0.24,30,1,26426301812
2024,842,EUA,271019,Gasóleo e combustíveis médios e pesados,124,Canadá,8413857835,26.141,1,0,32185841019
2024,842,EUA,271019,Gasóleo e combustíveis médios e pesados,484,México,4212512809,13.088,2,0,32185841019
2024,842,EUA,271019,Gasóleo e combustíveis médios e pesados,410,Coreia do Sul,3449830371,10.718,3,0,32185841019
2024,842,EUA,271019,Gasóleo e combustíveis médios e pesados,702,Singapura,1952269426,6.066,4,0,32185841019
2024,842,EUA,271019,Gasóleo e combustíveis médios e pesados,368,Iraque,1833711421,5.697,5,0,32185841019
2024,842,EUA,271111,Gás natural liquefeito (GNL),780,Trinidad and Tobago,501533611,50.741,1,0,988426376
2024,842,EUA,271111,Gás natural liquefeito (GNL),566,Nigéria,391425459,39.601,2,0,988426376
2024,842,EUA,271111,Gás natural liquefeito (GNL),579,Noruega,94725529,9.583,3,0,988426376
2024,842,EUA,271111,Gás natural liquefeito (GNL),156,China,701964,0.071,4,0,988426376
2024,842,EUA,271111,Gás natural liquefeito (GNL),484,México,23914,0.002,5,0,988426376
2024,842,EUA,710221,Diamantes industriais em bruto,710,África do Sul,2147915,48.705,1,0,4410055
2024,842,EUA,710221,Diamantes industriais em bruto,124,Canadá,815371,18.489,2,0,4410055
2024,842,EUA,710221,Diamantes industriais em bruto,72,Botsuana,602326,13.658,3,0,4410055
2024,842,EUA,710221,Diamantes industriais em bruto,180,RD Congo,337486,7.653,4,0,4410055
2024,842,EUA,710221,Diamantes industriais em bruto,699,Índia,244410,5.542,5,0,4410055
2024,842,EUA,710221,Diamantes industriais em bruto,24,Angola,68994,1.564,6,1,4410055
2024,842,EUA,890190,Navios de carga,704,Vietname,1051335,45.627,1,0,2304205
2024,842,EUA,890190,Navios de carga,156,China,395645,17.171,2,0,2304205
2024,842,EUA,890190,Navios de carga,124,Canadá,299915,13.016,3,0,2304205
2024,842,EUA,890190,Navios de carga,392,Japão,238213,10.338,4,0,2304205
2024,842,EUA,890190,Navios de carga,792,Turquia,128776,5.589,5,0,2304205
2024,842,EUA,890520,Plataformas de perfuração ou produção,528,Países Baixos,52261,100.0,1,0,52261
