year,partner_code,partner,hs6,description_pt,competitor_code,competitor,value,share_pct,rank,is_country,market_total
2003,76,Brasil,020714,Carne de aves,392,Japão,231090976,21.174,1,0,1091410204
2003,76,Brasil,020714,Carne de aves,528,Países Baixos,153567056,14.071,2,0,1091410204
2003,76,Brasil,020714,Carne de aves,276,Alemanha,150454425,13.785,3,0,1091410204
2003,76,Brasil,020714,Carne de aves,344,Hong Kong (RAEHK),113082848,10.361,4,0,1091410204
2003,76,Brasil,020714,Carne de aves,643,Rússia,69312786,6.351,5,0,1091410204
2003,76,Brasil,020714,Carne de aves,24,Angola,3429976,0.314,24,1,1091410204
2003,76,Brasil,110100,Farinha de trigo,600,Paraguai,402494,51.06,1,0,788276
2003,76,Brasil,110100,Farinha de trigo,32,Argentina,197774,25.089,2,0,788276
2003,76,Brasil,110100,Farinha de trigo,24,Angola,99439,12.615,3,1,788276
2003,76,Brasil,110100,Farinha de trigo,68,Bolívia,56711,7.194,4,0,788276
2003,76,Brasil,110100,Farinha de trigo,842,EUA,18733,2.376,5,0,788276
2003,76,Brasil,110100,Farinha de trigo,862,Venezuela,7674,0.974,6,0,788276
2003,76,Brasil,271011,Combustíveis refinados,842,EUA,397756767,72.431,1,0,549152800
2003,76,Brasil,271011,Combustíveis refinados,566,Nigéria,84622339,15.41,2,0,549152800
2003,76,Brasil,271011,Combustíveis refinados,862,Venezuela,20620886,3.755,3,0,549152800
2003,76,Brasil,271011,Combustíveis refinados,288,Gana,15920290,2.899,4,0,549152800
2003,76,Brasil,271011,Combustíveis refinados,188,Costa Rica,14520454,2.644,5,0,549152800
2003,76,Brasil,271011,Combustíveis refinados,24,Angola,181,0.0,26,1,549152800
2003,76,Brasil,271019,Combustíveis refinados,842,EUA,846590102,80.582,1,0,1050592017
2003,76,Brasil,271019,Combustíveis refinados,702,Singapura,101067768,9.62,2,0,1050592017
2003,76,Brasil,271019,Combustíveis refinados,566,Nigéria,18166522,1.729,3,0,1050592017
2003,76,Brasil,271019,Combustíveis refinados,32,Argentina,16567133,1.577,4,0,1050592017
2003,76,Brasil,271019,Combustíveis refinados,376,Israel,16510302,1.572,5,0,1050592017
2003,76,Brasil,271019,Combustíveis refinados,24,Angola,31449,0.003,24,1,1050592017
2003,76,Brasil,843143,Partes de máquinas de terraplanagem,842,EUA,517578,28.389,1,0,1823173
2003,76,Brasil,843143,Partes de máquinas de terraplanagem,826,Reino Unido,270607,14.843,2,0,1823173
2003,76,Brasil,843143,Partes de máquinas de terraplanagem,32,Argentina,226882,12.444,3,0,1823173
2003,76,Brasil,843143,Partes de máquinas de terraplanagem,124,Canadá,222138,12.184,4,0,1823173
2003,76,Brasil,843143,Partes de máquinas de terraplanagem,780,Trinidad and Tobago,103229,5.662,5,0,1823173
2003,76,Brasil,843143,Partes de máquinas de terraplanagem,24,Angola,9424,0.517,16,1,1823173
2003,76,Brasil,890520,Plataformas e dragas,600,Paraguai,351,100.0,1,0,351
2003,76,Brasil,999999,Mercadorias não especificadas,837,Bunkers,1122844747,91.148,1,0,1231888465
2003,76,Brasil,999999,Mercadorias não especificadas,842,EUA,23964152,1.945,2,0,1231888465
2003,76,Brasil,999999,Mercadorias não especificadas,136,Cayman Isds,22446325,1.822,3,0,1231888465
2003,76,Brasil,999999,Mercadorias não especificadas,251,França,5027728,0.408,4,0,1231888465
2003,76,Brasil,999999,Mercadorias não especificadas,826,Reino Unido,4818971,0.391,5,0,1231888465
2003,76,Brasil,999999,Mercadorias não especificadas,24,Angola,421066,0.034,33,1,1231888465
2003,156,China,020714,Carne de aves,392,Japão,104048689,41.674,1,0,249673846
2003,156,China,020714,Carne de aves,682,Arábia Saudita,47345278,18.963,2,0,249673846
2003,156,China,020714,Carne de aves,643,Rússia,23663822,9.478,3,0,249673846
2003,156,China,020714,Carne de aves,344,Hong Kong (RAEHK),16327030,6.539,4,0,249673846
2003,156,China,020714,Carne de aves,710,África do Sul,10524432,4.215,5,0,249673846
2003,156,China,020714,Carne de aves,24,Angola,23736,0.01,56,1,249673846
2003,156,China,110100,Farinha de trigo,344,Hong Kong (RAEHK),27385834,45.868,1,0,59706016
2003,156,China,110100,Farinha de trigo,360,Indonésia,16411995,27.488,2,0,59706016
2003,156,China,110100,Farinha de trigo,408,Coreia do Norte,7747634,12.976,3,0,59706016
2003,156,China,110100,Farinha de trigo,450,Madagáscar,1572707,2.634,4,0,59706016
2003,156,China,110100,Farinha de trigo,496,Mongolia,1565452,2.622,5,0,59706016
2003,156,China,271011,Combustíveis refinados,702,Singapura,583740911,24.743,1,0,2359246493
2003,156,China,271011,Combustíveis refinados,704,Vietname,426850126,18.093,2,0,2359246493
2003,156,China,271011,Combustíveis refinados,360,Indonésia,323690555,13.72,3,0,2359246493
2003,156,China,271011,Combustíveis refinados,392,Japão,254982163,10.808,4,0,2359246493
2003,156,China,271011,Combustíveis refinados,36,Austrália,160596228,6.807,5,0,2359246493
2003,156,China,271019,Combustíveis refinados,704,Vietname,283222088,20.71,1,0,1367566375
2003,156,China,271019,Combustíveis refinados,344,Hong Kong (RAEHK),250484004,18.316,2,0,1367566375
2003,156,China,271019,Combustíveis refinados,702,Singapura,123354003,9.02,3,0,1367566375
2003,156,China,271019,Combustíveis refinados,392,Japão,100864400,7.375,4,0,1367566375
2003,156,China,271019,Combustíveis refinados,591,Panamá,100213637,7.328,5,0,1367566375
2003,156,China,271019,Combustíveis refinados,24,Angola,10200,0.001,91,1,1367566375
2003,156,China,843143,Partes de máquinas de terraplanagem,398,Cazaquistão,30639112,16.792,1,0,182463394
2003,156,China,843143,Partes de máquinas de terraplanagem,736,Sudan (...2011),21335506,11.693,2,0,182463394
2003,156,China,843143,Partes de máquinas de terraplanagem,842,EUA,20856500,11.431,3,0,182463394
2003,156,China,843143,Partes de máquinas de terraplanagem,860,Uzbekistan,12668718,6.943,4,0,182463394
2003,156,China,843143,Partes de máquinas de terraplanagem,795,Turkmenistan,11430063,6.264,5,0,182463394
2003,156,China,890520,Plataformas e dragas,566,Nigéria,15250000,56.149,1,0,27160000
2003,156,China,890520,Plataformas e dragas,702,Singapura,11910000,43.851,2,0,27160000
2003,156,China,999999,Mercadorias não especificadas,414,Kuwait,280226138,29.29,1,0,956734548
2003,156,China,999999,Mercadorias não especificadas,586,Paquistão,277674435,29.023,2,0,956734548
2003,156,China,999999,Mercadorias não especificadas,392,Japão,56686187,5.925,3,0,956734548
2003,156,China,999999,Mercadorias não especificadas,364,Irão,52880203,5.527,4,0,956734548
2003,156,China,999999,Mercadorias não especificadas,792,Turquia,38833762,4.059,5,0,956734548
2003,156,China,999999,Mercadorias não especificadas,24,Angola,80473,0.008,61,1,956734548
2003,620,Portugal,020714,Carne de aves,724,Espanha,62339,35.606,1,0,175078
2003,620,Portugal,020714,Carne de aves,24,Angola,45284,25.865,2,1,175078
2003,620,Portugal,020714,Carne de aves,132,Cabo Verde,39528,22.577,3,0,175078
2003,620,Portugal,020714,Carne de aves,251,França,12033,6.873,4,0,175078
2003,620,Portugal,020714,Carne de aves,837,Bunkers,9677,5.527,5,0,175078
2003,620,Portugal,020714,Carne de aves,678,São Tomé e Príncipe,2565,1.465,6,0,175078
2003,620,Portugal,110100,Farinha de trigo,724,Espanha,2057120,60.253,1,0,3414150
2003,620,Portugal,110100,Farinha de trigo,24,Angola,695187,20.362,2,1,3414150
2003,620,Portugal,110100,Farinha de trigo,624,Guiné-Bissau,280090,8.204,3,0,3414150
2003,620,Portugal,110100,Farinha de trigo,132,Cabo Verde,87769,2.571,4,0,3414150
2003,620,Portugal,110100,Farinha de trigo,678,São Tomé e Príncipe,84561,2.477,5,0,3414150
2003,620,Portugal,110100,Farinha de trigo,56,Bélgica,54102,1.585,6,0,3414150
2003,620,Portugal,271011,Combustíveis refinados,842,EUA,206924776,64.799,1,0,319335269
2003,620,Portugal,271011,Combustíveis refinados,826,Reino Unido,71416309,22.364,2,0,319335269
2003,620,Portugal,271011,Combustíveis refinados,251,França,8125254,2.544,3,0,319335269
2003,620,Portugal,271011,Combustíveis refinados,276,Alemanha,7741410,2.424,4,0,319335269
2003,620,Portugal,271011,Combustíveis refinados,792,Turquia,7062800,2.212,5,0,319335269
2003,620,Portugal,271011,Combustíveis refinados,24,Angola,13131,0.004,13,1,319335269
2003,620,Portugal,271019,Combustíveis refinados,837,Bunkers,116128770,42.047,1,0,276187532
2003,620,Portugal,271019,Combustíveis refinados,899,"Areas, nes",38734191,14.025,2,0,276187532
2003,620,Portugal,271019,Combustíveis refinados,826,Reino Unido,28898904,10.464,3,0,276187532
2003,620,Portugal,271019,Combustíveis refinados,842,EUA,26143338,9.466,4,0,276187532
2003,620,Portugal,271019,Combustíveis refinados,380,Itália,12834554,4.647,5,0,276187532
2003,620,Portugal,271019,Combustíveis refinados,24,Angola,4865189,1.762,9,1,276187532
2003,620,Portugal,843143,Partes de máquinas de terraplanagem,724,Espanha,138810,34.158,1,0,406380
2003,620,Portugal,843143,Partes de máquinas de terraplanagem,251,França,114081,28.072,2,0,406380
2003,620,Portugal,843143,Partes de máquinas de terraplanagem,24,Angola,97017,23.873,3,1,406380
2003,620,Portugal,843143,Partes de máquinas de terraplanagem,380,Itália,18823,4.632,4,0,406380
2003,620,Portugal,843143,Partes de máquinas de terraplanagem,842,EUA,17028,4.19,5,0,406380
2003,620,Portugal,843143,Partes de máquinas de terraplanagem,56,Bélgica,7146,1.758,6,0,406380
2003,620,Portugal,999999,Mercadorias não especificadas,837,Bunkers,16778548,20.18,1,0,83143437
2003,620,Portugal,999999,Mercadorias não especificadas,792,Turquia,12630663,15.191,2,0,83143437
2003,620,Portugal,999999,Mercadorias não especificadas,76,Brasil,9814500,11.804,3,0,83143437
2003,620,Portugal,999999,Mercadorias não especificadas,380,Itália,8826532,10.616,4,0,83143437
2003,620,Portugal,999999,Mercadorias não especificadas,504,Marrocos,7562941,9.096,5,0,83143437
2003,620,Portugal,999999,Mercadorias não especificadas,24,Angola,3497953,4.207,8,1,83143437
2003,710,África do Sul,020714,Carne de aves,508,Moçambique,1391566,34.167,1,0,4072777
2003,710,África do Sul,020714,Carne de aves,784,Emirados Árabes Unidos,1374891,33.758,2,0,4072777
2003,710,África do Sul,020714,Carne de aves,24,Angola,278194,6.831,3,1,4072777
2003,710,África do Sul,020714,Carne de aves,76,Brasil,151133,3.711,4,0,4072777
2003,710,África do Sul,020714,Carne de aves,414,Kuwait,143445,3.522,5,0,4072777
2003,710,África do Sul,020714,Carne de aves,512,Omã,111047,2.727,6,0,4072777
2003,710,África do Sul,110100,Farinha de trigo,180,RD Congo,5009325,39.441,1,0,12700784
2003,710,África do Sul,110100,Farinha de trigo,454,Malawi,4854410,38.221,2,0,12700784
2003,710,África do Sul,110100,Farinha de trigo,716,Zimbabué,1392757,10.966,3,0,12700784
2003,710,África do Sul,110100,Farinha de trigo,894,Zâmbia,1074957,8.464,4,0,12700784
2003,710,África do Sul,110100,Farinha de trigo,508,Moçambique,209276,1.648,5,0,12700784
2003,710,África do Sul,110100,Farinha de trigo,24,Angola,17931,0.141,8,1,12700784
2003,710,África do Sul,271011,Combustíveis refinados,837,Bunkers,448030287,39.33,1,0,1139150010
2003,710,África do Sul,271011,Combustíveis refinados,508,Moçambique,104178109,9.145,2,0,1139150010
2003,710,África do Sul,271011,Combustíveis refinados,716,Zimbabué,97428960,8.553,3,0,1139150010
2003,710,África do Sul,271011,Combustíveis refinados,702,Singapura,54831373,4.813,4,0,1139150010
2003,710,África do Sul,271011,Combustíveis refinados,842,EUA,52577576,4.616,5,0,1139150010
2003,710,África do Sul,271011,Combustíveis refinados,24,Angola,5823197,0.511,20,1,1139150010
2003,710,África do Sul,271019,Combustíveis refinados,528,Países Baixos,1440245,43.006,1,0,3348938
2003,710,África do Sul,271019,Combustíveis refinados,686,Senegal,614211,18.34,2,0,3348938
2003,710,África do Sul,271019,Combustíveis refinados,716,Zimbabué,341544,10.199,3,0,3348938
2003,710,África do Sul,271019,Combustíveis refinados,24,Angola,134959,4.03,4,1,3348938
2003,710,África do Sul,271019,Combustíveis refinados,566,Nigéria,122857,3.669,5,0,3348938
2003,710,África do Sul,271019,Combustíveis refinados,180,RD Congo,109470,3.269,6,0,3348938
2003,710,África do Sul,843143,Partes de máquinas de terraplanagem,894,Zâmbia,680638,15.714,1,0,4331356
2003,710,África do Sul,843143,Partes de máquinas de terraplanagem,716,Zimbabué,571136,13.186,2,0,4331356
2003,710,África do Sul,843143,Partes de máquinas de terraplanagem,604,Peru,439392,10.144,3,0,4331356
2003,710,África do Sul,843143,Partes de máquinas de terraplanagem,752,Suécia,290956,6.717,4,0,4331356
2003,710,África do Sul,843143,Partes de máquinas de terraplanagem,124,Canadá,202981,4.686,5,0,4331356
2003,710,África do Sul,843143,Partes de máquinas de terraplanagem,24,Angola,125370,2.894,10,1,4331356
2003,710,África do Sul,890520,Plataformas e dragas,724,Espanha,342073,98.884,1,0,345932
2003,710,África do Sul,890520,Plataformas e dragas,842,EUA,3512,1.015,2,0,345932
2003,710,África do Sul,890520,Plataformas e dragas,826,Reino Unido,314,0.091,3,0,345932
2003,710,África do Sul,890520,Plataformas e dragas,716,Zimbabué,33,0.01,4,0,345932
2003,710,África do Sul,999999,Mercadorias não especificadas,276,Alemanha,10969769,26.126,1,0,41988280
2003,710,África do Sul,999999,Mercadorias não especificadas,490,Taiwan (Prov. China),4059408,9.668,2,0,41988280
2003,710,África do Sul,999999,Mercadorias não especificadas,56,Bélgica,2832598,6.746,3,0,41988280
2003,710,África do Sul,999999,Mercadorias não especificadas,724,Espanha,2767009,6.59,4,0,41988280
2003,710,África do Sul,999999,Mercadorias não especificadas,156,China,2629400,6.262,5,0,41988280
2003,710,África do Sul,999999,Mercadorias não especificadas,24,Angola,50218,0.12,33,1,41988280
2003,842,EUA,020714,Carne de aves,643,Rússia,366528850,27.94,1,0,1311833553
2003,842,EUA,020714,Carne de aves,344,Hong Kong (RAEHK),183444224,13.984,2,0,1311833553
2003,842,EUA,020714,Carne de aves,156,China,96625420,7.366,3,0,1311833553
2003,842,EUA,020714,Carne de aves,484,México,55806114,4.254,4,0,1311833553
2003,842,EUA,020714,Carne de aves,410,Coreia do Sul,45799973,3.491,5,0,1311833553
2003,842,EUA,020714,Carne de aves,24,Angola,32452681,2.474,9,1,1311833553
2003,842,EUA,110100,Farinha de trigo,762,Tajikistan,10649896,14.2,1,0,75001427
2003,842,EUA,110100,Farinha de trigo,484,México,10010823,13.348,2,0,75001427
2003,842,EUA,110100,Farinha de trigo,68,Bolívia,8682866,11.577,3,0,75001427
2003,842,EUA,110100,Farinha de trigo,231,Etiópia,8606313,11.475,4,0,75001427
2003,842,EUA,110100,Farinha de trigo,124,Canadá,8025213,10.7,5,0,75001427
2003,842,EUA,110100,Farinha de trigo,24,Angola,11320,0.015,61,1,75001427
2003,842,EUA,271011,Combustíveis refinados,484,México,1559702880,58.409,1,0,2670315183
2003,842,EUA,271011,Combustíveis refinados,392,Japão,187622799,7.026,2,0,2670315183
2003,842,EUA,271011,Combustíveis refinados,124,Canadá,125262236,4.691,3,0,2670315183
2003,842,EUA,271011,Combustíveis refinados,376,Israel,94267238,3.53,4,0,2670315183
2003,842,EUA,271011,Combustíveis refinados,862,Venezuela,79317051,2.97,5,0,2670315183
2003,842,EUA,271019,Combustíveis refinados,124,Canadá,920619645,19.916,1,0,4622414818
2003,842,EUA,271019,Combustíveis refinados,484,México,588746831,12.737,2,0,4622414818
2003,842,EUA,271019,Combustíveis refinados,702,Singapura,418310467,9.05,3,0,4622414818
2003,842,EUA,271019,Combustíveis refinados,591,Panamá,360141150,7.791,4,0,4622414818
2003,842,EUA,271019,Combustíveis refinados,214,República Dominicana,279349649,6.043,5,0,4622414818
2003,842,EUA,271019,Combustíveis refinados,24,Angola,1632249,0.035,67,1,4622414818
2003,842,EUA,843143,Partes de máquinas de terraplanagem,702,Singapura,348439602,8.35,1,0,4172980578
2003,842,EUA,843143,Partes de máquinas de terraplanagem,76,Brasil,279803676,6.705,2,0,4172980578
2003,842,EUA,843143,Partes de máquinas de terraplanagem,826,Reino Unido,238810587,5.723,3,0,4172980578
2003,842,EUA,843143,Partes de máquinas de terraplanagem,643,Rússia,204462486,4.9,4,0,4172980578
2003,842,EUA,843143,Partes de máquinas de terraplanagem,24,Angola,202826885,4.86,5,1,4172980578
2003,842,EUA,843143,Partes de máquinas de terraplanagem,784,Emirados Árabes Unidos,189077636,4.531,6,0,4172980578
2003,842,EUA,890520,Plataformas e dragas,780,Trinidad and Tobago,114329717,43.207,1,0,264609775
2003,842,EUA,890520,Plataformas e dragas,528,Países Baixos,102645000,38.791,2,0,264609775
2003,842,EUA,890520,Plataformas e dragas,191,Croácia,40000000,15.117,3,0,264609775
2003,842,EUA,890520,Plataformas e dragas,887,Yemen,5000000,1.89,4,0,264609775
2003,842,EUA,890520,Plataformas e dragas,152,Chile,1430000,0.54,5,0,264609775
2003,842,EUA,999999,Mercadorias não especificadas,124,Canadá,4553702860,18.629,1,0,24444146918
2003,842,EUA,999999,Mercadorias não especificadas,484,México,3784399182,15.482,2,0,24444146918
2003,842,EUA,999999,Mercadorias não especificadas,392,Japão,1527831302,6.25,3,0,24444146918
2003,842,EUA,999999,Mercadorias não especificadas,826,Reino Unido,1264307672,5.172,4,0,24444146918
2003,842,EUA,999999,Mercadorias não especificadas,276,Alemanha,1027781224,4.205,5,0,24444146918
2003,842,EUA,999999,Mercadorias não especificadas,24,Angola,12411158,0.051,95,1,24444146918
2004,76,Brasil,020714,Carne de aves,392,Japão,504591561,29.856,1,0,1690091948
2004,76,Brasil,020714,Carne de aves,528,Países Baixos,166100477,9.828,2,0,1690091948
2004,76,Brasil,020714,Carne de aves,344,Hong Kong (RAEHK),127685525,7.555,3,0,1690091948
2004,76,Brasil,020714,Carne de aves,276,Alemanha,124973599,7.394,4,0,1690091948
2004,76,Brasil,020714,Carne de aves,643,Rússia,96669054,5.72,5,0,1690091948
2004,76,Brasil,020714,Carne de aves,24,Angola,3545888,0.21,34,1,1690091948
2004,76,Brasil,110100,Farinha de trigo,600,Paraguai,408837,71.136,1,0,574728
2004,76,Brasil,110100,Farinha de trigo,24,Angola,129575,22.545,2,1,574728
2004,76,Brasil,110100,Farinha de trigo,858,Uruguai,15159,2.638,3,0,574728
2004,76,Brasil,110100,Farinha de trigo,222,El Salvador,7486,1.303,4,0,574728
2004,76,Brasil,110100,Farinha de trigo,842,EUA,6510,1.133,5,0,574728
2004,76,Brasil,110100,Farinha de trigo,392,Japão,5954,1.036,6,0,574728
2004,76,Brasil,271011,Combustíveis refinados,842,EUA,273819115,47.596,1,0,575302421
2004,76,Brasil,271011,Combustíveis refinados,566,Nigéria,75872074,13.188,2,0,575302421
2004,76,Brasil,271011,Combustíveis refinados,188,Costa Rica,69226405,12.033,3,0,575302421
2004,76,Brasil,271011,Combustíveis refinados,288,Gana,47468797,8.251,4,0,575302421
2004,76,Brasil,271011,Combustíveis refinados,364,Irão,45273549,7.87,5,0,575302421
2004,76,Brasil,271011,Combustíveis refinados,24,Angola,8325,0.001,20,1,575302421
2004,76,Brasil,271019,Combustíveis refinados,842,EUA,694472561,55.914,1,0,1242042493
2004,76,Brasil,271019,Combustíveis refinados,702,Singapura,233510809,18.801,2,0,1242042493
2004,76,Brasil,271019,Combustíveis refinados,44,Bahamas,77282853,6.222,3,0,1242042493
2004,76,Brasil,271019,Combustíveis refinados,32,Argentina,59067763,4.756,4,0,1242042493
2004,76,Brasil,271019,Combustíveis refinados,196,Chipre,45112437,3.632,5,0,1242042493
2004,76,Brasil,271019,Combustíveis refinados,24,Angola,280886,0.023,20,1,1242042493
2004,76,Brasil,843143,Partes de máquinas de terraplanagem,842,EUA,688960,28.85,1,0,2388054
2004,76,Brasil,843143,Partes de máquinas de terraplanagem,32,Argentina,367734,15.399,2,0,2388054
2004,76,Brasil,843143,Partes de máquinas de terraplanagem,862,Venezuela,278712,11.671,3,0,2388054
2004,76,Brasil,843143,Partes de máquinas de terraplanagem,826,Reino Unido,265909,11.135,4,0,2388054
2004,76,Brasil,843143,Partes de máquinas de terraplanagem,124,Canadá,170472,7.139,5,0,2388054
2004,76,Brasil,843143,Partes de máquinas de terraplanagem,24,Angola,152099,6.369,6,1,2388054
2004,76,Brasil,890520,Plataformas e dragas,842,EUA,28424,100.0,1,0,28424
2004,76,Brasil,999999,Mercadorias não especificadas,837,Bunkers,1296678455,88.06,1,0,1472495691
2004,76,Brasil,999999,Mercadorias não especificadas,136,Cayman Isds,76386652,5.188,2,0,1472495691
2004,76,Brasil,999999,Mercadorias não especificadas,842,EUA,24942659,1.694,3,0,1472495691
2004,76,Brasil,999999,Mercadorias não especificadas,251,França,6895189,0.468,4,0,1472495691
2004,76,Brasil,999999,Mercadorias não especificadas,276,Alemanha,6674940,0.453,5,0,1472495691
2004,76,Brasil,999999,Mercadorias não especificadas,24,Angola,136884,0.009,53,1,1472495691
2004,156,China,020714,Carne de aves,344,Hong Kong (RAEHK),23151315,29.452,1,0,78607308
2004,156,China,020714,Carne de aves,392,Japão,10548604,13.419,2,0,78607308
2004,156,China,020714,Carne de aves,682,Arábia Saudita,6448795,8.204,3,0,78607308
2004,156,China,020714,Carne de aves,8,Albania,4666963,5.937,4,0,78607308
2004,156,China,020714,Carne de aves,408,Coreia do Norte,4613855,5.869,5,0,78607308
2004,156,China,020714,Carne de aves,24,Angola,82284,0.105,39,1,78607308
2004,156,China,110100,Farinha de trigo,344,Hong Kong (RAEHK),31019938,40.209,1,0,77147422
2004,156,China,110100,Farinha de trigo,360,Indonésia,16243396,21.055,2,0,77147422
2004,156,China,110100,Farinha de trigo,408,Coreia do Norte,14075752,18.245,3,0,77147422
2004,156,China,110100,Farinha de trigo,496,Mongolia,5625960,7.292,4,0,77147422
2004,156,China,110100,Farinha de trigo,764,Tailândia,3362041,4.358,5,0,77147422
2004,156,China,110100,Farinha de trigo,24,Angola,3840,0.005,28,1,77147422
2004,156,China,271011,Combustíveis refinados,702,Singapura,601962986,24.127,1,0,2494980605
2004,156,China,271011,Combustíveis refinados,704,Vietname,535183443,21.45,2,0,2494980605
2004,156,China,271011,Combustíveis refinados,360,Indonésia,449172124,18.003,3,0,2494980605
2004,156,China,271011,Combustíveis refinados,392,Japão,414348288,16.607,4,0,2494980605
2004,156,China,271011,Combustíveis refinados,410,Coreia do Sul,141058395,5.654,5,0,2494980605
2004,156,China,271019,Combustíveis refinados,344,Hong Kong (RAEHK),349522262,23.855,1,0,1465203266
2004,156,China,271019,Combustíveis refinados,591,Panamá,250338584,17.086,2,0,1465203266
2004,156,China,271019,Combustíveis refinados,842,EUA,88738058,6.056,3,0,1465203266
2004,156,China,271019,Combustíveis refinados,704,Vietname,79242244,5.408,4,0,1465203266
2004,156,China,271019,Combustíveis refinados,446,Macau (RAEM),72143403,4.924,5,0,1465203266
2004,156,China,843143,Partes de máquinas de terraplanagem,736,Sudan (...2011),31805464,12.597,1,0,252488772
2004,156,China,843143,Partes de máquinas de terraplanagem,398,Cazaquistão,30131570,11.934,2,0,252488772
2004,156,China,843143,Partes de máquinas de terraplanagem,842,EUA,28157372,11.152,3,0,252488772
2004,156,China,843143,Partes de máquinas de terraplanagem,862,Venezuela,14967534,5.928,4,0,252488772
2004,156,China,843143,Partes de máquinas de terraplanagem,124,Canadá,13827718,5.477,5,0,252488772
2004,156,China,843143,Partes de máquinas de terraplanagem,24,Angola,4810,0.002,98,1,252488772
2004,156,China,890520,Plataformas e dragas,12,Argélia,6160000,70.538,1,0,8732864
2004,156,China,890520,Plataformas e dragas,566,Nigéria,1283800,14.701,2,0,8732864
2004,156,China,890520,Plataformas e dragas,702,Singapura,923944,10.58,3,0,8732864
2004,156,China,890520,Plataformas e dragas,682,Arábia Saudita,286518,3.281,4,0,8732864
2004,156,China,890520,Plataformas e dragas,496,Mongolia,63002,0.721,5,0,8732864
2004,156,China,999999,Mercadorias não especificadas,392,Japão,292416852,26.386,1,0,1108228168
2004,156,China,999999,Mercadorias não especificadas,586,Paquistão,236158885,21.31,2,0,1108228168
2004,156,China,999999,Mercadorias não especificadas,736,Sudan (...2011),85984070,7.759,3,0,1108228168
2004,156,China,999999,Mercadorias não especificadas,364,Irão,78313152,7.067,4,0,1108228168
2004,156,China,999999,Mercadorias não especificadas,344,Hong Kong (RAEHK),69347267,6.257,5,0,1108228168
2004,156,China,999999,Mercadorias não especificadas,24,Angola,239224,0.022,52,1,1108228168
2004,620,Portugal,020714,Carne de aves,724,Espanha,188389,47.303,1,0,398261
2004,620,Portugal,020714,Carne de aves,24,Angola,113535,28.508,2,1,398261
2004,620,Portugal,020714,Carne de aves,132,Cabo Verde,39455,9.907,3,0,398261
2004,620,Portugal,020714,Carne de aves,380,Itália,21692,5.447,4,0,398261
2004,620,Portugal,020714,Carne de aves,624,Guiné-Bissau,14905,3.743,5,0,398261
2004,620,Portugal,020714,Carne de aves,837,Bunkers,9172,2.303,6,0,398261
2004,620,Portugal,110100,Farinha de trigo,724,Espanha,4459321,73.571,1,0,6061284
2004,620,Portugal,110100,Farinha de trigo,678,São Tomé e Príncipe,688794,11.364,2,0,6061284
2004,620,Portugal,110100,Farinha de trigo,24,Angola,529640,8.738,3,1,6061284
2004,620,Portugal,110100,Farinha de trigo,624,Guiné-Bissau,246199,4.062,4,0,6061284
2004,620,Portugal,110100,Farinha de trigo,842,EUA,36510,0.602,5,0,6061284
2004,620,Portugal,110100,Farinha de trigo,132,Cabo Verde,18648,0.308,6,0,6061284
2004,620,Portugal,271011,Combustíveis refinados,842,EUA,217824161,50.474,1,0,431553874
2004,620,Portugal,271011,Combustíveis refinados,528,Países Baixos,80439258,18.639,2,0,431553874
2004,620,Portugal,271011,Combustíveis refinados,837,Bunkers,46455718,10.765,3,0,431553874
2004,620,Portugal,271011,Combustíveis refinados,826,Reino Unido,24368456,5.647,4,0,431553874
2004,620,Portugal,271011,Combustíveis refinados,899,"Areas, nes",21181519,4.908,5,0,431553874
2004,620,Portugal,271011,Combustíveis refinados,24,Angola,124283,0.029,12,1,431553874
2004,620,Portugal,271019,Combustíveis refinados,837,Bunkers,163936302,43.474,1,0,377087814
2004,620,Portugal,271019,Combustíveis refinados,899,"Areas, nes",34335262,9.105,2,0,377087814
2004,620,Portugal,271019,Combustíveis refinados,842,EUA,31324740,8.307,3,0,377087814
2004,620,Portugal,271019,Combustíveis refinados,724,Espanha,30793029,8.166,4,0,377087814
2004,620,Portugal,271019,Combustíveis refinados,826,Reino Unido,30539908,8.099,5,0,377087814
2004,620,Portugal,271019,Combustíveis refinados,24,Angola,5178093,1.373,10,1,377087814
2004,620,Portugal,843143,Partes de máquinas de terraplanagem,24,Angola,226435,27.063,1,1,836681
2004,620,Portugal,843143,Partes de máquinas de terraplanagem,724,Espanha,174999,20.916,2,0,836681
2004,620,Portugal,843143,Partes de máquinas de terraplanagem,56,Bélgica,128321,15.337,3,0,836681
2004,620,Portugal,843143,Partes de máquinas de terraplanagem,132,Cabo Verde,120280,14.376,4,0,836681
2004,620,Portugal,843143,Partes de máquinas de terraplanagem,251,França,97882,11.699,5,0,836681
2004,620,Portugal,843143,Partes de máquinas de terraplanagem,682,Arábia Saudita,29811,3.563,6,0,836681
2004,620,Portugal,999999,Mercadorias não especificadas,899,"Areas, nes",7621391944,98.67,1,0,7724102549
2004,620,Portugal,999999,Mercadorias não especificadas,837,Bunkers,13594144,0.176,2,0,7724102549
2004,620,Portugal,999999,Mercadorias não especificadas,792,Turquia,12812083,0.166,3,0,7724102549
2004,620,Portugal,999999,Mercadorias não especificadas,504,Marrocos,11566759,0.15,4,0,7724102549
2004,620,Portugal,999999,Mercadorias não especificadas,76,Brasil,11444183,0.148,5,0,7724102549
2004,620,Portugal,999999,Mercadorias não especificadas,24,Angola,6110386,0.079,9,1,7724102549
2004,710,África do Sul,020714,Carne de aves,784,Emirados Árabes Unidos,1547541,37.149,1,0,4165739
2004,710,África do Sul,020714,Carne de aves,508,Moçambique,586469,14.078,2,0,4165739
2004,710,África do Sul,020714,Carne de aves,156,China,563848,13.535,3,0,4165739
2004,710,África do Sul,020714,Carne de aves,414,Kuwait,357225,8.575,4,0,4165739
2004,710,África do Sul,020714,Carne de aves,716,Zimbabué,201592,4.839,5,0,4165739
2004,710,África do Sul,020714,Carne de aves,24,Angola,159865,3.838,6,1,4165739
2004,710,África do Sul,110100,Farinha de trigo,716,Zimbabué,4529289,48.547,1,0,9329643
2004,710,África do Sul,110100,Farinha de trigo,180,RD Congo,2511691,26.922,2,0,9329643
2004,710,África do Sul,110100,Farinha de trigo,454,Malawi,1033582,11.078,3,0,9329643
2004,710,África do Sul,110100,Farinha de trigo,894,Zâmbia,848149,9.091,4,0,9329643
2004,710,África do Sul,110100,Farinha de trigo,508,Moçambique,206986,2.219,5,0,9329643
2004,710,África do Sul,110100,Farinha de trigo,24,Angola,31869,0.342,7,1,9329643
2004,710,África do Sul,271011,Combustíveis refinados,837,Bunkers,224425577,21.489,1,0,1044381492
2004,710,África do Sul,271011,Combustíveis refinados,716,Zimbabué,193372995,18.516,2,0,1044381492
2004,710,África do Sul,271011,Combustíveis refinados,508,Moçambique,160638563,15.381,3,0,1044381492
2004,710,África do Sul,271011,Combustíveis refinados,702,Singapura,98107620,9.394,4,0,1044381492
2004,710,África do Sul,271011,Combustíveis refinados,899,"Areas, nes",48846949,4.677,5,0,1044381492
2004,710,África do Sul,271011,Combustíveis refinados,24,Angola,6487010,0.621,21,1,1044381492
2004,710,África do Sul,271019,Combustíveis refinados,686,Senegal,841367,17.313,1,0,4859612
2004,710,África do Sul,271019,Combustíveis refinados,380,Itália,794295,16.345,2,0,4859612
2004,710,África do Sul,271019,Combustíveis refinados,716,Zimbabué,785580,16.165,3,0,4859612
2004,710,África do Sul,271019,Combustíveis refinados,404,Quénia,341599,7.029,4,0,4859612
2004,710,África do Sul,271019,Combustíveis refinados,508,Moçambique,321920,6.624,5,0,4859612
2004,710,África do Sul,271019,Combustíveis refinados,24,Angola,20875,0.43,23,1,4859612
2004,710,África do Sul,843143,Partes de máquinas de terraplanagem,894,Zâmbia,1192988,17.093,1,0,6979210
2004,710,África do Sul,843143,Partes de máquinas de terraplanagem,716,Zimbabué,570937,8.181,2,0,6979210
2004,710,África do Sul,843143,Partes de máquinas de terraplanagem,566,Nigéria,489271,7.01,3,0,6979210
2004,710,África do Sul,843143,Partes de máquinas de terraplanagem,694,Sierra Leone,481562,6.9,4,0,6979210
2004,710,África do Sul,843143,Partes de máquinas de terraplanagem,834,Tanzânia,475837,6.818,5,0,6979210
2004,710,África do Sul,843143,Partes de máquinas de terraplanagem,24,Angola,223797,3.207,12,1,6979210
2004,710,África do Sul,890520,Plataformas e dragas,800,Uganda,6970,72.483,1,0,9616
2004,710,África do Sul,890520,Plataformas e dragas,508,Moçambique,1489,15.485,2,0,9616
2004,710,África do Sul,890520,Plataformas e dragas,36,Austrália,1132,11.772,3,0,9616
2004,710,África do Sul,890520,Plataformas e dragas,414,Kuwait,25,0.26,4,0,9616
2004,710,África do Sul,999999,Mercadorias não especificadas,156,China,4517022,26.392,1,0,17115169
2004,710,África do Sul,999999,Mercadorias não especificadas,380,Itália,2900350,16.946,2,0,17115169
2004,710,África do Sul,999999,Mercadorias não especificadas,392,Japão,2074361,12.12,3,0,17115169
2004,710,África do Sul,999999,Mercadorias não especificadas,490,Taiwan (Prov. China),1947981,11.382,4,0,17115169
2004,710,África do Sul,999999,Mercadorias não especificadas,276,Alemanha,1208691,7.062,5,0,17115169
2004,710,África do Sul,999999,Mercadorias não especificadas,24,Angola,19947,0.117,20,1,17115169
2004,842,EUA,020714,Carne de aves,643,Rússia,489081952,33.03,1,0,1480726595
2004,842,EUA,020714,Carne de aves,344,Hong Kong (RAEHK),124374036,8.4,2,0,1480726595
2004,842,EUA,020714,Carne de aves,804,Ucrânia,85581609,5.78,3,0,1480726595
2004,842,EUA,020714,Carne de aves,792,Turquia,65789084,4.443,4,0,1480726595
2004,842,EUA,020714,Carne de aves,484,México,64429276,4.351,5,0,1480726595
2004,842,EUA,020714,Carne de aves,24,Angola,28410226,1.919,14,1,1480726595
2004,842,EUA,110100,Farinha de trigo,124,Canadá,11764631,17.632,1,0,66721412
2004,842,EUA,110100,Farinha de trigo,332,Haiti,8982917,13.463,2,0,66721412
2004,842,EUA,110100,Farinha de trigo,484,México,7851424,11.767,3,0,66721412
2004,842,EUA,110100,Farinha de trigo,762,Tajikistan,5933296,8.893,4,0,66721412
2004,842,EUA,110100,Farinha de trigo,68,Bolívia,4378166,6.562,5,0,66721412
2004,842,EUA,110100,Farinha de trigo,24,Angola,24735,0.037,51,1,66721412
2004,842,EUA,271011,Combustíveis refinados,484,México,2118861329,60.406,1,0,3507700627
2004,842,EUA,271011,Combustíveis refinados,124,Canadá,202898225,5.784,2,0,3507700627
2004,842,EUA,271011,Combustíveis refinados,392,Japão,180381885,5.142,3,0,3507700627
2004,842,EUA,271011,Combustíveis refinados,152,Chile,163821091,4.67,4,0,3507700627
2004,842,EUA,271011,Combustíveis refinados,340,Honduras,113607136,3.239,5,0,3507700627
2004,842,EUA,271019,Combustíveis refinados,124,Canadá,1158464502,18.028,1,0,6425953841
2004,842,EUA,271019,Combustíveis refinados,702,Singapura,655931937,10.208,2,0,6425953841
2004,842,EUA,271019,Combustíveis refinados,484,México,492414878,7.663,3,0,6425953841
2004,842,EUA,271019,Combustíveis refinados,528,Países Baixos,391108015,6.086,4,0,6425953841
2004,842,EUA,271019,Combustíveis refinados,591,Panamá,374384534,5.826,5,0,6425953841
2004,842,EUA,271019,Combustíveis refinados,24,Angola,962863,0.015,73,1,6425953841
2004,842,EUA,843143,Partes de máquinas de terraplanagem,702,Singapura,318344900,6.895,1,0,4616972252
2004,842,EUA,843143,Partes de máquinas de terraplanagem,24,Angola,312135629,6.761,2,1,4616972252
2004,842,EUA,843143,Partes de máquinas de terraplanagem,862,Venezuela,291690836,6.318,3,0,4616972252
2004,842,EUA,843143,Partes de máquinas de terraplanagem,784,Emirados Árabes Unidos,250536064,5.426,4,0,4616972252
2004,842,EUA,843143,Partes de máquinas de terraplanagem,76,Brasil,236994761,5.133,5,0,4616972252
2004,842,EUA,843143,Partes de máquinas de terraplanagem,826,Reino Unido,236350340,5.119,6,0,4616972252
2004,842,EUA,890520,Plataformas e dragas,76,Brasil,250000000,98.468,1,0,253889399
2004,842,EUA,890520,Plataformas e dragas,152,Chile,2000000,0.788,2,0,253889399
2004,842,EUA,890520,Plataformas e dragas,702,Singapura,1889399,0.744,3,0,253889399
2004,842,EUA,999999,Mercadorias não especificadas,124,Canadá,8298092612,11.515,1,0,72064815226
2004,842,EUA,999999,Mercadorias não especificadas,251,França,6701947523,9.3,2,0,72064815226
2004,842,EUA,999999,Mercadorias não especificadas,392,Japão,5806193090,8.057,3,0,72064815226
2004,842,EUA,999999,Mercadorias não especificadas,826,Reino Unido,5491807103,7.621,4,0,72064815226
2004,842,EUA,999999,Mercadorias não especificadas,484,México,5100740085,7.078,5,0,72064815226
2004,842,EUA,999999,Mercadorias não especificadas,24,Angola,23072984,0.032,91,1,72064815226
2005,76,Brasil,020714,Carne de aves,392,Japão,680342390,30.576,1,0,2225056727
2005,76,Brasil,020714,Carne de aves,528,Países Baixos,215998024,9.708,2,0,2225056727
2005,76,Brasil,020714,Carne de aves,643,Rússia,172124736,7.736,3,0,2225056727
2005,76,Brasil,020714,Carne de aves,344,Hong Kong (RAEHK),139261102,6.259,4,0,2225056727
2005,76,Brasil,020714,Carne de aves,276,Alemanha,118002293,5.303,5,0,2225056727
2005,76,Brasil,020714,Carne de aves,24,Angola,4226850,0.19,40,1,2225056727
2005,76,Brasil,110100,Farinha de trigo,68,Bolívia,588167,55.088,1,0,1067677
2005,76,Brasil,110100,Farinha de trigo,24,Angola,233037,21.827,2,1,1067677
2005,76,Brasil,110100,Farinha de trigo,600,Paraguai,170586,15.977,3,0,1067677
2005,76,Brasil,110100,Farinha de trigo,710,África do Sul,29596,2.772,4,0,1067677
2005,76,Brasil,110100,Farinha de trigo,842,EUA,14785,1.385,5,0,1067677
2005,76,Brasil,110100,Farinha de trigo,222,El Salvador,14000,1.311,6,0,1067677
2005,76,Brasil,271011,Combustíveis refinados,842,EUA,413285406,37.876,1,0,1091153478
2005,76,Brasil,271011,Combustíveis refinados,566,Nigéria,285296214,26.146,2,0,1091153478
2005,76,Brasil,271011,Combustíveis refinados,188,Costa Rica,94479816,8.659,3,0,1091153478
2005,76,Brasil,271011,Combustíveis refinados,320,Guatemala,85624144,7.847,4,0,1091153478
2005,76,Brasil,271011,Combustíveis refinados,404,Quénia,47237431,4.329,5,0,1091153478
2005,76,Brasil,271011,Combustíveis refinados,24,Angola,2757,0.0,26,1,1091153478
2005,76,Brasil,271019,Combustíveis refinados,44,Bahamas,813156569,47.677,1,0,1705541926
2005,76,Brasil,271019,Combustíveis refinados,702,Singapura,305020921,17.884,2,0,1705541926
2005,76,Brasil,271019,Combustíveis refinados,32,Argentina,167931904,9.846,3,0,1705541926
2005,76,Brasil,271019,Combustíveis refinados,842,EUA,128036575,7.507,4,0,1705541926
2005,76,Brasil,271019,Combustíveis refinados,196,Chipre,90699208,5.318,5,0,1705541926
2005,76,Brasil,271019,Combustíveis refinados,24,Angola,277371,0.016,19,1,1705541926
2005,76,Brasil,843143,Partes de máquinas de terraplanagem,842,EUA,2036000,41.194,1,0,4942417
2005,76,Brasil,843143,Partes de máquinas de terraplanagem,826,Reino Unido,608586,12.314,2,0,4942417
2005,76,Brasil,843143,Partes de máquinas de terraplanagem,32,Argentina,313427,6.342,3,0,4942417
2005,76,Brasil,843143,Partes de máquinas de terraplanagem,862,Venezuela,276500,5.594,4,0,4942417
2005,76,Brasil,843143,Partes de máquinas de terraplanagem,579,Noruega,244937,4.956,5,0,4942417
2005,76,Brasil,843143,Partes de máquinas de terraplanagem,24,Angola,63153,1.278,15,1,4942417
2005,76,Brasil,999999,Mercadorias não especificadas,837,Bunkers,2058998307,94.363,1,0,2182006334
2005,76,Brasil,999999,Mercadorias não especificadas,842,EUA,28605383,1.311,2,0,2182006334
2005,76,Brasil,999999,Mercadorias não especificadas,276,Alemanha,8902175,0.408,3,0,2182006334
2005,76,Brasil,999999,Mercadorias não especificadas,251,França,8633482,0.396,4,0,2182006334
2005,76,Brasil,999999,Mercadorias não especificadas,826,Reino Unido,6301862,0.289,5,0,2182006334
2005,76,Brasil,999999,Mercadorias não especificadas,24,Angola,218597,0.01,48,1,2182006334
2005,156,China,020714,Carne de aves,344,Hong Kong (RAEHK),46300951,45.322,1,0,102160055
2005,156,China,020714,Carne de aves,498,Rep. of Moldova,10395094,10.175,2,0,102160055
2005,156,China,020714,Carne de aves,8,Albania,5947914,5.822,3,0,102160055
2005,156,China,020714,Carne de aves,408,Coreia do Norte,5885717,5.761,4,0,102160055
2005,156,China,020714,Carne de aves,48,Barém,4811892,4.71,5,0,102160055
2005,156,China,020714,Carne de aves,24,Angola,94662,0.093,29,1,102160055
2005,156,China,110100,Farinha de trigo,344,Hong Kong (RAEHK),31915045,37.255,1,0,85666768
2005,156,China,110100,Farinha de trigo,408,Coreia do Norte,23339270,27.244,2,0,85666768
2005,156,China,110100,Farinha de trigo,360,Indonésia,12560056,14.662,3,0,85666768
2005,156,China,110100,Farinha de trigo,764,Tailândia,4330411,5.055,4,0,85666768
2005,156,China,110100,Farinha de trigo,608,Filipinas,3552985,4.147,5,0,85666768
2005,156,China,110100,Farinha de trigo,24,Angola,50917,0.059,16,1,85666768
2005,156,China,271011,Combustíveis refinados,360,Indonésia,974418706,27.912,1,0,3490979558
2005,156,China,271011,Combustíveis refinados,702,Singapura,830306540,23.784,2,0,3490979558
2005,156,China,271011,Combustíveis refinados,392,Japão,498521436,14.28,3,0,3490979558
2005,156,China,271011,Combustíveis refinados,704,Vietname,480233551,13.756,4,0,3490979558
2005,156,China,271011,Combustíveis refinados,410,Coreia do Sul,329948941,9.451,5,0,3490979558
2005,156,China,271019,Combustíveis refinados,344,Hong Kong (RAEHK),554166556,18.978,1,0,2920099213
2005,156,China,271019,Combustíveis refinados,591,Panamá,421517033,14.435,2,0,2920099213
2005,156,China,271019,Combustíveis refinados,704,Vietname,389960851,13.354,3,0,2920099213
2005,156,China,271019,Combustíveis refinados,842,EUA,219971367,7.533,4,0,2920099213
2005,156,China,271019,Combustíveis refinados,702,Singapura,166676006,5.708,5,0,2920099213
2005,156,China,843143,Partes de máquinas de terraplanagem,842,EUA,54646995,15.193,1,0,359677927
2005,156,China,843143,Partes de máquinas de terraplanagem,398,Cazaquistão,47631438,13.243,2,0,359677927
2005,156,China,843143,Partes de máquinas de terraplanagem,736,Sudan (...2011),33372560,9.278,3,0,359677927
2005,156,China,843143,Partes de máquinas de terraplanagem,360,Indonésia,24248729,6.742,4,0,359677927
2005,156,China,843143,Partes de máquinas de terraplanagem,124,Canadá,21198195,5.894,5,0,359677927
2005,156,China,843143,Partes de máquinas de terraplanagem,24,Angola,19455,0.005,100,1,359677927
2005,156,China,890520,Plataformas e dragas,104,Myanmar,26958938,67.49,1,0,39945310
2005,156,China,890520,Plataformas e dragas,360,Indonésia,9593712,24.017,2,0,39945310
2005,156,China,890520,Plataformas e dragas,410,Coreia do Sul,1816160,4.547,3,0,39945310
2005,156,China,890520,Plataformas e dragas,344,Hong Kong (RAEHK),1473352,3.688,4,0,39945310
2005,156,China,890520,Plataformas e dragas,266,Gabão,55447,0.139,5,0,39945310
2005,156,China,999999,Mercadorias não especificadas,392,Japão,429502747,26.766,1,0,1604676010
2005,156,China,999999,Mercadorias não especificadas,586,Paquistão,200268759,12.48,2,0,1604676010
2005,156,China,999999,Mercadorias não especificadas,736,Sudan (...2011),125882137,7.845,3,0,1604676010
2005,156,China,999999,Mercadorias não especificadas,344,Hong Kong (RAEHK),107916416,6.725,4,0,1604676010
2005,156,China,999999,Mercadorias não especificadas,842,EUA,88230820,5.498,5,0,1604676010
2005,620,Portugal,020714,Carne de aves,724,Espanha,234694,37.736,1,0,621936
2005,620,Portugal,020714,Carne de aves,132,Cabo Verde,103525,16.646,2,0,621936
2005,620,Portugal,020714,Carne de aves,380,Itália,63457,10.203,3,0,621936
2005,620,Portugal,020714,Carne de aves,384,Costa do Marfim,47466,7.632,4,0,621936
2005,620,Portugal,020714,Carne de aves,24,Angola,43315,6.965,5,1,621936
2005,620,Portugal,020714,Carne de aves,251,França,38446,6.182,6,0,621936
2005,620,Portugal,110100,Farinha de trigo,724,Espanha,5141632,78.673,1,0,6535408
2005,620,Portugal,110100,Farinha de trigo,678,São Tomé e Príncipe,638148,9.764,2,0,6535408
2005,620,Portugal,110100,Farinha de trigo,24,Angola,587489,8.989,3,1,6535408
2005,620,Portugal,110100,Farinha de trigo,842,EUA,41855,0.64,4,0,6535408
2005,620,Portugal,110100,Farinha de trigo,442,Luxemburgo,18827,0.288,5,0,6535408
2005,620,Portugal,110100,Farinha de trigo,826,Reino Unido,17180,0.263,6,0,6535408
2005,620,Portugal,271011,Combustíveis refinados,842,EUA,247700636,55.697,1,0,444728059
2005,620,Portugal,271011,Combustíveis refinados,724,Espanha,51819895,11.652,2,0,444728059
2005,620,Portugal,271011,Combustíveis refinados,528,Países Baixos,42470559,9.55,3,0,444728059
2005,620,Portugal,271011,Combustíveis refinados,784,Emirados Árabes Unidos,16547493,3.721,4,0,444728059
2005,620,Portugal,271011,Combustíveis refinados,899,"Areas, nes",14568647,3.276,5,0,444728059
2005,620,Portugal,271011,Combustíveis refinados,24,Angola,542428,0.122,16,1,444728059
2005,620,Portugal,271019,Combustíveis refinados,837,Bunkers,171630603,21.749,1,0,789151859
2005,620,Portugal,271019,Combustíveis refinados,899,"Areas, nes",164431844,20.837,2,0,789151859
2005,620,Portugal,271019,Combustíveis refinados,724,Espanha,121525217,15.399,3,0,789151859
2005,620,Portugal,271019,Combustíveis refinados,826,Reino Unido,110172542,13.961,4,0,789151859
2005,620,Portugal,271019,Combustíveis refinados,528,Países Baixos,81163897,10.285,5,0,789151859
2005,620,Portugal,271019,Combustíveis refinados,24,Angola,10142062,1.285,11,1,789151859
2005,620,Portugal,843143,Partes de máquinas de terraplanagem,24,Angola,262478,23.571,1,1,1113576
2005,620,Portugal,843143,Partes de máquinas de terraplanagem,724,Espanha,219089,19.674,2,0,1113576
2005,620,Portugal,843143,Partes de máquinas de terraplanagem,124,Canadá,172683,15.507,3,0,1113576
2005,620,Portugal,843143,Partes de máquinas de terraplanagem,352,Islândia,133398,11.979,4,0,1113576
2005,620,Portugal,843143,Partes de máquinas de terraplanagem,251,França,119732,10.752,5,0,1113576
2005,620,Portugal,843143,Partes de máquinas de terraplanagem,56,Bélgica,116612,10.472,6,0,1113576
2005,620,Portugal,890520,Plataformas e dragas,842,EUA,574102,95.929,1,0,598466
2005,620,Portugal,890520,Plataformas e dragas,528,Países Baixos,24364,4.071,2,0,598466
2005,620,Portugal,999999,Mercadorias não especificadas,568,"Other Europe, nes",310080260,36.54,1,0,848602808
2005,620,Portugal,999999,Mercadorias não especificadas,276,Alemanha,114035326,13.438,2,0,848602808
2005,620,Portugal,999999,Mercadorias não especificadas,724,Espanha,99309331,11.703,3,0,848602808
2005,620,Portugal,999999,Mercadorias não especificadas,528,Países Baixos,81775355,9.636,4,0,848602808
2005,620,Portugal,999999,Mercadorias não especificadas,839,Special Categories,72242237,8.513,5,0,848602808
2005,620,Portugal,999999,Mercadorias não especificadas,24,Angola,10190825,1.201,10,1,848602808
2005,710,África do Sul,020714,Carne de aves,508,Moçambique,436147,31.21,1,0,1397446
2005,710,África do Sul,020714,Carne de aves,716,Zimbabué,209819,15.014,2,0,1397446
2005,710,África do Sul,020714,Carne de aves,288,Gana,189349,13.55,3,0,1397446
2005,710,África do Sul,020714,Carne de aves,24,Angola,185623,13.283,4,1,1397446
2005,710,África do Sul,020714,Carne de aves,837,Bunkers,131536,9.413,5,0,1397446
2005,710,África do Sul,020714,Carne de aves,480,Maurícias,77691,5.559,6,0,1397446
2005,710,África do Sul,110100,Farinha de trigo,180,RD Congo,2111496,40.023,1,0,5275714
2005,710,África do Sul,110100,Farinha de trigo,454,Malawi,1705276,32.323,2,0,5275714
2005,710,África do Sul,110100,Farinha de trigo,716,Zimbabué,495657,9.395,3,0,5275714
2005,710,África do Sul,110100,Farinha de trigo,894,Zâmbia,473958,8.984,4,0,5275714
2005,710,África do Sul,110100,Farinha de trigo,508,Moçambique,166591,3.158,5,0,5275714
2005,710,África do Sul,110100,Farinha de trigo,24,Angola,92825,1.759,6,1,5275714
2005,710,África do Sul,271011,Combustíveis refinados,508,Moçambique,316456692,22.728,1,0,1392374510
2005,710,África do Sul,271011,Combustíveis refinados,837,Bunkers,239649117,17.212,2,0,1392374510
2005,710,África do Sul,271011,Combustíveis refinados,716,Zimbabué,159153856,11.43,3,0,1392374510
2005,710,África do Sul,271011,Combustíveis refinados,899,"Areas, nes",125669897,9.026,4,0,1392374510
2005,710,África do Sul,271011,Combustíveis refinados,702,Singapura,101927743,7.32,5,0,1392374510
2005,710,África do Sul,271011,Combustíveis refinados,24,Angola,5458116,0.392,20,1,1392374510
2005,710,África do Sul,271019,Combustíveis refinados,826,Reino Unido,5130929,28.726,1,0,17861762
2005,710,África do Sul,271019,Combustíveis refinados,566,Nigéria,2056109,11.511,2,0,17861762
2005,710,África do Sul,271019,Combustíveis refinados,699,Índia,1705657,9.549,3,0,17861762
2005,710,África do Sul,271019,Combustíveis refinados,36,Austrália,1693116,9.479,4,0,17861762
2005,710,África do Sul,271019,Combustíveis refinados,24,Angola,1086855,6.085,5,1,17861762
2005,710,África do Sul,271019,Combustíveis refinados,716,Zimbabué,985242,5.516,6,0,17861762
2005,710,África do Sul,843143,Partes de máquinas de terraplanagem,894,Zâmbia,1822433,14.176,1,0,12855573
2005,710,África do Sul,843143,Partes de máquinas de terraplanagem,180,RD Congo,1669611,12.987,2,0,12855573
2005,710,África do Sul,843143,Partes de máquinas de terraplanagem,834,Tanzânia,1596263,12.417,3,0,12855573
2005,710,África do Sul,843143,Partes de máquinas de terraplanagem,36,Austrália,893645,6.951,4,0,12855573
2005,710,África do Sul,843143,Partes de máquinas de terraplanagem,124,Canadá,792189,6.162,5,0,12855573
2005,710,África do Sul,843143,Partes de máquinas de terraplanagem,24,Angola,494458,3.846,8,1,12855573
2005,710,África do Sul,890520,Plataformas e dragas,24,Angola,99743,85.761,1,1,116303
2005,710,África do Sul,890520,Plataformas e dragas,36,Austrália,9424,8.103,2,0,116303
2005,710,África do Sul,890520,Plataformas e dragas,178,Congo,7068,6.077,3,0,116303
2005,710,África do Sul,890520,Plataformas e dragas,837,Bunkers,68,0.058,4,0,116303
2005,710,África do Sul,999999,Mercadorias não especificadas,156,China,2580710,21.885,1,0,11791915
2005,710,África do Sul,999999,Mercadorias não especificadas,490,Taiwan (Prov. China),2173218,18.43,2,0,11791915
2005,710,África do Sul,999999,Mercadorias não especificadas,276,Alemanha,2147909,18.215,3,0,11791915
2005,710,África do Sul,999999,Mercadorias não especificadas,380,Itália,1936055,16.418,4,0,11791915
2005,710,África do Sul,999999,Mercadorias não especificadas,392,Japão,972719,8.249,5,0,11791915
2005,710,África do Sul,999999,Mercadorias não especificadas,24,Angola,8767,0.074,23,1,11791915
2005,842,EUA,020714,Carne de aves,643,Rússia,653560154,35.104,1,0,1861765297
2005,842,EUA,020714,Carne de aves,156,China,123035946,6.609,2,0,1861765297
2005,842,EUA,020714,Carne de aves,344,Hong Kong (RAEHK),93267406,5.01,3,0,1861765297
2005,842,EUA,020714,Carne de aves,484,México,87536075,4.702,4,0,1861765297
2005,842,EUA,020714,Carne de aves,792,Turquia,80861381,4.343,5,0,1861765297
2005,842,EUA,020714,Carne de aves,24,Angola,46780551,2.513,11,1,1861765297
2005,842,EUA,110100,Farinha de trigo,124,Canadá,15462735,30.03,1,0,51491806
2005,842,EUA,110100,Farinha de trigo,484,México,8709466,16.914,2,0,51491806
2005,842,EUA,110100,Farinha de trigo,762,Tajikistan,4242490,8.239,3,0,51491806
2005,842,EUA,110100,Farinha de trigo,68,Bolívia,3893648,7.562,4,0,51491806
2005,842,EUA,110100,Farinha de trigo,332,Haiti,2726199,5.294,5,0,51491806
2005,842,EUA,271011,Combustíveis refinados,484,México,3286412238,64.963,1,0,5058905791
2005,842,EUA,271011,Combustíveis refinados,124,Canadá,355534352,7.028,2,0,5058905791
2005,842,EUA,271011,Combustíveis refinados,152,Chile,296102144,5.853,3,0,5058905791
2005,842,EUA,271011,Combustíveis refinados,340,Honduras,116600837,2.305,4,0,5058905791
2005,842,EUA,271011,Combustíveis refinados,376,Israel,111121515,2.197,5,0,5058905791
2005,842,EUA,271011,Combustíveis refinados,24,Angola,32431,0.001,87,1,5058905791
2005,842,EUA,271019,Combustíveis refinados,124,Canadá,1669760843,17.071,1,0,9781065533
2005,842,EUA,271019,Combustíveis refinados,484,México,1294256751,13.232,2,0,9781065533
2005,842,EUA,271019,Combustíveis refinados,702,Singapura,616064720,6.299,3,0,9781065533
2005,842,EUA,271019,Combustíveis refinados,152,Chile,568229551,5.809,4,0,9781065533
2005,842,EUA,271019,Combustíveis refinados,591,Panamá,532460986,5.444,5,0,9781065533
2005,842,EUA,271019,Combustíveis refinados,24,Angola,513252,0.005,85,1,9781065533
2005,842,EUA,843143,Partes de máquinas de terraplanagem,24,Angola,374967838,6.476,1,1,5789885437
2005,842,EUA,843143,Partes de máquinas de terraplanagem,702,Singapura,364803090,6.301,2,0,5789885437
2005,842,EUA,843143,Partes de máquinas de terraplanagem,784,Emirados Árabes Unidos,314551591,5.433,3,0,5789885437
2005,842,EUA,843143,Partes de máquinas de terraplanagem,76,Brasil,314188211,5.427,4,0,5789885437
2005,842,EUA,843143,Partes de máquinas de terraplanagem,862,Venezuela,296796803,5.126,5,0,5789885437
2005,842,EUA,843143,Partes de máquinas de terraplanagem,682,Arábia Saudita,282824528,4.885,6,0,5789885437
2005,842,EUA,890520,Plataformas e dragas,170,Colômbia,10000000,39.523,1,0,25301671
2005,842,EUA,890520,Plataformas e dragas,458,Malásia,10000000,39.523,1,0,25301671
2005,842,EUA,890520,Plataformas e dragas,862,Venezuela,5301671,20.954,2,0,25301671
2005,842,EUA,999999,Mercadorias não especificadas,124,Canadá,9619500844,11.411,1,0,84301680285
2005,842,EUA,999999,Mercadorias não especificadas,251,França,6966743830,8.264,2,0,84301680285
2005,842,EUA,999999,Mercadorias não especificadas,392,Japão,6420792190,7.616,3,0,84301680285
2005,842,EUA,999999,Mercadorias não especificadas,826,Reino Unido,6208842944,7.365,4,0,84301680285
2005,842,EUA,999999,Mercadorias não especificadas,484,México,5364074434,6.363,5,0,84301680285
2005,842,EUA,999999,Mercadorias não especificadas,24,Angola,58704999,0.07,79,1,84301680285
2006,76,Brasil,020714,Carne de aves,392,Japão,482531760,24.42,1,0,1975973499
2006,76,Brasil,020714,Carne de aves,344,Hong Kong (RAEHK),245465796,12.423,2,0,1975973499
2006,76,Brasil,020714,Carne de aves,528,Países Baixos,204640260,10.356,3,0,1975973499
2006,76,Brasil,020714,Carne de aves,643,Rússia,149730378,7.578,4,0,1975973499
2006,76,Brasil,020714,Carne de aves,682,Arábia Saudita,102661661,5.195,5,0,1975973499
2006,76,Brasil,020714,Carne de aves,24,Angola,6199567,0.314,25,1,1975973499
2006,76,Brasil,110100,Farinha de trigo,24,Angola,301933,48.923,1,1,617157
2006,76,Brasil,110100,Farinha de trigo,600,Paraguai,242320,39.264,2,0,617157
2006,76,Brasil,110100,Farinha de trigo,842,EUA,63714,10.324,3,0,617157
2006,76,Brasil,110100,Farinha de trigo,826,Reino Unido,7653,1.24,4,0,617157
2006,76,Brasil,110100,Farinha de trigo,380,Itália,1300,0.211,5,0,617157
2006,76,Brasil,110100,Farinha de trigo,392,Japão,124,0.02,6,0,617157
2006,76,Brasil,271011,Combustíveis refinados,566,Nigéria,560619047,45.027,1,0,1245064039
2006,76,Brasil,271011,Combustíveis refinados,842,EUA,250556332,20.124,2,0,1245064039
2006,76,Brasil,271011,Combustíveis refinados,530,Netherlands Antilles (...2010),204678301,16.439,3,0,1245064039
2006,76,Brasil,271011,Combustíveis refinados,320,Guatemala,50484538,4.055,4,0,1245064039
2006,76,Brasil,271011,Combustíveis refinados,484,México,41019629,3.295,5,0,1245064039
2006,76,Brasil,271011,Combustíveis refinados,24,Angola,40857599,3.282,6,1,1245064039
2006,76,Brasil,271019,Combustíveis refinados,44,Bahamas,754468180,31.936,1,0,2362463546
2006,76,Brasil,271019,Combustíveis refinados,702,Singapura,458648136,19.414,2,0,2362463546
2006,76,Brasil,271019,Combustíveis refinados,32,Argentina,366169016,15.499,3,0,2362463546
2006,76,Brasil,271019,Combustíveis refinados,600,Paraguai,191127894,8.09,4,0,2362463546
2006,76,Brasil,271019,Combustíveis refinados,196,Chipre,130728608,5.534,5,0,2362463546
2006,76,Brasil,271019,Combustíveis refinados,24,Angola,225817,0.01,24,1,2362463546
2006,76,Brasil,843143,Partes de máquinas de terraplanagem,842,EUA,1182825,24.673,1,0,4793959
2006,76,Brasil,843143,Partes de máquinas de terraplanagem,826,Reino Unido,737904,15.392,2,0,4793959
2006,76,Brasil,843143,Partes de máquinas de terraplanagem,702,Singapura,462144,9.64,3,0,4793959
2006,76,Brasil,843143,Partes de máquinas de terraplanagem,32,Argentina,462017,9.637,4,0,4793959
2006,76,Brasil,843143,Partes de máquinas de terraplanagem,508,Moçambique,300066,6.259,5,0,4793959
2006,76,Brasil,843143,Partes de máquinas de terraplanagem,24,Angola,228227,4.761,6,1,4793959
2006,76,Brasil,999999,Mercadorias não especificadas,837,Bunkers,2482322747,94.902,1,0,2615677487
2006,76,Brasil,999999,Mercadorias não especificadas,842,EUA,31954945,1.222,2,0,2615677487
2006,76,Brasil,999999,Mercadorias não especificadas,251,França,9713332,0.371,3,0,2615677487
2006,76,Brasil,999999,Mercadorias não especificadas,276,Alemanha,8561565,0.327,4,0,2615677487
2006,76,Brasil,999999,Mercadorias não especificadas,826,Reino Unido,7007888,0.268,5,0,2615677487
2006,76,Brasil,999999,Mercadorias não especificadas,24,Angola,259906,0.01,49,1,2615677487
2006,156,China,020714,Carne de aves,344,Hong Kong (RAEHK),44197002,72.014,1,0,61372640
2006,156,China,020714,Carne de aves,48,Barém,5681212,9.257,2,0,61372640
2006,156,China,020714,Carne de aves,368,Iraque,1869119,3.046,3,0,61372640
2006,156,China,020714,Carne de aves,706,Somalia,1624156,2.646,4,0,61372640
2006,156,China,020714,Carne de aves,404,Quénia,1432412,2.334,5,0,61372640
2006,156,China,110100,Farinha de trigo,344,Hong Kong (RAEHK),30981721,31.929,1,0,97032882
2006,156,China,110100,Farinha de trigo,408,Coreia do Norte,26909167,27.732,2,0,97032882
2006,156,China,110100,Farinha de trigo,608,Filipinas,10486103,10.807,3,0,97032882
2006,156,China,110100,Farinha de trigo,360,Indonésia,9468122,9.758,4,0,97032882
2006,156,China,110100,Farinha de trigo,764,Tailândia,8348090,8.603,5,0,97032882
2006,156,China,110100,Farinha de trigo,24,Angola,28716,0.03,16,1,97032882
2006,156,China,271011,Combustíveis refinados,702,Singapura,970061273,32.634,1,0,2972535572
2006,156,China,271011,Combustíveis refinados,360,Indonésia,556889566,18.734,2,0,2972535572
2006,156,China,271011,Combustíveis refinados,392,Japão,424866871,14.293,3,0,2972535572
2006,156,China,271011,Combustíveis refinados,410,Coreia do Sul,384518416,12.936,4,0,2972535572
2006,156,China,271011,Combustíveis refinados,704,Vietname,381833105,12.845,5,0,2972535572
2006,156,China,271019,Combustíveis refinados,344,Hong Kong (RAEHK),1106253349,27.143,1,0,4075612310
2006,156,China,271019,Combustíveis refinados,591,Panamá,575867689,14.13,2,0,4075612310
2006,156,China,271019,Combustíveis refinados,842,EUA,343461764,8.427,3,0,4075612310
2006,156,China,271019,Combustíveis refinados,704,Vietname,299435095,7.347,4,0,4075612310
2006,156,China,271019,Combustíveis refinados,446,Macau (RAEM),201488061,4.944,5,0,4075612310
2006,156,China,843143,Partes de máquinas de terraplanagem,842,EUA,153128432,21.453,1,0,713795020
2006,156,China,843143,Partes de máquinas de terraplanagem,682,Arábia Saudita,63964886,8.961,2,0,713795020
2006,156,China,843143,Partes de máquinas de terraplanagem,398,Cazaquistão,49963620,7.0,3,0,713795020
2006,156,China,843143,Partes de máquinas de terraplanagem,124,Canadá,46303771,6.487,4,0,713795020
2006,156,China,843143,Partes de máquinas de terraplanagem,736,Sudan (...2011),43334405,6.071,5,0,713795020
2006,156,China,843143,Partes de máquinas de terraplanagem,24,Angola,203040,0.028,79,1,713795020
2006,156,China,890520,Plataformas e dragas,360,Indonésia,51685809,79.151,1,0,65300331
2006,156,China,890520,Plataformas e dragas,36,Austrália,13258585,20.304,2,0,65300331
2006,156,China,890520,Plataformas e dragas,710,África do Sul,177361,0.272,3,0,65300331
2006,156,China,890520,Plataformas e dragas,682,Arábia Saudita,116882,0.179,4,0,65300331
2006,156,China,890520,Plataformas e dragas,608,Filipinas,61694,0.094,5,0,65300331
2006,156,China,999999,Mercadorias não especificadas,392,Japão,518546470,22.429,1,0,2311985322
2006,156,China,999999,Mercadorias não especificadas,586,Paquistão,222491647,9.623,2,0,2311985322
2006,156,China,999999,Mercadorias não especificadas,344,Hong Kong (RAEHK),172332474,7.454,3,0,2311985322
2006,156,China,999999,Mercadorias não especificadas,702,Singapura,168069832,7.27,4,0,2311985322
2006,156,China,999999,Mercadorias não especificadas,364,Irão,159769418,6.91,5,0,2311985322
2006,156,China,999999,Mercadorias não especificadas,24,Angola,306429,0.013,72,1,2311985322
2006,620,Portugal,020714,Carne de aves,132,Cabo Verde,308361,36.294,1,0,849627
2006,620,Portugal,020714,Carne de aves,724,Espanha,152709,17.974,2,0,849627
2006,620,Portugal,020714,Carne de aves,251,França,136513,16.067,3,0,849627
2006,620,Portugal,020714,Carne de aves,24,Angola,119988,14.122,4,1,849627
2006,620,Portugal,020714,Carne de aves,380,Itália,96475,11.355,5,0,849627
2006,620,Portugal,020714,Carne de aves,678,São Tomé e Príncipe,15758,1.855,6,0,849627
2006,620,Portugal,110100,Farinha de trigo,724,Espanha,6758834,68.778,1,0,9827024
2006,620,Portugal,110100,Farinha de trigo,24,Angola,1635816,16.646,2,1,9827024
2006,620,Portugal,110100,Farinha de trigo,678,São Tomé e Príncipe,1097214,11.165,3,0,9827024
2006,620,Portugal,110100,Farinha de trigo,324,Guinea,93397,0.95,4,0,9827024
2006,620,Portugal,110100,Farinha de trigo,842,EUA,52678,0.536,5,0,9827024
2006,620,Portugal,110100,Farinha de trigo,624,Guiné-Bissau,34795,0.354,6,0,9827024
2006,620,Portugal,271011,Combustíveis refinados,842,EUA,736505220,84.097,1,0,875781433
2006,620,Portugal,271011,Combustíveis refinados,484,México,41976085,4.793,2,0,875781433
2006,620,Portugal,271011,Combustíveis refinados,724,Espanha,22017623,2.514,3,0,875781433
2006,620,Portugal,271011,Combustíveis refinados,251,França,17182799,1.962,4,0,875781433
2006,620,Portugal,271011,Combustíveis refinados,528,Países Baixos,16554303,1.89,5,0,875781433
2006,620,Portugal,271011,Combustíveis refinados,24,Angola,86797,0.01,14,1,875781433
2006,620,Portugal,271019,Combustíveis refinados,724,Espanha,277603537,26.527,1,0,1046512283
2006,620,Portugal,271019,Combustíveis refinados,837,Bunkers,242419423,23.165,2,0,1046512283
2006,620,Portugal,271019,Combustíveis refinados,899,"Areas, nes",181274085,17.322,3,0,1046512283
2006,620,Portugal,271019,Combustíveis refinados,528,Países Baixos,88186345,8.427,4,0,1046512283
2006,620,Portugal,271019,Combustíveis refinados,826,Reino Unido,73676315,7.04,5,0,1046512283
2006,620,Portugal,271019,Combustíveis refinados,24,Angola,14789919,1.413,10,1,1046512283
2006,620,Portugal,843143,Partes de máquinas de terraplanagem,24,Angola,348734,29.909,1,1,1165997
2006,620,Portugal,843143,Partes de máquinas de terraplanagem,724,Espanha,319760,27.424,2,0,1165997
2006,620,Portugal,843143,Partes de máquinas de terraplanagem,251,França,99175,8.506,3,0,1165997
2006,620,Portugal,843143,Partes de máquinas de terraplanagem,56,Bélgica,91503,7.848,4,0,1165997
2006,620,Portugal,843143,Partes de máquinas de terraplanagem,591,Panamá,74847,6.419,5,0,1165997
2006,620,Portugal,843143,Partes de máquinas de terraplanagem,276,Alemanha,61100,5.24,6,0,1165997
2006,620,Portugal,999999,Mercadorias não especificadas,568,"Other Europe, nes",330283146,34.776,1,0,949739641
2006,620,Portugal,999999,Mercadorias não especificadas,276,Alemanha,157791365,16.614,2,0,949739641
2006,620,Portugal,999999,Mercadorias não especificadas,839,Special Categories,93668215,9.863,3,0,949739641
2006,620,Portugal,999999,Mercadorias não especificadas,528,Países Baixos,84466359,8.894,4,0,949739641
2006,620,Portugal,999999,Mercadorias não especificadas,724,Espanha,69012308,7.266,5,0,949739641
2006,620,Portugal,999999,Mercadorias não especificadas,24,Angola,6346336,0.668,16,1,949739641
2006,710,África do Sul,020714,Carne de aves,508,Moçambique,479262,33.795,1,0,1418132
2006,710,África do Sul,020714,Carne de aves,566,Nigéria,309646,21.835,2,0,1418132
2006,710,África do Sul,020714,Carne de aves,837,Bunkers,122871,8.664,3,0,1418132
2006,710,África do Sul,020714,Carne de aves,24,Angola,105277,7.424,4,1,1418132
2006,710,África do Sul,020714,Carne de aves,716,Zimbabué,101310,7.144,5,0,1418132
2006,710,África do Sul,020714,Carne de aves,288,Gana,92541,6.526,6,0,1418132
2006,710,África do Sul,110100,Farinha de trigo,180,RD Congo,2068933,46.081,1,0,4489785
2006,710,África do Sul,110100,Farinha de trigo,454,Malawi,1021305,22.747,2,0,4489785
2006,710,África do Sul,110100,Farinha de trigo,716,Zimbabué,780508,17.384,3,0,4489785
2006,710,África do Sul,110100,Farinha de trigo,508,Moçambique,313055,6.973,4,0,4489785
2006,710,África do Sul,110100,Farinha de trigo,24,Angola,161666,3.601,5,1,4489785
2006,710,África do Sul,110100,Farinha de trigo,837,Bunkers,78527,1.749,6,0,4489785
2006,710,África do Sul,271011,Combustíveis refinados,837,Bunkers,212673566,19.228,1,0,1106085368
2006,710,África do Sul,271011,Combustíveis refinados,716,Zimbabué,185616922,16.781,2,0,1106085368
2006,710,África do Sul,271011,Combustíveis refinados,566,Nigéria,134628323,12.172,3,0,1106085368
2006,710,África do Sul,271011,Combustíveis refinados,702,Singapura,117581711,10.63,4,0,1106085368
2006,710,África do Sul,271011,Combustíveis refinados,894,Zâmbia,89409867,8.083,5,0,1106085368
2006,710,África do Sul,271011,Combustíveis refinados,24,Angola,8394080,0.759,17,1,1106085368
2006,710,África do Sul,271019,Combustíveis refinados,702,Singapura,12300583,46.385,1,0,26518413
2006,710,África do Sul,271019,Combustíveis refinados,566,Nigéria,1434709,5.41,2,0,26518413
2006,710,África do Sul,271019,Combustíveis refinados,36,Austrália,1432180,5.401,3,0,26518413
2006,710,África do Sul,271019,Combustíveis refinados,24,Angola,1288329,4.858,4,1,26518413
2006,710,África do Sul,271019,Combustíveis refinados,699,Índia,1278692,4.822,5,0,26518413
2006,710,África do Sul,271019,Combustíveis refinados,458,Malásia,1208171,4.556,6,0,26518413
2006,710,África do Sul,843143,Partes de máquinas de terraplanagem,834,Tanzânia,3464684,15.957,1,0,21713152
2006,710,África do Sul,843143,Partes de máquinas de terraplanagem,180,RD Congo,2764157,12.73,2,0,21713152
2006,710,África do Sul,843143,Partes de máquinas de terraplanagem,752,Suécia,2701087,12.44,3,0,21713152
2006,710,África do Sul,843143,Partes de máquinas de terraplanagem,842,EUA,2203073,10.146,4,0,21713152
2006,710,África do Sul,843143,Partes de máquinas de terraplanagem,894,Zâmbia,2193350,10.101,5,0,21713152
2006,710,África do Sul,843143,Partes de máquinas de terraplanagem,24,Angola,1601378,7.375,6,1,21713152
2006,710,África do Sul,890520,Plataformas e dragas,643,Rússia,115533,96.04,1,0,120297
2006,710,África do Sul,890520,Plataformas e dragas,604,Peru,3244,2.697,2,0,120297
2006,710,África do Sul,890520,Plataformas e dragas,508,Moçambique,983,0.817,3,0,120297
2006,710,África do Sul,890520,Plataformas e dragas,480,Maurícias,537,0.446,4,0,120297
2006,710,África do Sul,999999,Mercadorias não especificadas,899,"Areas, nes",139331715,84.394,1,0,165096834
2006,710,África do Sul,999999,Mercadorias não especificadas,36,Austrália,3869427,2.344,2,0,165096834
2006,710,África do Sul,999999,Mercadorias não especificadas,826,Reino Unido,3700827,2.242,3,0,165096834
2006,710,África do Sul,999999,Mercadorias não especificadas,276,Alemanha,1935914,1.173,4,0,165096834
2006,710,África do Sul,999999,Mercadorias não especificadas,404,Quénia,1757869,1.065,5,0,165096834
2006,710,África do Sul,999999,Mercadorias não especificadas,24,Angola,247767,0.15,22,1,165096834
2006,842,EUA,020714,Carne de aves,643,Rússia,434367515,27.026,1,0,1607203422
2006,842,EUA,020714,Carne de aves,156,China,294093642,18.298,2,0,1607203422
2006,842,EUA,020714,Carne de aves,484,México,78075839,4.858,3,0,1607203422
2006,842,EUA,020714,Carne de aves,344,Hong Kong (RAEHK),62452005,3.886,4,0,1607203422
2006,842,EUA,020714,Carne de aves,792,Turquia,56081565,3.489,5,0,1607203422
2006,842,EUA,020714,Carne de aves,24,Angola,52089137,3.241,6,1,1607203422
2006,842,EUA,110100,Farinha de trigo,124,Canadá,16376787,31.928,1,0,51292645
2006,842,EUA,110100,Farinha de trigo,484,México,10707582,20.875,2,0,51292645
2006,842,EUA,110100,Farinha de trigo,68,Bolívia,5078414,9.901,3,0,51292645
2006,842,EUA,110100,Farinha de trigo,332,Haiti,2080646,4.056,4,0,51292645
2006,842,EUA,110100,Farinha de trigo,275,State of Palestine,1786818,3.484,5,0,51292645
2006,842,EUA,271011,Combustíveis refinados,484,México,3219790471,53.085,1,0,6065302712
2006,842,EUA,271011,Combustíveis refinados,152,Chile,502937533,8.292,2,0,6065302712
2006,842,EUA,271011,Combustíveis refinados,124,Canadá,492141414,8.114,3,0,6065302712
2006,842,EUA,271011,Combustíveis refinados,862,Venezuela,435235046,7.176,4,0,6065302712
2006,842,EUA,271011,Combustíveis refinados,376,Israel,180254840,2.972,5,0,6065302712
2006,842,EUA,271011,Combustíveis refinados,24,Angola,5356,0.0,107,1,6065302712
2006,842,EUA,271019,Combustíveis refinados,124,Canadá,2023180701,12.571,1,0,16094023440
2006,842,EUA,271019,Combustíveis refinados,484,México,1502741341,9.337,2,0,16094023440
2006,842,EUA,271019,Combustíveis refinados,528,Países Baixos,1371043371,8.519,3,0,16094023440
2006,842,EUA,271019,Combustíveis refinados,702,Singapura,1037522033,6.447,4,0,16094023440
2006,842,EUA,271019,Combustíveis refinados,218,Equador,836684134,5.199,5,0,16094023440
2006,842,EUA,271019,Combustíveis refinados,24,Angola,1233248,0.008,89,1,16094023440
2006,842,EUA,843143,Partes de máquinas de terraplanagem,76,Brasil,845862766,11.455,1,0,7384435755
2006,842,EUA,843143,Partes de máquinas de terraplanagem,702,Singapura,522448723,7.075,2,0,7384435755
2006,842,EUA,843143,Partes de máquinas de terraplanagem,24,Angola,391000359,5.295,3,1,7384435755
2006,842,EUA,843143,Partes de máquinas de terraplanagem,784,Emirados Árabes Unidos,384716190,5.21,4,0,7384435755
2006,842,EUA,843143,Partes de máquinas de terraplanagem,682,Arábia Saudita,369127497,4.999,5,0,7384435755
2006,842,EUA,843143,Partes de máquinas de terraplanagem,826,Reino Unido,353303016,4.784,6,0,7384435755
2006,842,EUA,890520,Plataformas e dragas,784,Emirados Árabes Unidos,437893198,84.574,1,0,517761279
2006,842,EUA,890520,Plataformas e dragas,484,México,61413072,11.861,2,0,517761279
2006,842,EUA,890520,Plataformas e dragas,826,Reino Unido,17754949,3.429,3,0,517761279
2006,842,EUA,890520,Plataformas e dragas,702,Singapura,700060,0.135,4,0,517761279
2006,842,EUA,999999,Mercadorias não especificadas,124,Canadá,6051117076,18.633,1,0,32474914049
2006,842,EUA,999999,Mercadorias não especificadas,484,México,4833297366,14.883,2,0,32474914049
2006,842,EUA,999999,Mercadorias não especificadas,826,Reino Unido,1669961655,5.142,3,0,32474914049
2006,842,EUA,999999,Mercadorias não especificadas,392,Japão,1633192219,5.029,4,0,32474914049
2006,842,EUA,999999,Mercadorias não especificadas,276,Alemanha,1236192122,3.807,5,0,32474914049
2006,842,EUA,999999,Mercadorias não especificadas,24,Angola,14171037,0.044,104,1,32474914049
2007,76,Brasil,020714,Carne de aves,392,Japão,570573663,20.573,1,0,2773428554
2007,76,Brasil,020714,Carne de aves,344,Hong Kong (RAEHK),423917330,15.285,2,0,2773428554
2007,76,Brasil,020714,Carne de aves,528,Países Baixos,290003090,10.456,3,0,2773428554
2007,76,Brasil,020714,Carne de aves,643,Rússia,216381885,7.802,4,0,2773428554
2007,76,Brasil,020714,Carne de aves,710,África do Sul,144496241,5.21,5,0,2773428554
2007,76,Brasil,020714,Carne de aves,24,Angola,17637257,0.636,22,1,2773428554
2007,76,Brasil,110100,Farinha de trigo,24,Angola,704256,57.761,1,1,1219259
2007,76,Brasil,110100,Farinha de trigo,600,Paraguai,464542,38.1,2,0,1219259
2007,76,Brasil,110100,Farinha de trigo,842,EUA,44580,3.656,3,0,1219259
2007,76,Brasil,110100,Farinha de trigo,392,Japão,3043,0.25,4,0,1219259
2007,76,Brasil,110100,Farinha de trigo,724,Espanha,1755,0.144,5,0,1219259
2007,76,Brasil,110100,Farinha de trigo,132,Cabo Verde,565,0.046,6,0,1219259
2007,76,Brasil,271011,Combustíveis refinados,566,Nigéria,780395852,41.823,1,0,1865932257
2007,76,Brasil,271011,Combustíveis refinados,530,Netherlands Antilles (...2010),711719352,38.143,2,0,1865932257
2007,76,Brasil,271011,Combustíveis refinados,842,EUA,84845846,4.547,3,0,1865932257
2007,76,Brasil,271011,Combustíveis refinados,288,Gana,75372723,4.039,4,0,1865932257
2007,76,Brasil,271011,Combustíveis refinados,24,Angola,74855791,4.012,5,1,1865932257
2007,76,Brasil,271011,Combustíveis refinados,784,Emirados Árabes Unidos,36702817,1.967,6,0,1865932257
2007,76,Brasil,271019,Combustíveis refinados,32,Argentina,564526547,23.593,1,0,2392760022
2007,76,Brasil,271019,Combustíveis refinados,702,Singapura,395082216,16.512,2,0,2392760022
2007,76,Brasil,271019,Combustíveis refinados,842,EUA,386034241,16.133,3,0,2392760022
2007,76,Brasil,271019,Combustíveis refinados,44,Bahamas,286117502,11.958,4,0,2392760022
2007,76,Brasil,271019,Combustíveis refinados,858,Uruguai,185247951,7.742,5,0,2392760022
2007,76,Brasil,271019,Combustíveis refinados,24,Angola,482419,0.02,20,1,2392760022
2007,76,Brasil,843143,Partes de máquinas de terraplanagem,826,Reino Unido,2557617,41.244,1,0,6201164
2007,76,Brasil,843143,Partes de máquinas de terraplanagem,842,EUA,949999,15.32,2,0,6201164
2007,76,Brasil,843143,Partes de máquinas de terraplanagem,458,Malásia,477627,7.702,3,0,6201164
2007,76,Brasil,843143,Partes de máquinas de terraplanagem,32,Argentina,289150,4.663,4,0,6201164
2007,76,Brasil,843143,Partes de máquinas de terraplanagem,702,Singapura,250541,4.04,5,0,6201164
2007,76,Brasil,843143,Partes de máquinas de terraplanagem,24,Angola,140339,2.263,9,1,6201164
2007,76,Brasil,890520,Plataformas e dragas,702,Singapura,5658308,100.0,1,0,5658308
2007,76,Brasil,999999,Mercadorias não especificadas,837,Bunkers,2846645080,83.514,1,0,3408573866
2007,76,Brasil,999999,Mercadorias não especificadas,862,Venezuela,125005998,3.667,2,0,3408573866
2007,76,Brasil,999999,Mercadorias não especificadas,842,EUA,117491358,3.447,3,0,3408573866
2007,76,Brasil,999999,Mercadorias não especificadas,276,Alemanha,35174475,1.032,4,0,3408573866
2007,76,Brasil,999999,Mercadorias não especificadas,32,Argentina,21335039,0.626,5,0,3408573866
2007,76,Brasil,999999,Mercadorias não especificadas,24,Angola,7209726,0.212,18,1,3408573866
2007,156,China,020714,Carne de aves,344,Hong Kong (RAEHK),71556327,59.276,1,0,120717177
2007,156,China,020714,Carne de aves,458,Malásia,18950096,15.698,2,0,120717177
2007,156,China,020714,Carne de aves,368,Iraque,6374133,5.28,3,0,120717177
2007,156,China,020714,Carne de aves,48,Barém,6228313,5.159,4,0,120717177
2007,156,China,020714,Carne de aves,31,Azerbaijan,3646963,3.021,5,0,120717177
2007,156,China,020714,Carne de aves,24,Angola,60904,0.05,21,1,120717177
2007,156,China,110100,Farinha de trigo,344,Hong Kong (RAEHK),41471106,19.699,1,0,210520221
2007,156,China,110100,Farinha de trigo,408,Coreia do Norte,35270117,16.754,2,0,210520221
2007,156,China,110100,Farinha de trigo,608,Filipinas,34861258,16.56,3,0,210520221
2007,156,China,110100,Farinha de trigo,764,Tailândia,29411887,13.971,4,0,210520221
2007,156,China,110100,Farinha de trigo,360,Indonésia,23473596,11.15,5,0,210520221
2007,156,China,110100,Farinha de trigo,24,Angola,46469,0.022,24,1,210520221
2007,156,China,271011,Combustíveis refinados,702,Singapura,1431816516,36.072,1,0,3969332007
2007,156,China,271011,Combustíveis refinados,360,Indonésia,889381712,22.406,2,0,3969332007
2007,156,China,271011,Combustíveis refinados,392,Japão,588209553,14.819,3,0,3969332007
2007,156,China,271011,Combustíveis refinados,410,Coreia do Sul,513091268,12.926,4,0,3969332007
2007,156,China,271011,Combustíveis refinados,704,Vietname,309002040,7.785,5,0,3969332007
2007,156,China,271019,Combustíveis refinados,344,Hong Kong (RAEHK),1532896686,29.135,1,0,5261395188
2007,156,China,271019,Combustíveis refinados,591,Panamá,934565070,17.763,2,0,5261395188
2007,156,China,271019,Combustíveis refinados,842,EUA,463137293,8.803,3,0,5261395188
2007,156,China,271019,Combustíveis refinados,702,Singapura,277324852,5.271,4,0,5261395188
2007,156,China,271019,Combustíveis refinados,446,Macau (RAEM),229271401,4.358,5,0,5261395188
2007,156,China,271019,Combustíveis refinados,24,Angola,109587,0.002,91,1,5261395188
2007,156,China,843143,Partes de máquinas de terraplanagem,842,EUA,208662570,22.31,1,0,935283013
2007,156,China,843143,Partes de máquinas de terraplanagem,398,Cazaquistão,84853639,9.073,2,0,935283013
2007,156,China,843143,Partes de máquinas de terraplanagem,702,Singapura,55640378,5.949,3,0,935283013
2007,156,China,843143,Partes de máquinas de terraplanagem,682,Arábia Saudita,38039354,4.067,4,0,935283013
2007,156,China,843143,Partes de máquinas de terraplanagem,124,Canadá,37398577,3.999,5,0,935283013
2007,156,China,843143,Partes de máquinas de terraplanagem,24,Angola,621564,0.066,69,1,935283013
2007,156,China,890520,Plataformas e dragas,784,Emirados Árabes Unidos,142322450,82.408,1,0,172704781
2007,156,China,890520,Plataformas e dragas,702,Singapura,29120000,16.861,2,0,172704781
2007,156,China,890520,Plataformas e dragas,682,Arábia Saudita,597727,0.346,3,0,172704781
2007,156,China,890520,Plataformas e dragas,116,Cambodia,535622,0.31,4,0,172704781
2007,156,China,890520,Plataformas e dragas,104,Myanmar,80631,0.047,5,0,172704781
2007,156,China,999999,Mercadorias não especificadas,392,Japão,685013777,31.469,1,0,2176808973
2007,156,China,999999,Mercadorias não especificadas,586,Paquistão,349300241,16.046,2,0,2176808973
2007,156,China,999999,Mercadorias não especificadas,344,Hong Kong (RAEHK),243258466,11.175,3,0,2176808973
2007,156,China,999999,Mercadorias não especificadas,842,EUA,130055721,5.975,4,0,2176808973
2007,156,China,999999,Mercadorias não especificadas,490,Taiwan (Prov. China),86589482,3.978,5,0,2176808973
2007,156,China,999999,Mercadorias não especificadas,24,Angola,339,0.0,121,1,2176808973
2007,620,Portugal,020714,Carne de aves,132,Cabo Verde,1099889,56.103,1,0,1960487
2007,620,Portugal,020714,Carne de aves,724,Espanha,240444,12.265,2,0,1960487
2007,620,Portugal,020714,Carne de aves,24,Angola,213384,10.884,3,1,1960487
2007,620,Portugal,020714,Carne de aves,826,Reino Unido,132523,6.76,4,0,1960487
2007,620,Portugal,020714,Carne de aves,528,Países Baixos,48320,2.465,5,0,1960487
2007,620,Portugal,020714,Carne de aves,678,São Tomé e Príncipe,45699,2.331,6,0,1960487
2007,620,Portugal,110100,Farinha de trigo,724,Espanha,7584656,65.276,1,0,11619395
2007,620,Portugal,110100,Farinha de trigo,678,São Tomé e Príncipe,2362540,20.333,2,0,11619395
2007,620,Portugal,110100,Farinha de trigo,24,Angola,1189782,10.24,3,1,11619395
2007,620,Portugal,110100,Farinha de trigo,624,Guiné-Bissau,213917,1.841,4,0,11619395
2007,620,Portugal,110100,Farinha de trigo,132,Cabo Verde,51934,0.447,5,0,11619395
2007,620,Portugal,110100,Farinha de trigo,842,EUA,48059,0.414,6,0,11619395
2007,620,Portugal,271011,Combustíveis refinados,842,EUA,715285662,87.22,1,0,820095698
2007,620,Portugal,271011,Combustíveis refinados,530,Netherlands Antilles (...2010),57204145,6.975,2,0,820095698
2007,620,Portugal,271011,Combustíveis refinados,792,Turquia,12121660,1.478,3,0,820095698
2007,620,Portugal,271011,Combustíveis refinados,504,Marrocos,11248607,1.372,4,0,820095698
2007,620,Portugal,271011,Combustíveis refinados,826,Reino Unido,10677126,1.302,5,0,820095698
2007,620,Portugal,271011,Combustíveis refinados,24,Angola,96231,0.012,10,1,820095698
2007,620,Portugal,271019,Combustíveis refinados,837,Bunkers,376868359,37.39,1,0,1007949729
2007,620,Portugal,271019,Combustíveis refinados,899,"Areas, nes",221232780,21.949,2,0,1007949729
2007,620,Portugal,271019,Combustíveis refinados,724,Espanha,177084367,17.569,3,0,1007949729
2007,620,Portugal,271019,Combustíveis refinados,826,Reino Unido,96460587,9.57,4,0,1007949729
2007,620,Portugal,271019,Combustíveis refinados,24,Angola,24444096,2.425,5,1,1007949729
2007,620,Portugal,271019,Combustíveis refinados,887,Yemen,19554731,1.94,6,0,1007949729
2007,620,Portugal,843143,Partes de máquinas de terraplanagem,24,Angola,2620340,65.96,1,1,3972590
2007,620,Portugal,843143,Partes de máquinas de terraplanagem,724,Espanha,428360,10.783,2,0,3972590
2007,620,Portugal,843143,Partes de máquinas de terraplanagem,591,Panamá,166110,4.181,3,0,3972590
2007,620,Portugal,843143,Partes de máquinas de terraplanagem,76,Brasil,159853,4.024,4,0,3972590
2007,620,Portugal,843143,Partes de máquinas de terraplanagem,12,Argélia,139287,3.506,5,0,3972590
2007,620,Portugal,843143,Partes de máquinas de terraplanagem,132,Cabo Verde,116924,2.943,6,0,3972590
2007,620,Portugal,999999,Mercadorias não especificadas,568,"Other Europe, nes",335753074,30.832,1,0,1088963005
2007,620,Portugal,999999,Mercadorias não especificadas,839,Special Categories,218775549,20.09,2,0,1088963005
2007,620,Portugal,999999,Mercadorias não especificadas,276,Alemanha,179189847,16.455,3,0,1088963005
2007,620,Portugal,999999,Mercadorias não especificadas,528,Países Baixos,112487533,10.33,4,0,1088963005
2007,620,Portugal,999999,Mercadorias não especificadas,724,Espanha,92362306,8.482,5,0,1088963005
2007,620,Portugal,999999,Mercadorias não especificadas,24,Angola,10987210,1.009,10,1,1088963005
2007,710,África do Sul,020714,Carne de aves,508,Moçambique,818765,43.898,1,0,1865144
2007,710,África do Sul,020714,Carne de aves,180,RD Congo,194550,10.431,2,0,1865144
2007,710,África do Sul,020714,Carne de aves,837,Bunkers,189825,10.177,3,0,1865144
2007,710,África do Sul,020714,Carne de aves,566,Nigéria,142566,7.644,4,0,1865144
2007,710,África do Sul,020714,Carne de aves,24,Angola,141378,7.58,5,1,1865144
2007,710,África do Sul,020714,Carne de aves,716,Zimbabué,101594,5.447,6,0,1865144
2007,710,África do Sul,110100,Farinha de trigo,180,RD Congo,1267493,52.291,1,0,2423928
2007,710,África do Sul,110100,Farinha de trigo,716,Zimbabué,412043,16.999,2,0,2423928
2007,710,África do Sul,110100,Farinha de trigo,24,Angola,266957,11.013,3,1,2423928
2007,710,África do Sul,110100,Farinha de trigo,508,Moçambique,203040,8.376,4,0,2423928
2007,710,África do Sul,110100,Farinha de trigo,837,Bunkers,110797,4.571,5,0,2423928
2007,710,África do Sul,110100,Farinha de trigo,454,Malawi,40974,1.69,6,0,2423928
2007,710,África do Sul,271011,Combustíveis refinados,837,Bunkers,288596043,27.997,1,0,1030813272
2007,710,África do Sul,271011,Combustíveis refinados,716,Zimbabué,171615196,16.649,2,0,1030813272
2007,710,África do Sul,271011,Combustíveis refinados,894,Zâmbia,126348760,12.257,3,0,1030813272
2007,710,África do Sul,271011,Combustíveis refinados,180,RD Congo,68414797,6.637,4,0,1030813272
2007,710,África do Sul,271011,Combustíveis refinados,566,Nigéria,63025345,6.114,5,0,1030813272
2007,710,África do Sul,271011,Combustíveis refinados,24,Angola,43477707,4.218,7,1,1030813272
2007,710,África do Sul,271019,Combustíveis refinados,528,Países Baixos,11307757,24.785,1,0,45623094
2007,710,África do Sul,271019,Combustíveis refinados,458,Malásia,6958309,15.252,2,0,45623094
2007,710,África do Sul,271019,Combustíveis refinados,566,Nigéria,5792314,12.696,3,0,45623094
2007,710,África do Sul,271019,Combustíveis refinados,702,Singapura,4340440,9.514,4,0,45623094
2007,710,África do Sul,271019,Combustíveis refinados,699,Índia,3612519,7.918,5,0,45623094
2007,710,África do Sul,271019,Combustíveis refinados,24,Angola,2933119,6.429,6,1,45623094
2007,710,África do Sul,843143,Partes de máquinas de terraplanagem,894,Zâmbia,3582229,16.211,1,0,22097694
2007,710,África do Sul,843143,Partes de máquinas de terraplanagem,834,Tanzânia,2638526,11.94,2,0,22097694
2007,710,África do Sul,843143,Partes de máquinas de terraplanagem,180,RD Congo,1998789,9.045,3,0,22097694
2007,710,África do Sul,843143,Partes de máquinas de terraplanagem,36,Austrália,1416185,6.409,4,0,22097694
2007,710,África do Sul,843143,Partes de máquinas de terraplanagem,752,Suécia,1284731,5.814,5,0,22097694
2007,710,África do Sul,843143,Partes de máquinas de terraplanagem,24,Angola,919044,4.159,7,1,22097694
2007,710,África do Sul,890520,Plataformas e dragas,440,Lituânia,585314,35.458,1,0,1650737
2007,710,África do Sul,890520,Plataformas e dragas,826,Reino Unido,389933,23.622,2,0,1650737
2007,710,África do Sul,890520,Plataformas e dragas,643,Rússia,283819,17.193,3,0,1650737
2007,710,África do Sul,890520,Plataformas e dragas,180,RD Congo,236168,14.307,4,0,1650737
2007,710,África do Sul,890520,Plataformas e dragas,324,Guinea,148068,8.97,5,0,1650737
2007,710,África do Sul,999999,Mercadorias não especificadas,826,Reino Unido,11260061,16.5,1,0,68243050
2007,710,África do Sul,999999,Mercadorias não especificadas,360,Indonésia,10776310,15.791,2,0,68243050
2007,710,África do Sul,999999,Mercadorias não especificadas,36,Austrália,5188212,7.603,3,0,68243050
2007,710,África do Sul,999999,Mercadorias não especificadas,842,EUA,4954003,7.259,4,0,68243050
2007,710,África do Sul,999999,Mercadorias não especificadas,894,Zâmbia,3559140,5.215,5,0,68243050
2007,710,África do Sul,999999,Mercadorias não especificadas,24,Angola,362285,0.531,29,1,68243050
2007,842,EUA,020714,Carne de aves,643,Rússia,737488705,29.588,1,0,2492549125
2007,842,EUA,020714,Carne de aves,156,China,549015868,22.026,2,0,2492549125
2007,842,EUA,020714,Carne de aves,484,México,107747711,4.323,3,0,2492549125
2007,842,EUA,020714,Carne de aves,440,Lituânia,90840032,3.644,4,0,2492549125
2007,842,EUA,020714,Carne de aves,804,Ucrânia,80359471,3.224,5,0,2492549125
2007,842,EUA,020714,Carne de aves,24,Angola,69323653,2.781,7,1,2492549125
2007,842,EUA,110100,Farinha de trigo,124,Canadá,37324158,29.636,1,0,125941506
2007,842,EUA,110100,Farinha de trigo,484,México,17904490,14.217,2,0,125941506
2007,842,EUA,110100,Farinha de trigo,275,State of Palestine,13899301,11.036,3,0,125941506
2007,842,EUA,110100,Farinha de trigo,404,Quénia,8269499,6.566,4,0,125941506
2007,842,EUA,110100,Farinha de trigo,231,Etiópia,6478920,5.144,5,0,125941506
2007,842,EUA,271011,Combustíveis refinados,484,México,2882322570,42.485,1,0,6784339799
2007,842,EUA,271011,Combustíveis refinados,124,Canadá,903667797,13.32,2,0,6784339799
2007,842,EUA,271011,Combustíveis refinados,862,Venezuela,444958288,6.559,3,0,6784339799
2007,842,EUA,271011,Combustíveis refinados,152,Chile,390713092,5.759,4,0,6784339799
2007,842,EUA,271011,Combustíveis refinados,376,Israel,267168093,3.938,5,0,6784339799
2007,842,EUA,271011,Combustíveis refinados,24,Angola,33310,0.0,92,1,6784339799
2007,842,EUA,271019,Combustíveis refinados,124,Canadá,2604466438,13.07,1,0,19926401186
2007,842,EUA,271019,Combustíveis refinados,484,México,2441771423,12.254,2,0,19926401186
2007,842,EUA,271019,Combustíveis refinados,528,Países Baixos,1537677332,7.717,3,0,19926401186
2007,842,EUA,271019,Combustíveis refinados,702,Singapura,1433430899,7.194,4,0,19926401186
2007,842,EUA,271019,Combustíveis refinados,152,Chile,1194743885,5.996,5,0,19926401186
2007,842,EUA,271019,Combustíveis refinados,24,Angola,2642941,0.013,80,1,19926401186
2007,842,EUA,843143,Partes de máquinas de terraplanagem,76,Brasil,885737820,9.808,1,0,9030890399
2007,842,EUA,843143,Partes de máquinas de terraplanagem,702,Singapura,835234234,9.249,2,0,9030890399
2007,842,EUA,843143,Partes de máquinas de terraplanagem,784,Emirados Árabes Unidos,461099659,5.106,3,0,9030890399
2007,842,EUA,843143,Partes de máquinas de terraplanagem,826,Reino Unido,405712311,4.492,4,0,9030890399
2007,842,EUA,843143,Partes de máquinas de terraplanagem,682,Arábia Saudita,402963027,4.462,5,0,9030890399
2007,842,EUA,843143,Partes de máquinas de terraplanagem,24,Angola,397075503,4.397,6,1,9030890399
2007,842,EUA,890520,Plataformas e dragas,266,Gabão,320000000,86.738,1,0,368925722
2007,842,EUA,890520,Plataformas e dragas,682,Arábia Saudita,33000000,8.945,2,0,368925722
2007,842,EUA,890520,Plataformas e dragas,604,Peru,13500000,3.659,3,0,368925722
2007,842,EUA,890520,Plataformas e dragas,784,Emirados Árabes Unidos,1190931,0.323,4,0,368925722
2007,842,EUA,890520,Plataformas e dragas,44,Bahamas,439127,0.119,5,0,368925722
2007,842,EUA,999999,Mercadorias não especificadas,124,Canadá,8142168292,21.579,1,0,37731979716
2007,842,EUA,999999,Mercadorias não especificadas,484,México,5116820262,13.561,2,0,37731979716
2007,842,EUA,999999,Mercadorias não especificadas,826,Reino Unido,1877138618,4.975,3,0,37731979716
2007,842,EUA,999999,Mercadorias não especificadas,392,Japão,1505305010,3.989,4,0,37731979716
2007,842,EUA,999999,Mercadorias não especificadas,276,Alemanha,1388437061,3.68,5,0,37731979716
2007,842,EUA,999999,Mercadorias não especificadas,24,Angola,18561105,0.049,97,1,37731979716
2008,76,Brasil,020714,Carne de aves,392,Japão,1158208774,32.113,1,0,3606646701
2008,76,Brasil,020714,Carne de aves,344,Hong Kong (RAEHK),556785307,15.438,2,0,3606646701
2008,76,Brasil,020714,Carne de aves,643,Rússia,241116125,6.685,3,0,3606646701
2008,76,Brasil,020714,Carne de aves,682,Arábia Saudita,198335189,5.499,4,0,3606646701
2008,76,Brasil,020714,Carne de aves,528,Países Baixos,178689412,4.954,5,0,3606646701
2008,76,Brasil,020714,Carne de aves,24,Angola,29145049,0.808,19,1,3606646701
2008,76,Brasil,110100,Farinha de trigo,24,Angola,896654,59.897,1,1,1496981
2008,76,Brasil,110100,Farinha de trigo,600,Paraguai,549946,36.737,2,0,1496981
2008,76,Brasil,110100,Farinha de trigo,226,Guiné Equatorial,18854,1.259,3,0,1496981
2008,76,Brasil,110100,Farinha de trigo,858,Uruguai,14502,0.969,4,0,1496981
2008,76,Brasil,110100,Farinha de trigo,842,EUA,13577,0.907,5,0,1496981
2008,76,Brasil,110100,Farinha de trigo,68,Bolívia,2432,0.162,6,0,1496981
2008,76,Brasil,271011,Combustíveis refinados,566,Nigéria,761786499,44.226,1,0,1722477091
2008,76,Brasil,271011,Combustíveis refinados,530,Netherlands Antilles (...2010),584036761,33.907,2,0,1722477091
2008,76,Brasil,271011,Combustíveis refinados,842,EUA,129781172,7.535,3,0,1722477091
2008,76,Brasil,271011,Combustíveis refinados,24,Angola,68654140,3.986,4,1,1722477091
2008,76,Brasil,271011,Combustíveis refinados,288,Gana,53228823,3.09,5,0,1722477091
2008,76,Brasil,271011,Combustíveis refinados,858,Uruguai,31957391,1.855,6,0,1722477091
2008,76,Brasil,271019,Combustíveis refinados,32,Argentina,708647302,23.136,1,0,3062944088
2008,76,Brasil,271019,Combustíveis refinados,702,Singapura,676851786,22.098,2,0,3062944088
2008,76,Brasil,271019,Combustíveis refinados,842,EUA,420888187,13.741,3,0,3062944088
2008,76,Brasil,271019,Combustíveis refinados,528,Países Baixos,394907933,12.893,4,0,3062944088
2008,76,Brasil,271019,Combustíveis refinados,600,Paraguai,283370079,9.252,5,0,3062944088
2008,76,Brasil,271019,Combustíveis refinados,24,Angola,2488149,0.081,17,1,3062944088
2008,76,Brasil,843143,Partes de máquinas de terraplanagem,842,EUA,829851,15.267,1,0,5435565
2008,76,Brasil,843143,Partes de máquinas de terraplanagem,24,Angola,782526,14.396,2,1,5435565
2008,76,Brasil,843143,Partes de máquinas de terraplanagem,566,Nigéria,719225,13.232,3,0,5435565
2008,76,Brasil,843143,Partes de máquinas de terraplanagem,152,Chile,369276,6.794,4,0,5435565
2008,76,Brasil,843143,Partes de máquinas de terraplanagem,324,Guinea,359366,6.611,5,0,5435565
2008,76,Brasil,843143,Partes de máquinas de terraplanagem,32,Argentina,261175,4.805,6,0,5435565
2008,76,Brasil,890520,Plataformas e dragas,24,Angola,2779,100.0,1,1,2779
2008,76,Brasil,999999,Mercadorias não especificadas,837,Bunkers,4629700401,95.945,1,0,4825382062
2008,76,Brasil,999999,Mercadorias não especificadas,842,EUA,46618159,0.966,2,0,4825382062
2008,76,Brasil,999999,Mercadorias não especificadas,620,Portugal,26125812,0.541,3,0,4825382062
2008,76,Brasil,999999,Mercadorias não especificadas,251,França,10514907,0.218,4,0,4825382062
2008,76,Brasil,999999,Mercadorias não especificadas,276,Alemanha,8564725,0.177,5,0,4825382062
2008,76,Brasil,999999,Mercadorias não especificadas,24,Angola,1025059,0.021,35,1,4825382062
2008,156,China,020714,Carne de aves,344,Hong Kong (RAEHK),79390783,55.031,1,0,144266791
2008,156,China,020714,Carne de aves,458,Malásia,37765132,26.177,2,0,144266791
2008,156,China,020714,Carne de aves,48,Barém,8925531,6.187,3,0,144266791
2008,156,China,020714,Carne de aves,417,Kyrgyzstan,5403297,3.745,4,0,144266791
2008,156,China,020714,Carne de aves,368,Iraque,3644673,2.526,5,0,144266791
2008,156,China,110100,Farinha de trigo,344,Hong Kong (RAEHK),59248520,76.58,1,0,77368410
2008,156,China,110100,Farinha de trigo,446,Macau (RAEM),3245175,4.194,2,0,77368410
2008,156,China,110100,Farinha de trigo,704,Vietname,2538726,3.281,3,0,77368410
2008,156,China,110100,Farinha de trigo,764,Tailândia,2062007,2.665,4,0,77368410
2008,156,China,110100,Farinha de trigo,417,Kyrgyzstan,2039860,2.637,5,0,77368410
2008,156,China,110100,Farinha de trigo,24,Angola,34800,0.045,21,1,77368410
2008,156,China,271011,Combustíveis refinados,702,Singapura,798478517,25.237,1,0,3163921440
2008,156,China,271011,Combustíveis refinados,410,Coreia do Sul,729003466,23.041,2,0,3163921440
2008,156,China,271011,Combustíveis refinados,360,Indonésia,710456217,22.455,3,0,3163921440
2008,156,China,271011,Combustíveis refinados,392,Japão,570416046,18.029,4,0,3163921440
2008,156,China,271011,Combustíveis refinados,608,Filipinas,123944524,3.917,5,0,3163921440
2008,156,China,271019,Combustíveis refinados,344,Hong Kong (RAEHK),3361357565,31.839,1,0,10557485642
2008,156,China,271019,Combustíveis refinados,591,Panamá,2240323321,21.22,2,0,10557485642
2008,156,China,271019,Combustíveis refinados,842,EUA,677616735,6.418,3,0,10557485642
2008,156,China,271019,Combustíveis refinados,702,Singapura,529634732,5.017,4,0,10557485642
2008,156,China,271019,Combustíveis refinados,704,Vietname,441773907,4.184,5,0,10557485642
2008,156,China,271019,Combustíveis refinados,24,Angola,912500,0.009,78,1,10557485642
2008,156,China,843143,Partes de máquinas de terraplanagem,842,EUA,326911098,21.576,1,0,1515146353
2008,156,China,843143,Partes de máquinas de terraplanagem,398,Cazaquistão,116165578,7.667,2,0,1515146353
2008,156,China,843143,Partes de máquinas de terraplanagem,795,Turkmenistan,98442753,6.497,3,0,1515146353
2008,156,China,843143,Partes de máquinas de terraplanagem,702,Singapura,89779400,5.925,4,0,1515146353
2008,156,China,843143,Partes de máquinas de terraplanagem,410,Coreia do Sul,58369085,3.852,5,0,1515146353
2008,156,China,843143,Partes de máquinas de terraplanagem,24,Angola,2855249,0.188,53,1,1515146353
2008,156,China,890520,Plataformas e dragas,528,Países Baixos,135640202,45.251,1,0,299750257
2008,156,China,890520,Plataformas e dragas,702,Singapura,61692000,20.581,2,0,299750257
2008,156,China,890520,Plataformas e dragas,44,Bahamas,35000000,11.676,3,0,299750257
2008,156,China,890520,Plataformas e dragas,591,Panamá,30000000,10.008,4,0,299750257
2008,156,China,890520,Plataformas e dragas,36,Austrália,15000000,5.004,5,0,299750257
2008,156,China,999999,Mercadorias não especificadas,392,Japão,832065198,48.822,1,0,1704285223
2008,156,China,999999,Mercadorias não especificadas,344,Hong Kong (RAEHK),195466050,11.469,2,0,1704285223
2008,156,China,999999,Mercadorias não especificadas,699,Índia,179342216,10.523,3,0,1704285223
2008,156,China,999999,Mercadorias não especificadas,842,EUA,174428009,10.235,4,0,1704285223
2008,156,China,999999,Mercadorias não especificadas,490,Taiwan (Prov. China),78126984,4.584,5,0,1704285223
2008,156,China,999999,Mercadorias não especificadas,24,Angola,38843,0.002,85,1,1704285223
2008,620,Portugal,020714,Carne de aves,132,Cabo Verde,513719,24.59,1,0,2089151
2008,620,Portugal,020714,Carne de aves,24,Angola,496978,23.789,2,1,2089151
2008,620,Portugal,020714,Carne de aves,724,Espanha,424628,20.325,3,0,2089151
2008,620,Portugal,020714,Carne de aves,380,Itália,133681,6.399,4,0,2089151
2008,620,Portugal,020714,Carne de aves,251,França,116685,5.585,5,0,2089151
2008,620,Portugal,020714,Carne de aves,678,São Tomé e Príncipe,97513,4.668,6,0,2089151
2008,620,Portugal,110100,Farinha de trigo,724,Espanha,10948610,72.271,1,0,15149400
2008,620,Portugal,110100,Farinha de trigo,24,Angola,1900747,12.547,2,1,15149400
2008,620,Portugal,110100,Farinha de trigo,678,São Tomé e Príncipe,1482739,9.787,3,0,15149400
2008,620,Portugal,110100,Farinha de trigo,624,Guiné-Bissau,292222,1.929,4,0,15149400
2008,620,Portugal,110100,Farinha de trigo,826,Reino Unido,104936,0.693,5,0,15149400
2008,620,Portugal,110100,Farinha de trigo,842,EUA,97773,0.645,6,0,15149400
2008,620,Portugal,271011,Combustíveis refinados,842,EUA,304449899,44.762,1,0,680153944
2008,620,Portugal,271011,Combustíveis refinados,484,México,113321487,16.661,2,0,680153944
2008,620,Portugal,271011,Combustíveis refinados,566,Nigéria,58864200,8.655,3,0,680153944
2008,620,Portugal,271011,Combustíveis refinados,124,Canadá,46184577,6.79,4,0,680153944
2008,620,Portugal,271011,Combustíveis refinados,682,Arábia Saudita,40213962,5.912,5,0,680153944
2008,620,Portugal,271011,Combustíveis refinados,24,Angola,330127,0.049,14,1,680153944
2008,620,Portugal,271019,Combustíveis refinados,837,Bunkers,803859130,43.067,1,0,1866535932
2008,620,Portugal,271019,Combustíveis refinados,899,"Areas, nes",222542107,11.923,2,0,1866535932
2008,620,Portugal,271019,Combustíveis refinados,826,Reino Unido,214262478,11.479,3,0,1866535932
2008,620,Portugal,271019,Combustíveis refinados,724,Espanha,198396040,10.629,4,0,1866535932
2008,620,Portugal,271019,Combustíveis refinados,528,Países Baixos,87580395,4.692,5,0,1866535932
2008,620,Portugal,271019,Combustíveis refinados,24,Angola,26890028,1.441,9,1,1866535932
2008,620,Portugal,843143,Partes de máquinas de terraplanagem,24,Angola,2014714,56.047,1,1,3594698
2008,620,Portugal,843143,Partes de máquinas de terraplanagem,12,Argélia,497229,13.832,2,0,3594698
2008,620,Portugal,843143,Partes de máquinas de terraplanagem,724,Espanha,190771,5.307,3,0,3594698
2008,620,Portugal,843143,Partes de máquinas de terraplanagem,124,Canadá,162747,4.527,4,0,3594698
2008,620,Portugal,843143,Partes de máquinas de terraplanagem,434,Libya,108078,3.007,5,0,3594698
2008,620,Portugal,843143,Partes de máquinas de terraplanagem,320,Guatemala,96582,2.687,6,0,3594698
2008,620,Portugal,999999,Mercadorias não especificadas,568,"Other Europe, nes",354980851,29.709,1,0,1194854486
2008,620,Portugal,999999,Mercadorias não especificadas,839,Special Categories,274183226,22.947,2,0,1194854486
2008,620,Portugal,999999,Mercadorias não especificadas,276,Alemanha,188405538,15.768,3,0,1194854486
2008,620,Portugal,999999,Mercadorias não especificadas,528,Países Baixos,109307798,9.148,4,0,1194854486
2008,620,Portugal,999999,Mercadorias não especificadas,724,Espanha,101198902,8.47,5,0,1194854486
2008,620,Portugal,999999,Mercadorias não especificadas,24,Angola,15498332,1.297,9,1,1194854486
2008,710,África do Sul,020714,Carne de aves,508,Moçambique,1447370,34.098,1,0,4244718
2008,710,África do Sul,020714,Carne de aves,716,Zimbabué,1155381,27.219,2,0,4244718
2008,710,África do Sul,020714,Carne de aves,24,Angola,482555,11.368,3,1,4244718
2008,710,África do Sul,020714,Carne de aves,837,Bunkers,274815,6.474,4,0,4244718
2008,710,África do Sul,020714,Carne de aves,566,Nigéria,272151,6.412,5,0,4244718
2008,710,África do Sul,020714,Carne de aves,784,Emirados Árabes Unidos,177268,4.176,6,0,4244718
2008,710,África do Sul,110100,Farinha de trigo,716,Zimbabué,6925833,71.517,1,0,9684175
2008,710,África do Sul,110100,Farinha de trigo,180,RD Congo,1476111,15.243,2,0,9684175
2008,710,África do Sul,110100,Farinha de trigo,24,Angola,446701,4.613,3,1,9684175
2008,710,África do Sul,110100,Farinha de trigo,454,Malawi,303983,3.139,4,0,9684175
2008,710,África do Sul,110100,Farinha de trigo,508,Moçambique,218225,2.253,5,0,9684175
2008,710,África do Sul,110100,Farinha de trigo,837,Bunkers,158323,1.635,6,0,9684175
2008,710,África do Sul,271011,Combustíveis refinados,837,Bunkers,452898632,29.557,1,0,1532269432
2008,710,África do Sul,271011,Combustíveis refinados,894,Zâmbia,256247768,16.723,2,0,1532269432
2008,710,África do Sul,271011,Combustíveis refinados,716,Zimbabué,244680353,15.968,3,0,1532269432
2008,710,África do Sul,271011,Combustíveis refinados,180,RD Congo,138478312,9.037,4,0,1532269432
2008,710,África do Sul,271011,Combustíveis refinados,899,"Areas, nes",102230079,6.672,5,0,1532269432
2008,710,África do Sul,271011,Combustíveis refinados,24,Angola,55731581,3.637,7,1,1532269432
2008,710,África do Sul,271019,Combustíveis refinados,702,Singapura,9649744,18.789,1,0,51358777
2008,710,África do Sul,271019,Combustíveis refinados,528,Países Baixos,5615323,10.934,2,0,51358777
2008,710,África do Sul,271019,Combustíveis refinados,24,Angola,4831840,9.408,3,1,51358777
2008,710,África do Sul,271019,Combustíveis refinados,899,"Areas, nes",4683051,9.118,4,0,51358777
2008,710,África do Sul,271019,Combustíveis refinados,566,Nigéria,4404231,8.575,5,0,51358777
2008,710,África do Sul,271019,Combustíveis refinados,36,Austrália,4234202,8.244,6,0,51358777
2008,710,África do Sul,843143,Partes de máquinas de terraplanagem,894,Zâmbia,6739302,22.514,1,0,29934210
2008,710,África do Sul,843143,Partes de máquinas de terraplanagem,508,Moçambique,4073856,13.609,2,0,29934210
2008,710,África do Sul,843143,Partes de máquinas de terraplanagem,834,Tanzânia,2633457,8.797,3,0,29934210
2008,710,África do Sul,843143,Partes de máquinas de terraplanagem,180,RD Congo,2156607,7.204,4,0,29934210
2008,710,África do Sul,843143,Partes de máquinas de terraplanagem,528,Países Baixos,1965708,6.567,5,0,29934210
2008,710,África do Sul,843143,Partes de máquinas de terraplanagem,24,Angola,990856,3.31,8,1,29934210
2008,710,África do Sul,890520,Plataformas e dragas,643,Rússia,897967,89.252,1,0,1006100
2008,710,África do Sul,890520,Plataformas e dragas,450,Madagáscar,103941,10.331,2,0,1006100
2008,710,África do Sul,890520,Plataformas e dragas,894,Zâmbia,4000,0.398,3,0,1006100
2008,710,África do Sul,890520,Plataformas e dragas,180,RD Congo,192,0.019,4,0,1006100
2008,710,África do Sul,999999,Mercadorias não especificadas,826,Reino Unido,9291589,22.428,1,0,41429215
2008,710,África do Sul,999999,Mercadorias não especificadas,404,Quénia,5913576,14.274,2,0,41429215
2008,710,África do Sul,999999,Mercadorias não especificadas,36,Austrália,4355578,10.513,3,0,41429215
2008,710,África do Sul,999999,Mercadorias não especificadas,554,Nova Zelândia,2067530,4.991,4,0,41429215
2008,710,África do Sul,999999,Mercadorias não especificadas,842,EUA,2051399,4.952,5,0,41429215
2008,710,África do Sul,999999,Mercadorias não especificadas,24,Angola,638948,1.542,16,1,41429215
2008,842,EUA,020714,Carne de aves,643,Rússia,797803973,25.065,1,0,3182884878
2008,842,EUA,020714,Carne de aves,156,China,675157613,21.212,2,0,3182884878
2008,842,EUA,020714,Carne de aves,804,Ucrânia,181873121,5.714,3,0,3182884878
2008,842,EUA,020714,Carne de aves,192,Cuba,133784802,4.203,4,0,3182884878
2008,842,EUA,020714,Carne de aves,484,México,124759974,3.92,5,0,3182884878
2008,842,EUA,020714,Carne de aves,24,Angola,102582344,3.223,7,1,3182884878
2008,842,EUA,110100,Farinha de trigo,124,Canadá,69448268,50.598,1,0,137254393
2008,842,EUA,110100,Farinha de trigo,484,México,17509139,12.757,2,0,137254393
2008,842,EUA,110100,Farinha de trigo,490,Taiwan (Prov. China),15339061,11.176,3,0,137254393
2008,842,EUA,110100,Farinha de trigo,368,Iraque,7595248,5.534,4,0,137254393
2008,842,EUA,110100,Farinha de trigo,404,Quénia,6426976,4.683,5,0,137254393
2008,842,EUA,271011,Combustíveis refinados,484,México,4670937409,48.214,1,0,9687967110
2008,842,EUA,271011,Combustíveis refinados,124,Canadá,1970855232,20.343,2,0,9687967110
2008,842,EUA,271011,Combustíveis refinados,862,Venezuela,384303503,3.967,3,0,9687967110
2008,842,EUA,271011,Combustíveis refinados,152,Chile,357085359,3.686,4,0,9687967110
2008,842,EUA,271011,Combustíveis refinados,530,Netherlands Antilles (...2010),272829296,2.816,5,0,9687967110
2008,842,EUA,271011,Combustíveis refinados,24,Angola,36463,0.0,92,1,9687967110
2008,842,EUA,271019,Combustíveis refinados,528,Países Baixos,4732755032,11.245,1,0,42086899912
2008,842,EUA,271019,Combustíveis refinados,484,México,4414284073,10.488,2,0,42086899912
2008,842,EUA,271019,Combustíveis refinados,124,Canadá,4229197438,10.049,3,0,42086899912
2008,842,EUA,271019,Combustíveis refinados,152,Chile,3085991153,7.332,4,0,42086899912
2008,842,EUA,271019,Combustíveis refinados,292,Gibraltar,2347198047,5.577,5,0,42086899912
2008,842,EUA,271019,Combustíveis refinados,24,Angola,3020831,0.007,81,1,42086899912
2008,842,EUA,843143,Partes de máquinas de terraplanagem,702,Singapura,1184156222,11.812,1,0,10024694970
2008,842,EUA,843143,Partes de máquinas de terraplanagem,76,Brasil,516150799,5.149,2,0,10024694970
2008,842,EUA,843143,Partes de máquinas de terraplanagem,784,Emirados Árabes Unidos,511085737,5.098,3,0,10024694970
2008,842,EUA,843143,Partes de máquinas de terraplanagem,156,China,490346593,4.891,4,0,10024694970
2008,842,EUA,843143,Partes de máquinas de terraplanagem,24,Angola,470956818,4.698,5,1,10024694970
2008,842,EUA,843143,Partes de máquinas de terraplanagem,826,Reino Unido,415561717,4.145,6,0,10024694970
2008,842,EUA,890520,Plataformas e dragas,24,Angola,40573929,31.022,1,1,130789574
2008,842,EUA,890520,Plataformas e dragas,780,Trinidad and Tobago,28000000,21.408,2,0,130789574
2008,842,EUA,890520,Plataformas e dragas,804,Ucrânia,23876728,18.256,3,0,130789574
2008,842,EUA,890520,Plataformas e dragas,784,Emirados Árabes Unidos,19553736,14.951,4,0,130789574
2008,842,EUA,890520,Plataformas e dragas,484,México,9960112,7.615,5,0,130789574
2008,842,EUA,890520,Plataformas e dragas,76,Brasil,4460617,3.411,6,0,130789574
2008,842,EUA,999999,Mercadorias não especificadas,124,Canadá,7301746091,19.527,1,0,37392842750
2008,842,EUA,999999,Mercadorias não especificadas,484,México,5078982841,13.583,2,0,37392842750
2008,842,EUA,999999,Mercadorias não especificadas,826,Reino Unido,2013076565,5.384,3,0,37392842750
2008,842,EUA,999999,Mercadorias não especificadas,276,Alemanha,1606892497,4.297,4,0,37392842750
2008,842,EUA,999999,Mercadorias não especificadas,392,Japão,1352022626,3.616,5,0,37392842750
2008,842,EUA,999999,Mercadorias não especificadas,24,Angola,25965969,0.069,91,1,37392842750
2009,76,Brasil,020714,Carne de aves,392,Japão,611062704,21.19,1,0,2883773816
2009,76,Brasil,020714,Carne de aves,344,Hong Kong (RAEHK),580165536,20.118,2,0,2883773816
2009,76,Brasil,020714,Carne de aves,682,Arábia Saudita,195809520,6.79,3,0,2883773816
2009,76,Brasil,020714,Carne de aves,528,Países Baixos,171576940,5.95,4,0,2883773816
2009,76,Brasil,020714,Carne de aves,784,Emirados Árabes Unidos,133149662,4.617,5,0,2883773816
2009,76,Brasil,020714,Carne de aves,24,Angola,47821020,1.658,10,1,2883773816
2009,76,Brasil,110100,Farinha de trigo,68,Bolívia,262399,49.903,1,0,525815
2009,76,Brasil,110100,Farinha de trigo,600,Paraguai,153259,29.147,2,0,525815
2009,76,Brasil,110100,Farinha de trigo,24,Angola,47306,8.997,3,1,525815
2009,76,Brasil,110100,Farinha de trigo,226,Guiné Equatorial,18719,3.56,4,0,525815
2009,76,Brasil,110100,Farinha de trigo,380,Itália,15100,2.872,5,0,525815
2009,76,Brasil,110100,Farinha de trigo,842,EUA,11892,2.262,6,0,525815
2009,76,Brasil,271011,Combustíveis refinados,530,Netherlands Antilles (...2010),538860124,55.12,1,0,977618278
2009,76,Brasil,271011,Combustíveis refinados,566,Nigéria,208914447,21.37,2,0,977618278
2009,76,Brasil,271011,Combustíveis refinados,842,EUA,54153711,5.539,3,0,977618278
2009,76,Brasil,271011,Combustíveis refinados,862,Venezuela,38431745,3.931,4,0,977618278
2009,76,Brasil,271011,Combustíveis refinados,24,Angola,29308499,2.998,5,1,977618278
2009,76,Brasil,271011,Combustíveis refinados,784,Emirados Árabes Unidos,21213814,2.17,6,0,977618278
2009,76,Brasil,271019,Combustíveis refinados,702,Singapura,495263129,23.496,1,0,2107878583
2009,76,Brasil,271019,Combustíveis refinados,530,Netherlands Antilles (...2010),361765443,17.163,2,0,2107878583
2009,76,Brasil,271019,Combustíveis refinados,528,Países Baixos,285981651,13.567,3,0,2107878583
2009,76,Brasil,271019,Combustíveis refinados,32,Argentina,263689955,12.51,4,0,2107878583
2009,76,Brasil,271019,Combustíveis refinados,858,Uruguai,217881150,10.337,5,0,2107878583
2009,76,Brasil,271019,Combustíveis refinados,24,Angola,1398199,0.066,16,1,2107878583
2009,76,Brasil,843143,Partes de máquinas de terraplanagem,579,Noruega,658096,17.104,1,0,3847678
2009,76,Brasil,843143,Partes de máquinas de terraplanagem,862,Venezuela,469180,12.194,2,0,3847678
2009,76,Brasil,843143,Partes de máquinas de terraplanagem,24,Angola,401695,10.44,3,1,3847678
2009,76,Brasil,843143,Partes de máquinas de terraplanagem,842,EUA,293908,7.639,4,0,3847678
2009,76,Brasil,843143,Partes de máquinas de terraplanagem,826,Reino Unido,284631,7.397,5,0,3847678
2009,76,Brasil,843143,Partes de máquinas de terraplanagem,226,Guiné Equatorial,168765,4.386,6,0,3847678
2009,76,Brasil,999999,Mercadorias não especificadas,837,Bunkers,2613630837,93.357,1,0,2799616995
2009,76,Brasil,999999,Mercadorias não especificadas,842,EUA,53758472,1.92,2,0,2799616995
2009,76,Brasil,999999,Mercadorias não especificadas,251,França,17944795,0.641,3,0,2799616995
2009,76,Brasil,999999,Mercadorias não especificadas,620,Portugal,17486804,0.625,4,0,2799616995
2009,76,Brasil,999999,Mercadorias não especificadas,156,China,8807528,0.315,5,0,2799616995
2009,76,Brasil,999999,Mercadorias não especificadas,24,Angola,650338,0.023,38,1,2799616995
2009,156,China,020714,Carne de aves,344,Hong Kong (RAEHK),61934194,50.611,1,0,122373876
2009,156,China,020714,Carne de aves,458,Malásia,35246138,28.802,2,0,122373876
2009,156,China,020714,Carne de aves,48,Barém,7373909,6.026,3,0,122373876
2009,156,China,020714,Carne de aves,417,Kyrgyzstan,6082652,4.971,4,0,122373876
2009,156,China,020714,Carne de aves,368,Iraque,2364018,1.932,5,0,122373876
2009,156,China,020714,Carne de aves,24,Angola,13874,0.011,19,1,122373876
2009,156,China,110100,Farinha de trigo,344,Hong Kong (RAEHK),58122646,60.542,1,0,96003448
2009,156,China,110100,Farinha de trigo,408,Coreia do Norte,27099365,28.227,2,0,96003448
2009,156,China,110100,Farinha de trigo,446,Macau (RAEM),3709326,3.864,3,0,96003448
2009,156,China,110100,Farinha de trigo,764,Tailândia,2648111,2.758,4,0,96003448
2009,156,China,110100,Farinha de trigo,704,Vietname,1249961,1.302,5,0,96003448
2009,156,China,110100,Farinha de trigo,24,Angola,20576,0.021,15,1,96003448
2009,156,China,271011,Combustíveis refinados,360,Indonésia,1164499796,34.943,1,0,3332583958
2009,156,China,271011,Combustíveis refinados,702,Singapura,1098342038,32.958,2,0,3332583958
2009,156,China,271011,Combustíveis refinados,704,Vietname,288628405,8.661,3,0,3332583958
2009,156,China,271011,Combustíveis refinados,392,Japão,287467112,8.626,4,0,3332583958
2009,156,China,271011,Combustíveis refinados,410,Coreia do Sul,193905611,5.818,5,0,3332583958
2009,156,China,271019,Combustíveis refinados,344,Hong Kong (RAEHK),2937022630,31.864,1,0,9217339267
2009,156,China,271019,Combustíveis refinados,591,Panamá,1432822137,15.545,2,0,9217339267
2009,156,China,271019,Combustíveis refinados,702,Singapura,1014467951,11.006,3,0,9217339267
2009,156,China,271019,Combustíveis refinados,704,Vietname,931780499,10.109,4,0,9217339267
2009,156,China,271019,Combustíveis refinados,842,EUA,287966101,3.124,5,0,9217339267
2009,156,China,271019,Combustíveis refinados,24,Angola,4187212,0.045,57,1,9217339267
2009,156,China,843143,Partes de máquinas de terraplanagem,842,EUA,155836630,12.416,1,0,1255113606
2009,156,China,843143,Partes de máquinas de terraplanagem,410,Coreia do Sul,107538053,8.568,2,0,1255113606
2009,156,China,843143,Partes de máquinas de terraplanagem,398,Cazaquistão,102246949,8.146,3,0,1255113606
2009,156,China,843143,Partes de máquinas de terraplanagem,702,Singapura,76681599,6.11,4,0,1255113606
2009,156,China,843143,Partes de máquinas de terraplanagem,364,Irão,59439788,4.736,5,0,1255113606
2009,156,China,843143,Partes de máquinas de terraplanagem,24,Angola,2118891,0.169,58,1,1255113606
2009,156,China,890520,Plataformas e dragas,579,Noruega,438486934,40.399,1,0,1085399583
2009,156,China,890520,Plataformas e dragas,76,Brasil,193550388,17.832,2,0,1085399583
2009,156,China,890520,Plataformas e dragas,36,Austrália,174407216,16.068,3,0,1085399583
2009,156,China,890520,Plataformas e dragas,528,Países Baixos,157851145,14.543,4,0,1085399583
2009,156,China,890520,Plataformas e dragas,702,Singapura,43000000,3.962,5,0,1085399583
2009,156,China,999999,Mercadorias não especificadas,392,Japão,834395513,51.246,1,0,1628225334
2009,156,China,999999,Mercadorias não especificadas,842,EUA,181068647,11.121,2,0,1628225334
2009,156,China,999999,Mercadorias não especificadas,344,Hong Kong (RAEHK),150001399,9.213,3,0,1628225334
2009,156,China,999999,Mercadorias não especificadas,699,Índia,111933523,6.875,4,0,1628225334
2009,156,China,999999,Mercadorias não especificadas,784,Emirados Árabes Unidos,64422902,3.957,5,0,1628225334
2009,156,China,999999,Mercadorias não especificadas,24,Angola,9705,0.001,106,1,1628225334
2009,620,Portugal,020714,Carne de aves,724,Espanha,1857103,57.833,1,0,3211123
2009,620,Portugal,020714,Carne de aves,24,Angola,363681,11.326,2,1,3211123
2009,620,Portugal,020714,Carne de aves,251,França,298931,9.309,3,0,3211123
2009,620,Portugal,020714,Carne de aves,678,São Tomé e Príncipe,175570,5.468,4,0,3211123
2009,620,Portugal,020714,Carne de aves,132,Cabo Verde,170187,5.3,5,0,3211123
2009,620,Portugal,020714,Carne de aves,826,Reino Unido,126987,3.955,6,0,3211123
2009,620,Portugal,110100,Farinha de trigo,724,Espanha,8634365,68.584,1,0,12589393
2009,620,Portugal,110100,Farinha de trigo,24,Angola,1900718,15.098,2,1,12589393
2009,620,Portugal,110100,Farinha de trigo,678,São Tomé e Príncipe,1363451,10.83,3,0,12589393
2009,620,Portugal,110100,Farinha de trigo,300,Grécia,223377,1.774,4,0,12589393
2009,620,Portugal,110100,Farinha de trigo,132,Cabo Verde,102907,0.817,5,0,12589393
2009,620,Portugal,110100,Farinha de trigo,837,Bunkers,71430,0.567,6,0,12589393
2009,620,Portugal,271011,Combustíveis refinados,842,EUA,261995684,37.257,1,0,703212074
2009,620,Portugal,271011,Combustíveis refinados,528,Países Baixos,176958444,25.164,2,0,703212074
2009,620,Portugal,271011,Combustíveis refinados,484,México,164315892,23.366,3,0,703212074
2009,620,Portugal,271011,Combustíveis refinados,826,Reino Unido,26317138,3.742,4,0,703212074
2009,620,Portugal,271011,Combustíveis refinados,251,França,17229596,2.45,5,0,703212074
2009,620,Portugal,271011,Combustíveis refinados,24,Angola,138731,0.02,15,1,703212074
2009,620,Portugal,271019,Combustíveis refinados,837,Bunkers,715174970,58.466,1,0,1223234834
2009,620,Portugal,271019,Combustíveis refinados,899,"Areas, nes",121157057,9.905,2,0,1223234834
2009,620,Portugal,271019,Combustíveis refinados,292,Gibraltar,118301565,9.671,3,0,1223234834
2009,620,Portugal,271019,Combustíveis refinados,724,Espanha,87744474,7.173,4,0,1223234834
2009,620,Portugal,271019,Combustíveis refinados,826,Reino Unido,80658145,6.594,5,0,1223234834
2009,620,Portugal,271019,Combustíveis refinados,24,Angola,16690006,1.364,7,1,1223234834
2009,620,Portugal,843143,Partes de máquinas de terraplanagem,24,Angola,6738329,81.72,1,1,8245632
2009,620,Portugal,843143,Partes de máquinas de terraplanagem,12,Argélia,454371,5.51,2,0,8245632
2009,620,Portugal,843143,Partes de máquinas de terraplanagem,508,Moçambique,241736,2.932,3,0,8245632
2009,620,Portugal,843143,Partes de máquinas de terraplanagem,132,Cabo Verde,183242,2.222,4,0,8245632
2009,620,Portugal,843143,Partes de máquinas de terraplanagem,226,Guiné Equatorial,120353,1.46,5,0,8245632
2009,620,Portugal,843143,Partes de máquinas de terraplanagem,324,Guinea,84343,1.023,6,0,8245632
2009,620,Portugal,890520,Plataformas e dragas,528,Países Baixos,28338,100.0,1,0,28338
2009,620,Portugal,999999,Mercadorias não especificadas,568,"Other Europe, nes",127616662,48.017,1,0,265775500
2009,620,Portugal,999999,Mercadorias não especificadas,839,Special Categories,79968072,30.089,2,0,265775500
2009,620,Portugal,999999,Mercadorias não especificadas,837,Bunkers,26738751,10.061,3,0,265775500
2009,620,Portugal,999999,Mercadorias não especificadas,724,Espanha,14547774,5.474,4,0,265775500
2009,620,Portugal,999999,Mercadorias não especificadas,251,França,4129339,1.554,5,0,265775500
2009,620,Portugal,999999,Mercadorias não especificadas,24,Angola,2745,0.001,39,1,265775500
2009,710,África do Sul,020714,Carne de aves,716,Zimbabué,4568712,53.47,1,0,8544511
2009,710,África do Sul,020714,Carne de aves,508,Moçambique,2188071,25.608,2,0,8544511
2009,710,África do Sul,020714,Carne de aves,180,RD Congo,466574,5.461,3,0,8544511
2009,710,África do Sul,020714,Carne de aves,24,Angola,295651,3.46,4,1,8544511
2009,710,África do Sul,020714,Carne de aves,837,Bunkers,279754,3.274,5,0,8544511
2009,710,África do Sul,020714,Carne de aves,288,Gana,240977,2.82,6,0,8544511
2009,710,África do Sul,110100,Farinha de trigo,716,Zimbabué,19769591,88.521,1,0,22333202
2009,710,África do Sul,110100,Farinha de trigo,180,RD Congo,1317679,5.9,2,0,22333202
2009,710,África do Sul,110100,Farinha de trigo,454,Malawi,287323,1.287,3,0,22333202
2009,710,África do Sul,110100,Farinha de trigo,24,Angola,238822,1.069,4,1,22333202
2009,710,África do Sul,110100,Farinha de trigo,837,Bunkers,234588,1.05,5,0,22333202
2009,710,África do Sul,110100,Farinha de trigo,508,Moçambique,191976,0.86,6,0,22333202
2009,710,África do Sul,271011,Combustíveis refinados,837,Bunkers,426208591,40.101,1,0,1062825104
2009,710,África do Sul,271011,Combustíveis refinados,716,Zimbabué,184762235,17.384,2,0,1062825104
2009,710,África do Sul,271011,Combustíveis refinados,508,Moçambique,102942745,9.686,3,0,1062825104
2009,710,África do Sul,271011,Combustíveis refinados,894,Zâmbia,94337087,8.876,4,0,1062825104
2009,710,África do Sul,271011,Combustíveis refinados,180,RD Congo,68943498,6.487,5,0,1062825104
2009,710,África do Sul,271011,Combustíveis refinados,24,Angola,25049494,2.357,7,1,1062825104
2009,710,África do Sul,271019,Combustíveis refinados,458,Malásia,14785267,33.224,1,0,44501705
2009,710,África do Sul,271019,Combustíveis refinados,24,Angola,5711402,12.834,2,1,44501705
2009,710,África do Sul,271019,Combustíveis refinados,36,Austrália,3616345,8.126,3,0,44501705
2009,710,África do Sul,271019,Combustíveis refinados,702,Singapura,3430760,7.709,4,0,44501705
2009,710,África do Sul,271019,Combustíveis refinados,716,Zimbabué,3177859,7.141,5,0,44501705
2009,710,África do Sul,271019,Combustíveis refinados,528,Países Baixos,2087354,4.691,6,0,44501705
2009,710,África do Sul,843143,Partes de máquinas de terraplanagem,508,Moçambique,8183400,25.041,1,0,32679752
2009,710,África do Sul,843143,Partes de máquinas de terraplanagem,834,Tanzânia,2790669,8.539,2,0,32679752
2009,710,África do Sul,843143,Partes de máquinas de terraplanagem,124,Canadá,2678815,8.197,3,0,32679752
2009,710,África do Sul,843143,Partes de máquinas de terraplanagem,752,Suécia,2318226,7.094,4,0,32679752
2009,710,África do Sul,843143,Partes de máquinas de terraplanagem,36,Austrália,2232447,6.831,5,0,32679752
2009,710,África do Sul,843143,Partes de máquinas de terraplanagem,24,Angola,276497,0.846,23,1,32679752
2009,710,África do Sul,890520,Plataformas e dragas,566,Nigéria,6985,61.935,1,0,11278
2009,710,África do Sul,890520,Plataformas e dragas,837,Bunkers,4293,38.065,2,0,11278
2009,710,África do Sul,999999,Mercadorias não especificadas,826,Reino Unido,2365118,42.661,1,0,5543922
2009,710,África do Sul,999999,Mercadorias não especificadas,36,Austrália,420289,7.581,2,0,5543922
2009,710,África do Sul,999999,Mercadorias não especificadas,196,Chipre,331044,5.971,3,0,5543922
2009,710,África do Sul,999999,Mercadorias não especificadas,276,Alemanha,299138,5.396,4,0,5543922
2009,710,África do Sul,999999,Mercadorias não especificadas,404,Quénia,221604,3.997,5,0,5543922
2009,710,África do Sul,999999,Mercadorias não especificadas,24,Angola,7892,0.142,41,1,5543922
2009,842,EUA,020714,Carne de aves,643,Rússia,743647188,25.016,1,0,2972643988
2009,842,EUA,020714,Carne de aves,156,China,648210288,21.806,2,0,2972643988
2009,842,EUA,020714,Carne de aves,344,Hong Kong (RAEHK),155516054,5.232,3,0,2972643988
2009,842,EUA,020714,Carne de aves,484,México,141235404,4.751,4,0,2972643988
2009,842,EUA,020714,Carne de aves,192,Cuba,137322869,4.62,5,0,2972643988
2009,842,EUA,020714,Carne de aves,24,Angola,56705784,1.908,10,1,2972643988
2009,842,EUA,110100,Farinha de trigo,124,Canadá,36569107,27.645,1,0,132282092
2009,842,EUA,110100,Farinha de trigo,484,México,20306853,15.351,2,0,132282092
2009,842,EUA,110100,Farinha de trigo,586,Paquistão,12224801,9.241,3,0,132282092
2009,842,EUA,110100,Farinha de trigo,784,Emirados Árabes Unidos,9604272,7.26,4,0,132282092
2009,842,EUA,110100,Farinha de trigo,56,Bélgica,7483566,5.657,5,0,132282092
2009,842,EUA,110100,Farinha de trigo,24,Angola,8245,0.006,78,1,132282092
2009,842,EUA,271011,Combustíveis refinados,484,México,3998047223,54.773,1,0,7299308515
2009,842,EUA,271011,Combustíveis refinados,124,Canadá,786128502,10.77,2,0,7299308515
2009,842,EUA,271011,Combustíveis refinados,862,Venezuela,444831284,6.094,3,0,7299308515
2009,842,EUA,271011,Combustíveis refinados,218,Equador,328820526,4.505,4,0,7299308515
2009,842,EUA,271011,Combustíveis refinados,188,Costa Rica,210195590,2.88,5,0,7299308515
2009,842,EUA,271011,Combustíveis refinados,24,Angola,14575,0.0,101,1,7299308515
2009,842,EUA,271019,Combustíveis refinados,528,Países Baixos,4400050283,15.066,1,0,29204735842
2009,842,EUA,271019,Combustíveis refinados,484,México,2332440014,7.987,2,0,29204735842
2009,842,EUA,271019,Combustíveis refinados,702,Singapura,2325802344,7.964,3,0,29204735842
2009,842,EUA,271019,Combustíveis refinados,124,Canadá,2235390174,7.654,4,0,29204735842
2009,842,EUA,271019,Combustíveis refinados,152,Chile,1576543845,5.398,5,0,29204735842
2009,842,EUA,271019,Combustíveis refinados,24,Angola,44148816,0.151,49,1,29204735842
2009,842,EUA,843143,Partes de máquinas de terraplanagem,702,Singapura,773435862,10.299,1,0,7510085940
2009,842,EUA,843143,Partes de máquinas de terraplanagem,76,Brasil,623445431,8.301,2,0,7510085940
2009,842,EUA,843143,Partes de máquinas de terraplanagem,784,Emirados Árabes Unidos,405842980,5.404,3,0,7510085940
2009,842,EUA,843143,Partes de máquinas de terraplanagem,156,China,352300526,4.691,4,0,7510085940
2009,842,EUA,843143,Partes de máquinas de terraplanagem,484,México,351342737,4.678,5,0,7510085940
2009,842,EUA,843143,Partes de máquinas de terraplanagem,24,Angola,314814749,4.192,8,1,7510085940
2009,842,EUA,890520,Plataformas e dragas,784,Emirados Árabes Unidos,5265871,90.767,1,0,5801544
2009,842,EUA,890520,Plataformas e dragas,152,Chile,535673,9.233,2,0,5801544
2009,842,EUA,999999,Mercadorias não especificadas,124,Canadá,11093176157,10.517,1,0,105478341327
2009,842,EUA,999999,Mercadorias não especificadas,251,França,9512646368,9.019,2,0,105478341327
2009,842,EUA,999999,Mercadorias não especificadas,826,Reino Unido,7142070360,6.771,3,0,105478341327
2009,842,EUA,999999,Mercadorias não especificadas,276,Alemanha,6504202794,6.166,4,0,105478341327
2009,842,EUA,999999,Mercadorias não especificadas,156,China,5918147674,5.611,5,0,105478341327
2009,842,EUA,999999,Mercadorias não especificadas,24,Angola,103392498,0.098,83,1,105478341327
2010,76,Brasil,020714,Carne de aves,392,Japão,898613016,25.462,1,0,3529251441
2010,76,Brasil,020714,Carne de aves,344,Hong Kong (RAEHK),490719792,13.904,2,0,3529251441
2010,76,Brasil,020714,Carne de aves,682,Arábia Saudita,258282630,7.318,3,0,3529251441
2010,76,Brasil,020714,Carne de aves,643,Rússia,230908843,6.543,4,0,3529251441
2010,76,Brasil,020714,Carne de aves,156,China,219566793,6.221,5,0,3529251441
2010,76,Brasil,020714,Carne de aves,24,Angola,44360667,1.257,14,1,3529251441
2010,76,Brasil,110100,Farinha de trigo,68,Bolívia,508185,70.46,1,0,721236
2010,76,Brasil,110100,Farinha de trigo,600,Paraguai,192827,26.736,2,0,721236
2010,76,Brasil,110100,Farinha de trigo,842,EUA,11823,1.639,3,0,721236
2010,76,Brasil,110100,Farinha de trigo,24,Angola,2650,0.367,4,1,721236
2010,76,Brasil,110100,Farinha de trigo,826,Reino Unido,2096,0.291,5,0,721236
2010,76,Brasil,110100,Farinha de trigo,858,Uruguai,738,0.102,6,0,721236
2010,76,Brasil,271011,Combustíveis refinados,530,Netherlands Antilles (...2010),265293352,70.811,1,0,374648162
2010,76,Brasil,271011,Combustíveis refinados,566,Nigéria,42508536,11.346,2,0,374648162
2010,76,Brasil,271011,Combustíveis refinados,842,EUA,21734410,5.801,3,0,374648162
2010,76,Brasil,271011,Combustíveis refinados,68,Bolívia,17894404,4.776,4,0,374648162
2010,76,Brasil,271011,Combustíveis refinados,604,Peru,10328306,2.757,5,0,374648162
2010,76,Brasil,271011,Combustíveis refinados,24,Angola,6300,0.002,20,1,374648162
2010,76,Brasil,271019,Combustíveis refinados,530,Netherlands Antilles (...2010),645517780,24.03,1,0,2686268376
2010,76,Brasil,271019,Combustíveis refinados,702,Singapura,528837437,19.687,2,0,2686268376
2010,76,Brasil,271019,Combustíveis refinados,32,Argentina,434997338,16.193,3,0,2686268376
2010,76,Brasil,271019,Combustíveis refinados,528,Países Baixos,361083922,13.442,4,0,2686268376
2010,76,Brasil,271019,Combustíveis refinados,600,Paraguai,278605831,10.371,5,0,2686268376
2010,76,Brasil,271019,Combustíveis refinados,24,Angola,645871,0.024,15,1,2686268376
2010,76,Brasil,843143,Partes de máquinas de terraplanagem,842,EUA,945326,20.376,1,0,4639438
2010,76,Brasil,843143,Partes de máquinas de terraplanagem,780,Trinidad and Tobago,533766,11.505,2,0,4639438
2010,76,Brasil,843143,Partes de máquinas de terraplanagem,862,Venezuela,337454,7.274,3,0,4639438
2010,76,Brasil,843143,Partes de máquinas de terraplanagem,324,Guinea,297992,6.423,4,0,4639438
2010,76,Brasil,843143,Partes de máquinas de terraplanagem,92,Br. Virgin Isds,273388,5.893,5,0,4639438
2010,76,Brasil,843143,Partes de máquinas de terraplanagem,24,Angola,180129,3.883,7,1,4639438
2010,76,Brasil,999999,Mercadorias não especificadas,837,Bunkers,3568951963,94.339,1,0,3783113177
2010,76,Brasil,999999,Mercadorias não especificadas,842,EUA,73413251,1.941,2,0,3783113177
2010,76,Brasil,999999,Mercadorias não especificadas,620,Portugal,21764178,0.575,3,0,3783113177
2010,76,Brasil,999999,Mercadorias não especificadas,251,França,15217183,0.402,4,0,3783113177
2010,76,Brasil,999999,Mercadorias não especificadas,156,China,12877387,0.34,5,0,3783113177
2010,76,Brasil,999999,Mercadorias não especificadas,24,Angola,565202,0.015,42,1,3783113177
2010,156,China,020714,Carne de aves,344,Hong Kong (RAEHK),111001595,56.129,1,0,197761656
2010,156,China,020714,Carne de aves,458,Malásia,48025623,24.285,2,0,197761656
2010,156,China,020714,Carne de aves,48,Barém,10923524,5.524,3,0,197761656
2010,156,China,020714,Carne de aves,417,Kyrgyzstan,6364238,3.218,4,0,197761656
2010,156,China,020714,Carne de aves,784,Emirados Árabes Unidos,5496227,2.779,5,0,197761656
2010,156,China,020714,Carne de aves,24,Angola,127063,0.064,18,1,197761656
2010,156,China,110100,Farinha de trigo,344,Hong Kong (RAEHK),56569571,48.055,1,0,117717569
2010,156,China,110100,Farinha de trigo,408,Coreia do Norte,40246857,34.189,2,0,117717569
2010,156,China,110100,Farinha de trigo,764,Tailândia,9468630,8.044,3,0,117717569
2010,156,China,110100,Farinha de trigo,704,Vietname,3628626,3.082,4,0,117717569
2010,156,China,110100,Farinha de trigo,446,Macau (RAEM),3543299,3.01,5,0,117717569
2010,156,China,110100,Farinha de trigo,24,Angola,26900,0.023,13,1,117717569
2010,156,China,271011,Combustíveis refinados,702,Singapura,1600097221,36.452,1,0,4389588528
2010,156,China,271011,Combustíveis refinados,360,Indonésia,1479980141,33.716,2,0,4389588528
2010,156,China,271011,Combustíveis refinados,392,Japão,401417096,9.145,3,0,4389588528
2010,156,China,271011,Combustíveis refinados,704,Vietname,358745612,8.173,4,0,4389588528
2010,156,China,271011,Combustíveis refinados,410,Coreia do Sul,232036210,5.286,5,0,4389588528
2010,156,China,271019,Combustíveis refinados,344,Hong Kong (RAEHK),3592574537,28.426,1,0,12638368003
2010,156,China,271019,Combustíveis refinados,591,Panamá,2142955365,16.956,2,0,12638368003
2010,156,China,271019,Combustíveis refinados,702,Singapura,1467513364,11.612,3,0,12638368003
2010,156,China,271019,Combustíveis refinados,704,Vietname,809374992,6.404,4,0,12638368003
2010,156,China,271019,Combustíveis refinados,842,EUA,396633521,3.138,5,0,12638368003
2010,156,China,271019,Combustíveis refinados,24,Angola,6176810,0.049,57,1,12638368003
2010,156,China,843143,Partes de máquinas de terraplanagem,842,EUA,217902462,15.312,1,0,1423081406
2010,156,China,843143,Partes de máquinas de terraplanagem,398,Cazaquistão,130436307,9.166,2,0,1423081406
2010,156,China,843143,Partes de máquinas de terraplanagem,364,Irão,121096793,8.509,3,0,1423081406
2010,156,China,843143,Partes de máquinas de terraplanagem,702,Singapura,103348361,7.262,4,0,1423081406
2010,156,China,843143,Partes de máquinas de terraplanagem,368,Iraque,87461556,6.146,5,0,1423081406
2010,156,China,843143,Partes de máquinas de terraplanagem,24,Angola,1378373,0.097,69,1,1423081406
2010,156,China,890520,Plataformas e dragas,76,Brasil,340530857,36.967,1,0,921165821
2010,156,China,890520,Plataformas e dragas,702,Singapura,304205634,33.024,2,0,921165821
2010,156,China,890520,Plataformas e dragas,360,Indonésia,212535793,23.072,3,0,921165821
2010,156,China,890520,Plataformas e dragas,208,Dinamarca,37777322,4.101,4,0,921165821
2010,156,China,890520,Plataformas e dragas,36,Austrália,22572847,2.45,5,0,921165821
2010,156,China,999999,Mercadorias não especificadas,392,Japão,855768974,58.331,1,0,1467100991
2010,156,China,999999,Mercadorias não especificadas,344,Hong Kong (RAEHK),169440862,11.549,2,0,1467100991
2010,156,China,999999,Mercadorias não especificadas,842,EUA,151066030,10.297,3,0,1467100991
2010,156,China,999999,Mercadorias não especificadas,490,Taiwan (Prov. China),49753248,3.391,4,0,1467100991
2010,156,China,999999,Mercadorias não especificadas,702,Singapura,40030927,2.729,5,0,1467100991
2010,156,China,999999,Mercadorias não especificadas,24,Angola,3950,0.0,125,1,1467100991
2010,620,Portugal,020714,Carne de aves,724,Espanha,4419135,59.679,1,0,7404891
2010,620,Portugal,020714,Carne de aves,380,Itália,917319,12.388,2,0,7404891
2010,620,Portugal,020714,Carne de aves,251,França,476573,6.436,3,0,7404891
2010,620,Portugal,020714,Carne de aves,678,São Tomé e Príncipe,432922,5.846,4,0,7404891
2010,620,Portugal,020714,Carne de aves,344,Hong Kong (RAEHK),287681,3.885,5,0,7404891
2010,620,Portugal,020714,Carne de aves,24,Angola,172886,2.335,6,1,7404891
2010,620,Portugal,110100,Farinha de trigo,724,Espanha,6440693,61.987,1,0,10390435
2010,620,Portugal,110100,Farinha de trigo,24,Angola,1686583,16.232,2,1,10390435
2010,620,Portugal,110100,Farinha de trigo,678,São Tomé e Príncipe,1553208,14.948,3,0,10390435
2010,620,Portugal,110100,Farinha de trigo,132,Cabo Verde,311690,3.0,4,0,10390435
2010,620,Portugal,110100,Farinha de trigo,251,França,104435,1.005,5,0,10390435
2010,620,Portugal,110100,Farinha de trigo,624,Guiné-Bissau,52315,0.503,6,0,10390435
2010,620,Portugal,271011,Combustíveis refinados,842,EUA,467046642,45.616,1,0,1023857093
2010,620,Portugal,271011,Combustíveis refinados,484,México,296679618,28.977,2,0,1023857093
2010,620,Portugal,271011,Combustíveis refinados,528,Países Baixos,160578496,15.684,3,0,1023857093
2010,620,Portugal,271011,Combustíveis refinados,566,Nigéria,27554156,2.691,4,0,1023857093
2010,620,Portugal,271011,Combustíveis refinados,124,Canadá,24722101,2.415,5,0,1023857093
2010,620,Portugal,271011,Combustíveis refinados,24,Angola,100126,0.01,14,1,1023857093
2010,620,Portugal,271019,Combustíveis refinados,837,Bunkers,983272480,58.056,1,0,1693656055
2010,620,Portugal,271019,Combustíveis refinados,292,Gibraltar,272345600,16.08,2,0,1693656055
2010,620,Portugal,271019,Combustíveis refinados,826,Reino Unido,98389145,5.809,3,0,1693656055
2010,620,Portugal,271019,Combustíveis refinados,899,"Areas, nes",96497871,5.698,4,0,1693656055
2010,620,Portugal,271019,Combustíveis refinados,724,Espanha,72214048,4.264,5,0,1693656055
2010,620,Portugal,271019,Combustíveis refinados,24,Angola,24227923,1.431,6,1,1693656055
2010,620,Portugal,843143,Partes de máquinas de terraplanagem,24,Angola,3295888,67.613,1,1,4874610
2010,620,Portugal,843143,Partes de máquinas de terraplanagem,12,Argélia,625050,12.823,2,0,4874610
2010,620,Portugal,843143,Partes de máquinas de terraplanagem,226,Guiné Equatorial,227980,4.677,3,0,4874610
2010,620,Portugal,843143,Partes de máquinas de terraplanagem,508,Moçambique,211947,4.348,4,0,4874610
2010,620,Portugal,843143,Partes de máquinas de terraplanagem,132,Cabo Verde,168184,3.45,5,0,4874610
2010,620,Portugal,843143,Partes de máquinas de terraplanagem,724,Espanha,83856,1.72,6,0,4874610
2010,620,Portugal,890520,Plataformas e dragas,24,Angola,73793,91.005,1,1,81087
2010,620,Portugal,890520,Plataformas e dragas,724,Espanha,7294,8.995,2,0,81087
2010,620,Portugal,999999,Mercadorias não especificadas,568,"Other Europe, nes",120562376,44.403,1,0,271517584
2010,620,Portugal,999999,Mercadorias não especificadas,839,Special Categories,72341417,26.643,2,0,271517584
2010,620,Portugal,999999,Mercadorias não especificadas,837,Bunkers,39411869,14.515,3,0,271517584
2010,620,Portugal,999999,Mercadorias não especificadas,724,Espanha,14142046,5.209,4,0,271517584
2010,620,Portugal,999999,Mercadorias não especificadas,251,França,8329626,3.068,5,0,271517584
2010,620,Portugal,999999,Mercadorias não especificadas,24,Angola,787443,0.29,11,1,271517584
2010,710,África do Sul,020714,Carne de aves,516,Namíbia,44723212,56.434,1,0,79248704
2010,710,África do Sul,020714,Carne de aves,426,Lesotho,17958860,22.661,2,0,79248704
2010,710,África do Sul,020714,Carne de aves,508,Moçambique,8014462,10.113,3,0,79248704
2010,710,África do Sul,020714,Carne de aves,72,Botsuana,5431913,6.854,4,0,79248704
2010,710,África do Sul,020714,Carne de aves,716,Zimbabué,1245899,1.572,5,0,79248704
2010,710,África do Sul,020714,Carne de aves,24,Angola,374036,0.472,6,1,79248704
2010,710,África do Sul,110100,Farinha de trigo,716,Zimbabué,33555081,68.611,1,0,48906474
2010,710,África do Sul,110100,Farinha de trigo,426,Lesotho,8367370,17.109,2,0,48906474
2010,710,África do Sul,110100,Farinha de trigo,72,Botsuana,3626013,7.414,3,0,48906474
2010,710,África do Sul,110100,Farinha de trigo,180,RD Congo,955459,1.954,4,0,48906474
2010,710,África do Sul,110100,Farinha de trigo,508,Moçambique,733087,1.499,5,0,48906474
2010,710,África do Sul,110100,Farinha de trigo,24,Angola,104577,0.214,11,1,48906474
2010,710,África do Sul,271011,Combustíveis refinados,72,Botsuana,781247051,34.367,1,0,2273216315
2010,710,África do Sul,271011,Combustíveis refinados,899,"Areas, nes",211152763,9.289,2,0,2273216315
2010,710,África do Sul,271011,Combustíveis refinados,748,Eswatini,191295571,8.415,3,0,2273216315
2010,710,África do Sul,271011,Combustíveis refinados,716,Zimbabué,181505253,7.985,4,0,2273216315
2010,710,África do Sul,271011,Combustíveis refinados,426,Lesotho,139166325,6.122,5,0,2273216315
2010,710,África do Sul,271011,Combustíveis refinados,24,Angola,31309666,1.377,14,1,2273216315
2010,710,África do Sul,271019,Combustíveis refinados,528,Países Baixos,26512468,33.811,1,0,78414641
2010,710,África do Sul,271019,Combustíveis refinados,458,Malásia,11980577,15.278,2,0,78414641
2010,710,África do Sul,271019,Combustíveis refinados,24,Angola,6874614,8.767,3,1,78414641
2010,710,África do Sul,271019,Combustíveis refinados,699,Índia,5747881,7.33,4,0,78414641
2010,710,África do Sul,271019,Combustíveis refinados,716,Zimbabué,4979903,6.351,5,0,78414641
2010,710,África do Sul,271019,Combustíveis refinados,36,Austrália,3128379,3.99,6,0,78414641
2010,710,África do Sul,843143,Partes de máquinas de terraplanagem,834,Tanzânia,5837777,11.063,1,0,52770706
2010,710,África do Sul,843143,Partes de máquinas de terraplanagem,36,Austrália,5642057,10.692,2,0,52770706
2010,710,África do Sul,843143,Partes de máquinas de terraplanagem,894,Zâmbia,4961365,9.402,3,0,52770706
2010,710,África do Sul,843143,Partes de máquinas de terraplanagem,842,EUA,4375673,8.292,4,0,52770706
2010,710,África do Sul,843143,Partes de máquinas de terraplanagem,516,Namíbia,4041085,7.658,5,0,52770706
2010,710,África do Sul,843143,Partes de máquinas de terraplanagem,24,Angola,826196,1.566,16,1,52770706
2010,710,África do Sul,890520,Plataformas e dragas,508,Moçambique,72835,77.603,1,0,93855
2010,710,África do Sul,890520,Plataformas e dragas,516,Namíbia,10993,11.712,2,0,93855
2010,710,África do Sul,890520,Plataformas e dragas,404,Quénia,8195,8.732,3,0,93855
2010,710,África do Sul,890520,Plataformas e dragas,72,Botsuana,942,1.004,4,0,93855
2010,710,África do Sul,890520,Plataformas e dragas,837,Bunkers,727,0.774,5,0,93855
2010,710,África do Sul,999999,Mercadorias não especificadas,837,Bunkers,23004065,52.602,1,0,43732171
2010,710,África do Sul,999999,Mercadorias não especificadas,426,Lesotho,4356189,9.961,2,0,43732171
2010,710,África do Sul,999999,Mercadorias não especificadas,516,Namíbia,3208408,7.336,3,0,43732171
2010,710,África do Sul,999999,Mercadorias não especificadas,72,Botsuana,3181866,7.276,4,0,43732171
2010,710,África do Sul,999999,Mercadorias não especificadas,276,Alemanha,1882057,4.304,5,0,43732171
2010,710,África do Sul,999999,Mercadorias não especificadas,24,Angola,234374,0.536,15,1,43732171
2010,842,EUA,020714,Carne de aves,344,Hong Kong (RAEHK),620643242,21.815,1,0,2844965931
2010,842,EUA,020714,Carne de aves,643,Rússia,307322419,10.802,2,0,2844965931
2010,842,EUA,020714,Carne de aves,484,México,162903239,5.726,3,0,2844965931
2010,842,EUA,020714,Carne de aves,156,China,135194928,4.752,4,0,2844965931
2010,842,EUA,020714,Carne de aves,24,Angola,129539084,4.553,5,1,2844965931
2010,842,EUA,020714,Carne de aves,490,Taiwan (Prov. China),104126417,3.66,6,0,2844965931
2010,842,EUA,110100,Farinha de trigo,124,Canadá,35663346,25.496,1,0,139880515
2010,842,EUA,110100,Farinha de trigo,586,Paquistão,29261554,20.919,2,0,139880515
2010,842,EUA,110100,Farinha de trigo,484,México,25390913,18.152,3,0,139880515
2010,842,EUA,110100,Farinha de trigo,404,Quénia,6844157,4.893,4,0,139880515
2010,842,EUA,110100,Farinha de trigo,144,Sri Lanka,6452000,4.613,5,0,139880515
2010,842,EUA,271011,Combustíveis refinados,484,México,7349016365,52.239,1,0,14068120831
2010,842,EUA,271011,Combustíveis refinados,124,Canadá,2268319344,16.124,2,0,14068120831
2010,842,EUA,271011,Combustíveis refinados,218,Equador,658034298,4.677,3,0,14068120831
2010,842,EUA,271011,Combustíveis refinados,528,Países Baixos,400127573,2.844,4,0,14068120831
2010,842,EUA,271011,Combustíveis refinados,152,Chile,398046776,2.829,5,0,14068120831
2010,842,EUA,271011,Combustíveis refinados,24,Angola,10875,0.0,117,1,14068120831
2010,842,EUA,271019,Combustíveis refinados,528,Países Baixos,5900137352,14.804,1,0,39855053124
2010,842,EUA,271019,Combustíveis refinados,484,México,4094308825,10.273,2,0,39855053124
2010,842,EUA,271019,Combustíveis refinados,702,Singapura,3203741439,8.038,3,0,39855053124
2010,842,EUA,271019,Combustíveis refinados,124,Canadá,2787182797,6.993,4,0,39855053124
2010,842,EUA,271019,Combustíveis refinados,591,Panamá,2231777455,5.6,5,0,39855053124
2010,842,EUA,271019,Combustíveis refinados,24,Angola,1195341,0.003,87,1,39855053124
2010,842,EUA,843143,Partes de máquinas de terraplanagem,702,Singapura,721947225,10.449,1,0,6909269189
2010,842,EUA,843143,Partes de máquinas de terraplanagem,410,Coreia do Sul,720038756,10.421,2,0,6909269189
2010,842,EUA,843143,Partes de máquinas de terraplanagem,76,Brasil,506634185,7.333,3,0,6909269189
2010,842,EUA,843143,Partes de máquinas de terraplanagem,124,Canadá,356262019,5.156,4,0,6909269189
2010,842,EUA,843143,Partes de máquinas de terraplanagem,826,Reino Unido,324532432,4.697,5,0,6909269189
2010,842,EUA,843143,Partes de máquinas de terraplanagem,24,Angola,206932238,2.995,10,1,6909269189
2010,842,EUA,890520,Plataformas e dragas,48,Barém,190000000,87.65,1,0,216771596
2010,842,EUA,890520,Plataformas e dragas,784,Emirados Árabes Unidos,9327632,4.303,2,0,216771596
2010,842,EUA,890520,Plataformas e dragas,566,Nigéria,7000000,3.229,3,0,216771596
2010,842,EUA,890520,Plataformas e dragas,458,Malásia,6189591,2.855,4,0,216771596
2010,842,EUA,890520,Plataformas e dragas,484,México,3600000,1.661,5,0,216771596
2010,842,EUA,890520,Plataformas e dragas,24,Angola,129373,0.06,8,1,216771596
2010,842,EUA,999999,Mercadorias não especificadas,124,Canadá,10180332254,9.066,1,0,112295168970
2010,842,EUA,999999,Mercadorias não especificadas,251,França,8422390908,7.5,2,0,112295168970
2010,842,EUA,999999,Mercadorias não especificadas,826,Reino Unido,7568708463,6.74,3,0,112295168970
2010,842,EUA,999999,Mercadorias não especificadas,276,Alemanha,7071454369,6.297,4,0,112295168970
2010,842,EUA,999999,Mercadorias não especificadas,156,China,7055794721,6.283,5,0,112295168970
2010,842,EUA,999999,Mercadorias não especificadas,24,Angola,93169718,0.083,78,1,112295168970
2011,76,Brasil,020714,Carne de aves,392,Japão,1313548943,29.508,1,0,4451430297
2011,76,Brasil,020714,Carne de aves,344,Hong Kong (RAEHK),544120849,12.224,2,0,4451430297
2011,76,Brasil,020714,Carne de aves,156,China,422699320,9.496,3,0,4451430297
2011,76,Brasil,020714,Carne de aves,682,Arábia Saudita,374480820,8.413,4,0,4451430297
2011,76,Brasil,020714,Carne de aves,784,Emirados Árabes Unidos,198185570,4.452,5,0,4451430297
2011,76,Brasil,020714,Carne de aves,24,Angola,71854769,1.614,11,1,4451430297
2011,76,Brasil,110100,Farinha de trigo,68,Bolívia,724031,79.938,1,0,905737
2011,76,Brasil,110100,Farinha de trigo,600,Paraguai,119198,13.16,2,0,905737
2011,76,Brasil,110100,Farinha de trigo,24,Angola,26661,2.944,3,1,905737
2011,76,Brasil,110100,Farinha de trigo,842,EUA,24288,2.682,4,0,905737
2011,76,Brasil,110100,Farinha de trigo,624,Guiné-Bissau,7330,0.809,5,0,905737
2011,76,Brasil,110100,Farinha de trigo,792,Turquia,1535,0.169,6,0,905737
2011,76,Brasil,271011,Combustíveis refinados,531,Curaçao,104264662,45.496,1,0,229174174
2011,76,Brasil,271011,Combustíveis refinados,68,Bolívia,33920972,14.801,2,0,229174174
2011,76,Brasil,271011,Combustíveis refinados,566,Nigéria,32200700,14.051,3,0,229174174
2011,76,Brasil,271011,Combustíveis refinados,842,EUA,14156952,6.177,4,0,229174174
2011,76,Brasil,271011,Combustíveis refinados,604,Peru,10923512,4.766,5,0,229174174
2011,76,Brasil,271011,Combustíveis refinados,24,Angola,13681,0.006,18,1,229174174
2011,76,Brasil,271019,Combustíveis refinados,528,Países Baixos,967334991,23.697,1,0,4082146660
2011,76,Brasil,271019,Combustíveis refinados,531,Curaçao,909955335,22.291,2,0,4082146660
2011,76,Brasil,271019,Combustíveis refinados,702,Singapura,802961637,19.67,3,0,4082146660
2011,76,Brasil,271019,Combustíveis refinados,32,Argentina,760261933,18.624,4,0,4082146660
2011,76,Brasil,271019,Combustíveis refinados,858,Uruguai,358675410,8.786,5,0,4082146660
2011,76,Brasil,271019,Combustíveis refinados,24,Angola,1149030,0.028,17,1,4082146660
2011,76,Brasil,843143,Partes de máquinas de terraplanagem,842,EUA,3325607,32.53,1,0,10223301
2011,76,Brasil,843143,Partes de máquinas de terraplanagem,862,Venezuela,979139,9.578,2,0,10223301
2011,76,Brasil,843143,Partes de máquinas de terraplanagem,410,Coreia do Sul,678900,6.641,3,0,10223301
2011,76,Brasil,843143,Partes de máquinas de terraplanagem,484,México,448352,4.386,4,0,10223301
2011,76,Brasil,843143,Partes de máquinas de terraplanagem,324,Guinea,411897,4.029,5,0,10223301
2011,76,Brasil,843143,Partes de máquinas de terraplanagem,24,Angola,305089,2.984,8,1,10223301
2011,76,Brasil,890520,Plataformas e dragas,124,Canadá,130219,100.0,1,0,130219
2011,76,Brasil,999999,Mercadorias não especificadas,837,Bunkers,4812385968,94.972,1,0,5067161255
2011,76,Brasil,999999,Mercadorias não especificadas,842,EUA,87172346,1.72,2,0,5067161255
2011,76,Brasil,999999,Mercadorias não especificadas,620,Portugal,27287505,0.539,3,0,5067161255
2011,76,Brasil,999999,Mercadorias não especificadas,156,China,26440159,0.522,4,0,5067161255
2011,76,Brasil,999999,Mercadorias não especificadas,826,Reino Unido,14110923,0.278,5,0,5067161255
2011,76,Brasil,999999,Mercadorias não especificadas,24,Angola,938770,0.019,34,1,5067161255
2011,156,China,020714,Carne de aves,344,Hong Kong (RAEHK),125741253,48.937,1,0,256943526
2011,156,China,020714,Carne de aves,458,Malásia,78727843,30.64,2,0,256943526
2011,156,China,020714,Carne de aves,48,Barém,13724408,5.341,3,0,256943526
2011,156,China,020714,Carne de aves,368,Iraque,12568872,4.892,4,0,256943526
2011,156,China,020714,Carne de aves,417,Kyrgyzstan,9540579,3.713,5,0,256943526
2011,156,China,020714,Carne de aves,24,Angola,62091,0.024,21,1,256943526
2011,156,China,110100,Farinha de trigo,344,Hong Kong (RAEHK),71307901,49.716,1,0,143429487
2011,156,China,110100,Farinha de trigo,408,Coreia do Norte,50289116,35.062,2,0,143429487
2011,156,China,110100,Farinha de trigo,764,Tailândia,9958116,6.943,3,0,143429487
2011,156,China,110100,Farinha de trigo,446,Macau (RAEM),4531410,3.159,4,0,143429487
2011,156,China,110100,Farinha de trigo,262,Djibouti,2679284,1.868,5,0,143429487
2011,156,China,110100,Farinha de trigo,24,Angola,200148,0.14,11,1,143429487
2011,156,China,271011,Combustíveis refinados,360,Indonésia,2274729314,53.455,1,0,4255389594
2011,156,China,271011,Combustíveis refinados,702,Singapura,915157333,21.506,2,0,4255389594
2011,156,China,271011,Combustíveis refinados,392,Japão,323314198,7.598,3,0,4255389594
2011,156,China,271011,Combustíveis refinados,704,Vietname,201926360,4.745,4,0,4255389594
2011,156,China,271011,Combustíveis refinados,608,Filipinas,183620452,4.315,5,0,4255389594
2011,156,China,271019,Combustíveis refinados,344,Hong Kong (RAEHK),4808022858,29.121,1,0,16510619086
2011,156,China,271019,Combustíveis refinados,591,Panamá,3338431763,20.22,2,0,16510619086
2011,156,China,271019,Combustíveis refinados,704,Vietname,944528725,5.721,3,0,16510619086
2011,156,China,271019,Combustíveis refinados,410,Coreia do Sul,770663789,4.668,4,0,16510619086
2011,156,China,271019,Combustíveis refinados,702,Singapura,668626831,4.05,5,0,16510619086
2011,156,China,271019,Combustíveis refinados,24,Angola,4332440,0.026,61,1,16510619086
2011,156,China,843143,Partes de máquinas de terraplanagem,842,EUA,380550085,21.442,1,0,1774805872
2011,156,China,843143,Partes de máquinas de terraplanagem,398,Cazaquistão,140780606,7.932,2,0,1774805872
2011,156,China,843143,Partes de máquinas de terraplanagem,368,Iraque,138825963,7.822,3,0,1774805872
2011,156,China,843143,Partes de máquinas de terraplanagem,364,Irão,119848903,6.753,4,0,1774805872
2011,156,China,843143,Partes de máquinas de terraplanagem,702,Singapura,109061922,6.145,5,0,1774805872
2011,156,China,843143,Partes de máquinas de terraplanagem,24,Angola,2130087,0.12,65,1,1774805872
2011,156,China,890520,Plataformas e dragas,579,Noruega,659785815,36.934,1,0,1786378637
2011,156,China,890520,Plataformas e dragas,76,Brasil,342875273,19.194,2,0,1786378637
2011,156,China,890520,Plataformas e dragas,818,Egito,241964968,13.545,3,0,1786378637
2011,156,China,890520,Plataformas e dragas,364,Irão,241058500,13.494,4,0,1786378637
2011,156,China,890520,Plataformas e dragas,842,EUA,114602357,6.415,5,0,1786378637
2011,156,China,999999,Mercadorias não especificadas,392,Japão,1014374071,43.318,1,0,2341691110
2011,156,China,999999,Mercadorias não especificadas,344,Hong Kong (RAEHK),523608828,22.36,2,0,2341691110
2011,156,China,999999,Mercadorias não especificadas,702,Singapura,287463254,12.276,3,0,2341691110
2011,156,China,999999,Mercadorias não especificadas,842,EUA,167886788,7.169,4,0,2341691110
2011,156,China,999999,Mercadorias não especificadas,699,Índia,55998451,2.391,5,0,2341691110
2011,156,China,999999,Mercadorias não especificadas,24,Angola,2452583,0.105,35,1,2341691110
2011,620,Portugal,020714,Carne de aves,724,Espanha,2090467,40.956,1,0,5104127
2011,620,Portugal,020714,Carne de aves,251,França,631234,12.367,2,0,5104127
2011,620,Portugal,020714,Carne de aves,344,Hong Kong (RAEHK),449673,8.81,3,0,5104127
2011,620,Portugal,020714,Carne de aves,24,Angola,422939,8.286,4,1,5104127
2011,620,Portugal,020714,Carne de aves,678,São Tomé e Príncipe,363479,7.121,5,0,5104127
2011,620,Portugal,020714,Carne de aves,380,Itália,314859,6.169,6,0,5104127
2011,620,Portugal,110100,Farinha de trigo,724,Espanha,6608257,46.546,1,0,14197188
2011,620,Portugal,110100,Farinha de trigo,24,Angola,4684325,32.995,2,1,14197188
2011,620,Portugal,110100,Farinha de trigo,678,São Tomé e Príncipe,1967663,13.86,3,0,14197188
2011,620,Portugal,110100,Farinha de trigo,624,Guiné-Bissau,526919,3.711,4,0,14197188
2011,620,Portugal,110100,Farinha de trigo,132,Cabo Verde,89271,0.629,5,0,14197188
2011,620,Portugal,110100,Farinha de trigo,251,França,61020,0.43,6,0,14197188
2011,620,Portugal,271011,Combustíveis refinados,842,EUA,456012727,41.452,1,0,1100110057
2011,620,Portugal,271011,Combustíveis refinados,484,México,327378348,29.759,2,0,1100110057
2011,620,Portugal,271011,Combustíveis refinados,528,Países Baixos,121939053,11.084,3,0,1100110057
2011,620,Portugal,271011,Combustíveis refinados,566,Nigéria,41354317,3.759,4,0,1100110057
2011,620,Portugal,271011,Combustíveis refinados,724,Espanha,40642010,3.694,5,0,1100110057
2011,620,Portugal,271011,Combustíveis refinados,24,Angola,22058005,2.005,7,1,1100110057
2011,620,Portugal,271019,Combustíveis refinados,837,Bunkers,1357252180,51.727,1,0,2623899515
2011,620,Portugal,271019,Combustíveis refinados,292,Gibraltar,351294727,13.388,2,0,2623899515
2011,620,Portugal,271019,Combustíveis refinados,724,Espanha,242586934,9.245,3,0,2623899515
2011,620,Portugal,271019,Combustíveis refinados,899,"Areas, nes",130482722,4.973,4,0,2623899515
2011,620,Portugal,271019,Combustíveis refinados,842,EUA,87868064,3.349,5,0,2623899515
2011,620,Portugal,271019,Combustíveis refinados,24,Angola,45388337,1.73,7,1,2623899515
2011,620,Portugal,843143,Partes de máquinas de terraplanagem,24,Angola,3236272,48.869,1,1,6622401
2011,620,Portugal,843143,Partes de máquinas de terraplanagem,508,Moçambique,1453505,21.948,2,0,6622401
2011,620,Portugal,843143,Partes de máquinas de terraplanagem,12,Argélia,553283,8.355,3,0,6622401
2011,620,Portugal,843143,Partes de máquinas de terraplanagem,132,Cabo Verde,479654,7.243,4,0,6622401
2011,620,Portugal,843143,Partes de máquinas de terraplanagem,226,Guiné Equatorial,243948,3.684,5,0,6622401
2011,620,Portugal,843143,Partes de máquinas de terraplanagem,320,Guatemala,119769,1.809,6,0,6622401
2011,620,Portugal,890520,Plataformas e dragas,724,Espanha,3877,66.661,1,0,5816
2011,620,Portugal,890520,Plataformas e dragas,826,Reino Unido,1939,33.339,2,0,5816
2011,620,Portugal,999999,Mercadorias não especificadas,837,Bunkers,39026503,86.495,1,0,45120171
2011,620,Portugal,999999,Mercadorias não especificadas,440,Lituânia,2010461,4.456,2,0,45120171
2011,620,Portugal,999999,Mercadorias não especificadas,76,Brasil,598169,1.326,3,0,45120171
2011,620,Portugal,999999,Mercadorias não especificadas,568,"Other Europe, nes",587655,1.302,4,0,45120171
2011,620,Portugal,999999,Mercadorias não especificadas,132,Cabo Verde,487275,1.08,5,0,45120171
2011,620,Portugal,999999,Mercadorias não especificadas,24,Angola,160422,0.356,10,1,45120171
2011,710,África do Sul,020714,Carne de aves,516,Namíbia,52663916,61.491,1,0,85645564
2011,710,África do Sul,020714,Carne de aves,426,Lesotho,18969024,22.148,2,0,85645564
2011,710,África do Sul,020714,Carne de aves,72,Botsuana,6148502,7.179,3,0,85645564
2011,710,África do Sul,020714,Carne de aves,508,Moçambique,5835906,6.814,4,0,85645564
2011,710,África do Sul,020714,Carne de aves,716,Zimbabué,725426,0.847,5,0,85645564
2011,710,África do Sul,020714,Carne de aves,24,Angola,156847,0.183,8,1,85645564
2011,710,África do Sul,110100,Farinha de trigo,716,Zimbabué,43607546,69.43,1,0,62808233
2011,710,África do Sul,110100,Farinha de trigo,426,Lesotho,11867455,18.895,2,0,62808233
2011,710,África do Sul,110100,Farinha de trigo,72,Botsuana,3015400,4.801,3,0,62808233
2011,710,África do Sul,110100,Farinha de trigo,516,Namíbia,2000826,3.186,4,0,62808233
2011,710,África do Sul,110100,Farinha de trigo,180,RD Congo,727397,1.158,5,0,62808233
2011,710,África do Sul,110100,Farinha de trigo,24,Angola,132970,0.212,9,1,62808233
2011,710,África do Sul,271011,Combustíveis refinados,72,Botsuana,889784732,33.164,1,0,2682996363
2011,710,África do Sul,271011,Combustíveis refinados,899,"Areas, nes",435826256,16.244,2,0,2682996363
2011,710,África do Sul,271011,Combustíveis refinados,426,Lesotho,253020601,9.431,3,0,2682996363
2011,710,África do Sul,271011,Combustíveis refinados,748,Eswatini,231872522,8.642,4,0,2682996363
2011,710,África do Sul,271011,Combustíveis refinados,716,Zimbabué,126932954,4.731,5,0,2682996363
2011,710,África do Sul,271011,Combustíveis refinados,24,Angola,55226166,2.058,12,1,2682996363
2011,710,África do Sul,271019,Combustíveis refinados,458,Malásia,36725565,30.485,1,0,120472832
2011,710,África do Sul,271019,Combustíveis refinados,528,Países Baixos,29464451,24.457,2,0,120472832
2011,710,África do Sul,271019,Combustíveis refinados,894,Zâmbia,13899916,11.538,3,0,120472832
2011,710,África do Sul,271019,Combustíveis refinados,76,Brasil,8676795,7.202,4,0,120472832
2011,710,África do Sul,271019,Combustíveis refinados,24,Angola,6272086,5.206,5,1,120472832
2011,710,África do Sul,271019,Combustíveis refinados,716,Zimbabué,6129569,5.088,6,0,120472832
2011,710,África do Sul,843143,Partes de máquinas de terraplanagem,894,Zâmbia,7693785,13.699,1,0,56163285
2011,710,África do Sul,843143,Partes de máquinas de terraplanagem,516,Namíbia,5735455,10.212,2,0,56163285
2011,710,África do Sul,843143,Partes de máquinas de terraplanagem,508,Moçambique,5086201,9.056,3,0,56163285
2011,710,África do Sul,843143,Partes de máquinas de terraplanagem,180,RD Congo,3551165,6.323,4,0,56163285
2011,710,África do Sul,843143,Partes de máquinas de terraplanagem,24,Angola,3472498,6.183,5,1,56163285
2011,710,África do Sul,843143,Partes de máquinas de terraplanagem,36,Austrália,3469807,6.178,6,0,56163285
2011,710,África do Sul,890520,Plataformas e dragas,24,Angola,4512920,95.634,1,1,4718955
2011,710,África do Sul,890520,Plataformas e dragas,178,Congo,202722,4.296,2,0,4718955
2011,710,África do Sul,890520,Plataformas e dragas,72,Botsuana,2130,0.045,3,0,4718955
2011,710,África do Sul,890520,Plataformas e dragas,454,Malawi,811,0.017,4,0,4718955
2011,710,África do Sul,890520,Plataformas e dragas,508,Moçambique,260,0.006,5,0,4718955
2011,710,África do Sul,890520,Plataformas e dragas,516,Namíbia,113,0.002,6,0,4718955
2011,710,África do Sul,999999,Mercadorias não especificadas,837,Bunkers,64075914,21.954,1,0,291862220
2011,710,África do Sul,999999,Mercadorias não especificadas,426,Lesotho,46840158,16.049,2,0,291862220
2011,710,África do Sul,999999,Mercadorias não especificadas,72,Botsuana,40716074,13.95,3,0,291862220
2011,710,África do Sul,999999,Mercadorias não especificadas,180,RD Congo,25991209,8.905,4,0,291862220
2011,710,África do Sul,999999,Mercadorias não especificadas,716,Zimbabué,17801153,6.099,5,0,291862220
2011,710,África do Sul,999999,Mercadorias não especificadas,24,Angola,4208733,1.442,14,1,291862220
2011,842,EUA,020714,Carne de aves,344,Hong Kong (RAEHK),745303940,22.363,1,0,3332745172
2011,842,EUA,020714,Carne de aves,643,Rússia,241193463,7.237,2,0,3332745172
2011,842,EUA,020714,Carne de aves,484,México,188276981,5.649,3,0,3332745172
2011,842,EUA,020714,Carne de aves,24,Angola,162949230,4.889,4,1,3332745172
2011,842,EUA,020714,Carne de aves,410,Coreia do Sul,125544255,3.767,5,0,3332745172
2011,842,EUA,020714,Carne de aves,156,China,124111386,3.724,6,0,3332745172
2011,842,EUA,110100,Farinha de trigo,124,Canadá,48981313,31.835,1,0,153858966
2011,842,EUA,110100,Farinha de trigo,484,México,39287082,25.534,2,0,153858966
2011,842,EUA,110100,Farinha de trigo,586,Paquistão,15312784,9.952,3,0,153858966
2011,842,EUA,110100,Farinha de trigo,404,Quénia,8687458,5.646,4,0,153858966
2011,842,EUA,110100,Farinha de trigo,887,Yemen,6207029,4.034,5,0,153858966
2011,842,EUA,271011,Combustíveis refinados,484,México,13714981413,48.622,1,0,28207595594
2011,842,EUA,271011,Combustíveis refinados,124,Canadá,4518266812,16.018,2,0,28207595594
2011,842,EUA,271011,Combustíveis refinados,76,Brasil,1305585303,4.628,3,0,28207595594
2011,842,EUA,271011,Combustíveis refinados,218,Equador,1075561095,3.813,4,0,28207595594
2011,842,EUA,271011,Combustíveis refinados,320,Guatemala,782626027,2.775,5,0,28207595594
2011,842,EUA,271011,Combustíveis refinados,24,Angola,44225,0.0,101,1,28207595594
2011,842,EUA,271019,Combustíveis refinados,528,Países Baixos,9129315292,14.411,1,0,63348053036
2011,842,EUA,271019,Combustíveis refinados,484,México,5920178077,9.345,2,0,63348053036
2011,842,EUA,271019,Combustíveis refinados,124,Canadá,5141491153,8.116,3,0,63348053036
2011,842,EUA,271019,Combustíveis refinados,702,Singapura,4305804864,6.797,4,0,63348053036
2011,842,EUA,271019,Combustíveis refinados,152,Chile,4020118254,6.346,5,0,63348053036
2011,842,EUA,271019,Combustíveis refinados,24,Angola,3473303,0.005,91,1,63348053036
2011,842,EUA,843143,Partes de máquinas de terraplanagem,76,Brasil,635965847,9.397,1,0,6767713175
2011,842,EUA,843143,Partes de máquinas de terraplanagem,702,Singapura,578788522,8.552,2,0,6767713175
2011,842,EUA,843143,Partes de máquinas de terraplanagem,124,Canadá,396432947,5.858,3,0,6767713175
2011,842,EUA,843143,Partes de máquinas de terraplanagem,410,Coreia do Sul,374547505,5.534,4,0,6767713175
2011,842,EUA,843143,Partes de máquinas de terraplanagem,643,Rússia,322672903,4.768,5,0,6767713175
2011,842,EUA,843143,Partes de máquinas de terraplanagem,24,Angola,154032867,2.276,13,1,6767713175
2011,842,EUA,890520,Plataformas e dragas,566,Nigéria,69200000,75.984,1,0,91072399
2011,842,EUA,890520,Plataformas e dragas,584,Marshall Isds,18280056,20.072,2,0,91072399
2011,842,EUA,890520,Plataformas e dragas,32,Argentina,1373680,1.508,3,0,91072399
2011,842,EUA,890520,Plataformas e dragas,702,Singapura,975000,1.071,4,0,91072399
2011,842,EUA,890520,Plataformas e dragas,214,República Dominicana,422007,0.463,5,0,91072399
2011,842,EUA,999999,Mercadorias não especificadas,124,Canadá,11014216774,9.199,1,0,119730568497
2011,842,EUA,999999,Mercadorias não especificadas,826,Reino Unido,8358001090,6.981,2,0,119730568497
2011,842,EUA,999999,Mercadorias não especificadas,251,França,8212491997,6.859,3,0,119730568497
2011,842,EUA,999999,Mercadorias não especificadas,484,México,7693496308,6.426,4,0,119730568497
2011,842,EUA,999999,Mercadorias não especificadas,156,China,7274509006,6.076,5,0,119730568497
2011,842,EUA,999999,Mercadorias não especificadas,24,Angola,405535600,0.339,46,1,119730568497
2012,76,Brasil,020714,Carne de aves,392,Japão,961979914,22.525,1,0,4270687595
2012,76,Brasil,020714,Carne de aves,156,China,492572742,11.534,2,0,4270687595
2012,76,Brasil,020714,Carne de aves,344,Hong Kong (RAEHK),468689464,10.975,3,0,4270687595
2012,76,Brasil,020714,Carne de aves,682,Arábia Saudita,380410919,8.907,4,0,4270687595
2012,76,Brasil,020714,Carne de aves,784,Emirados Árabes Unidos,184199476,4.313,5,0,4270687595
2012,76,Brasil,020714,Carne de aves,24,Angola,77255753,1.809,11,1,4270687595
2012,76,Brasil,110100,Farinha de trigo,68,Bolívia,370091,71.461,1,0,517889
2012,76,Brasil,110100,Farinha de trigo,600,Paraguai,116081,22.414,2,0,517889
2012,76,Brasil,110100,Farinha de trigo,24,Angola,20698,3.997,3,1,517889
2012,76,Brasil,110100,Farinha de trigo,842,EUA,7384,1.426,4,0,517889
2012,76,Brasil,110100,Farinha de trigo,508,Moçambique,1414,0.273,5,0,517889
2012,76,Brasil,110100,Farinha de trigo,226,Guiné Equatorial,967,0.187,6,0,517889
2012,76,Brasil,271012,Combustíveis refinados,842,EUA,53323330,40.997,1,0,130066066
2012,76,Brasil,271012,Combustíveis refinados,68,Bolívia,38450772,29.562,2,0,130066066
2012,76,Brasil,271012,Combustíveis refinados,528,Países Baixos,12983594,9.982,3,0,130066066
2012,76,Brasil,271012,Combustíveis refinados,490,Taiwan (Prov. China),10314044,7.93,4,0,130066066
2012,76,Brasil,271012,Combustíveis refinados,600,Paraguai,6233105,4.792,5,0,130066066
2012,76,Brasil,271012,Combustíveis refinados,24,Angola,29114,0.022,15,1,130066066
2012,76,Brasil,271019,Combustíveis refinados,528,Países Baixos,1716073180,32.766,1,0,5237430277
2012,76,Brasil,271019,Combustíveis refinados,702,Singapura,1257079317,24.002,2,0,5237430277
2012,76,Brasil,271019,Combustíveis refinados,531,Curaçao,1253243349,23.929,3,0,5237430277
2012,76,Brasil,271019,Combustíveis refinados,858,Uruguai,320325103,6.116,4,0,5237430277
2012,76,Brasil,271019,Combustíveis refinados,32,Argentina,232342592,4.436,5,0,5237430277
2012,76,Brasil,271019,Combustíveis refinados,24,Angola,1074651,0.021,18,1,5237430277
2012,76,Brasil,843143,Partes de máquinas de terraplanagem,842,EUA,2655041,22.857,1,0,11616009
2012,76,Brasil,843143,Partes de máquinas de terraplanagem,528,Países Baixos,2127761,18.317,2,0,11616009
2012,76,Brasil,843143,Partes de máquinas de terraplanagem,192,Cuba,1536765,13.23,3,0,11616009
2012,76,Brasil,843143,Partes de máquinas de terraplanagem,604,Peru,912138,7.852,4,0,11616009
2012,76,Brasil,843143,Partes de máquinas de terraplanagem,170,Colômbia,453003,3.9,5,0,11616009
2012,76,Brasil,843143,Partes de máquinas de terraplanagem,24,Angola,368567,3.173,8,1,11616009
2012,76,Brasil,890520,Plataformas e dragas,528,Países Baixos,404888350,100.0,1,0,404888350
2012,76,Brasil,999999,Mercadorias não especificadas,837,Bunkers,4866484423,86.347,1,0,5635969147
2012,76,Brasil,999999,Mercadorias não especificadas,156,China,186590493,3.311,2,0,5635969147
2012,76,Brasil,999999,Mercadorias não especificadas,842,EUA,125556731,2.228,3,0,5635969147
2012,76,Brasil,999999,Mercadorias não especificadas,620,Portugal,52792199,0.937,4,0,5635969147
2012,76,Brasil,999999,Mercadorias não especificadas,724,Espanha,48274044,0.857,5,0,5635969147
2012,76,Brasil,999999,Mercadorias não especificadas,24,Angola,1634247,0.029,42,1,5635969147
2012,156,China,020714,Carne de aves,344,Hong Kong (RAEHK),103573602,48.778,1,0,212338847
2012,156,China,020714,Carne de aves,458,Malásia,60765251,28.617,2,0,212338847
2012,156,China,020714,Carne de aves,417,Kyrgyzstan,13441776,6.33,3,0,212338847
2012,156,China,020714,Carne de aves,48,Barém,11896942,5.603,4,0,212338847
2012,156,China,020714,Carne de aves,268,Georgia,6183037,2.912,5,0,212338847
2012,156,China,020714,Carne de aves,24,Angola,147051,0.069,15,1,212338847
2012,156,China,110100,Farinha de trigo,344,Hong Kong (RAEHK),72278536,48.313,1,0,149606023
2012,156,China,110100,Farinha de trigo,408,Coreia do Norte,64310254,42.986,2,0,149606023
2012,156,China,110100,Farinha de trigo,446,Macau (RAEM),4794465,3.205,3,0,149606023
2012,156,China,110100,Farinha de trigo,764,Tailândia,3924205,2.623,4,0,149606023
2012,156,China,110100,Farinha de trigo,608,Filipinas,1908000,1.275,5,0,149606023
2012,156,China,110100,Farinha de trigo,24,Angola,207273,0.139,9,1,149606023
2012,156,China,271012,Combustíveis refinados,360,Indonésia,1811505039,55.741,1,0,3249871660
2012,156,China,271012,Combustíveis refinados,702,Singapura,801403457,24.66,2,0,3249871660
2012,156,China,271012,Combustíveis refinados,704,Vietname,150159040,4.62,3,0,3249871660
2012,156,China,271012,Combustíveis refinados,392,Japão,113109058,3.48,4,0,3249871660
2012,156,China,271012,Combustíveis refinados,410,Coreia do Sul,98339021,3.026,5,0,3249871660
2012,156,China,271019,Combustíveis refinados,344,Hong Kong (RAEHK),4562514047,25.254,1,0,18066307755
2012,156,China,271019,Combustíveis refinados,591,Panamá,3585746337,19.848,2,0,18066307755
2012,156,China,271019,Combustíveis refinados,704,Vietname,1110103416,6.145,3,0,18066307755
2012,156,China,271019,Combustíveis refinados,702,Singapura,1073935584,5.944,4,0,18066307755
2012,156,China,271019,Combustíveis refinados,410,Coreia do Sul,964214502,5.337,5,0,18066307755
2012,156,China,271019,Combustíveis refinados,24,Angola,2719356,0.015,70,1,18066307755
2012,156,China,843143,Partes de máquinas de terraplanagem,842,EUA,380583400,20.818,1,0,1828122831
2012,156,China,843143,Partes de máquinas de terraplanagem,702,Singapura,140332598,7.676,2,0,1828122831
2012,156,China,843143,Partes de máquinas de terraplanagem,398,Cazaquistão,129074667,7.061,3,0,1828122831
2012,156,China,843143,Partes de máquinas de terraplanagem,410,Coreia do Sul,103777739,5.677,4,0,1828122831
2012,156,China,843143,Partes de máquinas de terraplanagem,124,Canadá,81256216,4.445,5,0,1828122831
2012,156,China,843143,Partes de máquinas de terraplanagem,24,Angola,1572640,0.086,71,1,1828122831
2012,156,China,890520,Plataformas e dragas,702,Singapura,701305725,27.696,1,0,2532146876
2012,156,China,890520,Plataformas e dragas,76,Brasil,640310428,25.287,2,0,2532146876
2012,156,China,890520,Plataformas e dragas,579,Noruega,382126104,15.091,3,0,2532146876
2012,156,China,890520,Plataformas e dragas,484,México,330754500,13.062,4,0,2532146876
2012,156,China,890520,Plataformas e dragas,364,Irão,161161559,6.365,5,0,2532146876
2012,156,China,999999,Mercadorias não especificadas,344,Hong Kong (RAEHK),738742522,52.184,1,0,1415651339
2012,156,China,999999,Mercadorias não especificadas,702,Singapura,548844726,38.77,2,0,1415651339
2012,156,China,999999,Mercadorias não especificadas,410,Coreia do Sul,58891865,4.16,3,0,1415651339
2012,156,China,999999,Mercadorias não especificadas,490,Taiwan (Prov. China),18672449,1.319,4,0,1415651339
2012,156,China,999999,Mercadorias não especificadas,842,EUA,14252205,1.007,5,0,1415651339
2012,620,Portugal,020714,Carne de aves,24,Angola,890005,24.778,1,1,3591894
2012,620,Portugal,020714,Carne de aves,724,Espanha,574174,15.985,2,0,3591894
2012,620,Portugal,020714,Carne de aves,678,São Tomé e Príncipe,454820,12.662,3,0,3591894
2012,620,Portugal,020714,Carne de aves,251,França,400892,11.161,4,0,3591894
2012,620,Portugal,020714,Carne de aves,276,Alemanha,272695,7.592,5,0,3591894
2012,620,Portugal,020714,Carne de aves,266,Gabão,137043,3.815,6,0,3591894
2012,620,Portugal,110100,Farinha de trigo,724,Espanha,7398118,44.422,1,0,16654167
2012,620,Portugal,110100,Farinha de trigo,24,Angola,6169801,37.047,2,1,16654167
2012,620,Portugal,110100,Farinha de trigo,678,São Tomé e Príncipe,2098419,12.6,3,0,16654167
2012,620,Portugal,110100,Farinha de trigo,624,Guiné-Bissau,306274,1.839,4,0,16654167
2012,620,Portugal,110100,Farinha de trigo,132,Cabo Verde,278998,1.675,5,0,16654167
2012,620,Portugal,110100,Farinha de trigo,616,Polónia,95982,0.576,6,0,16654167
2012,620,Portugal,271012,Combustíveis refinados,842,EUA,799739136,58.079,1,0,1376976538
2012,620,Portugal,271012,Combustíveis refinados,528,Países Baixos,281735274,20.46,2,0,1376976538
2012,620,Portugal,271012,Combustíveis refinados,566,Nigéria,72778062,5.285,3,0,1376976538
2012,620,Portugal,271012,Combustíveis refinados,251,França,32868584,2.387,4,0,1376976538
2012,620,Portugal,271012,Combustíveis refinados,826,Reino Unido,31592646,2.294,5,0,1376976538
2012,620,Portugal,271012,Combustíveis refinados,24,Angola,167926,0.012,16,1,1376976538
2012,620,Portugal,271019,Combustíveis refinados,837,Bunkers,1433554247,48.381,1,0,2963032987
2012,620,Portugal,271019,Combustíveis refinados,292,Gibraltar,370251432,12.496,2,0,2963032987
2012,620,Portugal,271019,Combustíveis refinados,724,Espanha,294810016,9.95,3,0,2963032987
2012,620,Portugal,271019,Combustíveis refinados,528,Países Baixos,128878133,4.35,4,0,2963032987
2012,620,Portugal,271019,Combustíveis refinados,899,"Areas, nes",127055335,4.288,5,0,2963032987
2012,620,Portugal,271019,Combustíveis refinados,24,Angola,37634037,1.27,11,1,2963032987
2012,620,Portugal,843143,Partes de máquinas de terraplanagem,24,Angola,5027514,43.733,1,1,11496051
2012,620,Portugal,843143,Partes de máquinas de terraplanagem,12,Argélia,2408648,20.952,2,0,11496051
2012,620,Portugal,843143,Partes de máquinas de terraplanagem,508,Moçambique,613238,5.334,3,0,11496051
2012,620,Portugal,843143,Partes de máquinas de terraplanagem,862,Venezuela,597306,5.196,4,0,11496051
2012,620,Portugal,843143,Partes de máquinas de terraplanagem,76,Brasil,493992,4.297,5,0,11496051
2012,620,Portugal,843143,Partes de máquinas de terraplanagem,604,Peru,489467,4.258,6,0,11496051
2012,620,Portugal,999999,Mercadorias não especificadas,837,Bunkers,31671696,94.323,1,0,33577914
2012,620,Portugal,999999,Mercadorias não especificadas,440,Lituânia,793776,2.364,2,0,33577914
2012,620,Portugal,999999,Mercadorias não especificadas,132,Cabo Verde,198885,0.592,3,0,33577914
2012,620,Portugal,999999,Mercadorias não especificadas,76,Brasil,164902,0.491,4,0,33577914
2012,620,Portugal,999999,Mercadorias não especificadas,702,Singapura,114288,0.34,5,0,33577914
2012,620,Portugal,999999,Mercadorias não especificadas,24,Angola,86274,0.257,7,1,33577914
2012,710,África do Sul,020714,Carne de aves,516,Namíbia,34364588,45.5,1,0,75526841
2012,710,África do Sul,020714,Carne de aves,426,Lesotho,25438167,33.681,2,0,75526841
2012,710,África do Sul,020714,Carne de aves,508,Moçambique,8008922,10.604,3,0,75526841
2012,710,África do Sul,020714,Carne de aves,72,Botsuana,5839166,7.731,4,0,75526841
2012,710,África do Sul,020714,Carne de aves,716,Zimbabué,950248,1.258,5,0,75526841
2012,710,África do Sul,020714,Carne de aves,24,Angola,197956,0.262,7,1,75526841
2012,710,África do Sul,110100,Farinha de trigo,716,Zimbabué,49268971,68.766,1,0,71646809
2012,710,África do Sul,110100,Farinha de trigo,426,Lesotho,8940772,12.479,2,0,71646809
2012,710,África do Sul,110100,Farinha de trigo,894,Zâmbia,4264368,5.952,3,0,71646809
2012,710,África do Sul,110100,Farinha de trigo,72,Botsuana,3635829,5.075,4,0,71646809
2012,710,África do Sul,110100,Farinha de trigo,748,Eswatini,3114543,4.347,5,0,71646809
2012,710,África do Sul,110100,Farinha de trigo,24,Angola,148693,0.208,9,1,71646809
2012,710,África do Sul,271012,Combustíveis refinados,72,Botsuana,993862829,30.499,1,0,3258633005
2012,710,África do Sul,271012,Combustíveis refinados,899,"Areas, nes",531463152,16.309,2,0,3258633005
2012,710,África do Sul,271012,Combustíveis refinados,426,Lesotho,319701973,9.811,3,0,3258633005
2012,710,África do Sul,271012,Combustíveis refinados,702,Singapura,282533383,8.67,4,0,3258633005
2012,710,África do Sul,271012,Combustíveis refinados,748,Eswatini,257246816,7.894,5,0,3258633005
2012,710,África do Sul,271012,Combustíveis refinados,24,Angola,30223272,0.927,15,1,3258633005
2012,710,África do Sul,271019,Combustíveis refinados,458,Malásia,84638448,36.712,1,0,230550131
2012,710,África do Sul,271019,Combustíveis refinados,528,Países Baixos,49251020,21.362,2,0,230550131
2012,710,África do Sul,271019,Combustíveis refinados,894,Zâmbia,36291465,15.741,3,0,230550131
2012,710,África do Sul,271019,Combustíveis refinados,76,Brasil,11948793,5.183,4,0,230550131
2012,710,África do Sul,271019,Combustíveis refinados,24,Angola,11015149,4.778,5,1,230550131
2012,710,África do Sul,271019,Combustíveis refinados,716,Zimbabué,9551287,4.143,6,0,230550131
2012,710,África do Sul,843143,Partes de máquinas de terraplanagem,894,Zâmbia,15286998,16.636,1,0,91890446
2012,710,África do Sul,843143,Partes de máquinas de terraplanagem,508,Moçambique,11579911,12.602,2,0,91890446
2012,710,África do Sul,843143,Partes de máquinas de terraplanagem,516,Namíbia,9149672,9.957,3,0,91890446
2012,710,África do Sul,843143,Partes de máquinas de terraplanagem,24,Angola,7977347,8.681,4,1,91890446
2012,710,África do Sul,843143,Partes de máquinas de terraplanagem,834,Tanzânia,7634096,8.308,5,0,91890446
2012,710,África do Sul,843143,Partes de máquinas de terraplanagem,716,Zimbabué,4786464,5.209,6,0,91890446
2012,710,África do Sul,890520,Plataformas e dragas,508,Moçambique,307321,54.645,1,0,562395
2012,710,África do Sul,890520,Plataformas e dragas,120,Camarões,93816,16.682,2,0,562395
2012,710,África do Sul,890520,Plataformas e dragas,288,Gana,64556,11.479,3,0,562395
2012,710,África do Sul,890520,Plataformas e dragas,450,Madagáscar,44458,7.905,4,0,562395
2012,710,África do Sul,890520,Plataformas e dragas,426,Lesotho,33334,5.927,5,0,562395
2012,710,África do Sul,999999,Mercadorias não especificadas,837,Bunkers,59753538,47.802,1,0,125001124
2012,710,África do Sul,999999,Mercadorias não especificadas,826,Reino Unido,6508324,5.207,2,0,125001124
2012,710,África do Sul,999999,Mercadorias não especificadas,784,Emirados Árabes Unidos,5756261,4.605,3,0,125001124
2012,710,África do Sul,999999,Mercadorias não especificadas,276,Alemanha,5094649,4.076,4,0,125001124
2012,710,África do Sul,999999,Mercadorias não especificadas,516,Namíbia,4778323,3.823,5,0,125001124
2012,710,África do Sul,999999,Mercadorias não especificadas,24,Angola,3119468,2.496,8,1,125001124
2012,842,EUA,020714,Carne de aves,344,Hong Kong (RAEHK),384210669,10.569,1,0,3635333258
2012,842,EUA,020714,Carne de aves,643,Rússia,295751293,8.135,2,0,3635333258
2012,842,EUA,020714,Carne de aves,156,China,283304617,7.793,3,0,3635333258
2012,842,EUA,020714,Carne de aves,484,México,217063204,5.971,4,0,3635333258
2012,842,EUA,020714,Carne de aves,24,Angola,214025900,5.887,5,1,3635333258
2012,842,EUA,020714,Carne de aves,490,Taiwan (Prov. China),159806863,4.396,6,0,3635333258
2012,842,EUA,110100,Farinha de trigo,124,Canadá,54093049,37.488,1,0,144294429
2012,842,EUA,110100,Farinha de trigo,484,México,29120618,20.181,2,0,144294429
2012,842,EUA,110100,Farinha de trigo,404,Quénia,14563112,10.093,3,0,144294429
2012,842,EUA,110100,Farinha de trigo,376,Israel,7737471,5.362,4,0,144294429
2012,842,EUA,110100,Farinha de trigo,458,Malásia,5295591,3.67,5,0,144294429
2012,842,EUA,271012,Combustíveis refinados,484,México,11604260882,37.35,1,0,31069045246
2012,842,EUA,271012,Combustíveis refinados,124,Canadá,5875171916,18.91,2,0,31069045246
2012,842,EUA,271012,Combustíveis refinados,862,Venezuela,2704589106,8.705,3,0,31069045246
2012,842,EUA,271012,Combustíveis refinados,76,Brasil,1349745862,4.344,4,0,31069045246
2012,842,EUA,271012,Combustíveis refinados,188,Costa Rica,915157891,2.946,5,0,31069045246
2012,842,EUA,271012,Combustíveis refinados,24,Angola,56710,0.0,93,1,31069045246
2012,842,EUA,271019,Combustíveis refinados,528,Países Baixos,9091494137,12.74,1,0,71362058217
2012,842,EUA,271019,Combustíveis refinados,484,México,8276653719,11.598,2,0,71362058217
2012,842,EUA,271019,Combustíveis refinados,152,Chile,5123182354,7.179,3,0,71362058217
2012,842,EUA,271019,Combustíveis refinados,124,Canadá,4465490654,6.258,4,0,71362058217
2012,842,EUA,271019,Combustíveis refinados,702,Singapura,4144649049,5.808,5,0,71362058217
2012,842,EUA,271019,Combustíveis refinados,24,Angola,1882137,0.003,105,1,71362058217
2012,842,EUA,843143,Partes de máquinas de terraplanagem,484,México,756225676,11.032,1,0,6854847072
2012,842,EUA,843143,Partes de máquinas de terraplanagem,124,Canadá,424720204,6.196,2,0,6854847072
2012,842,EUA,843143,Partes de máquinas de terraplanagem,76,Brasil,415246201,6.058,3,0,6854847072
2012,842,EUA,843143,Partes de máquinas de terraplanagem,702,Singapura,382553023,5.581,4,0,6854847072
2012,842,EUA,843143,Partes de máquinas de terraplanagem,643,Rússia,339334779,4.95,5,0,6854847072
2012,842,EUA,843143,Partes de máquinas de terraplanagem,24,Angola,187781160,2.739,12,1,6854847072
2012,842,EUA,890520,Plataformas e dragas,702,Singapura,492000000,53.95,1,0,911958654
2012,842,EUA,890520,Plataformas e dragas,376,Israel,213653500,23.428,2,0,911958654
2012,842,EUA,890520,Plataformas e dragas,818,Egito,153000000,16.777,3,0,911958654
2012,842,EUA,890520,Plataformas e dragas,458,Malásia,39464050,4.327,4,0,911958654
2012,842,EUA,890520,Plataformas e dragas,156,China,9073428,0.995,5,0,911958654
2012,842,EUA,999999,Mercadorias não especificadas,124,Canadá,11564068467,8.569,1,0,134948064934
2012,842,EUA,999999,Mercadorias não especificadas,156,China,9194847868,6.814,2,0,134948064934
2012,842,EUA,999999,Mercadorias não especificadas,251,França,9080493900,6.729,3,0,134948064934
2012,842,EUA,999999,Mercadorias não especificadas,484,México,9044266596,6.702,4,0,134948064934
2012,842,EUA,999999,Mercadorias não especificadas,826,Reino Unido,8210367016,6.084,5,0,134948064934
2012,842,EUA,999999,Mercadorias não especificadas,24,Angola,73627147,0.055,82,1,134948064934
2013,76,Brasil,020714,Carne de aves,392,Japão,962845982,22.949,1,0,4195628922
2013,76,Brasil,020714,Carne de aves,344,Hong Kong (RAEHK),484624285,11.551,2,0,4195628922
2013,76,Brasil,020714,Carne de aves,156,China,440076446,10.489,3,0,4195628922
2013,76,Brasil,020714,Carne de aves,682,Arábia Saudita,421968587,10.057,4,0,4195628922
2013,76,Brasil,020714,Carne de aves,784,Emirados Árabes Unidos,251291515,5.989,5,0,4195628922
2013,76,Brasil,020714,Carne de aves,24,Angola,61281378,1.461,13,1,4195628922
2013,76,Brasil,110100,Farinha de trigo,68,Bolívia,1554960,91.704,1,0,1695632
2013,76,Brasil,110100,Farinha de trigo,600,Paraguai,112094,6.611,2,0,1695632
2013,76,Brasil,110100,Farinha de trigo,24,Angola,19878,1.172,3,1,1695632
2013,76,Brasil,110100,Farinha de trigo,842,EUA,6169,0.364,4,0,1695632
2013,76,Brasil,110100,Farinha de trigo,484,México,949,0.056,5,0,1695632
2013,76,Brasil,110100,Farinha de trigo,132,Cabo Verde,528,0.031,6,0,1695632
2013,76,Brasil,271012,Combustíveis refinados,842,EUA,197509025,65.291,1,0,302507332
2013,76,Brasil,271012,Combustíveis refinados,32,Argentina,39577614,13.083,2,0,302507332
2013,76,Brasil,271012,Combustíveis refinados,528,Países Baixos,25259742,8.35,3,0,302507332
2013,76,Brasil,271012,Combustíveis refinados,490,Taiwan (Prov. China),12233897,4.044,4,0,302507332
2013,76,Brasil,271012,Combustíveis refinados,600,Paraguai,6131837,2.027,5,0,302507332
2013,76,Brasil,271012,Combustíveis refinados,24,Angola,34872,0.012,15,1,302507332
2013,76,Brasil,271019,Combustíveis refinados,528,Países Baixos,1732715085,40.97,1,0,4229270675
2013,76,Brasil,271019,Combustíveis refinados,531,Curaçao,882173936,20.859,2,0,4229270675
2013,76,Brasil,271019,Combustíveis refinados,702,Singapura,705723591,16.687,3,0,4229270675
2013,76,Brasil,271019,Combustíveis refinados,32,Argentina,439201143,10.385,4,0,4229270675
2013,76,Brasil,271019,Combustíveis refinados,600,Paraguai,213241685,5.042,5,0,4229270675
2013,76,Brasil,271019,Combustíveis refinados,24,Angola,943770,0.022,17,1,4229270675
2013,76,Brasil,843143,Partes de máquinas de terraplanagem,528,Países Baixos,10047293,33.139,1,0,30319054
2013,76,Brasil,843143,Partes de máquinas de terraplanagem,156,China,9221395,30.415,2,0,30319054
2013,76,Brasil,843143,Partes de máquinas de terraplanagem,842,EUA,3177740,10.481,3,0,30319054
2013,76,Brasil,843143,Partes de máquinas de terraplanagem,682,Arábia Saudita,2246548,7.41,4,0,30319054
2013,76,Brasil,843143,Partes de máquinas de terraplanagem,218,Equador,564733,1.863,5,0,30319054
2013,76,Brasil,843143,Partes de máquinas de terraplanagem,24,Angola,384909,1.27,8,1,30319054
2013,76,Brasil,999999,Mercadorias não especificadas,837,Bunkers,4134027533,85.465,1,0,4837074220
2013,76,Brasil,999999,Mercadorias não especificadas,842,EUA,299749500,6.197,2,0,4837074220
2013,76,Brasil,999999,Mercadorias não especificadas,380,Itália,55244244,1.142,3,0,4837074220
2013,76,Brasil,999999,Mercadorias não especificadas,724,Espanha,41406766,0.856,4,0,4837074220
2013,76,Brasil,999999,Mercadorias não especificadas,826,Reino Unido,40431294,0.836,5,0,4837074220
2013,76,Brasil,999999,Mercadorias não especificadas,24,Angola,1428893,0.03,37,1,4837074220
2013,156,China,020714,Carne de aves,344,Hong Kong (RAEHK),110760461,47.597,1,0,232704262
2013,156,China,020714,Carne de aves,458,Malásia,54982811,23.628,2,0,232704262
2013,156,China,020714,Carne de aves,48,Barém,17954784,7.716,3,0,232704262
2013,156,China,020714,Carne de aves,417,Kyrgyzstan,12554115,5.395,4,0,232704262
2013,156,China,020714,Carne de aves,268,Georgia,10119362,4.349,5,0,232704262
2013,156,China,020714,Carne de aves,24,Angola,325450,0.14,19,1,232704262
2013,156,China,110100,Farinha de trigo,408,Coreia do Norte,71855737,48.103,1,0,149378941
2013,156,China,110100,Farinha de trigo,344,Hong Kong (RAEHK),68803810,46.06,2,0,149378941
2013,156,China,110100,Farinha de trigo,446,Macau (RAEM),4441254,2.973,3,0,149378941
2013,156,China,110100,Farinha de trigo,764,Tailândia,1446100,0.968,4,0,149378941
2013,156,China,110100,Farinha de trigo,586,Paquistão,873828,0.585,5,0,149378941
2013,156,China,110100,Farinha de trigo,24,Angola,139072,0.093,9,1,149378941
2013,156,China,271012,Combustíveis refinados,360,Indonésia,2304461618,45.944,1,0,5015848623
2013,156,China,271012,Combustíveis refinados,702,Singapura,1579100313,31.482,2,0,5015848623
2013,156,China,271012,Combustíveis refinados,410,Coreia do Sul,207547259,4.138,3,0,5015848623
2013,156,China,271012,Combustíveis refinados,704,Vietname,173455742,3.458,4,0,5015848623
2013,156,China,271012,Combustíveis refinados,458,Malásia,158015845,3.15,5,0,5015848623
2013,156,China,271019,Combustíveis refinados,344,Hong Kong (RAEHK),5200179165,26.683,1,0,19488962367
2013,156,China,271019,Combustíveis refinados,591,Panamá,2707049134,13.89,2,0,19488962367
2013,156,China,271019,Combustíveis refinados,702,Singapura,1923594092,9.87,3,0,19488962367
2013,156,China,271019,Combustíveis refinados,704,Vietname,1275126597,6.543,4,0,19488962367
2013,156,China,271019,Combustíveis refinados,410,Coreia do Sul,1008785365,5.176,5,0,19488962367
2013,156,China,271019,Combustíveis refinados,24,Angola,1233064,0.006,77,1,19488962367
2013,156,China,843143,Partes de máquinas de terraplanagem,842,EUA,336647418,17.142,1,0,1963843919
2013,156,China,843143,Partes de máquinas de terraplanagem,410,Coreia do Sul,141505848,7.206,2,0,1963843919
2013,156,China,843143,Partes de máquinas de terraplanagem,398,Cazaquistão,135614091,6.906,3,0,1963843919
2013,156,China,843143,Partes de máquinas de terraplanagem,643,Rússia,120322389,6.127,4,0,1963843919
2013,156,China,843143,Partes de máquinas de terraplanagem,702,Singapura,119623209,6.091,5,0,1963843919
2013,156,China,843143,Partes de máquinas de terraplanagem,24,Angola,2147226,0.109,67,1,1963843919
2013,156,China,890520,Plataformas e dragas,702,Singapura,580874521,23.623,1,0,2458986418
2013,156,China,890520,Plataformas e dragas,484,México,523160725,21.275,2,0,2458986418
2013,156,China,890520,Plataformas e dragas,364,Irão,259971583,10.572,3,0,2458986418
2013,156,China,890520,Plataformas e dragas,104,Myanmar,232765098,9.466,4,0,2458986418
2013,156,China,890520,Plataformas e dragas,76,Brasil,225133099,9.156,5,0,2458986418
2013,156,China,999999,Mercadorias não especificadas,344,Hong Kong (RAEHK),1368667608,79.196,1,0,1728193902
2013,156,China,999999,Mercadorias não especificadas,702,Singapura,270281445,15.64,2,0,1728193902
2013,156,China,999999,Mercadorias não especificadas,410,Coreia do Sul,23503201,1.36,3,0,1728193902
2013,156,China,999999,Mercadorias não especificadas,490,Taiwan (Prov. China),16429357,0.951,4,0,1728193902
2013,156,China,999999,Mercadorias não especificadas,842,EUA,14624316,0.846,5,0,1728193902
2013,620,Portugal,020714,Carne de aves,24,Angola,953920,24.364,1,1,3915340
2013,620,Portugal,020714,Carne de aves,251,França,771283,19.699,2,0,3915340
2013,620,Portugal,020714,Carne de aves,678,São Tomé e Príncipe,635340,16.227,3,0,3915340
2013,620,Portugal,020714,Carne de aves,724,Espanha,256410,6.549,4,0,3915340
2013,620,Portugal,020714,Carne de aves,344,Hong Kong (RAEHK),201190,5.139,5,0,3915340
2013,620,Portugal,020714,Carne de aves,132,Cabo Verde,181357,4.632,6,0,3915340
2013,620,Portugal,110100,Farinha de trigo,24,Angola,11725921,48.757,1,1,24049697
2013,620,Portugal,110100,Farinha de trigo,724,Espanha,8000094,33.265,2,0,24049697
2013,620,Portugal,110100,Farinha de trigo,678,São Tomé e Príncipe,2596014,10.794,3,0,24049697
2013,620,Portugal,110100,Farinha de trigo,624,Guiné-Bissau,741230,3.082,4,0,24049697
2013,620,Portugal,110100,Farinha de trigo,132,Cabo Verde,561016,2.333,5,0,24049697
2013,620,Portugal,110100,Farinha de trigo,616,Polónia,65909,0.274,6,0,24049697
2013,620,Portugal,271012,Combustíveis refinados,842,EUA,834065293,53.383,1,0,1562426372
2013,620,Portugal,271012,Combustíveis refinados,528,Países Baixos,274897850,17.594,2,0,1562426372
2013,620,Portugal,271012,Combustíveis refinados,56,Bélgica,85211723,5.454,3,0,1562426372
2013,620,Portugal,271012,Combustíveis refinados,788,Tunisia,46507728,2.977,4,0,1562426372
2013,620,Portugal,271012,Combustíveis refinados,384,Costa do Marfim,32001598,2.048,5,0,1562426372
2013,620,Portugal,271012,Combustíveis refinados,24,Angola,135357,0.009,22,1,1562426372
2013,620,Portugal,271019,Combustíveis refinados,837,Bunkers,1382951405,32.618,1,0,4239818090
2013,620,Portugal,271019,Combustíveis refinados,724,Espanha,1199273671,28.286,2,0,4239818090
2013,620,Portugal,271019,Combustíveis refinados,292,Gibraltar,451992147,10.661,3,0,4239818090
2013,620,Portugal,271019,Combustíveis refinados,504,Marrocos,327155345,7.716,4,0,4239818090
2013,620,Portugal,271019,Combustíveis refinados,251,França,294100822,6.937,5,0,4239818090
2013,620,Portugal,271019,Combustíveis refinados,24,Angola,32081391,0.757,11,1,4239818090
2013,620,Portugal,843143,Partes de máquinas de terraplanagem,24,Angola,3725303,36.098,1,1,10319863
2013,620,Portugal,843143,Partes de máquinas de terraplanagem,862,Venezuela,1332999,12.917,2,0,10319863
2013,620,Portugal,843143,Partes de máquinas de terraplanagem,12,Argélia,1164313,11.282,3,0,10319863
2013,620,Portugal,843143,Partes de máquinas de terraplanagem,76,Brasil,1122931,10.881,4,0,10319863
2013,620,Portugal,843143,Partes de máquinas de terraplanagem,508,Moçambique,976780,9.465,5,0,10319863
2013,620,Portugal,843143,Partes de máquinas de terraplanagem,178,Congo,500215,4.847,6,0,10319863
2013,620,Portugal,890520,Plataformas e dragas,24,Angola,124728,100.0,1,1,124728
2013,620,Portugal,999999,Mercadorias não especificadas,837,Bunkers,37386611,94.174,1,0,39699490
2013,620,Portugal,999999,Mercadorias não especificadas,440,Lituânia,1073906,2.705,2,0,39699490
2013,620,Portugal,999999,Mercadorias não especificadas,24,Angola,225844,0.569,3,1,39699490
2013,620,Portugal,999999,Mercadorias não especificadas,591,Panamá,201525,0.508,4,0,39699490
2013,620,Portugal,999999,Mercadorias não especificadas,512,Omã,145533,0.367,5,0,39699490
2013,620,Portugal,999999,Mercadorias não especificadas,826,Reino Unido,111925,0.282,6,0,39699490
2013,710,África do Sul,020714,Carne de aves,426,Lesotho,17927088,32.51,1,0,55143769
2013,710,África do Sul,020714,Carne de aves,516,Namíbia,14856393,26.941,2,0,55143769
2013,710,África do Sul,020714,Carne de aves,508,Moçambique,13774022,24.978,3,0,55143769
2013,710,África do Sul,020714,Carne de aves,72,Botsuana,4961872,8.998,4,0,55143769
2013,710,África do Sul,020714,Carne de aves,180,RD Congo,861237,1.562,5,0,55143769
2013,710,África do Sul,020714,Carne de aves,24,Angola,409044,0.742,8,1,55143769
2013,710,África do Sul,110100,Farinha de trigo,716,Zimbabué,52795454,69.339,1,0,76140853
2013,710,África do Sul,110100,Farinha de trigo,426,Lesotho,9605135,12.615,2,0,76140853
2013,710,África do Sul,110100,Farinha de trigo,516,Namíbia,6644981,8.727,3,0,76140853
2013,710,África do Sul,110100,Farinha de trigo,72,Botsuana,4964379,6.52,4,0,76140853
2013,710,África do Sul,110100,Farinha de trigo,748,Eswatini,945779,1.242,5,0,76140853
2013,710,África do Sul,110100,Farinha de trigo,24,Angola,201335,0.264,7,1,76140853
2013,710,África do Sul,271012,Combustíveis refinados,72,Botsuana,935242562,30.906,1,0,3026072866
2013,710,África do Sul,271012,Combustíveis refinados,899,"Areas, nes",332689145,10.994,2,0,3026072866
2013,710,África do Sul,271012,Combustíveis refinados,508,Moçambique,285082243,9.421,3,0,3026072866
2013,710,África do Sul,271012,Combustíveis refinados,516,Namíbia,258847568,8.554,4,0,3026072866
2013,710,África do Sul,271012,Combustíveis refinados,748,Eswatini,244092290,8.066,5,0,3026072866
2013,710,África do Sul,271012,Combustíveis refinados,24,Angola,26268951,0.868,15,1,3026072866
2013,710,África do Sul,271019,Combustíveis refinados,894,Zâmbia,46508069,26.238,1,0,177257412
2013,710,África do Sul,271019,Combustíveis refinados,702,Singapura,29249190,16.501,2,0,177257412
2013,710,África do Sul,271019,Combustíveis refinados,528,Países Baixos,28621588,16.147,3,0,177257412
2013,710,África do Sul,271019,Combustíveis refinados,716,Zimbabué,15114833,8.527,4,0,177257412
2013,710,África do Sul,271019,Combustíveis refinados,24,Angola,12494268,7.049,5,1,177257412
2013,710,África do Sul,271019,Combustíveis refinados,458,Malásia,10777577,6.08,6,0,177257412
2013,710,África do Sul,843143,Partes de máquinas de terraplanagem,894,Zâmbia,9977794,12.416,1,0,80360633
2013,710,África do Sul,843143,Partes de máquinas de terraplanagem,516,Namíbia,6953218,8.653,2,0,80360633
2013,710,África do Sul,843143,Partes de máquinas de terraplanagem,24,Angola,6336563,7.885,3,1,80360633
2013,710,África do Sul,843143,Partes de máquinas de terraplanagem,784,Emirados Árabes Unidos,5447530,6.779,4,0,80360633
2013,710,África do Sul,843143,Partes de máquinas de terraplanagem,528,Países Baixos,5422198,6.747,5,0,80360633
2013,710,África do Sul,843143,Partes de máquinas de terraplanagem,716,Zimbabué,4398696,5.474,6,0,80360633
2013,710,África do Sul,890520,Plataformas e dragas,288,Gana,61432,81.343,1,0,75522
2013,710,África do Sul,890520,Plataformas e dragas,508,Moçambique,3747,4.961,2,0,75522
2013,710,África do Sul,890520,Plataformas e dragas,894,Zâmbia,3107,4.114,3,0,75522
2013,710,África do Sul,890520,Plataformas e dragas,454,Malawi,3021,4.0,4,0,75522
2013,710,África do Sul,890520,Plataformas e dragas,426,Lesotho,2632,3.485,5,0,75522
2013,710,África do Sul,890520,Plataformas e dragas,24,Angola,539,0.713,7,1,75522
2013,710,África do Sul,999999,Mercadorias não especificadas,837,Bunkers,60301327,55.53,1,0,108593115
2013,710,África do Sul,999999,Mercadorias não especificadas,784,Emirados Árabes Unidos,7050763,6.493,2,0,108593115
2013,710,África do Sul,999999,Mercadorias não especificadas,826,Reino Unido,5309374,4.889,3,0,108593115
2013,710,África do Sul,999999,Mercadorias não especificadas,516,Namíbia,3940527,3.629,4,0,108593115
2013,710,África do Sul,999999,Mercadorias não especificadas,276,Alemanha,3219900,2.965,5,0,108593115
2013,710,África do Sul,999999,Mercadorias não especificadas,24,Angola,1165635,1.073,13,1,108593115
2013,842,EUA,020714,Carne de aves,156,China,344355234,9.887,1,0,3483080320
2013,842,EUA,020714,Carne de aves,643,Rússia,306084335,8.788,2,0,3483080320
2013,842,EUA,020714,Carne de aves,484,México,237731930,6.825,3,0,3483080320
2013,842,EUA,020714,Carne de aves,24,Angola,231325312,6.641,4,1,3483080320
2013,842,EUA,020714,Carne de aves,344,Hong Kong (RAEHK),226761994,6.51,5,0,3483080320
2013,842,EUA,020714,Carne de aves,490,Taiwan (Prov. China),156135006,4.483,6,0,3483080320
2013,842,EUA,110100,Farinha de trigo,124,Canadá,50787492,38.123,1,0,133219256
2013,842,EUA,110100,Farinha de trigo,484,México,42639456,32.007,2,0,133219256
2013,842,EUA,110100,Farinha de trigo,404,Quénia,9570882,7.184,3,0,133219256
2013,842,EUA,110100,Farinha de trigo,458,Malásia,5770857,4.332,4,0,133219256
2013,842,EUA,110100,Farinha de trigo,854,Burkina Faso,3375900,2.534,5,0,133219256
2013,842,EUA,271012,Combustíveis refinados,484,México,11450137961,33.227,1,0,34460448491
2013,842,EUA,271012,Combustíveis refinados,124,Canadá,7917887231,22.977,2,0,34460448491
2013,842,EUA,271012,Combustíveis refinados,170,Colômbia,1469333238,4.264,3,0,34460448491
2013,842,EUA,271012,Combustíveis refinados,862,Venezuela,1439909161,4.178,4,0,34460448491
2013,842,EUA,271012,Combustíveis refinados,591,Panamá,1317255964,3.823,5,0,34460448491
2013,842,EUA,271019,Combustíveis refinados,528,Países Baixos,9056994342,11.687,1,0,77494232877
2013,842,EUA,271019,Combustíveis refinados,484,México,7269831140,9.381,2,0,77494232877
2013,842,EUA,271019,Combustíveis refinados,124,Canadá,5403212795,6.972,3,0,77494232877
2013,842,EUA,271019,Combustíveis refinados,152,Chile,5088061953,6.566,4,0,77494232877
2013,842,EUA,271019,Combustíveis refinados,251,França,4916317796,6.344,5,0,77494232877
2013,842,EUA,271019,Combustíveis refinados,24,Angola,1391987,0.002,102,1,77494232877
2013,842,EUA,843143,Partes de máquinas de terraplanagem,484,México,908260173,14.435,1,0,6292146358
2013,842,EUA,843143,Partes de máquinas de terraplanagem,410,Coreia do Sul,461337115,7.332,2,0,6292146358
2013,842,EUA,843143,Partes de máquinas de terraplanagem,156,China,358050557,5.69,3,0,6292146358
2013,842,EUA,843143,Partes de máquinas de terraplanagem,702,Singapura,350457863,5.57,4,0,6292146358
2013,842,EUA,843143,Partes de máquinas de terraplanagem,124,Canadá,348048509,5.531,5,0,6292146358
2013,842,EUA,843143,Partes de máquinas de terraplanagem,24,Angola,203178043,3.229,8,1,6292146358
2013,842,EUA,890520,Plataformas e dragas,591,Panamá,15000000,37.651,1,0,39839710
2013,842,EUA,890520,Plataformas e dragas,792,Turquia,10931435,27.439,2,0,39839710
2013,842,EUA,890520,Plataformas e dragas,268,Georgia,6536733,16.408,3,0,39839710
2013,842,EUA,890520,Plataformas e dragas,170,Colômbia,4145650,10.406,4,0,39839710
2013,842,EUA,890520,Plataformas e dragas,784,Emirados Árabes Unidos,2342368,5.879,5,0,39839710
2013,842,EUA,999999,Mercadorias não especificadas,124,Canadá,13685246216,9.302,1,0,147126482167
2013,842,EUA,999999,Mercadorias não especificadas,156,China,13543773193,9.206,2,0,147126482167
2013,842,EUA,999999,Mercadorias não especificadas,484,México,10119047312,6.878,3,0,147126482167
2013,842,EUA,999999,Mercadorias não especificadas,826,Reino Unido,9889386096,6.722,4,0,147126482167
2013,842,EUA,999999,Mercadorias não especificadas,251,França,9643323644,6.554,5,0,147126482167
2013,842,EUA,999999,Mercadorias não especificadas,24,Angola,57013915,0.039,94,1,147126482167
2014,76,Brasil,020714,Carne de aves,392,Japão,1066349115,23.914,1,0,4459069776
2014,76,Brasil,020714,Carne de aves,156,China,518681301,11.632,2,0,4459069776
2014,76,Brasil,020714,Carne de aves,344,Hong Kong (RAEHK),452805381,10.155,3,0,4459069776
2014,76,Brasil,020714,Carne de aves,682,Arábia Saudita,413191557,9.266,4,0,4459069776
2014,76,Brasil,020714,Carne de aves,643,Rússia,302117875,6.775,5,0,4459069776
2014,76,Brasil,020714,Carne de aves,24,Angola,65974415,1.48,11,1,4459069776
2014,76,Brasil,110100,Farinha de trigo,68,Bolívia,1144039,91.528,1,0,1249936
2014,76,Brasil,110100,Farinha de trigo,740,Suriname,51938,4.155,2,0,1249936
2014,76,Brasil,110100,Farinha de trigo,600,Paraguai,32854,2.628,3,0,1249936
2014,76,Brasil,110100,Farinha de trigo,842,EUA,15232,1.219,4,0,1249936
2014,76,Brasil,110100,Farinha de trigo,24,Angola,4604,0.368,5,1,1249936
2014,76,Brasil,110100,Farinha de trigo,132,Cabo Verde,472,0.038,6,0,1249936
2014,76,Brasil,271012,Combustíveis refinados,32,Argentina,100579284,34.67,1,0,290104132
2014,76,Brasil,271012,Combustíveis refinados,842,EUA,84235354,29.036,2,0,290104132
2014,76,Brasil,271012,Combustíveis refinados,44,Bahamas,40655002,14.014,3,0,290104132
2014,76,Brasil,271012,Combustíveis refinados,528,Países Baixos,15425326,5.317,4,0,290104132
2014,76,Brasil,271012,Combustíveis refinados,604,Peru,14476210,4.99,5,0,290104132
2014,76,Brasil,271012,Combustíveis refinados,24,Angola,11404,0.004,21,1,290104132
2014,76,Brasil,271019,Combustíveis refinados,528,Países Baixos,1309942862,36.054,1,0,3633242418
2014,76,Brasil,271019,Combustíveis refinados,531,Curaçao,830850041,22.868,2,0,3633242418
2014,76,Brasil,271019,Combustíveis refinados,702,Singapura,829934124,22.843,3,0,3633242418
2014,76,Brasil,271019,Combustíveis refinados,600,Paraguai,349594462,9.622,4,0,3633242418
2014,76,Brasil,271019,Combustíveis refinados,858,Uruguai,89859995,2.473,5,0,3633242418
2014,76,Brasil,271019,Combustíveis refinados,24,Angola,912428,0.025,19,1,3633242418
2014,76,Brasil,843143,Partes de máquinas de terraplanagem,528,Países Baixos,39728258,64.927,1,0,61189223
2014,76,Brasil,843143,Partes de máquinas de terraplanagem,702,Singapura,5220559,8.532,2,0,61189223
2014,76,Brasil,843143,Partes de máquinas de terraplanagem,842,EUA,3215911,5.256,3,0,61189223
2014,76,Brasil,843143,Partes de máquinas de terraplanagem,392,Japão,2402632,3.927,4,0,61189223
2014,76,Brasil,843143,Partes de máquinas de terraplanagem,757,Suíça,1266638,2.07,5,0,61189223
2014,76,Brasil,843143,Partes de máquinas de terraplanagem,24,Angola,557507,0.911,10,1,61189223
2014,76,Brasil,999999,Mercadorias não especificadas,837,Bunkers,4035550304,84.112,1,0,4797836591
2014,76,Brasil,999999,Mercadorias não especificadas,842,EUA,346560818,7.223,2,0,4797836591
2014,76,Brasil,999999,Mercadorias não especificadas,380,Itália,53076668,1.106,3,0,4797836591
2014,76,Brasil,999999,Mercadorias não especificadas,724,Espanha,51946033,1.083,4,0,4797836591
2014,76,Brasil,999999,Mercadorias não especificadas,784,Emirados Árabes Unidos,50700020,1.057,5,0,4797836591
2014,76,Brasil,999999,Mercadorias não especificadas,24,Angola,2087093,0.044,26,1,4797836591
2014,156,China,020714,Carne de aves,344,Hong Kong (RAEHK),128111492,47.101,1,0,271991920
2014,156,China,020714,Carne de aves,458,Malásia,72011548,26.476,2,0,271991920
2014,156,China,020714,Carne de aves,48,Barém,18559370,6.824,3,0,271991920
2014,156,China,020714,Carne de aves,268,Georgia,12119572,4.456,4,0,271991920
2014,156,China,020714,Carne de aves,368,Iraque,9778386,3.595,5,0,271991920
2014,156,China,020714,Carne de aves,24,Angola,374941,0.138,17,1,271991920
2014,156,China,110100,Farinha de trigo,344,Hong Kong (RAEHK),65397592,59.768,1,0,109418251
2014,156,China,110100,Farinha de trigo,408,Coreia do Norte,36211100,33.094,2,0,109418251
2014,156,China,110100,Farinha de trigo,446,Macau (RAEM),4480824,4.095,3,0,109418251
2014,156,China,110100,Farinha de trigo,586,Paquistão,1421039,1.299,4,0,109418251
2014,156,China,110100,Farinha de trigo,764,Tailândia,531979,0.486,5,0,109418251
2014,156,China,110100,Farinha de trigo,24,Angola,89448,0.082,9,1,109418251
2014,156,China,271012,Combustíveis refinados,702,Singapura,2006620313,38.751,1,0,5178184254
2014,156,China,271012,Combustíveis refinados,360,Indonésia,1929079322,37.254,2,0,5178184254
2014,156,China,271012,Combustíveis refinados,704,Vietname,475541926,9.184,3,0,5178184254
2014,156,China,271012,Combustíveis refinados,458,Malásia,196946706,3.803,4,0,5178184254
2014,156,China,271012,Combustíveis refinados,398,Cazaquistão,171108709,3.304,5,0,5178184254
2014,156,China,271019,Combustíveis refinados,344,Hong Kong (RAEHK),5427544367,26.409,1,0,20552134921
2014,156,China,271019,Combustíveis refinados,591,Panamá,2201189101,10.71,2,0,20552134921
2014,156,China,271019,Combustíveis refinados,702,Singapura,1957538773,9.525,3,0,20552134921
2014,156,China,271019,Combustíveis refinados,704,Vietname,1486832599,7.234,4,0,20552134921
2014,156,China,271019,Combustíveis refinados,410,Coreia do Sul,1454443647,7.077,5,0,20552134921
2014,156,China,271019,Combustíveis refinados,24,Angola,961791,0.005,87,1,20552134921
2014,156,China,843143,Partes de máquinas de terraplanagem,842,EUA,510557216,25.181,1,0,2027533992
2014,156,China,843143,Partes de máquinas de terraplanagem,702,Singapura,131694652,6.495,2,0,2027533992
2014,156,China,843143,Partes de máquinas de terraplanagem,643,Rússia,107767778,5.315,3,0,2027533992
2014,156,China,843143,Partes de máquinas de terraplanagem,398,Cazaquistão,92030524,4.539,4,0,2027533992
2014,156,China,843143,Partes de máquinas de terraplanagem,124,Canadá,78478681,3.871,5,0,2027533992
2014,156,China,843143,Partes de máquinas de terraplanagem,24,Angola,5140899,0.254,49,1,2027533992
2014,156,China,890520,Plataformas e dragas,484,México,399311444,19.689,1,0,2028057326
2014,156,China,890520,Plataformas e dragas,704,Vietname,333785289,16.458,2,0,2028057326
2014,156,China,890520,Plataformas e dragas,702,Singapura,326433214,16.096,3,0,2028057326
2014,156,China,890520,Plataformas e dragas,76,Brasil,216699544,10.685,4,0,2028057326
2014,156,China,890520,Plataformas e dragas,44,Bahamas,206561832,10.185,5,0,2028057326
2014,156,China,999999,Mercadorias não especificadas,344,Hong Kong (RAEHK),2052271579,90.542,1,0,2266659876
2014,156,China,999999,Mercadorias não especificadas,702,Singapura,138972619,6.131,2,0,2266659876
2014,156,China,999999,Mercadorias não especificadas,842,EUA,14361973,0.634,3,0,2266659876
2014,156,China,999999,Mercadorias não especificadas,490,Taiwan (Prov. China),13516768,0.596,4,0,2266659876
2014,156,China,999999,Mercadorias não especificadas,410,Coreia do Sul,11584967,0.511,5,0,2266659876
2014,620,Portugal,020714,Carne de aves,24,Angola,2012361,37.521,1,1,5363300
2014,620,Portugal,020714,Carne de aves,678,São Tomé e Príncipe,1374612,25.63,2,0,5363300
2014,620,Portugal,020714,Carne de aves,251,França,782558,14.591,3,0,5363300
2014,620,Portugal,020714,Carne de aves,132,Cabo Verde,250611,4.673,4,0,5363300
2014,620,Portugal,020714,Carne de aves,724,Espanha,202172,3.77,5,0,5363300
2014,620,Portugal,020714,Carne de aves,624,Guiné-Bissau,130572,2.435,6,0,5363300
2014,620,Portugal,110100,Farinha de trigo,24,Angola,14795224,51.211,1,1,28890459
2014,620,Portugal,110100,Farinha de trigo,724,Espanha,7226488,25.013,2,0,28890459
2014,620,Portugal,110100,Farinha de trigo,678,São Tomé e Príncipe,2996927,10.373,3,0,28890459
2014,620,Portugal,110100,Farinha de trigo,251,França,1964327,6.799,4,0,28890459
2014,620,Portugal,110100,Farinha de trigo,132,Cabo Verde,713256,2.469,5,0,28890459
2014,620,Portugal,110100,Farinha de trigo,624,Guiné-Bissau,545440,1.888,6,0,28890459
2014,620,Portugal,271012,Combustíveis refinados,842,EUA,707413350,56.497,1,0,1252116676
2014,620,Portugal,271012,Combustíveis refinados,528,Países Baixos,290826305,23.227,2,0,1252116676
2014,620,Portugal,271012,Combustíveis refinados,44,Bahamas,94601429,7.555,3,0,1252116676
2014,620,Portugal,271012,Combustíveis refinados,292,Gibraltar,36295164,2.899,4,0,1252116676
2014,620,Portugal,271012,Combustíveis refinados,56,Bélgica,26872318,2.146,5,0,1252116676
2014,620,Portugal,271012,Combustíveis refinados,24,Angola,200985,0.016,18,1,1252116676
2014,620,Portugal,271019,Combustíveis refinados,837,Bunkers,1332801015,39.045,1,0,3413523011
2014,620,Portugal,271019,Combustíveis refinados,724,Espanha,661526519,19.38,2,0,3413523011
2014,620,Portugal,271019,Combustíveis refinados,251,França,348215492,10.201,3,0,3413523011
2014,620,Portugal,271019,Combustíveis refinados,292,Gibraltar,337322879,9.882,4,0,3413523011
2014,620,Portugal,271019,Combustíveis refinados,56,Bélgica,206219354,6.041,5,0,3413523011
2014,620,Portugal,271019,Combustíveis refinados,24,Angola,27696755,0.811,12,1,3413523011
2014,620,Portugal,843143,Partes de máquinas de terraplanagem,24,Angola,5553814,46.8,1,1,11867234
2014,620,Portugal,843143,Partes de máquinas de terraplanagem,724,Espanha,1454592,12.257,2,0,11867234
2014,620,Portugal,843143,Partes de máquinas de terraplanagem,12,Argélia,1243310,10.477,3,0,11867234
2014,620,Portugal,843143,Partes de máquinas de terraplanagem,842,EUA,723716,6.098,4,0,11867234
2014,620,Portugal,843143,Partes de máquinas de terraplanagem,508,Moçambique,594524,5.01,5,0,11867234
2014,620,Portugal,843143,Partes de máquinas de terraplanagem,862,Venezuela,576165,4.855,6,0,11867234
2014,620,Portugal,999999,Mercadorias não especificadas,837,Bunkers,32653763,94.639,1,0,34503667
2014,620,Portugal,999999,Mercadorias não especificadas,44,Bahamas,446397,1.294,2,0,34503667
2014,620,Portugal,999999,Mercadorias não especificadas,478,Mauritânia,405954,1.177,3,0,34503667
2014,620,Portugal,999999,Mercadorias não especificadas,470,Malta,187647,0.544,4,0,34503667
2014,620,Portugal,999999,Mercadorias não especificadas,702,Singapura,163755,0.475,5,0,34503667
2014,620,Portugal,999999,Mercadorias não especificadas,24,Angola,755,0.002,26,1,34503667
2014,710,África do Sul,020714,Carne de aves,508,Moçambique,22849855,36.049,1,0,63385959
2014,710,África do Sul,020714,Carne de aves,426,Lesotho,19527622,30.807,2,0,63385959
2014,710,África do Sul,020714,Carne de aves,516,Namíbia,12129268,19.136,3,0,63385959
2014,710,África do Sul,020714,Carne de aves,72,Botsuana,3864365,6.097,4,0,63385959
2014,710,África do Sul,020714,Carne de aves,716,Zimbabué,1712458,2.702,5,0,63385959
2014,710,África do Sul,020714,Carne de aves,24,Angola,192682,0.304,10,1,63385959
2014,710,África do Sul,110100,Farinha de trigo,716,Zimbabué,40253767,65.797,1,0,61178597
2014,710,África do Sul,110100,Farinha de trigo,426,Lesotho,11145011,18.217,2,0,61178597
2014,710,África do Sul,110100,Farinha de trigo,516,Namíbia,5897113,9.639,3,0,61178597
2014,710,África do Sul,110100,Farinha de trigo,72,Botsuana,2217040,3.624,4,0,61178597
2014,710,África do Sul,110100,Farinha de trigo,748,Eswatini,951941,1.556,5,0,61178597
2014,710,África do Sul,110100,Farinha de trigo,24,Angola,157158,0.257,7,1,61178597
2014,710,África do Sul,271012,Combustíveis refinados,72,Botsuana,919877239,31.484,1,0,2921736098
2014,710,África do Sul,271012,Combustíveis refinados,899,"Areas, nes",317051529,10.851,2,0,2921736098
2014,710,África do Sul,271012,Combustíveis refinados,748,Eswatini,235868826,8.073,3,0,2921736098
2014,710,África do Sul,271012,Combustíveis refinados,516,Namíbia,210354699,7.2,4,0,2921736098
2014,710,África do Sul,271012,Combustíveis refinados,702,Singapura,203056347,6.95,5,0,2921736098
2014,710,África do Sul,271012,Combustíveis refinados,24,Angola,38828654,1.329,14,1,2921736098
2014,710,África do Sul,271019,Combustíveis refinados,702,Singapura,31770829,23.81,1,0,133434688
2014,710,África do Sul,271019,Combustíveis refinados,894,Zâmbia,31693094,23.752,2,0,133434688
2014,710,África do Sul,271019,Combustíveis refinados,716,Zimbabué,16617422,12.454,3,0,133434688
2014,710,África do Sul,271019,Combustíveis refinados,528,Países Baixos,16522440,12.382,4,0,133434688
2014,710,África do Sul,271019,Combustíveis refinados,24,Angola,6629337,4.968,5,1,133434688
2014,710,África do Sul,271019,Combustíveis refinados,508,Moçambique,6155994,4.613,6,0,133434688
2014,710,África do Sul,843143,Partes de máquinas de terraplanagem,716,Zimbabué,12327083,14.939,1,0,82518207
2014,710,África do Sul,843143,Partes de máquinas de terraplanagem,894,Zâmbia,11091190,13.441,2,0,82518207
2014,710,África do Sul,843143,Partes de máquinas de terraplanagem,360,Indonésia,7335777,8.89,3,0,82518207
2014,710,África do Sul,843143,Partes de máquinas de terraplanagem,180,RD Congo,6355234,7.702,4,0,82518207
2014,710,África do Sul,843143,Partes de máquinas de terraplanagem,508,Moçambique,5451459,6.606,5,0,82518207
2014,710,África do Sul,843143,Partes de máquinas de terraplanagem,24,Angola,812457,0.985,21,1,82518207
2014,710,África do Sul,890520,Plataformas e dragas,508,Moçambique,311974,60.639,1,0,514474
2014,710,África do Sul,890520,Plataformas e dragas,899,"Areas, nes",150782,29.308,2,0,514474
2014,710,África do Sul,890520,Plataformas e dragas,516,Namíbia,26100,5.073,3,0,514474
2014,710,África do Sul,890520,Plataformas e dragas,426,Lesotho,21300,4.14,4,0,514474
2014,710,África do Sul,890520,Plataformas e dragas,178,Congo,2248,0.437,5,0,514474
2014,710,África do Sul,999999,Mercadorias não especificadas,837,Bunkers,64780349,57.807,1,0,112062367
2014,710,África do Sul,999999,Mercadorias não especificadas,784,Emirados Árabes Unidos,6132680,5.473,2,0,112062367
2014,710,África do Sul,999999,Mercadorias não especificadas,516,Namíbia,4363895,3.894,3,0,112062367
2014,710,África do Sul,999999,Mercadorias não especificadas,826,Reino Unido,3703299,3.305,4,0,112062367
2014,710,África do Sul,999999,Mercadorias não especificadas,508,Moçambique,3380242,3.016,5,0,112062367
2014,710,África do Sul,999999,Mercadorias não especificadas,24,Angola,1214803,1.084,13,1,112062367
2014,842,EUA,020714,Carne de aves,344,Hong Kong (RAEHK),490726814,14.412,1,0,3405070604
2014,842,EUA,020714,Carne de aves,24,Angola,259574177,7.623,2,1,3405070604
2014,842,EUA,020714,Carne de aves,156,China,247810006,7.278,3,0,3405070604
2014,842,EUA,020714,Carne de aves,484,México,224690347,6.599,4,0,3405070604
2014,842,EUA,020714,Carne de aves,192,Cuba,147690961,4.337,5,0,3405070604
2014,842,EUA,020714,Carne de aves,643,Rússia,141423378,4.153,6,0,3405070604
2014,842,EUA,110100,Farinha de trigo,484,México,51168001,40.451,1,0,126493389
2014,842,EUA,110100,Farinha de trigo,124,Canadá,43923429,34.724,2,0,126493389
2014,842,EUA,110100,Farinha de trigo,404,Quénia,10836824,8.567,3,0,126493389
2014,842,EUA,110100,Farinha de trigo,410,Coreia do Sul,3464158,2.739,4,0,126493389
2014,842,EUA,110100,Farinha de trigo,752,Suécia,1851840,1.464,5,0,126493389
2014,842,EUA,110100,Farinha de trigo,24,Angola,10280,0.008,64,1,126493389
2014,842,EUA,271012,Combustíveis refinados,484,México,10684838883,29.065,1,0,36761402125
2014,842,EUA,271012,Combustíveis refinados,124,Canadá,8201596163,22.31,2,0,36761402125
2014,842,EUA,271012,Combustíveis refinados,170,Colômbia,2338763756,6.362,3,0,36761402125
2014,842,EUA,271012,Combustíveis refinados,862,Venezuela,1913938509,5.206,4,0,36761402125
2014,842,EUA,271012,Combustíveis refinados,591,Panamá,1334822383,3.631,5,0,36761402125
2014,842,EUA,271019,Combustíveis refinados,484,México,7783067011,10.635,1,0,73182814860
2014,842,EUA,271019,Combustíveis refinados,528,Países Baixos,7026008679,9.601,2,0,73182814860
2014,842,EUA,271019,Combustíveis refinados,124,Canadá,5360797590,7.325,3,0,73182814860
2014,842,EUA,271019,Combustíveis refinados,251,França,4551750223,6.22,4,0,73182814860
2014,842,EUA,271019,Combustíveis refinados,152,Chile,4530348922,6.19,5,0,73182814860
2014,842,EUA,271019,Combustíveis refinados,24,Angola,2081009,0.003,99,1,73182814860
2014,842,EUA,843143,Partes de máquinas de terraplanagem,484,México,765510304,11.915,1,0,6424972808
2014,842,EUA,843143,Partes de máquinas de terraplanagem,682,Arábia Saudita,490374764,7.632,2,0,6424972808
2014,842,EUA,843143,Partes de máquinas de terraplanagem,410,Coreia do Sul,477077852,7.425,3,0,6424972808
2014,842,EUA,843143,Partes de máquinas de terraplanagem,156,China,447142111,6.959,4,0,6424972808
2014,842,EUA,843143,Partes de máquinas de terraplanagem,702,Singapura,362755181,5.646,5,0,6424972808
2014,842,EUA,843143,Partes de máquinas de terraplanagem,24,Angola,260403880,4.053,8,1,6424972808
2014,842,EUA,890520,Plataformas e dragas,710,África do Sul,100000000,43.437,1,0,230220744
2014,842,EUA,890520,Plataformas e dragas,566,Nigéria,48018900,20.858,2,0,230220744
2014,842,EUA,890520,Plataformas e dragas,218,Equador,36060968,15.664,3,0,230220744
2014,842,EUA,890520,Plataformas e dragas,702,Singapura,16500000,7.167,4,0,230220744
2014,842,EUA,890520,Plataformas e dragas,458,Malásia,10345720,4.494,5,0,230220744
2014,842,EUA,999999,Mercadorias não especificadas,156,China,14916232278,9.543,1,0,156308271024
2014,842,EUA,999999,Mercadorias não especificadas,124,Canadá,14837696843,9.493,2,0,156308271024
2014,842,EUA,999999,Mercadorias não especificadas,826,Reino Unido,10897775005,6.972,3,0,156308271024
2014,842,EUA,999999,Mercadorias não especificadas,484,México,10216521464,6.536,4,0,156308271024
2014,842,EUA,999999,Mercadorias não especificadas,251,França,9390043388,6.007,5,0,156308271024
2014,842,EUA,999999,Mercadorias não especificadas,24,Angola,245851563,0.157,69,1,156308271024
2015,76,Brasil,020714,Carne de aves,392,Japão,827430459,20.911,1,0,3956833574
2015,76,Brasil,020714,Carne de aves,156,China,607444760,15.352,2,0,3956833574
2015,76,Brasil,020714,Carne de aves,682,Arábia Saudita,439015792,11.095,3,0,3956833574
2015,76,Brasil,020714,Carne de aves,344,Hong Kong (RAEHK),286210126,7.233,4,0,3956833574
2015,76,Brasil,020714,Carne de aves,784,Emirados Árabes Unidos,250068173,6.32,5,0,3956833574
2015,76,Brasil,020714,Carne de aves,24,Angola,21738557,0.549,23,1,3956833574
2015,76,Brasil,110100,Farinha de trigo,68,Bolívia,164587,87.561,1,0,187968
2015,76,Brasil,110100,Farinha de trigo,842,EUA,15212,8.093,2,0,187968
2015,76,Brasil,110100,Farinha de trigo,600,Paraguai,6825,3.631,3,0,187968
2015,76,Brasil,110100,Farinha de trigo,24,Angola,889,0.473,4,1,187968
2015,76,Brasil,110100,Farinha de trigo,826,Reino Unido,384,0.204,5,0,187968
2015,76,Brasil,110100,Farinha de trigo,757,Suíça,71,0.038,6,0,187968
2015,76,Brasil,271012,Combustíveis refinados,842,EUA,171210259,60.582,1,0,282607509
2015,76,Brasil,271012,Combustíveis refinados,32,Argentina,29249828,10.35,2,0,282607509
2015,76,Brasil,271012,Combustíveis refinados,44,Bahamas,26742660,9.463,3,0,282607509
2015,76,Brasil,271012,Combustíveis refinados,600,Paraguai,11735313,4.153,4,0,282607509
2015,76,Brasil,271012,Combustíveis refinados,566,Nigéria,11185419,3.958,5,0,282607509
2015,76,Brasil,271012,Combustíveis refinados,24,Angola,2909,0.001,26,1,282607509
2015,76,Brasil,271019,Combustíveis refinados,531,Curaçao,496993699,35.321,1,0,1407060425
2015,76,Brasil,271019,Combustíveis refinados,702,Singapura,407836276,28.985,2,0,1407060425
2015,76,Brasil,271019,Combustíveis refinados,528,Países Baixos,313635608,22.29,3,0,1407060425
2015,76,Brasil,271019,Combustíveis refinados,600,Paraguai,55523133,3.946,4,0,1407060425
2015,76,Brasil,271019,Combustíveis refinados,842,EUA,36731694,2.611,5,0,1407060425
2015,76,Brasil,271019,Combustíveis refinados,24,Angola,758254,0.054,17,1,1407060425
2015,76,Brasil,843143,Partes de máquinas de terraplanagem,842,EUA,6437604,35.925,1,0,17919517
2015,76,Brasil,843143,Partes de máquinas de terraplanagem,156,China,5724914,31.948,2,0,17919517
2015,76,Brasil,843143,Partes de máquinas de terraplanagem,780,Trinidad and Tobago,660452,3.686,3,0,17919517
2015,76,Brasil,843143,Partes de máquinas de terraplanagem,862,Venezuela,570136,3.182,4,0,17919517
2015,76,Brasil,843143,Partes de máquinas de terraplanagem,484,México,407673,2.275,5,0,17919517
2015,76,Brasil,843143,Partes de máquinas de terraplanagem,24,Angola,210913,1.177,10,1,17919517
2015,76,Brasil,890520,Plataformas e dragas,792,Turquia,400000,84.131,1,0,475448
2015,76,Brasil,890520,Plataformas e dragas,842,EUA,75448,15.869,2,0,475448
2015,76,Brasil,999999,Mercadorias não especificadas,837,Bunkers,2419263396,80.566,1,0,3002819672
2015,76,Brasil,999999,Mercadorias não especificadas,842,EUA,215478870,7.176,2,0,3002819672
2015,76,Brasil,999999,Mercadorias não especificadas,724,Espanha,33718273,1.123,3,0,3002819672
2015,76,Brasil,999999,Mercadorias não especificadas,380,Itália,33623510,1.12,4,0,3002819672
2015,76,Brasil,999999,Mercadorias não especificadas,826,Reino Unido,32860814,1.094,5,0,3002819672
2015,76,Brasil,999999,Mercadorias não especificadas,24,Angola,1081658,0.036,36,1,3002819672
2015,156,China,020714,Carne de aves,344,Hong Kong (RAEHK),131185938,50.144,1,0,261620038
2015,156,China,020714,Carne de aves,458,Malásia,63786412,24.381,2,0,261620038
2015,156,China,020714,Carne de aves,48,Barém,15603836,5.964,3,0,261620038
2015,156,China,020714,Carne de aves,368,Iraque,11431990,4.37,4,0,261620038
2015,156,China,020714,Carne de aves,4,Afghanistan,8575762,3.278,5,0,261620038
2015,156,China,020714,Carne de aves,24,Angola,329090,0.126,14,1,261620038
2015,156,China,110100,Farinha de trigo,344,Hong Kong (RAEHK),59530540,82.936,1,0,71779317
2015,156,China,110100,Farinha de trigo,408,Coreia do Norte,5645601,7.865,2,0,71779317
2015,156,China,110100,Farinha de trigo,446,Macau (RAEM),4150186,5.782,3,0,71779317
2015,156,China,110100,Farinha de trigo,764,Tailândia,948508,1.321,4,0,71779317
2015,156,China,110100,Farinha de trigo,608,Filipinas,534577,0.745,5,0,71779317
2015,156,China,110100,Farinha de trigo,24,Angola,66076,0.092,8,1,71779317
2015,156,China,271012,Combustíveis refinados,702,Singapura,1794870294,51.07,1,0,3514533643
2015,156,China,271012,Combustíveis refinados,360,Indonésia,661336480,18.817,2,0,3514533643
2015,156,China,271012,Combustíveis refinados,704,Vietname,390372202,11.107,3,0,3514533643
2015,156,China,271012,Combustíveis refinados,36,Austrália,224718737,6.394,4,0,3514533643
2015,156,China,271012,Combustíveis refinados,458,Malásia,126581685,3.602,5,0,3514533643
2015,156,China,271019,Combustíveis refinados,344,Hong Kong (RAEHK),4261221412,27.393,1,0,15555617202
2015,156,China,271019,Combustíveis refinados,702,Singapura,2049287553,13.174,2,0,15555617202
2015,156,China,271019,Combustíveis refinados,591,Panamá,1248246276,8.024,3,0,15555617202
2015,156,China,271019,Combustíveis refinados,410,Coreia do Sul,1160482231,7.46,4,0,15555617202
2015,156,China,271019,Combustíveis refinados,842,EUA,754999404,4.854,5,0,15555617202
2015,156,China,271019,Combustíveis refinados,24,Angola,459894,0.003,89,1,15555617202
2015,156,China,843143,Partes de máquinas de terraplanagem,842,EUA,230085747,18.177,1,0,1265822239
2015,156,China,843143,Partes de máquinas de terraplanagem,702,Singapura,85419955,6.748,2,0,1265822239
2015,156,China,843143,Partes de máquinas de terraplanagem,643,Rússia,74482409,5.884,3,0,1265822239
2015,156,China,843143,Partes de máquinas de terraplanagem,364,Irão,63983339,5.055,4,0,1265822239
2015,156,China,843143,Partes de máquinas de terraplanagem,414,Kuwait,56623254,4.473,5,0,1265822239
2015,156,China,843143,Partes de máquinas de terraplanagem,24,Angola,1850021,0.146,60,1,1265822239
2015,156,China,890520,Plataformas e dragas,104,Myanmar,758952066,29.964,1,0,2532838713
2015,156,China,890520,Plataformas e dragas,344,Hong Kong (RAEHK),483994093,19.109,2,0,2532838713
2015,156,China,890520,Plataformas e dragas,702,Singapura,360723613,14.242,3,0,2532838713
2015,156,China,890520,Plataformas e dragas,266,Gabão,215273678,8.499,4,0,2532838713
2015,156,China,890520,Plataformas e dragas,484,México,181817319,7.178,5,0,2532838713
2015,156,China,999999,Mercadorias não especificadas,104,Myanmar,270858619,53.456,1,0,506693233
2015,156,China,999999,Mercadorias não especificadas,704,Vietname,72584850,14.325,2,0,506693233
2015,156,China,999999,Mercadorias não especificadas,566,Nigéria,67750000,13.371,3,0,506693233
2015,156,China,999999,Mercadorias não especificadas,418,Lao People's Dem. Rep.,52533925,10.368,4,0,506693233
2015,156,China,999999,Mercadorias não especificadas,842,EUA,5640075,1.113,5,0,506693233
2015,620,Portugal,020714,Carne de aves,24,Angola,3194965,42.651,1,1,7490995
2015,620,Portugal,020714,Carne de aves,678,São Tomé e Príncipe,1036858,13.841,2,0,7490995
2015,620,Portugal,020714,Carne de aves,624,Guiné-Bissau,767335,10.243,3,0,7490995
2015,620,Portugal,020714,Carne de aves,192,Cuba,722842,9.649,4,0,7490995
2015,620,Portugal,020714,Carne de aves,251,França,674897,9.009,5,0,7490995
2015,620,Portugal,020714,Carne de aves,724,Espanha,247298,3.301,6,0,7490995
2015,620,Portugal,110100,Farinha de trigo,24,Angola,18055991,62.066,1,1,29091599
2015,620,Portugal,110100,Farinha de trigo,724,Espanha,5982744,20.565,2,0,29091599
2015,620,Portugal,110100,Farinha de trigo,678,São Tomé e Príncipe,2467333,8.481,3,0,29091599
2015,620,Portugal,110100,Farinha de trigo,251,França,831729,2.859,4,0,29091599
2015,620,Portugal,110100,Farinha de trigo,132,Cabo Verde,695569,2.391,5,0,29091599
2015,620,Portugal,110100,Farinha de trigo,616,Polónia,392843,1.35,6,0,29091599
2015,620,Portugal,271012,Combustíveis refinados,842,EUA,742357613,63.939,1,0,1161039076
2015,620,Portugal,271012,Combustíveis refinados,528,Países Baixos,264076567,22.745,2,0,1161039076
2015,620,Portugal,271012,Combustíveis refinados,56,Bélgica,39328515,3.387,3,0,1161039076
2015,620,Portugal,271012,Combustíveis refinados,724,Espanha,39069352,3.365,4,0,1161039076
2015,620,Portugal,271012,Combustíveis refinados,508,Moçambique,16962842,1.461,5,0,1161039076
2015,620,Portugal,271012,Combustíveis refinados,24,Angola,93461,0.008,15,1,1161039076
2015,620,Portugal,271019,Combustíveis refinados,724,Espanha,850445346,32.787,1,0,2593877943
2015,620,Portugal,271019,Combustíveis refinados,837,Bunkers,849470369,32.749,2,0,2593877943
2015,620,Portugal,271019,Combustíveis refinados,251,França,261548141,10.083,3,0,2593877943
2015,620,Portugal,271019,Combustíveis refinados,504,Marrocos,231390281,8.921,4,0,2593877943
2015,620,Portugal,271019,Combustíveis refinados,292,Gibraltar,210115231,8.1,5,0,2593877943
2015,620,Portugal,271019,Combustíveis refinados,24,Angola,18970762,0.731,8,1,2593877943
2015,620,Portugal,843143,Partes de máquinas de terraplanagem,24,Angola,2655849,31.367,1,1,8467051
2015,620,Portugal,843143,Partes de máquinas de terraplanagem,12,Argélia,1903990,22.487,2,0,8467051
2015,620,Portugal,843143,Partes de máquinas de terraplanagem,724,Espanha,1407068,16.618,3,0,8467051
2015,620,Portugal,843143,Partes de máquinas de terraplanagem,508,Moçambique,704981,8.326,4,0,8467051
2015,620,Portugal,843143,Partes de máquinas de terraplanagem,178,Congo,257619,3.043,5,0,8467051
2015,620,Portugal,843143,Partes de máquinas de terraplanagem,579,Noruega,219581,2.593,6,0,8467051
2015,620,Portugal,999999,Mercadorias não especificadas,837,Bunkers,105633078,98.747,1,0,106973810
2015,620,Portugal,999999,Mercadorias não especificadas,478,Mauritânia,281212,0.263,2,0,106973810
2015,620,Portugal,999999,Mercadorias não especificadas,584,Marshall Isds,255094,0.238,3,0,106973810
2015,620,Portugal,999999,Mercadorias não especificadas,470,Malta,204675,0.191,4,0,106973810
2015,620,Portugal,999999,Mercadorias não especificadas,300,Grécia,139545,0.13,5,0,106973810
2015,710,África do Sul,020714,Carne de aves,516,Namíbia,13064993,31.454,1,0,41536766
2015,710,África do Sul,020714,Carne de aves,508,Moçambique,11299837,27.204,2,0,41536766
2015,710,África do Sul,020714,Carne de aves,426,Lesotho,10888760,26.215,3,0,41536766
2015,710,África do Sul,020714,Carne de aves,72,Botsuana,3357191,8.082,4,0,41536766
2015,710,África do Sul,020714,Carne de aves,716,Zimbabué,914554,2.202,5,0,41536766
2015,710,África do Sul,020714,Carne de aves,24,Angola,192930,0.464,9,1,41536766
2015,710,África do Sul,110100,Farinha de trigo,716,Zimbabué,30264941,59.984,1,0,50455056
2015,710,África do Sul,110100,Farinha de trigo,426,Lesotho,10886606,21.577,2,0,50455056
2015,710,África do Sul,110100,Farinha de trigo,894,Zâmbia,4671509,9.259,3,0,50455056
2015,710,África do Sul,110100,Farinha de trigo,72,Botsuana,2982277,5.911,4,0,50455056
2015,710,África do Sul,110100,Farinha de trigo,748,Eswatini,860603,1.706,5,0,50455056
2015,710,África do Sul,110100,Farinha de trigo,24,Angola,69900,0.139,10,1,50455056
2015,710,África do Sul,271012,Combustíveis refinados,72,Botsuana,658569511,25.996,1,0,2533387847
2015,710,África do Sul,271012,Combustíveis refinados,837,Bunkers,508906257,20.088,2,0,2533387847
2015,710,África do Sul,271012,Combustíveis refinados,899,"Areas, nes",219997682,8.684,3,0,2533387847
2015,710,África do Sul,271012,Combustíveis refinados,516,Namíbia,218409240,8.621,4,0,2533387847
2015,710,África do Sul,271012,Combustíveis refinados,748,Eswatini,161317976,6.368,5,0,2533387847
2015,710,África do Sul,271012,Combustíveis refinados,24,Angola,14748452,0.582,16,1,2533387847
2015,710,África do Sul,271019,Combustíveis refinados,894,Zâmbia,23263895,25.619,1,0,90808761
2015,710,África do Sul,271019,Combustíveis refinados,528,Países Baixos,18410943,20.274,2,0,90808761
2015,710,África do Sul,271019,Combustíveis refinados,716,Zimbabué,14286556,15.733,3,0,90808761
2015,710,África do Sul,271019,Combustíveis refinados,180,RD Congo,8463049,9.32,4,0,90808761
2015,710,África do Sul,271019,Combustíveis refinados,380,Itália,4353755,4.794,5,0,90808761
2015,710,África do Sul,271019,Combustíveis refinados,24,Angola,3532940,3.891,7,1,90808761
2015,710,África do Sul,843143,Partes de máquinas de terraplanagem,276,Alemanha,11920121,14.208,1,0,83895773
2015,710,África do Sul,843143,Partes de máquinas de terraplanagem,842,EUA,11331439,13.507,2,0,83895773
2015,710,África do Sul,843143,Partes de máquinas de terraplanagem,716,Zimbabué,10978018,13.085,3,0,83895773
2015,710,África do Sul,843143,Partes de máquinas de terraplanagem,894,Zâmbia,9285510,11.068,4,0,83895773
2015,710,África do Sul,843143,Partes de máquinas de terraplanagem,516,Namíbia,5176728,6.17,5,0,83895773
2015,710,África do Sul,843143,Partes de máquinas de terraplanagem,24,Angola,3886752,4.633,7,1,83895773
2015,710,África do Sul,890520,Plataformas e dragas,24,Angola,75995,72.575,1,1,104712
2015,710,África do Sul,890520,Plataformas e dragas,180,RD Congo,25065,23.937,2,0,104712
2015,710,África do Sul,890520,Plataformas e dragas,748,Eswatini,2780,2.655,3,0,104712
2015,710,África do Sul,890520,Plataformas e dragas,72,Botsuana,563,0.538,4,0,104712
2015,710,África do Sul,890520,Plataformas e dragas,516,Namíbia,144,0.138,5,0,104712
2015,710,África do Sul,890520,Plataformas e dragas,716,Zimbabué,94,0.09,6,0,104712
2015,710,África do Sul,999999,Mercadorias não especificadas,837,Bunkers,195242399,86.712,1,0,225161889
2015,710,África do Sul,999999,Mercadorias não especificadas,251,França,3248638,1.443,2,0,225161889
2015,710,África do Sul,999999,Mercadorias não especificadas,516,Namíbia,2486670,1.104,3,0,225161889
2015,710,África do Sul,999999,Mercadorias não especificadas,784,Emirados Árabes Unidos,2286892,1.016,4,0,225161889
2015,710,África do Sul,999999,Mercadorias não especificadas,276,Alemanha,2264355,1.006,5,0,225161889
2015,710,África do Sul,999999,Mercadorias não especificadas,24,Angola,765845,0.34,14,1,225161889
2015,842,EUA,020714,Carne de aves,344,Hong Kong (RAEHK),377902721,17.146,1,0,2203986030
2015,842,EUA,020714,Carne de aves,484,México,186528538,8.463,2,0,2203986030
2015,842,EUA,020714,Carne de aves,490,Taiwan (Prov. China),155066290,7.036,3,0,2203986030
2015,842,EUA,020714,Carne de aves,24,Angola,109374699,4.963,4,1,2203986030
2015,842,EUA,020714,Carne de aves,192,Cuba,77645106,3.523,5,0,2203986030
2015,842,EUA,020714,Carne de aves,320,Guatemala,75732894,3.436,6,0,2203986030
2015,842,EUA,110100,Farinha de trigo,484,México,73135943,49.38,1,0,148109462
2015,842,EUA,110100,Farinha de trigo,124,Canadá,45993590,31.054,2,0,148109462
2015,842,EUA,110100,Farinha de trigo,404,Quénia,5251049,3.545,3,0,148109462
2015,842,EUA,110100,Farinha de trigo,834,Tanzânia,3903234,2.635,4,0,148109462
2015,842,EUA,110100,Farinha de trigo,410,Coreia do Sul,2570915,1.736,5,0,148109462
2015,842,EUA,271012,Combustíveis refinados,484,México,8659947968,34.26,1,0,25277494511
2015,842,EUA,271012,Combustíveis refinados,124,Canadá,4955927841,19.606,2,0,25277494511
2015,842,EUA,271012,Combustíveis refinados,170,Colômbia,1893482283,7.491,3,0,25277494511
2015,842,EUA,271012,Combustíveis refinados,862,Venezuela,1715135656,6.785,4,0,25277494511
2015,842,EUA,271012,Combustíveis refinados,218,Equador,970625105,3.84,5,0,25277494511
2015,842,EUA,271012,Combustíveis refinados,24,Angola,41435,0.0,92,1,25277494511
2015,842,EUA,271019,Combustíveis refinados,484,México,5674211601,11.979,1,0,47366710742
2015,842,EUA,271019,Combustíveis refinados,528,Países Baixos,4045666755,8.541,2,0,47366710742
2015,842,EUA,271019,Combustíveis refinados,124,Canadá,4039385678,8.528,3,0,47366710742
2015,842,EUA,271019,Combustíveis refinados,152,Chile,2931806172,6.19,4,0,47366710742
2015,842,EUA,271019,Combustíveis refinados,170,Colômbia,2508566728,5.296,5,0,47366710742
2015,842,EUA,271019,Combustíveis refinados,24,Angola,488641,0.001,113,1,47366710742
2015,842,EUA,843143,Partes de máquinas de terraplanagem,484,México,642308650,13.918,1,0,4614848220
2015,842,EUA,843143,Partes de máquinas de terraplanagem,410,Coreia do Sul,346419248,7.507,2,0,4614848220
2015,842,EUA,843143,Partes de máquinas de terraplanagem,156,China,342920059,7.431,3,0,4614848220
2015,842,EUA,843143,Partes de máquinas de terraplanagem,124,Canadá,260105991,5.636,4,0,4614848220
2015,842,EUA,843143,Partes de máquinas de terraplanagem,702,Singapura,250243575,5.423,5,0,4614848220
2015,842,EUA,843143,Partes de máquinas de terraplanagem,24,Angola,135475275,2.936,11,1,4614848220
2015,842,EUA,890520,Plataformas e dragas,702,Singapura,300000000,41.898,1,0,716025154
2015,842,EUA,890520,Plataformas e dragas,579,Noruega,170883904,23.866,2,0,716025154
2015,842,EUA,890520,Plataformas e dragas,780,Trinidad and Tobago,143000000,19.971,3,0,716025154
2015,842,EUA,890520,Plataformas e dragas,566,Nigéria,54094163,7.555,4,0,716025154
2015,842,EUA,890520,Plataformas e dragas,484,México,47061826,6.573,5,0,716025154
2015,842,EUA,999999,Mercadorias não especificadas,156,China,16394775318,10.19,1,0,160892034793
2015,842,EUA,999999,Mercadorias não especificadas,124,Canadá,15384956928,9.562,2,0,160892034793
2015,842,EUA,999999,Mercadorias não especificadas,826,Reino Unido,11638331584,7.234,3,0,160892034793
2015,842,EUA,999999,Mercadorias não especificadas,251,França,10409773936,6.47,4,0,160892034793
2015,842,EUA,999999,Mercadorias não especificadas,484,México,10258531073,6.376,5,0,160892034793
2015,842,EUA,999999,Mercadorias não especificadas,24,Angola,55454824,0.034,95,1,160892034793
2016,76,Brasil,020714,Carne de aves,156,China,859142248,21.738,1,0,3952227593
2016,76,Brasil,020714,Carne de aves,392,Japão,713730976,18.059,2,0,3952227593
2016,76,Brasil,020714,Carne de aves,682,Arábia Saudita,373568275,9.452,3,0,3952227593
2016,76,Brasil,020714,Carne de aves,344,Hong Kong (RAEHK),350721013,8.874,4,0,3952227593
2016,76,Brasil,020714,Carne de aves,784,Emirados Árabes Unidos,234612598,5.936,5,0,3952227593
2016,76,Brasil,020714,Carne de aves,24,Angola,20434586,0.517,23,1,3952227593
2016,76,Brasil,110100,Farinha de trigo,862,Venezuela,2783800,93.816,1,0,2967299
2016,76,Brasil,110100,Farinha de trigo,68,Bolívia,146633,4.942,2,0,2967299
2016,76,Brasil,110100,Farinha de trigo,842,EUA,23312,0.786,3,0,2967299
2016,76,Brasil,110100,Farinha de trigo,508,Moçambique,3728,0.126,4,0,2967299
2016,76,Brasil,110100,Farinha de trigo,710,África do Sul,3053,0.103,5,0,2967299
2016,76,Brasil,110100,Farinha de trigo,24,Angola,2355,0.079,6,1,2967299
2016,76,Brasil,271012,Combustíveis refinados,842,EUA,158286628,59.905,1,0,264228076
2016,76,Brasil,271012,Combustíveis refinados,528,Países Baixos,37413716,14.16,2,0,264228076
2016,76,Brasil,271012,Combustíveis refinados,531,Curaçao,15881283,6.01,3,0,264228076
2016,76,Brasil,271012,Combustíveis refinados,32,Argentina,14652600,5.545,4,0,264228076
2016,76,Brasil,271012,Combustíveis refinados,600,Paraguai,9434328,3.571,5,0,264228076
2016,76,Brasil,271012,Combustíveis refinados,24,Angola,49,0.0,42,1,264228076
2016,76,Brasil,271019,Combustíveis refinados,702,Singapura,287777116,32.436,1,0,887217472
2016,76,Brasil,271019,Combustíveis refinados,842,EUA,129040836,14.544,2,0,887217472
2016,76,Brasil,271019,Combustíveis refinados,528,Países Baixos,95614012,10.777,3,0,887217472
2016,76,Brasil,271019,Combustíveis refinados,531,Curaçao,89307352,10.066,4,0,887217472
2016,76,Brasil,271019,Combustíveis refinados,32,Argentina,48429159,5.459,5,0,887217472
2016,76,Brasil,271019,Combustíveis refinados,24,Angola,245972,0.028,26,1,887217472
2016,76,Brasil,843143,Partes de máquinas de terraplanagem,842,EUA,3448214,30.057,1,0,11472201
2016,76,Brasil,843143,Partes de máquinas de terraplanagem,276,Alemanha,1911927,16.666,2,0,11472201
2016,76,Brasil,843143,Partes de máquinas de terraplanagem,484,México,869534,7.579,3,0,11472201
2016,76,Brasil,843143,Partes de máquinas de terraplanagem,579,Noruega,534945,4.663,4,0,11472201
2016,76,Brasil,843143,Partes de máquinas de terraplanagem,68,Bolívia,469126,4.089,5,0,11472201
2016,76,Brasil,843143,Partes de máquinas de terraplanagem,24,Angola,202099,1.762,10,1,11472201
2016,76,Brasil,999999,Mercadorias não especificadas,837,Bunkers,1731325721,81.36,1,0,2127973638
2016,76,Brasil,999999,Mercadorias não especificadas,842,EUA,99284004,4.666,2,0,2127973638
2016,76,Brasil,999999,Mercadorias não especificadas,784,Emirados Árabes Unidos,47480679,2.231,3,0,2127973638
2016,76,Brasil,999999,Mercadorias não especificadas,724,Espanha,28132070,1.322,4,0,2127973638
2016,76,Brasil,999999,Mercadorias não especificadas,380,Itália,24372240,1.145,5,0,2127973638
2016,76,Brasil,999999,Mercadorias não especificadas,24,Angola,528921,0.025,42,1,2127973638
2016,156,China,020714,Carne de aves,344,Hong Kong (RAEHK),131892057,59.302,1,0,222406342
2016,156,China,020714,Carne de aves,458,Malásia,30100154,13.534,2,0,222406342
2016,156,China,020714,Carne de aves,496,Mongolia,10752235,4.835,3,0,222406342
2016,156,China,020714,Carne de aves,48,Barém,10621823,4.776,4,0,222406342
2016,156,China,020714,Carne de aves,4,Afghanistan,9557612,4.297,5,0,222406342
2016,156,China,020714,Carne de aves,24,Angola,50160,0.023,15,1,222406342
2016,156,China,110100,Farinha de trigo,344,Hong Kong (RAEHK),50330873,85.9,1,0,58592355
2016,156,China,110100,Farinha de trigo,446,Macau (RAEM),3518220,6.005,2,0,58592355
2016,156,China,110100,Farinha de trigo,408,Coreia do Norte,2535342,4.327,3,0,58592355
2016,156,China,110100,Farinha de trigo,764,Tailândia,821997,1.403,4,0,58592355
2016,156,China,110100,Farinha de trigo,842,EUA,573378,0.979,5,0,58592355
2016,156,China,110100,Farinha de trigo,24,Angola,45155,0.077,8,1,58592355
2016,156,China,271012,Combustíveis refinados,702,Singapura,2289614383,54.251,1,0,4220438394
2016,156,China,271012,Combustíveis refinados,458,Malásia,640465825,15.175,2,0,4220438394
2016,156,China,271012,Combustíveis refinados,360,Indonésia,354436529,8.398,3,0,4220438394
2016,156,China,271012,Combustíveis refinados,36,Austrália,159190894,3.772,4,0,4220438394
2016,156,China,271012,Combustíveis refinados,704,Vietname,147702277,3.5,5,0,4220438394
2016,156,China,271019,Combustíveis refinados,344,Hong Kong (RAEHK),3407818719,22.457,1,0,15175049054
2016,156,China,271019,Combustíveis refinados,702,Singapura,2161313504,14.243,2,0,15175049054
2016,156,China,271019,Combustíveis refinados,608,Filipinas,1180083217,7.776,3,0,15175049054
2016,156,China,271019,Combustíveis refinados,842,EUA,1047839171,6.905,4,0,15175049054
2016,156,China,271019,Combustíveis refinados,36,Austrália,919803300,6.061,5,0,15175049054
2016,156,China,271019,Combustíveis refinados,24,Angola,113152768,0.746,21,1,15175049054
2016,156,China,843143,Partes de máquinas de terraplanagem,842,EUA,102473129,11.681,1,0,877248637
2016,156,China,843143,Partes de máquinas de terraplanagem,364,Irão,73559127,8.385,2,0,877248637
2016,156,China,843143,Partes de máquinas de terraplanagem,702,Singapura,70456056,8.031,3,0,877248637
2016,156,China,843143,Partes de máquinas de terraplanagem,862,Venezuela,66815274,7.616,4,0,877248637
2016,156,China,843143,Partes de máquinas de terraplanagem,643,Rússia,48786730,5.561,5,0,877248637
2016,156,China,843143,Partes de máquinas de terraplanagem,24,Angola,819676,0.093,78,1,877248637
2016,156,China,890520,Plataformas e dragas,643,Rússia,356462222,22.289,1,0,1599242085
2016,156,China,890520,Plataformas e dragas,699,Índia,342273363,21.402,2,0,1599242085
2016,156,China,890520,Plataformas e dragas,44,Bahamas,200128165,12.514,3,0,1599242085
2016,156,China,890520,Plataformas e dragas,702,Singapura,196182988,12.267,4,0,1599242085
2016,156,China,890520,Plataformas e dragas,528,Países Baixos,149240513,9.332,5,0,1599242085
2016,156,China,999999,Mercadorias não especificadas,704,Vietname,1138583935,24.986,1,0,4556933990
2016,156,China,999999,Mercadorias não especificadas,899,"Areas, nes",1131567513,24.832,2,0,4556933990
2016,156,China,999999,Mercadorias não especificadas,842,EUA,436895341,9.587,3,0,4556933990
2016,156,China,999999,Mercadorias não especificadas,104,Myanmar,309716433,6.797,4,0,4556933990
2016,156,China,999999,Mercadorias não especificadas,490,Taiwan (Prov. China),243638190,5.347,5,0,4556933990
2016,156,China,999999,Mercadorias não especificadas,24,Angola,60500,0.001,130,1,4556933990
2016,620,Portugal,020714,Carne de aves,24,Angola,3762960,49.348,1,1,7625327
2016,620,Portugal,020714,Carne de aves,624,Guiné-Bissau,1027237,13.471,2,0,7625327
2016,620,Portugal,020714,Carne de aves,678,São Tomé e Príncipe,771820,10.122,3,0,7625327
2016,620,Portugal,020714,Carne de aves,251,França,745593,9.778,4,0,7625327
2016,620,Portugal,020714,Carne de aves,132,Cabo Verde,230595,3.024,5,0,7625327
2016,620,Portugal,020714,Carne de aves,724,Espanha,213649,2.802,6,0,7625327
2016,620,Portugal,110100,Farinha de trigo,24,Angola,29318639,68.238,1,1,42965196
2016,620,Portugal,110100,Farinha de trigo,724,Espanha,7280033,16.944,2,0,42965196
2016,620,Portugal,110100,Farinha de trigo,678,São Tomé e Príncipe,2256716,5.252,3,0,42965196
2016,620,Portugal,110100,Farinha de trigo,251,França,1592202,3.706,4,0,42965196
2016,620,Portugal,110100,Farinha de trigo,132,Cabo Verde,1499849,3.491,5,0,42965196
2016,620,Portugal,110100,Farinha de trigo,344,Hong Kong (RAEHK),250989,0.584,6,0,42965196
2016,620,Portugal,271012,Combustíveis refinados,842,EUA,541472767,59.102,1,0,916170146
2016,620,Portugal,271012,Combustíveis refinados,528,Países Baixos,143486356,15.662,2,0,916170146
2016,620,Portugal,271012,Combustíveis refinados,56,Bélgica,80358438,8.771,3,0,916170146
2016,620,Portugal,271012,Combustíveis refinados,724,Espanha,39217271,4.281,4,0,916170146
2016,620,Portugal,271012,Combustíveis refinados,292,Gibraltar,31073140,3.392,5,0,916170146
2016,620,Portugal,271012,Combustíveis refinados,24,Angola,92659,0.01,20,1,916170146
2016,620,Portugal,271019,Combustíveis refinados,837,Bunkers,649397347,37.365,1,0,1737977846
2016,620,Portugal,271019,Combustíveis refinados,504,Marrocos,298128689,17.154,2,0,1737977846
2016,620,Portugal,271019,Combustíveis refinados,724,Espanha,296772163,17.076,3,0,1737977846
2016,620,Portugal,271019,Combustíveis refinados,292,Gibraltar,111331887,6.406,4,0,1737977846
2016,620,Portugal,271019,Combustíveis refinados,251,França,104610283,6.019,5,0,1737977846
2016,620,Portugal,271019,Combustíveis refinados,24,Angola,25440962,1.464,9,1,1737977846
2016,620,Portugal,843143,Partes de máquinas de terraplanagem,24,Angola,1103474,38.593,1,1,2859264
2016,620,Portugal,843143,Partes de máquinas de terraplanagem,12,Argélia,397796,13.913,2,0,2859264
2016,620,Portugal,843143,Partes de máquinas de terraplanagem,508,Moçambique,279338,9.77,3,0,2859264
2016,620,Portugal,843143,Partes de máquinas de terraplanagem,124,Canadá,202424,7.08,4,0,2859264
2016,620,Portugal,843143,Partes de máquinas de terraplanagem,76,Brasil,171637,6.003,5,0,2859264
2016,620,Portugal,843143,Partes de máquinas de terraplanagem,120,Camarões,90011,3.148,6,0,2859264
2016,620,Portugal,999999,Mercadorias não especificadas,837,Bunkers,84256649,98.653,1,0,85406748
2016,620,Portugal,999999,Mercadorias não especificadas,478,Mauritânia,334181,0.391,2,0,85406748
2016,620,Portugal,999999,Mercadorias não especificadas,702,Singapura,176127,0.206,3,0,85406748
2016,620,Portugal,999999,Mercadorias não especificadas,132,Cabo Verde,163743,0.192,4,0,85406748
2016,620,Portugal,999999,Mercadorias não especificadas,300,Grécia,159083,0.186,5,0,85406748
2016,710,África do Sul,020714,Carne de aves,516,Namíbia,11049872,34.339,1,0,32178820
2016,710,África do Sul,020714,Carne de aves,508,Moçambique,7496938,23.298,2,0,32178820
2016,710,África do Sul,020714,Carne de aves,426,Lesotho,5487047,17.052,3,0,32178820
2016,710,África do Sul,020714,Carne de aves,72,Botsuana,2820900,8.766,4,0,32178820
2016,710,África do Sul,020714,Carne de aves,180,RD Congo,974109,3.027,5,0,32178820
2016,710,África do Sul,020714,Carne de aves,24,Angola,747982,2.324,7,1,32178820
2016,710,África do Sul,110100,Farinha de trigo,716,Zimbabué,18567688,49.138,1,0,37786494
2016,710,África do Sul,110100,Farinha de trigo,426,Lesotho,10744882,28.436,2,0,37786494
2016,710,África do Sul,110100,Farinha de trigo,72,Botsuana,4937056,13.066,3,0,37786494
2016,710,África do Sul,110100,Farinha de trigo,508,Moçambique,1651401,4.37,4,0,37786494
2016,710,África do Sul,110100,Farinha de trigo,516,Namíbia,640761,1.696,5,0,37786494
2016,710,África do Sul,110100,Farinha de trigo,24,Angola,544494,1.441,6,1,37786494
2016,710,África do Sul,271012,Combustíveis refinados,72,Botsuana,488508575,24.963,1,0,1956928931
2016,710,África do Sul,271012,Combustíveis refinados,899,"Areas, nes",229326707,11.719,2,0,1956928931
2016,710,África do Sul,271012,Combustíveis refinados,837,Bunkers,160129050,8.183,3,0,1956928931
2016,710,África do Sul,271012,Combustíveis refinados,516,Namíbia,154470609,7.894,4,0,1956928931
2016,710,África do Sul,271012,Combustíveis refinados,894,Zâmbia,141749502,7.243,5,0,1956928931
2016,710,África do Sul,271012,Combustíveis refinados,24,Angola,14076359,0.719,17,1,1956928931
2016,710,África do Sul,271019,Combustíveis refinados,528,Países Baixos,18723742,23.9,1,0,78341438
2016,710,África do Sul,271019,Combustíveis refinados,894,Zâmbia,17573370,22.432,2,0,78341438
2016,710,África do Sul,271019,Combustíveis refinados,716,Zimbabué,13972643,17.836,3,0,78341438
2016,710,África do Sul,271019,Combustíveis refinados,834,Tanzânia,4593524,5.863,4,0,78341438
2016,710,África do Sul,271019,Combustíveis refinados,516,Namíbia,3660023,4.672,5,0,78341438
2016,710,África do Sul,271019,Combustíveis refinados,24,Angola,3241180,4.137,6,1,78341438
2016,710,África do Sul,843143,Partes de máquinas de terraplanagem,24,Angola,35463407,37.975,1,1,93386114
2016,710,África do Sul,843143,Partes de máquinas de terraplanagem,716,Zimbabué,11647002,12.472,2,0,93386114
2016,710,África do Sul,843143,Partes de máquinas de terraplanagem,516,Namíbia,5455489,5.842,3,0,93386114
2016,710,África do Sul,843143,Partes de máquinas de terraplanagem,894,Zâmbia,5440989,5.826,4,0,93386114
2016,710,África do Sul,843143,Partes de máquinas de terraplanagem,384,Costa do Marfim,4454839,4.77,5,0,93386114
2016,710,África do Sul,843143,Partes de máquinas de terraplanagem,699,Índia,3136847,3.359,6,0,93386114
2016,710,África do Sul,890520,Plataformas e dragas,288,Gana,5152,31.277,1,0,16472
2016,710,África do Sul,890520,Plataformas e dragas,894,Zâmbia,3904,23.7,2,0,16472
2016,710,África do Sul,890520,Plataformas e dragas,426,Lesotho,3765,22.859,3,0,16472
2016,710,África do Sul,890520,Plataformas e dragas,716,Zimbabué,3651,22.164,4,0,16472
2016,710,África do Sul,999999,Mercadorias não especificadas,837,Bunkers,215712888,87.678,1,0,246027910
2016,710,África do Sul,999999,Mercadorias não especificadas,178,Congo,3721342,1.513,2,0,246027910
2016,710,África do Sul,999999,Mercadorias não especificadas,516,Namíbia,2218469,0.902,3,0,246027910
2016,710,África do Sul,999999,Mercadorias não especificadas,276,Alemanha,2023526,0.822,4,0,246027910
2016,710,África do Sul,999999,Mercadorias não especificadas,251,França,1809907,0.736,5,0,246027910
2016,710,África do Sul,999999,Mercadorias não especificadas,24,Angola,583192,0.237,20,1,246027910
2016,842,EUA,020714,Carne de aves,344,Hong Kong (RAEHK),366754153,17.147,1,0,2138938941
2016,842,EUA,020714,Carne de aves,484,México,146090761,6.83,2,0,2138938941
2016,842,EUA,020714,Carne de aves,490,Taiwan (Prov. China),118663443,5.548,3,0,2138938941
2016,842,EUA,020714,Carne de aves,192,Cuba,103869114,4.856,4,0,2138938941
2016,842,EUA,020714,Carne de aves,24,Angola,85276203,3.987,5,1,2138938941
2016,842,EUA,020714,Carne de aves,320,Guatemala,82064450,3.837,6,0,2138938941
2016,842,EUA,110100,Farinha de trigo,484,México,92766779,57.499,1,0,161335463
2016,842,EUA,110100,Farinha de trigo,124,Canadá,47963988,29.729,2,0,161335463
2016,842,EUA,110100,Farinha de trigo,404,Quénia,2359527,1.462,3,0,161335463
2016,842,EUA,110100,Farinha de trigo,834,Tanzânia,2340000,1.45,4,0,161335463
2016,842,EUA,110100,Farinha de trigo,752,Suécia,1740146,1.079,5,0,161335463
2016,842,EUA,110100,Farinha de trigo,24,Angola,65071,0.04,45,1,161335463
2016,842,EUA,271012,Combustíveis refinados,484,México,9551356627,39.228,1,0,24348431415
2016,842,EUA,271012,Combustíveis refinados,124,Canadá,5208054050,21.39,2,0,24348431415
2016,842,EUA,271012,Combustíveis refinados,170,Colômbia,1386133464,5.693,3,0,24348431415
2016,842,EUA,271012,Combustíveis refinados,862,Venezuela,1214370789,4.987,4,0,24348431415
2016,842,EUA,271012,Combustíveis refinados,76,Brasil,775846868,3.186,5,0,24348431415
2016,842,EUA,271012,Combustíveis refinados,24,Angola,170920,0.001,85,1,24348431415
2016,842,EUA,271019,Combustíveis refinados,484,México,6066904031,16.056,1,0,37787037786
2016,842,EUA,271019,Combustíveis refinados,76,Brasil,2867734537,7.589,2,0,37787037786
2016,842,EUA,271019,Combustíveis refinados,124,Canadá,2785919811,7.373,3,0,37787037786
2016,842,EUA,271019,Combustíveis refinados,528,Países Baixos,2766056386,7.32,4,0,37787037786
2016,842,EUA,271019,Combustíveis refinados,152,Chile,2287363243,6.053,5,0,37787037786
2016,842,EUA,271019,Combustíveis refinados,24,Angola,1140160,0.003,101,1,37787037786
2016,842,EUA,843143,Partes de máquinas de terraplanagem,124,Canadá,212559537,9.368,1,0,2268912419
2016,842,EUA,843143,Partes de máquinas de terraplanagem,410,Coreia do Sul,142084571,6.262,2,0,2268912419
2016,842,EUA,843143,Partes de máquinas de terraplanagem,76,Brasil,128993635,5.685,3,0,2268912419
2016,842,EUA,843143,Partes de máquinas de terraplanagem,784,Emirados Árabes Unidos,122038352,5.379,4,0,2268912419
2016,842,EUA,843143,Partes de máquinas de terraplanagem,156,China,103688973,4.57,5,0,2268912419
2016,842,EUA,843143,Partes de máquinas de terraplanagem,24,Angola,65205366,2.874,12,1,2268912419
2016,842,EUA,890520,Plataformas e dragas,780,Trinidad and Tobago,209460000,43.382,1,0,482826494
2016,842,EUA,890520,Plataformas e dragas,226,Guiné Equatorial,180000000,37.28,2,0,482826494
2016,842,EUA,890520,Plataformas e dragas,566,Nigéria,47300000,9.796,3,0,482826494
2016,842,EUA,890520,Plataformas e dragas,699,Índia,42000000,8.699,4,0,482826494
2016,842,EUA,890520,Plataformas e dragas,124,Canadá,3923930,0.813,5,0,482826494
2016,842,EUA,999999,Mercadorias não especificadas,156,China,15600314042,9.686,1,0,161065057485
2016,842,EUA,999999,Mercadorias não especificadas,124,Canadá,14521604919,9.016,2,0,161065057485
2016,842,EUA,999999,Mercadorias não especificadas,826,Reino Unido,13123689566,8.148,3,0,161065057485
2016,842,EUA,999999,Mercadorias não especificadas,251,França,12340791788,7.662,4,0,161065057485
2016,842,EUA,999999,Mercadorias não especificadas,484,México,9438147559,5.86,5,0,161065057485
2016,842,EUA,999999,Mercadorias não especificadas,24,Angola,423696948,0.263,47,1,161065057485
2017,76,Brasil,020714,Carne de aves,392,Japão,898179430,19.448,1,0,4618280858
2017,76,Brasil,020714,Carne de aves,156,China,760572623,16.469,2,0,4618280858
2017,76,Brasil,020714,Carne de aves,682,Arábia Saudita,455615399,9.865,3,0,4618280858
2017,76,Brasil,020714,Carne de aves,344,Hong Kong (RAEHK),388304432,8.408,4,0,4618280858
2017,76,Brasil,020714,Carne de aves,784,Emirados Árabes Unidos,292145935,6.326,5,0,4618280858
2017,76,Brasil,020714,Carne de aves,24,Angola,30212455,0.654,22,1,4618280858
2017,76,Brasil,110100,Farinha de trigo,862,Venezuela,13572570,98.726,1,0,13747665
2017,76,Brasil,110100,Farinha de trigo,68,Bolívia,143514,1.044,2,0,13747665
2017,76,Brasil,110100,Farinha de trigo,842,EUA,15576,0.113,3,0,13747665
2017,76,Brasil,110100,Farinha de trigo,600,Paraguai,11646,0.085,4,0,13747665
2017,76,Brasil,110100,Farinha de trigo,24,Angola,2037,0.015,5,1,13747665
2017,76,Brasil,110100,Farinha de trigo,226,Guiné Equatorial,1340,0.01,6,0,13747665
2017,76,Brasil,271012,Combustíveis refinados,842,EUA,98799171,41.494,1,0,238103038
2017,76,Brasil,271012,Combustíveis refinados,32,Argentina,51461201,21.613,2,0,238103038
2017,76,Brasil,271012,Combustíveis refinados,600,Paraguai,25106080,10.544,3,0,238103038
2017,76,Brasil,271012,Combustíveis refinados,528,Países Baixos,23786667,9.99,4,0,238103038
2017,76,Brasil,271012,Combustíveis refinados,68,Bolívia,13889718,5.833,5,0,238103038
2017,76,Brasil,271012,Combustíveis refinados,24,Angola,813,0.0,29,1,238103038
2017,76,Brasil,271019,Combustíveis refinados,702,Singapura,675142708,43.829,1,0,1540410362
2017,76,Brasil,271019,Combustíveis refinados,842,EUA,236266945,15.338,2,0,1540410362
2017,76,Brasil,271019,Combustíveis refinados,528,Países Baixos,186750539,12.123,3,0,1540410362
2017,76,Brasil,271019,Combustíveis refinados,32,Argentina,123821665,8.038,4,0,1540410362
2017,76,Brasil,271019,Combustíveis refinados,724,Espanha,59208286,3.844,5,0,1540410362
2017,76,Brasil,271019,Combustíveis refinados,24,Angola,127729,0.008,34,1,1540410362
2017,76,Brasil,843143,Partes de máquinas de terraplanagem,156,China,8978403,45.173,1,0,19875433
2017,76,Brasil,843143,Partes de máquinas de terraplanagem,842,EUA,2639647,13.281,2,0,19875433
2017,76,Brasil,843143,Partes de máquinas de terraplanagem,478,Mauritânia,2353986,11.844,3,0,19875433
2017,76,Brasil,843143,Partes de máquinas de terraplanagem,458,Malásia,694452,3.494,4,0,19875433
2017,76,Brasil,843143,Partes de máquinas de terraplanagem,643,Rússia,640042,3.22,5,0,19875433
2017,76,Brasil,843143,Partes de máquinas de terraplanagem,24,Angola,106998,0.538,18,1,19875433
2017,76,Brasil,999999,Mercadorias não especificadas,837,Bunkers,2238560409,83.097,1,0,2693914767
2017,76,Brasil,999999,Mercadorias não especificadas,842,EUA,95274980,3.537,2,0,2693914767
2017,76,Brasil,999999,Mercadorias não especificadas,784,Emirados Árabes Unidos,44481487,1.651,3,0,2693914767
2017,76,Brasil,999999,Mercadorias não especificadas,620,Portugal,42421214,1.575,4,0,2693914767
2017,76,Brasil,999999,Mercadorias não especificadas,724,Espanha,27825989,1.033,5,0,2693914767
2017,76,Brasil,999999,Mercadorias não especificadas,24,Angola,660495,0.025,41,1,2693914767
2017,156,China,020714,Carne de aves,344,Hong Kong (RAEHK),127037466,54.474,1,0,233206538
2017,156,China,020714,Carne de aves,458,Malásia,22334947,9.577,2,0,233206538
2017,156,China,020714,Carne de aves,48,Barém,19351884,8.298,3,0,233206538
2017,156,China,020714,Carne de aves,496,Mongolia,14651926,6.283,4,0,233206538
2017,156,China,020714,Carne de aves,368,Iraque,14410733,6.179,5,0,233206538
2017,156,China,020714,Carne de aves,24,Angola,168409,0.072,16,1,233206538
2017,156,China,110100,Farinha de trigo,344,Hong Kong (RAEHK),43115119,53.01,1,0,81333480
2017,156,China,110100,Farinha de trigo,408,Coreia do Norte,32623322,40.111,2,0,81333480
2017,156,China,110100,Farinha de trigo,446,Macau (RAEM),2971790,3.654,3,0,81333480
2017,156,China,110100,Farinha de trigo,842,EUA,677475,0.833,4,0,81333480
2017,156,China,110100,Farinha de trigo,764,Tailândia,673328,0.828,5,0,81333480
2017,156,China,271012,Combustíveis refinados,702,Singapura,3375223457,58.897,1,0,5730744637
2017,156,China,271012,Combustíveis refinados,458,Malásia,1230625726,21.474,2,0,5730744637
2017,156,China,271012,Combustíveis refinados,360,Indonésia,483004989,8.428,3,0,5730744637
2017,156,China,271012,Combustíveis refinados,608,Filipinas,153459210,2.678,4,0,5730744637
2017,156,China,271012,Combustíveis refinados,144,Sri Lanka,98017402,1.71,5,0,5730744637
2017,156,China,271019,Combustíveis refinados,344,Hong Kong (RAEHK),4477049936,22.69,1,0,19731221600
2017,156,China,271019,Combustíveis refinados,702,Singapura,2925648339,14.828,2,0,19731221600
2017,156,China,271019,Combustíveis refinados,608,Filipinas,1911405546,9.687,3,0,19731221600
2017,156,China,271019,Combustíveis refinados,410,Coreia do Sul,1513417891,7.67,4,0,19731221600
2017,156,China,271019,Combustíveis refinados,591,Panamá,1185256295,6.007,5,0,19731221600
2017,156,China,271019,Combustíveis refinados,24,Angola,446133,0.002,98,1,19731221600
2017,156,China,843143,Partes de máquinas de terraplanagem,842,EUA,260306392,24.485,1,0,1063136864
2017,156,China,843143,Partes de máquinas de terraplanagem,643,Rússia,63536589,5.976,2,0,1063136864
2017,156,China,843143,Partes de máquinas de terraplanagem,702,Singapura,55104418,5.183,3,0,1063136864
2017,156,China,843143,Partes de máquinas de terraplanagem,124,Canadá,52562103,4.944,4,0,1063136864
2017,156,China,843143,Partes de máquinas de terraplanagem,458,Malásia,40080109,3.77,5,0,1063136864
2017,156,China,843143,Partes de máquinas de terraplanagem,24,Angola,1484088,0.14,63,1,1063136864
2017,156,China,890520,Plataformas e dragas,702,Singapura,579229868,33.204,1,0,1744445534
2017,156,China,890520,Plataformas e dragas,528,Países Baixos,507628895,29.1,2,0,1744445534
2017,156,China,890520,Plataformas e dragas,344,Hong Kong (RAEHK),349060679,20.01,3,0,1744445534
2017,156,China,890520,Plataformas e dragas,643,Rússia,116462222,6.676,4,0,1744445534
2017,156,China,890520,Plataformas e dragas,76,Brasil,106773635,6.121,5,0,1744445534
2017,156,China,999999,Mercadorias não especificadas,842,EUA,1326093335,25.091,1,0,5285054126
2017,156,China,999999,Mercadorias não especificadas,704,Vietname,716916661,13.565,2,0,5285054126
2017,156,China,999999,Mercadorias não especificadas,392,Japão,433080139,8.194,3,0,5285054126
2017,156,China,999999,Mercadorias não especificadas,490,Taiwan (Prov. China),419533669,7.938,4,0,5285054126
2017,156,China,999999,Mercadorias não especificadas,104,Myanmar,327306536,6.193,5,0,5285054126
2017,156,China,999999,Mercadorias não especificadas,24,Angola,532547,0.01,104,1,5285054126
2017,620,Portugal,020714,Carne de aves,24,Angola,2984430,32.976,1,1,9050272
2017,620,Portugal,020714,Carne de aves,624,Guiné-Bissau,1404879,15.523,2,0,9050272
2017,620,Portugal,020714,Carne de aves,251,França,1148349,12.689,3,0,9050272
2017,620,Portugal,020714,Carne de aves,724,Espanha,576623,6.371,4,0,9050272
2017,620,Portugal,020714,Carne de aves,678,São Tomé e Príncipe,522024,5.768,5,0,9050272
2017,620,Portugal,020714,Carne de aves,837,Bunkers,488312,5.396,6,0,9050272
2017,620,Portugal,110100,Farinha de trigo,24,Angola,22428254,61.152,1,1,36676069
2017,620,Portugal,110100,Farinha de trigo,724,Espanha,8104455,22.097,2,0,36676069
2017,620,Portugal,110100,Farinha de trigo,678,São Tomé e Príncipe,2456836,6.699,3,0,36676069
2017,620,Portugal,110100,Farinha de trigo,132,Cabo Verde,1280300,3.491,4,0,36676069
2017,620,Portugal,110100,Farinha de trigo,251,França,1077034,2.937,5,0,36676069
2017,620,Portugal,110100,Farinha de trigo,226,Guiné Equatorial,307707,0.839,6,0,36676069
2017,620,Portugal,271012,Combustíveis refinados,842,EUA,718345117,59.661,1,0,1204052547
2017,620,Portugal,271012,Combustíveis refinados,528,Países Baixos,216187578,17.955,2,0,1204052547
2017,620,Portugal,271012,Combustíveis refinados,56,Bélgica,62180996,5.164,3,0,1204052547
2017,620,Portugal,271012,Combustíveis refinados,788,Tunisia,57815179,4.802,4,0,1204052547
2017,620,Portugal,271012,Combustíveis refinados,292,Gibraltar,36892885,3.064,5,0,1204052547
2017,620,Portugal,271012,Combustíveis refinados,24,Angola,88454,0.007,19,1,1204052547
2017,620,Portugal,271019,Combustíveis refinados,837,Bunkers,898870658,42.919,1,0,2094361060
2017,620,Portugal,271019,Combustíveis refinados,724,Espanha,310518057,14.826,2,0,2094361060
2017,620,Portugal,271019,Combustíveis refinados,504,Marrocos,214103951,10.223,3,0,2094361060
2017,620,Portugal,271019,Combustíveis refinados,76,Brasil,157155960,7.504,4,0,2094361060
2017,620,Portugal,271019,Combustíveis refinados,292,Gibraltar,154398158,7.372,5,0,2094361060
2017,620,Portugal,271019,Combustíveis refinados,24,Angola,21527733,1.028,11,1,2094361060
2017,620,Portugal,843143,Partes de máquinas de terraplanagem,24,Angola,1161372,39.998,1,1,2903548
2017,620,Portugal,843143,Partes de máquinas de terraplanagem,724,Espanha,455540,15.689,2,0,2903548
2017,620,Portugal,843143,Partes de máquinas de terraplanagem,12,Argélia,233642,8.047,3,0,2903548
2017,620,Portugal,843143,Partes de máquinas de terraplanagem,324,Guinea,230154,7.927,4,0,2903548
2017,620,Portugal,843143,Partes de máquinas de terraplanagem,800,Uganda,181471,6.25,5,0,2903548
2017,620,Portugal,843143,Partes de máquinas de terraplanagem,508,Moçambique,162563,5.599,6,0,2903548
2017,620,Portugal,999999,Mercadorias não especificadas,837,Bunkers,88609959,99.146,1,0,89373586
2017,620,Portugal,999999,Mercadorias não especificadas,591,Panamá,130023,0.145,2,0,89373586
2017,620,Portugal,999999,Mercadorias não especificadas,643,Rússia,123743,0.138,3,0,89373586
2017,620,Portugal,999999,Mercadorias não especificadas,76,Brasil,120328,0.135,4,0,89373586
2017,620,Portugal,999999,Mercadorias não especificadas,702,Singapura,80455,0.09,5,0,89373586
2017,620,Portugal,999999,Mercadorias não especificadas,24,Angola,4769,0.005,18,1,89373586
2017,710,África do Sul,020714,Carne de aves,508,Moçambique,10454236,29.293,1,0,35688829
2017,710,África do Sul,020714,Carne de aves,516,Namíbia,10089770,28.272,2,0,35688829
2017,710,África do Sul,020714,Carne de aves,426,Lesotho,6205607,17.388,3,0,35688829
2017,710,África do Sul,020714,Carne de aves,72,Botsuana,2383086,6.677,4,0,35688829
2017,710,África do Sul,020714,Carne de aves,180,RD Congo,1388017,3.889,5,0,35688829
2017,710,África do Sul,020714,Carne de aves,24,Angola,747460,2.094,8,1,35688829
2017,710,África do Sul,110100,Farinha de trigo,426,Lesotho,12256564,51.996,1,0,23572149
2017,710,África do Sul,110100,Farinha de trigo,894,Zâmbia,4078063,17.3,2,0,23572149
2017,710,África do Sul,110100,Farinha de trigo,716,Zimbabué,2971725,12.607,3,0,23572149
2017,710,África do Sul,110100,Farinha de trigo,72,Botsuana,2155304,9.143,4,0,23572149
2017,710,África do Sul,110100,Farinha de trigo,36,Austrália,706338,2.996,5,0,23572149
2017,710,África do Sul,110100,Farinha de trigo,24,Angola,189821,0.805,8,1,23572149
2017,710,África do Sul,271012,Combustíveis refinados,72,Botsuana,576024350,25.432,1,0,2264993179
2017,710,África do Sul,271012,Combustíveis refinados,899,"Areas, nes",402373258,17.765,2,0,2264993179
2017,710,África do Sul,271012,Combustíveis refinados,837,Bunkers,196833868,8.69,3,0,2264993179
2017,710,África do Sul,271012,Combustíveis refinados,426,Lesotho,147552161,6.514,4,0,2264993179
2017,710,África do Sul,271012,Combustíveis refinados,516,Namíbia,138013861,6.093,5,0,2264993179
2017,710,África do Sul,271012,Combustíveis refinados,24,Angola,5781948,0.255,24,1,2264993179
2017,710,África do Sul,271019,Combustíveis refinados,894,Zâmbia,29222663,27.09,1,0,107872593
2017,710,África do Sul,271019,Combustíveis refinados,24,Angola,18502043,17.152,2,1,107872593
2017,710,África do Sul,271019,Combustíveis refinados,716,Zimbabué,16304144,15.114,3,0,107872593
2017,710,África do Sul,271019,Combustíveis refinados,180,RD Congo,7062781,6.547,4,0,107872593
2017,710,África do Sul,271019,Combustíveis refinados,699,Índia,5111370,4.738,5,0,107872593
2017,710,África do Sul,271019,Combustíveis refinados,834,Tanzânia,5015451,4.649,6,0,107872593
2017,710,África do Sul,843143,Partes de máquinas de terraplanagem,716,Zimbabué,8598279,14.643,1,0,58719667
2017,710,África do Sul,843143,Partes de máquinas de terraplanagem,430,Liberia,6970605,11.871,2,0,58719667
2017,710,África do Sul,843143,Partes de máquinas de terraplanagem,894,Zâmbia,6687149,11.388,3,0,58719667
2017,710,África do Sul,843143,Partes de máquinas de terraplanagem,516,Namíbia,4844793,8.251,4,0,58719667
2017,710,África do Sul,843143,Partes de máquinas de terraplanagem,180,RD Congo,4227157,7.199,5,0,58719667
2017,710,África do Sul,843143,Partes de máquinas de terraplanagem,24,Angola,1383101,2.355,11,1,58719667
2017,710,África do Sul,890520,Plataformas e dragas,566,Nigéria,125463,59.92,1,0,209386
2017,710,África do Sul,890520,Plataformas e dragas,426,Lesotho,58379,27.881,2,0,209386
2017,710,África do Sul,890520,Plataformas e dragas,430,Liberia,25543,12.199,3,0,209386
2017,710,África do Sul,999999,Mercadorias não especificadas,837,Bunkers,393471994,91.551,1,0,429782988
2017,710,África do Sul,999999,Mercadorias não especificadas,842,EUA,2708199,0.63,2,0,429782988
2017,710,África do Sul,999999,Mercadorias não especificadas,276,Alemanha,2668960,0.621,3,0,429782988
2017,710,África do Sul,999999,Mercadorias não especificadas,690,Seychelles,2220223,0.517,4,0,429782988
2017,710,África do Sul,999999,Mercadorias não especificadas,516,Namíbia,2082088,0.484,5,0,429782988
2017,710,África do Sul,999999,Mercadorias não especificadas,24,Angola,1310632,0.305,12,1,429782988
2017,842,EUA,020714,Carne de aves,344,Hong Kong (RAEHK),416416176,16.225,1,0,2566523569
2017,842,EUA,020714,Carne de aves,192,Cuba,164870092,6.424,2,0,2566523569
2017,842,EUA,020714,Carne de aves,484,México,160446296,6.252,3,0,2566523569
2017,842,EUA,020714,Carne de aves,24,Angola,155347550,6.053,4,1,2566523569
2017,842,EUA,020714,Carne de aves,490,Taiwan (Prov. China),144948815,5.648,5,0,2566523569
2017,842,EUA,020714,Carne de aves,320,Guatemala,96684519,3.767,6,0,2566523569
2017,842,EUA,110100,Farinha de trigo,484,México,77125247,56.8,1,0,135785049
2017,842,EUA,110100,Farinha de trigo,124,Canadá,40614033,29.911,2,0,135785049
2017,842,EUA,110100,Farinha de trigo,752,Suécia,1773143,1.306,3,0,135785049
2017,842,EUA,110100,Farinha de trigo,458,Malásia,1583487,1.166,4,0,135785049
2017,842,EUA,110100,Farinha de trigo,214,República Dominicana,1451627,1.069,5,0,135785049
2017,842,EUA,271012,Combustíveis refinados,484,México,12002104902,40.393,1,0,29713385077
2017,842,EUA,271012,Combustíveis refinados,124,Canadá,5541036609,18.648,2,0,29713385077
2017,842,EUA,271012,Combustíveis refinados,170,Colômbia,1496122488,5.035,3,0,29713385077
2017,842,EUA,271012,Combustíveis refinados,862,Venezuela,1476600632,4.969,4,0,29713385077
2017,842,EUA,271012,Combustíveis refinados,76,Brasil,1150735928,3.873,5,0,29713385077
2017,842,EUA,271012,Combustíveis refinados,24,Angola,77493,0.0,91,1,29713385077
2017,842,EUA,271019,Combustíveis refinados,484,México,9039886680,18.761,1,0,48183430297
2017,842,EUA,271019,Combustíveis refinados,76,Brasil,5375752353,11.157,2,0,48183430297
2017,842,EUA,271019,Combustíveis refinados,124,Canadá,2954322262,6.131,3,0,48183430297
2017,842,EUA,271019,Combustíveis refinados,152,Chile,2748315995,5.704,4,0,48183430297
2017,842,EUA,271019,Combustíveis refinados,528,Países Baixos,2277140519,4.726,5,0,48183430297
2017,842,EUA,271019,Combustíveis refinados,24,Angola,994562,0.002,108,1,48183430297
2017,842,EUA,843143,Partes de máquinas de terraplanagem,124,Canadá,191243978,10.404,1,0,1838143180
2017,842,EUA,843143,Partes de máquinas de terraplanagem,484,México,141197347,7.682,2,0,1838143180
2017,842,EUA,843143,Partes de máquinas de terraplanagem,702,Singapura,139346662,7.581,3,0,1838143180
2017,842,EUA,843143,Partes de máquinas de terraplanagem,724,Espanha,101011507,5.495,4,0,1838143180
2017,842,EUA,843143,Partes de máquinas de terraplanagem,76,Brasil,82273569,4.476,5,0,1838143180
2017,842,EUA,843143,Partes de máquinas de terraplanagem,24,Angola,24194514,1.316,23,1,1838143180
2017,842,EUA,890520,Plataformas e dragas,604,Peru,15052549,37.605,1,0,40027549
2017,842,EUA,890520,Plataformas e dragas,178,Congo,15000000,37.474,2,0,40027549
2017,842,EUA,890520,Plataformas e dragas,266,Gabão,8495000,21.223,3,0,40027549
2017,842,EUA,890520,Plataformas e dragas,566,Nigéria,1480000,3.697,4,0,40027549
2017,842,EUA,999999,Mercadorias não especificadas,156,China,18491527557,11.117,1,0,166333941021
2017,842,EUA,999999,Mercadorias não especificadas,124,Canadá,16017790588,9.63,2,0,166333941021
2017,842,EUA,999999,Mercadorias não especificadas,251,França,12914864979,7.764,3,0,166333941021
2017,842,EUA,999999,Mercadorias não especificadas,826,Reino Unido,11643052027,7.0,4,0,166333941021
2017,842,EUA,999999,Mercadorias não especificadas,484,México,10521677552,6.326,5,0,166333941021
2017,842,EUA,999999,Mercadorias não especificadas,24,Angola,77335469,0.046,86,1,166333941021
2018,76,Brasil,020714,Carne de aves,156,China,798954448,18.345,1,0,4355207442
2018,76,Brasil,020714,Carne de aves,392,Japão,699771590,16.067,2,0,4355207442
2018,76,Brasil,020714,Carne de aves,344,Hong Kong (RAEHK),330145269,7.58,3,0,4355207442
2018,76,Brasil,020714,Carne de aves,682,Arábia Saudita,299741357,6.882,4,0,4355207442
2018,76,Brasil,020714,Carne de aves,784,Emirados Árabes Unidos,281087158,6.454,5,0,4355207442
2018,76,Brasil,020714,Carne de aves,24,Angola,15579245,0.358,31,1,4355207442
2018,76,Brasil,110100,Farinha de trigo,862,Venezuela,4496882,96.364,1,0,4666559
2018,76,Brasil,110100,Farinha de trigo,68,Bolívia,61345,1.315,2,0,4666559
2018,76,Brasil,110100,Farinha de trigo,842,EUA,24582,0.527,3,0,4666559
2018,76,Brasil,110100,Farinha de trigo,251,França,11369,0.244,4,0,4666559
2018,76,Brasil,110100,Farinha de trigo,591,Panamá,9299,0.199,5,0,4666559
2018,76,Brasil,110100,Farinha de trigo,24,Angola,2013,0.043,16,1,4666559
2018,76,Brasil,271012,Combustíveis refinados,842,EUA,365869234,49.216,1,0,743388319
2018,76,Brasil,271012,Combustíveis refinados,528,Países Baixos,323073187,43.46,2,0,743388319
2018,76,Brasil,271012,Combustíveis refinados,32,Argentina,23662281,3.183,3,0,743388319
2018,76,Brasil,271012,Combustíveis refinados,616,Polónia,9121855,1.227,4,0,743388319
2018,76,Brasil,271012,Combustíveis refinados,156,China,8895701,1.197,5,0,743388319
2018,76,Brasil,271012,Combustíveis refinados,24,Angola,1128,0.0,24,1,743388319
2018,76,Brasil,271019,Combustíveis refinados,702,Singapura,1137725270,34.919,1,0,3258150487
2018,76,Brasil,271019,Combustíveis refinados,842,EUA,418144391,12.834,2,0,3258150487
2018,76,Brasil,271019,Combustíveis refinados,528,Países Baixos,381031844,11.695,3,0,3258150487
2018,76,Brasil,271019,Combustíveis refinados,32,Argentina,160830840,4.936,4,0,3258150487
2018,76,Brasil,271019,Combustíveis refinados,584,Marshall Isds,122948881,3.774,5,0,3258150487
2018,76,Brasil,271019,Combustíveis refinados,24,Angola,6947,0.0,110,1,3258150487
2018,76,Brasil,843143,Partes de máquinas de terraplanagem,842,EUA,2441654,24.502,1,0,9964963
2018,76,Brasil,843143,Partes de máquinas de terraplanagem,68,Bolívia,1293039,12.976,2,0,9964963
2018,76,Brasil,843143,Partes de máquinas de terraplanagem,818,Egito,1264735,12.692,3,0,9964963
2018,76,Brasil,843143,Partes de máquinas de terraplanagem,780,Trinidad and Tobago,617691,6.199,4,0,9964963
2018,76,Brasil,843143,Partes de máquinas de terraplanagem,784,Emirados Árabes Unidos,561266,5.632,5,0,9964963
2018,76,Brasil,843143,Partes de máquinas de terraplanagem,24,Angola,4742,0.048,52,1,9964963
2018,76,Brasil,890520,Plataformas e dragas,152,Chile,20765,100.0,1,0,20765
2018,76,Brasil,999999,Mercadorias não especificadas,837,Bunkers,1825916360,82.098,1,0,2224064027
2018,76,Brasil,999999,Mercadorias não especificadas,842,EUA,79038127,3.554,2,0,2224064027
2018,76,Brasil,999999,Mercadorias não especificadas,784,Emirados Árabes Unidos,59552053,2.678,3,0,2224064027
2018,76,Brasil,999999,Mercadorias não especificadas,620,Portugal,36646106,1.648,4,0,2224064027
2018,76,Brasil,999999,Mercadorias não especificadas,32,Argentina,27179008,1.222,5,0,2224064027
2018,76,Brasil,999999,Mercadorias não especificadas,24,Angola,655475,0.029,33,1,2224064027
2018,156,China,020714,Carne de aves,344,Hong Kong (RAEHK),121969407,53.763,1,0,226866884
2018,156,China,020714,Carne de aves,458,Malásia,45939764,20.25,2,0,226866884
2018,156,China,020714,Carne de aves,496,Mongolia,21856752,9.634,3,0,226866884
2018,156,China,020714,Carne de aves,48,Barém,15383772,6.781,4,0,226866884
2018,156,China,020714,Carne de aves,4,Afghanistan,9884303,4.357,5,0,226866884
2018,156,China,110100,Farinha de trigo,408,Coreia do Norte,63046910,55.045,1,0,114537388
2018,156,China,110100,Farinha de trigo,344,Hong Kong (RAEHK),44398899,38.764,2,0,114537388
2018,156,China,110100,Farinha de trigo,446,Macau (RAEM),3319981,2.899,3,0,114537388
2018,156,China,110100,Farinha de trigo,764,Tailândia,1551053,1.354,4,0,114537388
2018,156,China,110100,Farinha de trigo,842,EUA,905439,0.791,5,0,114537388
2018,156,China,271012,Combustíveis refinados,702,Singapura,5561233266,65.674,1,0,8467956823
2018,156,China,271012,Combustíveis refinados,458,Malásia,711854171,8.406,2,0,8467956823
2018,156,China,271012,Combustíveis refinados,484,México,532510207,6.289,3,0,8467956823
2018,156,China,271012,Combustíveis refinados,360,Indonésia,367334456,4.338,4,0,8467956823
2018,156,China,271012,Combustíveis refinados,512,Omã,218413871,2.579,5,0,8467956823
2018,156,China,271019,Combustíveis refinados,344,Hong Kong (RAEHK),6266138931,22.856,1,0,27415736543
2018,156,China,271019,Combustíveis refinados,702,Singapura,3798767988,13.856,2,0,27415736543
2018,156,China,271019,Combustíveis refinados,608,Filipinas,2279206194,8.313,3,0,27415736543
2018,156,China,271019,Combustíveis refinados,36,Austrália,1721754354,6.28,4,0,27415736543
2018,156,China,271019,Combustíveis refinados,410,Coreia do Sul,1583195397,5.775,5,0,27415736543
2018,156,China,271019,Combustíveis refinados,24,Angola,445495,0.002,100,1,27415736543
2018,156,China,843143,Partes de máquinas de terraplanagem,842,EUA,361839571,27.935,1,0,1295305193
2018,156,China,843143,Partes de máquinas de terraplanagem,702,Singapura,97661508,7.54,2,0,1295305193
2018,156,China,843143,Partes de máquinas de terraplanagem,643,Rússia,92072473,7.108,3,0,1295305193
2018,156,China,843143,Partes de máquinas de terraplanagem,124,Canadá,55824909,4.31,4,0,1295305193
2018,156,China,843143,Partes de máquinas de terraplanagem,368,Iraque,48376779,3.735,5,0,1295305193
2018,156,China,843143,Partes de máquinas de terraplanagem,24,Angola,1134874,0.088,75,1,1295305193
2018,156,China,890520,Plataformas e dragas,344,Hong Kong (RAEHK),740200000,25.129,1,0,2945588940
2018,156,China,890520,Plataformas e dragas,76,Brasil,640000000,21.727,2,0,2945588940
2018,156,China,890520,Plataformas e dragas,784,Emirados Árabes Unidos,593506874,20.149,3,0,2945588940
2018,156,China,890520,Plataformas e dragas,643,Rússia,582702959,19.782,4,0,2945588940
2018,156,China,890520,Plataformas e dragas,360,Indonésia,317119079,10.766,5,0,2945588940
2018,156,China,890520,Plataformas e dragas,24,Angola,21000,0.001,34,1,2945588940
2018,156,China,999999,Mercadorias não especificadas,842,EUA,1461825103,27.274,1,0,5359689724
2018,156,China,999999,Mercadorias não especificadas,104,Myanmar,546590766,10.198,2,0,5359689724
2018,156,China,999999,Mercadorias não especificadas,490,Taiwan (Prov. China),481333580,8.981,3,0,5359689724
2018,156,China,999999,Mercadorias não especificadas,704,Vietname,350564150,6.541,4,0,5359689724
2018,156,China,999999,Mercadorias não especificadas,392,Japão,331980760,6.194,5,0,5359689724
2018,156,China,999999,Mercadorias não especificadas,24,Angola,524990,0.01,104,1,5359689724
2018,620,Portugal,020714,Carne de aves,24,Angola,2765289,29.961,1,1,9229725
2018,620,Portugal,020714,Carne de aves,624,Guiné-Bissau,1861545,20.169,2,0,9229725
2018,620,Portugal,020714,Carne de aves,251,França,1543675,16.725,3,0,9229725
2018,620,Portugal,020714,Carne de aves,678,São Tomé e Príncipe,632588,6.854,4,0,9229725
2018,620,Portugal,020714,Carne de aves,837,Bunkers,614067,6.653,5,0,9229725
2018,620,Portugal,020714,Carne de aves,724,Espanha,429518,4.654,6,0,9229725
2018,620,Portugal,110100,Farinha de trigo,24,Angola,18421320,49.976,1,1,36860030
2018,620,Portugal,110100,Farinha de trigo,724,Espanha,10425193,28.283,2,0,36860030
2018,620,Portugal,110100,Farinha de trigo,678,São Tomé e Príncipe,3035640,8.236,3,0,36860030
2018,620,Portugal,110100,Farinha de trigo,251,França,2276412,6.176,4,0,36860030
2018,620,Portugal,110100,Farinha de trigo,132,Cabo Verde,1879781,5.1,5,0,36860030
2018,620,Portugal,110100,Farinha de trigo,442,Luxemburgo,149793,0.406,6,0,36860030
2018,620,Portugal,271012,Combustíveis refinados,842,EUA,901228494,62.16,1,0,1449863308
2018,620,Portugal,271012,Combustíveis refinados,528,Países Baixos,194348743,13.405,2,0,1449863308
2018,620,Portugal,271012,Combustíveis refinados,292,Gibraltar,107185534,7.393,3,0,1449863308
2018,620,Portugal,271012,Combustíveis refinados,788,Tunisia,77124421,5.319,4,0,1449863308
2018,620,Portugal,271012,Combustíveis refinados,56,Bélgica,62482173,4.31,5,0,1449863308
2018,620,Portugal,271012,Combustíveis refinados,24,Angola,24592,0.002,21,1,1449863308
2018,620,Portugal,271019,Combustíveis refinados,837,Bunkers,1404542546,53.93,1,0,2604394464
2018,620,Portugal,271019,Combustíveis refinados,724,Espanha,524126306,20.125,2,0,2604394464
2018,620,Portugal,271019,Combustíveis refinados,504,Marrocos,203158697,7.801,3,0,2604394464
2018,620,Portugal,271019,Combustíveis refinados,76,Brasil,89842785,3.45,4,0,2604394464
2018,620,Portugal,271019,Combustíveis refinados,788,Tunisia,74121931,2.846,5,0,2604394464
2018,620,Portugal,271019,Combustíveis refinados,24,Angola,18766279,0.721,12,1,2604394464
2018,620,Portugal,843143,Partes de máquinas de terraplanagem,196,Chipre,5052658,54.895,1,0,9204240
2018,620,Portugal,843143,Partes de máquinas de terraplanagem,24,Angola,2063827,22.423,2,1,9204240
2018,620,Portugal,843143,Partes de máquinas de terraplanagem,12,Argélia,648420,7.045,3,0,9204240
2018,620,Portugal,843143,Partes de máquinas de terraplanagem,508,Moçambique,283451,3.08,4,0,9204240
2018,620,Portugal,843143,Partes de máquinas de terraplanagem,170,Colômbia,192507,2.092,5,0,9204240
2018,620,Portugal,843143,Partes de máquinas de terraplanagem,724,Espanha,183464,1.993,6,0,9204240
2018,620,Portugal,999999,Mercadorias não especificadas,837,Bunkers,125803472,98.389,1,0,127863224
2018,620,Portugal,999999,Mercadorias não especificadas,643,Rússia,533652,0.417,2,0,127863224
2018,620,Portugal,999999,Mercadorias não especificadas,478,Mauritânia,285972,0.224,3,0,127863224
2018,620,Portugal,999999,Mercadorias não especificadas,504,Marrocos,267447,0.209,4,0,127863224
2018,620,Portugal,999999,Mercadorias não especificadas,410,Coreia do Sul,200930,0.157,5,0,127863224
2018,620,Portugal,999999,Mercadorias não especificadas,24,Angola,122510,0.096,8,1,127863224
2018,710,África do Sul,020714,Carne de aves,516,Namíbia,7787153,24.697,1,0,31530509
2018,710,África do Sul,020714,Carne de aves,426,Lesotho,7687445,24.381,2,0,31530509
2018,710,África do Sul,020714,Carne de aves,508,Moçambique,7080018,22.455,3,0,31530509
2018,710,África do Sul,020714,Carne de aves,72,Botsuana,2930754,9.295,4,0,31530509
2018,710,África do Sul,020714,Carne de aves,784,Emirados Árabes Unidos,2302295,7.302,5,0,31530509
2018,710,África do Sul,020714,Carne de aves,24,Angola,689269,2.186,7,1,31530509
2018,710,África do Sul,110100,Farinha de trigo,426,Lesotho,12486456,47.715,1,0,26168829
2018,710,África do Sul,110100,Farinha de trigo,894,Zâmbia,7661530,29.277,2,0,26168829
2018,710,África do Sul,110100,Farinha de trigo,716,Zimbabué,2403464,9.184,3,0,26168829
2018,710,África do Sul,110100,Farinha de trigo,72,Botsuana,2355442,9.001,4,0,26168829
2018,710,África do Sul,110100,Farinha de trigo,36,Austrália,314488,1.202,5,0,26168829
2018,710,África do Sul,110100,Farinha de trigo,24,Angola,95430,0.365,9,1,26168829
2018,710,África do Sul,271012,Combustíveis refinados,72,Botsuana,747470140,29.393,1,0,2543058728
2018,710,África do Sul,271012,Combustíveis refinados,899,"Areas, nes",424066744,16.675,2,0,2543058728
2018,710,África do Sul,271012,Combustíveis refinados,516,Namíbia,230146031,9.05,3,0,2543058728
2018,710,África do Sul,271012,Combustíveis refinados,837,Bunkers,193504859,7.609,4,0,2543058728
2018,710,África do Sul,271012,Combustíveis refinados,426,Lesotho,174655971,6.868,5,0,2543058728
2018,710,África do Sul,271012,Combustíveis refinados,24,Angola,4649598,0.183,26,1,2543058728
2018,710,África do Sul,271019,Combustíveis refinados,894,Zâmbia,24503082,22.587,1,0,108481186
2018,710,África do Sul,271019,Combustíveis refinados,716,Zimbabué,20043816,18.477,2,0,108481186
2018,710,África do Sul,271019,Combustíveis refinados,837,Bunkers,8344804,7.692,3,0,108481186
2018,710,África do Sul,271019,Combustíveis refinados,699,Índia,8137575,7.501,4,0,108481186
2018,710,África do Sul,271019,Combustíveis refinados,528,Países Baixos,8092932,7.46,5,0,108481186
2018,710,África do Sul,271019,Combustíveis refinados,24,Angola,7335098,6.762,7,1,108481186
2018,710,África do Sul,843143,Partes de máquinas de terraplanagem,716,Zimbabué,9828401,16.176,1,0,60759702
2018,710,África do Sul,843143,Partes de máquinas de terraplanagem,180,RD Congo,7729490,12.721,2,0,60759702
2018,710,África do Sul,843143,Partes de máquinas de terraplanagem,516,Namíbia,7704906,12.681,3,0,60759702
2018,710,África do Sul,843143,Partes de máquinas de terraplanagem,842,EUA,6848709,11.272,4,0,60759702
2018,710,África do Sul,843143,Partes de máquinas de terraplanagem,894,Zâmbia,6529736,10.747,5,0,60759702
2018,710,África do Sul,843143,Partes de máquinas de terraplanagem,24,Angola,992861,1.634,11,1,60759702
2018,710,África do Sul,890520,Plataformas e dragas,699,Índia,1179443,96.344,1,0,1224201
2018,710,África do Sul,890520,Plataformas e dragas,426,Lesotho,44758,3.656,2,0,1224201
2018,710,África do Sul,999999,Mercadorias não especificadas,837,Bunkers,141455901,70.935,1,0,199415013
2018,710,África do Sul,999999,Mercadorias não especificadas,784,Emirados Árabes Unidos,7383206,3.702,2,0,199415013
2018,710,África do Sul,999999,Mercadorias não especificadas,826,Reino Unido,4811338,2.413,3,0,199415013
2018,710,África do Sul,999999,Mercadorias não especificadas,251,França,4182763,2.098,4,0,199415013
2018,710,África do Sul,999999,Mercadorias não especificadas,276,Alemanha,3667993,1.839,5,0,199415013
2018,710,África do Sul,999999,Mercadorias não especificadas,24,Angola,1504126,0.754,14,1,199415013
2018,842,EUA,020714,Carne de aves,344,Hong Kong (RAEHK),382802149,14.502,1,0,2639653020
2018,842,EUA,020714,Carne de aves,490,Taiwan (Prov. China),184728544,6.998,2,0,2639653020
2018,842,EUA,020714,Carne de aves,24,Angola,183576927,6.955,3,1,2639653020
2018,842,EUA,020714,Carne de aves,484,México,176914145,6.702,4,0,2639653020
2018,842,EUA,020714,Carne de aves,192,Cuba,154537803,5.854,5,0,2639653020
2018,842,EUA,020714,Carne de aves,608,Filipinas,101438978,3.843,6,0,2639653020
2018,842,EUA,110100,Farinha de trigo,484,México,83569802,63.537,1,0,131529822
2018,842,EUA,110100,Farinha de trigo,124,Canadá,27450074,20.87,2,0,131529822
2018,842,EUA,110100,Farinha de trigo,887,Yemen,2472359,1.88,3,0,131529822
2018,842,EUA,110100,Farinha de trigo,458,Malásia,1954084,1.486,4,0,131529822
2018,842,EUA,110100,Farinha de trigo,752,Suécia,1812802,1.378,5,0,131529822
2018,842,EUA,271012,Combustíveis refinados,484,México,15536097390,39.251,1,0,39581628078
2018,842,EUA,271012,Combustíveis refinados,124,Canadá,7745577479,19.569,2,0,39581628078
2018,842,EUA,271012,Combustíveis refinados,862,Venezuela,3120097740,7.883,3,0,39581628078
2018,842,EUA,271012,Combustíveis refinados,170,Colômbia,1790237731,4.523,4,0,39581628078
2018,842,EUA,271012,Combustíveis refinados,76,Brasil,1522844575,3.847,5,0,39581628078
2018,842,EUA,271019,Combustíveis refinados,484,México,12303279881,21.86,1,0,56283082868
2018,842,EUA,271019,Combustíveis refinados,76,Brasil,4796412830,8.522,2,0,56283082868
2018,842,EUA,271019,Combustíveis refinados,124,Canadá,4207459022,7.476,3,0,56283082868
2018,842,EUA,271019,Combustíveis refinados,152,Chile,3688001443,6.553,4,0,56283082868
2018,842,EUA,271019,Combustíveis refinados,604,Peru,2485565898,4.416,5,0,56283082868
2018,842,EUA,271019,Combustíveis refinados,24,Angola,698537,0.001,112,1,56283082868
2018,842,EUA,843143,Partes de máquinas de terraplanagem,124,Canadá,230589014,11.147,1,0,2068650929
2018,842,EUA,843143,Partes de máquinas de terraplanagem,484,México,123469738,5.969,2,0,2068650929
2018,842,EUA,843143,Partes de máquinas de terraplanagem,784,Emirados Árabes Unidos,106320599,5.14,3,0,2068650929
2018,842,EUA,843143,Partes de máquinas de terraplanagem,682,Arábia Saudita,96673980,4.673,4,0,2068650929
2018,842,EUA,843143,Partes de máquinas de terraplanagem,156,China,90388522,4.369,5,0,2068650929
2018,842,EUA,843143,Partes de máquinas de terraplanagem,24,Angola,34731821,1.679,18,1,2068650929
2018,842,EUA,890520,Plataformas e dragas,48,Barém,75000000,93.052,1,0,80600000
2018,842,EUA,890520,Plataformas e dragas,266,Gabão,5600000,6.948,2,0,80600000
2018,842,EUA,999999,Mercadorias não especificadas,156,China,20126694933,11.233,1,0,179178806965
2018,842,EUA,999999,Mercadorias não especificadas,124,Canadá,17509120611,9.772,2,0,179178806965
2018,842,EUA,999999,Mercadorias não especificadas,251,França,14793609562,8.256,3,0,179178806965
2018,842,EUA,999999,Mercadorias não especificadas,826,Reino Unido,14203746427,7.927,4,0,179178806965
2018,842,EUA,999999,Mercadorias não especificadas,484,México,11281962924,6.296,5,0,179178806965
2018,842,EUA,999999,Mercadorias não especificadas,24,Angola,33851340,0.019,117,1,179178806965
2019,76,Brasil,020714,Carne de aves,156,China,1237822510,25.52,1,0,4850435594
2019,76,Brasil,020714,Carne de aves,392,Japão,801757007,16.53,2,0,4850435594
2019,76,Brasil,020714,Carne de aves,784,Emirados Árabes Unidos,315266220,6.5,3,0,4850435594
2019,76,Brasil,020714,Carne de aves,682,Arábia Saudita,309916736,6.389,4,0,4850435594
2019,76,Brasil,020714,Carne de aves,344,Hong Kong (RAEHK),283437506,5.844,5,0,4850435594
2019,76,Brasil,020714,Carne de aves,24,Angola,20499444,0.423,28,1,4850435594
2019,76,Brasil,110100,Farinha de trigo,862,Venezuela,9386367,96.186,1,0,9758575
2019,76,Brasil,110100,Farinha de trigo,32,Argentina,59930,0.614,2,0,9758575
2019,76,Brasil,110100,Farinha de trigo,842,EUA,46732,0.479,3,0,9758575
2019,76,Brasil,110100,Farinha de trigo,584,Marshall Isds,39976,0.41,4,0,9758575
2019,76,Brasil,110100,Farinha de trigo,591,Panamá,36911,0.378,5,0,9758575
2019,76,Brasil,110100,Farinha de trigo,24,Angola,115,0.001,47,1,9758575
2019,76,Brasil,271012,Combustíveis refinados,842,EUA,1251141640,89.7,1,0,1394805046
2019,76,Brasil,271012,Combustíveis refinados,528,Países Baixos,97049847,6.958,2,0,1394805046
2019,76,Brasil,271012,Combustíveis refinados,702,Singapura,17531926,1.257,3,0,1394805046
2019,76,Brasil,271012,Combustíveis refinados,616,Polónia,6565344,0.471,4,0,1394805046
2019,76,Brasil,271012,Combustíveis refinados,156,China,6227320,0.446,5,0,1394805046
2019,76,Brasil,271012,Combustíveis refinados,24,Angola,1957,0.0,26,1,1394805046
2019,76,Brasil,271019,Combustíveis refinados,702,Singapura,1444039155,32.309,1,0,4469402939
2019,76,Brasil,271019,Combustíveis refinados,842,EUA,503945059,11.275,2,0,4469402939
2019,76,Brasil,271019,Combustíveis refinados,591,Panamá,263619362,5.898,3,0,4469402939
2019,76,Brasil,271019,Combustíveis refinados,430,Liberia,217869441,4.875,4,0,4469402939
2019,76,Brasil,271019,Combustíveis refinados,584,Marshall Isds,208562834,4.666,5,0,4469402939
2019,76,Brasil,271019,Combustíveis refinados,24,Angola,3954923,0.088,48,1,4469402939
2019,76,Brasil,843143,Partes de máquinas de terraplanagem,842,EUA,2550102,17.253,1,0,14780211
2019,76,Brasil,843143,Partes de máquinas de terraplanagem,818,Egito,2502367,16.931,2,0,14780211
2019,76,Brasil,843143,Partes de máquinas de terraplanagem,780,Trinidad and Tobago,2239868,15.155,3,0,14780211
2019,76,Brasil,843143,Partes de máquinas de terraplanagem,196,Chipre,993102,6.719,4,0,14780211
2019,76,Brasil,843143,Partes de máquinas de terraplanagem,699,Índia,731708,4.951,5,0,14780211
2019,76,Brasil,843143,Partes de máquinas de terraplanagem,24,Angola,138492,0.937,16,1,14780211
2019,76,Brasil,890520,Plataformas e dragas,251,França,525,100.0,1,0,525
2019,76,Brasil,999999,Mercadorias não especificadas,837,Bunkers,7665446,72.5,1,0,10573011
2019,76,Brasil,999999,Mercadorias não especificadas,842,EUA,1507961,14.262,2,0,10573011
2019,76,Brasil,999999,Mercadorias não especificadas,784,Emirados Árabes Unidos,552893,5.229,3,0,10573011
2019,76,Brasil,999999,Mercadorias não especificadas,32,Argentina,218738,2.069,4,0,10573011
2019,76,Brasil,999999,Mercadorias não especificadas,152,Chile,176487,1.669,5,0,10573011
2019,156,China,020714,Carne de aves,344,Hong Kong (RAEHK),126954401,58.729,1,0,216170110
2019,156,China,020714,Carne de aves,458,Malásia,32807997,15.177,2,0,216170110
2019,156,China,020714,Carne de aves,496,Mongolia,25742657,11.909,3,0,216170110
2019,156,China,020714,Carne de aves,48,Barém,14156142,6.549,4,0,216170110
2019,156,China,020714,Carne de aves,268,Georgia,6261114,2.896,5,0,216170110
2019,156,China,110100,Farinha de trigo,408,Coreia do Norte,73176710,62.233,1,0,117584543
2019,156,China,110100,Farinha de trigo,344,Hong Kong (RAEHK),38608554,32.835,2,0,117584543
2019,156,China,110100,Farinha de trigo,446,Macau (RAEM),2393539,2.036,3,0,117584543
2019,156,China,110100,Farinha de trigo,764,Tailândia,1892875,1.61,4,0,117584543
2019,156,China,110100,Farinha de trigo,842,EUA,664415,0.565,5,0,117584543
2019,156,China,271012,Combustíveis refinados,702,Singapura,5558180273,58.558,1,0,9491767022
2019,156,China,271012,Combustíveis refinados,458,Malásia,830361652,8.748,2,0,9491767022
2019,156,China,271012,Combustíveis refinados,484,México,653179778,6.882,3,0,9491767022
2019,156,China,271012,Combustíveis refinados,360,Indonésia,584057851,6.153,4,0,9491767022
2019,156,China,271012,Combustíveis refinados,410,Coreia do Sul,356158340,3.752,5,0,9491767022
2019,156,China,271019,Combustíveis refinados,344,Hong Kong (RAEHK),6752985024,23.331,1,0,28944659769
2019,156,China,271019,Combustíveis refinados,608,Filipinas,3074810983,10.623,2,0,28944659769
2019,156,China,271019,Combustíveis refinados,702,Singapura,2923677885,10.101,3,0,28944659769
2019,156,China,271019,Combustíveis refinados,36,Austrália,2375216112,8.206,4,0,28944659769
2019,156,China,271019,Combustíveis refinados,410,Coreia do Sul,1492731312,5.157,5,0,28944659769
2019,156,China,271019,Combustíveis refinados,24,Angola,317051,0.001,109,1,28944659769
2019,156,China,843143,Partes de máquinas de terraplanagem,842,EUA,278994672,20.314,1,0,1373409346
2019,156,China,843143,Partes de máquinas de terraplanagem,702,Singapura,119018894,8.666,2,0,1373409346
2019,156,China,843143,Partes de máquinas de terraplanagem,643,Rússia,111165457,8.094,3,0,1373409346
2019,156,China,843143,Partes de máquinas de terraplanagem,458,Malásia,62819552,4.574,4,0,1373409346
2019,156,China,843143,Partes de máquinas de terraplanagem,682,Arábia Saudita,51130944,3.723,5,0,1373409346
2019,156,China,843143,Partes de máquinas de terraplanagem,24,Angola,1912250,0.139,61,1,1373409346
2019,156,China,890520,Plataformas e dragas,784,Emirados Árabes Unidos,1346327456,37.19,1,0,3620158787
2019,156,China,890520,Plataformas e dragas,579,Noruega,492656161,13.609,2,0,3620158787
2019,156,China,890520,Plataformas e dragas,344,Hong Kong (RAEHK),472369136,13.048,3,0,3620158787
2019,156,China,890520,Plataformas e dragas,484,México,368933165,10.191,4,0,3620158787
2019,156,China,890520,Plataformas e dragas,48,Barém,290322555,8.02,5,0,3620158787
2019,156,China,999999,Mercadorias não especificadas,842,EUA,3837098871,22.483,1,0,17066427860
2019,156,China,999999,Mercadorias não especificadas,826,Reino Unido,968201098,5.673,2,0,17066427860
2019,156,China,999999,Mercadorias não especificadas,643,Rússia,923739986,5.413,3,0,17066427860
2019,156,China,999999,Mercadorias não especificadas,490,Taiwan (Prov. China),844953964,4.951,4,0,17066427860
2019,156,China,999999,Mercadorias não especificadas,344,Hong Kong (RAEHK),820385274,4.807,5,0,17066427860
2019,156,China,999999,Mercadorias não especificadas,24,Angola,1175902,0.007,113,1,17066427860
2019,620,Portugal,020714,Carne de aves,24,Angola,1888250,24.295,1,1,7772231
2019,620,Portugal,020714,Carne de aves,251,França,1687815,21.716,2,0,7772231
2019,620,Portugal,020714,Carne de aves,624,Guiné-Bissau,1274606,16.399,3,0,7772231
2019,620,Portugal,020714,Carne de aves,678,São Tomé e Príncipe,442676,5.696,4,0,7772231
2019,620,Portugal,020714,Carne de aves,132,Cabo Verde,351862,4.527,5,0,7772231
2019,620,Portugal,020714,Carne de aves,174,Comores,347485,4.471,6,0,7772231
2019,620,Portugal,110100,Farinha de trigo,24,Angola,17181914,50.73,1,1,33869463
2019,620,Portugal,110100,Farinha de trigo,724,Espanha,11042159,32.602,2,0,33869463
2019,620,Portugal,110100,Farinha de trigo,678,São Tomé e Príncipe,2575801,7.605,3,0,33869463
2019,620,Portugal,110100,Farinha de trigo,132,Cabo Verde,1509868,4.458,4,0,33869463
2019,620,Portugal,110100,Farinha de trigo,251,França,648420,1.914,5,0,33869463
2019,620,Portugal,110100,Farinha de trigo,862,Venezuela,331314,0.978,6,0,33869463
2019,620,Portugal,271012,Combustíveis refinados,842,EUA,783531470,70.03,1,0,1118850721
2019,620,Portugal,271012,Combustíveis refinados,528,Países Baixos,196782669,17.588,2,0,1118850721
2019,620,Portugal,271012,Combustíveis refinados,292,Gibraltar,76984322,6.881,3,0,1118850721
2019,620,Portugal,271012,Combustíveis refinados,724,Espanha,19179966,1.714,4,0,1118850721
2019,620,Portugal,271012,Combustíveis refinados,56,Bélgica,14212997,1.27,5,0,1118850721
2019,620,Portugal,271012,Combustíveis refinados,24,Angola,184651,0.017,12,1,1118850721
2019,620,Portugal,271019,Combustíveis refinados,837,Bunkers,1278984937,61.633,1,0,2075175950
2019,620,Portugal,271019,Combustíveis refinados,724,Espanha,325215147,15.672,2,0,2075175950
2019,620,Portugal,271019,Combustíveis refinados,504,Marrocos,191696060,9.238,3,0,2075175950
2019,620,Portugal,271019,Combustíveis refinados,300,Grécia,49744956,2.397,4,0,2075175950
2019,620,Portugal,271019,Combustíveis refinados,56,Bélgica,31360602,1.511,5,0,2075175950
2019,620,Portugal,271019,Combustíveis refinados,24,Angola,13621794,0.656,12,1,2075175950
2019,620,Portugal,843143,Partes de máquinas de terraplanagem,24,Angola,1121342,36.83,1,1,3044644
2019,620,Portugal,843143,Partes de máquinas de terraplanagem,12,Argélia,375704,12.34,2,0,3044644
2019,620,Portugal,843143,Partes de máquinas de terraplanagem,508,Moçambique,275860,9.06,3,0,3044644
2019,620,Portugal,843143,Partes de máquinas de terraplanagem,818,Egito,270638,8.889,4,0,3044644
2019,620,Portugal,843143,Partes de máquinas de terraplanagem,724,Espanha,200118,6.573,5,0,3044644
2019,620,Portugal,843143,Partes de máquinas de terraplanagem,76,Brasil,153391,5.038,6,0,3044644
2019,620,Portugal,999999,Mercadorias não especificadas,837,Bunkers,102814574,99.326,1,0,103511751
2019,620,Portugal,999999,Mercadorias não especificadas,478,Mauritânia,178831,0.173,2,0,103511751
2019,620,Portugal,999999,Mercadorias não especificadas,132,Cabo Verde,165996,0.16,3,0,103511751
2019,620,Portugal,999999,Mercadorias não especificadas,591,Panamá,109033,0.105,4,0,103511751
2019,620,Portugal,999999,Mercadorias não especificadas,504,Marrocos,89544,0.087,5,0,103511751
2019,710,África do Sul,020714,Carne de aves,426,Lesotho,10757426,33.985,1,0,31653104
2019,710,África do Sul,020714,Carne de aves,508,Moçambique,5884188,18.59,2,0,31653104
2019,710,África do Sul,020714,Carne de aves,516,Namíbia,5296585,16.733,3,0,31653104
2019,710,África do Sul,020714,Carne de aves,784,Emirados Árabes Unidos,3626426,11.457,4,0,31653104
2019,710,África do Sul,020714,Carne de aves,72,Botsuana,3363369,10.626,5,0,31653104
2019,710,África do Sul,020714,Carne de aves,24,Angola,184213,0.582,10,1,31653104
2019,710,África do Sul,110100,Farinha de trigo,426,Lesotho,14732707,67.511,1,0,21822658
2019,710,África do Sul,110100,Farinha de trigo,716,Zimbabué,4044261,18.532,2,0,21822658
2019,710,África do Sul,110100,Farinha de trigo,72,Botsuana,1576982,7.226,3,0,21822658
2019,710,África do Sul,110100,Farinha de trigo,508,Moçambique,679400,3.113,4,0,21822658
2019,710,África do Sul,110100,Farinha de trigo,516,Namíbia,396623,1.817,5,0,21822658
2019,710,África do Sul,110100,Farinha de trigo,24,Angola,72771,0.333,7,1,21822658
2019,710,África do Sul,271012,Combustíveis refinados,72,Botsuana,685500092,25.556,1,0,2682339525
2019,710,África do Sul,271012,Combustíveis refinados,837,Bunkers,451750089,16.842,2,0,2682339525
2019,710,África do Sul,271012,Combustíveis refinados,516,Namíbia,319680207,11.918,3,0,2682339525
2019,710,África do Sul,271012,Combustíveis refinados,899,"Areas, nes",276123814,10.294,4,0,2682339525
2019,710,África do Sul,271012,Combustíveis refinados,716,Zimbabué,226008148,8.426,5,0,2682339525
2019,710,África do Sul,271012,Combustíveis refinados,24,Angola,3962890,0.148,24,1,2682339525
2019,710,África do Sul,271019,Combustíveis refinados,894,Zâmbia,26519071,23.397,1,0,113344983
2019,710,África do Sul,271019,Combustíveis refinados,716,Zimbabué,21483867,18.954,2,0,113344983
2019,710,África do Sul,271019,Combustíveis refinados,180,RD Congo,11914481,10.512,3,0,113344983
2019,710,África do Sul,271019,Combustíveis refinados,24,Angola,9161190,8.083,4,1,113344983
2019,710,África do Sul,271019,Combustíveis refinados,837,Bunkers,8726296,7.699,5,0,113344983
2019,710,África do Sul,271019,Combustíveis refinados,834,Tanzânia,6738931,5.946,6,0,113344983
2019,710,África do Sul,843143,Partes de máquinas de terraplanagem,508,Moçambique,28468645,32.251,1,0,88273355
2019,710,África do Sul,843143,Partes de máquinas de terraplanagem,716,Zimbabué,10947578,12.402,2,0,88273355
2019,710,África do Sul,843143,Partes de máquinas de terraplanagem,72,Botsuana,7586782,8.595,3,0,88273355
2019,710,África do Sul,843143,Partes de máquinas de terraplanagem,894,Zâmbia,5543255,6.28,4,0,88273355
2019,710,África do Sul,843143,Partes de máquinas de terraplanagem,180,RD Congo,5181327,5.87,5,0,88273355
2019,710,África do Sul,843143,Partes de máquinas de terraplanagem,24,Angola,405812,0.46,22,1,88273355
2019,710,África do Sul,890520,Plataformas e dragas,690,Seychelles,3113,100.0,1,0,3113
2019,710,África do Sul,999999,Mercadorias não especificadas,837,Bunkers,107827252,75.082,1,0,143613546
2019,710,África do Sul,999999,Mercadorias não especificadas,516,Namíbia,5058218,3.522,2,0,143613546
2019,710,África do Sul,999999,Mercadorias não especificadas,842,EUA,4398500,3.063,3,0,143613546
2019,710,África do Sul,999999,Mercadorias não especificadas,826,Reino Unido,3906830,2.72,4,0,143613546
2019,710,África do Sul,999999,Mercadorias não especificadas,784,Emirados Árabes Unidos,3665520,2.552,5,0,143613546
2019,710,África do Sul,999999,Mercadorias não especificadas,24,Angola,514470,0.358,18,1,143613546
2019,842,EUA,020714,Carne de aves,344,Hong Kong (RAEHK),322160092,12.113,1,0,2659695400
2019,842,EUA,020714,Carne de aves,484,México,226616003,8.52,2,0,2659695400
2019,842,EUA,020714,Carne de aves,192,Cuba,189219948,7.114,3,0,2659695400
2019,842,EUA,020714,Carne de aves,490,Taiwan (Prov. China),183839100,6.912,4,0,2659695400
2019,842,EUA,020714,Carne de aves,24,Angola,149678877,5.628,5,1,2659695400
2019,842,EUA,020714,Carne de aves,704,Vietname,135203501,5.083,6,0,2659695400
2019,842,EUA,110100,Farinha de trigo,484,México,91832780,65.619,1,0,139947558
2019,842,EUA,110100,Farinha de trigo,124,Canadá,27774973,19.847,2,0,139947558
2019,842,EUA,110100,Farinha de trigo,458,Malásia,2636957,1.884,3,0,139947558
2019,842,EUA,110100,Farinha de trigo,752,Suécia,2058269,1.471,4,0,139947558
2019,842,EUA,110100,Farinha de trigo,44,Bahamas,1733765,1.239,5,0,139947558
2019,842,EUA,271012,Combustíveis refinados,484,México,15184125877,44.038,1,0,34479954868
2019,842,EUA,271012,Combustíveis refinados,124,Canadá,5746627114,16.667,2,0,34479954868
2019,842,EUA,271012,Combustíveis refinados,76,Brasil,2433058537,7.056,3,0,34479954868
2019,842,EUA,271012,Combustíveis refinados,170,Colômbia,1682203895,4.879,4,0,34479954868
2019,842,EUA,271012,Combustíveis refinados,320,Guatemala,976741268,2.833,5,0,34479954868
2019,842,EUA,271019,Combustíveis refinados,484,México,11825196335,22.329,1,0,52958464450
2019,842,EUA,271019,Combustíveis refinados,76,Brasil,6103459817,11.525,2,0,52958464450
2019,842,EUA,271019,Combustíveis refinados,124,Canadá,4076737248,7.698,3,0,52958464450
2019,842,EUA,271019,Combustíveis refinados,152,Chile,3244028990,6.126,4,0,52958464450
2019,842,EUA,271019,Combustíveis refinados,591,Panamá,2386991787,4.507,5,0,52958464450
2019,842,EUA,271019,Combustíveis refinados,24,Angola,581534,0.001,116,1,52958464450
2019,842,EUA,843143,Partes de máquinas de terraplanagem,76,Brasil,656222872,24.756,1,0,2650805185
2019,842,EUA,843143,Partes de máquinas de terraplanagem,124,Canadá,208054377,7.849,2,0,2650805185
2019,842,EUA,843143,Partes de máquinas de terraplanagem,484,México,150380852,5.673,3,0,2650805185
2019,842,EUA,843143,Partes de máquinas de terraplanagem,702,Singapura,129321360,4.879,4,0,2650805185
2019,842,EUA,843143,Partes de máquinas de terraplanagem,32,Argentina,104572630,3.945,5,0,2650805185
2019,842,EUA,843143,Partes de máquinas de terraplanagem,24,Angola,60654377,2.288,11,1,2650805185
2019,842,EUA,890520,Plataformas e dragas,780,Trinidad and Tobago,111706000,100.0,1,0,111706000
2019,842,EUA,999999,Mercadorias não especificadas,124,Canadá,19010495160,10.93,1,0,173929423784
2019,842,EUA,999999,Mercadorias não especificadas,251,França,15126459313,8.697,2,0,173929423784
2019,842,EUA,999999,Mercadorias não especificadas,826,Reino Unido,12722421171,7.315,3,0,173929423784
2019,842,EUA,999999,Mercadorias não especificadas,276,Alemanha,12098517469,6.956,4,0,173929423784
2019,842,EUA,999999,Mercadorias não especificadas,156,China,11612455226,6.677,5,0,173929423784
2019,842,EUA,999999,Mercadorias não especificadas,24,Angola,22673243,0.013,123,1,173929423784
2020,76,Brasil,020714,Carne de aves,156,China,1267485055,30.711,1,0,4127173275
2020,76,Brasil,020714,Carne de aves,392,Japão,647588996,15.691,2,0,4127173275
2020,76,Brasil,020714,Carne de aves,682,Arábia Saudita,262617045,6.363,3,0,4127173275
2020,76,Brasil,020714,Carne de aves,344,Hong Kong (RAEHK),231565907,5.611,4,0,4127173275
2020,76,Brasil,020714,Carne de aves,784,Emirados Árabes Unidos,217903393,5.28,5,0,4127173275
2020,76,Brasil,020714,Carne de aves,24,Angola,20959046,0.508,25,1,4127173275
2020,76,Brasil,110100,Farinha de trigo,862,Venezuela,17881034,95.25,1,0,18772715
2020,76,Brasil,110100,Farinha de trigo,152,Chile,454056,2.419,2,0,18772715
2020,76,Brasil,110100,Farinha de trigo,842,EUA,83724,0.446,3,0,18772715
2020,76,Brasil,110100,Farinha de trigo,32,Argentina,82777,0.441,4,0,18772715
2020,76,Brasil,110100,Farinha de trigo,584,Marshall Isds,51088,0.272,5,0,18772715
2020,76,Brasil,271012,Combustíveis refinados,842,EUA,522972633,76.144,1,0,686823682
2020,76,Brasil,271012,Combustíveis refinados,528,Países Baixos,134028337,19.514,2,0,686823682
2020,76,Brasil,271012,Combustíveis refinados,392,Japão,10038972,1.462,3,0,686823682
2020,76,Brasil,271012,Combustíveis refinados,32,Argentina,4452172,0.648,4,0,686823682
2020,76,Brasil,271012,Combustíveis refinados,156,China,4210044,0.613,5,0,686823682
2020,76,Brasil,271012,Combustíveis refinados,24,Angola,3654,0.001,20,1,686823682
2020,76,Brasil,271019,Combustíveis refinados,702,Singapura,2274680476,52.042,1,0,4370883135
2020,76,Brasil,271019,Combustíveis refinados,528,Países Baixos,274598362,6.282,2,0,4370883135
2020,76,Brasil,271019,Combustíveis refinados,591,Panamá,201544594,4.611,3,0,4370883135
2020,76,Brasil,271019,Combustíveis refinados,584,Marshall Isds,198364112,4.538,4,0,4370883135
2020,76,Brasil,271019,Combustíveis refinados,430,Liberia,188853038,4.321,5,0,4370883135
2020,76,Brasil,271019,Combustíveis refinados,24,Angola,25333,0.001,99,1,4370883135
2020,76,Brasil,843143,Partes de máquinas de terraplanagem,842,EUA,2073944,40.345,1,0,5140493
2020,76,Brasil,843143,Partes de máquinas de terraplanagem,36,Austrália,553424,10.766,2,0,5140493
2020,76,Brasil,843143,Partes de máquinas de terraplanagem,780,Trinidad and Tobago,389714,7.581,3,0,5140493
2020,76,Brasil,843143,Partes de máquinas de terraplanagem,724,Espanha,285178,5.548,4,0,5140493
2020,76,Brasil,843143,Partes de máquinas de terraplanagem,156,China,265339,5.162,5,0,5140493
2020,76,Brasil,843143,Partes de máquinas de terraplanagem,24,Angola,92072,1.791,10,1,5140493
2020,76,Brasil,890520,Plataformas e dragas,600,Paraguai,4679,90.224,1,0,5186
2020,76,Brasil,890520,Plataformas e dragas,604,Peru,395,7.617,2,0,5186
2020,76,Brasil,890520,Plataformas e dragas,360,Indonésia,112,2.16,3,0,5186
2020,76,Brasil,999999,Mercadorias não especificadas,842,EUA,2878206,70.032,1,0,4109863
2020,76,Brasil,999999,Mercadorias não especificadas,376,Israel,530088,12.898,2,0,4109863
2020,76,Brasil,999999,Mercadorias não especificadas,499,Montenegro,231000,5.621,3,0,4109863
2020,76,Brasil,999999,Mercadorias não especificadas,251,França,155061,3.773,4,0,4109863
2020,76,Brasil,999999,Mercadorias não especificadas,490,Taiwan (Prov. China),101407,2.467,5,0,4109863
2020,156,China,020714,Carne de aves,344,Hong Kong (RAEHK),99341915,57.528,1,0,172684632
2020,156,China,020714,Carne de aves,458,Malásia,31744127,18.383,2,0,172684632
2020,156,China,020714,Carne de aves,496,Mongolia,20558630,11.905,3,0,172684632
2020,156,China,020714,Carne de aves,48,Barém,5568137,3.224,4,0,172684632
2020,156,China,020714,Carne de aves,446,Macau (RAEM),4254484,2.464,5,0,172684632
2020,156,China,110100,Farinha de trigo,408,Coreia do Norte,35477609,48.211,1,0,73588182
2020,156,China,110100,Farinha de trigo,344,Hong Kong (RAEHK),33688132,45.779,2,0,73588182
2020,156,China,110100,Farinha de trigo,446,Macau (RAEM),2423941,3.294,3,0,73588182
2020,156,China,110100,Farinha de trigo,764,Tailândia,563636,0.766,4,0,73588182
2020,156,China,110100,Farinha de trigo,842,EUA,491356,0.668,5,0,73588182
2020,156,China,271012,Combustíveis refinados,702,Singapura,3359361205,51.266,1,0,6552827771
2020,156,China,271012,Combustíveis refinados,608,Filipinas,762589112,11.638,2,0,6552827771
2020,156,China,271012,Combustíveis refinados,458,Malásia,673780801,10.282,3,0,6552827771
2020,156,China,271012,Combustíveis refinados,484,México,259037072,3.953,4,0,6552827771
2020,156,China,271012,Combustíveis refinados,784,Emirados Árabes Unidos,218030849,3.327,5,0,6552827771
2020,156,China,271019,Combustíveis refinados,344,Hong Kong (RAEHK),4041343644,21.222,1,0,19043053544
2020,156,China,271019,Combustíveis refinados,608,Filipinas,1955342037,10.268,2,0,19043053544
2020,156,China,271019,Combustíveis refinados,702,Singapura,1802873595,9.467,3,0,19043053544
2020,156,China,271019,Combustíveis refinados,591,Panamá,1310367345,6.881,4,0,19043053544
2020,156,China,271019,Combustíveis refinados,36,Austrália,1283150534,6.738,5,0,19043053544
2020,156,China,271019,Combustíveis refinados,24,Angola,320391,0.002,113,1,19043053544
2020,156,China,843143,Partes de máquinas de terraplanagem,842,EUA,122238058,13.547,1,0,902339255
2020,156,China,843143,Partes de máquinas de terraplanagem,643,Rússia,84786665,9.396,2,0,902339255
2020,156,China,843143,Partes de máquinas de terraplanagem,702,Singapura,81128136,8.991,3,0,902339255
2020,156,China,843143,Partes de máquinas de terraplanagem,682,Arábia Saudita,43730498,4.846,4,0,902339255
2020,156,China,843143,Partes de máquinas de terraplanagem,512,Omã,32242860,3.573,5,0,902339255
2020,156,China,843143,Partes de máquinas de terraplanagem,24,Angola,1949442,0.216,56,1,902339255
2020,156,China,890520,Plataformas e dragas,702,Singapura,1973450462,49.752,1,0,3966575766
2020,156,China,890520,Plataformas e dragas,784,Emirados Árabes Unidos,503401085,12.691,2,0,3966575766
2020,156,China,890520,Plataformas e dragas,591,Panamá,378370000,9.539,3,0,3966575766
2020,156,China,890520,Plataformas e dragas,344,Hong Kong (RAEHK),340000000,8.572,4,0,3966575766
2020,156,China,890520,Plataformas e dragas,360,Indonésia,242132447,6.104,5,0,3966575766
2020,156,China,999999,Mercadorias não especificadas,842,EUA,5746498559,22.989,1,0,24996277382
2020,156,China,999999,Mercadorias não especificadas,104,Myanmar,1556126596,6.225,2,0,24996277382
2020,156,China,999999,Mercadorias não especificadas,826,Reino Unido,1211738740,4.848,3,0,24996277382
2020,156,China,999999,Mercadorias não especificadas,704,Vietname,1154268978,4.618,4,0,24996277382
2020,156,China,999999,Mercadorias não especificadas,490,Taiwan (Prov. China),974878739,3.9,5,0,24996277382
2020,156,China,999999,Mercadorias não especificadas,24,Angola,1002532,0.004,113,1,24996277382
2020,620,Portugal,020714,Carne de aves,24,Angola,1892621,26.115,1,1,7247325
2020,620,Portugal,020714,Carne de aves,251,França,1396067,19.263,2,0,7247325
2020,620,Portugal,020714,Carne de aves,624,Guiné-Bissau,1006695,13.891,3,0,7247325
2020,620,Portugal,020714,Carne de aves,174,Comores,585031,8.072,4,0,7247325
2020,620,Portugal,020714,Carne de aves,132,Cabo Verde,561727,7.751,5,0,7247325
2020,620,Portugal,020714,Carne de aves,724,Espanha,296897,4.097,6,0,7247325
2020,620,Portugal,110100,Farinha de trigo,724,Espanha,11941392,47.617,1,0,25078263
2020,620,Portugal,110100,Farinha de trigo,24,Angola,6502725,25.93,2,1,25078263
2020,620,Portugal,110100,Farinha de trigo,678,São Tomé e Príncipe,2502763,9.98,3,0,25078263
2020,620,Portugal,110100,Farinha de trigo,132,Cabo Verde,1791653,7.144,4,0,25078263
2020,620,Portugal,110100,Farinha de trigo,862,Venezuela,624653,2.491,5,0,25078263
2020,620,Portugal,110100,Farinha de trigo,251,França,586702,2.339,6,0,25078263
2020,620,Portugal,271012,Combustíveis refinados,842,EUA,443413629,70.696,1,0,627212480
2020,620,Portugal,271012,Combustíveis refinados,528,Países Baixos,84001746,13.393,2,0,627212480
2020,620,Portugal,271012,Combustíveis refinados,56,Bélgica,48937012,7.802,3,0,627212480
2020,620,Portugal,271012,Combustíveis refinados,724,Espanha,21113902,3.366,4,0,627212480
2020,620,Portugal,271012,Combustíveis refinados,372,Irlanda,10860215,1.732,5,0,627212480
2020,620,Portugal,271012,Combustíveis refinados,24,Angola,129115,0.021,14,1,627212480
2020,620,Portugal,271019,Combustíveis refinados,837,Bunkers,555388942,33.134,1,0,1676168811
2020,620,Portugal,271019,Combustíveis refinados,724,Espanha,281247989,16.779,2,0,1676168811
2020,620,Portugal,271019,Combustíveis refinados,292,Gibraltar,202545417,12.084,3,0,1676168811
2020,620,Portugal,271019,Combustíveis refinados,504,Marrocos,135348015,8.075,4,0,1676168811
2020,620,Portugal,271019,Combustíveis refinados,251,França,75792515,4.522,5,0,1676168811
2020,620,Portugal,271019,Combustíveis refinados,24,Angola,11446714,0.683,17,1,1676168811
2020,620,Portugal,843143,Partes de máquinas de terraplanagem,24,Angola,534286,35.871,1,1,1489446
2020,620,Portugal,843143,Partes de máquinas de terraplanagem,76,Brasil,171412,11.508,2,0,1489446
2020,620,Portugal,843143,Partes de máquinas de terraplanagem,528,Países Baixos,164874,11.069,3,0,1489446
2020,620,Portugal,843143,Partes de máquinas de terraplanagem,768,Togo,116857,7.846,4,0,1489446
2020,620,Portugal,843143,Partes de máquinas de terraplanagem,132,Cabo Verde,112157,7.53,5,0,1489446
2020,620,Portugal,843143,Partes de máquinas de terraplanagem,724,Espanha,72322,4.856,6,0,1489446
2020,620,Portugal,999999,Mercadorias não especificadas,837,Bunkers,62720027,98.751,1,0,63513118
2020,620,Portugal,999999,Mercadorias não especificadas,132,Cabo Verde,258731,0.407,2,0,63513118
2020,620,Portugal,999999,Mercadorias não especificadas,724,Espanha,178119,0.28,3,0,63513118
2020,620,Portugal,999999,Mercadorias não especificadas,842,EUA,86662,0.136,4,0,63513118
2020,620,Portugal,999999,Mercadorias não especificadas,478,Mauritânia,64083,0.101,5,0,63513118
2020,620,Portugal,999999,Mercadorias não especificadas,24,Angola,22232,0.035,8,1,63513118
2020,710,África do Sul,020714,Carne de aves,508,Moçambique,13045519,34.188,1,0,38158026
2020,710,África do Sul,020714,Carne de aves,426,Lesotho,10875077,28.5,2,0,38158026
2020,710,África do Sul,020714,Carne de aves,516,Namíbia,8284325,21.711,3,0,38158026
2020,710,África do Sul,020714,Carne de aves,72,Botsuana,2357837,6.179,4,0,38158026
2020,710,África do Sul,020714,Carne de aves,784,Emirados Árabes Unidos,1642302,4.304,5,0,38158026
2020,710,África do Sul,020714,Carne de aves,24,Angola,64620,0.169,15,1,38158026
2020,710,África do Sul,110100,Farinha de trigo,716,Zimbabué,21120206,56.955,1,0,37082010
2020,710,África do Sul,110100,Farinha de trigo,426,Lesotho,11514644,31.052,2,0,37082010
2020,710,África do Sul,110100,Farinha de trigo,72,Botsuana,2713036,7.316,3,0,37082010
2020,710,África do Sul,110100,Farinha de trigo,748,Eswatini,350471,0.945,4,0,37082010
2020,710,África do Sul,110100,Farinha de trigo,508,Moçambique,266141,0.718,5,0,37082010
2020,710,África do Sul,110100,Farinha de trigo,24,Angola,1084,0.003,24,1,37082010
2020,710,África do Sul,271012,Combustíveis refinados,837,Bunkers,603148162,35.76,1,0,1686652951
2020,710,África do Sul,271012,Combustíveis refinados,72,Botsuana,451021525,26.741,2,0,1686652951
2020,710,África do Sul,271012,Combustíveis refinados,899,"Areas, nes",152805307,9.06,3,0,1686652951
2020,710,África do Sul,271012,Combustíveis refinados,426,Lesotho,109561564,6.496,4,0,1686652951
2020,710,África do Sul,271012,Combustíveis refinados,516,Namíbia,85833619,5.089,5,0,1686652951
2020,710,África do Sul,271012,Combustíveis refinados,24,Angola,3391893,0.201,20,1,1686652951
2020,710,África do Sul,271019,Combustíveis refinados,716,Zimbabué,32869030,25.928,1,0,126771026
2020,710,África do Sul,271019,Combustíveis refinados,894,Zâmbia,32816848,25.887,2,0,126771026
2020,710,África do Sul,271019,Combustíveis refinados,180,RD Congo,12551529,9.901,3,0,126771026
2020,710,África do Sul,271019,Combustíveis refinados,699,Índia,10538429,8.313,4,0,126771026
2020,710,África do Sul,271019,Combustíveis refinados,24,Angola,6853529,5.406,5,1,126771026
2020,710,África do Sul,271019,Combustíveis refinados,508,Moçambique,5765514,4.548,6,0,126771026
2020,710,África do Sul,843143,Partes de máquinas de terraplanagem,716,Zimbabué,11356759,19.018,1,0,59715306
2020,710,África do Sul,843143,Partes de máquinas de terraplanagem,894,Zâmbia,6815300,11.413,2,0,59715306
2020,710,África do Sul,843143,Partes de máquinas de terraplanagem,180,RD Congo,5334406,8.933,3,0,59715306
2020,710,África do Sul,843143,Partes de máquinas de terraplanagem,516,Namíbia,5132945,8.596,4,0,59715306
2020,710,África do Sul,843143,Partes de máquinas de terraplanagem,826,Reino Unido,4709984,7.887,5,0,59715306
2020,710,África do Sul,843143,Partes de máquinas de terraplanagem,24,Angola,424907,0.712,21,1,59715306
2020,710,África do Sul,999999,Mercadorias não especificadas,839,Special Categories,151305765,58.34,1,0,259353749
2020,710,África do Sul,999999,Mercadorias não especificadas,837,Bunkers,72914894,28.114,2,0,259353749
2020,710,África do Sul,999999,Mercadorias não especificadas,480,Maurícias,7156580,2.759,3,0,259353749
2020,710,África do Sul,999999,Mercadorias não especificadas,842,EUA,7130418,2.749,4,0,259353749
2020,710,África do Sul,999999,Mercadorias não especificadas,826,Reino Unido,2595628,1.001,5,0,259353749
2020,710,África do Sul,999999,Mercadorias não especificadas,24,Angola,699876,0.27,15,1,259353749
2020,842,EUA,020714,Carne de aves,156,China,726520639,26.066,1,0,2787272377
2020,842,EUA,020714,Carne de aves,490,Taiwan (Prov. China),219506092,7.875,2,0,2787272377
2020,842,EUA,020714,Carne de aves,484,México,193202577,6.932,3,0,2787272377
2020,842,EUA,020714,Carne de aves,192,Cuba,143077187,5.133,4,0,2787272377
2020,842,EUA,020714,Carne de aves,704,Vietname,121558675,4.361,5,0,2787272377
2020,842,EUA,020714,Carne de aves,24,Angola,80836400,2.9,8,1,2787272377
2020,842,EUA,110100,Farinha de trigo,484,México,99659362,68.397,1,0,145706915
2020,842,EUA,110100,Farinha de trigo,124,Canadá,24292688,16.672,2,0,145706915
2020,842,EUA,110100,Farinha de trigo,458,Malásia,2496711,1.714,3,0,145706915
2020,842,EUA,110100,Farinha de trigo,752,Suécia,2332138,1.601,4,0,145706915
2020,842,EUA,110100,Farinha de trigo,44,Bahamas,1786503,1.226,5,0,145706915
2020,842,EUA,271012,Combustíveis refinados,484,México,9857759875,38.365,1,0,25694675928
2020,842,EUA,271012,Combustíveis refinados,124,Canadá,4675997406,18.198,2,0,25694675928
2020,842,EUA,271012,Combustíveis refinados,76,Brasil,2302907129,8.963,3,0,25694675928
2020,842,EUA,271012,Combustíveis refinados,170,Colômbia,1287602241,5.011,4,0,25694675928
2020,842,EUA,271012,Combustíveis refinados,320,Guatemala,774331800,3.014,5,0,25694675928
2020,842,EUA,271012,Combustíveis refinados,24,Angola,14029,0.0,108,1,25694675928
2020,842,EUA,271019,Combustíveis refinados,484,México,7658245099,21.97,1,0,34857265559
2020,842,EUA,271019,Combustíveis refinados,76,Brasil,4209854434,12.077,2,0,34857265559
2020,842,EUA,271019,Combustíveis refinados,152,Chile,2588975301,7.427,3,0,34857265559
2020,842,EUA,271019,Combustíveis refinados,124,Canadá,2171854943,6.231,4,0,34857265559
2020,842,EUA,271019,Combustíveis refinados,591,Panamá,1896908139,5.442,5,0,34857265559
2020,842,EUA,271019,Combustíveis refinados,24,Angola,134052,0.0,131,1,34857265559
2020,842,EUA,843143,Partes de máquinas de terraplanagem,124,Canadá,172070087,11.554,1,0,1489303962
2020,842,EUA,843143,Partes de máquinas de terraplanagem,484,México,142705383,9.582,2,0,1489303962
2020,842,EUA,843143,Partes de máquinas de terraplanagem,780,Trinidad and Tobago,101940370,6.845,3,0,1489303962
2020,842,EUA,843143,Partes de máquinas de terraplanagem,682,Arábia Saudita,81715578,5.487,4,0,1489303962
2020,842,EUA,843143,Partes de máquinas de terraplanagem,784,Emirados Árabes Unidos,75515284,5.071,5,0,1489303962
2020,842,EUA,843143,Partes de máquinas de terraplanagem,24,Angola,52193667,3.505,8,1,1489303962
2020,842,EUA,890520,Plataformas e dragas,120,Camarões,46000000,83.133,1,0,55332824
2020,842,EUA,890520,Plataformas e dragas,702,Singapura,4600000,8.313,2,0,55332824
2020,842,EUA,890520,Plataformas e dragas,484,México,2830331,5.115,3,0,55332824
2020,842,EUA,890520,Plataformas e dragas,214,República Dominicana,1902493,3.438,4,0,55332824
2020,842,EUA,999999,Mercadorias não especificadas,124,Canadá,16786114456,14.661,1,0,114491973331
2020,842,EUA,999999,Mercadorias não especificadas,276,Alemanha,9729687313,8.498,2,0,114491973331
2020,842,EUA,999999,Mercadorias não especificadas,484,México,8854210736,7.733,3,0,114491973331
2020,842,EUA,999999,Mercadorias não especificadas,826,Reino Unido,8659335259,7.563,4,0,114491973331
2020,842,EUA,999999,Mercadorias não especificadas,251,França,8202506586,7.164,5,0,114491973331
2020,842,EUA,999999,Mercadorias não especificadas,24,Angola,17309804,0.015,119,1,114491973331
2021,76,Brasil,020714,Carne de aves,156,China,1272357138,24.286,1,0,5238953538
2021,76,Brasil,020714,Carne de aves,392,Japão,812969615,15.518,2,0,5238953538
2021,76,Brasil,020714,Carne de aves,784,Emirados Árabes Unidos,364987940,6.967,3,0,5238953538
2021,76,Brasil,020714,Carne de aves,682,Arábia Saudita,274852628,5.246,4,0,5238953538
2021,76,Brasil,020714,Carne de aves,710,África do Sul,204924560,3.912,5,0,5238953538
2021,76,Brasil,020714,Carne de aves,24,Angola,43529434,0.831,22,1,5238953538
2021,76,Brasil,110100,Farinha de trigo,862,Venezuela,23601826,98.595,1,0,23938093
2021,76,Brasil,110100,Farinha de trigo,584,Marshall Isds,57508,0.24,2,0,23938093
2021,76,Brasil,110100,Farinha de trigo,842,EUA,45619,0.191,3,0,23938093
2021,76,Brasil,110100,Farinha de trigo,591,Panamá,38800,0.162,4,0,23938093
2021,76,Brasil,110100,Farinha de trigo,430,Liberia,37096,0.155,5,0,23938093
2021,76,Brasil,110100,Farinha de trigo,24,Angola,88,0.0,52,1,23938093
2021,76,Brasil,271012,Combustíveis refinados,842,EUA,640348342,64.873,1,0,987074932
2021,76,Brasil,271012,Combustíveis refinados,702,Singapura,193167195,19.57,2,0,987074932
2021,76,Brasil,271012,Combustíveis refinados,528,Países Baixos,94439257,9.568,3,0,987074932
2021,76,Brasil,271012,Combustíveis refinados,392,Japão,43207049,4.377,4,0,987074932
2021,76,Brasil,271012,Combustíveis refinados,410,Coreia do Sul,5036630,0.51,5,0,987074932
2021,76,Brasil,271012,Combustíveis refinados,24,Angola,593,0.0,34,1,987074932
2021,76,Brasil,271019,Combustíveis refinados,702,Singapura,3649670886,58.168,1,0,6274325602
2021,76,Brasil,271019,Combustíveis refinados,430,Liberia,311750740,4.969,2,0,6274325602
2021,76,Brasil,271019,Combustíveis refinados,591,Panamá,301358056,4.803,3,0,6274325602
2021,76,Brasil,271019,Combustíveis refinados,584,Marshall Isds,283850023,4.524,4,0,6274325602
2021,76,Brasil,271019,Combustíveis refinados,842,EUA,195109021,3.11,5,0,6274325602
2021,76,Brasil,271019,Combustíveis refinados,24,Angola,151621,0.002,81,1,6274325602
2021,76,Brasil,843143,Partes de máquinas de terraplanagem,24,Angola,3427628,42.433,1,1,8077691
2021,76,Brasil,843143,Partes de máquinas de terraplanagem,842,EUA,1861107,23.04,2,0,8077691
2021,76,Brasil,843143,Partes de máquinas de terraplanagem,826,Reino Unido,797423,9.872,3,0,8077691
2021,76,Brasil,843143,Partes de máquinas de terraplanagem,484,México,671280,8.31,4,0,8077691
2021,76,Brasil,843143,Partes de máquinas de terraplanagem,152,Chile,181669,2.249,5,0,8077691
2021,76,Brasil,843143,Partes de máquinas de terraplanagem,699,Índia,132623,1.642,6,0,8077691
2021,76,Brasil,999999,Mercadorias não especificadas,842,EUA,26046800,95.496,1,0,27275202
2021,76,Brasil,999999,Mercadorias não especificadas,251,França,528840,1.939,2,0,27275202
2021,76,Brasil,999999,Mercadorias não especificadas,152,Chile,201899,0.74,3,0,27275202
2021,76,Brasil,999999,Mercadorias não especificadas,608,Filipinas,194469,0.713,4,0,27275202
2021,76,Brasil,999999,Mercadorias não especificadas,376,Israel,162436,0.596,5,0,27275202
2021,156,China,020714,Carne de aves,344,Hong Kong (RAEHK),121605674,54.562,1,0,222874607
2021,156,China,020714,Carne de aves,458,Malásia,41051905,18.419,2,0,222874607
2021,156,China,020714,Carne de aves,496,Mongolia,25599810,11.486,3,0,222874607
2021,156,China,020714,Carne de aves,48,Barém,8790982,3.944,4,0,222874607
2021,156,China,020714,Carne de aves,446,Macau (RAEM),6434255,2.887,5,0,222874607
2021,156,China,110100,Farinha de trigo,344,Hong Kong (RAEHK),35144303,85.657,1,0,41029123
2021,156,China,110100,Farinha de trigo,446,Macau (RAEM),2525932,6.156,2,0,41029123
2021,156,China,110100,Farinha de trigo,417,Kyrgyzstan,800104,1.95,3,0,41029123
2021,156,China,110100,Farinha de trigo,764,Tailândia,610180,1.487,4,0,41029123
2021,156,China,110100,Farinha de trigo,842,EUA,558382,1.361,5,0,41029123
2021,156,China,271012,Combustíveis refinados,702,Singapura,3357466365,38.616,1,0,8694456507
2021,156,China,271012,Combustíveis refinados,586,Paquistão,1525742959,17.548,2,0,8694456507
2021,156,China,271012,Combustíveis refinados,608,Filipinas,1213970991,13.963,3,0,8694456507
2021,156,China,271012,Combustíveis refinados,458,Malásia,766132548,8.812,4,0,8694456507
2021,156,China,271012,Combustíveis refinados,360,Indonésia,570158257,6.558,5,0,8694456507
2021,156,China,271019,Combustíveis refinados,344,Hong Kong (RAEHK),4721639325,19.852,1,0,23784399851
2021,156,China,271019,Combustíveis refinados,702,Singapura,2402183681,10.1,2,0,23784399851
2021,156,China,271019,Combustíveis refinados,608,Filipinas,2363739767,9.938,3,0,23784399851
2021,156,China,271019,Combustíveis refinados,591,Panamá,1990614048,8.369,4,0,23784399851
2021,156,China,271019,Combustíveis refinados,430,Liberia,1911562011,8.037,5,0,23784399851
2021,156,China,271019,Combustíveis refinados,24,Angola,539039,0.002,111,1,23784399851
2021,156,China,843143,Partes de máquinas de terraplanagem,842,EUA,162429234,15.787,1,0,1028884916
2021,156,China,843143,Partes de máquinas de terraplanagem,702,Singapura,84248085,8.188,2,0,1028884916
2021,156,China,843143,Partes de máquinas de terraplanagem,643,Rússia,77535485,7.536,3,0,1028884916
2021,156,China,843143,Partes de máquinas de terraplanagem,124,Canadá,45182045,4.391,4,0,1028884916
2021,156,China,843143,Partes de máquinas de terraplanagem,512,Omã,43911828,4.268,5,0,1028884916
2021,156,China,843143,Partes de máquinas de terraplanagem,24,Angola,1765417,0.172,64,1,1028884916
2021,156,China,890520,Plataformas e dragas,702,Singapura,866208324,45.72,1,0,1894600837
2021,156,China,890520,Plataformas e dragas,360,Indonésia,606293143,32.001,2,0,1894600837
2021,156,China,890520,Plataformas e dragas,784,Emirados Árabes Unidos,387984800,20.478,3,0,1894600837
2021,156,China,890520,Plataformas e dragas,50,Bangladesh,13098006,0.691,4,0,1894600837
2021,156,China,890520,Plataformas e dragas,344,Hong Kong (RAEHK),10067975,0.531,5,0,1894600837
2021,156,China,890520,Plataformas e dragas,24,Angola,147144,0.008,17,1,1894600837
2021,156,China,999999,Mercadorias não especificadas,842,EUA,8746058364,23.491,1,0,37230802994
2021,156,China,999999,Mercadorias não especificadas,490,Taiwan (Prov. China),1904784730,5.116,2,0,37230802994
2021,156,China,999999,Mercadorias não especificadas,251,França,1689259641,4.537,3,0,37230802994
2021,156,China,999999,Mercadorias não especificadas,704,Vietname,1503537880,4.038,4,0,37230802994
2021,156,China,999999,Mercadorias não especificadas,392,Japão,1497658030,4.023,5,0,37230802994
2021,156,China,999999,Mercadorias não especificadas,24,Angola,1810114,0.005,106,1,37230802994
2021,620,Portugal,020714,Carne de aves,724,Espanha,1765150,17.308,1,0,10198272
2021,620,Portugal,020714,Carne de aves,24,Angola,1735516,17.018,2,1,10198272
2021,620,Portugal,020714,Carne de aves,251,França,1721682,16.882,3,0,10198272
2021,620,Portugal,020714,Carne de aves,624,Guiné-Bissau,943720,9.254,4,0,10198272
2021,620,Portugal,020714,Carne de aves,178,Congo,438685,4.302,5,0,10198272
2021,620,Portugal,020714,Carne de aves,132,Cabo Verde,422910,4.147,6,0,10198272
2021,620,Portugal,110100,Farinha de trigo,724,Espanha,12627976,60.449,1,0,20890172
2021,620,Portugal,110100,Farinha de trigo,678,São Tomé e Príncipe,2976638,14.249,2,0,20890172
2021,620,Portugal,110100,Farinha de trigo,24,Angola,2277622,10.903,3,1,20890172
2021,620,Portugal,110100,Farinha de trigo,132,Cabo Verde,1650325,7.9,4,0,20890172
2021,620,Portugal,110100,Farinha de trigo,192,Cuba,423833,2.029,5,0,20890172
2021,620,Portugal,110100,Farinha de trigo,826,Reino Unido,167019,0.8,6,0,20890172
2021,620,Portugal,271012,Combustíveis refinados,842,EUA,760509731,69.679,1,0,1091449402
2021,620,Portugal,271012,Combustíveis refinados,528,Países Baixos,195342367,17.898,2,0,1091449402
2021,620,Portugal,271012,Combustíveis refinados,56,Bélgica,67639802,6.197,3,0,1091449402
2021,620,Portugal,271012,Combustíveis refinados,724,Espanha,52494572,4.81,4,0,1091449402
2021,620,Portugal,271012,Combustíveis refinados,624,Guiné-Bissau,9647427,0.884,5,0,1091449402
2021,620,Portugal,271012,Combustíveis refinados,24,Angola,53359,0.005,10,1,1091449402
2021,620,Portugal,271019,Combustíveis refinados,837,Bunkers,703010599,30.867,1,0,2277543177
2021,620,Portugal,271019,Combustíveis refinados,724,Espanha,490691216,21.545,2,0,2277543177
2021,620,Portugal,271019,Combustíveis refinados,292,Gibraltar,473958870,20.81,3,0,2277543177
2021,620,Portugal,271019,Combustíveis refinados,504,Marrocos,150609823,6.613,4,0,2277543177
2021,620,Portugal,271019,Combustíveis refinados,251,França,86360349,3.792,5,0,2277543177
2021,620,Portugal,271019,Combustíveis refinados,24,Angola,10878521,0.478,18,1,2277543177
2021,620,Portugal,843143,Partes de máquinas de terraplanagem,724,Espanha,1521159,46.292,1,0,3286000
2021,620,Portugal,843143,Partes de máquinas de terraplanagem,24,Angola,1008846,30.701,2,1,3286000
2021,620,Portugal,843143,Partes de máquinas de terraplanagem,76,Brasil,240427,7.317,3,0,3286000
2021,620,Portugal,843143,Partes de máquinas de terraplanagem,132,Cabo Verde,81836,2.49,4,0,3286000
2021,620,Portugal,843143,Partes de máquinas de terraplanagem,170,Colômbia,77451,2.357,5,0,3286000
2021,620,Portugal,843143,Partes de máquinas de terraplanagem,12,Argélia,67147,2.043,6,0,3286000
2021,620,Portugal,999999,Mercadorias não especificadas,837,Bunkers,80599054,99.398,1,0,81086825
2021,620,Portugal,999999,Mercadorias não especificadas,858,Uruguai,106382,0.131,2,0,81086825
2021,620,Portugal,999999,Mercadorias não especificadas,724,Espanha,105121,0.13,3,0,81086825
2021,620,Portugal,999999,Mercadorias não especificadas,430,Liberia,42639,0.053,4,0,81086825
2021,620,Portugal,999999,Mercadorias não especificadas,478,Mauritânia,39275,0.048,5,0,81086825
2021,710,África do Sul,020714,Carne de aves,426,Lesotho,15647783,41.998,1,0,37258070
2021,710,África do Sul,020714,Carne de aves,516,Namíbia,9114768,24.464,2,0,37258070
2021,710,África do Sul,020714,Carne de aves,508,Moçambique,7104215,19.068,3,0,37258070
2021,710,África do Sul,020714,Carne de aves,72,Botsuana,2107315,5.656,4,0,37258070
2021,710,África do Sul,020714,Carne de aves,288,Gana,896601,2.406,5,0,37258070
2021,710,África do Sul,020714,Carne de aves,24,Angola,118280,0.317,12,1,37258070
2021,710,África do Sul,110100,Farinha de trigo,716,Zimbabué,17552922,49.783,1,0,35258578
2021,710,África do Sul,110100,Farinha de trigo,426,Lesotho,14406182,40.859,2,0,35258578
2021,710,África do Sul,110100,Farinha de trigo,72,Botsuana,1153081,3.27,3,0,35258578
2021,710,África do Sul,110100,Farinha de trigo,516,Namíbia,437011,1.239,4,0,35258578
2021,710,África do Sul,110100,Farinha de trigo,36,Austrália,423900,1.202,5,0,35258578
2021,710,África do Sul,110100,Farinha de trigo,24,Angola,4281,0.012,17,1,35258578
2021,710,África do Sul,271012,Combustíveis refinados,72,Botsuana,646485862,39.373,1,0,1641953912
2021,710,África do Sul,271012,Combustíveis refinados,837,Bunkers,310085703,18.885,2,0,1641953912
2021,710,África do Sul,271012,Combustíveis refinados,426,Lesotho,164969413,10.047,3,0,1641953912
2021,710,África do Sul,271012,Combustíveis refinados,748,Eswatini,124121066,7.559,4,0,1641953912
2021,710,África do Sul,271012,Combustíveis refinados,899,"Areas, nes",83579151,5.09,5,0,1641953912
2021,710,África do Sul,271012,Combustíveis refinados,24,Angola,4382745,0.267,16,1,1641953912
2021,710,África do Sul,271019,Combustíveis refinados,894,Zâmbia,55322689,30.001,1,0,184403758
2021,710,África do Sul,271019,Combustíveis refinados,716,Zimbabué,45752441,24.811,2,0,184403758
2021,710,África do Sul,271019,Combustíveis refinados,180,RD Congo,16447928,8.92,3,0,184403758
2021,710,África do Sul,271019,Combustíveis refinados,508,Moçambique,12275393,6.657,4,0,184403758
2021,710,África do Sul,271019,Combustíveis refinados,699,Índia,10755996,5.833,5,0,184403758
2021,710,África do Sul,271019,Combustíveis refinados,24,Angola,7379734,4.002,7,1,184403758
2021,710,África do Sul,843143,Partes de máquinas de terraplanagem,716,Zimbabué,15264217,17.204,1,0,88723847
2021,710,África do Sul,843143,Partes de máquinas de terraplanagem,894,Zâmbia,14315375,16.135,2,0,88723847
2021,710,África do Sul,843143,Partes de máquinas de terraplanagem,180,RD Congo,10163929,11.456,3,0,88723847
2021,710,África do Sul,843143,Partes de máquinas de terraplanagem,72,Botsuana,8345028,9.406,4,0,88723847
2021,710,África do Sul,843143,Partes de máquinas de terraplanagem,516,Namíbia,5595111,6.306,5,0,88723847
2021,710,África do Sul,843143,Partes de máquinas de terraplanagem,24,Angola,604755,0.682,20,1,88723847
2021,710,África do Sul,890520,Plataformas e dragas,508,Moçambique,17555,79.507,1,0,22079
2021,710,África do Sul,890520,Plataformas e dragas,834,Tanzânia,2441,11.056,2,0,22079
2021,710,África do Sul,890520,Plataformas e dragas,800,Uganda,2084,9.437,3,0,22079
2021,710,África do Sul,999999,Mercadorias não especificadas,837,Bunkers,55201692,69.363,1,0,79583498
2021,710,África do Sul,999999,Mercadorias não especificadas,276,Alemanha,4490802,5.643,2,0,79583498
2021,710,África do Sul,999999,Mercadorias não especificadas,426,Lesotho,2420580,3.042,3,0,79583498
2021,710,África do Sul,999999,Mercadorias não especificadas,899,"Areas, nes",2067249,2.598,4,0,79583498
2021,710,África do Sul,999999,Mercadorias não especificadas,826,Reino Unido,1552968,1.951,5,0,79583498
2021,710,África do Sul,999999,Mercadorias não especificadas,24,Angola,268849,0.338,21,1,79583498
2021,842,EUA,020714,Carne de aves,156,China,872982528,25.686,1,0,3398647265
2021,842,EUA,020714,Carne de aves,192,Cuba,279289844,8.218,2,0,3398647265
2021,842,EUA,020714,Carne de aves,484,México,198613893,5.844,3,0,3398647265
2021,842,EUA,020714,Carne de aves,490,Taiwan (Prov. China),165232975,4.862,4,0,3398647265
2021,842,EUA,020714,Carne de aves,320,Guatemala,145021452,4.267,5,0,3398647265
2021,842,EUA,020714,Carne de aves,24,Angola,130116241,3.828,7,1,3398647265
2021,842,EUA,110100,Farinha de trigo,484,México,96100147,65.349,1,0,147056062
2021,842,EUA,110100,Farinha de trigo,124,Canadá,27554593,18.737,2,0,147056062
2021,842,EUA,110100,Farinha de trigo,44,Bahamas,2724854,1.853,3,0,147056062
2021,842,EUA,110100,Farinha de trigo,214,República Dominicana,2689953,1.829,4,0,147056062
2021,842,EUA,110100,Farinha de trigo,752,Suécia,1933749,1.315,5,0,147056062
2021,842,EUA,271012,Combustíveis refinados,484,México,15268937907,36.447,1,0,41893978851
2021,842,EUA,271012,Combustíveis refinados,124,Canadá,7531058970,17.976,2,0,41893978851
2021,842,EUA,271012,Combustíveis refinados,76,Brasil,3633264533,8.673,3,0,41893978851
2021,842,EUA,271012,Combustíveis refinados,170,Colômbia,1981891697,4.731,4,0,41893978851
2021,842,EUA,271012,Combustíveis refinados,320,Guatemala,1379512839,3.293,5,0,41893978851
2021,842,EUA,271012,Combustíveis refinados,24,Angola,78348,0.0,92,1,41893978851
2021,842,EUA,271019,Combustíveis refinados,484,México,12004464202,27.952,1,0,42946187647
2021,842,EUA,271019,Combustíveis refinados,76,Brasil,4455753679,10.375,2,0,42946187647
2021,842,EUA,271019,Combustíveis refinados,152,Chile,3176130648,7.396,3,0,42946187647
2021,842,EUA,271019,Combustíveis refinados,124,Canadá,3052918778,7.109,4,0,42946187647
2021,842,EUA,271019,Combustíveis refinados,591,Panamá,2580318907,6.008,5,0,42946187647
2021,842,EUA,271019,Combustíveis refinados,24,Angola,163628,0.0,128,1,42946187647
2021,842,EUA,843143,Partes de máquinas de terraplanagem,124,Canadá,199305023,13.863,1,0,1437649458
2021,842,EUA,843143,Partes de máquinas de terraplanagem,484,México,158937119,11.055,2,0,1437649458
2021,842,EUA,843143,Partes de máquinas de terraplanagem,780,Trinidad and Tobago,75226840,5.233,3,0,1437649458
2021,842,EUA,843143,Partes de máquinas de terraplanagem,826,Reino Unido,69303628,4.821,4,0,1437649458
2021,842,EUA,843143,Partes de máquinas de terraplanagem,702,Singapura,56419424,3.924,5,0,1437649458
2021,842,EUA,843143,Partes de máquinas de terraplanagem,24,Angola,33835386,2.354,12,1,1437649458
2021,842,EUA,890520,Plataformas e dragas,795,Turkmenistan,11000000,70.513,1,0,15600000
2021,842,EUA,890520,Plataformas e dragas,792,Turquia,4600000,29.487,2,0,15600000
2021,842,EUA,999999,Mercadorias não especificadas,124,Canadá,19705116385,15.071,1,0,130744945366
2021,842,EUA,999999,Mercadorias não especificadas,484,México,12346665372,9.443,2,0,130744945366
2021,842,EUA,999999,Mercadorias não especificadas,276,Alemanha,9868402764,7.548,3,0,130744945366
2021,842,EUA,999999,Mercadorias não especificadas,826,Reino Unido,8026600100,6.139,4,0,130744945366
2021,842,EUA,999999,Mercadorias não especificadas,251,França,7922617428,6.06,5,0,130744945366
2021,842,EUA,999999,Mercadorias não especificadas,24,Angola,8874571,0.007,142,1,130744945366
2022,76,Brasil,020714,Carne de aves,156,China,1343315178,19.918,1,0,6744061056
2022,76,Brasil,020714,Carne de aves,392,Japão,919192517,13.63,2,0,6744061056
2022,76,Brasil,020714,Carne de aves,784,Emirados Árabes Unidos,483118817,7.164,3,0,6744061056
2022,76,Brasil,020714,Carne de aves,682,Arábia Saudita,477933448,7.087,4,0,6744061056
2022,76,Brasil,020714,Carne de aves,410,Coreia do Sul,407084812,6.036,5,0,6744061056
2022,76,Brasil,020714,Carne de aves,24,Angola,87571315,1.298,13,1,6744061056
2022,76,Brasil,110100,Farinha de trigo,862,Venezuela,13299285,95.849,1,0,13875284
2022,76,Brasil,110100,Farinha de trigo,328,Guyana,99911,0.72,2,0,13875284
2022,76,Brasil,110100,Farinha de trigo,842,EUA,84864,0.612,3,0,13875284
2022,76,Brasil,110100,Farinha de trigo,584,Marshall Isds,83600,0.603,4,0,13875284
2022,76,Brasil,110100,Farinha de trigo,430,Liberia,62225,0.448,5,0,13875284
2022,76,Brasil,110100,Farinha de trigo,24,Angola,6715,0.048,16,1,13875284
2022,76,Brasil,271012,Combustíveis refinados,528,Países Baixos,355180073,50.132,1,0,708492783
2022,76,Brasil,271012,Combustíveis refinados,842,EUA,118999223,16.796,2,0,708492783
2022,76,Brasil,271012,Combustíveis refinados,702,Singapura,89081626,12.573,3,0,708492783
2022,76,Brasil,271012,Combustíveis refinados,170,Colômbia,48752856,6.881,4,0,708492783
2022,76,Brasil,271012,Combustíveis refinados,140,Central African Rep.,27985742,3.95,5,0,708492783
2022,76,Brasil,271012,Combustíveis refinados,24,Angola,4686,0.001,27,1,708492783
2022,76,Brasil,271019,Combustíveis refinados,702,Singapura,5770387400,46.826,1,0,12323160855
2022,76,Brasil,271019,Combustíveis refinados,842,EUA,850036399,6.898,2,0,12323160855
2022,76,Brasil,271019,Combustíveis refinados,528,Países Baixos,527965476,4.284,3,0,12323160855
2022,76,Brasil,271019,Combustíveis refinados,591,Panamá,467337232,3.792,4,0,12323160855
2022,76,Brasil,271019,Combustíveis refinados,430,Liberia,446254721,3.621,5,0,12323160855
2022,76,Brasil,271019,Combustíveis refinados,24,Angola,96605,0.001,95,1,12323160855
2022,76,Brasil,843143,Partes de máquinas de terraplanagem,842,EUA,2859711,46.657,1,0,6129273
2022,76,Brasil,843143,Partes de máquinas de terraplanagem,484,México,700576,11.43,2,0,6129273
2022,76,Brasil,843143,Partes de máquinas de terraplanagem,32,Argentina,287844,4.696,3,0,6129273
2022,76,Brasil,843143,Partes de máquinas de terraplanagem,152,Chile,177544,2.897,4,0,6129273
2022,76,Brasil,843143,Partes de máquinas de terraplanagem,826,Reino Unido,167388,2.731,5,0,6129273
2022,76,Brasil,843143,Partes de máquinas de terraplanagem,24,Angola,128738,2.1,10,1,6129273
2022,76,Brasil,890520,Plataformas e dragas,36,Austrália,15615,100.0,1,0,15615
2022,76,Brasil,999999,Mercadorias não especificadas,842,EUA,291439226,37.515,1,0,776860283
2022,76,Brasil,999999,Mercadorias não especificadas,32,Argentina,108429763,13.957,2,0,776860283
2022,76,Brasil,999999,Mercadorias não especificadas,152,Chile,67731909,8.719,3,0,776860283
2022,76,Brasil,999999,Mercadorias não especificadas,380,Itália,28807648,3.708,4,0,776860283
2022,76,Brasil,999999,Mercadorias não especificadas,251,França,27777022,3.576,5,0,776860283
2022,76,Brasil,999999,Mercadorias não especificadas,24,Angola,377206,0.049,49,1,776860283
2022,156,China,020714,Carne de aves,344,Hong Kong (RAEHK),123052130,41.879,1,0,293826850
2022,156,China,020714,Carne de aves,458,Malásia,57033352,19.411,2,0,293826850
2022,156,China,020714,Carne de aves,496,Mongolia,34959990,11.898,3,0,293826850
2022,156,China,020714,Carne de aves,48,Barém,13388302,4.557,4,0,293826850
2022,156,China,020714,Carne de aves,268,Georgia,10368586,3.529,5,0,293826850
2022,156,China,020714,Carne de aves,24,Angola,466977,0.159,19,1,293826850
2022,156,China,110100,Farinha de trigo,344,Hong Kong (RAEHK),41651827,61.688,1,0,67520593
2022,156,China,110100,Farinha de trigo,408,Coreia do Norte,18927197,28.032,2,0,67520593
2022,156,China,110100,Farinha de trigo,446,Macau (RAEM),2962999,4.388,3,0,67520593
2022,156,China,110100,Farinha de trigo,764,Tailândia,764685,1.133,4,0,67520593
2022,156,China,110100,Farinha de trigo,4,Afghanistan,683143,1.012,5,0,67520593
2022,156,China,271012,Combustíveis refinados,702,Singapura,6095919031,51.94,1,0,11736523475
2022,156,China,271012,Combustíveis refinados,586,Paquistão,2009423287,17.121,2,0,11736523475
2022,156,China,271012,Combustíveis refinados,458,Malásia,1075445582,9.163,3,0,11736523475
2022,156,China,271012,Combustíveis refinados,608,Filipinas,682014416,5.811,4,0,11736523475
2022,156,China,271012,Combustíveis refinados,360,Indonésia,311104980,2.651,5,0,11736523475
2022,156,China,271019,Combustíveis refinados,344,Hong Kong (RAEHK),7480495132,20.472,1,0,36539331013
2022,156,China,271019,Combustíveis refinados,702,Singapura,3521171475,9.637,2,0,36539331013
2022,156,China,271019,Combustíveis refinados,430,Liberia,3220385398,8.813,3,0,36539331013
2022,156,China,271019,Combustíveis refinados,528,Países Baixos,2689002012,7.359,4,0,36539331013
2022,156,China,271019,Combustíveis refinados,591,Panamá,2646709501,7.243,5,0,36539331013
2022,156,China,271019,Combustíveis refinados,24,Angola,1784316,0.005,93,1,36539331013
2022,156,China,843143,Partes de máquinas de terraplanagem,842,EUA,314249549,19.242,1,0,1633154469
2022,156,China,843143,Partes de máquinas de terraplanagem,643,Rússia,156894655,9.607,2,0,1633154469
2022,156,China,843143,Partes de máquinas de terraplanagem,702,Singapura,105443809,6.456,3,0,1633154469
2022,156,China,843143,Partes de máquinas de terraplanagem,682,Arábia Saudita,71628026,4.386,4,0,1633154469
2022,156,China,843143,Partes de máquinas de terraplanagem,124,Canadá,62456226,3.824,5,0,1633154469
2022,156,China,843143,Partes de máquinas de terraplanagem,24,Angola,2395914,0.147,67,1,1633154469
2022,156,China,890520,Plataformas e dragas,702,Singapura,2194143254,56.328,1,0,3895296858
2022,156,China,890520,Plataformas e dragas,579,Noruega,515693215,13.239,2,0,3895296858
2022,156,China,890520,Plataformas e dragas,360,Indonésia,477738560,12.264,3,0,3895296858
2022,156,China,890520,Plataformas e dragas,344,Hong Kong (RAEHK),225049370,5.777,4,0,3895296858
2022,156,China,890520,Plataformas e dragas,48,Barém,206425614,5.299,5,0,3895296858
2022,156,China,890520,Plataformas e dragas,24,Angola,81300,0.002,24,1,3895296858
2022,156,China,999999,Mercadorias não especificadas,842,EUA,11080733112,24.122,1,0,45936444797
2022,156,China,999999,Mercadorias não especificadas,490,Taiwan (Prov. China),2906707901,6.328,2,0,45936444797
2022,156,China,999999,Mercadorias não especificadas,702,Singapura,2253292285,4.905,3,0,45936444797
2022,156,China,999999,Mercadorias não especificadas,458,Malásia,2033305640,4.426,4,0,45936444797
2022,156,China,999999,Mercadorias não especificadas,528,Países Baixos,1932209559,4.206,5,0,45936444797
2022,156,China,999999,Mercadorias não especificadas,24,Angola,2563415,0.006,99,1,45936444797
2022,620,Portugal,020714,Carne de aves,724,Espanha,5373441,37.412,1,0,14362866
2022,620,Portugal,020714,Carne de aves,251,França,2504485,17.437,2,0,14362866
2022,620,Portugal,020714,Carne de aves,24,Angola,1719256,11.97,3,1,14362866
2022,620,Portugal,020714,Carne de aves,624,Guiné-Bissau,960739,6.689,4,0,14362866
2022,620,Portugal,020714,Carne de aves,276,Alemanha,865682,6.027,5,0,14362866
2022,620,Portugal,020714,Carne de aves,132,Cabo Verde,601130,4.185,6,0,14362866
2022,620,Portugal,110100,Farinha de trigo,724,Espanha,23752182,71.133,1,0,33391155
2022,620,Portugal,110100,Farinha de trigo,24,Angola,3805059,11.395,2,1,33391155
2022,620,Portugal,110100,Farinha de trigo,678,São Tomé e Príncipe,3247259,9.725,3,0,33391155
2022,620,Portugal,110100,Farinha de trigo,192,Cuba,731108,2.19,4,0,33391155
2022,620,Portugal,110100,Farinha de trigo,132,Cabo Verde,457308,1.37,5,0,33391155
2022,620,Portugal,110100,Farinha de trigo,251,França,379268,1.136,6,0,33391155
2022,620,Portugal,271012,Combustíveis refinados,842,EUA,1048371978,63.004,1,0,1663973567
2022,620,Portugal,271012,Combustíveis refinados,528,Países Baixos,379845731,22.828,2,0,1663973567
2022,620,Portugal,271012,Combustíveis refinados,724,Espanha,72274832,4.344,3,0,1663973567
2022,620,Portugal,271012,Combustíveis refinados,292,Gibraltar,60360093,3.627,4,0,1663973567
2022,620,Portugal,271012,Combustíveis refinados,56,Bélgica,39630470,2.382,5,0,1663973567
2022,620,Portugal,271012,Combustíveis refinados,24,Angola,79726,0.005,10,1,1663973567
2022,620,Portugal,271019,Combustíveis refinados,837,Bunkers,1991083011,49.417,1,0,4029149919
2022,620,Portugal,271019,Combustíveis refinados,724,Espanha,571916396,14.194,2,0,4029149919
2022,620,Portugal,271019,Combustíveis refinados,292,Gibraltar,479501872,11.901,3,0,4029149919
2022,620,Portugal,271019,Combustíveis refinados,826,Reino Unido,228614338,5.674,4,0,4029149919
2022,620,Portugal,271019,Combustíveis refinados,591,Panamá,118853061,2.95,5,0,4029149919
2022,620,Portugal,271019,Combustíveis refinados,24,Angola,18552494,0.46,18,1,4029149919
2022,620,Portugal,843143,Partes de máquinas de terraplanagem,724,Espanha,2755107,53.783,1,0,5122622
2022,620,Portugal,843143,Partes de máquinas de terraplanagem,24,Angola,1297127,25.322,2,1,5122622
2022,620,Portugal,843143,Partes de máquinas de terraplanagem,76,Brasil,223114,4.355,3,0,5122622
2022,620,Portugal,843143,Partes de máquinas de terraplanagem,842,EUA,151844,2.964,4,0,5122622
2022,620,Portugal,843143,Partes de máquinas de terraplanagem,508,Moçambique,74757,1.459,5,0,5122622
2022,620,Portugal,843143,Partes de máquinas de terraplanagem,170,Colômbia,69724,1.361,6,0,5122622
2022,620,Portugal,999999,Mercadorias não especificadas,837,Bunkers,147220681,99.562,1,0,147868721
2022,620,Portugal,999999,Mercadorias não especificadas,584,Marshall Isds,150145,0.102,2,0,147868721
2022,620,Portugal,999999,Mercadorias não especificadas,430,Liberia,131796,0.089,3,0,147868721
2022,620,Portugal,999999,Mercadorias não especificadas,196,Chipre,65733,0.044,4,0,147868721
2022,620,Portugal,999999,Mercadorias não especificadas,470,Malta,60357,0.041,5,0,147868721
2022,620,Portugal,999999,Mercadorias não especificadas,24,Angola,8643,0.006,14,1,147868721
2022,710,África do Sul,020714,Carne de aves,508,Moçambique,15796042,35.503,1,0,44491990
2022,710,África do Sul,020714,Carne de aves,426,Lesotho,14374130,32.307,2,0,44491990
2022,710,África do Sul,020714,Carne de aves,516,Namíbia,6844221,15.383,3,0,44491990
2022,710,África do Sul,020714,Carne de aves,72,Botsuana,3029992,6.81,4,0,44491990
2022,710,África do Sul,020714,Carne de aves,784,Emirados Árabes Unidos,1616893,3.634,5,0,44491990
2022,710,África do Sul,020714,Carne de aves,24,Angola,129714,0.292,12,1,44491990
2022,710,África do Sul,110100,Farinha de trigo,716,Zimbabué,19030191,44.685,1,0,42587590
2022,710,África do Sul,110100,Farinha de trigo,426,Lesotho,16385932,38.476,2,0,42587590
2022,710,África do Sul,110100,Farinha de trigo,748,Eswatini,4114890,9.662,3,0,42587590
2022,710,África do Sul,110100,Farinha de trigo,72,Botsuana,1053240,2.473,4,0,42587590
2022,710,África do Sul,110100,Farinha de trigo,180,RD Congo,770696,1.81,5,0,42587590
2022,710,África do Sul,110100,Farinha de trigo,24,Angola,49247,0.116,13,1,42587590
2022,710,África do Sul,271012,Combustíveis refinados,72,Botsuana,994511112,38.814,1,0,2562271770
2022,710,África do Sul,271012,Combustíveis refinados,837,Bunkers,617272494,24.091,2,0,2562271770
2022,710,África do Sul,271012,Combustíveis refinados,426,Lesotho,227656017,8.885,3,0,2562271770
2022,710,África do Sul,271012,Combustíveis refinados,748,Eswatini,163763662,6.391,4,0,2562271770
2022,710,África do Sul,271012,Combustíveis refinados,899,"Areas, nes",105436372,4.115,5,0,2562271770
2022,710,África do Sul,271012,Combustíveis refinados,24,Angola,6395199,0.25,23,1,2562271770
2022,710,África do Sul,271019,Combustíveis refinados,894,Zâmbia,67297273,28.327,1,0,237571138
2022,710,África do Sul,271019,Combustíveis refinados,716,Zimbabué,56032698,23.586,2,0,237571138
2022,710,África do Sul,271019,Combustíveis refinados,508,Moçambique,24227572,10.198,3,0,237571138
2022,710,África do Sul,271019,Combustíveis refinados,699,Índia,22093523,9.3,4,0,237571138
2022,710,África do Sul,271019,Combustíveis refinados,180,RD Congo,21222865,8.933,5,0,237571138
2022,710,África do Sul,271019,Combustíveis refinados,24,Angola,12353838,5.2,6,1,237571138
2022,710,África do Sul,843143,Partes de máquinas de terraplanagem,180,RD Congo,18719036,20.523,1,0,91209540
2022,710,África do Sul,843143,Partes de máquinas de terraplanagem,894,Zâmbia,14922255,16.36,2,0,91209540
2022,710,África do Sul,843143,Partes de máquinas de terraplanagem,716,Zimbabué,11422141,12.523,3,0,91209540
2022,710,África do Sul,843143,Partes de máquinas de terraplanagem,516,Namíbia,8528165,9.35,4,0,91209540
2022,710,África do Sul,843143,Partes de máquinas de terraplanagem,72,Botsuana,8395021,9.204,5,0,91209540
2022,710,África do Sul,843143,Partes de máquinas de terraplanagem,24,Angola,450799,0.494,24,1,91209540
2022,710,África do Sul,890520,Plataformas e dragas,579,Noruega,37608781,97.54,1,0,38557293
2022,710,África do Sul,890520,Plataformas e dragas,699,Índia,880471,2.284,2,0,38557293
2022,710,África do Sul,890520,Plataformas e dragas,450,Madagáscar,45964,0.119,3,0,38557293
2022,710,África do Sul,890520,Plataformas e dragas,748,Eswatini,22076,0.057,4,0,38557293
2022,710,África do Sul,999999,Mercadorias não especificadas,839,Special Categories,73175018,40.898,1,0,178919636
2022,710,África do Sul,999999,Mercadorias não especificadas,837,Bunkers,57162257,31.949,2,0,178919636
2022,710,África do Sul,999999,Mercadorias não especificadas,458,Malásia,11499354,6.427,3,0,178919636
2022,710,África do Sul,999999,Mercadorias não especificadas,826,Reino Unido,9490719,5.304,4,0,178919636
2022,710,África do Sul,999999,Mercadorias não especificadas,784,Emirados Árabes Unidos,4295603,2.401,5,0,178919636
2022,710,África do Sul,999999,Mercadorias não especificadas,24,Angola,97623,0.055,29,1,178919636
2022,842,EUA,020714,Carne de aves,156,China,1085730419,26.988,1,0,4023024773
2022,842,EUA,020714,Carne de aves,192,Cuba,290611984,7.224,2,0,4023024773
2022,842,EUA,020714,Carne de aves,490,Taiwan (Prov. China),284459821,7.071,3,0,4023024773
2022,842,EUA,020714,Carne de aves,24,Angola,229653336,5.708,4,1,4023024773
2022,842,EUA,020714,Carne de aves,608,Filipinas,208193837,5.175,5,0,4023024773
2022,842,EUA,020714,Carne de aves,484,México,174976266,4.349,6,0,4023024773
2022,842,EUA,110100,Farinha de trigo,484,México,99351707,60.872,1,0,163213376
2022,842,EUA,110100,Farinha de trigo,124,Canadá,33145312,20.308,2,0,163213376
2022,842,EUA,110100,Farinha de trigo,152,Chile,7016760,4.299,3,0,163213376
2022,842,EUA,110100,Farinha de trigo,214,República Dominicana,2730125,1.673,4,0,163213376
2022,842,EUA,110100,Farinha de trigo,44,Bahamas,2160820,1.324,5,0,163213376
2022,842,EUA,271012,Combustíveis refinados,484,México,21613614316,38.506,1,0,56130986012
2022,842,EUA,271012,Combustíveis refinados,124,Canadá,10464375338,18.643,2,0,56130986012
2022,842,EUA,271012,Combustíveis refinados,76,Brasil,3357815078,5.982,3,0,56130986012
2022,842,EUA,271012,Combustíveis refinados,170,Colômbia,2942795236,5.243,4,0,56130986012
2022,842,EUA,271012,Combustíveis refinados,152,Chile,2066969449,3.682,5,0,56130986012
2022,842,EUA,271019,Combustíveis refinados,484,México,18027776100,22.78,1,0,79137304729
2022,842,EUA,271019,Combustíveis refinados,152,Chile,7717119040,9.752,2,0,79137304729
2022,842,EUA,271019,Combustíveis refinados,76,Brasil,7545942543,9.535,3,0,79137304729
2022,842,EUA,271019,Combustíveis refinados,124,Canadá,5406988913,6.832,4,0,79137304729
2022,842,EUA,271019,Combustíveis refinados,591,Panamá,5124796004,6.476,5,0,79137304729
2022,842,EUA,271019,Combustíveis refinados,24,Angola,11936174,0.015,77,1,79137304729
2022,842,EUA,843143,Partes de máquinas de terraplanagem,484,México,281436470,17.789,1,0,1582096334
2022,842,EUA,843143,Partes de máquinas de terraplanagem,124,Canadá,249457987,15.768,2,0,1582096334
2022,842,EUA,843143,Partes de máquinas de terraplanagem,682,Arábia Saudita,77309542,4.887,3,0,1582096334
2022,842,EUA,843143,Partes de máquinas de terraplanagem,170,Colômbia,59733378,3.776,4,0,1582096334
2022,842,EUA,843143,Partes de máquinas de terraplanagem,76,Brasil,59709665,3.774,5,0,1582096334
2022,842,EUA,843143,Partes de máquinas de terraplanagem,24,Angola,9966275,0.63,30,1,1582096334
2022,842,EUA,999999,Mercadorias não especificadas,124,Canadá,23077490913,14.723,1,0,156746940243
2022,842,EUA,999999,Mercadorias não especificadas,484,México,14366956190,9.166,2,0,156746940243
2022,842,EUA,999999,Mercadorias não especificadas,826,Reino Unido,10790192180,6.884,3,0,156746940243
2022,842,EUA,999999,Mercadorias não especificadas,276,Alemanha,10522137280,6.713,4,0,156746940243
2022,842,EUA,999999,Mercadorias não especificadas,251,França,10208398148,6.513,5,0,156746940243
2022,842,EUA,999999,Mercadorias não especificadas,24,Angola,26996092,0.017,116,1,156746940243
2023,76,Brasil,020714,Carne de aves,156,China,1608566956,23.576,1,0,6822850590
2023,76,Brasil,020714,Carne de aves,392,Japão,926631860,13.581,2,0,6822850590
2023,76,Brasil,020714,Carne de aves,682,Arábia Saudita,463879474,6.799,3,0,6822850590
2023,76,Brasil,020714,Carne de aves,784,Emirados Árabes Unidos,459585942,6.736,4,0,6822850590
2023,76,Brasil,020714,Carne de aves,410,Coreia do Sul,413819770,6.065,5,0,6822850590
2023,76,Brasil,020714,Carne de aves,24,Angola,38317352,0.562,29,1,6822850590
2023,76,Brasil,110100,Farinha de trigo,862,Venezuela,6669918,80.323,1,0,8303822
2023,76,Brasil,110100,Farinha de trigo,192,Cuba,304541,3.667,2,0,8303822
2023,76,Brasil,110100,Farinha de trigo,858,Uruguai,281913,3.395,3,0,8303822
2023,76,Brasil,110100,Farinha de trigo,591,Panamá,212577,2.56,4,0,8303822
2023,76,Brasil,110100,Farinha de trigo,328,Guyana,145063,1.747,5,0,8303822
2023,76,Brasil,110100,Farinha de trigo,24,Angola,804,0.01,42,1,8303822
2023,76,Brasil,271012,Combustíveis refinados,842,EUA,734164026,65.71,1,0,1117276485
2023,76,Brasil,271012,Combustíveis refinados,702,Singapura,126766924,11.346,2,0,1117276485
2023,76,Brasil,271012,Combustíveis refinados,528,Países Baixos,91288340,8.171,3,0,1117276485
2023,76,Brasil,271012,Combustíveis refinados,170,Colômbia,79336512,7.101,4,0,1117276485
2023,76,Brasil,271012,Combustíveis refinados,156,China,32854070,2.941,5,0,1117276485
2023,76,Brasil,271012,Combustíveis refinados,24,Angola,2928,0.0,25,1,1117276485
2023,76,Brasil,271019,Combustíveis refinados,702,Singapura,4645454050,45.844,1,0,10133217085
2023,76,Brasil,271019,Combustíveis refinados,842,EUA,754767367,7.448,2,0,10133217085
2023,76,Brasil,271019,Combustíveis refinados,899,"Areas, nes",389191960,3.841,3,0,10133217085
2023,76,Brasil,271019,Combustíveis refinados,591,Panamá,369004050,3.642,4,0,10133217085
2023,76,Brasil,271019,Combustíveis refinados,528,Países Baixos,368330732,3.635,5,0,10133217085
2023,76,Brasil,271019,Combustíveis refinados,24,Angola,12876146,0.127,41,1,10133217085
2023,76,Brasil,843143,Partes de máquinas de terraplanagem,842,EUA,2127511,40.445,1,0,5260308
2023,76,Brasil,843143,Partes de máquinas de terraplanagem,484,México,390322,7.42,2,0,5260308
2023,76,Brasil,843143,Partes de máquinas de terraplanagem,152,Chile,386384,7.345,3,0,5260308
2023,76,Brasil,843143,Partes de máquinas de terraplanagem,170,Colômbia,327168,6.22,4,0,5260308
2023,76,Brasil,843143,Partes de máquinas de terraplanagem,784,Emirados Árabes Unidos,241959,4.6,5,0,5260308
2023,76,Brasil,843143,Partes de máquinas de terraplanagem,24,Angola,138980,2.642,8,1,5260308
2023,76,Brasil,999999,Mercadorias não especificadas,842,EUA,6213316,73.519,1,0,8451355
2023,76,Brasil,999999,Mercadorias não especificadas,376,Israel,814298,9.635,2,0,8451355
2023,76,Brasil,999999,Mercadorias não especificadas,152,Chile,617163,7.303,3,0,8451355
2023,76,Brasil,999999,Mercadorias não especificadas,620,Portugal,294634,3.486,4,0,8451355
2023,76,Brasil,999999,Mercadorias não especificadas,704,Vietname,179509,2.124,5,0,8451355
2023,156,China,020714,Carne de aves,344,Hong Kong (RAEHK),125126454,38.089,1,0,328506495
2023,156,China,020714,Carne de aves,496,Mongolia,45817749,13.947,2,0,328506495
2023,156,China,020714,Carne de aves,643,Rússia,30388520,9.251,3,0,328506495
2023,156,China,020714,Carne de aves,458,Malásia,28315438,8.619,4,0,328506495
2023,156,China,020714,Carne de aves,48,Barém,19715794,6.002,5,0,328506495
2023,156,China,020714,Carne de aves,24,Angola,344907,0.105,23,1,328506495
2023,156,China,110100,Farinha de trigo,344,Hong Kong (RAEHK),43697644,47.422,1,0,92145616
2023,156,China,110100,Farinha de trigo,408,Coreia do Norte,42152047,45.745,2,0,92145616
2023,156,China,110100,Farinha de trigo,446,Macau (RAEM),3668878,3.982,3,0,92145616
2023,156,China,110100,Farinha de trigo,288,Gana,908838,0.986,4,0,92145616
2023,156,China,110100,Farinha de trigo,104,Myanmar,667509,0.724,5,0,92145616
2023,156,China,271012,Combustíveis refinados,702,Singapura,6293280066,61.668,1,0,10205062434
2023,156,China,271012,Combustíveis refinados,484,México,665117261,6.518,2,0,10205062434
2023,156,China,271012,Combustíveis refinados,458,Malásia,597176899,5.852,3,0,10205062434
2023,156,China,271012,Combustíveis refinados,608,Filipinas,323675808,3.172,4,0,10205062434
2023,156,China,271012,Combustíveis refinados,410,Coreia do Sul,320789011,3.143,5,0,10205062434
2023,156,China,271019,Combustíveis refinados,344,Hong Kong (RAEHK),7610665839,20.004,1,0,38046496919
2023,156,China,271019,Combustíveis refinados,702,Singapura,3713404578,9.76,2,0,38046496919
2023,156,China,271019,Combustíveis refinados,608,Filipinas,3035334726,7.978,3,0,38046496919
2023,156,China,271019,Combustíveis refinados,50,Bangladesh,2959386314,7.778,4,0,38046496919
2023,156,China,271019,Combustíveis refinados,430,Liberia,2460952806,6.468,5,0,38046496919
2023,156,China,271019,Combustíveis refinados,24,Angola,2013258,0.005,99,1,38046496919
2023,156,China,843143,Partes de máquinas de terraplanagem,842,EUA,323134294,14.767,1,0,2188148214
2023,156,China,843143,Partes de máquinas de terraplanagem,643,Rússia,295124210,13.487,2,0,2188148214
2023,156,China,843143,Partes de máquinas de terraplanagem,702,Singapura,142779007,6.525,3,0,2188148214
2023,156,China,843143,Partes de máquinas de terraplanagem,414,Kuwait,121512946,5.553,4,0,2188148214
2023,156,China,843143,Partes de máquinas de terraplanagem,682,Arábia Saudita,103638123,4.736,5,0,2188148214
2023,156,China,843143,Partes de máquinas de terraplanagem,24,Angola,3659716,0.167,58,1,2188148214
2023,156,China,890520,Plataformas e dragas,702,Singapura,1976973596,56.925,1,0,3472930795
2023,156,China,890520,Plataformas e dragas,76,Brasil,1064604730,30.654,2,0,3472930795
2023,156,China,890520,Plataformas e dragas,784,Emirados Árabes Unidos,165175419,4.756,3,0,3472930795
2023,156,China,890520,Plataformas e dragas,682,Arábia Saudita,137386044,3.956,4,0,3472930795
2023,156,China,890520,Plataformas e dragas,48,Barém,96191035,2.77,5,0,3472930795
2023,156,China,999999,Mercadorias não especificadas,842,EUA,18826625323,27.109,1,0,69448741436
2023,156,China,999999,Mercadorias não especificadas,458,Malásia,3042748940,4.381,2,0,69448741436
2023,156,China,999999,Mercadorias não especificadas,490,Taiwan (Prov. China),3037400388,4.374,3,0,69448741436
2023,156,China,999999,Mercadorias não especificadas,826,Reino Unido,2873752613,4.138,4,0,69448741436
2023,156,China,999999,Mercadorias não especificadas,704,Vietname,2861093487,4.12,5,0,69448741436
2023,156,China,999999,Mercadorias não especificadas,24,Angola,5928169,0.009,93,1,69448741436
2023,620,Portugal,020714,Carne de aves,724,Espanha,10372873,55.528,1,0,18680312
2023,620,Portugal,020714,Carne de aves,24,Angola,2443225,13.079,2,1,18680312
2023,620,Portugal,020714,Carne de aves,251,França,1870634,10.014,3,0,18680312
2023,620,Portugal,020714,Carne de aves,624,Guiné-Bissau,475529,2.546,4,0,18680312
2023,620,Portugal,020714,Carne de aves,276,Alemanha,433555,2.321,5,0,18680312
2023,620,Portugal,020714,Carne de aves,178,Congo,329926,1.766,6,0,18680312
2023,620,Portugal,110100,Farinha de trigo,724,Espanha,31023998,79.936,1,0,38811152
2023,620,Portugal,110100,Farinha de trigo,192,Cuba,2632141,6.782,2,0,38811152
2023,620,Portugal,110100,Farinha de trigo,678,São Tomé e Príncipe,1751767,4.514,3,0,38811152
2023,620,Portugal,110100,Farinha de trigo,132,Cabo Verde,1237298,3.188,4,0,38811152
2023,620,Portugal,110100,Farinha de trigo,24,Angola,1092591,2.815,5,1,38811152
2023,620,Portugal,110100,Farinha de trigo,442,Luxemburgo,283114,0.729,6,0,38811152
2023,620,Portugal,271012,Combustíveis refinados,842,EUA,946921687,65.239,1,0,1451459903
2023,620,Portugal,271012,Combustíveis refinados,528,Países Baixos,220670541,15.203,2,0,1451459903
2023,620,Portugal,271012,Combustíveis refinados,724,Espanha,103487956,7.13,3,0,1451459903
2023,620,Portugal,271012,Combustíveis refinados,826,Reino Unido,40507189,2.791,4,0,1451459903
2023,620,Portugal,271012,Combustíveis refinados,56,Bélgica,34924164,2.406,5,0,1451459903
2023,620,Portugal,271012,Combustíveis refinados,24,Angola,89106,0.006,11,1,1451459903
2023,620,Portugal,271019,Combustíveis refinados,837,Bunkers,1809458088,61.954,1,0,2920653008
2023,620,Portugal,271019,Combustíveis refinados,292,Gibraltar,284709051,9.748,2,0,2920653008
2023,620,Portugal,271019,Combustíveis refinados,724,Espanha,148650101,5.09,3,0,2920653008
2023,620,Portugal,271019,Combustíveis refinados,504,Marrocos,136391222,4.67,4,0,2920653008
2023,620,Portugal,271019,Combustíveis refinados,702,Singapura,78386735,2.684,5,0,2920653008
2023,620,Portugal,271019,Combustíveis refinados,24,Angola,19157646,0.656,16,1,2920653008
2023,620,Portugal,843143,Partes de máquinas de terraplanagem,724,Espanha,2305357,48.677,1,0,4736024
2023,620,Portugal,843143,Partes de máquinas de terraplanagem,24,Angola,1071823,22.631,2,1,4736024
2023,620,Portugal,843143,Partes de máquinas de terraplanagem,842,EUA,471390,9.953,3,0,4736024
2023,620,Portugal,843143,Partes de máquinas de terraplanagem,76,Brasil,328204,6.93,4,0,4736024
2023,620,Portugal,843143,Partes de máquinas de terraplanagem,170,Colômbia,151286,3.194,5,0,4736024
2023,620,Portugal,843143,Partes de máquinas de terraplanagem,132,Cabo Verde,104085,2.198,6,0,4736024
2023,620,Portugal,999999,Mercadorias não especificadas,837,Bunkers,140550612,99.466,1,0,141305380
2023,620,Portugal,999999,Mercadorias não especificadas,24,Angola,257275,0.182,2,1,141305380
2023,620,Portugal,999999,Mercadorias não especificadas,196,Chipre,126344,0.089,3,0,141305380
2023,620,Portugal,999999,Mercadorias não especificadas,724,Espanha,115991,0.082,4,0,141305380
2023,620,Portugal,999999,Mercadorias não especificadas,591,Panamá,53776,0.038,5,0,141305380
2023,620,Portugal,999999,Mercadorias não especificadas,56,Bélgica,35969,0.025,6,0,141305380
2023,710,África do Sul,020714,Carne de aves,508,Moçambique,11347358,34.773,1,0,32632896
2023,710,África do Sul,020714,Carne de aves,426,Lesotho,10604429,32.496,2,0,32632896
2023,710,África do Sul,020714,Carne de aves,516,Namíbia,6060247,18.571,3,0,32632896
2023,710,África do Sul,020714,Carne de aves,72,Botsuana,1911550,5.858,4,0,32632896
2023,710,África do Sul,020714,Carne de aves,266,Gabão,540661,1.657,5,0,32632896
2023,710,África do Sul,020714,Carne de aves,24,Angola,161544,0.495,10,1,32632896
2023,710,África do Sul,110100,Farinha de trigo,426,Lesotho,16313179,41.386,1,0,39416986
2023,710,África do Sul,110100,Farinha de trigo,716,Zimbabué,14102705,35.778,2,0,39416986
2023,710,África do Sul,110100,Farinha de trigo,748,Eswatini,6322337,16.04,3,0,39416986
2023,710,África do Sul,110100,Farinha de trigo,72,Botsuana,1156989,2.935,4,0,39416986
2023,710,África do Sul,110100,Farinha de trigo,180,RD Congo,402391,1.021,5,0,39416986
2023,710,África do Sul,110100,Farinha de trigo,24,Angola,1899,0.005,21,1,39416986
2023,710,África do Sul,271012,Combustíveis refinados,72,Botsuana,903645166,33.366,1,0,2708254769
2023,710,África do Sul,271012,Combustíveis refinados,837,Bunkers,509563640,18.815,2,0,2708254769
2023,710,África do Sul,271012,Combustíveis refinados,748,Eswatini,230114129,8.497,3,0,2708254769
2023,710,África do Sul,271012,Combustíveis refinados,426,Lesotho,217489125,8.031,4,0,2708254769
2023,710,África do Sul,271012,Combustíveis refinados,480,Maurícias,166802703,6.159,5,0,2708254769
2023,710,África do Sul,271012,Combustíveis refinados,24,Angola,3996421,0.148,27,1,2708254769
2023,710,África do Sul,271019,Combustíveis refinados,894,Zâmbia,54350209,23.929,1,0,227129751
2023,710,África do Sul,271019,Combustíveis refinados,716,Zimbabué,53942505,23.75,2,0,227129751
2023,710,África do Sul,271019,Combustíveis refinados,508,Moçambique,26239252,11.553,3,0,227129751
2023,710,África do Sul,271019,Combustíveis refinados,180,RD Congo,22912447,10.088,4,0,227129751
2023,710,África do Sul,271019,Combustíveis refinados,24,Angola,13976435,6.154,5,1,227129751
2023,710,África do Sul,271019,Combustíveis refinados,516,Namíbia,12842752,5.654,6,0,227129751
2023,710,África do Sul,843143,Partes de máquinas de terraplanagem,180,RD Congo,23298363,22.738,1,0,102464617
2023,710,África do Sul,843143,Partes de máquinas de terraplanagem,716,Zimbabué,15514185,15.141,2,0,102464617
2023,710,África do Sul,843143,Partes de máquinas de terraplanagem,894,Zâmbia,15354771,14.985,3,0,102464617
2023,710,África do Sul,843143,Partes de máquinas de terraplanagem,72,Botsuana,11079553,10.813,4,0,102464617
2023,710,África do Sul,843143,Partes de máquinas de terraplanagem,834,Tanzânia,8614295,8.407,5,0,102464617
2023,710,África do Sul,843143,Partes de máquinas de terraplanagem,24,Angola,626413,0.611,19,1,102464617
2023,710,África do Sul,890520,Plataformas e dragas,426,Lesotho,3044,72.597,1,0,4193
2023,710,África do Sul,890520,Plataformas e dragas,894,Zâmbia,1149,27.403,2,0,4193
2023,710,África do Sul,999999,Mercadorias não especificadas,839,Special Categories,204027677,67.499,1,0,302265614
2023,710,África do Sul,999999,Mercadorias não especificadas,837,Bunkers,57054079,18.875,2,0,302265614
2023,710,África do Sul,999999,Mercadorias não especificadas,784,Emirados Árabes Unidos,8438500,2.792,3,0,302265614
2023,710,África do Sul,999999,Mercadorias não especificadas,826,Reino Unido,6573144,2.175,4,0,302265614
2023,710,África do Sul,999999,Mercadorias não especificadas,842,EUA,3857453,1.276,5,0,302265614
2023,710,África do Sul,999999,Mercadorias não especificadas,24,Angola,8995,0.003,43,1,302265614
2023,842,EUA,020714,Carne de aves,156,China,688646553,19.422,1,0,3545793987
2023,842,EUA,020714,Carne de aves,490,Taiwan (Prov. China),352361142,9.937,2,0,3545793987
2023,842,EUA,020714,Carne de aves,192,Cuba,270475783,7.628,3,0,3545793987
2023,842,EUA,020714,Carne de aves,484,México,181400134,5.116,4,0,3545793987
2023,842,EUA,020714,Carne de aves,608,Filipinas,174798657,4.93,5,0,3545793987
2023,842,EUA,020714,Carne de aves,24,Angola,114058571,3.217,7,1,3545793987
2023,842,EUA,110100,Farinha de trigo,484,México,74829716,53.924,1,0,138768120
2023,842,EUA,110100,Farinha de trigo,124,Canadá,39265947,28.296,2,0,138768120
2023,842,EUA,110100,Farinha de trigo,152,Chile,3045624,2.195,3,0,138768120
2023,842,EUA,110100,Farinha de trigo,44,Bahamas,2322982,1.674,4,0,138768120
2023,842,EUA,110100,Farinha de trigo,214,República Dominicana,1715289,1.236,5,0,138768120
2023,842,EUA,271012,Combustíveis refinados,484,México,19319974348,41.863,1,0,46150969046
2023,842,EUA,271012,Combustíveis refinados,124,Canadá,6909622669,14.972,2,0,46150969046
2023,842,EUA,271012,Combustíveis refinados,320,Guatemala,2162481521,4.686,3,0,46150969046
2023,842,EUA,271012,Combustíveis refinados,170,Colômbia,2116377741,4.586,4,0,46150969046
2023,842,EUA,271012,Combustíveis refinados,44,Bahamas,1639889162,3.553,5,0,46150969046
2023,842,EUA,271019,Combustíveis refinados,484,México,16618485210,25.036,1,0,66379116366
2023,842,EUA,271019,Combustíveis refinados,124,Canadá,5546675747,8.356,2,0,66379116366
2023,842,EUA,271019,Combustíveis refinados,152,Chile,4799681120,7.231,3,0,66379116366
2023,842,EUA,271019,Combustíveis refinados,591,Panamá,4275111087,6.44,4,0,66379116366
2023,842,EUA,271019,Combustíveis refinados,528,Países Baixos,3261747432,4.914,5,0,66379116366
2023,842,EUA,271019,Combustíveis refinados,24,Angola,7598857,0.011,83,1,66379116366
2023,842,EUA,843143,Partes de máquinas de terraplanagem,484,México,357122992,17.919,1,0,1993035109
2023,842,EUA,843143,Partes de máquinas de terraplanagem,124,Canadá,256263402,12.858,2,0,1993035109
2023,842,EUA,843143,Partes de máquinas de terraplanagem,682,Arábia Saudita,122229907,6.133,3,0,1993035109
2023,842,EUA,843143,Partes de máquinas de terraplanagem,76,Brasil,99699745,5.002,4,0,1993035109
2023,842,EUA,843143,Partes de máquinas de terraplanagem,784,Emirados Árabes Unidos,94014830,4.717,5,0,1993035109
2023,842,EUA,843143,Partes de máquinas de terraplanagem,24,Angola,15718767,0.789,26,1,1993035109
2023,842,EUA,999999,Mercadorias não especificadas,124,Canadá,23690044462,13.112,1,0,180677293397
2023,842,EUA,999999,Mercadorias não especificadas,484,México,14465862982,8.006,2,0,180677293397
2023,842,EUA,999999,Mercadorias não especificadas,251,França,12346579464,6.833,3,0,180677293397
2023,842,EUA,999999,Mercadorias não especificadas,276,Alemanha,12280940293,6.797,4,0,180677293397
2023,842,EUA,999999,Mercadorias não especificadas,826,Reino Unido,11810553540,6.537,5,0,180677293397
2023,842,EUA,999999,Mercadorias não especificadas,24,Angola,16854413,0.009,134,1,180677293397
2024,76,Brasil,020714,Carne de aves,156,China,1288527182,18.204,1,0,7078105335
2024,76,Brasil,020714,Carne de aves,392,Japão,828514427,11.705,2,0,7078105335
2024,76,Brasil,020714,Carne de aves,784,Emirados Árabes Unidos,540348992,7.634,3,0,7078105335
2024,76,Brasil,020714,Carne de aves,484,México,533922002,7.543,4,0,7078105335
2024,76,Brasil,020714,Carne de aves,682,Arábia Saudita,497518573,7.029,5,0,7078105335
2024,76,Brasil,020714,Carne de aves,24,Angola,55877207,0.789,24,1,7078105335
2024,76,Brasil,110100,Farinha de trigo,862,Venezuela,607417,33.025,1,0,1839251
2024,76,Brasil,110100,Farinha de trigo,32,Argentina,184884,10.052,2,0,1839251
2024,76,Brasil,110100,Farinha de trigo,192,Cuba,167626,9.114,3,0,1839251
2024,76,Brasil,110100,Farinha de trigo,842,EUA,155544,8.457,4,0,1839251
2024,76,Brasil,110100,Farinha de trigo,591,Panamá,101295,5.507,5,0,1839251
2024,76,Brasil,271012,Combustíveis refinados,842,EUA,1039510069,85.002,1,0,1222918739
2024,76,Brasil,271012,Combustíveis refinados,528,Países Baixos,94907381,7.761,2,0,1222918739
2024,76,Brasil,271012,Combustíveis refinados,156,China,30084143,2.46,3,0,1222918739
2024,76,Brasil,271012,Combustíveis refinados,724,Espanha,15271967,1.249,4,0,1222918739
2024,76,Brasil,271012,Combustíveis refinados,152,Chile,13469771,1.101,5,0,1222918739
2024,76,Brasil,271012,Combustíveis refinados,24,Angola,3660,0.0,31,1,1222918739
2024,76,Brasil,271019,Combustíveis refinados,702,Singapura,3744257366,35.771,1,0,10467369888
2024,76,Brasil,271019,Combustíveis refinados,842,EUA,1060090039,10.128,2,0,10467369888
2024,76,Brasil,271019,Combustíveis refinados,156,China,579011210,5.532,3,0,10467369888
2024,76,Brasil,271019,Combustíveis refinados,899,"Areas, nes",574611742,5.49,4,0,10467369888
2024,76,Brasil,271019,Combustíveis refinados,591,Panamá,574215908,5.486,5,0,10467369888
2024,76,Brasil,271019,Combustíveis refinados,24,Angola,23906495,0.228,38,1,10467369888
2024,76,Brasil,843143,Partes de máquinas de terraplanagem,842,EUA,1242721,20.304,1,0,6120539
2024,76,Brasil,843143,Partes de máquinas de terraplanagem,170,Colômbia,1106711,18.082,2,0,6120539
2024,76,Brasil,843143,Partes de máquinas de terraplanagem,484,México,481611,7.869,3,0,6120539
2024,76,Brasil,843143,Partes de máquinas de terraplanagem,528,Países Baixos,470881,7.693,4,0,6120539
2024,76,Brasil,843143,Partes de máquinas de terraplanagem,328,Guyana,453664,7.412,5,0,6120539
2024,76,Brasil,843143,Partes de máquinas de terraplanagem,24,Angola,34109,0.557,23,1,6120539
2024,76,Brasil,890520,Plataformas e dragas,702,Singapura,529117663,99.991,1,0,529164100
2024,76,Brasil,890520,Plataformas e dragas,120,Camarões,46300,0.009,2,0,529164100
2024,76,Brasil,890520,Plataformas e dragas,380,Itália,137,0.0,3,0,529164100
2024,76,Brasil,999999,Mercadorias não especificadas,842,EUA,3115598,43.734,1,0,7123897
2024,76,Brasil,999999,Mercadorias não especificadas,348,Hungria,1943223,27.278,2,0,7123897
2024,76,Brasil,999999,Mercadorias não especificadas,642,Roménia,471900,6.624,3,0,7123897
2024,76,Brasil,999999,Mercadorias não especificadas,376,Israel,398086,5.588,4,0,7123897
2024,76,Brasil,999999,Mercadorias não especificadas,699,Índia,264326,3.71,5,0,7123897
2024,156,China,020714,Carne de aves,344,Hong Kong (RAEHK),139741050,24.761,1,0,564365588
2024,156,China,020714,Carne de aves,643,Rússia,123035045,21.801,2,0,564365588
2024,156,China,020714,Carne de aves,496,Mongolia,52601581,9.32,3,0,564365588
2024,156,China,020714,Carne de aves,458,Malásia,46299706,8.204,4,0,564365588
2024,156,China,020714,Carne de aves,417,Kyrgyzstan,40031221,7.093,5,0,564365588
2024,156,China,020714,Carne de aves,24,Angola,4631052,0.821,13,1,564365588
2024,156,China,110100,Farinha de trigo,344,Hong Kong (RAEHK),41026174,69.807,1,0,58771246
2024,156,China,110100,Farinha de trigo,408,Coreia do Norte,10391014,17.68,2,0,58771246
2024,156,China,110100,Farinha de trigo,446,Macau (RAEM),3408783,5.8,3,0,58771246
2024,156,China,110100,Farinha de trigo,104,Myanmar,933590,1.589,4,0,58771246
2024,156,China,110100,Farinha de trigo,340,Honduras,849070,1.445,5,0,58771246
2024,156,China,271012,Combustíveis refinados,702,Singapura,5341576745,69.142,1,0,7725461641
2024,156,China,271012,Combustíveis refinados,458,Malásia,481509672,6.233,2,0,7725461641
2024,156,China,271012,Combustíveis refinados,608,Filipinas,275508517,3.566,3,0,7725461641
2024,156,China,271012,Combustíveis refinados,410,Coreia do Sul,205827329,2.664,4,0,7725461641
2024,156,China,271012,Combustíveis refinados,50,Bangladesh,198613661,2.571,5,0,7725461641
2024,156,China,271019,Combustíveis refinados,344,Hong Kong (RAEHK),7537889948,22.136,1,0,34053217016
2024,156,China,271019,Combustíveis refinados,608,Filipinas,2562290558,7.524,2,0,34053217016
2024,156,China,271019,Combustíveis refinados,702,Singapura,2368093062,6.954,3,0,34053217016
2024,156,China,271019,Combustíveis refinados,430,Liberia,2176201462,6.391,4,0,34053217016
2024,156,China,271019,Combustíveis refinados,36,Austrália,1974948571,5.8,5,0,34053217016
2024,156,China,271019,Combustíveis refinados,24,Angola,3042650,0.009,89,1,34053217016
2024,156,China,843143,Partes de máquinas de terraplanagem,842,EUA,302045400,13.127,1,0,2300980935
2024,156,China,843143,Partes de máquinas de terraplanagem,643,Rússia,271699401,11.808,2,0,2300980935
2024,156,China,843143,Partes de máquinas de terraplanagem,702,Singapura,125909783,5.472,3,0,2300980935
2024,156,China,843143,Partes de máquinas de terraplanagem,784,Emirados Árabes Unidos,113285733,4.923,4,0,2300980935
2024,156,China,843143,Partes de máquinas de terraplanagem,682,Arábia Saudita,112486854,4.889,5,0,2300980935
2024,156,China,843143,Partes de máquinas de terraplanagem,24,Angola,5210098,0.226,59,1,2300980935
2024,156,China,890520,Plataformas e dragas,76,Brasil,1501242704,28.948,1,0,5185999175
2024,156,China,890520,Plataformas e dragas,360,Indonésia,1295125656,24.974,2,0,5185999175
2024,156,China,890520,Plataformas e dragas,44,Bahamas,809076790,15.601,3,0,5185999175
2024,156,China,890520,Plataformas e dragas,784,Emirados Árabes Unidos,487748414,9.405,4,0,5185999175
2024,156,China,890520,Plataformas e dragas,702,Singapura,406416207,7.837,5,0,5185999175
2024,156,China,890520,Plataformas e dragas,24,Angola,422028,0.008,17,1,5185999175
2024,156,China,999999,Mercadorias não especificadas,842,EUA,23181554323,23.922,1,0,96903987163
2024,156,China,999999,Mercadorias não especificadas,458,Malásia,8948060406,9.234,2,0,96903987163
2024,156,China,999999,Mercadorias não especificadas,826,Reino Unido,3951582161,4.078,3,0,96903987163
2024,156,China,999999,Mercadorias não especificadas,56,Bélgica,3749149383,3.869,4,0,96903987163
2024,156,China,999999,Mercadorias não especificadas,410,Coreia do Sul,3490401599,3.602,5,0,96903987163
2024,156,China,999999,Mercadorias não especificadas,24,Angola,4363332,0.005,106,1,96903987163
2024,620,Portugal,020714,Carne de aves,724,Espanha,15491623,64.579,1,0,23988793
2024,620,Portugal,020714,Carne de aves,24,Angola,3110321,12.966,2,1,23988793
2024,620,Portugal,020714,Carne de aves,251,França,1679512,7.001,3,0,23988793
2024,620,Portugal,020714,Carne de aves,266,Gabão,525500,2.191,4,0,23988793
2024,620,Portugal,020714,Carne de aves,380,Itália,449950,1.876,5,0,23988793
2024,620,Portugal,020714,Carne de aves,528,Países Baixos,360685,1.504,6,0,23988793
2024,620,Portugal,110100,Farinha de trigo,724,Espanha,18176636,53.124,1,0,34215403
2024,620,Portugal,110100,Farinha de trigo,678,São Tomé e Príncipe,2071419,6.054,2,0,34215403
2024,620,Portugal,110100,Farinha de trigo,203,Chéquia,1772213,5.18,3,0,34215403
2024,620,Portugal,110100,Farinha de trigo,642,Roménia,1361488,3.979,4,0,34215403
2024,620,Portugal,110100,Farinha de trigo,192,Cuba,1340752,3.919,5,0,34215403
2024,620,Portugal,110100,Farinha de trigo,24,Angola,219540,0.642,16,1,34215403
2024,620,Portugal,271012,Combustíveis refinados,842,EUA,1079605915,59.805,1,0,1805204877
2024,620,Portugal,271012,Combustíveis refinados,528,Países Baixos,368242318,20.399,2,0,1805204877
2024,620,Portugal,271012,Combustíveis refinados,56,Bélgica,216685946,12.003,3,0,1805204877
2024,620,Portugal,271012,Combustíveis refinados,724,Espanha,40214841,2.228,4,0,1805204877
2024,620,Portugal,271012,Combustíveis refinados,251,França,26755573,1.482,5,0,1805204877
2024,620,Portugal,271012,Combustíveis refinados,24,Angola,45852,0.003,11,1,1805204877
2024,620,Portugal,271019,Combustíveis refinados,837,Bunkers,1541895135,52.326,1,0,2946714762
2024,620,Portugal,271019,Combustíveis refinados,292,Gibraltar,468607694,15.903,2,0,2946714762
2024,620,Portugal,271019,Combustíveis refinados,504,Marrocos,242733727,8.237,3,0,2946714762
2024,620,Portugal,271019,Combustíveis refinados,724,Espanha,183159523,6.216,4,0,2946714762
2024,620,Portugal,271019,Combustíveis refinados,246,Finlândia,118783288,4.031,5,0,2946714762
2024,620,Portugal,271019,Combustíveis refinados,24,Angola,25691508,0.872,11,1,2946714762
2024,620,Portugal,843143,Partes de máquinas de terraplanagem,724,Espanha,6590276,63.655,1,0,10353077
2024,620,Portugal,843143,Partes de máquinas de terraplanagem,24,Angola,1057095,10.21,2,1,10353077
2024,620,Portugal,843143,Partes de máquinas de terraplanagem,76,Brasil,674251,6.513,3,0,10353077
2024,620,Portugal,843143,Partes de máquinas de terraplanagem,70,Bosnia Herzegovina,583454,5.636,4,0,10353077
2024,620,Portugal,843143,Partes de máquinas de terraplanagem,686,Senegal,273073,2.638,5,0,10353077
2024,620,Portugal,843143,Partes de máquinas de terraplanagem,710,África do Sul,262094,2.532,6,0,10353077
2024,620,Portugal,890520,Plataformas e dragas,132,Cabo Verde,154934,100.0,1,0,154934
2024,620,Portugal,999999,Mercadorias não especificadas,837,Bunkers,131102474,99.298,1,0,132029440
2024,620,Portugal,999999,Mercadorias não especificadas,504,Marrocos,421231,0.319,2,0,132029440
2024,620,Portugal,999999,Mercadorias não especificadas,899,"Areas, nes",246070,0.186,3,0,132029440
2024,620,Portugal,999999,Mercadorias não especificadas,132,Cabo Verde,74706,0.057,4,0,132029440
2024,620,Portugal,999999,Mercadorias não especificadas,60,Bermuda,42850,0.032,5,0,132029440
2024,620,Portugal,999999,Mercadorias não especificadas,24,Angola,39415,0.03,6,1,132029440
2024,710,África do Sul,020714,Carne de aves,508,Moçambique,13731711,30.7,1,0,44729137
2024,710,África do Sul,020714,Carne de aves,426,Lesotho,12567702,28.097,2,0,44729137
2024,710,África do Sul,020714,Carne de aves,516,Namíbia,7468384,16.697,3,0,44729137
2024,710,África do Sul,020714,Carne de aves,784,Emirados Árabes Unidos,3417711,7.641,4,0,44729137
2024,710,África do Sul,020714,Carne de aves,72,Botsuana,3290526,7.357,5,0,44729137
2024,710,África do Sul,020714,Carne de aves,24,Angola,19383,0.043,18,1,44729137
2024,710,África do Sul,110100,Farinha de trigo,426,Lesotho,16693139,66.549,1,0,25084025
2024,710,África do Sul,110100,Farinha de trigo,716,Zimbabué,3257384,12.986,2,0,25084025
2024,710,África do Sul,110100,Farinha de trigo,72,Botsuana,2405248,9.589,3,0,25084025
2024,710,África do Sul,110100,Farinha de trigo,180,RD Congo,1299541,5.181,4,0,25084025
2024,710,África do Sul,110100,Farinha de trigo,748,Eswatini,753354,3.003,5,0,25084025
2024,710,África do Sul,110100,Farinha de trigo,24,Angola,11464,0.046,13,1,25084025
2024,710,África do Sul,271012,Combustíveis refinados,837,Bunkers,676561586,24.788,1,0,2729440891
2024,710,África do Sul,271012,Combustíveis refinados,72,Botsuana,654470067,23.978,2,0,2729440891
2024,710,África do Sul,271012,Combustíveis refinados,748,Eswatini,232032075,8.501,3,0,2729440891
2024,710,África do Sul,271012,Combustíveis refinados,426,Lesotho,206335045,7.56,4,0,2729440891
2024,710,África do Sul,271012,Combustíveis refinados,899,"Areas, nes",136450394,4.999,5,0,2729440891
2024,710,África do Sul,271012,Combustíveis refinados,24,Angola,7288942,0.267,25,1,2729440891
2024,710,África do Sul,271019,Combustíveis refinados,894,Zâmbia,51325430,22.687,1,0,226236631
2024,710,África do Sul,271019,Combustíveis refinados,716,Zimbabué,50236984,22.206,2,0,226236631
2024,710,África do Sul,271019,Combustíveis refinados,180,RD Congo,30128423,13.317,3,0,226236631
2024,710,África do Sul,271019,Combustíveis refinados,508,Moçambique,25932437,11.463,4,0,226236631
2024,710,África do Sul,271019,Combustíveis refinados,516,Namíbia,13917412,6.152,5,0,226236631
2024,710,África do Sul,271019,Combustíveis refinados,24,Angola,11470565,5.07,6,1,226236631
2024,710,África do Sul,843143,Partes de máquinas de terraplanagem,180,RD Congo,18409736,20.231,1,0,90999513
2024,710,África do Sul,843143,Partes de máquinas de terraplanagem,894,Zâmbia,14846079,16.314,2,0,90999513
2024,710,África do Sul,843143,Partes de máquinas de terraplanagem,716,Zimbabué,14087673,15.481,3,0,90999513
2024,710,África do Sul,843143,Partes de máquinas de terraplanagem,72,Botsuana,10435533,11.468,4,0,90999513
2024,710,África do Sul,843143,Partes de máquinas de terraplanagem,834,Tanzânia,7784545,8.554,5,0,90999513
2024,710,África do Sul,843143,Partes de máquinas de terraplanagem,24,Angola,803207,0.883,15,1,90999513
2024,710,África do Sul,890520,Plataformas e dragas,508,Moçambique,7250985,99.725,1,0,7270977
2024,710,África do Sul,890520,Plataformas e dragas,180,RD Congo,15031,0.207,2,0,7270977
2024,710,África do Sul,890520,Plataformas e dragas,516,Namíbia,4961,0.068,3,0,7270977
2024,710,África do Sul,999999,Mercadorias não especificadas,839,Special Categories,250661006,67.454,1,0,371605343
2024,710,África do Sul,999999,Mercadorias não especificadas,837,Bunkers,81172062,21.844,2,0,371605343
2024,710,África do Sul,999999,Mercadorias não especificadas,784,Emirados Árabes Unidos,10681779,2.874,3,0,371605343
2024,710,África do Sul,999999,Mercadorias não especificadas,826,Reino Unido,7160176,1.927,4,0,371605343
2024,710,África do Sul,999999,Mercadorias não especificadas,842,EUA,4119358,1.109,5,0,371605343
2024,710,África do Sul,999999,Mercadorias não especificadas,24,Angola,102501,0.028,26,1,371605343
2024,842,EUA,020714,Carne de aves,156,China,339991402,10.407,1,0,3266937708
2024,842,EUA,020714,Carne de aves,192,Cuba,294489533,9.014,2,0,3266937708
2024,842,EUA,020714,Carne de aves,490,Taiwan (Prov. China),254478200,7.79,3,0,3266937708
2024,842,EUA,020714,Carne de aves,484,México,204485325,6.259,4,0,3266937708
2024,842,EUA,020714,Carne de aves,608,Filipinas,186650800,5.713,5,0,3266937708
2024,842,EUA,020714,Carne de aves,24,Angola,133683220,4.092,8,1,3266937708
2024,842,EUA,110100,Farinha de trigo,484,México,73405071,48.579,1,0,151103319
2024,842,EUA,110100,Farinha de trigo,124,Canadá,52973949,35.058,2,0,151103319
2024,842,EUA,110100,Farinha de trigo,152,Chile,2903459,1.922,3,0,151103319
2024,842,EUA,110100,Farinha de trigo,214,República Dominicana,2516286,1.665,4,0,151103319
2024,842,EUA,110100,Farinha de trigo,44,Bahamas,2447812,1.62,5,0,151103319
2024,842,EUA,271012,Combustíveis refinados,484,México,18042795851,38.465,1,0,46906830994
2024,842,EUA,271012,Combustíveis refinados,124,Canadá,7287591397,15.536,2,0,46906830994
2024,842,EUA,271012,Combustíveis refinados,170,Colômbia,2510028010,5.351,3,0,46906830994
2024,842,EUA,271012,Combustíveis refinados,862,Venezuela,2017536275,4.301,4,0,46906830994
2024,842,EUA,271012,Combustíveis refinados,320,Guatemala,1763932308,3.761,5,0,46906830994
2024,842,EUA,271012,Combustíveis refinados,24,Angola,96613,0.0,76,1,46906830994
2024,842,EUA,271019,Combustíveis refinados,484,México,15578936344,22.291,1,0,69888650393
2024,842,EUA,271019,Combustíveis refinados,528,Países Baixos,4912928179,7.03,2,0,69888650393
2024,842,EUA,271019,Combustíveis refinados,152,Chile,4826252907,6.906,3,0,69888650393
2024,842,EUA,271019,Combustíveis refinados,124,Canadá,4577402866,6.55,4,0,69888650393
2024,842,EUA,271019,Combustíveis refinados,826,Reino Unido,4011569693,5.74,5,0,69888650393
2024,842,EUA,271019,Combustíveis refinados,24,Angola,9215726,0.013,85,1,69888650393
2024,842,EUA,843143,Partes de máquinas de terraplanagem,484,México,333470960,15.03,1,0,2218761599
2024,842,EUA,843143,Partes de máquinas de terraplanagem,682,Arábia Saudita,287154431,12.942,2,0,2218761599
2024,842,EUA,843143,Partes de máquinas de terraplanagem,124,Canadá,247454188,11.153,3,0,2218761599
2024,842,EUA,843143,Partes de máquinas de terraplanagem,24,Angola,116331444,5.243,4,1,2218761599
2024,842,EUA,843143,Partes de máquinas de terraplanagem,76,Brasil,92768390,4.181,5,0,2218761599
2024,842,EUA,843143,Partes de máquinas de terraplanagem,784,Emirados Árabes Unidos,91275524,4.114,6,0,2218761599
2024,842,EUA,890520,Plataformas e dragas,170,Colômbia,1032130,100.0,1,0,1032130
2024,842,EUA,999999,Mercadorias não especificadas,124,Canadá,32543670597,16.068,1,0,202537507186
2024,842,EUA,999999,Mercadorias não especificadas,484,México,15851996761,7.827,2,0,202537507186
2024,842,EUA,999999,Mercadorias não especificadas,156,China,13820297356,6.824,3,0,202537507186
2024,842,EUA,999999,Mercadorias não especificadas,826,Reino Unido,13806558725,6.817,4,0,202537507186
2024,842,EUA,999999,Mercadorias não especificadas,251,França,12848892655,6.344,5,0,202537507186
2024,842,EUA,999999,Mercadorias não especificadas,24,Angola,23276165,0.011,129,1,202537507186
