year,hs6,description_pt,partner_code,partner,value,share_pct,basis
2003,160414,Peixe preparado ou conservado,842,EUA,36074,62.936,direct
2003,160414,Peixe preparado ou conservado,528,Países Baixos,21245,37.064,direct
2003,160419,Peixe preparado ou conservado,842,EUA,12585,51.424,direct
2003,160419,Peixe preparado ou conservado,324,Guinea,11888,48.576,direct
2003,610711,Roupa interior de malha (homem),620,Portugal,1844529,100.0,direct
2003,610910,T-shirts e camisetas de malha,620,Portugal,595135,100.0,direct
2003,620342,Calças e fatos (homem),620,Portugal,707878,94.688,direct
2003,620342,Calças e fatos (homem),372,Irlanda,39713,5.312,direct
2003,640610,Partes de calçado,620,Portugal,3849088,100.0,direct
2003,840999,Partes de motores,620,Portugal,61634,100.0,direct
2003,160414,Peixe preparado ou conservado,842,EUA,59796,72.549,mirror
2003,160414,Peixe preparado ou conservado,528,Países Baixos,22625,27.451,mirror
2003,160419,Peixe preparado ou conservado,842,EUA,4312,100.0,mirror
2003,610711,Roupa interior de malha (homem),620,Portugal,1950585,100.0,mirror
2003,610910,T-shirts e camisetas de malha,620,Portugal,616026,99.989,mirror
2003,610910,T-shirts e camisetas de malha,422,Líbano,68,0.011,mirror
2003,620342,Calças e fatos (homem),620,Portugal,942563,99.447,mirror
2003,620342,Calças e fatos (homem),858,Uruguai,5244,0.553,mirror
2003,640610,Partes de calçado,620,Portugal,3691902,100.0,mirror
2003,840999,Partes de motores,528,Países Baixos,5656,52.968,mirror
2003,840999,Partes de motores,620,Portugal,2893,27.093,mirror
2003,840999,Partes de motores,724,Espanha,2129,19.939,mirror
2003,860900,Contentores de transporte,757,Suíça,2601,100.0,mirror
2003,901580,Instrumentos de topografia,620,Portugal,11330,100.0,mirror
2004,030349,Peixe congelado,620,Portugal,6952,100.0,direct
2004,030379,Peixe congelado,620,Portugal,272176,99.051,direct
2004,030379,Peixe congelado,899,"Areas, nes",2607,0.949,direct
2004,160414,Peixe preparado ou conservado,842,EUA,47466,60.112,direct
2004,160414,Peixe preparado ou conservado,620,Portugal,30899,39.131,direct
2004,160414,Peixe preparado ou conservado,251,França,598,0.757,direct
2004,160415,Peixe preparado ou conservado,251,França,339,100.0,direct
2004,610711,Roupa interior de malha (homem),620,Portugal,2130217,100.0,direct
2004,610910,T-shirts e camisetas de malha,620,Portugal,692065,100.0,direct
2004,610990,T-shirts e camisetas de malha,620,Portugal,65206,100.0,direct
2004,620342,Calças e fatos (homem),620,Portugal,2280220,99.893,direct
2004,620342,Calças e fatos (homem),842,EUA,2449,0.107,direct
2004,640610,Partes de calçado,620,Portugal,4421462,100.0,direct
2004,160414,Peixe preparado ou conservado,842,EUA,47116,60.418,mirror
2004,160414,Peixe preparado ou conservado,620,Portugal,30867,39.582,mirror
2004,610711,Roupa interior de malha (homem),620,Portugal,2036615,100.0,mirror
2004,610910,T-shirts e camisetas de malha,620,Portugal,543638,99.602,mirror
2004,610910,T-shirts e camisetas de malha,826,Reino Unido,1543,0.283,mirror
2004,610910,T-shirts e camisetas de malha,212,Dominica,566,0.104,mirror
2004,610910,T-shirts e camisetas de malha,203,Chéquia,61,0.011,mirror
2004,610990,T-shirts e camisetas de malha,842,EUA,24931,97.73,mirror
2004,610990,T-shirts e camisetas de malha,724,Espanha,512,2.007,mirror
2004,610990,T-shirts e camisetas de malha,642,Roménia,67,0.263,mirror
2004,620342,Calças e fatos (homem),620,Portugal,2077021,100.0,mirror
2004,640610,Partes de calçado,620,Portugal,4674252,99.991,mirror
2004,640610,Partes de calçado,842,EUA,442,0.009,mirror
2004,840999,Partes de motores,620,Portugal,25753,83.005,mirror
2004,840999,Partes de motores,276,Alemanha,5000,16.116,mirror
2004,840999,Partes de motores,752,Suécia,273,0.88,mirror
2004,860900,Contentores de transporte,620,Portugal,1662,57.055,mirror
2004,860900,Contentores de transporte,646,Rwanda,1251,42.945,mirror
2005,030231,Peixe fresco ou refrigerado,724,Espanha,3698523,75.413,direct
2005,030231,Peixe fresco ou refrigerado,504,Marrocos,1205849,24.587,direct
2005,030342,Peixe congelado,842,EUA,18552,77.799,direct
2005,030342,Peixe congelado,528,Países Baixos,5295,22.205,direct
2005,030349,Peixe congelado,842,EUA,1979,72.147,direct
2005,030349,Peixe congelado,528,Países Baixos,764,27.853,direct
2005,030379,Peixe congelado,842,EUA,2481109,79.71,direct
2005,030379,Peixe congelado,620,Portugal,507694,16.311,direct
2005,030379,Peixe congelado,724,Espanha,111081,3.569,direct
2005,030379,Peixe congelado,528,Países Baixos,12768,0.41,direct
2005,160414,Peixe preparado ou conservado,620,Portugal,37493,95.619,direct
2005,160414,Peixe preparado ou conservado,724,Espanha,1718,4.381,direct
2005,160415,Peixe preparado ou conservado,724,Espanha,13249,76.931,direct
2005,160415,Peixe preparado ou conservado,620,Portugal,3972,23.064,direct
2005,160419,Peixe preparado ou conservado,724,Espanha,747,100.0,direct
2005,271000,Combustíveis refinados,384,Costa do Marfim,11908028,28.446,direct
2005,271000,Combustíveis refinados,686,Senegal,8634472,20.626,direct
2005,271000,Combustíveis refinados,528,Países Baixos,6162962,14.722,direct
2005,271000,Combustíveis refinados,682,Arábia Saudita,4636200,11.075,direct
2005,271000,Combustíveis refinados,434,Libya,2643399,6.315,direct
2005,271000,Combustíveis refinados,380,Itália,2366609,5.653,direct
2005,271000,Combustíveis refinados,826,Reino Unido,1810095,4.324,direct
2005,271000,Combustíveis refinados,470,Malta,1109646,2.651,direct
2005,610711,Roupa interior de malha (homem),620,Portugal,1003674,99.997,direct
2005,610711,Roupa interior de malha (homem),678,São Tomé e Príncipe,31,0.003,direct
2005,610910,T-shirts e camisetas de malha,620,Portugal,619918,99.129,direct
2005,610910,T-shirts e camisetas de malha,724,Espanha,5368,0.858,direct
2005,610910,T-shirts e camisetas de malha,156,China,75,0.012,direct
2005,610990,T-shirts e camisetas de malha,620,Portugal,315119,99.99,direct
2005,610990,T-shirts e camisetas de malha,380,Itália,31,0.01,direct
2005,620342,Calças e fatos (homem),620,Portugal,1637977,99.977,direct
2005,620342,Calças e fatos (homem),724,Espanha,379,0.023,direct
2005,640610,Partes de calçado,620,Portugal,2867700,100.0,direct
2005,840710,Motores de ignição por faísca,276,Alemanha,771454,100.0,direct
2005,840999,Partes de motores,724,Espanha,52376,29.625,direct
2005,840999,Partes de motores,702,Singapura,39721,22.467,direct
2005,840999,Partes de motores,276,Alemanha,29696,16.797,direct
2005,840999,Partes de motores,620,Portugal,22374,12.655,direct
2005,840999,Partes de motores,528,Países Baixos,14425,8.159,direct
2005,840999,Partes de motores,56,Bélgica,6735,3.809,direct
2005,840999,Partes de motores,251,França,6202,3.508,direct
2005,840999,Partes de motores,392,Japão,3693,2.089,direct
2005,860900,Contentores de transporte,620,Portugal,8028098,62.862,direct
2005,860900,Contentores de transporte,528,Países Baixos,2647806,20.733,direct
2005,860900,Contentores de transporte,724,Espanha,1001650,7.843,direct
2005,860900,Contentores de transporte,76,Brasil,519204,4.066,direct
2005,860900,Contentores de transporte,842,EUA,293027,2.294,direct
2005,860900,Contentores de transporte,56,Bélgica,85805,0.672,direct
2005,860900,Contentores de transporte,251,França,79673,0.624,direct
2005,860900,Contentores de transporte,380,Itália,65503,0.513,direct
2005,901580,Instrumentos de topografia,842,EUA,58430,100.0,direct
2005,030342,Peixe congelado,724,Espanha,8088670,99.985,mirror
2005,030342,Peixe congelado,528,Países Baixos,1243,0.015,mirror
2005,030343,Peixe congelado,504,Marrocos,1507643,51.616,mirror
2005,030343,Peixe congelado,724,Espanha,1413254,48.384,mirror
2005,030349,Peixe congelado,384,Costa do Marfim,6842,77.184,mirror
2005,030349,Peixe congelado,528,Países Baixos,1243,14.022,mirror
2005,030349,Peixe congelado,724,Espanha,779,8.793,mirror
2005,030379,Peixe congelado,724,Espanha,15104,100.0,mirror
2005,160414,Peixe preparado ou conservado,724,Espanha,57221,60.28,mirror
2005,160414,Peixe preparado ou conservado,620,Portugal,37705,39.72,mirror
2005,160415,Peixe preparado ou conservado,724,Espanha,10394,72.236,mirror
2005,160415,Peixe preparado ou conservado,620,Portugal,3995,27.764,mirror
2005,610711,Roupa interior de malha (homem),620,Portugal,1102670,100.0,mirror
2005,610910,T-shirts e camisetas de malha,620,Portugal,752084,99.981,mirror
2005,610910,T-shirts e camisetas de malha,124,Canadá,145,0.019,mirror
2005,620342,Calças e fatos (homem),620,Portugal,963174,73.461,mirror
2005,620342,Calças e fatos (homem),724,Espanha,347955,26.539,mirror
2005,640610,Partes de calçado,620,Portugal,3113593,100.0,mirror
2005,840999,Partes de motores,620,Portugal,17719,85.786,mirror
2005,840999,Partes de motores,528,Países Baixos,2486,12.036,mirror
2005,840999,Partes de motores,320,Guatemala,450,2.179,mirror
2005,901580,Instrumentos de topografia,620,Portugal,11213,100.0,mirror
2006,030231,Peixe fresco ou refrigerado,724,Espanha,5474482,63.909,direct
2006,030231,Peixe fresco ou refrigerado,504,Marrocos,1775242,20.724,direct
2006,030231,Peixe fresco ou refrigerado,222,El Salvador,1316349,15.367,direct
2006,030342,Peixe congelado,899,"Areas, nes",277529,98.323,direct
2006,030342,Peixe congelado,528,Países Baixos,4733,1.677,direct
2006,030349,Peixe congelado,724,Espanha,1285,51.318,direct
2006,030349,Peixe congelado,124,Canadá,1219,48.682,direct
2006,030379,Peixe congelado,899,"Areas, nes",1240514,68.353,direct
2006,030379,Peixe congelado,620,Portugal,547793,30.184,direct
2006,030379,Peixe congelado,724,Espanha,26555,1.463,direct
2006,160414,Peixe preparado ou conservado,620,Portugal,291472,73.466,direct
2006,160414,Peixe preparado ou conservado,504,Marrocos,52157,13.146,direct
2006,160414,Peixe preparado ou conservado,842,EUA,51273,12.923,direct
2006,160414,Peixe preparado ou conservado,724,Espanha,1843,0.465,direct
2006,160415,Peixe preparado ou conservado,842,EUA,17350,88.879,direct
2006,160415,Peixe preparado ou conservado,620,Portugal,2171,11.121,direct
2006,160419,Peixe preparado ou conservado,724,Espanha,1256,100.0,direct
2006,271000,Combustíveis refinados,384,Costa do Marfim,29103241,55.4,direct
2006,271000,Combustíveis refinados,528,Países Baixos,8855603,16.857,direct
2006,271000,Combustíveis refinados,380,Itália,4671573,8.893,direct
2006,271000,Combustíveis refinados,752,Suécia,2387113,4.544,direct
2006,271000,Combustíveis refinados,686,Senegal,2308737,4.395,direct
2006,271000,Combustíveis refinados,826,Reino Unido,2102972,4.003,direct
2006,271000,Combustíveis refinados,56,Bélgica,1283266,2.443,direct
2006,271000,Combustíveis refinados,266,Gabão,1150545,2.19,direct
2006,610711,Roupa interior de malha (homem),620,Portugal,1146623,100.0,direct
2006,610910,T-shirts e camisetas de malha,620,Portugal,320081,96.596,direct
2006,610910,T-shirts e camisetas de malha,724,Espanha,11071,3.341,direct
2006,610910,T-shirts e camisetas de malha,528,Países Baixos,207,0.062,direct
2006,610990,T-shirts e camisetas de malha,620,Portugal,305037,100.0,direct
2006,620342,Calças e fatos (homem),620,Portugal,2350141,100.0,direct
2006,640610,Partes de calçado,620,Portugal,2719116,100.0,direct
2006,840710,Motores de ignição por faísca,826,Reino Unido,1518006,61.174,direct
2006,840710,Motores de ignição por faísca,251,França,931105,37.523,direct
2006,840710,Motores de ignição por faísca,56,Bélgica,31456,1.268,direct
2006,840710,Motores de ignição por faísca,842,EUA,871,0.035,direct
2006,840999,Partes de motores,620,Portugal,196074,38.392,direct
2006,840999,Partes de motores,899,"Areas, nes",128911,25.241,direct
2006,840999,Partes de motores,56,Bélgica,45119,8.835,direct
2006,840999,Partes de motores,724,Espanha,34234,6.703,direct
2006,840999,Partes de motores,276,Alemanha,30397,5.952,direct
2006,840999,Partes de motores,208,Dinamarca,20206,3.956,direct
2006,840999,Partes de motores,380,Itália,17344,3.396,direct
2006,840999,Partes de motores,528,Países Baixos,13276,2.6,direct
2006,860900,Contentores de transporte,620,Portugal,7186383,55.387,direct
2006,860900,Contentores de transporte,528,Países Baixos,2777879,21.41,direct
2006,860900,Contentores de transporte,724,Espanha,905534,6.979,direct
2006,860900,Contentores de transporte,76,Brasil,881002,6.79,direct
2006,860900,Contentores de transporte,686,Senegal,537471,4.142,direct
2006,860900,Contentores de transporte,842,EUA,334955,2.582,direct
2006,860900,Contentores de transporte,56,Bélgica,136823,1.055,direct
2006,860900,Contentores de transporte,124,Canadá,75998,0.586,direct
2006,901580,Instrumentos de topografia,826,Reino Unido,156544,87.744,direct
2006,901580,Instrumentos de topografia,620,Portugal,20968,11.753,direct
2006,901580,Instrumentos de topografia,251,França,621,0.348,direct
2006,901580,Instrumentos de topografia,276,Alemanha,277,0.155,direct
2006,030342,Peixe congelado,724,Espanha,11173349,99.944,mirror
2006,030342,Peixe congelado,528,Países Baixos,6281,0.056,mirror
2006,030343,Peixe congelado,504,Marrocos,3758980,60.71,mirror
2006,030343,Peixe congelado,724,Espanha,2432721,39.29,mirror
2006,030349,Peixe congelado,724,Espanha,34,100.0,mirror
2006,030379,Peixe congelado,804,Ucrânia,20727,59.998,mirror
2006,030379,Peixe congelado,528,Países Baixos,13819,40.002,mirror
2006,160414,Peixe preparado ou conservado,504,Marrocos,107438,39.331,mirror
2006,160414,Peixe preparado ou conservado,842,EUA,88580,32.427,mirror
2006,160414,Peixe preparado ou conservado,620,Portugal,77148,28.242,mirror
2006,160415,Peixe preparado ou conservado,842,EUA,21840,90.833,mirror
2006,160415,Peixe preparado ou conservado,620,Portugal,2204,9.167,mirror
2006,160419,Peixe preparado ou conservado,620,Portugal,371,100.0,mirror
2006,271011,Combustíveis refinados,686,Senegal,23737,100.0,mirror
2006,271019,Combustíveis refinados,620,Portugal,940,100.0,mirror
2006,610711,Roupa interior de malha (homem),620,Portugal,1569158,98.754,mirror
2006,610711,Roupa interior de malha (homem),380,Itália,19796,1.246,mirror
2006,610910,T-shirts e camisetas de malha,620,Portugal,440152,94.301,mirror
2006,610910,T-shirts e camisetas de malha,380,Itália,21973,4.708,mirror
2006,610910,T-shirts e camisetas de malha,710,África do Sul,3566,0.764,mirror
2006,610910,T-shirts e camisetas de malha,757,Suíça,1061,0.227,mirror
2006,610990,T-shirts e camisetas de malha,620,Portugal,244583,82.121,mirror
2006,610990,T-shirts e camisetas de malha,826,Reino Unido,51171,17.181,mirror
2006,610990,T-shirts e camisetas de malha,757,Suíça,2077,0.697,mirror
2006,620342,Calças e fatos (homem),724,Espanha,2149391,86.575,mirror
2006,620342,Calças e fatos (homem),620,Portugal,322964,13.009,mirror
2006,620342,Calças e fatos (homem),757,Suíça,10234,0.412,mirror
2006,620342,Calças e fatos (homem),530,Netherlands Antilles (...2010),114,0.005,mirror
2006,640610,Partes de calçado,620,Portugal,3063225,100.0,mirror
2006,840999,Partes de motores,620,Portugal,15443,61.044,mirror
2006,840999,Partes de motores,842,EUA,4562,18.033,mirror
2006,840999,Partes de motores,757,Suíça,3888,15.369,mirror
2006,840999,Partes de motores,276,Alemanha,1000,3.953,mirror
2006,840999,Partes de motores,702,Singapura,405,1.601,mirror
2006,860900,Contentores de transporte,24,Angola,4135,81.45,mirror
2006,860900,Contentores de transporte,724,Espanha,942,18.55,mirror
2007,030342,Peixe congelado,724,Espanha,3878995,60.618,direct
2007,030342,Peixe congelado,504,Marrocos,1379422,21.557,direct
2007,030342,Peixe congelado,222,El Salvador,737741,11.529,direct
2007,030342,Peixe congelado,899,"Areas, nes",402937,6.297,direct
2007,030379,Peixe congelado,899,"Areas, nes",2314150,86.172,direct
2007,030379,Peixe congelado,620,Portugal,323099,12.031,direct
2007,030379,Peixe congelado,724,Espanha,48247,1.797,direct
2007,160414,Peixe preparado ou conservado,620,Portugal,86452,96.577,direct
2007,160414,Peixe preparado ou conservado,724,Espanha,3065,3.424,direct
2007,160415,Peixe preparado ou conservado,724,Espanha,21378,100.0,direct
2007,160419,Peixe preparado ou conservado,724,Espanha,38817,100.0,direct
2007,271011,Combustíveis refinados,384,Costa do Marfim,30687886,69.407,direct
2007,271011,Combustíveis refinados,528,Países Baixos,10194602,23.057,direct
2007,271011,Combustíveis refinados,380,Itália,1987326,4.495,direct
2007,271011,Combustíveis refinados,752,Suécia,824920,1.866,direct
2007,271011,Combustíveis refinados,724,Espanha,454482,1.028,direct
2007,271011,Combustíveis refinados,682,Arábia Saudita,60842,0.138,direct
2007,271011,Combustíveis refinados,251,França,3529,0.008,direct
2007,271011,Combustíveis refinados,826,Reino Unido,506,0.001,direct
2007,271019,Combustíveis refinados,384,Costa do Marfim,4498766,37.92,direct
2007,271019,Combustíveis refinados,528,Países Baixos,4414398,37.209,direct
2007,271019,Combustíveis refinados,276,Alemanha,1871439,15.774,direct
2007,271019,Combustíveis refinados,724,Espanha,1070857,9.026,direct
2007,271019,Combustíveis refinados,620,Portugal,8223,0.069,direct
2007,271019,Combustíveis refinados,208,Dinamarca,95,0.001,direct
2007,610711,Roupa interior de malha (homem),620,Portugal,1169818,100.0,direct
2007,610910,T-shirts e camisetas de malha,620,Portugal,754842,99.144,direct
2007,610910,T-shirts e camisetas de malha,724,Espanha,6515,0.856,direct
2007,610990,T-shirts e camisetas de malha,620,Portugal,208200,100.0,direct
2007,620342,Calças e fatos (homem),620,Portugal,4097047,99.966,direct
2007,620342,Calças e fatos (homem),724,Espanha,1263,0.031,direct
2007,620342,Calças e fatos (homem),686,Senegal,92,0.002,direct
2007,620342,Calças e fatos (homem),528,Países Baixos,24,0.001,direct
2007,620342,Calças e fatos (homem),251,França,11,0.0,direct
2007,640610,Partes de calçado,620,Portugal,3068577,99.514,direct
2007,640610,Partes de calçado,380,Itália,14980,0.486,direct
2007,840710,Motores de ignição por faísca,826,Reino Unido,1556739,41.397,direct
2007,840710,Motores de ignição por faísca,251,França,1009669,26.85,direct
2007,840710,Motores de ignição por faísca,124,Canadá,686839,18.265,direct
2007,840710,Motores de ignição por faísca,203,Chéquia,507229,13.488,direct
2007,840999,Partes de motores,276,Alemanha,113891,44.799,direct
2007,840999,Partes de motores,380,Itália,41150,16.186,direct
2007,840999,Partes de motores,528,Países Baixos,32245,12.684,direct
2007,840999,Partes de motores,620,Portugal,26846,10.56,direct
2007,840999,Partes de motores,724,Espanha,24709,9.719,direct
2007,840999,Partes de motores,300,Grécia,5319,2.092,direct
2007,840999,Partes de motores,208,Dinamarca,3616,1.422,direct
2007,840999,Partes de motores,251,França,2399,0.944,direct
2007,860900,Contentores de transporte,620,Portugal,10350463,57.047,direct
2007,860900,Contentores de transporte,528,Países Baixos,2380877,13.122,direct
2007,860900,Contentores de transporte,724,Espanha,1655069,9.122,direct
2007,860900,Contentores de transporte,899,"Areas, nes",1546880,8.526,direct
2007,860900,Contentores de transporte,76,Brasil,1079764,5.951,direct
2007,860900,Contentores de transporte,686,Senegal,636699,3.509,direct
2007,860900,Contentores de transporte,251,França,177226,0.977,direct
2007,860900,Contentores de transporte,56,Bélgica,99259,0.547,direct
2007,901580,Instrumentos de topografia,620,Portugal,280939,69.257,direct
2007,901580,Instrumentos de topografia,826,Reino Unido,114802,28.301,direct
2007,901580,Instrumentos de topografia,528,Países Baixos,8108,1.999,direct
2007,901580,Instrumentos de topografia,251,França,1346,0.332,direct
2007,901580,Instrumentos de topografia,276,Alemanha,453,0.112,direct
2007,030231,Peixe fresco ou refrigerado,222,El Salvador,468144,100.0,mirror
2007,030342,Peixe congelado,724,Espanha,5746121,100.0,mirror
2007,030343,Peixe congelado,724,Espanha,3362570,58.74,mirror
2007,030343,Peixe congelado,504,Marrocos,2361973,41.26,mirror
2007,030349,Peixe congelado,504,Marrocos,782268,96.719,mirror
2007,030349,Peixe congelado,724,Espanha,21937,2.712,mirror
2007,030349,Peixe congelado,384,Costa do Marfim,4597,0.568,mirror
2007,160414,Peixe preparado ou conservado,620,Portugal,162120,73.71,mirror
2007,160414,Peixe preparado ou conservado,504,Marrocos,57823,26.29,mirror
2007,160415,Peixe preparado ou conservado,620,Portugal,12496,100.0,mirror
2007,610711,Roupa interior de malha (homem),620,Portugal,1431413,100.0,mirror
2007,610910,T-shirts e camisetas de malha,620,Portugal,927919,92.248,mirror
2007,610910,T-shirts e camisetas de malha,410,Coreia do Sul,77972,7.752,mirror
2007,610990,T-shirts e camisetas de malha,620,Portugal,214393,100.0,mirror
2007,620342,Calças e fatos (homem),724,Espanha,3997490,88.049,mirror
2007,620342,Calças e fatos (homem),620,Portugal,476668,10.499,mirror
2007,620342,Calças e fatos (homem),52,Barbados,33930,0.747,mirror
2007,620342,Calças e fatos (homem),792,Turquia,12911,0.284,mirror
2007,620342,Calças e fatos (homem),410,Coreia do Sul,11629,0.256,mirror
2007,620342,Calças e fatos (homem),504,Marrocos,4270,0.094,mirror
2007,620342,Calças e fatos (homem),530,Netherlands Antilles (...2010),2006,0.044,mirror
2007,620342,Calças e fatos (homem),688,Sérvia,892,0.02,mirror
2007,640610,Partes de calçado,620,Portugal,3348078,100.0,mirror
2007,840999,Partes de motores,620,Portugal,4820,100.0,mirror
2007,860900,Contentores de transporte,620,Portugal,2326,100.0,mirror
2007,901580,Instrumentos de topografia,620,Portugal,3020,76.63,mirror
2007,901580,Instrumentos de topografia,208,Dinamarca,921,23.37,mirror
2008,030342,Peixe congelado,724,Espanha,13125704,71.865,mirror
2008,030342,Peixe congelado,384,Costa do Marfim,4770070,26.117,mirror
2008,030342,Peixe congelado,620,Portugal,368504,2.018,mirror
2008,030343,Peixe congelado,724,Espanha,4134373,51.463,mirror
2008,030343,Peixe congelado,384,Costa do Marfim,3006263,37.42,mirror
2008,030343,Peixe congelado,504,Marrocos,463564,5.77,mirror
2008,030343,Peixe congelado,620,Portugal,429538,5.347,mirror
2008,030349,Peixe congelado,384,Costa do Marfim,53799,100.0,mirror
2008,030379,Peixe congelado,528,Países Baixos,14735,100.0,mirror
2008,160414,Peixe preparado ou conservado,724,Espanha,452,100.0,mirror
2008,160415,Peixe preparado ou conservado,724,Espanha,31403,99.292,mirror
2008,160415,Peixe preparado ou conservado,620,Portugal,224,0.708,mirror
2008,160419,Peixe preparado ou conservado,724,Espanha,309982,100.0,mirror
2008,271011,Combustíveis refinados,800,Uganda,79302,100.0,mirror
2008,271019,Combustíveis refinados,620,Portugal,1545,100.0,mirror
2008,610711,Roupa interior de malha (homem),620,Portugal,1392077,99.972,mirror
2008,610711,Roupa interior de malha (homem),757,Suíça,383,0.028,mirror
2008,610910,T-shirts e camisetas de malha,620,Portugal,1040742,99.984,mirror
2008,610910,T-shirts e camisetas de malha,414,Kuwait,171,0.016,mirror
2008,610990,T-shirts e camisetas de malha,620,Portugal,180027,99.829,mirror
2008,610990,T-shirts e camisetas de malha,72,Botsuana,309,0.171,mirror
2008,620342,Calças e fatos (homem),724,Espanha,3559940,98.66,mirror
2008,620342,Calças e fatos (homem),208,Dinamarca,11841,0.328,mirror
2008,620342,Calças e fatos (homem),251,França,11788,0.327,mirror
2008,620342,Calças e fatos (homem),276,Alemanha,8160,0.226,mirror
2008,620342,Calças e fatos (homem),792,Turquia,7811,0.216,mirror
2008,620342,Calças e fatos (homem),360,Indonésia,4685,0.13,mirror
2008,620342,Calças e fatos (homem),616,Polónia,1474,0.041,mirror
2008,620342,Calças e fatos (homem),688,Sérvia,1040,0.029,mirror
2008,640610,Partes de calçado,620,Portugal,4370501,100.0,mirror
2008,840999,Partes de motores,724,Espanha,4649,34.719,mirror
2008,840999,Partes de motores,620,Portugal,3380,25.242,mirror
2008,840999,Partes de motores,276,Alemanha,3358,25.074,mirror
2008,840999,Partes de motores,826,Reino Unido,1787,13.345,mirror
2008,840999,Partes de motores,470,Malta,217,1.621,mirror
2008,901580,Instrumentos de topografia,276,Alemanha,197724,100.0,mirror
2009,030342,Peixe congelado,724,Espanha,9751312,90.051,direct
2009,030342,Peixe congelado,251,França,801616,7.403,direct
2009,030342,Peixe congelado,620,Portugal,270620,2.499,direct
2009,030342,Peixe congelado,899,"Areas, nes",5134,0.047,direct
2009,030349,Peixe congelado,620,Portugal,10464,100.0,direct
2009,030379,Peixe congelado,620,Portugal,3100596,90.188,direct
2009,030379,Peixe congelado,899,"Areas, nes",309227,8.995,direct
2009,030379,Peixe congelado,724,Espanha,28112,0.818,direct
2009,160414,Peixe preparado ou conservado,620,Portugal,90075,97.486,direct
2009,160414,Peixe preparado ou conservado,899,"Areas, nes",2262,2.448,direct
2009,160414,Peixe preparado ou conservado,410,Coreia do Sul,40,0.043,direct
2009,160414,Peixe preparado ou conservado,724,Espanha,21,0.023,direct
2009,160415,Peixe preparado ou conservado,724,Espanha,4705980,95.002,direct
2009,160415,Peixe preparado ou conservado,620,Portugal,247447,4.995,direct
2009,160415,Peixe preparado ou conservado,899,"Areas, nes",117,0.002,direct
2009,160415,Peixe preparado ou conservado,410,Coreia do Sul,34,0.001,direct
2009,160419,Peixe preparado ou conservado,724,Espanha,5554206,92.908,direct
2009,160419,Peixe preparado ou conservado,620,Portugal,423093,7.077,direct
2009,160419,Peixe preparado ou conservado,899,"Areas, nes",896,0.015,direct
2009,271011,Combustíveis refinados,899,"Areas, nes",18633055,92.764,direct
2009,271011,Combustíveis refinados,528,Países Baixos,1453380,7.236,direct
2009,271019,Combustíveis refinados,899,"Areas, nes",28723422,53.744,direct
2009,271019,Combustíveis refinados,528,Países Baixos,18190525,34.036,direct
2009,271019,Combustíveis refinados,384,Costa do Marfim,3183716,5.957,direct
2009,271019,Combustíveis refinados,276,Alemanha,2882126,5.393,direct
2009,271019,Combustíveis refinados,826,Reino Unido,145045,0.271,direct
2009,271019,Combustíveis refinados,724,Espanha,141403,0.265,direct
2009,271019,Combustíveis refinados,752,Suécia,69793,0.131,direct
2009,271019,Combustíveis refinados,376,Israel,41203,0.077,direct
2009,610711,Roupa interior de malha (homem),620,Portugal,662399,99.989,direct
2009,610711,Roupa interior de malha (homem),76,Brasil,73,0.011,direct
2009,610910,T-shirts e camisetas de malha,620,Portugal,692965,96.078,direct
2009,610910,T-shirts e camisetas de malha,899,"Areas, nes",28096,3.895,direct
2009,610910,T-shirts e camisetas de malha,40,Áustria,154,0.021,direct
2009,610910,T-shirts e camisetas de malha,76,Brasil,39,0.005,direct
2009,610990,T-shirts e camisetas de malha,620,Portugal,585071,100.0,direct
2009,620342,Calças e fatos (homem),620,Portugal,3675144,99.957,direct
2009,620342,Calças e fatos (homem),899,"Areas, nes",1589,0.043,direct
2009,620342,Calças e fatos (homem),76,Brasil,7,0.0,direct
2009,640610,Partes de calçado,620,Portugal,3665370,100.0,direct
2009,840710,Motores de ignição por faísca,251,França,7187536,84.715,direct
2009,840710,Motores de ignição por faísca,124,Canadá,1138386,13.417,direct
2009,840710,Motores de ignição por faísca,620,Portugal,104673,1.234,direct
2009,840710,Motores de ignição por faísca,208,Dinamarca,52654,0.621,direct
2009,840710,Motores de ignição por faísca,276,Alemanha,1119,0.013,direct
2009,840999,Partes de motores,899,"Areas, nes",292622,49.554,direct
2009,840999,Partes de motores,620,Portugal,158819,26.895,direct
2009,840999,Partes de motores,208,Dinamarca,30969,5.244,direct
2009,840999,Partes de motores,826,Reino Unido,28912,4.896,direct
2009,840999,Partes de motores,528,Países Baixos,16505,2.795,direct
2009,840999,Partes de motores,724,Espanha,15492,2.623,direct
2009,840999,Partes de motores,392,Japão,14463,2.449,direct
2009,840999,Partes de motores,410,Coreia do Sul,13789,2.335,direct
2009,860900,Contentores de transporte,724,Espanha,10747423,45.925,direct
2009,860900,Contentores de transporte,620,Portugal,9061295,38.72,direct
2009,860900,Contentores de transporte,528,Países Baixos,2152996,9.2,direct
2009,860900,Contentores de transporte,76,Brasil,561325,2.399,direct
2009,860900,Contentores de transporte,156,China,422247,1.804,direct
2009,860900,Contentores de transporte,251,França,249564,1.066,direct
2009,860900,Contentores de transporte,842,EUA,84517,0.361,direct
2009,860900,Contentores de transporte,208,Dinamarca,27457,0.117,direct
2009,890120,Navios,300,Grécia,8419991,80.998,direct
2009,890120,Navios,620,Portugal,1975277,19.002,direct
2009,901580,Instrumentos de topografia,276,Alemanha,4917339,95.043,direct
2009,901580,Instrumentos de topografia,899,"Areas, nes",121128,2.341,direct
2009,901580,Instrumentos de topografia,826,Reino Unido,57454,1.11,direct
2009,901580,Instrumentos de topografia,620,Portugal,46713,0.903,direct
2009,901580,Instrumentos de topografia,842,EUA,22298,0.431,direct
2009,901580,Instrumentos de topografia,724,Espanha,8872,0.171,direct
2009,030342,Peixe congelado,724,Espanha,5959370,81.12,mirror
2009,030342,Peixe congelado,222,El Salvador,1367257,18.611,mirror
2009,030342,Peixe congelado,384,Costa do Marfim,19711,0.268,mirror
2009,030343,Peixe congelado,724,Espanha,3621327,81.006,mirror
2009,030343,Peixe congelado,222,El Salvador,849142,18.994,mirror
2009,030349,Peixe congelado,384,Costa do Marfim,172750,100.0,mirror
2009,160414,Peixe preparado ou conservado,620,Portugal,118290,100.0,mirror
2009,160415,Peixe preparado ou conservado,724,Espanha,4297735,100.0,mirror
2009,160419,Peixe preparado ou conservado,724,Espanha,6055035,100.0,mirror
2009,271019,Combustíveis refinados,24,Angola,3694,91.458,mirror
2009,271019,Combustíveis refinados,620,Portugal,263,6.512,mirror
2009,271019,Combustíveis refinados,40,Áustria,82,2.03,mirror
2009,610711,Roupa interior de malha (homem),620,Portugal,734995,100.0,mirror
2009,610910,T-shirts e camisetas de malha,620,Portugal,780916,99.828,mirror
2009,610910,T-shirts e camisetas de malha,686,Senegal,1185,0.151,mirror
2009,610910,T-shirts e camisetas de malha,710,África do Sul,158,0.02,mirror
2009,610990,T-shirts e camisetas de malha,620,Portugal,644108,100.0,mirror
2009,620342,Calças e fatos (homem),724,Espanha,4616611,95.899,mirror
2009,620342,Calças e fatos (homem),620,Portugal,195807,4.067,mirror
2009,620342,Calças e fatos (homem),251,França,1388,0.029,mirror
2009,620342,Calças e fatos (homem),124,Canadá,241,0.005,mirror
2009,640610,Partes de calçado,620,Portugal,4041675,100.0,mirror
2009,840999,Partes de motores,620,Portugal,12247,74.395,mirror
2009,840999,Partes de motores,724,Espanha,4057,24.647,mirror
2009,840999,Partes de motores,736,Sudan (...2011),158,0.958,mirror
2009,860900,Contentores de transporte,620,Portugal,978,100.0,mirror
2009,901580,Instrumentos de topografia,276,Alemanha,22394,98.7,mirror
2009,901580,Instrumentos de topografia,24,Angola,295,1.3,mirror
2010,030342,Peixe congelado,724,Espanha,13749641,87.195,direct
2010,030342,Peixe congelado,620,Portugal,1141210,7.237,direct
2010,030342,Peixe congelado,76,Brasil,700828,4.444,direct
2010,030342,Peixe congelado,251,França,161859,1.026,direct
2010,030342,Peixe congelado,842,EUA,15033,0.095,direct
2010,030342,Peixe congelado,899,"Areas, nes",313,0.002,direct
2010,030343,Peixe congelado,842,EUA,8626,100.0,direct
2010,030349,Peixe congelado,620,Portugal,95823,93.238,direct
2010,030349,Peixe congelado,724,Espanha,6949,6.762,direct
2010,030379,Peixe congelado,620,Portugal,13683981,71.647,direct
2010,030379,Peixe congelado,528,Países Baixos,2750197,14.4,direct
2010,030379,Peixe congelado,156,China,1580708,8.276,direct
2010,030379,Peixe congelado,724,Espanha,767054,4.016,direct
2010,030379,Peixe congelado,842,EUA,249448,1.306,direct
2010,030379,Peixe congelado,899,"Areas, nes",67824,0.355,direct
2010,160414,Peixe preparado ou conservado,842,EUA,141646,93.123,direct
2010,160414,Peixe preparado ou conservado,528,Países Baixos,5381,3.538,direct
2010,160414,Peixe preparado ou conservado,899,"Areas, nes",3638,2.392,direct
2010,160414,Peixe preparado ou conservado,620,Portugal,1113,0.732,direct
2010,160414,Peixe preparado ou conservado,724,Espanha,231,0.152,direct
2010,160414,Peixe preparado ou conservado,410,Coreia do Sul,98,0.064,direct
2010,160415,Peixe preparado ou conservado,724,Espanha,11885003,99.884,direct
2010,160415,Peixe preparado ou conservado,899,"Areas, nes",13148,0.11,direct
2010,160415,Peixe preparado ou conservado,620,Portugal,713,0.006,direct
2010,160419,Peixe preparado ou conservado,724,Espanha,6054709,99.916,direct
2010,160419,Peixe preparado ou conservado,899,"Areas, nes",5036,0.083,direct
2010,160419,Peixe preparado ou conservado,620,Portugal,64,0.001,direct
2010,271011,Combustíveis refinados,528,Países Baixos,276118,99.054,direct
2010,271011,Combustíveis refinados,899,"Areas, nes",2587,0.928,direct
2010,271011,Combustíveis refinados,620,Portugal,51,0.018,direct
2010,271019,Combustíveis refinados,899,"Areas, nes",32651278,55.887,direct
2010,271019,Combustíveis refinados,528,Países Baixos,24461926,41.87,direct
2010,271019,Combustíveis refinados,752,Suécia,861113,1.474,direct
2010,271019,Combustíveis refinados,384,Costa do Marfim,251931,0.431,direct
2010,271019,Combustíveis refinados,276,Alemanha,77432,0.133,direct
2010,271019,Combustíveis refinados,724,Espanha,65605,0.112,direct
2010,271019,Combustíveis refinados,376,Israel,27164,0.046,direct
2010,271019,Combustíveis refinados,410,Coreia do Sul,13486,0.023,direct
2010,610711,Roupa interior de malha (homem),620,Portugal,688013,100.0,direct
2010,610910,T-shirts e camisetas de malha,620,Portugal,539722,85.05,direct
2010,610910,T-shirts e camisetas de malha,899,"Areas, nes",82995,13.079,direct
2010,610910,T-shirts e camisetas de malha,624,Guiné-Bissau,11324,1.784,direct
2010,610910,T-shirts e camisetas de malha,724,Espanha,550,0.087,direct
2010,610990,T-shirts e camisetas de malha,620,Portugal,602250,100.0,direct
2010,620342,Calças e fatos (homem),620,Portugal,2220923,99.74,direct
2010,620342,Calças e fatos (homem),899,"Areas, nes",5799,0.26,direct
2010,640610,Partes de calçado,620,Portugal,4163366,100.0,direct
2010,840999,Partes de motores,899,"Areas, nes",598302,58.736,direct
2010,840999,Partes de motores,620,Portugal,280479,27.535,direct
2010,840999,Partes de motores,724,Espanha,30064,2.951,direct
2010,840999,Partes de motores,28,Antigua and Barbuda,27930,2.742,direct
2010,840999,Partes de motores,392,Japão,18266,1.793,direct
2010,840999,Partes de motores,410,Coreia do Sul,14855,1.458,direct
2010,840999,Partes de motores,276,Alemanha,14658,1.439,direct
2010,840999,Partes de motores,528,Países Baixos,12043,1.182,direct
2010,860900,Contentores de transporte,724,Espanha,36802785,50.234,direct
2010,860900,Contentores de transporte,620,Portugal,24124604,32.929,direct
2010,860900,Contentores de transporte,528,Países Baixos,11228397,15.326,direct
2010,860900,Contentores de transporte,251,França,403818,0.551,direct
2010,860900,Contentores de transporte,76,Brasil,336119,0.459,direct
2010,860900,Contentores de transporte,156,China,263076,0.359,direct
2010,860900,Contentores de transporte,842,EUA,64848,0.089,direct
2010,860900,Contentores de transporte,686,Senegal,20785,0.028,direct
2010,901580,Instrumentos de topografia,899,"Areas, nes",2012020,59.262,direct
2010,901580,Instrumentos de topografia,276,Alemanha,1205100,35.495,direct
2010,901580,Instrumentos de topografia,620,Portugal,169733,4.999,direct
2010,901580,Instrumentos de topografia,826,Reino Unido,8251,0.243,direct
2010,030342,Peixe congelado,724,Espanha,11268174,97.326,mirror
2010,030342,Peixe congelado,222,El Salvador,293646,2.536,mirror
2010,030342,Peixe congelado,842,EUA,15932,0.138,mirror
2010,030343,Peixe congelado,724,Espanha,5085044,92.355,mirror
2010,030343,Peixe congelado,222,El Salvador,420908,7.645,mirror
2010,030349,Peixe congelado,384,Costa do Marfim,8762,100.0,mirror
2010,030379,Peixe congelado,842,EUA,307697,94.729,mirror
2010,030379,Peixe congelado,410,Coreia do Sul,17121,5.271,mirror
2010,160414,Peixe preparado ou conservado,842,EUA,150828,99.317,mirror
2010,160414,Peixe preparado ou conservado,620,Portugal,1037,0.683,mirror
2010,160415,Peixe preparado ou conservado,724,Espanha,6711492,100.0,mirror
2010,160419,Peixe preparado ou conservado,724,Espanha,10975052,99.993,mirror
2010,160419,Peixe preparado ou conservado,620,Portugal,738,0.007,mirror
2010,271019,Combustíveis refinados,348,Hungria,1000,100.0,mirror
2010,610711,Roupa interior de malha (homem),620,Portugal,654054,99.841,mirror
2010,610711,Roupa interior de malha (homem),214,República Dominicana,1040,0.159,mirror
2010,610910,T-shirts e camisetas de malha,620,Portugal,477807,99.948,mirror
2010,610910,T-shirts e camisetas de malha,410,Coreia do Sul,195,0.041,mirror
2010,610910,T-shirts e camisetas de malha,203,Chéquia,35,0.007,mirror
2010,610910,T-shirts e camisetas de malha,124,Canadá,17,0.004,mirror
2010,610990,T-shirts e camisetas de malha,620,Portugal,657613,98.544,mirror
2010,610990,T-shirts e camisetas de malha,251,França,3976,0.596,mirror
2010,610990,T-shirts e camisetas de malha,372,Irlanda,3366,0.504,mirror
2010,610990,T-shirts e camisetas de malha,214,República Dominicana,2215,0.332,mirror
2010,610990,T-shirts e camisetas de malha,40,Áustria,160,0.024,mirror
2010,620342,Calças e fatos (homem),724,Espanha,3098721,87.327,mirror
2010,620342,Calças e fatos (homem),620,Portugal,430729,12.139,mirror
2010,620342,Calças e fatos (homem),251,França,18557,0.523,mirror
2010,620342,Calças e fatos (homem),124,Canadá,247,0.007,mirror
2010,620342,Calças e fatos (homem),40,Áustria,152,0.004,mirror
2010,640610,Partes de calçado,620,Portugal,4362614,100.0,mirror
2010,840999,Partes de motores,620,Portugal,41665,82.519,mirror
2010,840999,Partes de motores,724,Espanha,8550,16.934,mirror
2010,840999,Partes de motores,208,Dinamarca,276,0.547,mirror
2010,890120,Navios,24,Angola,775000,100.0,mirror
2010,901580,Instrumentos de topografia,620,Portugal,30610,91.614,mirror
2010,901580,Instrumentos de topografia,56,Bélgica,1666,4.987,mirror
2010,901580,Instrumentos de topografia,724,Espanha,1136,3.399,mirror
2011,030342,Peixe congelado,724,Espanha,17017094,66.582,direct
2011,030342,Peixe congelado,276,Alemanha,2768118,10.831,direct
2011,030342,Peixe congelado,222,El Salvador,2398673,9.385,direct
2011,030342,Peixe congelado,251,França,2176386,8.515,direct
2011,030342,Peixe congelado,620,Portugal,1166359,4.564,direct
2011,030342,Peixe congelado,899,"Areas, nes",17654,0.069,direct
2011,030342,Peixe congelado,702,Singapura,13835,0.054,direct
2011,030349,Peixe congelado,620,Portugal,376566,99.605,direct
2011,030349,Peixe congelado,724,Espanha,1427,0.377,direct
2011,030349,Peixe congelado,899,"Areas, nes",66,0.017,direct
2011,030379,Peixe congelado,620,Portugal,20209547,75.606,direct
2011,030379,Peixe congelado,528,Países Baixos,4479402,16.758,direct
2011,030379,Peixe congelado,276,Alemanha,1254948,4.695,direct
2011,030379,Peixe congelado,724,Espanha,398352,1.49,direct
2011,030379,Peixe congelado,899,"Areas, nes",209011,0.782,direct
2011,030379,Peixe congelado,156,China,53667,0.201,direct
2011,030379,Peixe congelado,842,EUA,51310,0.192,direct
2011,030379,Peixe congelado,702,Singapura,47164,0.176,direct
2011,160414,Peixe preparado ou conservado,842,EUA,13345,74.18,direct
2011,160414,Peixe preparado ou conservado,899,"Areas, nes",3974,22.09,direct
2011,160414,Peixe preparado ou conservado,276,Alemanha,384,2.135,direct
2011,160414,Peixe preparado ou conservado,251,França,272,1.512,direct
2011,160414,Peixe preparado ou conservado,410,Coreia do Sul,16,0.089,direct
2011,160415,Peixe preparado ou conservado,724,Espanha,20830307,92.976,direct
2011,160415,Peixe preparado ou conservado,276,Alemanha,1382307,6.17,direct
2011,160415,Peixe preparado ou conservado,434,Libya,191218,0.854,direct
2011,160415,Peixe preparado ou conservado,899,"Areas, nes",29,0.0,direct
2011,160419,Peixe preparado ou conservado,724,Espanha,7521238,92.92,direct
2011,160419,Peixe preparado ou conservado,276,Alemanha,571778,7.064,direct
2011,160419,Peixe preparado ou conservado,899,"Areas, nes",1261,0.016,direct
2011,271011,Combustíveis refinados,899,"Areas, nes",50,100.0,direct
2011,271019,Combustíveis refinados,899,"Areas, nes",87206761,81.448,direct
2011,271019,Combustíveis refinados,528,Países Baixos,14621710,13.656,direct
2011,271019,Combustíveis refinados,276,Alemanha,5029438,4.697,direct
2011,271019,Combustíveis refinados,826,Reino Unido,102135,0.095,direct
2011,271019,Combustíveis refinados,384,Costa do Marfim,102052,0.095,direct
2011,271019,Combustíveis refinados,410,Coreia do Sul,3479,0.003,direct
2011,271019,Combustíveis refinados,724,Espanha,2828,0.003,direct
2011,271019,Combustíveis refinados,620,Portugal,1241,0.001,direct
2011,610711,Roupa interior de malha (homem),620,Portugal,827900,84.676,direct
2011,610711,Roupa interior de malha (homem),276,Alemanha,149831,15.324,direct
2011,610910,T-shirts e camisetas de malha,620,Portugal,1003631,82.877,direct
2011,610910,T-shirts e camisetas de malha,276,Alemanha,143884,11.882,direct
2011,610910,T-shirts e camisetas de malha,899,"Areas, nes",56889,4.698,direct
2011,610910,T-shirts e camisetas de malha,624,Guiné-Bissau,3833,0.317,direct
2011,610910,T-shirts e camisetas de malha,724,Espanha,2573,0.212,direct
2011,610910,T-shirts e camisetas de malha,24,Angola,176,0.015,direct
2011,610990,T-shirts e camisetas de malha,620,Portugal,587176,92.356,direct
2011,610990,T-shirts e camisetas de malha,276,Alemanha,48251,7.589,direct
2011,610990,T-shirts e camisetas de malha,124,Canadá,350,0.055,direct
2011,620342,Calças e fatos (homem),620,Portugal,2512109,96.063,direct
2011,620342,Calças e fatos (homem),276,Alemanha,98815,3.779,direct
2011,620342,Calças e fatos (homem),899,"Areas, nes",4152,0.159,direct
2011,640610,Partes de calçado,620,Portugal,4358117,92.353,direct
2011,640610,Partes de calçado,276,Alemanha,360878,7.647,direct
2011,840710,Motores de ignição por faísca,124,Canadá,868091,53.526,direct
2011,840710,Motores de ignição por faísca,276,Alemanha,753729,46.474,direct
2011,840999,Partes de motores,899,"Areas, nes",517518,59.063,direct
2011,840999,Partes de motores,392,Japão,121533,13.87,direct
2011,840999,Partes de motores,620,Portugal,100033,11.417,direct
2011,840999,Partes de motores,276,Alemanha,65721,7.501,direct
2011,840999,Partes de motores,528,Países Baixos,31924,3.643,direct
2011,840999,Partes de motores,410,Coreia do Sul,31773,3.626,direct
2011,840999,Partes de motores,724,Espanha,5539,0.632,direct
2011,840999,Partes de motores,251,França,2046,0.234,direct
2011,860900,Contentores de transporte,276,Alemanha,23679451,40.246,direct
2011,860900,Contentores de transporte,620,Portugal,15841749,26.925,direct
2011,860900,Contentores de transporte,724,Espanha,13428156,22.823,direct
2011,860900,Contentores de transporte,528,Países Baixos,4903929,8.335,direct
2011,860900,Contentores de transporte,251,França,252799,0.43,direct
2011,860900,Contentores de transporte,76,Brasil,126400,0.215,direct
2011,860900,Contentores de transporte,360,Indonésia,126400,0.215,direct
2011,860900,Contentores de transporte,842,EUA,121872,0.207,direct
2011,901580,Instrumentos de topografia,276,Alemanha,2513163,54.549,direct
2011,901580,Instrumentos de topografia,899,"Areas, nes",1081065,23.465,direct
2011,901580,Instrumentos de topografia,826,Reino Unido,459014,9.963,direct
2011,901580,Instrumentos de topografia,620,Portugal,417191,9.055,direct
2011,901580,Instrumentos de topografia,842,EUA,108108,2.347,direct
2011,901580,Instrumentos de topografia,724,Espanha,27736,0.602,direct
2011,901580,Instrumentos de topografia,251,França,788,0.017,direct
2011,901580,Instrumentos de topografia,344,Hong Kong (RAEHK),96,0.002,direct
2011,030342,Peixe congelado,724,Espanha,10702684,99.917,mirror
2011,030342,Peixe congelado,702,Singapura,8837,0.083,mirror
2011,030343,Peixe congelado,724,Espanha,7052730,96.896,mirror
2011,030343,Peixe congelado,792,Turquia,225908,3.104,mirror
2011,030379,Peixe congelado,842,EUA,28447,69.536,mirror
2011,030379,Peixe congelado,490,Taiwan (Prov. China),12463,30.464,mirror
2011,160414,Peixe preparado ou conservado,842,EUA,175138,100.0,mirror
2011,160415,Peixe preparado ou conservado,724,Espanha,18358422,100.0,mirror
2011,160419,Peixe preparado ou conservado,724,Espanha,10721984,100.0,mirror
2011,271011,Combustíveis refinados,724,Espanha,204,100.0,mirror
2011,271019,Combustíveis refinados,203,Chéquia,1,100.0,mirror
2011,610711,Roupa interior de malha (homem),620,Portugal,881091,99.993,mirror
2011,610711,Roupa interior de malha (homem),678,São Tomé e Príncipe,63,0.007,mirror
2011,610910,T-shirts e camisetas de malha,620,Portugal,1051815,99.952,mirror
2011,610910,T-shirts e camisetas de malha,24,Angola,203,0.019,mirror
2011,610910,T-shirts e camisetas de malha,251,França,138,0.013,mirror
2011,610910,T-shirts e camisetas de malha,616,Polónia,88,0.008,mirror
2011,610910,T-shirts e camisetas de malha,678,São Tomé e Príncipe,39,0.004,mirror
2011,610910,T-shirts e camisetas de malha,528,Países Baixos,33,0.003,mirror
2011,610990,T-shirts e camisetas de malha,620,Portugal,626182,99.977,mirror
2011,610990,T-shirts e camisetas de malha,24,Angola,142,0.023,mirror
2011,620342,Calças e fatos (homem),620,Portugal,1919457,99.976,mirror
2011,620342,Calças e fatos (homem),678,São Tomé e Príncipe,457,0.024,mirror
2011,640610,Partes de calçado,620,Portugal,4973697,100.0,mirror
2011,840999,Partes de motores,724,Espanha,22383,34.322,mirror
2011,840999,Partes de motores,826,Reino Unido,22052,33.814,mirror
2011,840999,Partes de motores,620,Portugal,15223,23.343,mirror
2011,840999,Partes de motores,702,Singapura,1634,2.505,mirror
2011,840999,Partes de motores,32,Argentina,1268,1.944,mirror
2011,840999,Partes de motores,152,Chile,1039,1.593,mirror
2011,840999,Partes de motores,56,Bélgica,526,0.807,mirror
2011,840999,Partes de motores,24,Angola,392,0.601,mirror
2011,860900,Contentores de transporte,620,Portugal,2786,100.0,mirror
2011,901580,Instrumentos de topografia,724,Espanha,443,100.0,mirror
2012,030342,Peixe congelado,724,Espanha,17544400,83.786,direct
2012,030342,Peixe congelado,222,El Salvador,2553338,12.194,direct
2012,030342,Peixe congelado,620,Portugal,831581,3.971,direct
2012,030342,Peixe congelado,788,Tunisia,10059,0.048,direct
2012,030342,Peixe congelado,899,"Areas, nes",244,0.001,direct
2012,030349,Peixe congelado,724,Espanha,75581,86.962,direct
2012,030349,Peixe congelado,620,Portugal,11332,13.038,direct
2012,030379,Peixe congelado,620,Portugal,23231907,92.614,direct
2012,030379,Peixe congelado,528,Países Baixos,1588367,6.332,direct
2012,030379,Peixe congelado,788,Tunisia,132259,0.527,direct
2012,030379,Peixe congelado,899,"Areas, nes",79510,0.317,direct
2012,030379,Peixe congelado,156,China,39412,0.157,direct
2012,030379,Peixe congelado,288,Gana,13137,0.052,direct
2012,160414,Peixe preparado ou conservado,724,Espanha,324742,88.379,direct
2012,160414,Peixe preparado ou conservado,842,EUA,37100,10.097,direct
2012,160414,Peixe preparado ou conservado,899,"Areas, nes",5455,1.485,direct
2012,160414,Peixe preparado ou conservado,620,Portugal,147,0.04,direct
2012,160415,Peixe preparado ou conservado,724,Espanha,16207866,98.449,direct
2012,160415,Peixe preparado ou conservado,434,Libya,246925,1.5,direct
2012,160415,Peixe preparado ou conservado,842,EUA,8226,0.05,direct
2012,160415,Peixe preparado ou conservado,899,"Areas, nes",241,0.001,direct
2012,160419,Peixe preparado ou conservado,724,Espanha,5834298,99.898,direct
2012,160419,Peixe preparado ou conservado,842,EUA,3664,0.063,direct
2012,160419,Peixe preparado ou conservado,899,"Areas, nes",2206,0.038,direct
2012,160419,Peixe preparado ou conservado,410,Coreia do Sul,72,0.001,direct
2012,230120,Farinhas de carne ou de peixe,24,Angola,50032,100.0,direct
2012,271011,Combustíveis refinados,899,"Areas, nes",51,100.0,direct
2012,271019,Combustíveis refinados,899,"Areas, nes",109467685,78.755,direct
2012,271019,Combustíveis refinados,528,Países Baixos,27483646,19.773,direct
2012,271019,Combustíveis refinados,56,Bélgica,1520027,1.094,direct
2012,271019,Combustíveis refinados,620,Portugal,314075,0.226,direct
2012,271019,Combustíveis refinados,24,Angola,106845,0.077,direct
2012,271019,Combustíveis refinados,246,Finlândia,42500,0.031,direct
2012,271019,Combustíveis refinados,76,Brasil,19587,0.014,direct
2012,271019,Combustíveis refinados,276,Alemanha,17487,0.013,direct
2012,610711,Roupa interior de malha (homem),620,Portugal,474965,100.0,direct
2012,610910,T-shirts e camisetas de malha,620,Portugal,621368,93.504,direct
2012,610910,T-shirts e camisetas de malha,899,"Areas, nes",30101,4.53,direct
2012,610910,T-shirts e camisetas de malha,624,Guiné-Bissau,7606,1.145,direct
2012,610910,T-shirts e camisetas de malha,724,Espanha,5462,0.822,direct
2012,610990,T-shirts e camisetas de malha,620,Portugal,447067,100.0,direct
2012,620342,Calças e fatos (homem),620,Portugal,679456,99.509,direct
2012,620342,Calças e fatos (homem),899,"Areas, nes",3354,0.491,direct
2012,640610,Partes de calçado,620,Portugal,4353903,100.0,direct
2012,680710,Artigos asfálticos em rolos,620,Portugal,37315655,100.0,direct
2012,840710,Motores de ignição por faísca,124,Canadá,831698,99.847,direct
2012,840710,Motores de ignição por faísca,251,França,1271,0.153,direct
2012,840999,Partes de motores,620,Portugal,673377,52.71,direct
2012,840999,Partes de motores,899,"Areas, nes",495220,38.764,direct
2012,840999,Partes de motores,208,Dinamarca,34903,2.732,direct
2012,840999,Partes de motores,528,Países Baixos,25811,2.02,direct
2012,840999,Partes de motores,792,Turquia,23391,1.831,direct
2012,840999,Partes de motores,724,Espanha,7636,0.598,direct
2012,840999,Partes de motores,842,EUA,5955,0.466,direct
2012,840999,Partes de motores,784,Emirados Árabes Unidos,4971,0.389,direct
2012,860900,Contentores de transporte,620,Portugal,19319022,66.809,direct
2012,860900,Contentores de transporte,528,Países Baixos,4467492,15.449,direct
2012,860900,Contentores de transporte,724,Espanha,3883617,13.43,direct
2012,860900,Contentores de transporte,76,Brasil,245461,0.849,direct
2012,860900,Contentores de transporte,842,EUA,185536,0.642,direct
2012,860900,Contentores de transporte,156,China,163065,0.564,direct
2012,860900,Contentores de transporte,251,França,160184,0.554,direct
2012,860900,Contentores de transporte,56,Bélgica,140017,0.484,direct
2012,890120,Navios,388,Jamaica,10051780,100.0,direct
2012,901580,Instrumentos de topografia,276,Alemanha,471327,75.885,direct
2012,901580,Instrumentos de topografia,251,França,137507,22.139,direct
2012,901580,Instrumentos de topografia,620,Portugal,10383,1.672,direct
2012,901580,Instrumentos de topografia,899,"Areas, nes",1774,0.286,direct
2012,901580,Instrumentos de topografia,124,Canadá,118,0.019,direct
2012,030342,Peixe congelado,724,Espanha,10781450,89.988,mirror
2012,030342,Peixe congelado,222,El Salvador,1143587,9.545,mirror
2012,030342,Peixe congelado,392,Japão,52732,0.44,mirror
2012,030342,Peixe congelado,620,Portugal,3200,0.027,mirror
2012,030343,Peixe congelado,724,Espanha,11439813,88.049,mirror
2012,030343,Peixe congelado,222,El Salvador,1552796,11.951,mirror
2012,030349,Peixe congelado,724,Espanha,125954,100.0,mirror
2012,030379,Peixe congelado,288,Gana,40363,100.0,mirror
2012,030389,Peixe congelado,620,Portugal,32598,100.0,mirror
2012,160414,Peixe preparado ou conservado,724,Espanha,129372,49.511,mirror
2012,160414,Peixe preparado ou conservado,276,Alemanha,88911,34.026,mirror
2012,160414,Peixe preparado ou conservado,842,EUA,43017,16.463,mirror
2012,160415,Peixe preparado ou conservado,724,Espanha,13961927,99.976,mirror
2012,160415,Peixe preparado ou conservado,842,EUA,3339,0.024,mirror
2012,160419,Peixe preparado ou conservado,724,Espanha,8768174,100.0,mirror
2012,271019,Combustíveis refinados,699,Índia,122433,95.084,mirror
2012,271019,Combustíveis refinados,620,Portugal,5986,4.649,mirror
2012,271019,Combustíveis refinados,724,Espanha,344,0.267,mirror
2012,610711,Roupa interior de malha (homem),620,Portugal,499630,99.965,mirror
2012,610711,Roupa interior de malha (homem),24,Angola,103,0.021,mirror
2012,610711,Roupa interior de malha (homem),678,São Tomé e Príncipe,72,0.014,mirror
2012,610910,T-shirts e camisetas de malha,620,Portugal,677403,99.922,mirror
2012,610910,T-shirts e camisetas de malha,757,Suíça,274,0.04,mirror
2012,610910,T-shirts e camisetas de malha,124,Canadá,111,0.016,mirror
2012,610910,T-shirts e camisetas de malha,24,Angola,103,0.015,mirror
2012,610910,T-shirts e camisetas de malha,372,Irlanda,40,0.006,mirror
2012,610990,T-shirts e camisetas de malha,620,Portugal,545313,99.604,mirror
2012,610990,T-shirts e camisetas de malha,36,Austrália,1423,0.26,mirror
2012,610990,T-shirts e camisetas de malha,598,Papua New Guinea,720,0.132,mirror
2012,610990,T-shirts e camisetas de malha,214,República Dominicana,24,0.004,mirror
2012,620342,Calças e fatos (homem),724,Espanha,329547,66.518,mirror
2012,620342,Calças e fatos (homem),620,Portugal,148378,29.95,mirror
2012,620342,Calças e fatos (homem),251,França,17016,3.435,mirror
2012,620342,Calças e fatos (homem),40,Áustria,314,0.063,mirror
2012,620342,Calças e fatos (homem),678,São Tomé e Príncipe,170,0.034,mirror
2012,640610,Partes de calçado,620,Portugal,4622691,100.0,mirror
2012,840999,Partes de motores,208,Dinamarca,33618,51.991,mirror
2012,840999,Partes de motores,620,Portugal,23785,36.784,mirror
2012,840999,Partes de motores,300,Grécia,3633,5.619,mirror
2012,840999,Partes de motores,360,Indonésia,1495,2.312,mirror
2012,840999,Partes de motores,156,China,1115,1.724,mirror
2012,840999,Partes de motores,504,Marrocos,1007,1.557,mirror
2012,840999,Partes de motores,188,Costa Rica,8,0.012,mirror
2012,860900,Contentores de transporte,620,Portugal,2090,100.0,mirror
2012,901580,Instrumentos de topografia,620,Portugal,4675,69.234,mirror
2012,901580,Instrumentos de topografia,276,Alemanha,2077,30.766,mirror
2013,030342,Peixe congelado,724,Espanha,20550218,77.943,direct
2013,030342,Peixe congelado,251,França,2348663,8.908,direct
2013,030342,Peixe congelado,222,El Salvador,2327947,8.829,direct
2013,030342,Peixe congelado,484,México,569863,2.161,direct
2013,030342,Peixe congelado,170,Colômbia,569024,2.158,direct
2013,030349,Peixe congelado,724,Espanha,1767966,100.0,direct
2013,030389,Peixe congelado,724,Espanha,1270584,80.908,direct
2013,030389,Peixe congelado,620,Portugal,258472,16.459,direct
2013,030389,Peixe congelado,288,Gana,41358,2.634,direct
2013,160414,Peixe preparado ou conservado,380,Itália,3703625,86.429,direct
2013,160414,Peixe preparado ou conservado,724,Espanha,307013,7.165,direct
2013,160414,Peixe preparado ou conservado,842,EUA,173671,4.053,direct
2013,160414,Peixe preparado ou conservado,276,Alemanha,100834,2.353,direct
2013,160415,Peixe preparado ou conservado,724,Espanha,11464145,94.934,direct
2013,160415,Peixe preparado ou conservado,434,Libya,539095,4.464,direct
2013,160415,Peixe preparado ou conservado,380,Itália,47240,0.391,direct
2013,160415,Peixe preparado ou conservado,842,EUA,25475,0.211,direct
2013,160419,Peixe preparado ou conservado,724,Espanha,10333959,99.946,direct
2013,160419,Peixe preparado ou conservado,842,EUA,5604,0.054,direct
2013,230120,Farinhas de carne ou de peixe,24,Angola,24861,47.503,direct
2013,230120,Farinhas de carne ou de peixe,818,Egito,14312,27.346,direct
2013,230120,Farinhas de carne ou de peixe,422,Líbano,13163,25.151,direct
2013,610711,Roupa interior de malha (homem),620,Portugal,687106,100.0,direct
2013,610910,T-shirts e camisetas de malha,620,Portugal,703231,100.0,direct
2013,610990,T-shirts e camisetas de malha,620,Portugal,871843,99.996,direct
2013,610990,T-shirts e camisetas de malha,842,EUA,34,0.004,direct
2013,620342,Calças e fatos (homem),620,Portugal,914608,100.0,direct
2013,640610,Partes de calçado,620,Portugal,5059062,100.0,direct
2013,030342,Peixe congelado,724,Espanha,8416908,87.414,mirror
2013,030342,Peixe congelado,222,El Salvador,1211855,12.586,mirror
2013,030343,Peixe congelado,724,Espanha,11784790,91.201,mirror
2013,030343,Peixe congelado,222,El Salvador,1136943,8.799,mirror
2013,030349,Peixe congelado,724,Espanha,116738,100.0,mirror
2013,030389,Peixe congelado,288,Gana,1248601,99.163,mirror
2013,030389,Peixe congelado,620,Portugal,10534,0.837,mirror
2013,160414,Peixe preparado ou conservado,380,Itália,3601929,82.319,mirror
2013,160414,Peixe preparado ou conservado,276,Alemanha,260999,5.965,mirror
2013,160414,Peixe preparado ou conservado,724,Espanha,252935,5.781,mirror
2013,160414,Peixe preparado ou conservado,842,EUA,153495,3.508,mirror
2013,160414,Peixe preparado ou conservado,40,Áustria,106233,2.428,mirror
2013,160415,Peixe preparado ou conservado,724,Espanha,9550092,99.472,mirror
2013,160415,Peixe preparado ou conservado,380,Itália,46229,0.482,mirror
2013,160415,Peixe preparado ou conservado,842,EUA,4478,0.047,mirror
2013,160419,Peixe preparado ou conservado,724,Espanha,10762026,100.0,mirror
2013,271019,Combustíveis refinados,620,Portugal,7840,100.0,mirror
2013,610711,Roupa interior de malha (homem),620,Portugal,728842,99.923,mirror
2013,610711,Roupa interior de malha (homem),678,São Tomé e Príncipe,564,0.077,mirror
2013,610910,T-shirts e camisetas de malha,620,Portugal,683976,99.807,mirror
2013,610910,T-shirts e camisetas de malha,678,São Tomé e Príncipe,1260,0.184,mirror
2013,610910,T-shirts e camisetas de malha,40,Áustria,21,0.003,mirror
2013,610910,T-shirts e camisetas de malha,558,Nicaragua,19,0.003,mirror
2013,610910,T-shirts e camisetas de malha,203,Chéquia,13,0.002,mirror
2013,610910,T-shirts e camisetas de malha,372,Irlanda,9,0.001,mirror
2013,610990,T-shirts e camisetas de malha,620,Portugal,863768,99.824,mirror
2013,610990,T-shirts e camisetas de malha,643,Rússia,1483,0.171,mirror
2013,610990,T-shirts e camisetas de malha,807,North Macedonia,36,0.004,mirror
2013,610990,T-shirts e camisetas de malha,528,Países Baixos,8,0.001,mirror
2013,620342,Calças e fatos (homem),620,Portugal,1098671,99.274,mirror
2013,620342,Calças e fatos (homem),678,São Tomé e Príncipe,4428,0.4,mirror
2013,620342,Calças e fatos (homem),504,Marrocos,3600,0.325,mirror
2013,620342,Calças e fatos (homem),40,Áustria,12,0.001,mirror
2013,640610,Partes de calçado,620,Portugal,5289345,100.0,mirror
2013,840710,Motores de ignição por faísca,208,Dinamarca,1329,100.0,mirror
2013,840999,Partes de motores,826,Reino Unido,3553,33.187,mirror
2013,840999,Partes de motores,616,Polónia,2648,24.734,mirror
2013,840999,Partes de motores,620,Portugal,2538,23.706,mirror
2013,840999,Partes de motores,360,Indonésia,1951,18.223,mirror
2013,840999,Partes de motores,76,Brasil,16,0.149,mirror
2013,860900,Contentores de transporte,620,Portugal,10480,69.599,mirror
2013,860900,Contentores de transporte,251,França,3134,20.813,mirror
2013,860900,Contentores de transporte,724,Espanha,1444,9.587,mirror
2013,901580,Instrumentos de topografia,842,EUA,10450,95.374,mirror
2013,901580,Instrumentos de topografia,724,Espanha,304,2.774,mirror
2013,901580,Instrumentos de topografia,686,Senegal,203,1.853,mirror
2014,030342,Peixe congelado,724,Espanha,1211672,85.506,direct
2014,030342,Peixe congelado,504,Marrocos,205381,14.494,direct
2014,030349,Peixe congelado,724,Espanha,13828940,63.108,direct
2014,030349,Peixe congelado,222,El Salvador,3168384,14.459,direct
2014,030349,Peixe congelado,504,Marrocos,2479375,11.315,direct
2014,030349,Peixe congelado,792,Turquia,981843,4.481,direct
2014,030349,Peixe congelado,604,Peru,802786,3.664,direct
2014,030349,Peixe congelado,218,Equador,650856,2.97,direct
2014,030349,Peixe congelado,188,Costa Rica,900,0.004,direct
2014,030389,Peixe congelado,724,Espanha,9055411,78.935,direct
2014,030389,Peixe congelado,504,Marrocos,908688,7.921,direct
2014,030389,Peixe congelado,788,Tunisia,731384,6.375,direct
2014,030389,Peixe congelado,222,El Salvador,492132,4.29,direct
2014,030389,Peixe congelado,620,Portugal,169789,1.48,direct
2014,030389,Peixe congelado,188,Costa Rica,114602,0.999,direct
2014,160414,Peixe preparado ou conservado,380,Itália,3185418,64.021,direct
2014,160414,Peixe preparado ou conservado,724,Espanha,1300780,26.143,direct
2014,160414,Peixe preparado ou conservado,842,EUA,224250,4.507,direct
2014,160414,Peixe preparado ou conservado,504,Marrocos,160842,3.233,direct
2014,160414,Peixe preparado ou conservado,24,Angola,101153,2.033,direct
2014,160414,Peixe preparado ou conservado,528,Países Baixos,3165,0.064,direct
2014,160415,Peixe preparado ou conservado,724,Espanha,13680211,89.582,direct
2014,160415,Peixe preparado ou conservado,380,Itália,714759,4.68,direct
2014,160415,Peixe preparado ou conservado,620,Portugal,488088,3.196,direct
2014,160415,Peixe preparado ou conservado,434,Libya,370874,2.429,direct
2014,160415,Peixe preparado ou conservado,842,EUA,15423,0.101,direct
2014,160415,Peixe preparado ou conservado,528,Países Baixos,1767,0.012,direct
2014,160419,Peixe preparado ou conservado,724,Espanha,11467779,98.033,direct
2014,160419,Peixe preparado ou conservado,504,Marrocos,221973,1.898,direct
2014,160419,Peixe preparado ou conservado,842,EUA,5669,0.048,direct
2014,160419,Peixe preparado ou conservado,528,Países Baixos,2458,0.021,direct
2014,230120,Farinhas de carne ou de peixe,24,Angola,143779,85.447,direct
2014,230120,Farinhas de carne ou de peixe,422,Líbano,13102,7.786,direct
2014,230120,Farinhas de carne ou de peixe,384,Costa do Marfim,11387,6.767,direct
2014,610711,Roupa interior de malha (homem),620,Portugal,575308,100.0,direct
2014,610910,T-shirts e camisetas de malha,620,Portugal,365046,100.0,direct
2014,610990,T-shirts e camisetas de malha,620,Portugal,908449,92.212,direct
2014,610990,T-shirts e camisetas de malha,124,Canadá,76727,7.788,direct
2014,620342,Calças e fatos (homem),620,Portugal,2842970,100.0,direct
2014,640610,Partes de calçado,620,Portugal,5414568,100.0,direct
2014,030342,Peixe congelado,724,Espanha,9540886,89.248,mirror
2014,030342,Peixe congelado,504,Marrocos,828684,7.752,mirror
2014,030342,Peixe congelado,222,El Salvador,196819,1.841,mirror
2014,030342,Peixe congelado,792,Turquia,123665,1.157,mirror
2014,030342,Peixe congelado,188,Costa Rica,259,0.002,mirror
2014,030343,Peixe congelado,724,Espanha,14572713,68.809,mirror
2014,030343,Peixe congelado,504,Marrocos,2683765,12.672,mirror
2014,030343,Peixe congelado,222,El Salvador,2204572,10.409,mirror
2014,030343,Peixe congelado,792,Turquia,911233,4.303,mirror
2014,030343,Peixe congelado,604,Peru,773091,3.65,mirror
2014,030343,Peixe congelado,764,Tailândia,33258,0.157,mirror
2014,030349,Peixe congelado,788,Tunisia,925187,84.8,mirror
2014,030349,Peixe congelado,188,Costa Rica,165832,15.2,mirror
2014,030379,Peixe congelado,266,Gabão,49131,100.0,mirror
2014,030389,Peixe congelado,288,Gana,937108,90.084,mirror
2014,030389,Peixe congelado,490,Taiwan (Prov. China),89279,8.582,mirror
2014,030389,Peixe congelado,724,Espanha,7946,0.764,mirror
2014,030389,Peixe congelado,620,Portugal,5928,0.57,mirror
2014,160414,Peixe preparado ou conservado,380,Itália,3689555,67.125,mirror
2014,160414,Peixe preparado ou conservado,724,Espanha,914339,16.635,mirror
2014,160414,Peixe preparado ou conservado,504,Marrocos,380399,6.921,mirror
2014,160414,Peixe preparado ou conservado,24,Angola,284304,5.172,mirror
2014,160414,Peixe preparado ou conservado,842,EUA,224749,4.089,mirror
2014,160414,Peixe preparado ou conservado,528,Países Baixos,3189,0.058,mirror
2014,160415,Peixe preparado ou conservado,724,Espanha,13291358,96.35,mirror
2014,160415,Peixe preparado ou conservado,620,Portugal,491265,3.561,mirror
2014,160415,Peixe preparado ou conservado,842,EUA,10415,0.075,mirror
2014,160415,Peixe preparado ou conservado,528,Países Baixos,1779,0.013,mirror
2014,160419,Peixe preparado ou conservado,724,Espanha,13075241,99.981,mirror
2014,160419,Peixe preparado ou conservado,528,Países Baixos,2477,0.019,mirror
2014,230120,Farinhas de carne ou de peixe,24,Angola,63000,100.0,mirror
2014,271019,Combustíveis refinados,624,Guiné-Bissau,50511,98.931,mirror
2014,271019,Combustíveis refinados,620,Portugal,546,1.069,mirror
2014,610711,Roupa interior de malha (homem),620,Portugal,573295,100.0,mirror
2014,610910,T-shirts e camisetas de malha,620,Portugal,419042,93.191,mirror
2014,610910,T-shirts e camisetas de malha,12,Argélia,13553,3.014,mirror
2014,610910,T-shirts e camisetas de malha,442,Luxemburgo,12148,2.702,mirror
2014,610910,T-shirts e camisetas de malha,624,Guiné-Bissau,3500,0.778,mirror
2014,610910,T-shirts e camisetas de malha,678,São Tomé e Príncipe,1359,0.302,mirror
2014,610910,T-shirts e camisetas de malha,724,Espanha,40,0.009,mirror
2014,610910,T-shirts e camisetas de malha,203,Chéquia,19,0.004,mirror
2014,610990,T-shirts e camisetas de malha,620,Portugal,874262,92.027,mirror
2014,610990,T-shirts e camisetas de malha,842,EUA,63964,6.733,mirror
2014,610990,T-shirts e camisetas de malha,76,Brasil,7441,0.783,mirror
2014,610990,T-shirts e camisetas de malha,246,Finlândia,3350,0.353,mirror
2014,610990,T-shirts e camisetas de malha,724,Espanha,724,0.076,mirror
2014,610990,T-shirts e camisetas de malha,218,Equador,246,0.026,mirror
2014,610990,T-shirts e camisetas de malha,528,Países Baixos,23,0.002,mirror
2014,620342,Calças e fatos (homem),620,Portugal,2969427,99.842,mirror
2014,620342,Calças e fatos (homem),678,São Tomé e Príncipe,2419,0.081,mirror
2014,620342,Calças e fatos (homem),124,Canadá,1670,0.056,mirror
2014,620342,Calças e fatos (homem),554,Nova Zelândia,424,0.014,mirror
2014,620342,Calças e fatos (homem),524,Nepal,179,0.006,mirror
2014,640610,Partes de calçado,620,Portugal,5650291,100.0,mirror
2014,840999,Partes de motores,724,Espanha,97671,87.251,mirror
2014,840999,Partes de motores,620,Portugal,10150,9.067,mirror
2014,840999,Partes de motores,826,Reino Unido,2483,2.218,mirror
2014,840999,Partes de motores,156,China,1604,1.433,mirror
2014,840999,Partes de motores,124,Canadá,35,0.031,mirror
2014,860900,Contentores de transporte,620,Portugal,2032,57.434,mirror
2014,860900,Contentores de transporte,678,São Tomé e Príncipe,1506,42.566,mirror
2014,901580,Instrumentos de topografia,624,Guiné-Bissau,150,100.0,mirror
2015,030342,Peixe congelado,724,Espanha,5422195,80.854,direct
2015,030342,Peixe congelado,792,Turquia,581402,8.67,direct
2015,030342,Peixe congelado,704,Vietname,482270,7.191,direct
2015,030342,Peixe congelado,504,Marrocos,126890,1.892,direct
2015,030342,Peixe congelado,512,Omã,79478,1.185,direct
2015,030342,Peixe congelado,222,El Salvador,13940,0.208,direct
2015,030343,Peixe congelado,792,Turquia,1629939,30.766,direct
2015,030343,Peixe congelado,724,Espanha,1386947,26.18,direct
2015,030343,Peixe congelado,504,Marrocos,1199824,22.648,direct
2015,030343,Peixe congelado,222,El Salvador,604317,11.407,direct
2015,030343,Peixe congelado,12,Argélia,253221,4.78,direct
2015,030343,Peixe congelado,512,Omã,223564,4.22,direct
2015,030349,Peixe congelado,724,Espanha,13114584,87.279,direct
2015,030349,Peixe congelado,222,El Salvador,951363,6.331,direct
2015,030349,Peixe congelado,704,Vietname,391896,2.608,direct
2015,030349,Peixe congelado,12,Argélia,289974,1.93,direct
2015,030349,Peixe congelado,504,Marrocos,278168,1.851,direct
2015,030357,Peixe congelado,724,Espanha,6818,100.0,direct
2015,030389,Peixe congelado,724,Espanha,529140,100.0,direct
2015,160414,Peixe preparado ou conservado,724,Espanha,6755593,73.36,direct
2015,160414,Peixe preparado ou conservado,380,Itália,1265850,13.746,direct
2015,160414,Peixe preparado ou conservado,842,EUA,690421,7.497,direct
2015,160414,Peixe preparado ou conservado,504,Marrocos,243964,2.649,direct
2015,160414,Peixe preparado ou conservado,276,Alemanha,148456,1.612,direct
2015,160414,Peixe preparado ou conservado,300,Grécia,102813,1.116,direct
2015,160414,Peixe preparado ou conservado,620,Portugal,1694,0.018,direct
2015,160415,Peixe preparado ou conservado,724,Espanha,7943783,99.633,direct
2015,160415,Peixe preparado ou conservado,380,Itália,14584,0.183,direct
2015,160415,Peixe preparado ou conservado,842,EUA,12584,0.158,direct
2015,160415,Peixe preparado ou conservado,620,Portugal,2076,0.026,direct
2015,160419,Peixe preparado ou conservado,724,Espanha,9661727,99.527,direct
2015,160419,Peixe preparado ou conservado,842,EUA,25343,0.261,direct
2015,160419,Peixe preparado ou conservado,380,Itália,18866,0.194,direct
2015,160419,Peixe preparado ou conservado,620,Portugal,1757,0.018,direct
2015,230120,Farinhas de carne ou de peixe,384,Costa do Marfim,205127,100.0,direct
2015,610711,Roupa interior de malha (homem),620,Portugal,963264,100.0,direct
2015,610910,T-shirts e camisetas de malha,620,Portugal,506927,100.0,direct
2015,610990,T-shirts e camisetas de malha,620,Portugal,724050,100.0,direct
2015,620342,Calças e fatos (homem),620,Portugal,2857260,99.857,direct
2015,620342,Calças e fatos (homem),724,Espanha,4092,0.143,direct
2015,640610,Partes de calçado,620,Portugal,3752578,100.0,direct
2015,030342,Peixe congelado,724,Espanha,12330798,93.867,mirror
2015,030342,Peixe congelado,792,Turquia,801005,6.098,mirror
2015,030342,Peixe congelado,242,Fiji,4695,0.036,mirror
2015,030343,Peixe congelado,724,Espanha,8630576,74.118,mirror
2015,030343,Peixe congelado,792,Turquia,1894398,16.269,mirror
2015,030343,Peixe congelado,504,Marrocos,1119421,9.613,mirror
2015,030349,Peixe congelado,724,Espanha,31785,100.0,mirror
2015,030357,Peixe congelado,620,Portugal,168166,100.0,mirror
2015,030389,Peixe congelado,686,Senegal,31233,100.0,mirror
2015,160414,Peixe preparado ou conservado,724,Espanha,3749044,48.623,mirror
2015,160414,Peixe preparado ou conservado,380,Itália,2169559,28.138,mirror
2015,160414,Peixe preparado ou conservado,842,EUA,605028,7.847,mirror
2015,160414,Peixe preparado ou conservado,276,Alemanha,435227,5.645,mirror
2015,160414,Peixe preparado ou conservado,251,França,391060,5.072,mirror
2015,160414,Peixe preparado ou conservado,792,Turquia,155530,2.017,mirror
2015,160414,Peixe preparado ou conservado,300,Grécia,113585,1.473,mirror
2015,160414,Peixe preparado ou conservado,504,Marrocos,89624,1.162,mirror
2015,160415,Peixe preparado ou conservado,724,Espanha,8525182,99.392,mirror
2015,160415,Peixe preparado ou conservado,380,Itália,41578,0.485,mirror
2015,160415,Peixe preparado ou conservado,842,EUA,8825,0.103,mirror
2015,160415,Peixe preparado ou conservado,620,Portugal,1756,0.02,mirror
2015,160415,Peixe preparado ou conservado,124,Canadá,9,0.0,mirror
2015,160419,Peixe preparado ou conservado,724,Espanha,9687627,99.418,mirror
2015,160419,Peixe preparado ou conservado,380,Itália,54672,0.561,mirror
2015,160419,Peixe preparado ou conservado,620,Portugal,2076,0.021,mirror
2015,160419,Peixe preparado ou conservado,124,Canadá,9,0.0,mirror
2015,230120,Farinhas de carne ou de peixe,384,Costa do Marfim,28060,100.0,mirror
2015,271019,Combustíveis refinados,620,Portugal,2047,56.142,mirror
2015,271019,Combustíveis refinados,348,Hungria,1599,43.858,mirror
2015,610711,Roupa interior de malha (homem),620,Portugal,902186,100.0,mirror
2015,610910,T-shirts e camisetas de malha,620,Portugal,447646,99.807,mirror
2015,610910,T-shirts e camisetas de malha,678,São Tomé e Príncipe,374,0.083,mirror
2015,610910,T-shirts e camisetas de malha,414,Kuwait,219,0.049,mirror
2015,610910,T-shirts e camisetas de malha,604,Peru,133,0.03,mirror
2015,610910,T-shirts e camisetas de malha,442,Luxemburgo,90,0.02,mirror
2015,610910,T-shirts e camisetas de malha,554,Nova Zelândia,51,0.011,mirror
2015,610990,T-shirts e camisetas de malha,620,Portugal,708173,96.798,mirror
2015,610990,T-shirts e camisetas de malha,604,Peru,23089,3.156,mirror
2015,610990,T-shirts e camisetas de malha,251,França,305,0.042,mirror
2015,610990,T-shirts e camisetas de malha,490,Taiwan (Prov. China),33,0.005,mirror
2015,620342,Calças e fatos (homem),620,Portugal,2863239,99.142,mirror
2015,620342,Calças e fatos (homem),528,Países Baixos,20742,0.718,mirror
2015,620342,Calças e fatos (homem),124,Canadá,1728,0.06,mirror
2015,620342,Calças e fatos (homem),678,São Tomé e Príncipe,1350,0.047,mirror
2015,620342,Calças e fatos (homem),170,Colômbia,961,0.033,mirror
2015,640610,Partes de calçado,620,Portugal,3822020,100.0,mirror
2015,840999,Partes de motores,826,Reino Unido,1965,59.718,mirror
2015,840999,Partes de motores,124,Canadá,1015,30.842,mirror
2015,840999,Partes de motores,214,República Dominicana,311,9.44,mirror
2015,860900,Contentores de transporte,620,Portugal,8771,100.0,mirror
2015,901580,Instrumentos de topografia,620,Portugal,209915,100.0,mirror
2016,030342,Peixe congelado,724,Espanha,7417720,90.997,direct
2016,030342,Peixe congelado,792,Turquia,537512,6.594,direct
2016,030342,Peixe congelado,512,Omã,89974,1.104,direct
2016,030342,Peixe congelado,504,Marrocos,50924,0.625,direct
2016,030342,Peixe congelado,380,Itália,47527,0.583,direct
2016,030342,Peixe congelado,620,Portugal,7931,0.097,direct
2016,030343,Peixe congelado,724,Espanha,3083040,58.864,direct
2016,030343,Peixe congelado,792,Turquia,1735089,33.128,direct
2016,030343,Peixe congelado,512,Omã,275693,5.264,direct
2016,030343,Peixe congelado,504,Marrocos,143750,2.745,direct
2016,030349,Peixe congelado,724,Espanha,8928812,100.0,direct
2016,030357,Peixe congelado,620,Portugal,3414,100.0,direct
2016,030389,Peixe congelado,792,Turquia,1752,100.0,direct
2016,160414,Peixe preparado ou conservado,724,Espanha,6897965,76.626,direct
2016,160414,Peixe preparado ou conservado,620,Portugal,1193561,13.259,direct
2016,160414,Peixe preparado ou conservado,380,Itália,694286,7.712,direct
2016,160414,Peixe preparado ou conservado,842,EUA,216342,2.403,direct
2016,160415,Peixe preparado ou conservado,724,Espanha,11025854,98.824,direct
2016,160415,Peixe preparado ou conservado,620,Portugal,131184,1.176,direct
2016,160419,Peixe preparado ou conservado,724,Espanha,5434484,98.517,direct
2016,160419,Peixe preparado ou conservado,620,Portugal,81811,1.483,direct
2016,230120,Farinhas de carne ou de peixe,620,Portugal,235169,62.036,direct
2016,230120,Farinhas de carne ou de peixe,384,Costa do Marfim,107098,28.252,direct
2016,230120,Farinhas de carne ou de peixe,422,Líbano,36815,9.712,direct
2016,610711,Roupa interior de malha (homem),620,Portugal,1099716,100.0,direct
2016,610910,T-shirts e camisetas de malha,620,Portugal,436876,100.0,direct
2016,610990,T-shirts e camisetas de malha,620,Portugal,725926,100.0,direct
2016,620342,Calças e fatos (homem),620,Portugal,3643122,100.0,direct
2016,640610,Partes de calçado,620,Portugal,3434708,100.0,direct
2016,030342,Peixe congelado,724,Espanha,18225706,92.54,mirror
2016,030342,Peixe congelado,380,Itália,842288,4.277,mirror
2016,030342,Peixe congelado,792,Turquia,539408,2.739,mirror
2016,030342,Peixe congelado,504,Marrocos,87449,0.444,mirror
2016,030343,Peixe congelado,724,Espanha,8316891,75.917,mirror
2016,030343,Peixe congelado,792,Turquia,1770607,16.162,mirror
2016,030343,Peixe congelado,504,Marrocos,867781,7.921,mirror
2016,030349,Peixe congelado,724,Espanha,18074,100.0,mirror
2016,030389,Peixe congelado,724,Espanha,70653,52.295,mirror
2016,030389,Peixe congelado,842,EUA,64000,47.37,mirror
2016,030389,Peixe congelado,686,Senegal,453,0.335,mirror
2016,160414,Peixe preparado ou conservado,724,Espanha,9976833,57.544,mirror
2016,160414,Peixe preparado ou conservado,380,Itália,6038507,34.828,mirror
2016,160414,Peixe preparado ou conservado,842,EUA,620109,3.577,mirror
2016,160414,Peixe preparado ou conservado,251,França,226816,1.308,mirror
2016,160414,Peixe preparado ou conservado,642,Roménia,187389,1.081,mirror
2016,160414,Peixe preparado ou conservado,784,Emirados Árabes Unidos,110494,0.637,mirror
2016,160414,Peixe preparado ou conservado,792,Turquia,90730,0.523,mirror
2016,160414,Peixe preparado ou conservado,276,Alemanha,87014,0.502,mirror
2016,160415,Peixe preparado ou conservado,724,Espanha,11235433,98.38,mirror
2016,160415,Peixe preparado ou conservado,380,Itália,115938,1.015,mirror
2016,160415,Peixe preparado ou conservado,620,Portugal,69130,0.605,mirror
2016,160419,Peixe preparado ou conservado,724,Espanha,6482588,91.924,mirror
2016,160419,Peixe preparado ou conservado,380,Itália,301833,4.28,mirror
2016,160419,Peixe preparado ou conservado,620,Portugal,267701,3.796,mirror
2016,230120,Farinhas de carne ou de peixe,620,Portugal,165915,75.57,mirror
2016,230120,Farinhas de carne ou de peixe,384,Costa do Marfim,53636,24.43,mirror
2016,610711,Roupa interior de malha (homem),620,Portugal,1194280,100.0,mirror
2016,610910,T-shirts e camisetas de malha,620,Portugal,477095,94.708,mirror
2016,610910,T-shirts e camisetas de malha,152,Chile,12203,2.422,mirror
2016,610910,T-shirts e camisetas de malha,724,Espanha,11308,2.245,mirror
2016,610910,T-shirts e camisetas de malha,678,São Tomé e Príncipe,1592,0.316,mirror
2016,610910,T-shirts e camisetas de malha,360,Indonésia,1526,0.303,mirror
2016,610910,T-shirts e camisetas de malha,604,Peru,28,0.006,mirror
2016,610990,T-shirts e camisetas de malha,620,Portugal,819332,99.956,mirror
2016,610990,T-shirts e camisetas de malha,24,Angola,320,0.039,mirror
2016,610990,T-shirts e camisetas de malha,784,Emirados Árabes Unidos,24,0.003,mirror
2016,610990,T-shirts e camisetas de malha,124,Canadá,18,0.002,mirror
2016,620342,Calças e fatos (homem),620,Portugal,3831024,99.926,mirror
2016,620342,Calças e fatos (homem),678,São Tomé e Príncipe,2835,0.074,mirror
2016,640610,Partes de calçado,620,Portugal,3721740,100.0,mirror
2016,840999,Partes de motores,251,França,3534,33.341,mirror
2016,840999,Partes de motores,124,Canadá,2510,23.678,mirror
2016,840999,Partes de motores,826,Reino Unido,2026,19.114,mirror
2016,840999,Partes de motores,620,Portugal,1557,14.686,mirror
2016,840999,Partes de motores,724,Espanha,699,6.596,mirror
2016,840999,Partes de motores,854,Burkina Faso,274,2.585,mirror
2016,860900,Contentores de transporte,724,Espanha,16597,81.035,mirror
2016,860900,Contentores de transporte,620,Portugal,3884,18.965,mirror
2016,901580,Instrumentos de topografia,620,Portugal,11120,47.758,mirror
2016,901580,Instrumentos de topografia,276,Alemanha,11065,47.522,mirror
2016,901580,Instrumentos de topografia,251,França,1099,4.72,mirror
2017,030342,Peixe congelado,724,Espanha,63790,100.0,direct
2017,030349,Peixe congelado,724,Espanha,9074976,100.0,direct
2017,160414,Peixe preparado ou conservado,724,Espanha,9637788,88.039,direct
2017,160414,Peixe preparado ou conservado,620,Portugal,537735,4.912,direct
2017,160414,Peixe preparado ou conservado,842,EUA,399610,3.65,direct
2017,160414,Peixe preparado ou conservado,380,Itália,186061,1.7,direct
2017,160414,Peixe preparado ou conservado,24,Angola,186013,1.699,direct
2017,160414,Peixe preparado ou conservado,446,Macau (RAEM),34,0.0,direct
2017,160415,Peixe preparado ou conservado,724,Espanha,11721890,98.89,direct
2017,160415,Peixe preparado ou conservado,620,Portugal,89844,0.758,direct
2017,160415,Peixe preparado ou conservado,24,Angola,41698,0.352,direct
2017,160419,Peixe preparado ou conservado,724,Espanha,3990458,99.427,direct
2017,160419,Peixe preparado ou conservado,24,Angola,19604,0.488,direct
2017,160419,Peixe preparado ou conservado,528,Países Baixos,3374,0.084,direct
2017,230120,Farinhas de carne ou de peixe,704,Vietname,182330,49.345,direct
2017,230120,Farinhas de carne ou de peixe,620,Portugal,81936,22.175,direct
2017,230120,Farinhas de carne ou de peixe,384,Costa do Marfim,36128,9.778,direct
2017,230120,Farinhas de carne ou de peixe,120,Camarões,27507,7.444,direct
2017,230120,Farinhas de carne ou de peixe,422,Líbano,24761,6.701,direct
2017,230120,Farinhas de carne ou de peixe,724,Espanha,16837,4.557,direct
2017,610711,Roupa interior de malha (homem),620,Portugal,860827,100.0,direct
2017,610910,T-shirts e camisetas de malha,620,Portugal,737201,100.0,direct
2017,610990,T-shirts e camisetas de malha,620,Portugal,823845,100.0,direct
2017,620342,Calças e fatos (homem),620,Portugal,3358877,100.0,direct
2017,640610,Partes de calçado,620,Portugal,3725712,100.0,direct
2017,030342,Peixe congelado,724,Espanha,4203171,81.249,mirror
2017,030342,Peixe congelado,792,Turquia,566162,10.944,mirror
2017,030342,Peixe congelado,380,Itália,403873,7.807,mirror
2017,030343,Peixe congelado,724,Espanha,10039242,95.935,mirror
2017,030343,Peixe congelado,792,Turquia,393801,3.763,mirror
2017,030343,Peixe congelado,764,Tailândia,31547,0.301,mirror
2017,030349,Peixe congelado,792,Turquia,88246,100.0,mirror
2017,030389,Peixe congelado,724,Espanha,43477,98.603,mirror
2017,030389,Peixe congelado,686,Senegal,616,1.397,mirror
2017,160414,Peixe preparado ou conservado,724,Espanha,12196121,59.13,mirror
2017,160414,Peixe preparado ou conservado,380,Itália,6836509,33.145,mirror
2017,160414,Peixe preparado ou conservado,842,EUA,803733,3.897,mirror
2017,160414,Peixe preparado ou conservado,24,Angola,307965,1.493,mirror
2017,160414,Peixe preparado ou conservado,300,Grécia,264673,1.283,mirror
2017,160414,Peixe preparado ou conservado,642,Roménia,184575,0.895,mirror
2017,160414,Peixe preparado ou conservado,784,Emirados Árabes Unidos,30192,0.146,mirror
2017,160414,Peixe preparado ou conservado,124,Canadá,1473,0.007,mirror
2017,160415,Peixe preparado ou conservado,724,Espanha,10864020,99.906,mirror
2017,160415,Peixe preparado ou conservado,842,EUA,10271,0.094,mirror
2017,160419,Peixe preparado ou conservado,724,Espanha,3801334,99.291,mirror
2017,160419,Peixe preparado ou conservado,24,Angola,27147,0.709,mirror
2017,230120,Farinhas de carne ou de peixe,620,Portugal,87837,47.792,mirror
2017,230120,Farinhas de carne ou de peixe,384,Costa do Marfim,71819,39.077,mirror
2017,230120,Farinhas de carne ou de peixe,120,Camarões,24133,13.131,mirror
2017,271019,Combustíveis refinados,204,Benim,314533,75.613,mirror
2017,271019,Combustíveis refinados,854,Burkina Faso,76678,18.433,mirror
2017,271019,Combustíveis refinados,562,Niger,24192,5.816,mirror
2017,271019,Combustíveis refinados,724,Espanha,412,0.099,mirror
2017,271019,Combustíveis refinados,528,Países Baixos,77,0.018,mirror
2017,271019,Combustíveis refinados,300,Grécia,68,0.016,mirror
2017,271019,Combustíveis refinados,124,Canadá,16,0.004,mirror
2017,610711,Roupa interior de malha (homem),620,Portugal,957310,100.0,mirror
2017,610910,T-shirts e camisetas de malha,620,Portugal,664703,98.938,mirror
2017,610910,T-shirts e camisetas de malha,702,Singapura,6617,0.985,mirror
2017,610910,T-shirts e camisetas de malha,398,Cazaquistão,452,0.067,mirror
2017,610910,T-shirts e camisetas de malha,422,Líbano,57,0.008,mirror
2017,610910,T-shirts e camisetas de malha,188,Costa Rica,5,0.001,mirror
2017,610990,T-shirts e camisetas de malha,620,Portugal,824418,99.996,mirror
2017,610990,T-shirts e camisetas de malha,124,Canadá,31,0.004,mirror
2017,620342,Calças e fatos (homem),620,Portugal,3287233,100.0,mirror
2017,640610,Partes de calçado,620,Portugal,3805131,100.0,mirror
2017,840999,Partes de motores,208,Dinamarca,14447,28.752,mirror
2017,840999,Partes de motores,620,Portugal,13421,26.71,mirror
2017,840999,Partes de motores,124,Canadá,13018,25.907,mirror
2017,840999,Partes de motores,826,Reino Unido,6442,12.821,mirror
2017,840999,Partes de motores,528,Países Baixos,1584,3.152,mirror
2017,840999,Partes de motores,251,França,1290,2.568,mirror
2017,840999,Partes de motores,104,Myanmar,45,0.09,mirror
2017,860900,Contentores de transporte,854,Burkina Faso,15966,59.784,mirror
2017,860900,Contentores de transporte,620,Portugal,9438,35.339,mirror
2017,860900,Contentores de transporte,152,Chile,1302,4.877,mirror
2017,901580,Instrumentos de topografia,826,Reino Unido,11473,88.234,mirror
2017,901580,Instrumentos de topografia,620,Portugal,1530,11.766,mirror
2018,030349,Peixe congelado,724,Espanha,11647801,90.907,direct
2018,030349,Peixe congelado,531,Curaçao,1165118,9.093,direct
2018,160414,Peixe preparado ou conservado,380,Itália,9842176,70.668,direct
2018,160414,Peixe preparado ou conservado,724,Espanha,2715907,19.5,direct
2018,160414,Peixe preparado ou conservado,842,EUA,957304,6.874,direct
2018,160414,Peixe preparado ou conservado,276,Alemanha,195445,1.403,direct
2018,160414,Peixe preparado ou conservado,642,Roménia,95021,0.682,direct
2018,160414,Peixe preparado ou conservado,504,Marrocos,58160,0.418,direct
2018,160414,Peixe preparado ou conservado,12,Argélia,38337,0.275,direct
2018,160414,Peixe preparado ou conservado,32,Argentina,17045,0.122,direct
2018,160415,Peixe preparado ou conservado,724,Espanha,18758739,99.234,direct
2018,160415,Peixe preparado ou conservado,380,Itália,143418,0.759,direct
2018,160415,Peixe preparado ou conservado,624,Guiné-Bissau,1322,0.007,direct
2018,160419,Peixe preparado ou conservado,724,Espanha,12856385,99.204,direct
2018,160419,Peixe preparado ou conservado,842,EUA,80551,0.622,direct
2018,160419,Peixe preparado ou conservado,380,Itália,21089,0.163,direct
2018,160419,Peixe preparado ou conservado,624,Guiné-Bissau,1453,0.011,direct
2018,230120,Farinhas de carne ou de peixe,724,Espanha,1174465,63.536,direct
2018,230120,Farinhas de carne ou de peixe,490,Taiwan (Prov. China),570244,30.849,direct
2018,230120,Farinhas de carne ou de peixe,704,Vietname,103804,5.616,direct
2018,610711,Roupa interior de malha (homem),620,Portugal,980425,100.0,direct
2018,610910,T-shirts e camisetas de malha,620,Portugal,876202,100.0,direct
2018,610990,T-shirts e camisetas de malha,620,Portugal,923942,100.0,direct
2018,620342,Calças e fatos (homem),620,Portugal,3365971,100.0,direct
2018,640610,Partes de calçado,620,Portugal,4120435,100.0,direct
2018,860900,Contentores de transporte,724,Espanha,7227,100.0,direct
2018,030342,Peixe congelado,724,Espanha,11600399,89.608,mirror
2018,030342,Peixe congelado,380,Itália,758973,5.863,mirror
2018,030342,Peixe congelado,218,Equador,530242,4.096,mirror
2018,030342,Peixe congelado,170,Colômbia,54498,0.421,mirror
2018,030342,Peixe congelado,620,Portugal,1663,0.013,mirror
2018,030343,Peixe congelado,724,Espanha,7396437,81.019,mirror
2018,030343,Peixe congelado,170,Colômbia,567458,6.216,mirror
2018,030343,Peixe congelado,218,Equador,530377,5.81,mirror
2018,030343,Peixe congelado,604,Peru,414409,4.539,mirror
2018,030343,Peixe congelado,792,Turquia,220549,2.416,mirror
2018,030349,Peixe congelado,792,Turquia,229355,100.0,mirror
2018,030357,Peixe congelado,620,Portugal,252950,100.0,mirror
2018,030389,Peixe congelado,724,Espanha,107073,100.0,mirror
2018,160414,Peixe preparado ou conservado,724,Espanha,15440475,55.181,mirror
2018,160414,Peixe preparado ou conservado,380,Itália,9454368,33.788,mirror
2018,160414,Peixe preparado ou conservado,620,Portugal,955262,3.414,mirror
2018,160414,Peixe preparado ou conservado,842,EUA,861652,3.079,mirror
2018,160414,Peixe preparado ou conservado,300,Grécia,503455,1.799,mirror
2018,160414,Peixe preparado ou conservado,276,Alemanha,466215,1.666,mirror
2018,160414,Peixe preparado ou conservado,642,Roménia,237705,0.85,mirror
2018,160414,Peixe preparado ou conservado,757,Suíça,58712,0.21,mirror
2018,160415,Peixe preparado ou conservado,724,Espanha,17317147,99.018,mirror
2018,160415,Peixe preparado ou conservado,380,Itália,163402,0.934,mirror
2018,160415,Peixe preparado ou conservado,842,EUA,8304,0.047,mirror
2018,160419,Peixe preparado ou conservado,724,Espanha,16111934,100.0,mirror
2018,230120,Farinhas de carne ou de peixe,724,Espanha,1936542,91.573,mirror
2018,230120,Farinhas de carne ou de peixe,490,Taiwan (Prov. China),137346,6.495,mirror
2018,230120,Farinhas de carne ou de peixe,384,Costa do Marfim,40867,1.932,mirror
2018,271019,Combustíveis refinados,620,Portugal,26950,90.65,mirror
2018,271019,Combustíveis refinados,724,Espanha,1430,4.81,mirror
2018,271019,Combustíveis refinados,48,Barém,1049,3.53,mirror
2018,271019,Combustíveis refinados,702,Singapura,220,0.74,mirror
2018,271019,Combustíveis refinados,528,Países Baixos,80,0.27,mirror
2018,610711,Roupa interior de malha (homem),620,Portugal,1160701,99.652,mirror
2018,610711,Roupa interior de malha (homem),414,Kuwait,4049,0.348,mirror
2018,610910,T-shirts e camisetas de malha,620,Portugal,1031313,99.864,mirror
2018,610910,T-shirts e camisetas de malha,442,Luxemburgo,1219,0.118,mirror
2018,610910,T-shirts e camisetas de malha,251,França,152,0.015,mirror
2018,610910,T-shirts e camisetas de malha,372,Irlanda,15,0.001,mirror
2018,610910,T-shirts e camisetas de malha,784,Emirados Árabes Unidos,11,0.001,mirror
2018,610910,T-shirts e camisetas de malha,50,Bangladesh,5,0.001,mirror
2018,610990,T-shirts e camisetas de malha,620,Portugal,969630,99.872,mirror
2018,610990,T-shirts e camisetas de malha,524,Nepal,609,0.063,mirror
2018,610990,T-shirts e camisetas de malha,40,Áustria,392,0.04,mirror
2018,610990,T-shirts e camisetas de malha,504,Marrocos,134,0.014,mirror
2018,610990,T-shirts e camisetas de malha,275,State of Palestine,69,0.007,mirror
2018,610990,T-shirts e camisetas de malha,442,Luxemburgo,36,0.004,mirror
2018,610990,T-shirts e camisetas de malha,410,Coreia do Sul,6,0.001,mirror
2018,620342,Calças e fatos (homem),620,Portugal,3833989,87.03,mirror
2018,620342,Calças e fatos (homem),724,Espanha,354407,8.045,mirror
2018,620342,Calças e fatos (homem),156,China,51779,1.175,mirror
2018,620342,Calças e fatos (homem),643,Rússia,35002,0.795,mirror
2018,620342,Calças e fatos (homem),616,Polónia,24568,0.558,mirror
2018,620342,Calças e fatos (homem),792,Turquia,20060,0.455,mirror
2018,620342,Calças e fatos (homem),276,Alemanha,11535,0.262,mirror
2018,620342,Calças e fatos (homem),251,França,11120,0.252,mirror
2018,640610,Partes de calçado,620,Portugal,4317613,100.0,mirror
2018,840999,Partes de motores,528,Países Baixos,118075,76.213,mirror
2018,840999,Partes de motores,620,Portugal,15417,9.951,mirror
2018,840999,Partes de motores,124,Canadá,12559,8.107,mirror
2018,840999,Partes de motores,724,Espanha,4314,2.785,mirror
2018,840999,Partes de motores,410,Coreia do Sul,2581,1.666,mirror
2018,840999,Partes de motores,170,Colômbia,1617,1.044,mirror
2018,840999,Partes de motores,251,França,187,0.12,mirror
2018,840999,Partes de motores,246,Finlândia,177,0.114,mirror
2018,860900,Contentores de transporte,620,Portugal,13115,67.581,mirror
2018,860900,Contentores de transporte,251,França,6291,32.419,mirror
2018,901580,Instrumentos de topografia,276,Alemanha,372621,87.183,mirror
2018,901580,Instrumentos de topografia,620,Portugal,54782,12.817,mirror
2019,030342,Peixe congelado,724,Espanha,2414356,88.928,direct
2019,030342,Peixe congelado,380,Itália,157356,5.796,direct
2019,030342,Peixe congelado,620,Portugal,143145,5.272,direct
2019,030342,Peixe congelado,899,"Areas, nes",107,0.004,direct
2019,030343,Peixe congelado,218,Equador,4044120,51.204,direct
2019,030343,Peixe congelado,504,Marrocos,1773706,22.457,direct
2019,030343,Peixe congelado,724,Espanha,1553600,19.671,direct
2019,030343,Peixe congelado,12,Argélia,397536,5.033,direct
2019,030343,Peixe congelado,156,China,62143,0.787,direct
2019,030343,Peixe congelado,764,Tailândia,30979,0.392,direct
2019,030343,Peixe congelado,392,Japão,30719,0.389,direct
2019,030343,Peixe congelado,620,Portugal,5060,0.064,direct
2019,030349,Peixe congelado,724,Espanha,9132348,78.778,direct
2019,030349,Peixe congelado,12,Argélia,1981529,17.093,direct
2019,030349,Peixe congelado,218,Equador,453034,3.908,direct
2019,030349,Peixe congelado,899,"Areas, nes",24951,0.215,direct
2019,030349,Peixe congelado,620,Portugal,679,0.006,direct
2019,030357,Peixe congelado,620,Portugal,4381216,91.796,direct
2019,030357,Peixe congelado,724,Espanha,372210,7.799,direct
2019,030357,Peixe congelado,410,Coreia do Sul,19049,0.399,direct
2019,030357,Peixe congelado,899,"Areas, nes",314,0.007,direct
2019,030389,Peixe congelado,620,Portugal,6469492,91.801,direct
2019,030389,Peixe congelado,724,Espanha,522338,7.412,direct
2019,030389,Peixe congelado,899,"Areas, nes",55503,0.788,direct
2019,160414,Peixe preparado ou conservado,724,Espanha,10494669,84.741,direct
2019,160414,Peixe preparado ou conservado,842,EUA,1288705,10.406,direct
2019,160414,Peixe preparado ou conservado,276,Alemanha,248664,2.008,direct
2019,160414,Peixe preparado ou conservado,642,Roménia,139912,1.13,direct
2019,160414,Peixe preparado ou conservado,620,Portugal,109528,0.884,direct
2019,160414,Peixe preparado ou conservado,12,Argélia,77045,0.622,direct
2019,160414,Peixe preparado ou conservado,380,Itália,17995,0.145,direct
2019,160414,Peixe preparado ou conservado,899,"Areas, nes",7783,0.063,direct
2019,160415,Peixe preparado ou conservado,724,Espanha,13737946,98.822,direct
2019,160415,Peixe preparado ou conservado,842,EUA,163160,1.174,direct
2019,160415,Peixe preparado ou conservado,899,"Areas, nes",523,0.004,direct
2019,160415,Peixe preparado ou conservado,620,Portugal,33,0.0,direct
2019,160419,Peixe preparado ou conservado,724,Espanha,12360547,99.272,direct
2019,160419,Peixe preparado ou conservado,842,EUA,81353,0.653,direct
2019,160419,Peixe preparado ou conservado,899,"Areas, nes",6434,0.052,direct
2019,160419,Peixe preparado ou conservado,620,Portugal,2369,0.019,direct
2019,160419,Peixe preparado ou conservado,276,Alemanha,456,0.004,direct
2019,230120,Farinhas de carne ou de peixe,724,Espanha,1753910,100.0,direct
2019,271019,Combustíveis refinados,899,"Areas, nes",87101518,54.369,direct
2019,271019,Combustíveis refinados,528,Países Baixos,38325849,23.923,direct
2019,271019,Combustíveis refinados,56,Bélgica,10509173,6.56,direct
2019,271019,Combustíveis refinados,384,Costa do Marfim,6488882,4.05,direct
2019,271019,Combustíveis refinados,686,Senegal,5343640,3.335,direct
2019,271019,Combustíveis refinados,724,Espanha,3164547,1.975,direct
2019,271019,Combustíveis refinados,251,França,3150516,1.967,direct
2019,271019,Combustíveis refinados,380,Itália,1923886,1.201,direct
2019,610711,Roupa interior de malha (homem),620,Portugal,1161962,100.0,direct
2019,610910,T-shirts e camisetas de malha,620,Portugal,779572,99.996,direct
2019,610910,T-shirts e camisetas de malha,899,"Areas, nes",28,0.004,direct
2019,610990,T-shirts e camisetas de malha,620,Portugal,847342,99.275,direct
2019,610990,T-shirts e camisetas de malha,624,Guiné-Bissau,6031,0.707,direct
2019,610990,T-shirts e camisetas de malha,899,"Areas, nes",154,0.018,direct
2019,620342,Calças e fatos (homem),620,Portugal,2923639,99.805,direct
2019,620342,Calças e fatos (homem),899,"Areas, nes",5722,0.195,direct
2019,640610,Partes de calçado,620,Portugal,3285697,100.0,direct
2019,680710,Artigos asfálticos em rolos,899,"Areas, nes",188,100.0,direct
2019,840710,Motores de ignição por faísca,620,Portugal,335849,99.933,direct
2019,840710,Motores de ignição por faísca,724,Espanha,224,0.067,direct
2019,840999,Partes de motores,620,Portugal,898547,40.231,direct
2019,840999,Partes de motores,56,Bélgica,446234,19.979,direct
2019,840999,Partes de motores,899,"Areas, nes",413771,18.526,direct
2019,840999,Partes de motores,276,Alemanha,85621,3.834,direct
2019,840999,Partes de motores,686,Senegal,82381,3.689,direct
2019,840999,Partes de motores,724,Espanha,67947,3.042,direct
2019,840999,Partes de motores,504,Marrocos,57217,2.562,direct
2019,840999,Partes de motores,826,Reino Unido,46263,2.071,direct
2019,860900,Contentores de transporte,620,Portugal,22177142,42.831,direct
2019,860900,Contentores de transporte,724,Espanha,14018380,27.074,direct
2019,860900,Contentores de transporte,899,"Areas, nes",13379482,25.84,direct
2019,860900,Contentores de transporte,842,EUA,434742,0.84,direct
2019,860900,Contentores de transporte,528,Países Baixos,371084,0.717,direct
2019,860900,Contentores de transporte,56,Bélgica,333630,0.644,direct
2019,860900,Contentores de transporte,251,França,254835,0.492,direct
2019,860900,Contentores de transporte,380,Itália,142139,0.275,direct
2019,901580,Instrumentos de topografia,899,"Areas, nes",4771020,55.914,direct
2019,901580,Instrumentos de topografia,276,Alemanha,3218669,37.721,direct
2019,901580,Instrumentos de topografia,620,Portugal,246433,2.888,direct
2019,901580,Instrumentos de topografia,579,Noruega,163883,1.921,direct
2019,901580,Instrumentos de topografia,842,EUA,92994,1.09,direct
2019,901580,Instrumentos de topografia,724,Espanha,31379,0.368,direct
2019,901580,Instrumentos de topografia,826,Reino Unido,5661,0.066,direct
2019,901580,Instrumentos de topografia,251,França,1679,0.02,direct
2019,030342,Peixe congelado,724,Espanha,8420532,86.371,mirror
2019,030342,Peixe congelado,380,Itália,1328549,13.627,mirror
2019,030342,Peixe congelado,218,Equador,189,0.002,mirror
2019,030343,Peixe congelado,724,Espanha,5221694,93.259,mirror
2019,030343,Peixe congelado,792,Turquia,341142,6.093,mirror
2019,030343,Peixe congelado,218,Equador,36273,0.648,mirror
2019,030389,Peixe congelado,724,Espanha,21185,100.0,mirror
2019,160414,Peixe preparado ou conservado,724,Espanha,15471440,60.09,mirror
2019,160414,Peixe preparado ou conservado,380,Itália,6762294,26.264,mirror
2019,160414,Peixe preparado ou conservado,842,EUA,1664643,6.465,mirror
2019,160414,Peixe preparado ou conservado,620,Portugal,756193,2.937,mirror
2019,160414,Peixe preparado ou conservado,276,Alemanha,633942,2.462,mirror
2019,160414,Peixe preparado ou conservado,642,Roménia,192972,0.749,mirror
2019,160414,Peixe preparado ou conservado,792,Turquia,182883,0.71,mirror
2019,160414,Peixe preparado ou conservado,192,Cuba,81980,0.318,mirror
2019,160415,Peixe preparado ou conservado,724,Espanha,10097904,99.157,mirror
2019,160415,Peixe preparado ou conservado,842,EUA,85845,0.843,mirror
2019,160419,Peixe preparado ou conservado,724,Espanha,14605021,98.589,mirror
2019,160419,Peixe preparado ou conservado,380,Itália,139373,0.941,mirror
2019,160419,Peixe preparado ou conservado,192,Cuba,60692,0.41,mirror
2019,160419,Peixe preparado ou conservado,642,Roménia,8922,0.06,mirror
2019,230120,Farinhas de carne ou de peixe,724,Espanha,1619306,100.0,mirror
2019,271019,Combustíveis refinados,124,Canadá,1083,57.708,mirror
2019,271019,Combustíveis refinados,724,Espanha,565,30.122,mirror
2019,271019,Combustíveis refinados,620,Portugal,228,12.17,mirror
2019,610711,Roupa interior de malha (homem),620,Portugal,1181471,100.0,mirror
2019,610910,T-shirts e camisetas de malha,620,Portugal,712429,99.837,mirror
2019,610910,T-shirts e camisetas de malha,826,Reino Unido,1129,0.158,mirror
2019,610910,T-shirts e camisetas de malha,784,Emirados Árabes Unidos,22,0.003,mirror
2019,610910,T-shirts e camisetas de malha,251,França,8,0.001,mirror
2019,610990,T-shirts e camisetas de malha,620,Portugal,930462,97.878,mirror
2019,610990,T-shirts e camisetas de malha,724,Espanha,16193,1.703,mirror
2019,610990,T-shirts e camisetas de malha,458,Malásia,3622,0.381,mirror
2019,610990,T-shirts e camisetas de malha,442,Luxemburgo,288,0.03,mirror
2019,610990,T-shirts e camisetas de malha,258,French Polynesia,52,0.005,mirror
2019,610990,T-shirts e camisetas de malha,504,Marrocos,12,0.001,mirror
2019,620342,Calças e fatos (homem),620,Portugal,2927807,97.561,mirror
2019,620342,Calças e fatos (homem),156,China,12329,0.411,mirror
2019,620342,Calças e fatos (homem),724,Espanha,10726,0.357,mirror
2019,620342,Calças e fatos (homem),616,Polónia,7485,0.249,mirror
2019,620342,Calças e fatos (homem),643,Rússia,5193,0.173,mirror
2019,620342,Calças e fatos (homem),792,Turquia,4812,0.16,mirror
2019,620342,Calças e fatos (homem),251,França,4138,0.138,mirror
2019,620342,Calças e fatos (homem),784,Emirados Árabes Unidos,3687,0.123,mirror
2019,640610,Partes de calçado,620,Portugal,3427788,100.0,mirror
2019,840999,Partes de motores,620,Portugal,52747,56.789,mirror
2019,840999,Partes de motores,724,Espanha,33765,36.353,mirror
2019,840999,Partes de motores,410,Coreia do Sul,5547,5.972,mirror
2019,840999,Partes de motores,124,Canadá,823,0.886,mirror
2019,860900,Contentores de transporte,620,Portugal,6096,100.0,mirror
2019,901580,Instrumentos de topografia,826,Reino Unido,54654,99.686,mirror
2019,901580,Instrumentos de topografia,620,Portugal,172,0.314,mirror
2020,030342,Peixe congelado,380,Itália,12807,100.0,direct
2020,030349,Peixe congelado,724,Espanha,8276502,93.926,direct
2020,030349,Peixe congelado,504,Marrocos,535252,6.074,direct
2020,160414,Peixe preparado ou conservado,380,Itália,5903227,60.756,direct
2020,160414,Peixe preparado ou conservado,724,Espanha,2155334,22.183,direct
2020,160414,Peixe preparado ou conservado,842,EUA,1624195,16.716,direct
2020,160414,Peixe preparado ou conservado,788,Tunisia,23234,0.239,direct
2020,160414,Peixe preparado ou conservado,504,Marrocos,10291,0.106,direct
2020,160415,Peixe preparado ou conservado,724,Espanha,13193615,97.432,direct
2020,160415,Peixe preparado ou conservado,380,Itália,223757,1.652,direct
2020,160415,Peixe preparado ou conservado,842,EUA,123970,0.915,direct
2020,160419,Peixe preparado ou conservado,724,Espanha,8165222,84.789,direct
2020,160419,Peixe preparado ou conservado,276,Alemanha,1316600,13.672,direct
2020,160419,Peixe preparado ou conservado,842,EUA,105549,1.096,direct
2020,160419,Peixe preparado ou conservado,380,Itália,42688,0.443,direct
2020,230120,Farinhas de carne ou de peixe,724,Espanha,1413006,100.0,direct
2020,610711,Roupa interior de malha (homem),620,Portugal,926685,100.0,direct
2020,610910,T-shirts e camisetas de malha,620,Portugal,424000,100.0,direct
2020,610990,T-shirts e camisetas de malha,620,Portugal,846793,100.0,direct
2020,620342,Calças e fatos (homem),620,Portugal,946255,100.0,direct
2020,640610,Partes de calçado,620,Portugal,2631229,100.0,direct
2020,840999,Partes de motores,276,Alemanha,1709,100.0,direct
2020,901580,Instrumentos de topografia,620,Portugal,797,100.0,direct
2020,030342,Peixe congelado,724,Espanha,10750762,93.547,mirror
2020,030342,Peixe congelado,380,Itália,727591,6.331,mirror
2020,030342,Peixe congelado,480,Maurícias,13884,0.121,mirror
2020,030342,Peixe congelado,218,Equador,126,0.001,mirror
2020,030343,Peixe congelado,724,Espanha,5639311,90.277,mirror
2020,030343,Peixe congelado,480,Maurícias,347877,5.569,mirror
2020,030343,Peixe congelado,218,Equador,259491,4.154,mirror
2020,030389,Peixe congelado,724,Espanha,47569,98.819,mirror
2020,030389,Peixe congelado,218,Equador,569,1.181,mirror
2020,160414,Peixe preparado ou conservado,724,Espanha,11387215,54.342,mirror
2020,160414,Peixe preparado ou conservado,380,Itália,7040249,33.598,mirror
2020,160414,Peixe preparado ou conservado,842,EUA,1785353,8.52,mirror
2020,160414,Peixe preparado ou conservado,788,Tunisia,425533,2.031,mirror
2020,160414,Peixe preparado ou conservado,251,França,144019,0.687,mirror
2020,160414,Peixe preparado ou conservado,642,Roménia,76520,0.365,mirror
2020,160414,Peixe preparado ou conservado,504,Marrocos,55098,0.263,mirror
2020,160414,Peixe preparado ou conservado,192,Cuba,40636,0.194,mirror
2020,160415,Peixe preparado ou conservado,724,Espanha,13799463,97.287,mirror
2020,160415,Peixe preparado ou conservado,842,EUA,284685,2.007,mirror
2020,160415,Peixe preparado ou conservado,380,Itália,100181,0.706,mirror
2020,160419,Peixe preparado ou conservado,724,Espanha,11725425,98.863,mirror
2020,160419,Peixe preparado ou conservado,380,Itália,111222,0.938,mirror
2020,160419,Peixe preparado ou conservado,192,Cuba,23579,0.199,mirror
2020,230120,Farinhas de carne ou de peixe,724,Espanha,1487823,100.0,mirror
2020,271019,Combustíveis refinados,352,Islândia,926,38.811,mirror
2020,271019,Combustíveis refinados,724,Espanha,816,34.186,mirror
2020,271019,Combustíveis refinados,620,Portugal,644,27.002,mirror
2020,610711,Roupa interior de malha (homem),620,Portugal,960855,100.0,mirror
2020,610910,T-shirts e camisetas de malha,620,Portugal,453396,99.686,mirror
2020,610910,T-shirts e camisetas de malha,724,Espanha,1367,0.301,mirror
2020,610910,T-shirts e camisetas de malha,784,Emirados Árabes Unidos,29,0.006,mirror
2020,610910,T-shirts e camisetas de malha,528,Países Baixos,25,0.006,mirror
2020,610910,T-shirts e camisetas de malha,360,Indonésia,7,0.002,mirror
2020,610990,T-shirts e camisetas de malha,620,Portugal,841059,100.0,mirror
2020,620342,Calças e fatos (homem),620,Portugal,1125688,99.712,mirror
2020,620342,Calças e fatos (homem),36,Austrália,2991,0.265,mirror
2020,620342,Calças e fatos (homem),724,Espanha,104,0.009,mirror
2020,620342,Calças e fatos (homem),372,Irlanda,85,0.007,mirror
2020,620342,Calças e fatos (homem),124,Canadá,72,0.006,mirror
2020,640610,Partes de calçado,620,Portugal,2609957,99.98,mirror
2020,640610,Partes de calçado,214,República Dominicana,514,0.02,mirror
2020,840999,Partes de motores,124,Canadá,13989,48.851,mirror
2020,840999,Partes de motores,724,Espanha,7700,26.887,mirror
2020,840999,Partes de motores,620,Portugal,6676,23.313,mirror
2020,840999,Partes de motores,300,Grécia,272,0.949,mirror
2020,901580,Instrumentos de topografia,620,Portugal,302661,84.35,mirror
2020,901580,Instrumentos de topografia,276,Alemanha,56154,15.65,mirror
2021,030342,Peixe congelado,724,Espanha,881799,88.716,direct
2021,030342,Peixe congelado,380,Itália,78760,7.924,direct
2021,030342,Peixe congelado,620,Portugal,33394,3.36,direct
2021,030343,Peixe congelado,504,Marrocos,2737086,49.167,direct
2021,030343,Peixe congelado,218,Equador,1146086,20.587,direct
2021,030343,Peixe congelado,792,Turquia,758377,13.623,direct
2021,030343,Peixe congelado,724,Espanha,408221,7.333,direct
2021,030343,Peixe congelado,620,Portugal,302000,5.425,direct
2021,030343,Peixe congelado,360,Indonésia,108021,1.94,direct
2021,030343,Peixe congelado,392,Japão,53973,0.97,direct
2021,030343,Peixe congelado,384,Costa do Marfim,53148,0.955,direct
2021,030349,Peixe congelado,724,Espanha,2202033,99.982,direct
2021,030349,Peixe congelado,899,"Areas, nes",402,0.018,direct
2021,030357,Peixe congelado,620,Portugal,3639847,95.806,direct
2021,030357,Peixe congelado,899,"Areas, nes",96167,2.531,direct
2021,030357,Peixe congelado,724,Espanha,63165,1.663,direct
2021,030389,Peixe congelado,620,Portugal,4794426,88.973,direct
2021,030389,Peixe congelado,384,Costa do Marfim,209580,3.889,direct
2021,030389,Peixe congelado,899,"Areas, nes",197253,3.661,direct
2021,030389,Peixe congelado,724,Espanha,187374,3.477,direct
2021,160414,Peixe preparado ou conservado,380,Itália,6663473,54.136,direct
2021,160414,Peixe preparado ou conservado,842,EUA,2651364,21.54,direct
2021,160414,Peixe preparado ou conservado,724,Espanha,2570183,20.881,direct
2021,160414,Peixe preparado ou conservado,12,Argélia,224986,1.828,direct
2021,160414,Peixe preparado ou conservado,804,Ucrânia,129181,1.05,direct
2021,160414,Peixe preparado ou conservado,434,Libya,47577,0.387,direct
2021,160414,Peixe preparado ou conservado,504,Marrocos,13607,0.111,direct
2021,160414,Peixe preparado ou conservado,899,"Areas, nes",8289,0.067,direct
2021,160415,Peixe preparado ou conservado,724,Espanha,18387451,97.061,direct
2021,160415,Peixe preparado ou conservado,380,Itália,456689,2.411,direct
2021,160415,Peixe preparado ou conservado,842,EUA,99327,0.524,direct
2021,160415,Peixe preparado ou conservado,899,"Areas, nes",683,0.004,direct
2021,160419,Peixe preparado ou conservado,724,Espanha,8790641,98.651,direct
2021,160419,Peixe preparado ou conservado,380,Itália,90773,1.019,direct
2021,160419,Peixe preparado ou conservado,504,Marrocos,11912,0.134,direct
2021,160419,Peixe preparado ou conservado,842,EUA,6132,0.069,direct
2021,160419,Peixe preparado ou conservado,899,"Areas, nes",5693,0.064,direct
2021,160419,Peixe preparado ou conservado,12,Argélia,5668,0.064,direct
2021,160419,Peixe preparado ou conservado,620,Portugal,28,0.0,direct
2021,230120,Farinhas de carne ou de peixe,724,Espanha,1599289,100.0,direct
2021,271019,Combustíveis refinados,899,"Areas, nes",51679731,57.007,direct
2021,271019,Combustíveis refinados,528,Países Baixos,10179153,11.228,direct
2021,271019,Combustíveis refinados,768,Togo,9506913,10.487,direct
2021,271019,Combustíveis refinados,620,Portugal,6293772,6.943,direct
2021,271019,Combustíveis refinados,724,Espanha,6038302,6.661,direct
2021,271019,Combustíveis refinados,380,Itália,3863477,4.262,direct
2021,271019,Combustíveis refinados,818,Egito,2311911,2.55,direct
2021,271019,Combustíveis refinados,699,Índia,317427,0.35,direct
2021,610711,Roupa interior de malha (homem),620,Portugal,723040,100.0,direct
2021,610910,T-shirts e camisetas de malha,620,Portugal,284421,99.0,direct
2021,610910,T-shirts e camisetas de malha,686,Senegal,2434,0.847,direct
2021,610910,T-shirts e camisetas de malha,724,Espanha,440,0.153,direct
2021,610990,T-shirts e camisetas de malha,620,Portugal,434574,100.0,direct
2021,620342,Calças e fatos (homem),620,Portugal,161528,98.992,direct
2021,620342,Calças e fatos (homem),899,"Areas, nes",1367,0.838,direct
2021,620342,Calças e fatos (homem),724,Espanha,277,0.17,direct
2021,640610,Partes de calçado,620,Portugal,2337279,100.0,direct
2021,680710,Artigos asfálticos em rolos,899,"Areas, nes",9,100.0,direct
2021,840999,Partes de motores,620,Portugal,1417006,31.304,direct
2021,840999,Partes de motores,724,Espanha,1261383,27.866,direct
2021,840999,Partes de motores,686,Senegal,948083,20.944,direct
2021,840999,Partes de motores,276,Alemanha,374654,8.277,direct
2021,840999,Partes de motores,899,"Areas, nes",259752,5.738,direct
2021,840999,Partes de motores,528,Países Baixos,110799,2.448,direct
2021,840999,Partes de motores,208,Dinamarca,76928,1.699,direct
2021,840999,Partes de motores,826,Reino Unido,51425,1.136,direct
2021,860900,Contentores de transporte,620,Portugal,17945656,41.367,direct
2021,860900,Contentores de transporte,724,Espanha,17891757,41.242,direct
2021,860900,Contentores de transporte,899,"Areas, nes",5322464,12.269,direct
2021,860900,Contentores de transporte,842,EUA,750069,1.729,direct
2021,860900,Contentores de transporte,76,Brasil,483690,1.115,direct
2021,860900,Contentores de transporte,156,China,303589,0.7,direct
2021,860900,Contentores de transporte,380,Itália,151795,0.35,direct
2021,860900,Contentores de transporte,56,Bélgica,123367,0.284,direct
2021,901580,Instrumentos de topografia,899,"Areas, nes",607399,38.023,direct
2021,901580,Instrumentos de topografia,276,Alemanha,454420,28.446,direct
2021,901580,Instrumentos de topografia,579,Noruega,293656,18.383,direct
2021,901580,Instrumentos de topografia,826,Reino Unido,157417,9.854,direct
2021,901580,Instrumentos de topografia,251,França,33937,2.124,direct
2021,901580,Instrumentos de topografia,620,Portugal,28491,1.784,direct
2021,901580,Instrumentos de topografia,178,Congo,10235,0.641,direct
2021,901580,Instrumentos de topografia,208,Dinamarca,9832,0.615,direct
2021,030342,Peixe congelado,724,Espanha,3881435,100.0,mirror
2021,030343,Peixe congelado,724,Espanha,1478746,53.949,mirror
2021,030343,Peixe congelado,792,Turquia,909443,33.179,mirror
2021,030343,Peixe congelado,504,Marrocos,352836,12.872,mirror
2021,030389,Peixe congelado,384,Costa do Marfim,45285,100.0,mirror
2021,160414,Peixe preparado ou conservado,724,Espanha,11509478,51.288,mirror
2021,160414,Peixe preparado ou conservado,380,Itália,7177487,31.984,mirror
2021,160414,Peixe preparado ou conservado,842,EUA,3225281,14.372,mirror
2021,160414,Peixe preparado ou conservado,642,Roménia,217793,0.971,mirror
2021,160414,Peixe preparado ou conservado,192,Cuba,168152,0.749,mirror
2021,160414,Peixe preparado ou conservado,504,Marrocos,123235,0.549,mirror
2021,160414,Peixe preparado ou conservado,788,Tunisia,19442,0.087,mirror
2021,160414,Peixe preparado ou conservado,124,Canadá,44,0.0,mirror
2021,160415,Peixe preparado ou conservado,724,Espanha,17780213,97.175,mirror
2021,160415,Peixe preparado ou conservado,380,Itália,270360,1.478,mirror
2021,160415,Peixe preparado ou conservado,842,EUA,246499,1.347,mirror
2021,160419,Peixe preparado ou conservado,724,Espanha,12647956,98.305,mirror
2021,160419,Peixe preparado ou conservado,380,Itália,218107,1.695,mirror
2021,160419,Peixe preparado ou conservado,251,França,28,0.0,mirror
2021,230120,Farinhas de carne ou de peixe,724,Espanha,1566735,100.0,mirror
2021,271019,Combustíveis refinados,620,Portugal,2212,74.52,mirror
2021,271019,Combustíveis refinados,528,Países Baixos,583,19.646,mirror
2021,271019,Combustíveis refinados,56,Bélgica,106,3.565,mirror
2021,271019,Combustíveis refinados,724,Espanha,66,2.218,mirror
2021,271019,Combustíveis refinados,702,Singapura,1,0.05,mirror
2021,610711,Roupa interior de malha (homem),620,Portugal,1258805,100.0,mirror
2021,610910,T-shirts e camisetas de malha,620,Portugal,452364,99.86,mirror
2021,610910,T-shirts e camisetas de malha,646,Rwanda,351,0.078,mirror
2021,610910,T-shirts e camisetas de malha,792,Turquia,284,0.063,mirror
2021,610990,T-shirts e camisetas de malha,620,Portugal,894855,99.939,mirror
2021,610990,T-shirts e camisetas de malha,616,Polónia,255,0.028,mirror
2021,610990,T-shirts e camisetas de malha,724,Espanha,196,0.022,mirror
2021,610990,T-shirts e camisetas de malha,710,África do Sul,44,0.005,mirror
2021,610990,T-shirts e camisetas de malha,372,Irlanda,38,0.004,mirror
2021,610990,T-shirts e camisetas de malha,410,Coreia do Sul,12,0.001,mirror
2021,620342,Calças e fatos (homem),620,Portugal,180295,99.995,mirror
2021,620342,Calças e fatos (homem),233,Estónia,9,0.005,mirror
2021,640610,Partes de calçado,620,Portugal,3180140,100.0,mirror
2021,840999,Partes de motores,208,Dinamarca,95229,73.774,mirror
2021,840999,Partes de motores,124,Canadá,15881,12.303,mirror
2021,840999,Partes de motores,724,Espanha,13172,10.204,mirror
2021,840999,Partes de motores,620,Portugal,4800,3.718,mirror
2021,860900,Contentores de transporte,826,Reino Unido,4642,85.493,mirror
2021,860900,Contentores de transporte,620,Portugal,788,14.507,mirror
2021,901580,Instrumentos de topografia,620,Portugal,34126,43.061,mirror
2021,901580,Instrumentos de topografia,276,Alemanha,33064,41.721,mirror
2021,901580,Instrumentos de topografia,724,Espanha,12060,15.218,mirror
2022,030342,Peixe congelado,724,Espanha,92185,87.861,direct
2022,030342,Peixe congelado,620,Portugal,12737,12.139,direct
2022,030343,Peixe congelado,218,Equador,1284784,68.339,direct
2022,030343,Peixe congelado,222,El Salvador,522681,27.802,direct
2022,030343,Peixe congelado,764,Tailândia,72139,3.837,direct
2022,030343,Peixe congelado,757,Suíça,411,0.022,direct
2022,030349,Peixe congelado,724,Espanha,1151570,100.0,direct
2022,030357,Peixe congelado,620,Portugal,2752613,92.726,direct
2022,030357,Peixe congelado,724,Espanha,196920,6.634,direct
2022,030357,Peixe congelado,899,"Areas, nes",19001,0.64,direct
2022,030389,Peixe congelado,620,Portugal,2930918,88.457,direct
2022,030389,Peixe congelado,724,Espanha,196232,5.922,direct
2022,030389,Peixe congelado,410,Coreia do Sul,109851,3.315,direct
2022,030389,Peixe congelado,899,"Areas, nes",63128,1.905,direct
2022,030389,Peixe congelado,384,Costa do Marfim,8473,0.256,direct
2022,030389,Peixe congelado,757,Suíça,4764,0.144,direct
2022,160414,Peixe preparado ou conservado,380,Itália,8608735,69.328,direct
2022,160414,Peixe preparado ou conservado,724,Espanha,1956379,15.755,direct
2022,160414,Peixe preparado ou conservado,842,EUA,1448194,11.663,direct
2022,160414,Peixe preparado ou conservado,620,Portugal,153659,1.237,direct
2022,160414,Peixe preparado ou conservado,192,Cuba,133198,1.073,direct
2022,160414,Peixe preparado ou conservado,12,Argélia,73997,0.596,direct
2022,160414,Peixe preparado ou conservado,434,Libya,19813,0.16,direct
2022,160414,Peixe preparado ou conservado,899,"Areas, nes",11785,0.095,direct
2022,160415,Peixe preparado ou conservado,724,Espanha,13367669,97.069,direct
2022,160415,Peixe preparado ou conservado,380,Itália,320863,2.33,direct
2022,160415,Peixe preparado ou conservado,842,EUA,82466,0.599,direct
2022,160415,Peixe preparado ou conservado,899,"Areas, nes",372,0.003,direct
2022,160419,Peixe preparado ou conservado,724,Espanha,7021688,97.473,direct
2022,160419,Peixe preparado ou conservado,276,Alemanha,102626,1.425,direct
2022,160419,Peixe preparado ou conservado,192,Cuba,67143,0.932,direct
2022,160419,Peixe preparado ou conservado,842,EUA,9192,0.128,direct
2022,160419,Peixe preparado ou conservado,899,"Areas, nes",3084,0.043,direct
2022,230120,Farinhas de carne ou de peixe,724,Espanha,1843138,100.0,direct
2022,271019,Combustíveis refinados,899,"Areas, nes",119214838,63.88,direct
2022,271019,Combustíveis refinados,528,Países Baixos,20541412,11.007,direct
2022,271019,Combustíveis refinados,768,Togo,18775170,10.06,direct
2022,271019,Combustíveis refinados,292,Gibraltar,6708063,3.594,direct
2022,271019,Combustíveis refinados,620,Portugal,4234147,2.269,direct
2022,271019,Combustíveis refinados,414,Kuwait,3858332,2.067,direct
2022,271019,Combustíveis refinados,56,Bélgica,3636082,1.948,direct
2022,271019,Combustíveis refinados,380,Itália,3106197,1.664,direct
2022,610711,Roupa interior de malha (homem),620,Portugal,194423,100.0,direct
2022,610910,T-shirts e camisetas de malha,620,Portugal,131814,99.055,direct
2022,610910,T-shirts e camisetas de malha,724,Espanha,1186,0.891,direct
2022,610910,T-shirts e camisetas de malha,196,Chipre,72,0.054,direct
2022,610990,T-shirts e camisetas de malha,620,Portugal,141740,100.0,direct
2022,620342,Calças e fatos (homem),620,Portugal,379365,98.81,direct
2022,620342,Calças e fatos (homem),899,"Areas, nes",4464,1.163,direct
2022,620342,Calças e fatos (homem),724,Espanha,107,0.028,direct
2022,640610,Partes de calçado,620,Portugal,1254385,100.0,direct
2022,840710,Motores de ignição por faísca,620,Portugal,78626,100.0,direct
2022,840999,Partes de motores,686,Senegal,477664,25.187,direct
2022,840999,Partes de motores,620,Portugal,475932,25.096,direct
2022,840999,Partes de motores,276,Alemanha,310599,16.378,direct
2022,840999,Partes de motores,826,Reino Unido,278179,14.668,direct
2022,840999,Partes de motores,899,"Areas, nes",186007,9.808,direct
2022,840999,Partes de motores,842,EUA,85026,4.483,direct
2022,840999,Partes de motores,724,Espanha,58431,3.081,direct
2022,840999,Partes de motores,591,Panamá,9556,0.504,direct
2022,860900,Contentores de transporte,620,Portugal,13837941,42.622,direct
2022,860900,Contentores de transporte,724,Espanha,10693553,32.937,direct
2022,860900,Contentores de transporte,899,"Areas, nes",6875713,21.178,direct
2022,860900,Contentores de transporte,842,EUA,605131,1.864,direct
2022,860900,Contentores de transporte,380,Itália,335698,1.034,direct
2022,860900,Contentores de transporte,528,Países Baixos,37904,0.117,direct
2022,860900,Contentores de transporte,56,Bélgica,21795,0.067,direct
2022,860900,Contentores de transporte,826,Reino Unido,17057,0.053,direct
2022,901580,Instrumentos de topografia,899,"Areas, nes",2400096,61.582,direct
2022,901580,Instrumentos de topografia,724,Espanha,786267,20.174,direct
2022,901580,Instrumentos de topografia,579,Noruega,330008,8.467,direct
2022,901580,Instrumentos de topografia,276,Alemanha,219405,5.63,direct
2022,901580,Instrumentos de topografia,620,Portugal,68567,1.759,direct
2022,901580,Instrumentos de topografia,174,Comores,49394,1.267,direct
2022,901580,Instrumentos de topografia,24,Angola,28122,0.722,direct
2022,901580,Instrumentos de topografia,826,Reino Unido,11747,0.301,direct
2022,030342,Peixe congelado,724,Espanha,24691,100.0,mirror
2022,030343,Peixe congelado,218,Equador,2359,100.0,mirror
2022,160414,Peixe preparado ou conservado,724,Espanha,20837713,66.794,mirror
2022,160414,Peixe preparado ou conservado,380,Itália,8219884,26.348,mirror
2022,160414,Peixe preparado ou conservado,842,EUA,1986148,6.366,mirror
2022,160414,Peixe preparado ou conservado,620,Portugal,153341,0.492,mirror
2022,160414,Peixe preparado ou conservado,784,Emirados Árabes Unidos,22,0.0,mirror
2022,160414,Peixe preparado ou conservado,251,França,5,0.0,mirror
2022,160415,Peixe preparado ou conservado,724,Espanha,12104644,95.772,mirror
2022,160415,Peixe preparado ou conservado,380,Itália,369765,2.926,mirror
2022,160415,Peixe preparado ou conservado,842,EUA,164577,1.302,mirror
2022,160415,Peixe preparado ou conservado,784,Emirados Árabes Unidos,14,0.0,mirror
2022,160419,Peixe preparado ou conservado,724,Espanha,8087515,98.446,mirror
2022,160419,Peixe preparado ou conservado,528,Países Baixos,127622,1.553,mirror
2022,160419,Peixe preparado ou conservado,784,Emirados Árabes Unidos,20,0.0,mirror
2022,230120,Farinhas de carne ou de peixe,724,Espanha,2173093,100.0,mirror
2022,271019,Combustíveis refinados,352,Islândia,15812,78.103,mirror
2022,271019,Combustíveis refinados,620,Portugal,2208,10.905,mirror
2022,271019,Combustíveis refinados,528,Países Baixos,1783,8.806,mirror
2022,271019,Combustíveis refinados,251,França,254,1.255,mirror
2022,271019,Combustíveis refinados,56,Bélgica,188,0.931,mirror
2022,610711,Roupa interior de malha (homem),620,Portugal,1065592,99.947,mirror
2022,610711,Roupa interior de malha (homem),214,República Dominicana,568,0.053,mirror
2022,610910,T-shirts e camisetas de malha,620,Portugal,857627,97.921,mirror
2022,610910,T-shirts e camisetas de malha,724,Espanha,16123,1.841,mirror
2022,610910,T-shirts e camisetas de malha,214,República Dominicana,1469,0.168,mirror
2022,610910,T-shirts e camisetas de malha,20,Andorra,428,0.049,mirror
2022,610910,T-shirts e camisetas de malha,784,Emirados Árabes Unidos,72,0.008,mirror
2022,610910,T-shirts e camisetas de malha,360,Indonésia,59,0.007,mirror
2022,610910,T-shirts e camisetas de malha,251,França,54,0.006,mirror
2022,610990,T-shirts e camisetas de malha,620,Portugal,1148594,99.906,mirror
2022,610990,T-shirts e camisetas de malha,251,França,1041,0.091,mirror
2022,610990,T-shirts e camisetas de malha,784,Emirados Árabes Unidos,44,0.004,mirror
2022,620342,Calças e fatos (homem),620,Portugal,613915,99.786,mirror
2022,620342,Calças e fatos (homem),251,França,1067,0.173,mirror
2022,620342,Calças e fatos (homem),398,Cazaquistão,138,0.022,mirror
2022,620342,Calças e fatos (homem),360,Indonésia,73,0.012,mirror
2022,620342,Calças e fatos (homem),188,Costa Rica,37,0.006,mirror
2022,640610,Partes de calçado,620,Portugal,2883151,100.0,mirror
2022,840999,Partes de motores,620,Portugal,9679,56.077,mirror
2022,840999,Partes de motores,208,Dinamarca,4354,25.223,mirror
2022,840999,Partes de motores,724,Espanha,1527,8.846,mirror
2022,840999,Partes de motores,554,Nova Zelândia,1111,6.436,mirror
2022,840999,Partes de motores,410,Coreia do Sul,590,3.418,mirror
2022,901580,Instrumentos de topografia,300,Grécia,1183750,88.177,mirror
2022,901580,Instrumentos de topografia,826,Reino Unido,145726,10.855,mirror
2022,901580,Instrumentos de topografia,24,Angola,7109,0.53,mirror
2022,901580,Instrumentos de topografia,620,Portugal,3163,0.236,mirror
2022,901580,Instrumentos de topografia,724,Espanha,1522,0.113,mirror
2022,901580,Instrumentos de topografia,208,Dinamarca,1199,0.089,mirror
2023,030342,Peixe congelado,899,"Areas, nes",24149,64.268,direct
2023,030342,Peixe congelado,724,Espanha,11666,31.046,direct
2023,030342,Peixe congelado,620,Portugal,1760,4.685,direct
2023,030349,Peixe congelado,724,Espanha,117684,100.0,direct
2023,030357,Peixe congelado,724,Espanha,1838682,61.616,direct
2023,030357,Peixe congelado,620,Portugal,1081751,36.25,direct
2023,030357,Peixe congelado,899,"Areas, nes",63682,2.134,direct
2023,030389,Peixe congelado,724,Espanha,1874411,63.135,direct
2023,030389,Peixe congelado,620,Portugal,819016,27.586,direct
2023,030389,Peixe congelado,899,"Areas, nes",267796,9.02,direct
2023,030389,Peixe congelado,504,Marrocos,7459,0.251,direct
2023,030389,Peixe congelado,251,França,233,0.008,direct
2023,160414,Peixe preparado ou conservado,380,Itália,8875213,71.951,direct
2023,160414,Peixe preparado ou conservado,724,Espanha,2128194,17.253,direct
2023,160414,Peixe preparado ou conservado,842,EUA,1045925,8.479,direct
2023,160414,Peixe preparado ou conservado,566,Nigéria,86844,0.704,direct
2023,160414,Peixe preparado ou conservado,504,Marrocos,76686,0.622,direct
2023,160414,Peixe preparado ou conservado,620,Portugal,53556,0.434,direct
2023,160414,Peixe preparado ou conservado,434,Libya,41017,0.333,direct
2023,160414,Peixe preparado ou conservado,12,Argélia,16962,0.138,direct
2023,160415,Peixe preparado ou conservado,724,Espanha,15247170,93.768,direct
2023,160415,Peixe preparado ou conservado,380,Itália,504556,3.103,direct
2023,160415,Peixe preparado ou conservado,842,EUA,286981,1.765,direct
2023,160415,Peixe preparado ou conservado,196,Chipre,221245,1.361,direct
2023,160415,Peixe preparado ou conservado,899,"Areas, nes",608,0.004,direct
2023,160419,Peixe preparado ou conservado,724,Espanha,11617899,98.686,direct
2023,160419,Peixe preparado ou conservado,192,Cuba,97616,0.829,direct
2023,160419,Peixe preparado ou conservado,196,Chipre,53316,0.453,direct
2023,160419,Peixe preparado ou conservado,899,"Areas, nes",3187,0.027,direct
2023,160419,Peixe preparado ou conservado,620,Portugal,315,0.003,direct
2023,160419,Peixe preparado ou conservado,251,França,214,0.002,direct
2023,230120,Farinhas de carne ou de peixe,724,Espanha,1611687,98.294,direct
2023,230120,Farinhas de carne ou de peixe,566,Nigéria,27981,1.706,direct
2023,271019,Combustíveis refinados,899,"Areas, nes",102088470,59.484,direct
2023,271019,Combustíveis refinados,620,Portugal,14003588,8.16,direct
2023,271019,Combustíveis refinados,768,Togo,11632056,6.778,direct
2023,271019,Combustíveis refinados,528,Países Baixos,10404580,6.062,direct
2023,271019,Combustíveis refinados,251,França,6599116,3.845,direct
2023,271019,Combustíveis refinados,699,Índia,5370480,3.129,direct
2023,271019,Combustíveis refinados,784,Emirados Árabes Unidos,5355923,3.121,direct
2023,271019,Combustíveis refinados,56,Bélgica,3464162,2.018,direct
2023,610711,Roupa interior de malha (homem),620,Portugal,146879,100.0,direct
2023,610910,T-shirts e camisetas de malha,620,Portugal,274558,90.243,direct
2023,610910,T-shirts e camisetas de malha,899,"Areas, nes",24118,7.927,direct
2023,610910,T-shirts e camisetas de malha,528,Países Baixos,4165,1.369,direct
2023,610910,T-shirts e camisetas de malha,724,Espanha,1394,0.458,direct
2023,610910,T-shirts e camisetas de malha,251,França,6,0.002,direct
2023,610990,T-shirts e camisetas de malha,620,Portugal,459824,100.0,direct
2023,620342,Calças e fatos (homem),620,Portugal,225039,98.825,direct
2023,620342,Calças e fatos (homem),899,"Areas, nes",2618,1.15,direct
2023,620342,Calças e fatos (homem),724,Espanha,58,0.026,direct
2023,640610,Partes de calçado,620,Portugal,2322994,100.0,direct
2023,840710,Motores de ignição por faísca,352,Islândia,8651,100.0,direct
2023,840999,Partes de motores,620,Portugal,614283,53.811,direct
2023,840999,Partes de motores,899,"Areas, nes",364718,31.949,direct
2023,840999,Partes de motores,724,Espanha,91850,8.046,direct
2023,840999,Partes de motores,528,Países Baixos,30073,2.634,direct
2023,840999,Partes de motores,276,Alemanha,24267,2.126,direct
2023,840999,Partes de motores,686,Senegal,8083,0.708,direct
2023,840999,Partes de motores,251,França,3013,0.264,direct
2023,840999,Partes de motores,222,El Salvador,2111,0.185,direct
2023,860900,Contentores de transporte,620,Portugal,13200155,51.01,direct
2023,860900,Contentores de transporte,724,Espanha,11353523,43.874,direct
2023,860900,Contentores de transporte,842,EUA,680220,2.629,direct
2023,860900,Contentores de transporte,251,França,114743,0.443,direct
2023,860900,Contentores de transporte,528,Países Baixos,99052,0.383,direct
2023,860900,Contentores de transporte,380,Itália,85322,0.33,direct
2023,860900,Contentores de transporte,764,Tailândia,74534,0.288,direct
2023,860900,Contentores de transporte,76,Brasil,73553,0.284,direct
2023,901580,Instrumentos de topografia,276,Alemanha,359817,50.662,direct
2023,901580,Instrumentos de topografia,899,"Areas, nes",179152,25.224,direct
2023,901580,Instrumentos de topografia,620,Portugal,171262,24.114,direct
2023,030349,Peixe congelado,384,Costa do Marfim,4764,100.0,mirror
2023,030357,Peixe congelado,620,Portugal,1820,100.0,mirror
2023,030389,Peixe congelado,384,Costa do Marfim,9510,100.0,mirror
2023,160414,Peixe preparado ou conservado,724,Espanha,16954804,58.988,mirror
2023,160414,Peixe preparado ou conservado,380,Itália,10512369,36.574,mirror
2023,160414,Peixe preparado ou conservado,842,EUA,1198803,4.171,mirror
2023,160414,Peixe preparado ou conservado,504,Marrocos,73394,0.255,mirror
2023,160414,Peixe preparado ou conservado,480,Maurícias,2047,0.007,mirror
2023,160414,Peixe preparado ou conservado,222,El Salvador,1152,0.004,mirror
2023,160415,Peixe preparado ou conservado,724,Espanha,9336804,93.977,mirror
2023,160415,Peixe preparado ou conservado,842,EUA,364469,3.668,mirror
2023,160415,Peixe preparado ou conservado,380,Itália,233344,2.349,mirror
2023,160415,Peixe preparado ou conservado,222,El Salvador,588,0.006,mirror
2023,160419,Peixe preparado ou conservado,724,Espanha,17242085,97.82,mirror
2023,160419,Peixe preparado ou conservado,380,Itália,356839,2.024,mirror
2023,160419,Peixe preparado ou conservado,842,EUA,25987,0.147,mirror
2023,160419,Peixe preparado ou conservado,222,El Salvador,1432,0.008,mirror
2023,230120,Farinhas de carne ou de peixe,724,Espanha,1872306,98.335,mirror
2023,230120,Farinhas de carne ou de peixe,566,Nigéria,31704,1.665,mirror
2023,271019,Combustíveis refinados,528,Países Baixos,3216,56.141,mirror
2023,271019,Combustíveis refinados,620,Portugal,2281,39.831,mirror
2023,271019,Combustíveis refinados,251,França,177,3.084,mirror
2023,271019,Combustíveis refinados,56,Bélgica,32,0.56,mirror
2023,271019,Combustíveis refinados,792,Turquia,22,0.384,mirror
2023,610711,Roupa interior de malha (homem),620,Portugal,1010822,99.979,mirror
2023,610711,Roupa interior de malha (homem),124,Canadá,211,0.021,mirror
2023,610910,T-shirts e camisetas de malha,620,Portugal,768144,99.496,mirror
2023,610910,T-shirts e camisetas de malha,214,República Dominicana,1429,0.185,mirror
2023,610910,T-shirts e camisetas de malha,360,Indonésia,1268,0.164,mirror
2023,610910,T-shirts e camisetas de malha,348,Hungria,428,0.055,mirror
2023,610910,T-shirts e camisetas de malha,251,França,333,0.043,mirror
2023,610910,T-shirts e camisetas de malha,124,Canadá,299,0.039,mirror
2023,610910,T-shirts e camisetas de malha,608,Filipinas,91,0.012,mirror
2023,610910,T-shirts e camisetas de malha,208,Dinamarca,28,0.004,mirror
2023,610990,T-shirts e camisetas de malha,620,Portugal,859231,99.611,mirror
2023,610990,T-shirts e camisetas de malha,842,EUA,2101,0.244,mirror
2023,610990,T-shirts e camisetas de malha,124,Canadá,1015,0.118,mirror
2023,610990,T-shirts e camisetas de malha,702,Singapura,235,0.027,mirror
2023,620342,Calças e fatos (homem),620,Portugal,365537,98.958,mirror
2023,620342,Calças e fatos (homem),616,Polónia,3565,0.965,mirror
2023,620342,Calças e fatos (homem),678,São Tomé e Príncipe,212,0.057,mirror
2023,620342,Calças e fatos (homem),124,Canadá,41,0.011,mirror
2023,620342,Calças e fatos (homem),442,Luxemburgo,30,0.008,mirror
2023,640610,Partes de calçado,620,Portugal,3173850,100.0,mirror
2023,840999,Partes de motores,554,Nova Zelândia,12595,61.97,mirror
2023,840999,Partes de motores,724,Espanha,5242,25.794,mirror
2023,840999,Partes de motores,710,África do Sul,901,4.434,mirror
2023,840999,Partes de motores,620,Portugal,839,4.128,mirror
2023,840999,Partes de motores,152,Chile,747,3.673,mirror
2023,860900,Contentores de transporte,620,Portugal,1298,100.0,mirror
2024,030342,Peixe congelado,724,Espanha,378766,100.0,direct
2024,160414,Peixe preparado ou conservado,724,Espanha,12440793,51.516,direct
2024,160414,Peixe preparado ou conservado,380,Itália,10444774,43.251,direct
2024,160414,Peixe preparado ou conservado,842,EUA,1168818,4.84,direct
2024,160414,Peixe preparado ou conservado,376,Israel,94837,0.393,direct
2024,160415,Peixe preparado ou conservado,724,Espanha,18574440,96.404,direct
2024,160415,Peixe preparado ou conservado,380,Itália,476243,2.472,direct
2024,160415,Peixe preparado ou conservado,842,EUA,216670,1.125,direct
2024,160419,Peixe preparado ou conservado,724,Espanha,7444058,99.915,direct
2024,160419,Peixe preparado ou conservado,380,Itália,6369,0.085,direct
2024,230120,Farinhas de carne ou de peixe,724,Espanha,818057,100.0,direct
2024,610711,Roupa interior de malha (homem),620,Portugal,1089638,100.0,direct
2024,610910,T-shirts e camisetas de malha,620,Portugal,1021619,100.0,direct
2024,610990,T-shirts e camisetas de malha,620,Portugal,845515,100.0,direct
2024,620342,Calças e fatos (homem),620,Portugal,523546,96.929,direct
2024,620342,Calças e fatos (homem),842,EUA,16585,3.071,direct
2024,640610,Partes de calçado,620,Portugal,2730321,100.0,direct
2024,030342,Peixe congelado,724,Espanha,381858,100.0,mirror
2024,030343,Peixe congelado,504,Marrocos,101854,100.0,mirror
2024,030357,Peixe congelado,620,Portugal,7545,100.0,mirror
2024,160414,Peixe preparado ou conservado,724,Espanha,14382469,53.433,mirror
2024,160414,Peixe preparado ou conservado,380,Itália,10681570,39.684,mirror
2024,160414,Peixe preparado ou conservado,842,EUA,1852786,6.883,mirror
2024,160414,Peixe preparado ou conservado,208,Dinamarca,22,0.0,mirror
2024,160414,Peixe preparado ou conservado,251,França,5,0.0,mirror
2024,160415,Peixe preparado ou conservado,724,Espanha,15035785,94.583,mirror
2024,160415,Peixe preparado ou conservado,380,Itália,576586,3.627,mirror
2024,160415,Peixe preparado ou conservado,842,EUA,284518,1.79,mirror
2024,160419,Peixe preparado ou conservado,724,Espanha,15432564,99.183,mirror
2024,160419,Peixe preparado ou conservado,380,Itália,107766,0.693,mirror
2024,160419,Peixe preparado ou conservado,842,EUA,19343,0.124,mirror
2024,160419,Peixe preparado ou conservado,251,França,10,0.0,mirror
2024,230120,Farinhas de carne ou de peixe,724,Espanha,736085,100.0,mirror
2024,271019,Combustíveis refinados,24,Angola,10958,68.894,mirror
2024,271019,Combustíveis refinados,620,Portugal,3117,19.599,mirror
2024,271019,Combustíveis refinados,528,Países Baixos,1062,6.676,mirror
2024,271019,Combustíveis refinados,251,França,321,2.021,mirror
2024,271019,Combustíveis refinados,724,Espanha,306,1.923,mirror
2024,271019,Combustíveis refinados,56,Bélgica,141,0.888,mirror
2024,610711,Roupa interior de malha (homem),620,Portugal,1096085,100.0,mirror
2024,610910,T-shirts e camisetas de malha,620,Portugal,1016857,99.88,mirror
2024,610910,T-shirts e camisetas de malha,251,França,1177,0.116,mirror
2024,610910,T-shirts e camisetas de malha,24,Angola,47,0.005,mirror
2024,610990,T-shirts e camisetas de malha,620,Portugal,770139,99.958,mirror
2024,610990,T-shirts e camisetas de malha,251,França,321,0.042,mirror
2024,620342,Calças e fatos (homem),620,Portugal,517860,99.105,mirror
2024,620342,Calças e fatos (homem),616,Polónia,4035,0.772,mirror
2024,620342,Calças e fatos (homem),414,Kuwait,590,0.113,mirror
2024,620342,Calças e fatos (homem),124,Canadá,52,0.01,mirror
2024,640610,Partes de calçado,620,Portugal,2698779,100.0,mirror
2024,840999,Partes de motores,620,Portugal,11234,38.054,mirror
2024,840999,Partes de motores,554,Nova Zelândia,8922,30.222,mirror
2024,840999,Partes de motores,826,Reino Unido,7554,25.588,mirror
2024,840999,Partes de motores,24,Angola,1168,3.956,mirror
2024,840999,Partes de motores,124,Canadá,475,1.608,mirror
2024,840999,Partes de motores,528,Países Baixos,122,0.414,mirror
2024,840999,Partes de motores,450,Madagáscar,47,0.158,mirror
2024,860900,Contentores de transporte,528,Países Baixos,64,100.0,mirror
2024,901580,Instrumentos de topografia,528,Países Baixos,15872,90.826,mirror
2024,901580,Instrumentos de topografia,620,Portugal,888,5.079,mirror
2024,901580,Instrumentos de topografia,276,Alemanha,716,4.095,mirror
