year,hs6,description_pt,partner_code,partner,value,share_pct,basis
2003,030613,Camarões congelados,724,Espanha,37279101,49.215,direct
2003,030613,Camarões congelados,620,Portugal,15461425,20.412,direct
2003,030613,Camarões congelados,710,África do Sul,8725043,11.519,direct
2003,030613,Camarões congelados,392,Japão,6864684,9.063,direct
2003,030613,Camarões congelados,899,"Areas, nes",3893799,5.14,direct
2003,030613,Camarões congelados,344,Hong Kong (RAEHK),1246735,1.646,direct
2003,030613,Camarões congelados,380,Itália,714039,0.943,direct
2003,030613,Camarões congelados,251,França,671288,0.886,direct
2003,071390,Outras leguminosas secas,699,Índia,48479,54.541,direct
2003,071390,Outras leguminosas secas,454,Malawi,40406,45.459,direct
2003,080131,Castanha de caju com casca,899,"Areas, nes",7532770,87.802,direct
2003,080131,Castanha de caju com casca,699,Índia,676647,7.887,direct
2003,080131,Castanha de caju com casca,702,Singapura,369400,4.306,direct
2003,080131,Castanha de caju com casca,710,África do Sul,489,0.006,direct
2003,120740,Sementes de sésamo (gergelim),392,Japão,1996451,69.551,direct
2003,120740,Sementes de sésamo (gergelim),792,Turquia,538387,18.756,direct
2003,120740,Sementes de sésamo (gergelim),380,Itália,163326,5.69,direct
2003,120740,Sementes de sésamo (gergelim),899,"Areas, nes",50390,1.755,direct
2003,120740,Sementes de sésamo (gergelim),156,China,49004,1.707,direct
2003,120740,Sementes de sésamo (gergelim),699,Índia,48485,1.689,direct
2003,120740,Sementes de sésamo (gergelim),710,África do Sul,24427,0.851,direct
2003,170111,"Açúcar de cana, em bruto",620,Portugal,6842171,42.516,direct
2003,170111,"Açúcar de cana, em bruto",842,EUA,5103266,31.711,direct
2003,170111,"Açúcar de cana, em bruto",899,"Areas, nes",2109451,13.108,direct
2003,170111,"Açúcar de cana, em bruto",826,Reino Unido,1370819,8.518,direct
2003,170111,"Açúcar de cana, em bruto",404,Quénia,545203,3.388,direct
2003,170111,"Açúcar de cana, em bruto",178,Congo,75214,0.467,direct
2003,170111,"Açúcar de cana, em bruto",450,Madagáscar,47028,0.292,direct
2003,170111,"Açúcar de cana, em bruto",454,Malawi,139,0.001,direct
2003,240120,Tabaco destalado,710,África do Sul,1211874,100.0,direct
2003,250590,Areias naturais,710,África do Sul,72,100.0,direct
2003,261400,Minério de titânio,710,África do Sul,2437,95.27,direct
2003,261400,Minério de titânio,899,"Areas, nes",121,4.73,direct
2003,270119,Outros carvões minerais,454,Malawi,371193,71.373,direct
2003,270119,Outros carvões minerais,716,Zimbabué,84643,16.275,direct
2003,270119,Outros carvões minerais,894,Zâmbia,64235,12.351,direct
2003,270119,Outros carvões minerais,710,África do Sul,4,0.001,direct
2003,271019,Gasóleo e combustíveis médios e pesados,899,"Areas, nes",13533142,74.772,direct
2003,271019,Gasóleo e combustíveis médios e pesados,710,África do Sul,1611763,8.905,direct
2003,271019,Gasóleo e combustíveis médios e pesados,180,RD Congo,1148675,6.347,direct
2003,271019,Gasóleo e combustíveis médios e pesados,842,EUA,1007287,5.565,direct
2003,271019,Gasóleo e combustíveis médios e pesados,716,Zimbabué,317522,1.754,direct
2003,271019,Gasóleo e combustíveis médios e pesados,757,Suíça,207981,1.149,direct
2003,271019,Gasóleo e combustíveis médios e pesados,92,Br. Virgin Isds,186206,1.029,direct
2003,271019,Gasóleo e combustíveis médios e pesados,748,Eswatini,61324,0.339,direct
2003,271111,Gás natural liquefeito (GNL),899,"Areas, nes",7152,100.0,direct
2003,271600,Energia elétrica,710,África do Sul,88075794,77.792,direct
2003,271600,Energia elétrica,716,Zimbabué,23249523,20.535,direct
2003,271600,Energia elétrica,72,Botsuana,1708416,1.509,direct
2003,271600,Energia elétrica,894,Zâmbia,185556,0.164,direct
2003,520100,Algodão em fibra,899,"Areas, nes",6799085,33.711,direct
2003,520100,Algodão em fibra,710,África do Sul,3841949,19.049,direct
2003,520100,Algodão em fibra,764,Tailândia,2006690,9.949,direct
2003,520100,Algodão em fibra,360,Indonésia,1902693,9.434,direct
2003,520100,Algodão em fibra,620,Portugal,1596678,7.917,direct
2003,520100,Algodão em fibra,404,Quénia,927912,4.601,direct
2003,520100,Algodão em fibra,50,Bangladesh,752410,3.731,direct
2003,520100,Algodão em fibra,251,França,548048,2.717,direct
2003,710391,"Rubis, safiras e esmeraldas",703,Eslováquia,183,100.0,direct
2003,760110,"Alumínio não ligado, em bruto",899,"Areas, nes",567600000,100.0,direct
2003,760429,Varões e perfis de ligas de alumínio,710,África do Sul,182,71.094,direct
2003,760429,Varões e perfis de ligas de alumínio,899,"Areas, nes",74,28.906,direct
2003,999999,Mercadorias não especificadas,899,"Areas, nes",8131743,96.236,direct
2003,999999,Mercadorias não especificadas,710,África do Sul,179237,2.121,direct
2003,999999,Mercadorias não especificadas,699,Índia,96959,1.147,direct
2003,999999,Mercadorias não especificadas,404,Quénia,14169,0.168,direct
2003,999999,Mercadorias não especificadas,156,China,12710,0.15,direct
2003,999999,Mercadorias não especificadas,748,Eswatini,8700,0.103,direct
2003,999999,Mercadorias não especificadas,620,Portugal,3876,0.046,direct
2003,999999,Mercadorias não especificadas,344,Hong Kong (RAEHK),2424,0.029,direct
2003,030613,Camarões congelados,724,Espanha,41733445,50.029,mirror
2003,030613,Camarões congelados,620,Portugal,20069560,24.059,mirror
2003,030613,Camarões congelados,392,Japão,9887967,11.854,mirror
2003,030613,Camarões congelados,710,África do Sul,5706535,6.841,mirror
2003,030613,Camarões congelados,251,França,2740344,3.285,mirror
2003,030613,Camarões congelados,380,Itália,1410695,1.691,mirror
2003,030613,Camarões congelados,56,Bélgica,1240615,1.487,mirror
2003,030613,Camarões congelados,764,Tailândia,470122,0.564,mirror
2003,071390,Outras leguminosas secas,699,Índia,242645,99.496,mirror
2003,071390,Outras leguminosas secas,716,Zimbabué,1228,0.504,mirror
2003,080131,Castanha de caju com casca,699,Índia,20515669,100.0,mirror
2003,120740,Sementes de sésamo (gergelim),392,Japão,3385336,96.344,mirror
2003,120740,Sementes de sésamo (gergelim),792,Turquia,122003,3.472,mirror
2003,120740,Sementes de sésamo (gergelim),710,África do Sul,6466,0.184,mirror
2003,170111,"Açúcar de cana, em bruto",842,EUA,6170510,36.806,mirror
2003,170111,"Açúcar de cana, em bruto",620,Portugal,5672523,33.835,mirror
2003,170111,"Açúcar de cana, em bruto",360,Indonésia,2775000,16.552,mirror
2003,170111,"Açúcar de cana, em bruto",12,Argélia,1170082,6.979,mirror
2003,170111,"Açúcar de cana, em bruto",450,Madagáscar,442585,2.64,mirror
2003,170111,"Açúcar de cana, em bruto",724,Espanha,333857,1.991,mirror
2003,170111,"Açúcar de cana, em bruto",251,França,174170,1.039,mirror
2003,170111,"Açúcar de cana, em bruto",800,Uganda,26445,0.158,mirror
2003,240120,Tabaco destalado,528,Países Baixos,9662957,23.902,mirror
2003,240120,Tabaco destalado,276,Alemanha,7674000,18.982,mirror
2003,240120,Tabaco destalado,454,Malawi,6368194,15.752,mirror
2003,240120,Tabaco destalado,643,Rússia,6005595,14.855,mirror
2003,240120,Tabaco destalado,620,Portugal,1954176,4.834,mirror
2003,240120,Tabaco destalado,56,Bélgica,1578698,3.905,mirror
2003,240120,Tabaco destalado,757,Suíça,1557079,3.852,mirror
2003,240120,Tabaco destalado,804,Ucrânia,1299010,3.213,mirror
2003,250590,Areias naturais,710,África do Sul,14158,100.0,mirror
2003,261400,Minério de titânio,36,Austrália,998,100.0,mirror
2003,270119,Outros carvões minerais,480,Maurícias,4131270,54.703,mirror
2003,270119,Outros carvões minerais,586,Paquistão,1390132,18.407,mirror
2003,270119,Outros carvões minerais,404,Quénia,1214642,16.083,mirror
2003,270119,Outros carvões minerais,894,Zâmbia,425430,5.633,mirror
2003,270119,Outros carvões minerais,454,Malawi,390651,5.173,mirror
2003,271019,Gasóleo e combustíveis médios e pesados,716,Zimbabué,2723672,76.312,mirror
2003,271019,Gasóleo e combustíveis médios e pesados,894,Zâmbia,845085,23.678,mirror
2003,271019,Gasóleo e combustíveis médios e pesados,454,Malawi,359,0.01,mirror
2003,271600,Energia elétrica,716,Zimbabué,21658430,52.58,mirror
2003,271600,Energia elétrica,748,Eswatini,17568473,42.651,mirror
2003,271600,Energia elétrica,72,Botsuana,1964612,4.769,mirror
2003,520100,Algodão em fibra,620,Portugal,12983040,37.987,mirror
2003,520100,Algodão em fibra,76,Brasil,3888918,11.379,mirror
2003,520100,Algodão em fibra,710,África do Sul,3369164,9.858,mirror
2003,520100,Algodão em fibra,764,Tailândia,3311650,9.69,mirror
2003,520100,Algodão em fibra,50,Bangladesh,2829929,8.28,mirror
2003,520100,Algodão em fibra,360,Indonésia,2517522,7.366,mirror
2003,520100,Algodão em fibra,699,Índia,1947409,5.698,mirror
2003,520100,Algodão em fibra,748,Eswatini,1687911,4.939,mirror
2003,710391,"Rubis, safiras e esmeraldas",703,Eslováquia,411,53.516,mirror
2003,710391,"Rubis, safiras e esmeraldas",620,Portugal,357,46.484,mirror
2003,760110,"Alumínio não ligado, em bruto",56,Bélgica,305770125,52.16,mirror
2003,760110,"Alumínio não ligado, em bruto",380,Itália,100811301,17.197,mirror
2003,760110,"Alumínio não ligado, em bruto",724,Espanha,58813657,10.033,mirror
2003,760110,"Alumínio não ligado, em bruto",826,Reino Unido,45519721,7.765,mirror
2003,760110,"Alumínio não ligado, em bruto",276,Alemanha,44609000,7.61,mirror
2003,760110,"Alumínio não ligado, em bruto",251,França,13415582,2.289,mirror
2003,760110,"Alumínio não ligado, em bruto",528,Países Baixos,10135811,1.729,mirror
2003,760110,"Alumínio não ligado, em bruto",40,Áustria,5654489,0.965,mirror
2003,760120,"Ligas de alumínio, em bruto",276,Alemanha,39950000,60.771,mirror
2003,760120,"Ligas de alumínio, em bruto",528,Países Baixos,17073638,25.972,mirror
2003,760120,"Ligas de alumínio, em bruto",724,Espanha,7283130,11.079,mirror
2003,760120,"Ligas de alumínio, em bruto",251,França,1431810,2.178,mirror
2003,760410,Varões e perfis de alumínio não ligado,710,África do Sul,108,100.0,mirror
2003,999999,Mercadorias não especificadas,748,Eswatini,15025454,88.683,mirror
2003,999999,Mercadorias não especificadas,276,Alemanha,1119000,6.605,mirror
2003,999999,Mercadorias não especificadas,842,EUA,373949,2.207,mirror
2003,999999,Mercadorias não especificadas,894,Zâmbia,147456,0.87,mirror
2003,999999,Mercadorias não especificadas,826,Reino Unido,87085,0.514,mirror
2003,999999,Mercadorias não especificadas,757,Suíça,75372,0.445,mirror
2003,999999,Mercadorias não especificadas,450,Madagáscar,29641,0.175,mirror
2003,999999,Mercadorias não especificadas,716,Zimbabué,25622,0.151,mirror
2004,030613,Camarões congelados,724,Espanha,36784892,40.2,direct
2004,030613,Camarões congelados,620,Portugal,32462730,35.476,direct
2004,030613,Camarões congelados,392,Japão,7720852,8.438,direct
2004,030613,Camarões congelados,710,África do Sul,5798114,6.336,direct
2004,030613,Camarões congelados,251,França,2180033,2.382,direct
2004,030613,Camarões congelados,748,Eswatini,2165901,2.367,direct
2004,030613,Camarões congelados,899,"Areas, nes",1956596,2.138,direct
2004,030613,Camarões congelados,56,Bélgica,1066500,1.166,direct
2004,071390,Outras leguminosas secas,699,Índia,66806,100.0,direct
2004,080131,Castanha de caju com casca,699,Índia,16576994,78.159,direct
2004,080131,Castanha de caju com casca,899,"Areas, nes",4631480,21.837,direct
2004,080131,Castanha de caju com casca,710,África do Sul,715,0.003,direct
2004,120740,Sementes de sésamo (gergelim),392,Japão,4461267,52.094,direct
2004,120740,Sementes de sésamo (gergelim),792,Turquia,2091752,24.425,direct
2004,120740,Sementes de sésamo (gergelim),699,Índia,1318315,15.394,direct
2004,120740,Sementes de sésamo (gergelim),702,Singapura,263947,3.082,direct
2004,120740,Sementes de sésamo (gergelim),784,Emirados Árabes Unidos,184377,2.153,direct
2004,120740,Sementes de sésamo (gergelim),528,Países Baixos,98527,1.15,direct
2004,120740,Sementes de sésamo (gergelim),826,Reino Unido,75879,0.886,direct
2004,120740,Sementes de sésamo (gergelim),148,Chad,37560,0.439,direct
2004,170111,"Açúcar de cana, em bruto",842,EUA,7733343,32.801,direct
2004,170111,"Açúcar de cana, em bruto",56,Bélgica,6107196,25.904,direct
2004,170111,"Açúcar de cana, em bruto",360,Indonésia,2789890,11.833,direct
2004,170111,"Açúcar de cana, em bruto",899,"Areas, nes",2724570,11.556,direct
2004,170111,"Açúcar de cana, em bruto",699,Índia,2432976,10.32,direct
2004,170111,"Açúcar de cana, em bruto",826,Reino Unido,1788424,7.586,direct
2004,240120,Tabaco destalado,454,Malawi,10484071,100.0,direct
2004,250590,Areias naturais,899,"Areas, nes",1103,81.222,direct
2004,250590,Areias naturais,710,África do Sul,255,18.778,direct
2004,261400,Minério de titânio,710,África do Sul,7331,80.569,direct
2004,261400,Minério de titânio,899,"Areas, nes",1768,19.431,direct
2004,270119,Outros carvões minerais,454,Malawi,695477,55.612,direct
2004,270119,Outros carvões minerais,716,Zimbabué,249673,19.964,direct
2004,270119,Outros carvões minerais,834,Tanzânia,206557,16.517,direct
2004,270119,Outros carvões minerais,894,Zâmbia,98841,7.904,direct
2004,270119,Outros carvões minerais,710,África do Sul,30,0.002,direct
2004,270119,Outros carvões minerais,899,"Areas, nes",10,0.001,direct
2004,271019,Gasóleo e combustíveis médios e pesados,710,África do Sul,19649627,49.169,direct
2004,271019,Gasóleo e combustíveis médios e pesados,899,"Areas, nes",14401401,36.036,direct
2004,271019,Gasóleo e combustíveis médios e pesados,716,Zimbabué,5559132,13.911,direct
2004,271019,Gasóleo e combustíveis médios e pesados,454,Malawi,353322,0.884,direct
2004,271111,Gás natural liquefeito (GNL),710,África do Sul,2379476,99.737,direct
2004,271111,Gás natural liquefeito (GNL),899,"Areas, nes",6282,0.263,direct
2004,271121,Gás natural em estado gasoso,710,África do Sul,31273032,100.0,direct
2004,271600,Energia elétrica,710,África do Sul,82579682,80.761,direct
2004,271600,Energia elétrica,716,Zimbabué,19106015,18.685,direct
2004,271600,Energia elétrica,72,Botsuana,566234,0.554,direct
2004,520100,Algodão em fibra,899,"Areas, nes",4650526,23.343,direct
2004,520100,Algodão em fibra,50,Bangladesh,3889444,19.523,direct
2004,520100,Algodão em fibra,360,Indonésia,1530941,7.685,direct
2004,520100,Algodão em fibra,620,Portugal,1471939,7.388,direct
2004,520100,Algodão em fibra,710,África do Sul,1350922,6.781,direct
2004,520100,Algodão em fibra,764,Tailândia,927231,4.654,direct
2004,520100,Algodão em fibra,699,Índia,684234,3.434,direct
2004,520100,Algodão em fibra,591,Panamá,684196,3.434,direct
2004,760110,"Alumínio não ligado, em bruto",899,"Areas, nes",60,100.0,direct
2004,760429,Varões e perfis de ligas de alumínio,528,Países Baixos,915011000,100.0,direct
2004,760429,Varões e perfis de ligas de alumínio,710,África do Sul,3125,0.0,direct
2004,999999,Mercadorias não especificadas,899,"Areas, nes",8031209,72.282,direct
2004,999999,Mercadorias não especificadas,710,África do Sul,2949988,26.55,direct
2004,999999,Mercadorias não especificadas,842,EUA,74313,0.669,direct
2004,999999,Mercadorias não especificadas,454,Malawi,43661,0.393,direct
2004,999999,Mercadorias não especificadas,56,Bélgica,11780,0.106,direct
2004,030613,Camarões congelados,724,Espanha,35569348,45.518,mirror
2004,030613,Camarões congelados,620,Portugal,16187807,20.715,mirror
2004,030613,Camarões congelados,392,Japão,9763273,12.494,mirror
2004,030613,Camarões congelados,251,França,6556804,8.391,mirror
2004,030613,Camarões congelados,710,África do Sul,3272384,4.188,mirror
2004,030613,Camarões congelados,748,Eswatini,2167833,2.774,mirror
2004,030613,Camarões congelados,56,Bélgica,2034778,2.604,mirror
2004,030613,Camarões congelados,764,Tailândia,1252529,1.603,mirror
2004,071390,Outras leguminosas secas,699,Índia,798860,88.353,mirror
2004,071390,Outras leguminosas secas,716,Zimbabué,56666,6.267,mirror
2004,071390,Outras leguminosas secas,702,Singapura,48640,5.38,mirror
2004,080131,Castanha de caju com casca,699,Índia,29763930,100.0,mirror
2004,120740,Sementes de sésamo (gergelim),392,Japão,6982224,69.317,mirror
2004,120740,Sementes de sésamo (gergelim),792,Turquia,2881664,28.608,mirror
2004,120740,Sementes de sésamo (gergelim),156,China,139686,1.387,mirror
2004,120740,Sementes de sésamo (gergelim),702,Singapura,38706,0.384,mirror
2004,120740,Sementes de sésamo (gergelim),56,Bélgica,30587,0.304,mirror
2004,170111,"Açúcar de cana, em bruto",705,Eslovénia,10326352,46.572,mirror
2004,170111,"Açúcar de cana, em bruto",842,EUA,5863581,26.445,mirror
2004,170111,"Açúcar de cana, em bruto",826,Reino Unido,3661661,16.514,mirror
2004,170111,"Açúcar de cana, em bruto",12,Argélia,1277771,5.763,mirror
2004,170111,"Açúcar de cana, em bruto",450,Madagáscar,505055,2.278,mirror
2004,170111,"Açúcar de cana, em bruto",620,Portugal,429817,1.938,mirror
2004,170111,"Açúcar de cana, em bruto",834,Tanzânia,83103,0.375,mirror
2004,170111,"Açúcar de cana, em bruto",454,Malawi,25291,0.114,mirror
2004,240120,Tabaco destalado,454,Malawi,12579488,28.094,mirror
2004,240120,Tabaco destalado,276,Alemanha,11371000,25.395,mirror
2004,240120,Tabaco destalado,528,Países Baixos,4249472,9.491,mirror
2004,240120,Tabaco destalado,643,Rússia,3598834,8.037,mirror
2004,240120,Tabaco destalado,203,Chéquia,3054283,6.821,mirror
2004,240120,Tabaco destalado,620,Portugal,1832779,4.093,mirror
2004,240120,Tabaco destalado,704,Vietname,1754688,3.919,mirror
2004,240120,Tabaco destalado,716,Zimbabué,934619,2.087,mirror
2004,250590,Areias naturais,716,Zimbabué,159,62.852,mirror
2004,250590,Areias naturais,710,África do Sul,94,37.148,mirror
2004,270119,Outros carvões minerais,480,Maurícias,10502126,83.767,mirror
2004,270119,Outros carvões minerais,586,Paquistão,1020910,8.143,mirror
2004,270119,Outros carvões minerais,454,Malawi,1004632,8.013,mirror
2004,270119,Outros carvões minerais,894,Zâmbia,9689,0.077,mirror
2004,271019,Gasóleo e combustíveis médios e pesados,716,Zimbabué,31234951,99.992,mirror
2004,271019,Gasóleo e combustíveis médios e pesados,454,Malawi,2172,0.007,mirror
2004,271019,Gasóleo e combustíveis médios e pesados,710,África do Sul,317,0.001,mirror
2004,271121,Gás natural em estado gasoso,716,Zimbabué,130424,100.0,mirror
2004,271600,Energia elétrica,716,Zimbabué,3171428,95.227,mirror
2004,271600,Energia elétrica,72,Botsuana,158973,4.773,mirror
2004,520100,Algodão em fibra,620,Portugal,10800133,38.274,mirror
2004,520100,Algodão em fibra,50,Bangladesh,2937221,10.409,mirror
2004,520100,Algodão em fibra,764,Tailândia,2912820,10.323,mirror
2004,520100,Algodão em fibra,360,Indonésia,2571792,9.114,mirror
2004,520100,Algodão em fibra,710,África do Sul,2526835,8.955,mirror
2004,520100,Algodão em fibra,490,Taiwan (Prov. China),1897025,6.723,mirror
2004,520100,Algodão em fibra,586,Paquistão,1017551,3.606,mirror
2004,520100,Algodão em fibra,156,China,642411,2.277,mirror
2004,760110,"Alumínio não ligado, em bruto",56,Bélgica,463751392,46.943,mirror
2004,760110,"Alumínio não ligado, em bruto",380,Itália,205240225,20.776,mirror
2004,760110,"Alumínio não ligado, em bruto",276,Alemanha,96478000,9.766,mirror
2004,760110,"Alumínio não ligado, em bruto",724,Espanha,95068988,9.623,mirror
2004,760110,"Alumínio não ligado, em bruto",826,Reino Unido,85633419,8.668,mirror
2004,760110,"Alumínio não ligado, em bruto",251,França,20062254,2.031,mirror
2004,760110,"Alumínio não ligado, em bruto",40,Áustria,18465876,1.869,mirror
2004,760110,"Alumínio não ligado, em bruto",203,Chéquia,2545787,0.258,mirror
2004,760120,"Ligas de alumínio, em bruto",724,Espanha,51931278,55.599,mirror
2004,760120,"Ligas de alumínio, em bruto",276,Alemanha,40254000,43.097,mirror
2004,760120,"Ligas de alumínio, em bruto",251,França,879465,0.942,mirror
2004,760120,"Ligas de alumínio, em bruto",703,Eslováquia,194111,0.208,mirror
2004,760120,"Ligas de alumínio, em bruto",616,Polónia,87607,0.094,mirror
2004,760120,"Ligas de alumínio, em bruto",40,Áustria,48655,0.052,mirror
2004,760120,"Ligas de alumínio, em bruto",705,Eslovénia,7826,0.008,mirror
2004,760429,Varões e perfis de ligas de alumínio,716,Zimbabué,32,100.0,mirror
2004,999999,Mercadorias não especificadas,792,Turquia,3719362,64.729,mirror
2004,999999,Mercadorias não especificadas,716,Zimbabué,705673,12.281,mirror
2004,999999,Mercadorias não especificadas,757,Suíça,426798,7.428,mirror
2004,999999,Mercadorias não especificadas,380,Itália,294803,5.131,mirror
2004,999999,Mercadorias não especificadas,72,Botsuana,177687,3.092,mirror
2004,999999,Mercadorias não especificadas,894,Zâmbia,160053,2.785,mirror
2004,999999,Mercadorias não especificadas,826,Reino Unido,120976,2.105,mirror
2004,999999,Mercadorias não especificadas,842,EUA,58054,1.01,mirror
2005,030613,Camarões congelados,724,Espanha,30738472,42.889,direct
2005,030613,Camarões congelados,620,Portugal,16417049,22.906,direct
2005,030613,Camarões congelados,392,Japão,8470888,11.819,direct
2005,030613,Camarões congelados,710,África do Sul,6138543,8.565,direct
2005,030613,Camarões congelados,251,França,4575680,6.384,direct
2005,030613,Camarões congelados,899,"Areas, nes",1793321,2.502,direct
2005,030613,Camarões congelados,764,Tailândia,1606060,2.241,direct
2005,030613,Camarões congelados,842,EUA,1090837,1.522,direct
2005,080131,Castanha de caju com casca,699,Índia,16912939,96.47,direct
2005,080131,Castanha de caju com casca,899,"Areas, nes",496002,2.829,direct
2005,080131,Castanha de caju com casca,834,Tanzânia,122865,0.701,direct
2005,120740,Sementes de sésamo (gergelim),792,Turquia,4550741,55.641,direct
2005,120740,Sementes de sésamo (gergelim),156,China,3593226,43.933,direct
2005,120740,Sementes de sésamo (gergelim),392,Japão,34838,0.426,direct
2005,170111,"Açúcar de cana, em bruto",899,"Areas, nes",32136066,85.241,direct
2005,170111,"Açúcar de cana, em bruto",826,Reino Unido,5564201,14.759,direct
2005,240120,Tabaco destalado,454,Malawi,4506379,100.0,direct
2005,250590,Areias naturais,710,África do Sul,3265,99.817,direct
2005,250590,Areias naturais,620,Portugal,6,0.183,direct
2005,270119,Outros carvões minerais,454,Malawi,326049,55.481,direct
2005,270119,Outros carvões minerais,834,Tanzânia,147699,25.133,direct
2005,270119,Outros carvões minerais,716,Zimbabué,105518,17.955,direct
2005,270119,Outros carvões minerais,44,Bahamas,8292,1.411,direct
2005,270119,Outros carvões minerais,899,"Areas, nes",97,0.017,direct
2005,270119,Outros carvões minerais,710,África do Sul,21,0.004,direct
2005,270400,Coque,710,África do Sul,253,100.0,direct
2005,271019,Gasóleo e combustíveis médios e pesados,899,"Areas, nes",15457636,100.0,direct
2005,271121,Gás natural em estado gasoso,710,África do Sul,100158083,100.0,direct
2005,271600,Energia elétrica,710,África do Sul,100599177,70.944,direct
2005,271600,Energia elétrica,716,Zimbabué,38921994,27.448,direct
2005,271600,Energia elétrica,899,"Areas, nes",2279253,1.607,direct
2005,520100,Algodão em fibra,899,"Areas, nes",20163342,49.937,direct
2005,520100,Algodão em fibra,156,China,6819676,16.89,direct
2005,520100,Algodão em fibra,360,Indonésia,2146653,5.316,direct
2005,520100,Algodão em fibra,699,Índia,1446118,3.581,direct
2005,520100,Algodão em fibra,710,África do Sul,1319852,3.269,direct
2005,520100,Algodão em fibra,586,Paquistão,1276295,3.161,direct
2005,520100,Algodão em fibra,826,Reino Unido,1245131,3.084,direct
2005,520100,Algodão em fibra,764,Tailândia,1209361,2.995,direct
2005,760110,"Alumínio não ligado, em bruto",528,Países Baixos,1020547000,100.0,direct
2005,760110,"Alumínio não ligado, em bruto",710,África do Sul,1586,0.0,direct
2005,760429,Varões e perfis de ligas de alumínio,710,África do Sul,1819,100.0,direct
2005,999999,Mercadorias não especificadas,710,África do Sul,6160,76.389,direct
2005,999999,Mercadorias não especificadas,899,"Areas, nes",1904,23.611,direct
2005,030613,Camarões congelados,724,Espanha,50998923,49.482,mirror
2005,030613,Camarões congelados,620,Portugal,24798585,24.061,mirror
2005,030613,Camarões congelados,392,Japão,12504282,12.132,mirror
2005,030613,Camarões congelados,710,África do Sul,5538668,5.374,mirror
2005,030613,Camarões congelados,251,França,4231772,4.106,mirror
2005,030613,Camarões congelados,764,Tailândia,2276589,2.209,mirror
2005,030613,Camarões congelados,842,EUA,1301985,1.263,mirror
2005,030613,Camarões congelados,56,Bélgica,629787,0.611,mirror
2005,071390,Outras leguminosas secas,699,Índia,1134699,89.046,mirror
2005,071390,Outras leguminosas secas,702,Singapura,125863,9.877,mirror
2005,071390,Outras leguminosas secas,458,Malásia,13726,1.077,mirror
2005,080131,Castanha de caju com casca,699,Índia,27683576,100.0,mirror
2005,120740,Sementes de sésamo (gergelim),792,Turquia,5273427,57.072,mirror
2005,120740,Sementes de sésamo (gergelim),156,China,2609208,28.238,mirror
2005,120740,Sementes de sésamo (gergelim),392,Japão,1339655,14.498,mirror
2005,120740,Sementes de sésamo (gergelim),528,Países Baixos,13675,0.148,mirror
2005,120740,Sementes de sésamo (gergelim),276,Alemanha,4000,0.043,mirror
2005,170111,"Açúcar de cana, em bruto",826,Reino Unido,10785738,31.556,mirror
2005,170111,"Açúcar de cana, em bruto",251,França,8772124,25.665,mirror
2005,170111,"Açúcar de cana, em bruto",842,EUA,6319949,18.49,mirror
2005,170111,"Açúcar de cana, em bruto",699,Índia,5271016,15.422,mirror
2005,170111,"Açúcar de cana, em bruto",450,Madagáscar,2483273,7.265,mirror
2005,170111,"Açúcar de cana, em bruto",800,Uganda,435417,1.274,mirror
2005,170111,"Açúcar de cana, em bruto",834,Tanzânia,111934,0.327,mirror
2005,170111,"Açúcar de cana, em bruto",716,Zimbabué,11,0.0,mirror
2005,240120,Tabaco destalado,454,Malawi,14056228,20.29,mirror
2005,240120,Tabaco destalado,528,Países Baixos,10527163,15.196,mirror
2005,240120,Tabaco destalado,643,Rússia,9424109,13.603,mirror
2005,240120,Tabaco destalado,276,Alemanha,7314000,10.557,mirror
2005,240120,Tabaco destalado,620,Portugal,5856785,8.454,mirror
2005,240120,Tabaco destalado,757,Suíça,3035952,4.382,mirror
2005,240120,Tabaco destalado,804,Ucrânia,2579656,3.724,mirror
2005,240120,Tabaco destalado,616,Polónia,2402524,3.468,mirror
2005,250590,Areias naturais,710,África do Sul,1295,100.0,mirror
2005,270119,Outros carvões minerais,480,Maurícias,11738865,56.63,mirror
2005,270119,Outros carvões minerais,404,Quénia,4269424,20.596,mirror
2005,270119,Outros carvões minerais,699,Índia,2966963,14.313,mirror
2005,270119,Outros carvões minerais,586,Paquistão,1005250,4.849,mirror
2005,270119,Outros carvões minerais,454,Malawi,745943,3.599,mirror
2005,270119,Outros carvões minerais,710,África do Sul,2588,0.012,mirror
2005,270400,Coque,716,Zimbabué,1420667,99.536,mirror
2005,270400,Coque,454,Malawi,6618,0.464,mirror
2005,271019,Gasóleo e combustíveis médios e pesados,716,Zimbabué,11880889,86.595,mirror
2005,271019,Gasóleo e combustíveis médios e pesados,894,Zâmbia,1839059,13.404,mirror
2005,271019,Gasóleo e combustíveis médios e pesados,454,Malawi,101,0.001,mirror
2005,271111,Gás natural liquefeito (GNL),748,Eswatini,1956059,99.979,mirror
2005,271111,Gás natural liquefeito (GNL),716,Zimbabué,417,0.021,mirror
2005,271600,Energia elétrica,716,Zimbabué,136063092,86.178,mirror
2005,271600,Energia elétrica,748,Eswatini,21365451,13.532,mirror
2005,271600,Energia elétrica,72,Botsuana,457702,0.29,mirror
2005,520100,Algodão em fibra,620,Portugal,6108928,22.397,mirror
2005,520100,Algodão em fibra,156,China,5912388,21.677,mirror
2005,520100,Algodão em fibra,360,Indonésia,2477211,9.082,mirror
2005,520100,Algodão em fibra,764,Tailândia,2398027,8.792,mirror
2005,520100,Algodão em fibra,792,Turquia,1528319,5.603,mirror
2005,520100,Algodão em fibra,480,Maurícias,1345278,4.932,mirror
2005,520100,Algodão em fibra,490,Taiwan (Prov. China),1192194,4.371,mirror
2005,520100,Algodão em fibra,704,Vietname,1177762,4.318,mirror
2005,760110,"Alumínio não ligado, em bruto",56,Bélgica,505294459,43.11,mirror
2005,760110,"Alumínio não ligado, em bruto",380,Itália,222236678,18.96,mirror
2005,760110,"Alumínio não ligado, em bruto",724,Espanha,159224552,13.584,mirror
2005,760110,"Alumínio não ligado, em bruto",826,Reino Unido,119266288,10.175,mirror
2005,760110,"Alumínio não ligado, em bruto",276,Alemanha,98259000,8.383,mirror
2005,760110,"Alumínio não ligado, em bruto",528,Países Baixos,31092924,2.653,mirror
2005,760110,"Alumínio não ligado, em bruto",203,Chéquia,24248939,2.069,mirror
2005,760110,"Alumínio não ligado, em bruto",251,França,8836827,0.754,mirror
2005,760120,"Ligas de alumínio, em bruto",276,Alemanha,45005000,39.14,mirror
2005,760120,"Ligas de alumínio, em bruto",724,Espanha,35879053,31.203,mirror
2005,760120,"Ligas de alumínio, em bruto",528,Países Baixos,21711964,18.882,mirror
2005,760120,"Ligas de alumínio, em bruto",251,França,7952149,6.916,mirror
2005,760120,"Ligas de alumínio, em bruto",380,Itália,2337158,2.033,mirror
2005,760120,"Ligas de alumínio, em bruto",203,Chéquia,1470861,1.279,mirror
2005,760120,"Ligas de alumínio, em bruto",616,Polónia,628953,0.547,mirror
2005,760511,Fios de alumínio,724,Espanha,378460,100.0,mirror
2005,999999,Mercadorias não especificadas,792,Turquia,3804162,65.224,mirror
2005,999999,Mercadorias não especificadas,757,Suíça,1091010,18.706,mirror
2005,999999,Mercadorias não especificadas,842,EUA,454503,7.793,mirror
2005,999999,Mercadorias não especificadas,716,Zimbabué,174273,2.988,mirror
2005,999999,Mercadorias não especificadas,24,Angola,121232,2.079,mirror
2005,999999,Mercadorias não especificadas,702,Singapura,64237,1.101,mirror
2005,999999,Mercadorias não especificadas,826,Reino Unido,55284,0.948,mirror
2005,999999,Mercadorias não especificadas,894,Zâmbia,33169,0.569,mirror
2006,030613,Camarões congelados,724,Espanha,42240991,48.964,direct
2006,030613,Camarões congelados,620,Portugal,21671957,25.121,direct
2006,030613,Camarões congelados,710,África do Sul,10879881,12.612,direct
2006,030613,Camarões congelados,392,Japão,5418216,6.281,direct
2006,030613,Camarões congelados,251,França,3130950,3.629,direct
2006,030613,Camarões congelados,842,EUA,1737700,2.014,direct
2006,030613,Camarões congelados,380,Itália,544802,0.632,direct
2006,030613,Camarões congelados,454,Malawi,163245,0.189,direct
2006,080131,Castanha de caju com casca,699,Índia,23357078,98.644,direct
2006,080131,Castanha de caju com casca,710,África do Sul,227117,0.959,direct
2006,080131,Castanha de caju com casca,784,Emirados Árabes Unidos,60133,0.254,direct
2006,080131,Castanha de caju com casca,702,Singapura,33786,0.143,direct
2006,120740,Sementes de sésamo (gergelim),792,Turquia,5950768,44.081,direct
2006,120740,Sementes de sésamo (gergelim),156,China,3730066,27.631,direct
2006,120740,Sementes de sésamo (gergelim),784,Emirados Árabes Unidos,1849457,13.7,direct
2006,120740,Sementes de sésamo (gergelim),392,Japão,987242,7.313,direct
2006,120740,Sementes de sésamo (gergelim),699,Índia,425658,3.153,direct
2006,120740,Sementes de sésamo (gergelim),702,Singapura,363622,2.694,direct
2006,120740,Sementes de sésamo (gergelim),710,África do Sul,128485,0.952,direct
2006,120740,Sementes de sésamo (gergelim),826,Reino Unido,64233,0.476,direct
2006,170111,"Açúcar de cana, em bruto",246,Finlândia,9747204,31.921,direct
2006,170111,"Açúcar de cana, em bruto",251,França,4650922,15.231,direct
2006,170111,"Açúcar de cana, em bruto",899,"Areas, nes",4049361,13.261,direct
2006,170111,"Açúcar de cana, em bruto",586,Paquistão,3621926,11.861,direct
2006,170111,"Açúcar de cana, em bruto",834,Tanzânia,2451505,8.028,direct
2006,170111,"Açúcar de cana, em bruto",842,EUA,2372643,7.77,direct
2006,170111,"Açúcar de cana, em bruto",620,Portugal,1653737,5.416,direct
2006,170111,"Açúcar de cana, em bruto",706,Somalia,1067696,3.497,direct
2006,240120,Tabaco destalado,757,Suíça,27308335,34.637,direct
2006,240120,Tabaco destalado,276,Alemanha,18711123,23.732,direct
2006,240120,Tabaco destalado,528,Países Baixos,7613671,9.657,direct
2006,240120,Tabaco destalado,643,Rússia,6418747,8.141,direct
2006,240120,Tabaco destalado,616,Polónia,4641388,5.887,direct
2006,240120,Tabaco destalado,56,Bélgica,2806334,3.559,direct
2006,240120,Tabaco destalado,203,Chéquia,1998362,2.535,direct
2006,240120,Tabaco destalado,454,Malawi,1448936,1.838,direct
2006,250590,Areias naturais,710,África do Sul,20813,100.0,direct
2006,270119,Outros carvões minerais,454,Malawi,361705,53.897,direct
2006,270119,Outros carvões minerais,716,Zimbabué,195754,29.169,direct
2006,270119,Outros carvões minerais,834,Tanzânia,52368,7.803,direct
2006,270119,Outros carvões minerais,178,Congo,45613,6.797,direct
2006,270119,Outros carvões minerais,894,Zâmbia,15662,2.334,direct
2006,270400,Coque,710,África do Sul,62,100.0,direct
2006,271019,Gasóleo e combustíveis médios e pesados,899,"Areas, nes",48759201,99.955,direct
2006,271019,Gasóleo e combustíveis médios e pesados,716,Zimbabué,22131,0.045,direct
2006,271121,Gás natural em estado gasoso,710,África do Sul,109605547,100.0,direct
2006,271600,Energia elétrica,710,África do Sul,115136146,64.745,direct
2006,271600,Energia elétrica,716,Zimbabué,61696768,34.694,direct
2006,271600,Energia elétrica,899,"Areas, nes",500655,0.282,direct
2006,271600,Energia elétrica,72,Botsuana,496420,0.279,direct
2006,520100,Algodão em fibra,899,"Areas, nes",10270628,27.878,direct
2006,520100,Algodão em fibra,360,Indonésia,6722131,18.246,direct
2006,520100,Algodão em fibra,156,China,4176613,11.337,direct
2006,520100,Algodão em fibra,710,África do Sul,2612471,7.091,direct
2006,520100,Algodão em fibra,586,Paquistão,2404207,6.526,direct
2006,520100,Algodão em fibra,764,Tailândia,2313127,6.279,direct
2006,520100,Algodão em fibra,757,Suíça,1608390,4.366,direct
2006,520100,Algodão em fibra,454,Malawi,1418501,3.85,direct
2006,670490,Perucas e artigos semelhantes,710,África do Sul,20803,87.507,direct
2006,670490,Perucas e artigos semelhantes,748,Eswatini,2970,12.493,direct
2006,760110,"Alumínio não ligado, em bruto",899,"Areas, nes",1401314661,100.0,direct
2006,760429,Varões e perfis de ligas de alumínio,454,Malawi,420,99.762,direct
2006,760429,Varões e perfis de ligas de alumínio,710,África do Sul,1,0.238,direct
2006,999999,Mercadorias não especificadas,899,"Areas, nes",36759414,97.763,direct
2006,999999,Mercadorias não especificadas,710,África do Sul,583011,1.551,direct
2006,999999,Mercadorias não especificadas,748,Eswatini,146502,0.39,direct
2006,999999,Mercadorias não especificadas,792,Turquia,47515,0.126,direct
2006,999999,Mercadorias não especificadas,454,Malawi,32801,0.087,direct
2006,999999,Mercadorias não especificadas,231,Etiópia,18716,0.05,direct
2006,999999,Mercadorias não especificadas,392,Japão,11418,0.03,direct
2006,999999,Mercadorias não especificadas,826,Reino Unido,1039,0.003,direct
2006,030613,Camarões congelados,724,Espanha,50068036,52.18,mirror
2006,030613,Camarões congelados,620,Portugal,22265463,23.205,mirror
2006,030613,Camarões congelados,392,Japão,11139237,11.609,mirror
2006,030613,Camarões congelados,710,África do Sul,3719862,3.877,mirror
2006,030613,Camarões congelados,251,França,3372401,3.515,mirror
2006,030613,Camarões congelados,764,Tailândia,2891089,3.013,mirror
2006,030613,Camarões congelados,842,EUA,1711064,1.783,mirror
2006,030613,Camarões congelados,380,Itália,491529,0.512,mirror
2006,071390,Outras leguminosas secas,699,Índia,781455,98.484,mirror
2006,071390,Outras leguminosas secas,702,Singapura,12027,1.516,mirror
2006,080131,Castanha de caju com casca,699,Índia,20109532,99.822,mirror
2006,080131,Castanha de caju com casca,710,África do Sul,35925,0.178,mirror
2006,120740,Sementes de sésamo (gergelim),792,Turquia,7916564,54.985,mirror
2006,120740,Sementes de sésamo (gergelim),156,China,5181001,35.985,mirror
2006,120740,Sementes de sésamo (gergelim),392,Japão,1286766,8.937,mirror
2006,120740,Sementes de sésamo (gergelim),276,Alemanha,5000,0.035,mirror
2006,120740,Sementes de sésamo (gergelim),642,Roménia,4972,0.035,mirror
2006,120740,Sementes de sésamo (gergelim),554,Nova Zelândia,3420,0.024,mirror
2006,170111,"Açúcar de cana, em bruto",842,EUA,12216961,29.274,mirror
2006,170111,"Açúcar de cana, em bruto",246,Finlândia,9203601,22.054,mirror
2006,170111,"Açúcar de cana, em bruto",251,França,4774848,11.441,mirror
2006,170111,"Açúcar de cana, em bruto",826,Reino Unido,4695044,11.25,mirror
2006,170111,"Açúcar de cana, em bruto",620,Portugal,4569970,10.951,mirror
2006,170111,"Açúcar de cana, em bruto",834,Tanzânia,3669709,8.793,mirror
2006,170111,"Açúcar de cana, em bruto",450,Madagáscar,1633757,3.915,mirror
2006,170111,"Açúcar de cana, em bruto",800,Uganda,586694,1.406,mirror
2006,240120,Tabaco destalado,528,Países Baixos,22571912,20.397,mirror
2006,240120,Tabaco destalado,643,Rússia,21426308,19.361,mirror
2006,240120,Tabaco destalado,276,Alemanha,18816000,17.003,mirror
2006,240120,Tabaco destalado,454,Malawi,13317415,12.034,mirror
2006,240120,Tabaco destalado,616,Polónia,5821559,5.261,mirror
2006,240120,Tabaco destalado,792,Turquia,4123878,3.726,mirror
2006,240120,Tabaco destalado,804,Ucrânia,3467757,3.134,mirror
2006,240120,Tabaco destalado,392,Japão,2731401,2.468,mirror
2006,250590,Areias naturais,710,África do Sul,440,94.828,mirror
2006,250590,Areias naturais,124,Canadá,24,5.172,mirror
2006,270119,Outros carvões minerais,480,Maurícias,4451260,58.364,mirror
2006,270119,Outros carvões minerais,404,Quénia,2488219,32.625,mirror
2006,270119,Outros carvões minerais,454,Malawi,657223,8.617,mirror
2006,270119,Outros carvões minerais,894,Zâmbia,15058,0.197,mirror
2006,270119,Outros carvões minerais,716,Zimbabué,14904,0.195,mirror
2006,270119,Outros carvões minerais,710,África do Sul,1,0.0,mirror
2006,270400,Coque,716,Zimbabué,1749672,99.17,mirror
2006,270400,Coque,454,Malawi,14648,0.83,mirror
2006,271019,Gasóleo e combustíveis médios e pesados,716,Zimbabué,102836651,94.956,mirror
2006,271019,Gasóleo e combustíveis médios e pesados,894,Zâmbia,5462662,5.044,mirror
2006,271111,Gás natural liquefeito (GNL),716,Zimbabué,194,100.0,mirror
2006,271600,Energia elétrica,716,Zimbabué,11913114,81.145,mirror
2006,271600,Energia elétrica,72,Botsuana,2768195,18.855,mirror
2006,380290,Produtos minerais ativados,24,Angola,17686,100.0,mirror
2006,520100,Algodão em fibra,156,China,10188172,27.173,mirror
2006,520100,Algodão em fibra,360,Indonésia,7534106,20.094,mirror
2006,520100,Algodão em fibra,620,Portugal,5387028,14.368,mirror
2006,520100,Algodão em fibra,764,Tailândia,4033477,10.758,mirror
2006,520100,Algodão em fibra,710,África do Sul,2358808,6.291,mirror
2006,520100,Algodão em fibra,586,Paquistão,2225581,5.936,mirror
2006,520100,Algodão em fibra,458,Malásia,1726923,4.606,mirror
2006,520100,Algodão em fibra,704,Vietname,1049584,2.799,mirror
2006,670490,Perucas e artigos semelhantes,710,África do Sul,20922,100.0,mirror
2006,760110,"Alumínio não ligado, em bruto",56,Bélgica,561266621,36.728,mirror
2006,760110,"Alumínio não ligado, em bruto",380,Itália,414200962,27.104,mirror
2006,760110,"Alumínio não ligado, em bruto",826,Reino Unido,232447822,15.211,mirror
2006,760110,"Alumínio não ligado, em bruto",724,Espanha,139581097,9.134,mirror
2006,760110,"Alumínio não ligado, em bruto",276,Alemanha,86731000,5.675,mirror
2006,760110,"Alumínio não ligado, em bruto",203,Chéquia,31672239,2.073,mirror
2006,760110,"Alumínio não ligado, em bruto",616,Polónia,28128215,1.841,mirror
2006,760110,"Alumínio não ligado, em bruto",251,França,20842093,1.364,mirror
2006,760120,"Ligas de alumínio, em bruto",724,Espanha,55889206,47.699,mirror
2006,760120,"Ligas de alumínio, em bruto",276,Alemanha,39629000,33.822,mirror
2006,760120,"Ligas de alumínio, em bruto",616,Polónia,9418628,8.038,mirror
2006,760120,"Ligas de alumínio, em bruto",251,França,6041696,5.156,mirror
2006,760120,"Ligas de alumínio, em bruto",203,Chéquia,4356180,3.718,mirror
2006,760120,"Ligas de alumínio, em bruto",380,Itália,1282470,1.095,mirror
2006,760120,"Ligas de alumínio, em bruto",703,Eslováquia,487997,0.416,mirror
2006,760120,"Ligas de alumínio, em bruto",826,Reino Unido,64876,0.055,mirror
2006,760429,Varões e perfis de ligas de alumínio,894,Zâmbia,5062,100.0,mirror
2006,999999,Mercadorias não especificadas,757,Suíça,46505976,93.206,mirror
2006,999999,Mercadorias não especificadas,56,Bélgica,1233898,2.473,mirror
2006,999999,Mercadorias não especificadas,710,África do Sul,647915,1.299,mirror
2006,999999,Mercadorias não especificadas,702,Singapura,605229,1.213,mirror
2006,999999,Mercadorias não especificadas,894,Zâmbia,237912,0.477,mirror
2006,999999,Mercadorias não especificadas,842,EUA,221543,0.444,mirror
2006,999999,Mercadorias não especificadas,716,Zimbabué,142696,0.286,mirror
2006,999999,Mercadorias não especificadas,826,Reino Unido,91330,0.183,mirror
2007,030613,Camarões congelados,724,Espanha,31680673,51.354,direct
2007,030613,Camarões congelados,620,Portugal,16606459,26.919,direct
2007,030613,Camarões congelados,899,"Areas, nes",5907221,9.576,direct
2007,030613,Camarões congelados,710,África do Sul,3734833,6.054,direct
2007,030613,Camarões congelados,392,Japão,1133945,1.838,direct
2007,030613,Camarões congelados,251,França,1094177,1.774,direct
2007,030613,Camarões congelados,380,Itália,570008,0.924,direct
2007,030613,Camarões congelados,156,China,319661,0.518,direct
2007,071390,Outras leguminosas secas,702,Singapura,42934,94.625,direct
2007,071390,Outras leguminosas secas,792,Turquia,2439,5.375,direct
2007,080131,Castanha de caju com casca,699,Índia,10100339,93.919,direct
2007,080131,Castanha de caju com casca,156,China,631768,5.875,direct
2007,080131,Castanha de caju com casca,360,Indonésia,22160,0.206,direct
2007,120740,Sementes de sésamo (gergelim),156,China,10307365,64.431,direct
2007,120740,Sementes de sésamo (gergelim),792,Turquia,3387426,21.175,direct
2007,120740,Sementes de sésamo (gergelim),392,Japão,1001921,6.263,direct
2007,120740,Sementes de sésamo (gergelim),710,África do Sul,755896,4.725,direct
2007,120740,Sementes de sésamo (gergelim),757,Suíça,219399,1.371,direct
2007,120740,Sementes de sésamo (gergelim),796,Turks and Caicos Isds,190229,1.189,direct
2007,120740,Sementes de sésamo (gergelim),360,Indonésia,134085,0.838,direct
2007,120740,Sementes de sésamo (gergelim),826,Reino Unido,1231,0.008,direct
2007,170111,"Açúcar de cana, em bruto",826,Reino Unido,22407839,37.96,direct
2007,170111,"Açúcar de cana, em bruto",404,Quénia,19757632,33.471,direct
2007,170111,"Açúcar de cana, em bruto",251,França,9375781,15.883,direct
2007,170111,"Açúcar de cana, em bruto",620,Portugal,6156294,10.429,direct
2007,170111,"Açúcar de cana, em bruto",450,Madagáscar,1292240,2.189,direct
2007,170111,"Açúcar de cana, em bruto",178,Congo,39574,0.067,direct
2007,170111,"Açúcar de cana, em bruto",156,China,9,0.0,direct
2007,240120,Tabaco destalado,276,Alemanha,7820588,18.055,direct
2007,240120,Tabaco destalado,757,Suíça,5744334,13.262,direct
2007,240120,Tabaco destalado,528,Países Baixos,4733722,10.929,direct
2007,240120,Tabaco destalado,643,Rússia,4694810,10.839,direct
2007,240120,Tabaco destalado,616,Polónia,4271714,9.862,direct
2007,240120,Tabaco destalado,56,Bélgica,3129207,7.224,direct
2007,240120,Tabaco destalado,752,Suécia,2777039,6.411,direct
2007,240120,Tabaco destalado,410,Coreia do Sul,1603422,3.702,direct
2007,250590,Areias naturais,710,África do Sul,17129,100.0,direct
2007,261400,Minério de titânio,710,África do Sul,5133685,100.0,direct
2007,270119,Outros carvões minerais,710,África do Sul,947363,100.0,direct
2007,271019,Gasóleo e combustíveis médios e pesados,899,"Areas, nes",29677875,100.0,direct
2007,271111,Gás natural liquefeito (GNL),710,África do Sul,4,100.0,direct
2007,271121,Gás natural em estado gasoso,710,África do Sul,110889096,100.0,direct
2007,271600,Energia elétrica,710,África do Sul,163524321,72.585,direct
2007,271600,Energia elétrica,716,Zimbabué,61762448,27.415,direct
2007,520100,Algodão em fibra,360,Indonésia,5479886,27.963,direct
2007,520100,Algodão em fibra,156,China,3786198,19.32,direct
2007,520100,Algodão em fibra,710,África do Sul,2988589,15.25,direct
2007,520100,Algodão em fibra,490,Taiwan (Prov. China),1274499,6.503,direct
2007,520100,Algodão em fibra,716,Zimbabué,1068020,5.45,direct
2007,520100,Algodão em fibra,586,Paquistão,935907,4.776,direct
2007,520100,Algodão em fibra,764,Tailândia,878766,4.484,direct
2007,520100,Algodão em fibra,620,Portugal,667512,3.406,direct
2007,670490,Perucas e artigos semelhantes,710,África do Sul,760752,49.826,direct
2007,670490,Perucas e artigos semelhantes,899,"Areas, nes",336714,22.053,direct
2007,670490,Perucas e artigos semelhantes,724,Espanha,160669,10.523,direct
2007,670490,Perucas e artigos semelhantes,620,Portugal,114401,7.493,direct
2007,670490,Perucas e artigos semelhantes,380,Itália,82874,5.428,direct
2007,670490,Perucas e artigos semelhantes,842,EUA,45011,2.948,direct
2007,670490,Perucas e artigos semelhantes,276,Alemanha,26408,1.73,direct
2007,760110,"Alumínio não ligado, em bruto",899,"Areas, nes",1515924885,100.0,direct
2007,760429,Varões e perfis de ligas de alumínio,710,África do Sul,8033,100.0,direct
2007,999999,Mercadorias não especificadas,710,África do Sul,14931021,84.209,direct
2007,999999,Mercadorias não especificadas,899,"Areas, nes",2799909,15.791,direct
2007,030613,Camarões congelados,724,Espanha,59191745,61.633,mirror
2007,030613,Camarões congelados,620,Portugal,19192404,19.984,mirror
2007,030613,Camarões congelados,392,Japão,4727339,4.922,mirror
2007,030613,Camarões congelados,251,França,4079145,4.247,mirror
2007,030613,Camarões congelados,710,África do Sul,3053553,3.179,mirror
2007,030613,Camarões congelados,764,Tailândia,2482223,2.585,mirror
2007,030613,Camarões congelados,380,Itália,1109569,1.155,mirror
2007,030613,Camarões congelados,842,EUA,943976,0.983,mirror
2007,071390,Outras leguminosas secas,699,Índia,4669209,95.851,mirror
2007,071390,Outras leguminosas secas,458,Malásia,162335,3.332,mirror
2007,071390,Outras leguminosas secas,480,Maurícias,39768,0.816,mirror
2007,080131,Castanha de caju com casca,699,Índia,15865330,97.747,mirror
2007,080131,Castanha de caju com casca,710,África do Sul,321658,1.982,mirror
2007,080131,Castanha de caju com casca,360,Indonésia,29170,0.18,mirror
2007,080131,Castanha de caju com casca,203,Chéquia,8986,0.055,mirror
2007,080131,Castanha de caju com casca,414,Kuwait,5868,0.036,mirror
2007,120740,Sementes de sésamo (gergelim),156,China,9786082,55.471,mirror
2007,120740,Sementes de sésamo (gergelim),792,Turquia,6518444,36.949,mirror
2007,120740,Sementes de sésamo (gergelim),392,Japão,1334980,7.567,mirror
2007,120740,Sementes de sésamo (gergelim),716,Zimbabué,2385,0.014,mirror
2007,170111,"Açúcar de cana, em bruto",826,Reino Unido,34980483,53.789,mirror
2007,170111,"Açúcar de cana, em bruto",620,Portugal,9920278,15.254,mirror
2007,170111,"Açúcar de cana, em bruto",251,França,8051233,12.38,mirror
2007,170111,"Açúcar de cana, em bruto",834,Tanzânia,7442234,11.444,mirror
2007,170111,"Açúcar de cana, em bruto",246,Finlândia,2852246,4.386,mirror
2007,170111,"Açúcar de cana, em bruto",800,Uganda,1271056,1.954,mirror
2007,170111,"Açúcar de cana, em bruto",450,Madagáscar,515239,0.792,mirror
2007,240120,Tabaco destalado,276,Alemanha,47504000,31.314,mirror
2007,240120,Tabaco destalado,643,Rússia,30937676,20.394,mirror
2007,240120,Tabaco destalado,528,Países Baixos,19341591,12.75,mirror
2007,240120,Tabaco destalado,616,Polónia,10960498,7.225,mirror
2007,240120,Tabaco destalado,792,Turquia,5716878,3.768,mirror
2007,240120,Tabaco destalado,203,Chéquia,4499837,2.966,mirror
2007,240120,Tabaco destalado,208,Dinamarca,4294523,2.831,mirror
2007,240120,Tabaco destalado,56,Bélgica,4099589,2.702,mirror
2007,250590,Areias naturais,826,Reino Unido,3549,90.536,mirror
2007,250590,Areias naturais,710,África do Sul,371,9.464,mirror
2007,261400,Minério de titânio,710,África do Sul,34934,100.0,mirror
2007,270119,Outros carvões minerais,404,Quénia,2773818,77.05,mirror
2007,270119,Outros carvões minerais,454,Malawi,667633,18.545,mirror
2007,270119,Outros carvões minerais,834,Tanzânia,129482,3.597,mirror
2007,270119,Outros carvões minerais,894,Zâmbia,19089,0.53,mirror
2007,270119,Outros carvões minerais,710,África do Sul,9970,0.277,mirror
2007,270119,Outros carvões minerais,716,Zimbabué,26,0.001,mirror
2007,270400,Coque,894,Zâmbia,2372,100.0,mirror
2007,271019,Gasóleo e combustíveis médios e pesados,716,Zimbabué,70703870,66.436,mirror
2007,271019,Gasóleo e combustíveis médios e pesados,894,Zâmbia,35445611,33.306,mirror
2007,271019,Gasóleo e combustíveis médios e pesados,454,Malawi,274379,0.258,mirror
2007,271111,Gás natural liquefeito (GNL),710,África do Sul,118337397,99.979,mirror
2007,271111,Gás natural liquefeito (GNL),716,Zimbabué,24295,0.021,mirror
2007,271121,Gás natural em estado gasoso,36,Austrália,6330,100.0,mirror
2007,271600,Energia elétrica,710,África do Sul,105649651,89.739,mirror
2007,271600,Energia elétrica,716,Zimbabué,5917539,5.026,mirror
2007,271600,Energia elétrica,748,Eswatini,4837560,4.109,mirror
2007,271600,Energia elétrica,72,Botsuana,1325274,1.126,mirror
2007,520100,Algodão em fibra,360,Indonésia,13008173,26.894,mirror
2007,520100,Algodão em fibra,710,África do Sul,8371213,17.307,mirror
2007,520100,Algodão em fibra,764,Tailândia,6894193,14.254,mirror
2007,520100,Algodão em fibra,490,Taiwan (Prov. China),5073169,10.489,mirror
2007,520100,Algodão em fibra,156,China,4939702,10.213,mirror
2007,520100,Algodão em fibra,586,Paquistão,4117410,8.513,mirror
2007,520100,Algodão em fibra,480,Maurícias,1550336,3.205,mirror
2007,520100,Algodão em fibra,704,Vietname,1524840,3.153,mirror
2007,670490,Perucas e artigos semelhantes,710,África do Sul,1393464,93.98,mirror
2007,670490,Perucas e artigos semelhantes,450,Madagáscar,53839,3.631,mirror
2007,670490,Perucas e artigos semelhantes,24,Angola,35423,2.389,mirror
2007,760110,"Alumínio não ligado, em bruto",380,Itália,558373714,34.812,mirror
2007,760110,"Alumínio não ligado, em bruto",56,Bélgica,548773310,34.214,mirror
2007,760110,"Alumínio não ligado, em bruto",724,Espanha,220229467,13.73,mirror
2007,760110,"Alumínio não ligado, em bruto",826,Reino Unido,178356844,11.12,mirror
2007,760110,"Alumínio não ligado, em bruto",276,Alemanha,60198000,3.753,mirror
2007,760110,"Alumínio não ligado, em bruto",616,Polónia,13364338,0.833,mirror
2007,760110,"Alumínio não ligado, em bruto",40,Áustria,11379122,0.709,mirror
2007,760110,"Alumínio não ligado, em bruto",251,França,10250018,0.639,mirror
2007,760120,"Ligas de alumínio, em bruto",724,Espanha,87410025,58.946,mirror
2007,760120,"Ligas de alumínio, em bruto",276,Alemanha,44526000,30.026,mirror
2007,760120,"Ligas de alumínio, em bruto",616,Polónia,10458175,7.053,mirror
2007,760120,"Ligas de alumínio, em bruto",203,Chéquia,3748731,2.528,mirror
2007,760120,"Ligas de alumínio, em bruto",251,França,2146629,1.448,mirror
2007,760429,Varões e perfis de ligas de alumínio,710,África do Sul,2,100.0,mirror
2007,999999,Mercadorias não especificadas,757,Suíça,66867167,84.548,mirror
2007,999999,Mercadorias não especificadas,792,Turquia,6055775,7.657,mirror
2007,999999,Mercadorias não especificadas,716,Zimbabué,3726075,4.711,mirror
2007,999999,Mercadorias não especificadas,710,África do Sul,546794,0.691,mirror
2007,999999,Mercadorias não especificadas,208,Dinamarca,442924,0.56,mirror
2007,999999,Mercadorias não especificadas,702,Singapura,383210,0.485,mirror
2007,999999,Mercadorias não especificadas,446,Macau (RAEM),309737,0.392,mirror
2007,999999,Mercadorias não especificadas,528,Países Baixos,238819,0.302,mirror
2008,030613,Camarões congelados,724,Espanha,35420919,57.177,direct
2008,030613,Camarões congelados,620,Portugal,16773475,27.076,direct
2008,030613,Camarões congelados,710,África do Sul,2940122,4.746,direct
2008,030613,Camarões congelados,392,Japão,2492968,4.024,direct
2008,030613,Camarões congelados,899,"Areas, nes",2263148,3.653,direct
2008,030613,Camarões congelados,764,Tailândia,719092,1.161,direct
2008,030613,Camarões congelados,251,França,590367,0.953,direct
2008,030613,Camarões congelados,580,N. Mariana Isds,353363,0.57,direct
2008,080131,Castanha de caju com casca,699,Índia,13318247,88.55,direct
2008,080131,Castanha de caju com casca,899,"Areas, nes",1331274,8.851,direct
2008,080131,Castanha de caju com casca,580,N. Mariana Isds,390871,2.599,direct
2008,120740,Sementes de sésamo (gergelim),156,China,17606750,57.581,direct
2008,120740,Sementes de sésamo (gergelim),392,Japão,6676461,21.835,direct
2008,120740,Sementes de sésamo (gergelim),899,"Areas, nes",3074527,10.055,direct
2008,120740,Sementes de sésamo (gergelim),792,Turquia,2076445,6.791,direct
2008,120740,Sementes de sésamo (gergelim),124,Canadá,316340,1.035,direct
2008,120740,Sementes de sésamo (gergelim),784,Emirados Árabes Unidos,227838,0.745,direct
2008,120740,Sementes de sésamo (gergelim),528,Países Baixos,176212,0.576,direct
2008,120740,Sementes de sésamo (gergelim),818,Egito,144187,0.472,direct
2008,240120,Tabaco destalado,56,Bélgica,24512984,14.876,direct
2008,240120,Tabaco destalado,643,Rússia,23206351,14.083,direct
2008,240120,Tabaco destalado,276,Alemanha,20229212,12.276,direct
2008,240120,Tabaco destalado,251,França,12503772,7.588,direct
2008,240120,Tabaco destalado,804,Ucrânia,11746670,7.128,direct
2008,240120,Tabaco destalado,528,Países Baixos,10371173,6.294,direct
2008,240120,Tabaco destalado,724,Espanha,6886384,4.179,direct
2008,240120,Tabaco destalado,757,Suíça,6549243,3.974,direct
2008,250590,Areias naturais,710,África do Sul,39353,48.648,direct
2008,250590,Areias naturais,380,Itália,36113,44.643,direct
2008,250590,Areias naturais,842,EUA,3794,4.69,direct
2008,250590,Areias naturais,826,Reino Unido,1632,2.017,direct
2008,261400,Minério de titânio,842,EUA,11539933,40.064,direct
2008,261400,Minério de titânio,579,Noruega,5640763,19.583,direct
2008,261400,Minério de titânio,724,Espanha,4259073,14.787,direct
2008,261400,Minério de titânio,392,Japão,3871929,13.442,direct
2008,261400,Minério de titânio,705,Eslovénia,1406834,4.884,direct
2008,261400,Minério de titânio,528,Países Baixos,1358593,4.717,direct
2008,261400,Minério de titânio,203,Chéquia,726586,2.523,direct
2008,261510,Minério de zircónio,380,Itália,5391731,99.984,direct
2008,261510,Minério de zircónio,710,África do Sul,872,0.016,direct
2008,270119,Outros carvões minerais,454,Malawi,444261,55.597,direct
2008,270119,Outros carvões minerais,716,Zimbabué,271952,34.033,direct
2008,270119,Outros carvões minerais,834,Tanzânia,69379,8.682,direct
2008,270119,Outros carvões minerais,710,África do Sul,7859,0.984,direct
2008,270119,Outros carvões minerais,251,França,5621,0.703,direct
2008,271019,Gasóleo e combustíveis médios e pesados,899,"Areas, nes",20699615,40.849,direct
2008,271019,Gasóleo e combustíveis médios e pesados,716,Zimbabué,20498453,40.452,direct
2008,271019,Gasóleo e combustíveis médios e pesados,454,Malawi,3780005,7.46,direct
2008,271019,Gasóleo e combustíveis médios e pesados,710,África do Sul,2517883,4.969,direct
2008,271019,Gasóleo e combustíveis médios e pesados,72,Botsuana,1386484,2.736,direct
2008,271019,Gasóleo e combustíveis médios e pesados,170,Colômbia,429895,0.848,direct
2008,271019,Gasóleo e combustíveis médios e pesados,178,Congo,356786,0.704,direct
2008,271019,Gasóleo e combustíveis médios e pesados,894,Zâmbia,344809,0.68,direct
2008,271111,Gás natural liquefeito (GNL),710,África do Sul,3016713,100.0,direct
2008,271121,Gás natural em estado gasoso,710,África do Sul,1431087,100.0,direct
2008,271600,Energia elétrica,710,África do Sul,168131259,74.273,direct
2008,271600,Energia elétrica,716,Zimbabué,52850613,23.347,direct
2008,271600,Energia elétrica,72,Botsuana,5387142,2.38,direct
2008,520100,Algodão em fibra,899,"Areas, nes",48235013,95.676,direct
2008,520100,Algodão em fibra,764,Tailândia,836183,1.659,direct
2008,520100,Algodão em fibra,710,África do Sul,607571,1.205,direct
2008,520100,Algodão em fibra,156,China,321878,0.638,direct
2008,520100,Algodão em fibra,702,Singapura,276747,0.549,direct
2008,520100,Algodão em fibra,360,Indonésia,99383,0.197,direct
2008,520100,Algodão em fibra,251,França,37991,0.075,direct
2008,670490,Perucas e artigos semelhantes,710,África do Sul,2140965,91.717,direct
2008,670490,Perucas e artigos semelhantes,24,Angola,132399,5.672,direct
2008,670490,Perucas e artigos semelhantes,450,Madagáscar,60943,2.611,direct
2008,760120,"Ligas de alumínio, em bruto",528,Países Baixos,1451846140,100.0,direct
2008,760410,Varões e perfis de alumínio não ligado,710,África do Sul,6891,100.0,direct
2008,999999,Mercadorias não especificadas,899,"Areas, nes",198959415,100.0,direct
2008,030613,Camarões congelados,724,Espanha,44549755,42.979,mirror
2008,030613,Camarões congelados,764,Tailândia,27932456,26.948,mirror
2008,030613,Camarões congelados,251,França,12580658,12.137,mirror
2008,030613,Camarões congelados,620,Portugal,12062179,11.637,mirror
2008,030613,Camarões congelados,392,Japão,3478752,3.356,mirror
2008,030613,Camarões congelados,710,África do Sul,2222071,2.144,mirror
2008,030613,Camarões congelados,380,Itália,252398,0.243,mirror
2008,030613,Camarões congelados,156,China,223702,0.216,mirror
2008,071390,Outras leguminosas secas,699,Índia,6399511,97.899,mirror
2008,071390,Outras leguminosas secas,458,Malásia,137364,2.101,mirror
2008,080131,Castanha de caju com casca,699,Índia,31684956,99.649,mirror
2008,080131,Castanha de caju com casca,710,África do Sul,110345,0.347,mirror
2008,080131,Castanha de caju com casca,834,Tanzânia,1015,0.003,mirror
2008,080131,Castanha de caju com casca,40,Áustria,229,0.001,mirror
2008,120740,Sementes de sésamo (gergelim),156,China,25084728,58.524,mirror
2008,120740,Sementes de sésamo (gergelim),392,Japão,15142124,35.328,mirror
2008,120740,Sementes de sésamo (gergelim),792,Turquia,1707272,3.983,mirror
2008,120740,Sementes de sésamo (gergelim),528,Países Baixos,302065,0.705,mirror
2008,120740,Sementes de sésamo (gergelim),616,Polónia,142500,0.332,mirror
2008,120740,Sementes de sésamo (gergelim),702,Singapura,138558,0.323,mirror
2008,120740,Sementes de sésamo (gergelim),818,Egito,132683,0.31,mirror
2008,120740,Sementes de sésamo (gergelim),807,North Macedonia,124325,0.29,mirror
2008,170111,"Açúcar de cana, em bruto",620,Portugal,34121861,36.489,mirror
2008,170111,"Açúcar de cana, em bruto",246,Finlândia,27042084,28.918,mirror
2008,170111,"Açúcar de cana, em bruto",826,Reino Unido,19011971,20.331,mirror
2008,170111,"Açúcar de cana, em bruto",251,França,13125850,14.037,mirror
2008,170111,"Açúcar de cana, em bruto",276,Alemanha,150333,0.161,mirror
2008,170111,"Açúcar de cana, em bruto",842,EUA,59106,0.063,mirror
2008,170111,"Açúcar de cana, em bruto",716,Zimbabué,250,0.0,mirror
2008,240120,Tabaco destalado,643,Rússia,31612012,28.995,mirror
2008,240120,Tabaco destalado,276,Alemanha,18707945,17.159,mirror
2008,240120,Tabaco destalado,528,Países Baixos,13181812,12.09,mirror
2008,240120,Tabaco destalado,804,Ucrânia,5934910,5.444,mirror
2008,240120,Tabaco destalado,616,Polónia,5907182,5.418,mirror
2008,240120,Tabaco destalado,792,Turquia,5451476,5.0,mirror
2008,240120,Tabaco destalado,208,Dinamarca,4605200,4.224,mirror
2008,240120,Tabaco destalado,392,Japão,3278235,3.007,mirror
2008,250590,Areias naturais,710,África do Sul,6100,96.23,mirror
2008,250590,Areias naturais,620,Portugal,140,2.209,mirror
2008,250590,Areias naturais,702,Singapura,99,1.562,mirror
2008,261400,Minério de titânio,724,Espanha,10245116,27.858,mirror
2008,261400,Minério de titânio,842,EUA,8771032,23.849,mirror
2008,261400,Minério de titânio,579,Noruega,6452596,17.545,mirror
2008,261400,Minério de titânio,705,Eslovénia,6157645,16.743,mirror
2008,261400,Minério de titânio,392,Japão,1869346,5.083,mirror
2008,261400,Minério de titânio,276,Alemanha,1651565,4.491,mirror
2008,261400,Minério de titânio,246,Finlândia,683650,1.859,mirror
2008,261400,Minério de titânio,203,Chéquia,565777,1.538,mirror
2008,261510,Minério de zircónio,380,Itália,4736967,100.0,mirror
2008,270119,Outros carvões minerais,454,Malawi,560916,55.291,mirror
2008,270119,Outros carvões minerais,716,Zimbabué,264118,26.035,mirror
2008,270119,Outros carvões minerais,834,Tanzânia,178400,17.585,mirror
2008,270119,Outros carvões minerais,36,Austrália,5697,0.562,mirror
2008,270119,Outros carvões minerais,710,África do Sul,5348,0.527,mirror
2008,270400,Coque,710,África do Sul,355,100.0,mirror
2008,271019,Gasóleo e combustíveis médios e pesados,716,Zimbabué,29498137,51.717,mirror
2008,271019,Gasóleo e combustíveis médios e pesados,894,Zâmbia,26844955,47.065,mirror
2008,271019,Gasóleo e combustíveis médios e pesados,454,Malawi,694379,1.217,mirror
2008,271111,Gás natural liquefeito (GNL),710,África do Sul,167682640,99.916,mirror
2008,271111,Gás natural liquefeito (GNL),800,Uganda,141483,0.084,mirror
2008,271600,Energia elétrica,710,África do Sul,155472402,85.706,mirror
2008,271600,Energia elétrica,716,Zimbabué,25755385,14.198,mirror
2008,271600,Energia elétrica,426,Lesotho,174658,0.096,mirror
2008,520100,Algodão em fibra,360,Indonésia,15542928,33.998,mirror
2008,520100,Algodão em fibra,764,Tailândia,9429395,20.625,mirror
2008,520100,Algodão em fibra,710,África do Sul,4487522,9.816,mirror
2008,520100,Algodão em fibra,480,Maurícias,3739108,8.179,mirror
2008,520100,Algodão em fibra,490,Taiwan (Prov. China),3110586,6.804,mirror
2008,520100,Algodão em fibra,704,Vietname,2569522,5.62,mirror
2008,520100,Algodão em fibra,392,Japão,2289048,5.007,mirror
2008,520100,Algodão em fibra,699,Índia,2077591,4.544,mirror
2008,670490,Perucas e artigos semelhantes,710,África do Sul,2964312,94.174,mirror
2008,670490,Perucas e artigos semelhantes,24,Angola,122801,3.901,mirror
2008,670490,Perucas e artigos semelhantes,450,Madagáscar,60593,1.925,mirror
2008,710391,"Rubis, safiras e esmeraldas",124,Canadá,262,100.0,mirror
2008,760110,"Alumínio não ligado, em bruto",380,Itália,353706479,33.559,mirror
2008,760110,"Alumínio não ligado, em bruto",56,Bélgica,293594285,27.855,mirror
2008,760110,"Alumínio não ligado, em bruto",724,Espanha,165024858,15.657,mirror
2008,760110,"Alumínio não ligado, em bruto",826,Reino Unido,108276420,10.273,mirror
2008,760110,"Alumínio não ligado, em bruto",276,Alemanha,76256588,7.235,mirror
2008,760110,"Alumínio não ligado, em bruto",203,Chéquia,13858680,1.315,mirror
2008,760110,"Alumínio não ligado, em bruto",251,França,12075251,1.146,mirror
2008,760110,"Alumínio não ligado, em bruto",616,Polónia,11526255,1.094,mirror
2008,760120,"Ligas de alumínio, em bruto",724,Espanha,64410167,58.569,mirror
2008,760120,"Ligas de alumínio, em bruto",276,Alemanha,29434530,26.765,mirror
2008,760120,"Ligas de alumínio, em bruto",251,França,5885119,5.351,mirror
2008,760120,"Ligas de alumínio, em bruto",616,Polónia,5494610,4.996,mirror
2008,760120,"Ligas de alumínio, em bruto",203,Chéquia,4748452,4.318,mirror
2008,999999,Mercadorias não especificadas,757,Suíça,106468776,92.119,mirror
2008,999999,Mercadorias não especificadas,792,Turquia,3549774,3.071,mirror
2008,999999,Mercadorias não especificadas,276,Alemanha,2525216,2.185,mirror
2008,999999,Mercadorias não especificadas,716,Zimbabué,725224,0.627,mirror
2008,999999,Mercadorias não especificadas,702,Singapura,581734,0.503,mirror
2008,999999,Mercadorias não especificadas,842,EUA,509656,0.441,mirror
2008,999999,Mercadorias não especificadas,710,África do Sul,422305,0.365,mirror
2008,999999,Mercadorias não especificadas,454,Malawi,380819,0.329,mirror
2009,030613,Camarões congelados,724,Espanha,25164546,47.192,direct
2009,030613,Camarões congelados,620,Portugal,13380981,25.094,direct
2009,030613,Camarões congelados,710,África do Sul,6528040,12.242,direct
2009,030613,Camarões congelados,251,França,3999223,7.5,direct
2009,030613,Camarões congelados,792,Turquia,1692813,3.175,direct
2009,030613,Camarões congelados,28,Antigua and Barbuda,679001,1.273,direct
2009,030613,Camarões congelados,156,China,639197,1.199,direct
2009,030613,Camarões congelados,380,Itália,386451,0.725,direct
2009,071390,Outras leguminosas secas,699,Índia,4648150,72.153,direct
2009,071390,Outras leguminosas secas,784,Emirados Árabes Unidos,1729565,26.848,direct
2009,071390,Outras leguminosas secas,454,Malawi,39125,0.607,direct
2009,071390,Outras leguminosas secas,156,China,25233,0.392,direct
2009,080131,Castanha de caju com casca,699,Índia,12954438,98.16,direct
2009,080131,Castanha de caju com casca,710,África do Sul,211598,1.603,direct
2009,080131,Castanha de caju com casca,784,Emirados Árabes Unidos,31260,0.237,direct
2009,120740,Sementes de sésamo (gergelim),156,China,29752083,76.014,direct
2009,120740,Sementes de sésamo (gergelim),792,Turquia,5691695,14.542,direct
2009,120740,Sementes de sésamo (gergelim),894,Zâmbia,780426,1.994,direct
2009,120740,Sementes de sésamo (gergelim),784,Emirados Árabes Unidos,652029,1.666,direct
2009,120740,Sementes de sésamo (gergelim),710,África do Sul,651843,1.665,direct
2009,120740,Sementes de sésamo (gergelim),392,Japão,638692,1.632,direct
2009,120740,Sementes de sésamo (gergelim),699,Índia,523992,1.339,direct
2009,120740,Sementes de sésamo (gergelim),702,Singapura,180339,0.461,direct
2009,170111,"Açúcar de cana, em bruto",899,"Areas, nes",58310000,100.0,direct
2009,240120,Tabaco destalado,643,Rússia,28898634,18.698,direct
2009,240120,Tabaco destalado,616,Polónia,23635272,15.293,direct
2009,240120,Tabaco destalado,276,Alemanha,16677834,10.791,direct
2009,240120,Tabaco destalado,56,Bélgica,14155278,9.159,direct
2009,240120,Tabaco destalado,528,Países Baixos,13962572,9.034,direct
2009,240120,Tabaco destalado,620,Portugal,13378613,8.656,direct
2009,240120,Tabaco destalado,757,Suíça,6674165,4.318,direct
2009,240120,Tabaco destalado,440,Lituânia,5889075,3.81,direct
2009,250590,Areias naturais,826,Reino Unido,263,66.247,direct
2009,250590,Areias naturais,124,Canadá,134,33.753,direct
2009,261400,Minério de titânio,842,EUA,12075428,27.563,direct
2009,261400,Minério de titânio,458,Malásia,6687227,15.264,direct
2009,261400,Minério de titânio,344,Hong Kong (RAEHK),5499091,12.552,direct
2009,261400,Minério de titânio,276,Alemanha,4224184,9.642,direct
2009,261400,Minério de titânio,156,China,3551383,8.106,direct
2009,261400,Minério de titânio,392,Japão,2478093,5.656,direct
2009,261400,Minério de titânio,724,Espanha,2322375,5.301,direct
2009,261400,Minério de titânio,203,Chéquia,1689299,3.856,direct
2009,261510,Minério de zircónio,380,Itália,10375986,100.0,direct
2009,270119,Outros carvões minerais,454,Malawi,562307,72.024,direct
2009,270119,Outros carvões minerais,716,Zimbabué,218411,27.976,direct
2009,271019,Gasóleo e combustíveis médios e pesados,710,África do Sul,2434028,30.374,direct
2009,271019,Gasóleo e combustíveis médios e pesados,899,"Areas, nes",2399889,29.948,direct
2009,271019,Gasóleo e combustíveis médios e pesados,716,Zimbabué,1419220,17.71,direct
2009,271019,Gasóleo e combustíveis médios e pesados,48,Barém,800096,9.984,direct
2009,271019,Gasóleo e combustíveis médios e pesados,702,Singapura,604967,7.549,direct
2009,271019,Gasóleo e combustíveis médios e pesados,454,Malawi,340468,4.249,direct
2009,271019,Gasóleo e combustíveis médios e pesados,748,Eswatini,14806,0.185,direct
2009,271111,Gás natural liquefeito (GNL),710,África do Sul,77530311,100.0,direct
2009,271121,Gás natural em estado gasoso,710,África do Sul,12698319,100.0,direct
2009,271600,Energia elétrica,710,África do Sul,227415627,82.881,direct
2009,271600,Energia elétrica,716,Zimbabué,46971052,17.119,direct
2009,380290,Produtos minerais ativados,710,África do Sul,1394,100.0,direct
2009,520100,Algodão em fibra,899,"Areas, nes",26490439,100.0,direct
2009,670490,Perucas e artigos semelhantes,710,África do Sul,3555066,95.259,direct
2009,670490,Perucas e artigos semelhantes,450,Madagáscar,88887,2.382,direct
2009,670490,Perucas e artigos semelhantes,748,Eswatini,70739,1.895,direct
2009,670490,Perucas e artigos semelhantes,894,Zâmbia,17310,0.464,direct
2009,760410,Varões e perfis de alumínio não ligado,710,África do Sul,1434,100.0,direct
2009,999999,Mercadorias não especificadas,528,Países Baixos,867748512,100.0,direct
2009,030613,Camarões congelados,724,Espanha,30913062,51.575,mirror
2009,030613,Camarões congelados,620,Portugal,13966148,23.301,mirror
2009,030613,Camarões congelados,251,França,5213166,8.698,mirror
2009,030613,Camarões congelados,392,Japão,4729184,7.89,mirror
2009,030613,Camarões congelados,710,África do Sul,2763050,4.61,mirror
2009,030613,Camarões congelados,764,Tailândia,1330871,2.22,mirror
2009,030613,Camarões congelados,842,EUA,434449,0.725,mirror
2009,030613,Camarões congelados,380,Itália,354100,0.591,mirror
2009,071390,Outras leguminosas secas,699,Índia,22813402,99.862,mirror
2009,071390,Outras leguminosas secas,458,Malásia,31582,0.138,mirror
2009,080131,Castanha de caju com casca,699,Índia,6018388,94.958,mirror
2009,080131,Castanha de caju com casca,710,África do Sul,316470,4.993,mirror
2009,080131,Castanha de caju com casca,834,Tanzânia,3093,0.049,mirror
2009,120740,Sementes de sésamo (gergelim),156,China,37077658,71.139,mirror
2009,120740,Sementes de sésamo (gergelim),792,Turquia,12737165,24.438,mirror
2009,120740,Sementes de sésamo (gergelim),392,Japão,2088393,4.007,mirror
2009,120740,Sementes de sésamo (gergelim),702,Singapura,121220,0.233,mirror
2009,120740,Sementes de sésamo (gergelim),807,North Macedonia,49195,0.094,mirror
2009,120740,Sementes de sésamo (gergelim),404,Quénia,27915,0.054,mirror
2009,120740,Sementes de sésamo (gergelim),300,Grécia,18382,0.035,mirror
2009,120740,Sementes de sésamo (gergelim),710,África do Sul,282,0.001,mirror
2009,170111,"Açúcar de cana, em bruto",620,Portugal,42340515,71.122,mirror
2009,170111,"Açúcar de cana, em bruto",826,Reino Unido,15899806,26.708,mirror
2009,170111,"Açúcar de cana, em bruto",450,Madagáscar,1252952,2.105,mirror
2009,170111,"Açúcar de cana, em bruto",174,Comores,31333,0.053,mirror
2009,170111,"Açúcar de cana, em bruto",716,Zimbabué,6360,0.011,mirror
2009,170111,"Açúcar de cana, em bruto",834,Tanzânia,928,0.002,mirror
2009,240120,Tabaco destalado,643,Rússia,34579433,25.653,mirror
2009,240120,Tabaco destalado,528,Países Baixos,18403958,13.653,mirror
2009,240120,Tabaco destalado,276,Alemanha,14668661,10.882,mirror
2009,240120,Tabaco destalado,392,Japão,8290461,6.15,mirror
2009,240120,Tabaco destalado,792,Turquia,8075291,5.991,mirror
2009,240120,Tabaco destalado,804,Ucrânia,6125974,4.545,mirror
2009,240120,Tabaco destalado,616,Polónia,5837509,4.331,mirror
2009,240120,Tabaco destalado,608,Filipinas,5538739,4.109,mirror
2009,250590,Areias naturais,710,África do Sul,290,68.884,mirror
2009,250590,Areias naturais,72,Botsuana,131,31.116,mirror
2009,261400,Minério de titânio,842,EUA,8956240,27.117,mirror
2009,261400,Minério de titânio,392,Japão,6542856,19.81,mirror
2009,261400,Minério de titânio,705,Eslovénia,4226130,12.795,mirror
2009,261400,Minério de titânio,579,Noruega,3221117,9.752,mirror
2009,261400,Minério de titânio,203,Chéquia,3034970,9.189,mirror
2009,261400,Minério de titânio,36,Austrália,2570152,7.782,mirror
2009,261400,Minério de titânio,156,China,2218138,6.716,mirror
2009,261400,Minério de titânio,276,Alemanha,1318517,3.992,mirror
2009,261510,Minério de zircónio,724,Espanha,2259491,99.998,mirror
2009,261510,Minério de zircónio,710,África do Sul,34,0.002,mirror
2009,270119,Outros carvões minerais,699,Índia,6525935,87.86,mirror
2009,270119,Outros carvões minerais,454,Malawi,781687,10.524,mirror
2009,270119,Outros carvões minerais,716,Zimbabué,118173,1.591,mirror
2009,270119,Outros carvões minerais,36,Austrália,1832,0.025,mirror
2009,270400,Coque,454,Malawi,4149,100.0,mirror
2009,271019,Gasóleo e combustíveis médios e pesados,716,Zimbabué,33226831,53.953,mirror
2009,271019,Gasóleo e combustíveis médios e pesados,894,Zâmbia,13781711,22.378,mirror
2009,271019,Gasóleo e combustíveis médios e pesados,24,Angola,12934016,21.002,mirror
2009,271019,Gasóleo e combustíveis médios e pesados,454,Malawi,1642173,2.667,mirror
2009,271019,Gasóleo e combustíveis médios e pesados,752,Suécia,263,0.0,mirror
2009,271111,Gás natural liquefeito (GNL),710,África do Sul,132111222,99.993,mirror
2009,271111,Gás natural liquefeito (GNL),800,Uganda,9728,0.007,mirror
2009,271600,Energia elétrica,710,África do Sul,173973352,79.958,mirror
2009,271600,Energia elétrica,716,Zimbabué,42610875,19.584,mirror
2009,271600,Energia elétrica,426,Lesotho,996017,0.458,mirror
2009,380290,Produtos minerais ativados,768,Togo,236195,100.0,mirror
2009,520100,Algodão em fibra,360,Indonésia,8566805,28.367,mirror
2009,520100,Algodão em fibra,480,Maurícias,7210135,23.875,mirror
2009,520100,Algodão em fibra,764,Tailândia,4325407,14.323,mirror
2009,520100,Algodão em fibra,156,China,3582426,11.863,mirror
2009,520100,Algodão em fibra,490,Taiwan (Prov. China),1623428,5.376,mirror
2009,520100,Algodão em fibra,704,Vietname,1273318,4.216,mirror
2009,520100,Algodão em fibra,620,Portugal,1091762,3.615,mirror
2009,520100,Algodão em fibra,50,Bangladesh,821782,2.721,mirror
2009,670490,Perucas e artigos semelhantes,710,África do Sul,3955143,97.526,mirror
2009,670490,Perucas e artigos semelhantes,450,Madagáscar,59156,1.459,mirror
2009,670490,Perucas e artigos semelhantes,24,Angola,41195,1.016,mirror
2009,710391,"Rubis, safiras e esmeraldas",842,EUA,217272,60.222,mirror
2009,710391,"Rubis, safiras e esmeraldas",251,França,140184,38.855,mirror
2009,710391,"Rubis, safiras e esmeraldas",764,Tailândia,3210,0.89,mirror
2009,710391,"Rubis, safiras e esmeraldas",124,Canadá,117,0.032,mirror
2009,760110,"Alumínio não ligado, em bruto",56,Bélgica,287450026,30.399,mirror
2009,760110,"Alumínio não ligado, em bruto",380,Itália,211238554,22.339,mirror
2009,760110,"Alumínio não ligado, em bruto",724,Espanha,143482947,15.174,mirror
2009,760110,"Alumínio não ligado, em bruto",156,China,65116200,6.886,mirror
2009,760110,"Alumínio não ligado, em bruto",276,Alemanha,50082643,5.296,mirror
2009,760110,"Alumínio não ligado, em bruto",826,Reino Unido,44318782,4.687,mirror
2009,760110,"Alumínio não ligado, em bruto",792,Turquia,43662332,4.617,mirror
2009,760110,"Alumínio não ligado, em bruto",705,Eslovénia,20214261,2.138,mirror
2009,760120,"Ligas de alumínio, em bruto",276,Alemanha,30428266,85.689,mirror
2009,760120,"Ligas de alumínio, em bruto",616,Polónia,2346884,6.609,mirror
2009,760120,"Ligas de alumínio, em bruto",203,Chéquia,1382372,3.893,mirror
2009,760120,"Ligas de alumínio, em bruto",56,Bélgica,1096201,3.087,mirror
2009,760120,"Ligas de alumínio, em bruto",251,França,241504,0.68,mirror
2009,760120,"Ligas de alumínio, em bruto",688,Sérvia,10232,0.029,mirror
2009,760120,"Ligas de alumínio, em bruto",504,Marrocos,4694,0.013,mirror
2009,760410,Varões e perfis de alumínio não ligado,894,Zâmbia,825,100.0,mirror
2009,760429,Varões e perfis de ligas de alumínio,710,África do Sul,547,72.657,mirror
2009,760429,Varões e perfis de ligas de alumínio,454,Malawi,176,23.358,mirror
2009,760429,Varões e perfis de ligas de alumínio,643,Rússia,30,3.985,mirror
2009,999999,Mercadorias não especificadas,757,Suíça,48664202,78.216,mirror
2009,999999,Mercadorias não especificadas,246,Finlândia,4479653,7.2,mirror
2009,999999,Mercadorias não especificadas,748,Eswatini,4077155,6.553,mirror
2009,999999,Mercadorias não especificadas,24,Angola,1544404,2.482,mirror
2009,999999,Mercadorias não especificadas,792,Turquia,1524699,2.451,mirror
2009,999999,Mercadorias não especificadas,842,EUA,536614,0.862,mirror
2009,999999,Mercadorias não especificadas,702,Singapura,321912,0.517,mirror
2009,999999,Mercadorias não especificadas,710,África do Sul,310761,0.499,mirror
2010,030613,Camarões congelados,724,Espanha,23269933,47.144,direct
2010,030613,Camarões congelados,710,África do Sul,12056504,24.426,direct
2010,030613,Camarões congelados,620,Portugal,10839618,21.961,direct
2010,030613,Camarões congelados,251,França,686641,1.391,direct
2010,030613,Camarões congelados,899,"Areas, nes",473889,0.96,direct
2010,030613,Camarões congelados,276,Alemanha,392753,0.796,direct
2010,030613,Camarões congelados,480,Maurícias,319624,0.648,direct
2010,030613,Camarões congelados,392,Japão,256161,0.519,direct
2010,071390,Outras leguminosas secas,699,Índia,4012915,71.539,direct
2010,071390,Outras leguminosas secas,842,EUA,350692,6.252,direct
2010,071390,Outras leguminosas secas,360,Indonésia,244159,4.353,direct
2010,071390,Outras leguminosas secas,899,"Areas, nes",202299,3.606,direct
2010,071390,Outras leguminosas secas,710,África do Sul,180780,3.223,direct
2010,071390,Outras leguminosas secas,156,China,151351,2.698,direct
2010,071390,Outras leguminosas secas,784,Emirados Árabes Unidos,150161,2.677,direct
2010,071390,Outras leguminosas secas,704,Vietname,102935,1.835,direct
2010,080131,Castanha de caju com casca,699,Índia,7428010,77.975,direct
2010,080131,Castanha de caju com casca,704,Vietname,789277,8.285,direct
2010,080131,Castanha de caju com casca,784,Emirados Árabes Unidos,487197,5.114,direct
2010,080131,Castanha de caju com casca,702,Singapura,326606,3.429,direct
2010,080131,Castanha de caju com casca,156,China,312379,3.279,direct
2010,080131,Castanha de caju com casca,540,New Caledonia,104430,1.096,direct
2010,080131,Castanha de caju com casca,360,Indonésia,78194,0.821,direct
2010,120740,Sementes de sésamo (gergelim),156,China,12516605,72.611,direct
2010,120740,Sementes de sésamo (gergelim),410,Coreia do Sul,931906,5.406,direct
2010,120740,Sementes de sésamo (gergelim),392,Japão,742862,4.309,direct
2010,120740,Sementes de sésamo (gergelim),792,Turquia,665233,3.859,direct
2010,120740,Sementes de sésamo (gergelim),360,Indonésia,630123,3.655,direct
2010,120740,Sementes de sésamo (gergelim),710,África do Sul,564550,3.275,direct
2010,120740,Sementes de sésamo (gergelim),842,EUA,281201,1.631,direct
2010,120740,Sementes de sésamo (gergelim),124,Canadá,221923,1.287,direct
2010,170111,"Açúcar de cana, em bruto",620,Portugal,3961500,100.0,direct
2010,240120,Tabaco destalado,276,Alemanha,19304495,14.609,direct
2010,240120,Tabaco destalado,528,Países Baixos,18320913,13.865,direct
2010,240120,Tabaco destalado,643,Rússia,13534625,10.243,direct
2010,240120,Tabaco destalado,56,Bélgica,8247915,6.242,direct
2010,240120,Tabaco destalado,620,Portugal,7983136,6.041,direct
2010,240120,Tabaco destalado,616,Polónia,7686841,5.817,direct
2010,240120,Tabaco destalado,792,Turquia,7432525,5.625,direct
2010,240120,Tabaco destalado,757,Suíça,7287192,5.515,direct
2010,250590,Areias naturais,710,África do Sul,116,50.435,direct
2010,250590,Areias naturais,834,Tanzânia,100,43.478,direct
2010,250590,Areias naturais,699,Índia,14,6.087,direct
2010,261400,Minério de titânio,156,China,5236628,26.57,direct
2010,261400,Minério de titânio,842,EUA,4659929,23.644,direct
2010,261400,Minério de titânio,724,Espanha,3948122,20.032,direct
2010,261400,Minério de titânio,36,Austrália,2537344,12.874,direct
2010,261400,Minério de titânio,392,Japão,2096249,10.636,direct
2010,261400,Minério de titânio,458,Malásia,1230823,6.245,direct
2010,261510,Minério de zircónio,710,África do Sul,22901,100.0,direct
2010,270119,Outros carvões minerais,454,Malawi,297242,51.597,direct
2010,270119,Outros carvões minerais,899,"Areas, nes",278844,48.403,direct
2010,270400,Coque,36,Austrália,4200,100.0,direct
2010,271019,Gasóleo e combustíveis médios e pesados,710,África do Sul,14999864,44.314,direct
2010,271019,Gasóleo e combustíveis médios e pesados,454,Malawi,9131579,26.977,direct
2010,271019,Gasóleo e combustíveis médios e pesados,716,Zimbabué,5147194,15.206,direct
2010,271019,Gasóleo e combustíveis médios e pesados,899,"Areas, nes",2072216,6.122,direct
2010,271019,Gasóleo e combustíveis médios e pesados,834,Tanzânia,1249933,3.693,direct
2010,271019,Gasóleo e combustíveis médios e pesados,44,Bahamas,749226,2.213,direct
2010,271019,Gasóleo e combustíveis médios e pesados,784,Emirados Árabes Unidos,493731,1.459,direct
2010,271019,Gasóleo e combustíveis médios e pesados,894,Zâmbia,5627,0.017,direct
2010,271111,Gás natural liquefeito (GNL),710,África do Sul,133830440,100.0,direct
2010,271600,Energia elétrica,710,África do Sul,229037193,82.821,direct
2010,271600,Energia elétrica,716,Zimbabué,47506779,17.179,direct
2010,380290,Produtos minerais ativados,710,África do Sul,27,100.0,direct
2010,670490,Perucas e artigos semelhantes,710,África do Sul,3932430,93.656,direct
2010,670490,Perucas e artigos semelhantes,748,Eswatini,184605,4.397,direct
2010,670490,Perucas e artigos semelhantes,450,Madagáscar,51159,1.218,direct
2010,670490,Perucas e artigos semelhantes,404,Quénia,30601,0.729,direct
2010,710391,"Rubis, safiras e esmeraldas",36,Austrália,233,100.0,direct
2010,760110,"Alumínio não ligado, em bruto",528,Países Baixos,1159636909,100.0,direct
2010,760410,Varões e perfis de alumínio não ligado,710,África do Sul,9368,100.0,direct
2010,999999,Mercadorias não especificadas,620,Portugal,83551930,99.877,direct
2010,999999,Mercadorias não especificadas,710,África do Sul,102679,0.123,direct
2010,030613,Camarões congelados,724,Espanha,34752858,57.504,mirror
2010,030613,Camarões congelados,620,Portugal,14031981,23.218,mirror
2010,030613,Camarões congelados,251,França,7359045,12.177,mirror
2010,030613,Camarões congelados,710,África do Sul,1663092,2.752,mirror
2010,030613,Camarões congelados,392,Japão,1014585,1.679,mirror
2010,030613,Camarões congelados,764,Tailândia,760615,1.259,mirror
2010,030613,Camarões congelados,380,Itália,200046,0.331,mirror
2010,030613,Camarões congelados,480,Maurícias,191349,0.317,mirror
2010,071390,Outras leguminosas secas,699,Índia,35518397,99.888,mirror
2010,071390,Outras leguminosas secas,458,Malásia,39661,0.112,mirror
2010,080131,Castanha de caju com casca,699,Índia,29806134,95.004,mirror
2010,080131,Castanha de caju com casca,704,Vietname,1293960,4.124,mirror
2010,080131,Castanha de caju com casca,360,Indonésia,151207,0.482,mirror
2010,080131,Castanha de caju com casca,826,Reino Unido,122386,0.39,mirror
2010,120740,Sementes de sésamo (gergelim),156,China,23611324,78.293,mirror
2010,120740,Sementes de sésamo (gergelim),792,Turquia,4441999,14.729,mirror
2010,120740,Sementes de sésamo (gergelim),410,Coreia do Sul,767410,2.545,mirror
2010,120740,Sementes de sésamo (gergelim),392,Japão,574368,1.905,mirror
2010,120740,Sementes de sésamo (gergelim),710,África do Sul,419828,1.392,mirror
2010,120740,Sementes de sésamo (gergelim),702,Singapura,153783,0.51,mirror
2010,120740,Sementes de sésamo (gergelim),682,Arábia Saudita,80533,0.267,mirror
2010,120740,Sementes de sésamo (gergelim),616,Polónia,60613,0.201,mirror
2010,170111,"Açúcar de cana, em bruto",842,EUA,25056783,34.706,mirror
2010,170111,"Açúcar de cana, em bruto",620,Portugal,20711688,28.687,mirror
2010,170111,"Açúcar de cana, em bruto",826,Reino Unido,10759362,14.903,mirror
2010,170111,"Açúcar de cana, em bruto",724,Espanha,6049979,8.38,mirror
2010,170111,"Açúcar de cana, em bruto",642,Roménia,5774681,7.998,mirror
2010,170111,"Açúcar de cana, em bruto",450,Madagáscar,2095340,2.902,mirror
2010,170111,"Açúcar de cana, em bruto",716,Zimbabué,934081,1.294,mirror
2010,170111,"Açúcar de cana, em bruto",174,Comores,813095,1.126,mirror
2010,240120,Tabaco destalado,643,Rússia,33540106,21.631,mirror
2010,240120,Tabaco destalado,276,Alemanha,30572986,19.718,mirror
2010,240120,Tabaco destalado,528,Países Baixos,19620054,12.654,mirror
2010,240120,Tabaco destalado,616,Polónia,8253209,5.323,mirror
2010,240120,Tabaco destalado,608,Filipinas,7547058,4.867,mirror
2010,240120,Tabaco destalado,792,Turquia,6883555,4.439,mirror
2010,240120,Tabaco destalado,804,Ucrânia,6076692,3.919,mirror
2010,240120,Tabaco destalado,484,México,5799802,3.741,mirror
2010,250590,Areias naturais,710,África do Sul,3493,100.0,mirror
2010,261400,Minério de titânio,842,EUA,17104462,22.407,mirror
2010,261400,Minério de titânio,156,China,15665158,20.521,mirror
2010,261400,Minério de titânio,724,Espanha,12754079,16.708,mirror
2010,261400,Minério de titânio,699,Índia,5829309,7.636,mirror
2010,261400,Minério de titânio,579,Noruega,5583344,7.314,mirror
2010,261400,Minério de titânio,203,Chéquia,4429279,5.802,mirror
2010,261400,Minério de titânio,246,Finlândia,3829752,5.017,mirror
2010,261400,Minério de titânio,36,Austrália,3614506,4.735,mirror
2010,261510,Minério de zircónio,380,Itália,19173272,66.757,mirror
2010,261510,Minério de zircónio,156,China,5637632,19.629,mirror
2010,261510,Minério de zircónio,724,Espanha,1998217,6.957,mirror
2010,261510,Minério de zircónio,528,Países Baixos,1891872,6.587,mirror
2010,261510,Minério de zircónio,710,África do Sul,18850,0.066,mirror
2010,261510,Minério de zircónio,372,Irlanda,992,0.003,mirror
2010,261510,Minério de zircónio,484,México,257,0.001,mirror
2010,270119,Outros carvões minerais,404,Quénia,8814031,77.712,mirror
2010,270119,Outros carvões minerais,834,Tanzânia,1108490,9.773,mirror
2010,270119,Outros carvões minerais,454,Malawi,725620,6.398,mirror
2010,270119,Outros carvões minerais,516,Namíbia,658641,5.807,mirror
2010,270119,Outros carvões minerais,716,Zimbabué,14959,0.132,mirror
2010,270119,Outros carvões minerais,894,Zâmbia,13275,0.117,mirror
2010,270119,Outros carvões minerais,36,Austrália,6781,0.06,mirror
2010,270119,Outros carvões minerais,710,África do Sul,191,0.002,mirror
2010,271019,Gasóleo e combustíveis médios e pesados,716,Zimbabué,56608333,96.851,mirror
2010,271019,Gasóleo e combustíveis médios e pesados,894,Zâmbia,1755851,3.004,mirror
2010,271019,Gasóleo e combustíveis médios e pesados,454,Malawi,56562,0.097,mirror
2010,271019,Gasóleo e combustíveis médios e pesados,854,Burkina Faso,22805,0.039,mirror
2010,271019,Gasóleo e combustíveis médios e pesados,620,Portugal,3901,0.007,mirror
2010,271019,Gasóleo e combustíveis médios e pesados,404,Quénia,830,0.001,mirror
2010,271019,Gasóleo e combustíveis médios e pesados,800,Uganda,321,0.001,mirror
2010,271019,Gasóleo e combustíveis médios e pesados,266,Gabão,119,0.0,mirror
2010,271111,Gás natural liquefeito (GNL),710,África do Sul,174626888,100.0,mirror
2010,271600,Energia elétrica,710,África do Sul,214910890,80.693,mirror
2010,271600,Energia elétrica,716,Zimbabué,42736101,16.046,mirror
2010,271600,Energia elétrica,72,Botsuana,6684218,2.51,mirror
2010,271600,Energia elétrica,426,Lesotho,2001218,0.751,mirror
2010,520100,Algodão em fibra,360,Indonésia,14539607,36.639,mirror
2010,520100,Algodão em fibra,764,Tailândia,8003236,20.168,mirror
2010,520100,Algodão em fibra,704,Vietname,5220000,13.154,mirror
2010,520100,Algodão em fibra,156,China,3281982,8.27,mirror
2010,520100,Algodão em fibra,50,Bangladesh,3035277,7.649,mirror
2010,520100,Algodão em fibra,480,Maurícias,2677070,6.746,mirror
2010,520100,Algodão em fibra,490,Taiwan (Prov. China),1587651,4.001,mirror
2010,520100,Algodão em fibra,344,Hong Kong (RAEHK),458614,1.156,mirror
2010,670490,Perucas e artigos semelhantes,710,África do Sul,7749258,98.759,mirror
2010,670490,Perucas e artigos semelhantes,450,Madagáscar,97011,1.236,mirror
2010,670490,Perucas e artigos semelhantes,620,Portugal,359,0.005,mirror
2010,710391,"Rubis, safiras e esmeraldas",842,EUA,3019748,55.447,mirror
2010,710391,"Rubis, safiras e esmeraldas",251,França,1285712,23.608,mirror
2010,710391,"Rubis, safiras e esmeraldas",276,Alemanha,1022937,18.783,mirror
2010,710391,"Rubis, safiras e esmeraldas",392,Japão,86648,1.591,mirror
2010,710391,"Rubis, safiras e esmeraldas",764,Tailândia,24675,0.453,mirror
2010,710391,"Rubis, safiras e esmeraldas",380,Itália,3933,0.072,mirror
2010,710391,"Rubis, safiras e esmeraldas",480,Maurícias,2542,0.047,mirror
2010,760110,"Alumínio não ligado, em bruto",380,Itália,398620834,33.112,mirror
2010,760110,"Alumínio não ligado, em bruto",724,Espanha,186160086,15.464,mirror
2010,760110,"Alumínio não ligado, em bruto",56,Bélgica,172655023,14.342,mirror
2010,760110,"Alumínio não ligado, em bruto",276,Alemanha,100848110,8.377,mirror
2010,760110,"Alumínio não ligado, em bruto",826,Reino Unido,88934866,7.388,mirror
2010,760110,"Alumínio não ligado, em bruto",705,Eslovénia,62367543,5.181,mirror
2010,760110,"Alumínio não ligado, em bruto",442,Luxemburgo,53892227,4.477,mirror
2010,760110,"Alumínio não ligado, em bruto",300,Grécia,48833058,4.056,mirror
2010,760120,"Ligas de alumínio, em bruto",276,Alemanha,49908403,92.119,mirror
2010,760120,"Ligas de alumínio, em bruto",616,Polónia,3436963,6.344,mirror
2010,760120,"Ligas de alumínio, em bruto",203,Chéquia,707785,1.306,mirror
2010,760120,"Ligas de alumínio, em bruto",251,França,63623,0.117,mirror
2010,760120,"Ligas de alumínio, em bruto",724,Espanha,61497,0.114,mirror
2010,760410,Varões e perfis de alumínio não ligado,710,África do Sul,3405,100.0,mirror
2010,760429,Varões e perfis de ligas de alumínio,710,África do Sul,1002,100.0,mirror
2010,999999,Mercadorias não especificadas,792,Turquia,5228286,57.404,mirror
2010,999999,Mercadorias não especificadas,842,EUA,1981863,21.76,mirror
2010,999999,Mercadorias não especificadas,688,Sérvia,387925,4.259,mirror
2010,999999,Mercadorias não especificadas,702,Singapura,374010,4.106,mirror
2010,999999,Mercadorias não especificadas,748,Eswatini,337932,3.71,mirror
2010,999999,Mercadorias não especificadas,446,Macau (RAEM),247431,2.717,mirror
2010,999999,Mercadorias não especificadas,276,Alemanha,155816,1.711,mirror
2010,999999,Mercadorias não especificadas,894,Zâmbia,84247,0.925,mirror
2011,030613,Camarões congelados,724,Espanha,15854000,41.761,direct
2011,030613,Camarões congelados,620,Portugal,12262000,32.299,direct
2011,030613,Camarões congelados,710,África do Sul,3238000,8.529,direct
2011,030613,Camarões congelados,251,França,2727000,7.183,direct
2011,030613,Camarões congelados,156,China,1356000,3.572,direct
2011,030613,Camarões congelados,842,EUA,1201000,3.164,direct
2011,030613,Camarões congelados,392,Japão,554000,1.459,direct
2011,030613,Camarões congelados,344,Hong Kong (RAEHK),215000,0.566,direct
2011,071390,Outras leguminosas secas,699,Índia,7729000,89.549,direct
2011,071390,Outras leguminosas secas,784,Emirados Árabes Unidos,680000,7.879,direct
2011,071390,Outras leguminosas secas,156,China,76000,0.881,direct
2011,071390,Outras leguminosas secas,710,África do Sul,57000,0.66,direct
2011,071390,Outras leguminosas secas,454,Malawi,46000,0.533,direct
2011,071390,Outras leguminosas secas,586,Paquistão,38000,0.44,direct
2011,071390,Outras leguminosas secas,704,Vietname,5000,0.058,direct
2011,080131,Castanha de caju com casca,699,Índia,41516000,77.772,direct
2011,080131,Castanha de caju com casca,724,Espanha,6136000,11.495,direct
2011,080131,Castanha de caju com casca,702,Singapura,1840000,3.447,direct
2011,080131,Castanha de caju com casca,784,Emirados Árabes Unidos,1398000,2.619,direct
2011,080131,Castanha de caju com casca,704,Vietname,1303000,2.441,direct
2011,080131,Castanha de caju com casca,792,Turquia,469000,0.879,direct
2011,080131,Castanha de caju com casca,344,Hong Kong (RAEHK),323000,0.605,direct
2011,080131,Castanha de caju com casca,458,Malásia,136000,0.255,direct
2011,120740,Sementes de sésamo (gergelim),156,China,13505000,68.973,direct
2011,120740,Sementes de sésamo (gergelim),784,Emirados Árabes Unidos,2452000,12.523,direct
2011,120740,Sementes de sésamo (gergelim),702,Singapura,981000,5.01,direct
2011,120740,Sementes de sésamo (gergelim),792,Turquia,817000,4.173,direct
2011,120740,Sementes de sésamo (gergelim),710,África do Sul,447000,2.283,direct
2011,120740,Sementes de sésamo (gergelim),724,Espanha,357000,1.823,direct
2011,120740,Sementes de sésamo (gergelim),699,Índia,339000,1.731,direct
2011,120740,Sementes de sésamo (gergelim),392,Japão,208000,1.062,direct
2011,170111,"Açúcar de cana, em bruto",724,Espanha,40880000,46.708,direct
2011,170111,"Açúcar de cana, em bruto",620,Portugal,17911000,20.465,direct
2011,170111,"Açúcar de cana, em bruto",380,Itália,17268000,19.73,direct
2011,170111,"Açúcar de cana, em bruto",705,Eslovénia,8286000,9.467,direct
2011,170111,"Açúcar de cana, em bruto",752,Suécia,3177000,3.63,direct
2011,240120,Tabaco destalado,276,Alemanha,56250000,32.197,direct
2011,240120,Tabaco destalado,528,Países Baixos,29372000,16.812,direct
2011,240120,Tabaco destalado,56,Bélgica,16625000,9.516,direct
2011,240120,Tabaco destalado,643,Rússia,16055000,9.19,direct
2011,240120,Tabaco destalado,454,Malawi,14874000,8.514,direct
2011,240120,Tabaco destalado,76,Brasil,6607000,3.782,direct
2011,240120,Tabaco destalado,792,Turquia,5975000,3.42,direct
2011,240120,Tabaco destalado,251,França,4588000,2.626,direct
2011,250590,Areias naturais,156,China,37000,82.222,direct
2011,250590,Areias naturais,842,EUA,8000,17.778,direct
2011,261400,Minério de titânio,156,China,40717000,33.381,direct
2011,261400,Minério de titânio,380,Itália,30824000,25.271,direct
2011,261400,Minério de titânio,699,Índia,17234000,14.129,direct
2011,261400,Minério de titânio,724,Espanha,15444000,12.662,direct
2011,261400,Minério de titânio,276,Alemanha,11736000,9.622,direct
2011,261400,Minério de titânio,484,México,4419000,3.623,direct
2011,261400,Minério de titânio,705,Eslovénia,762000,0.625,direct
2011,261400,Minério de titânio,842,EUA,619000,0.507,direct
2011,261510,Minério de zircónio,156,China,13794000,27.626,direct
2011,261510,Minério de zircónio,528,Países Baixos,11113000,22.256,direct
2011,261510,Minério de zircónio,643,Rússia,8596000,17.215,direct
2011,261510,Minério de zircónio,484,México,8323000,16.669,direct
2011,261510,Minério de zircónio,276,Alemanha,7016000,14.051,direct
2011,261510,Minério de zircónio,380,Itália,390000,0.781,direct
2011,261510,Minério de zircónio,699,Índia,390000,0.781,direct
2011,261510,Minério de zircónio,705,Eslovénia,294000,0.589,direct
2011,270119,Outros carvões minerais,757,Suíça,3340000,33.867,direct
2011,270119,Outros carvões minerais,710,África do Sul,3311000,33.573,direct
2011,270119,Outros carvões minerais,156,China,2733000,27.712,direct
2011,270119,Outros carvões minerais,454,Malawi,428000,4.34,direct
2011,270119,Outros carvões minerais,834,Tanzânia,33000,0.335,direct
2011,270119,Outros carvões minerais,699,Índia,11000,0.112,direct
2011,270119,Outros carvões minerais,276,Alemanha,3000,0.03,direct
2011,270119,Outros carvões minerais,716,Zimbabué,2000,0.02,direct
2011,270400,Coque,156,China,20738000,100.0,direct
2011,271019,Gasóleo e combustíveis médios e pesados,404,Quénia,23592000,33.019,direct
2011,271019,Gasóleo e combustíveis médios e pesados,454,Malawi,16928000,23.692,direct
2011,271019,Gasóleo e combustíveis médios e pesados,716,Zimbabué,11209000,15.688,direct
2011,271019,Gasóleo e combustíveis médios e pesados,710,África do Sul,7918000,11.082,direct
2011,271019,Gasóleo e combustíveis médios e pesados,72,Botsuana,3516000,4.921,direct
2011,271019,Gasóleo e combustíveis médios e pesados,450,Madagáscar,2773000,3.881,direct
2011,271019,Gasóleo e combustíveis médios e pesados,826,Reino Unido,2543000,3.559,direct
2011,271019,Gasóleo e combustíveis médios e pesados,842,EUA,1435000,2.008,direct
2011,271111,Gás natural liquefeito (GNL),710,África do Sul,160874000,100.0,direct
2011,271121,Gás natural em estado gasoso,710,África do Sul,14738000,100.0,direct
2011,271600,Energia elétrica,710,África do Sul,246694000,83.007,direct
2011,271600,Energia elétrica,716,Zimbabué,50504000,16.993,direct
2011,380290,Produtos minerais ativados,580,N. Mariana Isds,4000,100.0,direct
2011,520100,Algodão em fibra,360,Indonésia,10442000,52.121,direct
2011,520100,Algodão em fibra,764,Tailândia,2902000,14.485,direct
2011,520100,Algodão em fibra,620,Portugal,2097000,10.467,direct
2011,520100,Algodão em fibra,50,Bangladesh,1153000,5.755,direct
2011,520100,Algodão em fibra,702,Singapura,908000,4.532,direct
2011,520100,Algodão em fibra,24,Angola,855000,4.268,direct
2011,520100,Algodão em fibra,704,Vietname,473000,2.361,direct
2011,520100,Algodão em fibra,156,China,374000,1.867,direct
2011,670490,Perucas e artigos semelhantes,710,África do Sul,8846000,97.627,direct
2011,670490,Perucas e artigos semelhantes,450,Madagáscar,101000,1.115,direct
2011,670490,Perucas e artigos semelhantes,24,Angola,78000,0.861,direct
2011,670490,Perucas e artigos semelhantes,724,Espanha,30000,0.331,direct
2011,670490,Perucas e artigos semelhantes,748,Eswatini,6000,0.066,direct
2011,760110,"Alumínio não ligado, em bruto",826,Reino Unido,189383000,68.591,direct
2011,760110,"Alumínio não ligado, em bruto",757,Suíça,86720000,31.409,direct
2011,760410,Varões e perfis de alumínio não ligado,528,Países Baixos,1348470000,99.988,direct
2011,760410,Varões e perfis de alumínio não ligado,710,África do Sul,161000,0.012,direct
2011,760429,Varões e perfis de ligas de alumínio,784,Emirados Árabes Unidos,44000,77.193,direct
2011,760429,Varões e perfis de ligas de alumínio,699,Índia,11000,19.298,direct
2011,760429,Varões e perfis de ligas de alumínio,24,Angola,2000,3.509,direct
2011,030613,Camarões congelados,724,Espanha,37139657,57.164,mirror
2011,030613,Camarões congelados,620,Portugal,11815650,18.186,mirror
2011,030613,Camarões congelados,251,França,8782329,13.517,mirror
2011,030613,Camarões congelados,710,África do Sul,2822498,4.344,mirror
2011,030613,Camarões congelados,392,Japão,1606106,2.472,mirror
2011,030613,Camarões congelados,764,Tailândia,1398251,2.152,mirror
2011,030613,Camarões congelados,156,China,613562,0.944,mirror
2011,030613,Camarões congelados,380,Itália,229765,0.354,mirror
2011,071390,Outras leguminosas secas,699,Índia,42048560,99.324,mirror
2011,071390,Outras leguminosas secas,458,Malásia,251754,0.595,mirror
2011,071390,Outras leguminosas secas,124,Canadá,27839,0.066,mirror
2011,071390,Outras leguminosas secas,608,Filipinas,6096,0.014,mirror
2011,071390,Outras leguminosas secas,716,Zimbabué,545,0.001,mirror
2011,080131,Castanha de caju com casca,699,Índia,47436909,83.82,mirror
2011,080131,Castanha de caju com casca,704,Vietname,4674931,8.261,mirror
2011,080131,Castanha de caju com casca,360,Indonésia,3761214,6.646,mirror
2011,080131,Castanha de caju com casca,710,África do Sul,445630,0.787,mirror
2011,080131,Castanha de caju com casca,826,Reino Unido,143277,0.253,mirror
2011,080131,Castanha de caju com casca,144,Sri Lanka,131580,0.233,mirror
2011,120740,Sementes de sésamo (gergelim),156,China,30356663,88.054,mirror
2011,120740,Sementes de sésamo (gergelim),792,Turquia,2228643,6.465,mirror
2011,120740,Sementes de sésamo (gergelim),392,Japão,1274257,3.696,mirror
2011,120740,Sementes de sésamo (gergelim),710,África do Sul,444141,1.288,mirror
2011,120740,Sementes de sésamo (gergelim),124,Canadá,143184,0.415,mirror
2011,120740,Sementes de sésamo (gergelim),276,Alemanha,28046,0.081,mirror
2011,170111,"Açúcar de cana, em bruto",724,Espanha,36207787,32.688,mirror
2011,170111,"Açúcar de cana, em bruto",620,Portugal,28833118,26.03,mirror
2011,170111,"Açúcar de cana, em bruto",380,Itália,24440533,22.065,mirror
2011,170111,"Açúcar de cana, em bruto",752,Suécia,11036292,9.963,mirror
2011,170111,"Açúcar de cana, em bruto",348,Hungria,9576000,8.645,mirror
2011,170111,"Açúcar de cana, em bruto",174,Comores,277889,0.251,mirror
2011,170111,"Açúcar de cana, em bruto",757,Suíça,162177,0.146,mirror
2011,170111,"Açúcar de cana, em bruto",800,Uganda,153600,0.139,mirror
2011,240120,Tabaco destalado,643,Rússia,40694469,18.539,mirror
2011,240120,Tabaco destalado,528,Países Baixos,38737144,17.648,mirror
2011,240120,Tabaco destalado,276,Alemanha,36251466,16.515,mirror
2011,240120,Tabaco destalado,792,Turquia,13478430,6.14,mirror
2011,240120,Tabaco destalado,804,Ucrânia,12894724,5.874,mirror
2011,240120,Tabaco destalado,620,Portugal,12391583,5.645,mirror
2011,240120,Tabaco destalado,616,Polónia,10002369,4.557,mirror
2011,240120,Tabaco destalado,757,Suíça,5952520,2.712,mirror
2011,250590,Areias naturais,454,Malawi,6223,63.022,mirror
2011,250590,Areias naturais,208,Dinamarca,2715,27.494,mirror
2011,250590,Areias naturais,724,Espanha,455,4.608,mirror
2011,250590,Areias naturais,710,África do Sul,258,2.615,mirror
2011,250590,Areias naturais,716,Zimbabué,223,2.261,mirror
2011,261400,Minério de titânio,156,China,26866676,24.372,mirror
2011,261400,Minério de titânio,724,Espanha,15942276,14.462,mirror
2011,261400,Minério de titânio,36,Austrália,13742732,12.467,mirror
2011,261400,Minério de titânio,842,EUA,13454562,12.205,mirror
2011,261400,Minério de titânio,458,Malásia,8576637,7.78,mirror
2011,261400,Minério de titânio,705,Eslovénia,8447524,7.663,mirror
2011,261400,Minério de titânio,643,Rússia,7745257,7.026,mirror
2011,261400,Minério de titânio,699,Índia,6855829,6.219,mirror
2011,261510,Minério de zircónio,380,Itália,24988702,38.937,mirror
2011,261510,Minério de zircónio,156,China,13107288,20.424,mirror
2011,261510,Minério de zircónio,724,Espanha,9057431,14.113,mirror
2011,261510,Minério de zircónio,528,Países Baixos,6736268,10.496,mirror
2011,261510,Minério de zircónio,484,México,5877069,9.158,mirror
2011,261510,Minério de zircónio,251,França,3866332,6.024,mirror
2011,261510,Minério de zircónio,76,Brasil,544255,0.848,mirror
2011,261510,Minério de zircónio,710,África do Sul,123,0.0,mirror
2011,270119,Outros carvões minerais,480,Maurícias,17757805,67.412,mirror
2011,270119,Outros carvões minerais,800,Uganda,5610500,21.298,mirror
2011,270119,Outros carvões minerais,516,Namíbia,1480277,5.619,mirror
2011,270119,Outros carvões minerais,454,Malawi,1065930,4.046,mirror
2011,270119,Outros carvões minerais,699,Índia,302224,1.147,mirror
2011,270119,Outros carvões minerais,834,Tanzânia,73417,0.279,mirror
2011,270119,Outros carvões minerais,36,Austrália,16451,0.062,mirror
2011,270119,Outros carvões minerais,710,África do Sul,10717,0.041,mirror
2011,270400,Coque,710,África do Sul,10931667,100.0,mirror
2011,271019,Gasóleo e combustíveis médios e pesados,716,Zimbabué,28255155,74.228,mirror
2011,271019,Gasóleo e combustíveis médios e pesados,834,Tanzânia,8816345,23.161,mirror
2011,271019,Gasóleo e combustíveis médios e pesados,894,Zâmbia,993962,2.611,mirror
2011,271111,Gás natural liquefeito (GNL),710,África do Sul,214536767,99.994,mirror
2011,271111,Gás natural liquefeito (GNL),748,Eswatini,11998,0.006,mirror
2011,271600,Energia elétrica,710,África do Sul,228637588,78.175,mirror
2011,271600,Energia elétrica,716,Zimbabué,50143259,17.145,mirror
2011,271600,Energia elétrica,72,Botsuana,12535536,4.286,mirror
2011,271600,Energia elétrica,426,Lesotho,1152932,0.394,mirror
2011,520100,Algodão em fibra,156,China,14629998,28.255,mirror
2011,520100,Algodão em fibra,360,Indonésia,9229346,17.825,mirror
2011,520100,Algodão em fibra,480,Maurícias,7008474,13.536,mirror
2011,520100,Algodão em fibra,764,Tailândia,6632553,12.81,mirror
2011,520100,Algodão em fibra,50,Bangladesh,4784823,9.241,mirror
2011,520100,Algodão em fibra,620,Portugal,3121740,6.029,mirror
2011,520100,Algodão em fibra,704,Vietname,1893350,3.657,mirror
2011,520100,Algodão em fibra,344,Hong Kong (RAEHK),1712786,3.308,mirror
2011,670490,Perucas e artigos semelhantes,710,África do Sul,8648541,98.355,mirror
2011,670490,Perucas e artigos semelhantes,450,Madagáscar,143033,1.627,mirror
2011,670490,Perucas e artigos semelhantes,24,Angola,1597,0.018,mirror
2011,710391,"Rubis, safiras e esmeraldas",251,França,3728261,27.875,mirror
2011,710391,"Rubis, safiras e esmeraldas",276,Alemanha,3726430,27.861,mirror
2011,710391,"Rubis, safiras e esmeraldas",380,Itália,2771141,20.719,mirror
2011,710391,"Rubis, safiras e esmeraldas",842,EUA,2385369,17.835,mirror
2011,710391,"Rubis, safiras e esmeraldas",36,Austrália,515594,3.855,mirror
2011,710391,"Rubis, safiras e esmeraldas",392,Japão,130396,0.975,mirror
2011,710391,"Rubis, safiras e esmeraldas",764,Tailândia,47435,0.355,mirror
2011,710391,"Rubis, safiras e esmeraldas",124,Canadá,35013,0.262,mirror
2011,760110,"Alumínio não ligado, em bruto",380,Itália,387231259,37.989,mirror
2011,760110,"Alumínio não ligado, em bruto",724,Espanha,215458122,21.137,mirror
2011,760110,"Alumínio não ligado, em bruto",826,Reino Unido,106171990,10.416,mirror
2011,760110,"Alumínio não ligado, em bruto",276,Alemanha,71750347,7.039,mirror
2011,760110,"Alumínio não ligado, em bruto",705,Eslovénia,64450124,6.323,mirror
2011,760110,"Alumínio não ligado, em bruto",300,Grécia,42572798,4.177,mirror
2011,760110,"Alumínio não ligado, em bruto",442,Luxemburgo,36345012,3.566,mirror
2011,760110,"Alumínio não ligado, em bruto",56,Bélgica,27744024,2.722,mirror
2011,760120,"Ligas de alumínio, em bruto",276,Alemanha,63169925,90.423,mirror
2011,760120,"Ligas de alumínio, em bruto",616,Polónia,3012016,4.311,mirror
2011,760120,"Ligas de alumínio, em bruto",251,França,2833722,4.056,mirror
2011,760120,"Ligas de alumínio, em bruto",724,Espanha,465087,0.666,mirror
2011,760120,"Ligas de alumínio, em bruto",203,Chéquia,347480,0.497,mirror
2011,760120,"Ligas de alumínio, em bruto",788,Tunisia,32461,0.046,mirror
2011,760429,Varões e perfis de ligas de alumínio,251,França,135496,100.0,mirror
2011,999999,Mercadorias não especificadas,792,Turquia,55194749,84.742,mirror
2011,999999,Mercadorias não especificadas,748,Eswatini,6034248,9.265,mirror
2011,999999,Mercadorias não especificadas,276,Alemanha,1593285,2.446,mirror
2011,999999,Mercadorias não especificadas,842,EUA,952238,1.462,mirror
2011,999999,Mercadorias não especificadas,446,Macau (RAEM),566461,0.87,mirror
2011,999999,Mercadorias não especificadas,208,Dinamarca,230926,0.355,mirror
2011,999999,Mercadorias não especificadas,251,França,203030,0.312,mirror
2011,999999,Mercadorias não especificadas,24,Angola,67762,0.104,mirror
2012,030613,Camarões congelados,156,China,4027705,23.051,direct
2012,030613,Camarões congelados,724,Espanha,3958975,22.657,direct
2012,030613,Camarões congelados,620,Portugal,3525670,20.178,direct
2012,030613,Camarões congelados,710,África do Sul,3101857,17.752,direct
2012,030613,Camarões congelados,704,Vietname,2147898,12.293,direct
2012,030613,Camarões congelados,764,Tailândia,385301,2.205,direct
2012,030613,Camarões congelados,251,França,80560,0.461,direct
2012,030613,Camarões congelados,531,Curaçao,55061,0.315,direct
2012,071390,Outras leguminosas secas,699,Índia,2852414,93.377,direct
2012,071390,Outras leguminosas secas,344,Hong Kong (RAEHK),124263,4.068,direct
2012,071390,Outras leguminosas secas,784,Emirados Árabes Unidos,58301,1.909,direct
2012,071390,Outras leguminosas secas,360,Indonésia,19755,0.647,direct
2012,080131,Castanha de caju com casca,699,Índia,3647258,92.808,direct
2012,080131,Castanha de caju com casca,156,China,116856,2.974,direct
2012,080131,Castanha de caju com casca,344,Hong Kong (RAEHK),93686,2.384,direct
2012,080131,Castanha de caju com casca,702,Singapura,72103,1.835,direct
2012,120740,Sementes de sésamo (gergelim),156,China,11816597,71.562,direct
2012,120740,Sementes de sésamo (gergelim),392,Japão,1683142,10.193,direct
2012,120740,Sementes de sésamo (gergelim),792,Turquia,1275995,7.727,direct
2012,120740,Sementes de sésamo (gergelim),710,África do Sul,547727,3.317,direct
2012,120740,Sementes de sésamo (gergelim),376,Israel,432281,2.618,direct
2012,120740,Sementes de sésamo (gergelim),124,Canadá,237369,1.438,direct
2012,120740,Sementes de sésamo (gergelim),784,Emirados Árabes Unidos,184859,1.12,direct
2012,120740,Sementes de sésamo (gergelim),842,EUA,144562,0.875,direct
2012,170111,"Açúcar de cana, em bruto",380,Itália,56930792,38.966,direct
2012,170111,"Açúcar de cana, em bruto",724,Espanha,42355943,28.99,direct
2012,170111,"Açúcar de cana, em bruto",616,Polónia,24393408,16.696,direct
2012,170111,"Açúcar de cana, em bruto",246,Finlândia,15219647,10.417,direct
2012,170111,"Açúcar de cana, em bruto",826,Reino Unido,7204875,4.931,direct
2012,240120,Tabaco destalado,528,Países Baixos,38585139,17.611,direct
2012,240120,Tabaco destalado,56,Bélgica,34201513,15.61,direct
2012,240120,Tabaco destalado,616,Polónia,23065716,10.527,direct
2012,240120,Tabaco destalado,643,Rússia,17943975,8.19,direct
2012,240120,Tabaco destalado,792,Turquia,14866634,6.785,direct
2012,240120,Tabaco destalado,276,Alemanha,13680409,6.244,direct
2012,240120,Tabaco destalado,32,Argentina,12271070,5.601,direct
2012,240120,Tabaco destalado,620,Portugal,9573807,4.37,direct
2012,250590,Areias naturais,156,China,17481,55.432,direct
2012,250590,Areias naturais,246,Finlândia,12680,40.208,direct
2012,250590,Areias naturais,842,EUA,792,2.511,direct
2012,250590,Areias naturais,710,África do Sul,514,1.63,direct
2012,250590,Areias naturais,620,Portugal,36,0.114,direct
2012,250590,Areias naturais,643,Rússia,33,0.105,direct
2012,261400,Minério de titânio,156,China,42300957,20.0,direct
2012,261400,Minério de titânio,268,Georgia,42300957,20.0,direct
2012,261400,Minério de titânio,380,Itália,42300957,20.0,direct
2012,261400,Minério de titânio,699,Índia,42300957,20.0,direct
2012,261400,Minério de titânio,842,EUA,42300957,20.0,direct
2012,261510,Minério de zircónio,156,China,5126786,19.726,direct
2012,261510,Minério de zircónio,268,Georgia,5126786,19.726,direct
2012,261510,Minério de zircónio,380,Itália,5126786,19.726,direct
2012,261510,Minério de zircónio,699,Índia,5126786,19.726,direct
2012,261510,Minério de zircónio,842,EUA,5126786,19.726,direct
2012,261510,Minério de zircónio,764,Tailândia,214535,0.825,direct
2012,261510,Minério de zircónio,372,Irlanda,141890,0.546,direct
2012,270119,Outros carvões minerais,454,Malawi,512777,99.64,direct
2012,270119,Outros carvões minerais,716,Zimbabué,1815,0.353,direct
2012,270119,Outros carvões minerais,710,África do Sul,36,0.007,direct
2012,270400,Coque,156,China,435233154,100.0,direct
2012,270400,Coque,710,África do Sul,7,0.0,direct
2012,271019,Gasóleo e combustíveis médios e pesados,454,Malawi,10997148,23.464,direct
2012,271019,Gasóleo e combustíveis médios e pesados,710,África do Sul,10265994,21.904,direct
2012,271019,Gasóleo e combustíveis médios e pesados,826,Reino Unido,7244056,15.456,direct
2012,271019,Gasóleo e combustíveis médios e pesados,784,Emirados Árabes Unidos,5532362,11.804,direct
2012,271019,Gasóleo e combustíveis médios e pesados,404,Quénia,5272963,11.25,direct
2012,271019,Gasóleo e combustíveis médios e pesados,72,Botsuana,2481542,5.295,direct
2012,271019,Gasóleo e combustíveis médios e pesados,842,EUA,1746734,3.727,direct
2012,271019,Gasóleo e combustíveis médios e pesados,70,Bosnia Herzegovina,869765,1.856,direct
2012,271111,Gás natural liquefeito (GNL),710,África do Sul,174987809,99.96,direct
2012,271111,Gás natural liquefeito (GNL),842,EUA,51534,0.029,direct
2012,271111,Gás natural liquefeito (GNL),826,Reino Unido,19155,0.011,direct
2012,271121,Gás natural em estado gasoso,710,África do Sul,73100322,100.0,direct
2012,271600,Energia elétrica,710,África do Sul,196543226,84.205,direct
2012,271600,Energia elétrica,716,Zimbabué,36866541,15.795,direct
2012,380290,Produtos minerais ativados,699,Índia,44098393,39.705,direct
2012,380290,Produtos minerais ativados,702,Singapura,23165656,20.858,direct
2012,380290,Produtos minerais ativados,490,Taiwan (Prov. China),12137559,10.928,direct
2012,380290,Produtos minerais ativados,528,Países Baixos,10067114,9.064,direct
2012,380290,Produtos minerais ativados,710,África do Sul,6064930,5.461,direct
2012,380290,Produtos minerais ativados,392,Japão,5394471,4.857,direct
2012,380290,Produtos minerais ativados,410,Coreia do Sul,5057316,4.553,direct
2012,380290,Produtos minerais ativados,76,Brasil,4697987,4.23,direct
2012,520100,Algodão em fibra,50,Bangladesh,6162585,66.77,direct
2012,520100,Algodão em fibra,702,Singapura,1098006,11.897,direct
2012,520100,Algodão em fibra,360,Indonésia,772877,8.374,direct
2012,520100,Algodão em fibra,842,EUA,750886,8.136,direct
2012,520100,Algodão em fibra,156,China,388488,4.209,direct
2012,520100,Algodão em fibra,48,Barém,56667,0.614,direct
2012,670490,Perucas e artigos semelhantes,710,África do Sul,5096708,94.005,direct
2012,670490,Perucas e artigos semelhantes,156,China,154034,2.841,direct
2012,670490,Perucas e artigos semelhantes,450,Madagáscar,66338,1.224,direct
2012,670490,Perucas e artigos semelhantes,422,Líbano,66271,1.222,direct
2012,670490,Perucas e artigos semelhantes,716,Zimbabué,38405,0.708,direct
2012,710391,"Rubis, safiras e esmeraldas",764,Tailândia,5174,100.0,direct
2012,760410,Varões e perfis de alumínio não ligado,528,Países Baixos,857408959,78.76,direct
2012,760410,Varões e perfis de alumínio não ligado,826,Reino Unido,147259732,13.527,direct
2012,760410,Varões e perfis de alumínio não ligado,757,Suíça,83962385,7.713,direct
2012,760429,Varões e perfis de ligas de alumínio,710,África do Sul,7686,63.763,direct
2012,760429,Varões e perfis de ligas de alumínio,24,Angola,4368,36.237,direct
2012,999999,Mercadorias não especificadas,716,Zimbabué,17209,81.983,direct
2012,999999,Mercadorias não especificadas,454,Malawi,3782,18.017,direct
2012,030613,Camarões congelados,24,Angola,128717,86.272,mirror
2012,030613,Camarões congelados,716,Zimbabué,20483,13.728,mirror
2012,071390,Outras leguminosas secas,699,Índia,29836320,99.489,mirror
2012,071390,Outras leguminosas secas,458,Malásia,120316,0.401,mirror
2012,071390,Outras leguminosas secas,784,Emirados Árabes Unidos,33059,0.11,mirror
2012,080131,Castanha de caju com casca,699,Índia,6426206,96.368,mirror
2012,080131,Castanha de caju com casca,826,Reino Unido,121149,1.817,mirror
2012,080131,Castanha de caju com casca,156,China,121017,1.815,mirror
2012,120740,Sementes de sésamo (gergelim),156,China,33324043,79.59,mirror
2012,120740,Sementes de sésamo (gergelim),792,Turquia,4554363,10.877,mirror
2012,120740,Sementes de sésamo (gergelim),392,Japão,2378944,5.682,mirror
2012,120740,Sementes de sésamo (gergelim),710,África do Sul,813394,1.943,mirror
2012,120740,Sementes de sésamo (gergelim),124,Canadá,366845,0.876,mirror
2012,120740,Sementes de sésamo (gergelim),702,Singapura,197793,0.472,mirror
2012,120740,Sementes de sésamo (gergelim),528,Países Baixos,170902,0.408,mirror
2012,120740,Sementes de sésamo (gergelim),826,Reino Unido,33674,0.08,mirror
2012,170111,"Açúcar de cana, em bruto",174,Comores,220337,80.392,mirror
2012,170111,"Açúcar de cana, em bruto",716,Zimbabué,53742,19.608,mirror
2012,240120,Tabaco destalado,643,Rússia,46884420,20.817,mirror
2012,240120,Tabaco destalado,528,Países Baixos,45118796,20.033,mirror
2012,240120,Tabaco destalado,276,Alemanha,27487442,12.204,mirror
2012,240120,Tabaco destalado,792,Turquia,17095125,7.59,mirror
2012,240120,Tabaco destalado,804,Ucrânia,14878601,6.606,mirror
2012,240120,Tabaco destalado,616,Polónia,11807865,5.243,mirror
2012,240120,Tabaco destalado,620,Portugal,9733323,4.322,mirror
2012,240120,Tabaco destalado,440,Lituânia,4850170,2.153,mirror
2012,250590,Areias naturais,710,África do Sul,11132,95.504,mirror
2012,250590,Areias naturais,156,China,392,3.363,mirror
2012,250590,Areias naturais,620,Portugal,126,1.081,mirror
2012,250590,Areias naturais,834,Tanzânia,6,0.051,mirror
2012,261400,Minério de titânio,156,China,43572009,26.537,mirror
2012,261400,Minério de titânio,724,Espanha,22938765,13.97,mirror
2012,261400,Minério de titânio,699,Índia,22896976,13.945,mirror
2012,261400,Minério de titânio,643,Rússia,18179881,11.072,mirror
2012,261400,Minério de titânio,842,EUA,16302673,9.929,mirror
2012,261400,Minério de titânio,710,África do Sul,9720865,5.92,mirror
2012,261400,Minério de titânio,705,Eslovénia,7613824,4.637,mirror
2012,261400,Minério de titânio,246,Finlândia,7345757,4.474,mirror
2012,261510,Minério de zircónio,156,China,45640918,55.725,mirror
2012,261510,Minério de zircónio,380,Itália,29625553,36.171,mirror
2012,261510,Minério de zircónio,251,França,2756494,3.366,mirror
2012,261510,Minério de zircónio,528,Países Baixos,2053114,2.507,mirror
2012,261510,Minério de zircónio,724,Espanha,1490326,1.82,mirror
2012,261510,Minério de zircónio,76,Brasil,272015,0.332,mirror
2012,261510,Minério de zircónio,710,África do Sul,65349,0.08,mirror
2012,270119,Outros carvões minerais,699,Índia,174215521,81.947,mirror
2012,270119,Outros carvões minerais,586,Paquistão,11219874,5.278,mirror
2012,270119,Outros carvões minerais,480,Maurícias,10867978,5.112,mirror
2012,270119,Outros carvões minerais,784,Emirados Árabes Unidos,5184392,2.439,mirror
2012,270119,Outros carvões minerais,40,Áustria,5082430,2.391,mirror
2012,270119,Outros carvões minerais,516,Namíbia,4815516,2.265,mirror
2012,270119,Outros carvões minerais,454,Malawi,1199121,0.564,mirror
2012,270119,Outros carvões minerais,716,Zimbabué,6465,0.003,mirror
2012,270400,Coque,710,África do Sul,16481902,99.996,mirror
2012,270400,Coque,454,Malawi,720,0.004,mirror
2012,271019,Gasóleo e combustíveis médios e pesados,716,Zimbabué,55754888,77.585,mirror
2012,271019,Gasóleo e combustíveis médios e pesados,800,Uganda,16105634,22.412,mirror
2012,271019,Gasóleo e combustíveis médios e pesados,620,Portugal,965,0.001,mirror
2012,271019,Gasóleo e combustíveis médios e pesados,528,Países Baixos,947,0.001,mirror
2012,271019,Gasóleo e combustíveis médios e pesados,56,Bélgica,138,0.0,mirror
2012,271019,Gasóleo e combustíveis médios e pesados,251,França,129,0.0,mirror
2012,271019,Gasóleo e combustíveis médios e pesados,454,Malawi,95,0.0,mirror
2012,271111,Gás natural liquefeito (GNL),710,África do Sul,246112414,100.0,mirror
2012,271600,Energia elétrica,710,África do Sul,194577082,80.567,mirror
2012,271600,Energia elétrica,716,Zimbabué,33220194,13.755,mirror
2012,271600,Energia elétrica,72,Botsuana,11695591,4.843,mirror
2012,271600,Energia elétrica,426,Lesotho,2017727,0.835,mirror
2012,520100,Algodão em fibra,360,Indonésia,18839913,32.318,mirror
2012,520100,Algodão em fibra,480,Maurícias,14470796,24.824,mirror
2012,520100,Algodão em fibra,50,Bangladesh,6246167,10.715,mirror
2012,520100,Algodão em fibra,156,China,5859438,10.051,mirror
2012,520100,Algodão em fibra,704,Vietname,4192684,7.192,mirror
2012,520100,Algodão em fibra,764,Tailândia,3625224,6.219,mirror
2012,520100,Algodão em fibra,699,Índia,1587457,2.723,mirror
2012,520100,Algodão em fibra,48,Barém,1015682,1.742,mirror
2012,670490,Perucas e artigos semelhantes,710,África do Sul,19251071,97.728,mirror
2012,670490,Perucas e artigos semelhantes,716,Zimbabué,215896,1.096,mirror
2012,670490,Perucas e artigos semelhantes,24,Angola,94162,0.478,mirror
2012,670490,Perucas e artigos semelhantes,450,Madagáscar,84875,0.431,mirror
2012,670490,Perucas e artigos semelhantes,748,Eswatini,52586,0.267,mirror
2012,710391,"Rubis, safiras e esmeraldas",757,Suíça,28832672,62.586,mirror
2012,710391,"Rubis, safiras e esmeraldas",276,Alemanha,8538333,18.534,mirror
2012,710391,"Rubis, safiras e esmeraldas",842,EUA,3003019,6.519,mirror
2012,710391,"Rubis, safiras e esmeraldas",380,Itália,2362734,5.129,mirror
2012,710391,"Rubis, safiras e esmeraldas",251,França,2111234,4.583,mirror
2012,710391,"Rubis, safiras e esmeraldas",392,Japão,1095834,2.379,mirror
2012,710391,"Rubis, safiras e esmeraldas",480,Maurícias,94707,0.206,mirror
2012,710391,"Rubis, safiras e esmeraldas",792,Turquia,12352,0.027,mirror
2012,760110,"Alumínio não ligado, em bruto",380,Itália,253497781,30.993,mirror
2012,760110,"Alumínio não ligado, em bruto",724,Espanha,169550541,20.729,mirror
2012,760110,"Alumínio não ligado, em bruto",56,Bélgica,92245343,11.278,mirror
2012,760110,"Alumínio não ligado, em bruto",705,Eslovénia,63055220,7.709,mirror
2012,760110,"Alumínio não ligado, em bruto",826,Reino Unido,62402549,7.629,mirror
2012,760110,"Alumínio não ligado, em bruto",276,Alemanha,49344716,6.033,mirror
2012,760110,"Alumínio não ligado, em bruto",251,França,31024295,3.793,mirror
2012,760110,"Alumínio não ligado, em bruto",203,Chéquia,28299234,3.46,mirror
2012,760120,"Ligas de alumínio, em bruto",276,Alemanha,57245057,78.513,mirror
2012,760120,"Ligas de alumínio, em bruto",251,França,13564757,18.604,mirror
2012,760120,"Ligas de alumínio, em bruto",203,Chéquia,1107007,1.518,mirror
2012,760120,"Ligas de alumínio, em bruto",616,Polónia,765365,1.05,mirror
2012,760120,"Ligas de alumínio, em bruto",724,Espanha,229131,0.314,mirror
2012,760429,Varões e perfis de ligas de alumínio,716,Zimbabué,9768,100.0,mirror
2012,999999,Mercadorias não especificadas,792,Turquia,117825136,82.178,mirror
2012,999999,Mercadorias não especificadas,72,Botsuana,18640076,13.001,mirror
2012,999999,Mercadorias não especificadas,842,EUA,2310309,1.611,mirror
2012,999999,Mercadorias não especificadas,276,Alemanha,1748820,1.22,mirror
2012,999999,Mercadorias não especificadas,784,Emirados Árabes Unidos,1519883,1.06,mirror
2012,999999,Mercadorias não especificadas,251,França,532324,0.371,mirror
2012,999999,Mercadorias não especificadas,208,Dinamarca,151301,0.106,mirror
2012,999999,Mercadorias não especificadas,710,África do Sul,131244,0.092,mirror
2013,030613,Camarões congelados,724,Espanha,9307005,29.561,direct
2013,030613,Camarões congelados,620,Portugal,9235211,29.333,direct
2013,030613,Camarões congelados,156,China,8899607,28.267,direct
2013,030613,Camarões congelados,710,África do Sul,1563018,4.964,direct
2013,030613,Camarões congelados,764,Tailândia,940603,2.988,direct
2013,030613,Camarões congelados,899,"Areas, nes",640330,2.034,direct
2013,030613,Camarões congelados,251,França,541072,1.719,direct
2013,030613,Camarões congelados,392,Japão,217208,0.69,direct
2013,071390,Outras leguminosas secas,699,Índia,4672298,85.696,direct
2013,071390,Outras leguminosas secas,156,China,255040,4.678,direct
2013,071390,Outras leguminosas secas,360,Indonésia,175212,3.214,direct
2013,071390,Outras leguminosas secas,716,Zimbabué,164914,3.025,direct
2013,071390,Outras leguminosas secas,784,Emirados Árabes Unidos,101273,1.857,direct
2013,071390,Outras leguminosas secas,458,Malásia,55730,1.022,direct
2013,071390,Outras leguminosas secas,704,Vietname,27730,0.509,direct
2013,080131,Castanha de caju com casca,699,Índia,6325128,99.294,direct
2013,080131,Castanha de caju com casca,784,Emirados Árabes Unidos,44950,0.706,direct
2013,120740,Sementes de sésamo (gergelim),156,China,17367233,57.55,direct
2013,120740,Sementes de sésamo (gergelim),392,Japão,7481610,24.792,direct
2013,120740,Sementes de sésamo (gergelim),702,Singapura,1318508,4.369,direct
2013,120740,Sementes de sésamo (gergelim),699,Índia,1279619,4.24,direct
2013,120740,Sementes de sésamo (gergelim),710,África do Sul,1018223,3.374,direct
2013,120740,Sementes de sésamo (gergelim),792,Turquia,359558,1.191,direct
2013,120740,Sementes de sésamo (gergelim),124,Canadá,316104,1.047,direct
2013,120740,Sementes de sésamo (gergelim),300,Grécia,208260,0.69,direct
2013,170111,"Açúcar de cana, em bruto",620,Portugal,81988090,44.149,direct
2013,170111,"Açúcar de cana, em bruto",724,Espanha,50192675,27.028,direct
2013,170111,"Açúcar de cana, em bruto",380,Itália,27821255,14.981,direct
2013,170111,"Açúcar de cana, em bruto",528,Países Baixos,14395715,7.752,direct
2013,170111,"Açúcar de cana, em bruto",246,Finlândia,11310712,6.091,direct
2013,240120,Tabaco destalado,757,Suíça,65575632,26.243,direct
2013,240120,Tabaco destalado,56,Bélgica,47848488,19.149,direct
2013,240120,Tabaco destalado,528,Países Baixos,34230611,13.699,direct
2013,240120,Tabaco destalado,792,Turquia,17049396,6.823,direct
2013,240120,Tabaco destalado,826,Reino Unido,16594847,6.641,direct
2013,240120,Tabaco destalado,643,Rússia,9924093,3.972,direct
2013,240120,Tabaco destalado,458,Malásia,9801720,3.923,direct
2013,240120,Tabaco destalado,620,Portugal,8383854,3.355,direct
2013,250590,Areias naturais,156,China,2495657,98.767,direct
2013,250590,Areias naturais,76,Brasil,25570,1.012,direct
2013,250590,Areias naturais,842,EUA,5015,0.198,direct
2013,250590,Areias naturais,710,África do Sul,367,0.015,direct
2013,250590,Areias naturais,784,Emirados Árabes Unidos,144,0.006,direct
2013,250590,Areias naturais,826,Reino Unido,63,0.002,direct
2013,250590,Areias naturais,579,Noruega,5,0.0,direct
2013,261400,Minério de titânio,699,Índia,88383106,69.835,direct
2013,261400,Minério de titânio,724,Espanha,11783880,9.311,direct
2013,261400,Minério de titânio,842,EUA,11377080,8.99,direct
2013,261400,Minério de titânio,392,Japão,8615010,6.807,direct
2013,261400,Minério de titânio,705,Eslovénia,3336820,2.637,direct
2013,261400,Minério de titânio,246,Finlândia,3063520,2.421,direct
2013,261510,Minério de zircónio,699,Índia,18826674,68.533,direct
2013,261510,Minério de zircónio,156,China,4919600,17.908,direct
2013,261510,Minério de zircónio,380,Itália,3676470,13.383,direct
2013,261510,Minério de zircónio,724,Espanha,48273,0.176,direct
2013,270119,Outros carvões minerais,454,Malawi,1036269,64.175,direct
2013,270119,Outros carvões minerais,699,Índia,577603,35.77,direct
2013,270119,Outros carvões minerais,76,Brasil,880,0.054,direct
2013,270400,Coque,699,Índia,526582497,100.0,direct
2013,271019,Gasóleo e combustíveis médios e pesados,710,África do Sul,29292648,33.508,direct
2013,271019,Gasóleo e combustíveis médios e pesados,48,Barém,14783220,16.91,direct
2013,271019,Gasóleo e combustíveis médios e pesados,454,Malawi,10132889,11.591,direct
2013,271019,Gasóleo e combustíveis médios e pesados,44,Bahamas,8222886,9.406,direct
2013,271019,Gasóleo e combustíveis médios e pesados,528,Países Baixos,6445910,7.373,direct
2013,271019,Gasóleo e combustíveis médios e pesados,716,Zimbabué,5106146,5.841,direct
2013,271019,Gasóleo e combustíveis médios e pesados,414,Kuwait,4304417,4.924,direct
2013,271019,Gasóleo e combustíveis médios e pesados,826,Reino Unido,3763758,4.305,direct
2013,271111,Gás natural liquefeito (GNL),710,África do Sul,120163343,73.254,direct
2013,271111,Gás natural liquefeito (GNL),842,EUA,43871869,26.745,direct
2013,271111,Gás natural liquefeito (GNL),800,Uganda,1218,0.001,direct
2013,271121,Gás natural em estado gasoso,710,África do Sul,281367169,99.999,direct
2013,271121,Gás natural em estado gasoso,842,EUA,4040,0.001,direct
2013,271600,Energia elétrica,710,África do Sul,221625761,80.432,direct
2013,271600,Energia elétrica,716,Zimbabué,53917125,19.568,direct
2013,380290,Produtos minerais ativados,702,Singapura,8392626,24.225,direct
2013,380290,Produtos minerais ativados,156,China,8363000,24.139,direct
2013,380290,Produtos minerais ativados,804,Ucrânia,4352193,12.562,direct
2013,380290,Produtos minerais ativados,757,Suíça,4032258,11.639,direct
2013,380290,Produtos minerais ativados,826,Reino Unido,3907884,11.28,direct
2013,380290,Produtos minerais ativados,531,Curaçao,3743928,10.807,direct
2013,380290,Produtos minerais ativados,699,Índia,1852982,5.349,direct
2013,520100,Algodão em fibra,360,Indonésia,19790947,24.735,direct
2013,520100,Algodão em fibra,156,China,13572444,16.963,direct
2013,520100,Algodão em fibra,50,Bangladesh,12497585,15.62,direct
2013,520100,Algodão em fibra,702,Singapura,8339660,10.423,direct
2013,520100,Algodão em fibra,704,Vietname,6602759,8.252,direct
2013,520100,Algodão em fibra,581,United States Minor Outlying Islands,6407000,8.008,direct
2013,520100,Algodão em fibra,458,Malásia,4469726,5.586,direct
2013,520100,Algodão em fibra,699,Índia,4452744,5.565,direct
2013,670490,Perucas e artigos semelhantes,710,África do Sul,15499876,95.283,direct
2013,670490,Perucas e artigos semelhantes,480,Maurícias,225411,1.386,direct
2013,670490,Perucas e artigos semelhantes,404,Quénia,225157,1.384,direct
2013,670490,Perucas e artigos semelhantes,716,Zimbabué,225077,1.384,direct
2013,670490,Perucas e artigos semelhantes,422,Líbano,67712,0.416,direct
2013,670490,Perucas e artigos semelhantes,748,Eswatini,23905,0.147,direct
2013,710391,"Rubis, safiras e esmeraldas",699,Índia,247800,77.912,direct
2013,710391,"Rubis, safiras e esmeraldas",764,Tailândia,69511,21.855,direct
2013,710391,"Rubis, safiras e esmeraldas",620,Portugal,440,0.138,direct
2013,710391,"Rubis, safiras e esmeraldas",826,Reino Unido,299,0.094,direct
2013,760410,Varões e perfis de alumínio não ligado,528,Países Baixos,1063192908,100.0,direct
2013,760429,Varões e perfis de ligas de alumínio,842,EUA,3478,50.058,direct
2013,760429,Varões e perfis de ligas de alumínio,702,Singapura,3470,49.942,direct
2013,999999,Mercadorias não especificadas,156,China,1110713,99.887,direct
2013,999999,Mercadorias não especificadas,702,Singapura,1260,0.113,direct
2013,030613,Camarões congelados,24,Angola,117468,100.0,mirror
2013,071390,Outras leguminosas secas,699,Índia,7347367,95.575,mirror
2013,071390,Outras leguminosas secas,784,Emirados Árabes Unidos,214503,2.79,mirror
2013,071390,Outras leguminosas secas,458,Malásia,87285,1.135,mirror
2013,071390,Outras leguminosas secas,450,Madagáscar,37111,0.483,mirror
2013,071390,Outras leguminosas secas,454,Malawi,1267,0.016,mirror
2013,080131,Castanha de caju com casca,699,Índia,12861968,98.456,mirror
2013,080131,Castanha de caju com casca,704,Vietname,201706,1.544,mirror
2013,120740,Sementes de sésamo (gergelim),156,China,47257080,79.958,mirror
2013,120740,Sementes de sésamo (gergelim),392,Japão,7570327,12.809,mirror
2013,120740,Sementes de sésamo (gergelim),792,Turquia,1695501,2.869,mirror
2013,120740,Sementes de sésamo (gergelim),710,África do Sul,915973,1.55,mirror
2013,120740,Sementes de sésamo (gergelim),124,Canadá,353137,0.597,mirror
2013,120740,Sementes de sésamo (gergelim),300,Grécia,349728,0.592,mirror
2013,120740,Sementes de sésamo (gergelim),699,Índia,227458,0.385,mirror
2013,120740,Sementes de sésamo (gergelim),490,Taiwan (Prov. China),212823,0.36,mirror
2013,170111,"Açúcar de cana, em bruto",174,Comores,99355,100.0,mirror
2013,240120,Tabaco destalado,643,Rússia,51087479,18.609,mirror
2013,240120,Tabaco destalado,528,Países Baixos,50060062,18.235,mirror
2013,240120,Tabaco destalado,792,Turquia,30614512,11.152,mirror
2013,240120,Tabaco destalado,616,Polónia,26414523,9.622,mirror
2013,240120,Tabaco destalado,276,Alemanha,26039977,9.485,mirror
2013,240120,Tabaco destalado,804,Ucrânia,15372752,5.6,mirror
2013,240120,Tabaco destalado,620,Portugal,12601270,4.59,mirror
2013,240120,Tabaco destalado,826,Reino Unido,7058124,2.571,mirror
2013,250590,Areias naturais,710,África do Sul,2403,27.836,mirror
2013,250590,Areias naturais,834,Tanzânia,2389,27.677,mirror
2013,250590,Areias naturais,156,China,2209,25.591,mirror
2013,250590,Areias naturais,380,Itália,1631,18.895,mirror
2013,261400,Minério de titânio,156,China,35946298,23.661,mirror
2013,261400,Minério de titânio,842,EUA,34746194,22.871,mirror
2013,261400,Minério de titânio,724,Espanha,33087900,21.779,mirror
2013,261400,Minério de titânio,699,Índia,13607995,8.957,mirror
2013,261400,Minério de titânio,246,Finlândia,12951494,8.525,mirror
2013,261400,Minério de titânio,392,Japão,7393907,4.867,mirror
2013,261400,Minério de titânio,579,Noruega,5691518,3.746,mirror
2013,261400,Minério de titânio,251,França,4516956,2.973,mirror
2013,261510,Minério de zircónio,380,Itália,17726643,47.537,mirror
2013,261510,Minério de zircónio,156,China,15983258,42.862,mirror
2013,261510,Minério de zircónio,724,Espanha,2373703,6.365,mirror
2013,261510,Minério de zircónio,251,França,1181756,3.169,mirror
2013,261510,Minério de zircónio,484,México,25000,0.067,mirror
2013,261510,Minério de zircónio,710,África do Sul,46,0.0,mirror
2013,270119,Outros carvões minerais,699,Índia,153963147,87.604,mirror
2013,270119,Outros carvões minerais,710,África do Sul,5471587,3.113,mirror
2013,270119,Outros carvões minerais,784,Emirados Árabes Unidos,4240710,2.413,mirror
2013,270119,Outros carvões minerais,404,Quénia,3570061,2.031,mirror
2013,270119,Outros carvões minerais,686,Senegal,3566038,2.029,mirror
2013,270119,Outros carvões minerais,454,Malawi,2787557,1.586,mirror
2013,270119,Outros carvões minerais,516,Namíbia,1846097,1.05,mirror
2013,270119,Outros carvões minerais,480,Maurícias,303200,0.173,mirror
2013,270400,Coque,524,Nepal,4815799,99.982,mirror
2013,270400,Coque,251,França,506,0.011,mirror
2013,270400,Coque,724,Espanha,360,0.007,mirror
2013,270400,Coque,710,África do Sul,19,0.0,mirror
2013,271019,Gasóleo e combustíveis médios e pesados,716,Zimbabué,62340986,99.758,mirror
2013,271019,Gasóleo e combustíveis médios e pesados,834,Tanzânia,145105,0.232,mirror
2013,271019,Gasóleo e combustíveis médios e pesados,404,Quénia,3335,0.005,mirror
2013,271019,Gasóleo e combustíveis médios e pesados,620,Portugal,1365,0.002,mirror
2013,271019,Gasóleo e combustíveis médios e pesados,528,Países Baixos,784,0.001,mirror
2013,271019,Gasóleo e combustíveis médios e pesados,800,Uganda,499,0.001,mirror
2013,271111,Gás natural liquefeito (GNL),710,África do Sul,250559517,100.0,mirror
2013,271600,Energia elétrica,710,África do Sul,154846256,66.192,mirror
2013,271600,Energia elétrica,716,Zimbabué,68767574,29.396,mirror
2013,271600,Energia elétrica,748,Eswatini,6069008,2.594,mirror
2013,271600,Energia elétrica,72,Botsuana,3079679,1.316,mirror
2013,271600,Energia elétrica,426,Lesotho,1171393,0.501,mirror
2013,520100,Algodão em fibra,360,Indonésia,45763015,36.453,mirror
2013,520100,Algodão em fibra,156,China,17721273,14.116,mirror
2013,520100,Algodão em fibra,480,Maurícias,17550959,13.98,mirror
2013,520100,Algodão em fibra,50,Bangladesh,12106787,9.644,mirror
2013,520100,Algodão em fibra,704,Vietname,10708672,8.53,mirror
2013,520100,Algodão em fibra,764,Tailândia,6873811,5.475,mirror
2013,520100,Algodão em fibra,458,Malásia,3554872,2.832,mirror
2013,520100,Algodão em fibra,699,Índia,3408604,2.715,mirror
2013,670490,Perucas e artigos semelhantes,710,África do Sul,15719677,97.117,mirror
2013,670490,Perucas e artigos semelhantes,716,Zimbabué,413077,2.552,mirror
2013,670490,Perucas e artigos semelhantes,450,Madagáscar,53628,0.331,mirror
2013,710391,"Rubis, safiras e esmeraldas",842,EUA,17605335,65.698,mirror
2013,710391,"Rubis, safiras e esmeraldas",251,França,4366406,16.294,mirror
2013,710391,"Rubis, safiras e esmeraldas",757,Suíça,1938513,7.234,mirror
2013,710391,"Rubis, safiras e esmeraldas",276,Alemanha,1133366,4.229,mirror
2013,710391,"Rubis, safiras e esmeraldas",380,Itália,809630,3.021,mirror
2013,710391,"Rubis, safiras e esmeraldas",702,Singapura,530440,1.979,mirror
2013,710391,"Rubis, safiras e esmeraldas",392,Japão,332284,1.24,mirror
2013,710391,"Rubis, safiras e esmeraldas",764,Tailândia,75489,0.282,mirror
2013,760110,"Alumínio não ligado, em bruto",380,Itália,417271522,36.526,mirror
2013,760110,"Alumínio não ligado, em bruto",724,Espanha,178663362,15.639,mirror
2013,760110,"Alumínio não ligado, em bruto",276,Alemanha,128001301,11.205,mirror
2013,760110,"Alumínio não ligado, em bruto",826,Reino Unido,100610386,8.807,mirror
2013,760110,"Alumínio não ligado, em bruto",56,Bélgica,100352385,8.784,mirror
2013,760110,"Alumínio não ligado, em bruto",705,Eslovénia,55254851,4.837,mirror
2013,760110,"Alumínio não ligado, em bruto",251,França,43783936,3.833,mirror
2013,760110,"Alumínio não ligado, em bruto",100,Bulgária,33049776,2.893,mirror
2013,760120,"Ligas de alumínio, em bruto",276,Alemanha,15986065,43.621,mirror
2013,760120,"Ligas de alumínio, em bruto",203,Chéquia,8479696,23.138,mirror
2013,760120,"Ligas de alumínio, em bruto",724,Espanha,8096643,22.093,mirror
2013,760120,"Ligas de alumínio, em bruto",616,Polónia,3058381,8.345,mirror
2013,760120,"Ligas de alumínio, em bruto",703,Eslováquia,614824,1.678,mirror
2013,760120,"Ligas de alumínio, em bruto",300,Grécia,247880,0.676,mirror
2013,760120,"Ligas de alumínio, em bruto",705,Eslovénia,104553,0.285,mirror
2013,760120,"Ligas de alumínio, em bruto",251,França,59678,0.163,mirror
2013,760410,Varões e perfis de alumínio não ligado,748,Eswatini,138,73.243,mirror
2013,760410,Varões e perfis de alumínio não ligado,454,Malawi,50,26.757,mirror
2013,760429,Varões e perfis de ligas de alumínio,834,Tanzânia,321,100.0,mirror
2013,999999,Mercadorias não especificadas,792,Turquia,22573645,53.132,mirror
2013,999999,Mercadorias não especificadas,276,Alemanha,6780709,15.96,mirror
2013,999999,Mercadorias não especificadas,716,Zimbabué,6178751,14.543,mirror
2013,999999,Mercadorias não especificadas,528,Países Baixos,3069849,7.226,mirror
2013,999999,Mercadorias não especificadas,842,EUA,1990882,4.686,mirror
2013,999999,Mercadorias não especificadas,251,França,435742,1.026,mirror
2013,999999,Mercadorias não especificadas,710,África do Sul,304114,0.716,mirror
2013,999999,Mercadorias não especificadas,826,Reino Unido,249308,0.587,mirror
2014,030613,Camarões congelados,620,Portugal,13848200,34.403,direct
2014,030613,Camarões congelados,724,Espanha,13312720,33.073,direct
2014,030613,Camarões congelados,156,China,5107670,12.689,direct
2014,030613,Camarões congelados,710,África do Sul,2310320,5.74,direct
2014,030613,Camarões congelados,764,Tailândia,1722590,4.279,direct
2014,030613,Camarões congelados,704,Vietname,1420410,3.529,direct
2014,030613,Camarões congelados,251,França,723790,1.798,direct
2014,030613,Camarões congelados,490,Taiwan (Prov. China),609260,1.514,direct
2014,071390,Outras leguminosas secas,699,Índia,4255850,71.553,direct
2014,071390,Outras leguminosas secas,454,Malawi,588430,9.893,direct
2014,071390,Outras leguminosas secas,784,Emirados Árabes Unidos,471770,7.932,direct
2014,071390,Outras leguminosas secas,156,China,357110,6.004,direct
2014,071390,Outras leguminosas secas,704,Vietname,149560,2.515,direct
2014,071390,Outras leguminosas secas,344,Hong Kong (RAEHK),99800,1.678,direct
2014,071390,Outras leguminosas secas,716,Zimbabué,25280,0.425,direct
2014,080131,Castanha de caju com casca,699,Índia,9045670,94.374,direct
2014,080131,Castanha de caju com casca,704,Vietname,476130,4.967,direct
2014,080131,Castanha de caju com casca,702,Singapura,63150,0.659,direct
2014,120740,Sementes de sésamo (gergelim),156,China,24672000,60.988,direct
2014,120740,Sementes de sésamo (gergelim),392,Japão,5454770,13.484,direct
2014,120740,Sementes de sésamo (gergelim),792,Turquia,3217060,7.952,direct
2014,120740,Sementes de sésamo (gergelim),710,África do Sul,1329350,3.286,direct
2014,120740,Sementes de sésamo (gergelim),124,Canadá,1260280,3.115,direct
2014,120740,Sementes de sésamo (gergelim),300,Grécia,948230,2.344,direct
2014,120740,Sementes de sésamo (gergelim),699,Índia,898820,2.222,direct
2014,120740,Sementes de sésamo (gergelim),702,Singapura,517710,1.28,direct
2014,170111,"Açúcar de cana, em bruto",620,Portugal,20479900,25.077,direct
2014,170111,"Açúcar de cana, em bruto",251,França,16783110,20.55,direct
2014,170111,"Açúcar de cana, em bruto",528,Países Baixos,14503100,17.758,direct
2014,170111,"Açúcar de cana, em bruto",724,Espanha,12271165,15.026,direct
2014,170111,"Açúcar de cana, em bruto",380,Itália,8734770,10.695,direct
2014,170111,"Açúcar de cana, em bruto",616,Polónia,5857050,7.172,direct
2014,170111,"Açúcar de cana, em bruto",246,Finlândia,3039410,3.722,direct
2014,240120,Tabaco destalado,56,Bélgica,62222013,24.749,direct
2014,240120,Tabaco destalado,528,Países Baixos,26315460,10.467,direct
2014,240120,Tabaco destalado,616,Polónia,20229670,8.047,direct
2014,240120,Tabaco destalado,643,Rússia,20203230,8.036,direct
2014,240120,Tabaco destalado,757,Suíça,18828060,7.489,direct
2014,240120,Tabaco destalado,276,Alemanha,18770500,7.466,direct
2014,240120,Tabaco destalado,826,Reino Unido,17115959,6.808,direct
2014,240120,Tabaco destalado,792,Turquia,11804470,4.695,direct
2014,250590,Areias naturais,156,China,737810,64.964,direct
2014,250590,Areias naturais,344,Hong Kong (RAEHK),393840,34.678,direct
2014,250590,Areias naturais,276,Alemanha,4070,0.358,direct
2014,261400,Minério de titânio,842,EUA,42951678,31.98,direct
2014,261400,Minério de titânio,392,Japão,20689408,15.405,direct
2014,261400,Minério de titânio,156,China,16863740,12.556,direct
2014,261400,Minério de titânio,724,Espanha,16408510,12.217,direct
2014,261400,Minério de titânio,246,Finlândia,13331250,9.926,direct
2014,261400,Minério de titânio,484,México,11854020,8.826,direct
2014,261400,Minério de titânio,682,Arábia Saudita,9562270,7.12,direct
2014,261400,Minério de titânio,699,Índia,2530330,1.884,direct
2014,261510,Minério de zircónio,380,Itália,33691836,70.282,direct
2014,261510,Minério de zircónio,251,França,7950070,16.584,direct
2014,261510,Minério de zircónio,156,China,3111940,6.492,direct
2014,261510,Minério de zircónio,710,África do Sul,1829250,3.816,direct
2014,261510,Minério de zircónio,724,Espanha,1354760,2.826,direct
2014,270119,Outros carvões minerais,454,Malawi,903850,69.921,direct
2014,270119,Outros carvões minerais,894,Zâmbia,386970,29.935,direct
2014,270119,Outros carvões minerais,716,Zimbabué,1860,0.144,direct
2014,270400,Coque,702,Singapura,247093803,51.04,direct
2014,270400,Coque,699,Índia,170164256,35.149,direct
2014,270400,Coque,276,Alemanha,32937941,6.804,direct
2014,270400,Coque,442,Luxemburgo,25533760,5.274,direct
2014,270400,Coque,410,Coreia do Sul,8387680,1.733,direct
2014,271019,Gasóleo e combustíveis médios e pesados,710,África do Sul,30822072,50.959,direct
2014,271019,Gasóleo e combustíveis médios e pesados,48,Barém,16371573,27.067,direct
2014,271019,Gasóleo e combustíveis médios e pesados,528,Países Baixos,7794760,12.887,direct
2014,271019,Gasóleo e combustíveis médios e pesados,716,Zimbabué,1992870,3.295,direct
2014,271019,Gasóleo e combustíveis médios e pesados,784,Emirados Árabes Unidos,1431180,2.366,direct
2014,271019,Gasóleo e combustíveis médios e pesados,454,Malawi,1060680,1.754,direct
2014,271019,Gasóleo e combustíveis médios e pesados,496,Mongolia,788370,1.303,direct
2014,271019,Gasóleo e combustíveis médios e pesados,414,Kuwait,217880,0.36,direct
2014,271111,Gás natural liquefeito (GNL),710,África do Sul,285881951,96.8,direct
2014,271111,Gás natural liquefeito (GNL),478,Mauritânia,9451290,3.2,direct
2014,271121,Gás natural em estado gasoso,710,África do Sul,253456860,100.0,direct
2014,271600,Energia elétrica,710,África do Sul,150964441,50.123,direct
2014,271600,Energia elétrica,784,Emirados Árabes Unidos,95337960,31.654,direct
2014,271600,Energia elétrica,716,Zimbabué,54888152,18.224,direct
2014,380290,Produtos minerais ativados,699,Índia,150549100,34.729,direct
2014,380290,Produtos minerais ativados,490,Taiwan (Prov. China),71779370,16.558,direct
2014,380290,Produtos minerais ativados,710,África do Sul,40057650,9.241,direct
2014,380290,Produtos minerais ativados,76,Brasil,35825460,8.264,direct
2014,380290,Produtos minerais ativados,156,China,33658420,7.764,direct
2014,380290,Produtos minerais ativados,616,Polónia,21658530,4.996,direct
2014,380290,Produtos minerais ativados,251,França,19281380,4.448,direct
2014,380290,Produtos minerais ativados,702,Singapura,16782510,3.871,direct
2014,520100,Algodão em fibra,360,Indonésia,13918203,28.79,direct
2014,520100,Algodão em fibra,50,Bangladesh,12565130,25.992,direct
2014,520100,Algodão em fibra,480,Maurícias,6436249,13.314,direct
2014,520100,Algodão em fibra,702,Singapura,5451870,11.277,direct
2014,520100,Algodão em fibra,704,Vietname,4022673,8.321,direct
2014,520100,Algodão em fibra,156,China,2077600,4.298,direct
2014,520100,Algodão em fibra,458,Malásia,1753570,3.627,direct
2014,520100,Algodão em fibra,764,Tailândia,1031530,2.134,direct
2014,670490,Perucas e artigos semelhantes,710,África do Sul,24208710,93.711,direct
2014,670490,Perucas e artigos semelhantes,450,Madagáscar,684380,2.649,direct
2014,670490,Perucas e artigos semelhantes,716,Zimbabué,528960,2.048,direct
2014,670490,Perucas e artigos semelhantes,422,Líbano,153770,0.595,direct
2014,670490,Perucas e artigos semelhantes,404,Quénia,146430,0.567,direct
2014,670490,Perucas e artigos semelhantes,748,Eswatini,110990,0.43,direct
2014,710391,"Rubis, safiras e esmeraldas",702,Singapura,77066310,98.323,direct
2014,710391,"Rubis, safiras e esmeraldas",699,Índia,1257200,1.604,direct
2014,710391,"Rubis, safiras e esmeraldas",764,Tailândia,25880,0.033,direct
2014,710391,"Rubis, safiras e esmeraldas",344,Hong Kong (RAEHK),15870,0.02,direct
2014,710391,"Rubis, safiras e esmeraldas",156,China,15160,0.019,direct
2014,760110,"Alumínio não ligado, em bruto",826,Reino Unido,184462840,50.32,direct
2014,760110,"Alumínio não ligado, em bruto",702,Singapura,113774560,31.037,direct
2014,760110,"Alumínio não ligado, em bruto",757,Suíça,39579260,10.797,direct
2014,760110,"Alumínio não ligado, em bruto",380,Itália,28761830,7.846,direct
2014,760410,Varões e perfis de alumínio não ligado,528,Países Baixos,1045664035,99.999,direct
2014,760410,Varões e perfis de alumínio não ligado,710,África do Sul,12965,0.001,direct
2014,760429,Varões e perfis de ligas de alumínio,710,África do Sul,26580,85.631,direct
2014,760429,Varões e perfis de ligas de alumínio,24,Angola,4460,14.369,direct
2014,999999,Mercadorias não especificadas,156,China,75000,100.0,direct
2014,071390,Outras leguminosas secas,784,Emirados Árabes Unidos,1337628,98.733,mirror
2014,071390,Outras leguminosas secas,634,Catar,17166,1.267,mirror
2014,080131,Castanha de caju com casca,699,Índia,9352071,85.103,mirror
2014,080131,Castanha de caju com casca,704,Vietname,1636784,14.895,mirror
2014,080131,Castanha de caju com casca,748,Eswatini,291,0.003,mirror
2014,120740,Sementes de sésamo (gergelim),156,China,92681114,78.778,mirror
2014,120740,Sementes de sésamo (gergelim),792,Turquia,10261902,8.722,mirror
2014,120740,Sementes de sésamo (gergelim),392,Japão,9472388,8.051,mirror
2014,120740,Sementes de sésamo (gergelim),124,Canadá,1621237,1.378,mirror
2014,120740,Sementes de sésamo (gergelim),300,Grécia,1243693,1.057,mirror
2014,120740,Sementes de sésamo (gergelim),710,África do Sul,965713,0.821,mirror
2014,120740,Sementes de sésamo (gergelim),699,Índia,555131,0.472,mirror
2014,120740,Sementes de sésamo (gergelim),702,Singapura,226660,0.193,mirror
2014,240120,Tabaco destalado,276,Alemanha,39709916,15.704,mirror
2014,240120,Tabaco destalado,528,Países Baixos,38307877,15.15,mirror
2014,240120,Tabaco destalado,643,Rússia,35492040,14.036,mirror
2014,240120,Tabaco destalado,792,Turquia,27418441,10.843,mirror
2014,240120,Tabaco destalado,616,Polónia,21427467,8.474,mirror
2014,240120,Tabaco destalado,804,Ucrânia,14070578,5.565,mirror
2014,240120,Tabaco destalado,826,Reino Unido,10368042,4.1,mirror
2014,240120,Tabaco destalado,620,Portugal,9486960,3.752,mirror
2014,250590,Areias naturais,834,Tanzânia,7242,53.6,mirror
2014,250590,Areias naturais,156,China,3072,22.737,mirror
2014,250590,Areias naturais,710,África do Sul,1842,13.635,mirror
2014,250590,Areias naturais,620,Portugal,1355,10.029,mirror
2014,261400,Minério de titânio,156,China,49505928,29.655,mirror
2014,261400,Minério de titânio,842,EUA,38834537,23.262,mirror
2014,261400,Minério de titânio,724,Espanha,30602453,18.331,mirror
2014,261400,Minério de titânio,682,Arábia Saudita,17174901,10.288,mirror
2014,261400,Minério de titânio,705,Eslovénia,10727365,6.426,mirror
2014,261400,Minério de titânio,699,Índia,6224185,3.728,mirror
2014,261400,Minério de titânio,392,Japão,5827635,3.491,mirror
2014,261400,Minério de titânio,458,Malásia,5373840,3.219,mirror
2014,261510,Minério de zircónio,380,Itália,17078330,41.543,mirror
2014,261510,Minério de zircónio,156,China,14552005,35.397,mirror
2014,261510,Minério de zircónio,724,Espanha,6428250,15.637,mirror
2014,261510,Minério de zircónio,710,África do Sul,1911882,4.651,mirror
2014,261510,Minério de zircónio,251,França,1139899,2.773,mirror
2014,270119,Outros carvões minerais,699,Índia,235680812,93.738,mirror
2014,270119,Outros carvões minerais,251,França,6513052,2.59,mirror
2014,270119,Outros carvões minerais,710,África do Sul,2690702,1.07,mirror
2014,270119,Outros carvões minerais,784,Emirados Árabes Unidos,2418165,0.962,mirror
2014,270119,Outros carvões minerais,454,Malawi,2410598,0.959,mirror
2014,270119,Outros carvões minerais,524,Nepal,1588501,0.632,mirror
2014,270119,Outros carvões minerais,76,Brasil,119574,0.048,mirror
2014,270119,Outros carvões minerais,716,Zimbabué,3018,0.001,mirror
2014,270400,Coque,818,Egito,4430490,82.265,mirror
2014,270400,Coque,524,Nepal,955113,17.735,mirror
2014,271019,Gasóleo e combustíveis médios e pesados,716,Zimbabué,42811092,76.854,mirror
2014,271019,Gasóleo e combustíveis médios e pesados,894,Zâmbia,12660209,22.728,mirror
2014,271019,Gasóleo e combustíveis médios e pesados,454,Malawi,197469,0.354,mirror
2014,271019,Gasóleo e combustíveis médios e pesados,174,Comores,20445,0.037,mirror
2014,271019,Gasóleo e combustíveis médios e pesados,834,Tanzânia,11289,0.02,mirror
2014,271019,Gasóleo e combustíveis médios e pesados,528,Países Baixos,2881,0.005,mirror
2014,271019,Gasóleo e combustíveis médios e pesados,620,Portugal,363,0.001,mirror
2014,271019,Gasóleo e combustíveis médios e pesados,710,África do Sul,238,0.0,mirror
2014,271111,Gás natural liquefeito (GNL),710,África do Sul,385138688,100.0,mirror
2014,271600,Energia elétrica,710,África do Sul,216586361,80.812,mirror
2014,271600,Energia elétrica,716,Zimbabué,45546986,16.994,mirror
2014,271600,Energia elétrica,748,Eswatini,2956631,1.103,mirror
2014,271600,Energia elétrica,426,Lesotho,2696430,1.006,mirror
2014,271600,Energia elétrica,72,Botsuana,226194,0.084,mirror
2014,520100,Algodão em fibra,480,Maurícias,11782001,31.298,mirror
2014,520100,Algodão em fibra,360,Indonésia,10843709,28.806,mirror
2014,520100,Algodão em fibra,156,China,5233546,13.903,mirror
2014,520100,Algodão em fibra,704,Vietname,4097601,10.885,mirror
2014,520100,Algodão em fibra,48,Barém,1916130,5.09,mirror
2014,520100,Algodão em fibra,764,Tailândia,1139695,3.028,mirror
2014,520100,Algodão em fibra,426,Lesotho,937676,2.491,mirror
2014,520100,Algodão em fibra,490,Taiwan (Prov. China),818781,2.175,mirror
2014,670490,Perucas e artigos semelhantes,710,África do Sul,21020961,95.877,mirror
2014,670490,Perucas e artigos semelhantes,716,Zimbabué,720377,3.286,mirror
2014,670490,Perucas e artigos semelhantes,748,Eswatini,97659,0.445,mirror
2014,670490,Perucas e artigos semelhantes,450,Madagáscar,85754,0.391,mirror
2014,670490,Perucas e artigos semelhantes,251,França,151,0.001,mirror
2014,710391,"Rubis, safiras e esmeraldas",842,EUA,28601788,39.754,mirror
2014,710391,"Rubis, safiras e esmeraldas",251,França,17596249,24.458,mirror
2014,710391,"Rubis, safiras e esmeraldas",757,Suíça,16231293,22.56,mirror
2014,710391,"Rubis, safiras e esmeraldas",380,Itália,3252083,4.52,mirror
2014,710391,"Rubis, safiras e esmeraldas",392,Japão,2365466,3.288,mirror
2014,710391,"Rubis, safiras e esmeraldas",276,Alemanha,2311369,3.213,mirror
2014,710391,"Rubis, safiras e esmeraldas",56,Bélgica,1028361,1.429,mirror
2014,710391,"Rubis, safiras e esmeraldas",124,Canadá,223391,0.31,mirror
2014,760110,"Alumínio não ligado, em bruto",380,Itália,388230522,36.782,mirror
2014,760110,"Alumínio não ligado, em bruto",724,Espanha,192612165,18.249,mirror
2014,760110,"Alumínio não ligado, em bruto",276,Alemanha,80382133,7.616,mirror
2014,760110,"Alumínio não ligado, em bruto",56,Bélgica,77950369,7.385,mirror
2014,760110,"Alumínio não ligado, em bruto",705,Eslovénia,68133375,6.455,mirror
2014,760110,"Alumínio não ligado, em bruto",826,Reino Unido,61126783,5.791,mirror
2014,760110,"Alumínio não ligado, em bruto",300,Grécia,55288215,5.238,mirror
2014,760110,"Alumínio não ligado, em bruto",100,Bulgária,44419970,4.208,mirror
2014,760120,"Ligas de alumínio, em bruto",276,Alemanha,10890840,47.793,mirror
2014,760120,"Ligas de alumínio, em bruto",616,Polónia,9013018,39.552,mirror
2014,760120,"Ligas de alumínio, em bruto",203,Chéquia,1529676,6.713,mirror
2014,760120,"Ligas de alumínio, em bruto",705,Eslovénia,693285,3.042,mirror
2014,760120,"Ligas de alumínio, em bruto",703,Eslováquia,590741,2.592,mirror
2014,760120,"Ligas de alumínio, em bruto",251,França,70078,0.308,mirror
2014,760410,Varões e perfis de alumínio não ligado,203,Chéquia,627332,100.0,mirror
2014,760429,Varões e perfis de ligas de alumínio,251,França,5121,98.238,mirror
2014,760429,Varões e perfis de ligas de alumínio,710,África do Sul,92,1.762,mirror
2014,760511,Fios de alumínio,203,Chéquia,208954,100.0,mirror
2014,999999,Mercadorias não especificadas,792,Turquia,13161446,45.878,mirror
2014,999999,Mercadorias não especificadas,246,Finlândia,6302907,21.97,mirror
2014,999999,Mercadorias não especificadas,842,EUA,5662208,19.737,mirror
2014,999999,Mercadorias não especificadas,276,Alemanha,1099029,3.831,mirror
2014,999999,Mercadorias não especificadas,454,Malawi,887777,3.095,mirror
2014,999999,Mercadorias não especificadas,716,Zimbabué,497715,1.735,mirror
2014,999999,Mercadorias não especificadas,710,África do Sul,279193,0.973,mirror
2014,999999,Mercadorias não especificadas,251,França,232395,0.81,mirror
2015,030613,Camarões congelados,156,China,6631927,33.312,direct
2015,030613,Camarões congelados,620,Portugal,5926943,29.771,direct
2015,030613,Camarões congelados,724,Espanha,3699227,18.581,direct
2015,030613,Camarões congelados,380,Itália,1464632,7.357,direct
2015,030613,Camarões congelados,710,África do Sul,774803,3.892,direct
2015,030613,Camarões congelados,764,Tailândia,624377,3.136,direct
2015,030613,Camarões congelados,704,Vietname,428058,2.15,direct
2015,030613,Camarões congelados,344,Hong Kong (RAEHK),143667,0.722,direct
2015,071390,Outras leguminosas secas,699,Índia,760900,89.426,direct
2015,071390,Outras leguminosas secas,784,Emirados Árabes Unidos,89970,10.574,direct
2015,080131,Castanha de caju com casca,699,Índia,712537,100.0,direct
2015,120740,Sementes de sésamo (gergelim),156,China,11642136,57.429,direct
2015,120740,Sementes de sésamo (gergelim),392,Japão,5715776,28.195,direct
2015,120740,Sementes de sésamo (gergelim),792,Turquia,1480418,7.303,direct
2015,120740,Sementes de sésamo (gergelim),300,Grécia,457641,2.257,direct
2015,120740,Sementes de sésamo (gergelim),422,Líbano,208285,1.027,direct
2015,120740,Sementes de sésamo (gergelim),699,Índia,166120,0.819,direct
2015,120740,Sementes de sésamo (gergelim),710,África do Sul,151700,0.748,direct
2015,120740,Sementes de sésamo (gergelim),784,Emirados Árabes Unidos,141090,0.696,direct
2015,170111,"Açúcar de cana, em bruto",380,Itália,31128563,26.304,direct
2015,170111,"Açúcar de cana, em bruto",251,França,19468681,16.451,direct
2015,170111,"Açúcar de cana, em bruto",642,Roménia,18481710,15.617,direct
2015,170111,"Açúcar de cana, em bruto",724,Espanha,13850400,11.704,direct
2015,170111,"Açúcar de cana, em bruto",620,Portugal,11340472,9.583,direct
2015,170111,"Açúcar de cana, em bruto",528,Países Baixos,9915645,8.379,direct
2015,170111,"Açúcar de cana, em bruto",842,EUA,7445428,6.291,direct
2015,170111,"Açúcar de cana, em bruto",276,Alemanha,5431428,4.59,direct
2015,240120,Tabaco destalado,56,Bélgica,87797802,30.71,direct
2015,240120,Tabaco destalado,528,Países Baixos,26567037,9.293,direct
2015,240120,Tabaco destalado,643,Rússia,24284842,8.494,direct
2015,240120,Tabaco destalado,616,Polónia,21993294,7.693,direct
2015,240120,Tabaco destalado,792,Turquia,21401829,7.486,direct
2015,240120,Tabaco destalado,440,Lituânia,14794865,5.175,direct
2015,240120,Tabaco destalado,276,Alemanha,13360649,4.673,direct
2015,240120,Tabaco destalado,642,Roménia,13323204,4.66,direct
2015,250590,Areias naturais,344,Hong Kong (RAEHK),3811014,71.14,direct
2015,250590,Areias naturais,156,China,1545927,28.858,direct
2015,250590,Areias naturais,710,África do Sul,57,0.001,direct
2015,250590,Areias naturais,842,EUA,50,0.001,direct
2015,261400,Minério de titânio,842,EUA,23508822,21.348,direct
2015,261400,Minério de titânio,380,Itália,21943428,19.926,direct
2015,261400,Minério de titânio,699,Índia,20073945,18.229,direct
2015,261400,Minério de titânio,268,Georgia,12481716,11.334,direct
2015,261400,Minério de titânio,392,Japão,10521104,9.554,direct
2015,261400,Minério de titânio,826,Reino Unido,6525273,5.925,direct
2015,261400,Minério de titânio,724,Espanha,5226900,4.746,direct
2015,261400,Minério de titânio,246,Finlândia,5022493,4.561,direct
2015,261510,Minério de zircónio,156,China,13998037,37.356,direct
2015,261510,Minério de zircónio,380,Itália,11974080,31.955,direct
2015,261510,Minério de zircónio,699,Índia,4753571,12.686,direct
2015,261510,Minério de zircónio,842,EUA,3896970,10.4,direct
2015,261510,Minério de zircónio,724,Espanha,2849380,7.604,direct
2015,270119,Outros carvões minerais,454,Malawi,2253914,81.794,direct
2015,270119,Outros carvões minerais,716,Zimbabué,497905,18.069,direct
2015,270119,Outros carvões minerais,584,Marshall Isds,3790,0.138,direct
2015,270400,Coque,699,Índia,262645144,69.981,direct
2015,270400,Coque,442,Luxemburgo,46607420,12.418,direct
2015,270400,Coque,702,Singapura,43134984,11.493,direct
2015,270400,Coque,410,Coreia do Sul,22921830,6.107,direct
2015,270400,Coque,710,África do Sul,116,0.0,direct
2015,271019,Gasóleo e combustíveis médios e pesados,710,África do Sul,16586796,57.955,direct
2015,271019,Gasóleo e combustíveis médios e pesados,48,Barém,3757827,13.13,direct
2015,271019,Gasóleo e combustíveis médios e pesados,620,Portugal,2819245,9.851,direct
2015,271019,Gasóleo e combustíveis médios e pesados,842,EUA,1463292,5.113,direct
2015,271019,Gasóleo e combustíveis médios e pesados,716,Zimbabué,1223562,4.275,direct
2015,271019,Gasóleo e combustíveis médios e pesados,591,Panamá,938350,3.279,direct
2015,271019,Gasóleo e combustíveis médios e pesados,454,Malawi,673526,2.353,direct
2015,271019,Gasóleo e combustíveis médios e pesados,178,Congo,540820,1.89,direct
2015,271111,Gás natural liquefeito (GNL),710,África do Sul,231049592,99.999,direct
2015,271111,Gás natural liquefeito (GNL),842,EUA,2060,0.001,direct
2015,271121,Gás natural em estado gasoso,710,África do Sul,27677270,100.0,direct
2015,271600,Energia elétrica,710,África do Sul,195614190,58.917,direct
2015,271600,Energia elétrica,516,Namíbia,69430536,20.912,direct
2015,271600,Energia elétrica,716,Zimbabué,47589316,14.333,direct
2015,271600,Energia elétrica,784,Emirados Árabes Unidos,19384690,5.838,direct
2015,520100,Algodão em fibra,480,Maurícias,8647390,29.868,direct
2015,520100,Algodão em fibra,702,Singapura,5175770,17.877,direct
2015,520100,Algodão em fibra,50,Bangladesh,3871471,13.372,direct
2015,520100,Algodão em fibra,360,Indonésia,3410192,11.779,direct
2015,520100,Algodão em fibra,784,Emirados Árabes Unidos,2857700,9.871,direct
2015,520100,Algodão em fibra,156,China,1704250,5.887,direct
2015,520100,Algodão em fibra,48,Barém,1601820,5.533,direct
2015,520100,Algodão em fibra,704,Vietname,685940,2.369,direct
2015,670490,Perucas e artigos semelhantes,710,África do Sul,16545842,92.357,direct
2015,670490,Perucas e artigos semelhantes,716,Zimbabué,1055441,5.891,direct
2015,670490,Perucas e artigos semelhantes,450,Madagáscar,179466,1.002,direct
2015,670490,Perucas e artigos semelhantes,480,Maurícias,69740,0.389,direct
2015,670490,Perucas e artigos semelhantes,748,Eswatini,64648,0.361,direct
2015,710391,"Rubis, safiras e esmeraldas",702,Singapura,33993816,37.884,direct
2015,710391,"Rubis, safiras e esmeraldas",699,Índia,18010794,20.072,direct
2015,710391,"Rubis, safiras e esmeraldas",764,Tailândia,17467712,19.467,direct
2015,710391,"Rubis, safiras e esmeraldas",344,Hong Kong (RAEHK),14496425,16.155,direct
2015,710391,"Rubis, safiras e esmeraldas",826,Reino Unido,5761043,6.42,direct
2015,710391,"Rubis, safiras e esmeraldas",40,Áustria,530,0.001,direct
2015,710391,"Rubis, safiras e esmeraldas",276,Alemanha,394,0.0,direct
2015,710391,"Rubis, safiras e esmeraldas",251,França,100,0.0,direct
2015,760110,"Alumínio não ligado, em bruto",702,Singapura,59448010,41.477,direct
2015,760110,"Alumínio não ligado, em bruto",826,Reino Unido,47703050,33.283,direct
2015,760110,"Alumínio não ligado, em bruto",380,Itália,31966120,22.303,direct
2015,760110,"Alumínio não ligado, em bruto",276,Alemanha,2105740,1.469,direct
2015,760110,"Alumínio não ligado, em bruto",528,Países Baixos,2103620,1.468,direct
2015,760410,Varões e perfis de alumínio não ligado,528,Países Baixos,908269706,100.0,direct
2015,760429,Varões e perfis de ligas de alumínio,48,Barém,2086240,78.133,direct
2015,760429,Varões e perfis de ligas de alumínio,710,África do Sul,516310,19.337,direct
2015,760429,Varões e perfis de ligas de alumínio,800,Uganda,67580,2.531,direct
2015,760511,Fios de alumínio,710,África do Sul,7099305,50.635,direct
2015,760511,Fios de alumínio,48,Barém,5887540,41.992,direct
2015,760511,Fios de alumínio,716,Zimbabué,833698,5.946,direct
2015,760511,Fios de alumínio,404,Quénia,199990,1.426,direct
2015,999999,Mercadorias não especificadas,156,China,18390,100.0,direct
2015,071390,Outras leguminosas secas,699,Índia,3133110,94.867,mirror
2015,071390,Outras leguminosas secas,784,Emirados Árabes Unidos,108992,3.3,mirror
2015,071390,Outras leguminosas secas,702,Singapura,59646,1.806,mirror
2015,071390,Outras leguminosas secas,156,China,876,0.027,mirror
2015,080131,Castanha de caju com casca,699,Índia,9794045,98.553,mirror
2015,080131,Castanha de caju com casca,48,Barém,93501,0.941,mirror
2015,080131,Castanha de caju com casca,710,África do Sul,50086,0.504,mirror
2015,080131,Castanha de caju com casca,752,Suécia,237,0.002,mirror
2015,120740,Sementes de sésamo (gergelim),156,China,59393688,77.528,mirror
2015,120740,Sementes de sésamo (gergelim),392,Japão,13152577,17.168,mirror
2015,120740,Sementes de sésamo (gergelim),792,Turquia,2000904,2.612,mirror
2015,120740,Sementes de sésamo (gergelim),300,Grécia,799184,1.043,mirror
2015,120740,Sementes de sésamo (gergelim),422,Líbano,426425,0.557,mirror
2015,120740,Sementes de sésamo (gergelim),40,Áustria,341127,0.445,mirror
2015,120740,Sementes de sésamo (gergelim),276,Alemanha,206621,0.27,mirror
2015,120740,Sementes de sésamo (gergelim),710,África do Sul,191564,0.25,mirror
2015,240120,Tabaco destalado,643,Rússia,42626488,16.373,mirror
2015,240120,Tabaco destalado,528,Países Baixos,33384545,12.823,mirror
2015,240120,Tabaco destalado,792,Turquia,31458330,12.083,mirror
2015,240120,Tabaco destalado,616,Polónia,31168296,11.972,mirror
2015,240120,Tabaco destalado,276,Alemanha,18385313,7.062,mirror
2015,240120,Tabaco destalado,804,Ucrânia,17400085,6.683,mirror
2015,240120,Tabaco destalado,620,Portugal,12761386,4.902,mirror
2015,240120,Tabaco destalado,642,Roménia,9569828,3.676,mirror
2015,250590,Areias naturais,156,China,23100,62.738,mirror
2015,250590,Areias naturais,380,Itália,9991,27.134,mirror
2015,250590,Areias naturais,826,Reino Unido,3429,9.313,mirror
2015,250590,Areias naturais,710,África do Sul,280,0.761,mirror
2015,250590,Areias naturais,834,Tanzânia,20,0.054,mirror
2015,261400,Minério de titânio,842,EUA,41448092,38.84,mirror
2015,261400,Minério de titânio,156,China,17968534,16.838,mirror
2015,261400,Minério de titânio,724,Espanha,15011291,14.067,mirror
2015,261400,Minério de titânio,392,Japão,8624261,8.082,mirror
2015,261400,Minério de titânio,699,Índia,7666458,7.184,mirror
2015,261400,Minério de titânio,710,África do Sul,5517937,5.171,mirror
2015,261400,Minério de titânio,705,Eslovénia,5022283,4.706,mirror
2015,261400,Minério de titânio,682,Arábia Saudita,3634144,3.405,mirror
2015,261510,Minério de zircónio,156,China,33829313,54.75,mirror
2015,261510,Minério de zircónio,380,Itália,21702229,35.123,mirror
2015,261510,Minério de zircónio,251,França,3134649,5.073,mirror
2015,261510,Minério de zircónio,724,Espanha,3122657,5.054,mirror
2015,270119,Outros carvões minerais,699,Índia,220789854,89.075,mirror
2015,270119,Outros carvões minerais,251,França,11492873,4.637,mirror
2015,270119,Outros carvões minerais,276,Alemanha,4437248,1.79,mirror
2015,270119,Outros carvões minerais,454,Malawi,4078079,1.645,mirror
2015,270119,Outros carvões minerais,516,Namíbia,2574276,1.039,mirror
2015,270119,Outros carvões minerais,180,RD Congo,2270639,0.916,mirror
2015,270119,Outros carvões minerais,524,Nepal,1646445,0.664,mirror
2015,270119,Outros carvões minerais,716,Zimbabué,573228,0.231,mirror
2015,270400,Coque,36,Austrália,11883,99.919,mirror
2015,270400,Coque,710,África do Sul,10,0.081,mirror
2015,271019,Gasóleo e combustíveis médios e pesados,716,Zimbabué,66256249,99.203,mirror
2015,271019,Gasóleo e combustíveis médios e pesados,178,Congo,529356,0.793,mirror
2015,271019,Gasóleo e combustíveis médios e pesados,752,Suécia,1186,0.002,mirror
2015,271019,Gasóleo e combustíveis médios e pesados,620,Portugal,652,0.001,mirror
2015,271019,Gasóleo e combustíveis médios e pesados,834,Tanzânia,524,0.001,mirror
2015,271019,Gasóleo e combustíveis médios e pesados,404,Quénia,371,0.001,mirror
2015,271019,Gasóleo e combustíveis médios e pesados,454,Malawi,210,0.0,mirror
2015,271019,Gasóleo e combustíveis médios e pesados,458,Malásia,20,0.0,mirror
2015,271111,Gás natural liquefeito (GNL),710,África do Sul,310525479,99.344,mirror
2015,271111,Gás natural liquefeito (GNL),834,Tanzânia,1863720,0.596,mirror
2015,271111,Gás natural liquefeito (GNL),800,Uganda,185548,0.059,mirror
2015,271600,Energia elétrica,710,África do Sul,203230481,73.986,mirror
2015,271600,Energia elétrica,716,Zimbabué,28780797,10.478,mirror
2015,271600,Energia elétrica,894,Zâmbia,20095822,7.316,mirror
2015,271600,Energia elétrica,72,Botsuana,19485971,7.094,mirror
2015,271600,Energia elétrica,426,Lesotho,3093955,1.126,mirror
2015,520100,Algodão em fibra,480,Maurícias,16053114,52.14,mirror
2015,520100,Algodão em fibra,360,Indonésia,5212759,16.931,mirror
2015,520100,Algodão em fibra,50,Bangladesh,3819657,12.406,mirror
2015,520100,Algodão em fibra,156,China,1434471,4.659,mirror
2015,520100,Algodão em fibra,716,Zimbabué,1248355,4.055,mirror
2015,520100,Algodão em fibra,764,Tailândia,747483,2.428,mirror
2015,520100,Algodão em fibra,392,Japão,734810,2.387,mirror
2015,520100,Algodão em fibra,490,Taiwan (Prov. China),725720,2.357,mirror
2015,670490,Perucas e artigos semelhantes,710,África do Sul,23085242,93.043,mirror
2015,670490,Perucas e artigos semelhantes,716,Zimbabué,1435997,5.788,mirror
2015,670490,Perucas e artigos semelhantes,450,Madagáscar,194831,0.785,mirror
2015,670490,Perucas e artigos semelhantes,748,Eswatini,95206,0.384,mirror
2015,710391,"Rubis, safiras e esmeraldas",842,EUA,14507117,39.733,mirror
2015,710391,"Rubis, safiras e esmeraldas",251,França,8813607,24.139,mirror
2015,710391,"Rubis, safiras e esmeraldas",380,Itália,4085488,11.189,mirror
2015,710391,"Rubis, safiras e esmeraldas",757,Suíça,3349378,9.173,mirror
2015,710391,"Rubis, safiras e esmeraldas",392,Japão,2365421,6.478,mirror
2015,710391,"Rubis, safiras e esmeraldas",276,Alemanha,1956252,5.358,mirror
2015,710391,"Rubis, safiras e esmeraldas",156,China,649163,1.778,mirror
2015,710391,"Rubis, safiras e esmeraldas",56,Bélgica,345721,0.947,mirror
2015,760110,"Alumínio não ligado, em bruto",380,Itália,308668465,36.562,mirror
2015,760110,"Alumínio não ligado, em bruto",724,Espanha,125999361,14.925,mirror
2015,760110,"Alumínio não ligado, em bruto",276,Alemanha,89211978,10.567,mirror
2015,760110,"Alumínio não ligado, em bruto",826,Reino Unido,73782258,8.739,mirror
2015,760110,"Alumínio não ligado, em bruto",705,Eslovénia,60437754,7.159,mirror
2015,760110,"Alumínio não ligado, em bruto",251,França,58859398,6.972,mirror
2015,760110,"Alumínio não ligado, em bruto",300,Grécia,26901180,3.186,mirror
2015,760110,"Alumínio não ligado, em bruto",203,Chéquia,23213322,2.75,mirror
2015,760120,"Ligas de alumínio, em bruto",203,Chéquia,12680845,68.537,mirror
2015,760120,"Ligas de alumínio, em bruto",276,Alemanha,5402038,29.197,mirror
2015,760120,"Ligas de alumínio, em bruto",251,França,292735,1.582,mirror
2015,760120,"Ligas de alumínio, em bruto",705,Eslovénia,89306,0.483,mirror
2015,760120,"Ligas de alumínio, em bruto",792,Turquia,37230,0.201,mirror
2015,760120,"Ligas de alumínio, em bruto",528,Países Baixos,4,0.0,mirror
2015,760410,Varões e perfis de alumínio não ligado,203,Chéquia,185797,100.0,mirror
2015,760429,Varões e perfis de ligas de alumínio,246,Finlândia,46866,54.439,mirror
2015,760429,Varões e perfis de ligas de alumínio,894,Zâmbia,39223,45.561,mirror
2015,760511,Fios de alumínio,48,Barém,44292016,61.684,mirror
2015,760511,Fios de alumínio,710,África do Sul,10301955,14.347,mirror
2015,760511,Fios de alumínio,724,Espanha,7677790,10.693,mirror
2015,760511,Fios de alumínio,792,Turquia,5242987,7.302,mirror
2015,760511,Fios de alumínio,404,Quénia,1899667,2.646,mirror
2015,760511,Fios de alumínio,716,Zimbabué,845851,1.178,mirror
2015,760511,Fios de alumínio,834,Tanzânia,711304,0.991,mirror
2015,760511,Fios de alumínio,800,Uganda,516813,0.72,mirror
2015,999999,Mercadorias não especificadas,246,Finlândia,5549174,40.287,mirror
2015,999999,Mercadorias não especificadas,842,EUA,5349715,38.838,mirror
2015,999999,Mercadorias não especificadas,276,Alemanha,690970,5.016,mirror
2015,999999,Mercadorias não especificadas,702,Singapura,607644,4.411,mirror
2015,999999,Mercadorias não especificadas,710,África do Sul,488432,3.546,mirror
2015,999999,Mercadorias não especificadas,716,Zimbabué,362826,2.634,mirror
2015,999999,Mercadorias não especificadas,826,Reino Unido,166751,1.211,mirror
2015,999999,Mercadorias não especificadas,251,França,89115,0.647,mirror
2016,030613,Camarões congelados,620,Portugal,12270978,42.597,direct
2016,030613,Camarões congelados,724,Espanha,7469877,25.931,direct
2016,030613,Camarões congelados,156,China,5573637,19.348,direct
2016,030613,Camarões congelados,764,Tailândia,1281473,4.448,direct
2016,030613,Camarões congelados,251,França,624794,2.169,direct
2016,030613,Camarões congelados,380,Itália,546874,1.898,direct
2016,030613,Camarões congelados,710,África do Sul,459711,1.596,direct
2016,030613,Camarões congelados,276,Alemanha,370464,1.286,direct
2016,071390,Outras leguminosas secas,699,Índia,2544385,96.407,direct
2016,071390,Outras leguminosas secas,156,China,94782,3.591,direct
2016,071390,Outras leguminosas secas,591,Panamá,59,0.002,direct
2016,080131,Castanha de caju com casca,699,Índia,13022697,82.521,direct
2016,080131,Castanha de caju com casca,704,Vietname,2447598,15.51,direct
2016,080131,Castanha de caju com casca,156,China,299474,1.898,direct
2016,080131,Castanha de caju com casca,400,Jordânia,11234,0.071,direct
2016,120740,Sementes de sésamo (gergelim),156,China,5096431,60.95,direct
2016,120740,Sementes de sésamo (gergelim),392,Japão,1659445,19.846,direct
2016,120740,Sementes de sésamo (gergelim),300,Grécia,413884,4.95,direct
2016,120740,Sementes de sésamo (gergelim),699,Índia,379896,4.543,direct
2016,120740,Sementes de sésamo (gergelim),276,Alemanha,376757,4.506,direct
2016,120740,Sementes de sésamo (gergelim),422,Líbano,163080,1.95,direct
2016,120740,Sementes de sésamo (gergelim),710,África do Sul,143696,1.719,direct
2016,120740,Sementes de sésamo (gergelim),344,Hong Kong (RAEHK),77525,0.927,direct
2016,170111,"Açúcar de cana, em bruto",251,França,15743541,34.144,direct
2016,170111,"Açúcar de cana, em bruto",620,Portugal,14754000,31.998,direct
2016,170111,"Açúcar de cana, em bruto",616,Polónia,9048136,19.623,direct
2016,170111,"Açúcar de cana, em bruto",724,Espanha,6192000,13.429,direct
2016,170111,"Açúcar de cana, em bruto",834,Tanzânia,371349,0.805,direct
2016,240120,Tabaco destalado,56,Bélgica,43182462,19.164,direct
2016,240120,Tabaco destalado,792,Turquia,30446127,13.512,direct
2016,240120,Tabaco destalado,804,Ucrânia,23957118,10.632,direct
2016,240120,Tabaco destalado,710,África do Sul,20717910,9.195,direct
2016,240120,Tabaco destalado,616,Polónia,17478726,7.757,direct
2016,240120,Tabaco destalado,528,Países Baixos,16970434,7.531,direct
2016,240120,Tabaco destalado,688,Sérvia,9824522,4.36,direct
2016,240120,Tabaco destalado,643,Rússia,9353584,4.151,direct
2016,250590,Areias naturais,156,China,5878334,97.331,direct
2016,250590,Areias naturais,28,Antigua and Barbuda,139232,2.305,direct
2016,250590,Areias naturais,710,África do Sul,21267,0.352,direct
2016,250590,Areias naturais,699,Índia,548,0.009,direct
2016,250590,Areias naturais,826,Reino Unido,106,0.002,direct
2016,250590,Areias naturais,842,EUA,18,0.0,direct
2016,261400,Minério de titânio,156,China,31930224,22.98,direct
2016,261400,Minério de titânio,724,Espanha,30354238,21.846,direct
2016,261400,Minério de titânio,842,EUA,29401190,21.16,direct
2016,261400,Minério de titânio,246,Finlândia,21304967,15.333,direct
2016,261400,Minério de titânio,392,Japão,9690532,6.974,direct
2016,261400,Minério de titânio,699,Índia,6881127,4.952,direct
2016,261400,Minério de titânio,484,México,3775443,2.717,direct
2016,261400,Minério de titânio,458,Malásia,2927137,2.107,direct
2016,261510,Minério de zircónio,156,China,13639002,37.185,direct
2016,261510,Minério de zircónio,380,Itália,11497802,31.347,direct
2016,261510,Minério de zircónio,251,França,5885184,16.045,direct
2016,261510,Minério de zircónio,528,Países Baixos,3759373,10.249,direct
2016,261510,Minério de zircónio,344,Hong Kong (RAEHK),1516070,4.133,direct
2016,261510,Minério de zircónio,724,Espanha,381710,1.041,direct
2016,270119,Outros carvões minerais,454,Malawi,3463574,55.066,direct
2016,270119,Outros carvões minerais,716,Zimbabué,2826263,44.934,direct
2016,270400,Coque,699,Índia,245257169,94.933,direct
2016,270400,Coque,410,Coreia do Sul,4257948,1.648,direct
2016,270400,Coque,702,Singapura,4061696,1.572,direct
2016,270400,Coque,442,Luxemburgo,3996932,1.547,direct
2016,270400,Coque,784,Emirados Árabes Unidos,770760,0.298,direct
2016,270400,Coque,710,África do Sul,3439,0.001,direct
2016,271019,Gasóleo e combustíveis médios e pesados,702,Singapura,2171041,22.917,direct
2016,271019,Gasóleo e combustíveis médios e pesados,380,Itália,2066104,21.809,direct
2016,271019,Gasóleo e combustíveis médios e pesados,404,Quénia,883956,9.331,direct
2016,271019,Gasóleo e combustíveis médios e pesados,454,Malawi,869637,9.18,direct
2016,271019,Gasóleo e combustíveis médios e pesados,100,Bulgária,773402,8.164,direct
2016,271019,Gasóleo e combustíveis médios e pesados,716,Zimbabué,653773,6.901,direct
2016,271019,Gasóleo e combustíveis médios e pesados,178,Congo,610280,6.442,direct
2016,271019,Gasóleo e combustíveis médios e pesados,784,Emirados Árabes Unidos,599700,6.33,direct
2016,271111,Gás natural liquefeito (GNL),710,África do Sul,220303716,99.444,direct
2016,271111,Gás natural liquefeito (GNL),748,Eswatini,1231516,0.556,direct
2016,271121,Gás natural em estado gasoso,710,África do Sul,56952475,100.0,direct
2016,271600,Energia elétrica,710,África do Sul,276436443,72.78,direct
2016,271600,Energia elétrica,894,Zâmbia,47087818,12.397,direct
2016,271600,Energia elétrica,716,Zimbabué,27189286,7.158,direct
2016,271600,Energia elétrica,72,Botsuana,21897382,5.765,direct
2016,271600,Energia elétrica,426,Lesotho,5104396,1.344,direct
2016,271600,Energia elétrica,748,Eswatini,1755928,0.462,direct
2016,271600,Energia elétrica,516,Namíbia,355405,0.094,direct
2016,380290,Produtos minerais ativados,699,Índia,354872207,78.077,direct
2016,380290,Produtos minerais ativados,156,China,29546672,6.501,direct
2016,380290,Produtos minerais ativados,490,Taiwan (Prov. China),25929069,5.705,direct
2016,380290,Produtos minerais ativados,392,Japão,17925917,3.944,direct
2016,380290,Produtos minerais ativados,702,Singapura,14904713,3.279,direct
2016,380290,Produtos minerais ativados,251,França,10980855,2.416,direct
2016,380290,Produtos minerais ativados,757,Suíça,358506,0.079,direct
2016,520100,Algodão em fibra,480,Maurícias,7250324,54.874,direct
2016,520100,Algodão em fibra,360,Indonésia,1961721,14.847,direct
2016,520100,Algodão em fibra,702,Singapura,1545052,11.694,direct
2016,520100,Algodão em fibra,156,China,968590,7.331,direct
2016,520100,Algodão em fibra,699,Índia,619253,4.687,direct
2016,520100,Algodão em fibra,50,Bangladesh,507984,3.845,direct
2016,520100,Algodão em fibra,784,Emirados Árabes Unidos,339080,2.566,direct
2016,520100,Algodão em fibra,710,África do Sul,20676,0.156,direct
2016,670490,Perucas e artigos semelhantes,710,África do Sul,14168242,92.0,direct
2016,670490,Perucas e artigos semelhantes,716,Zimbabué,728745,4.732,direct
2016,670490,Perucas e artigos semelhantes,450,Madagáscar,377382,2.45,direct
2016,670490,Perucas e artigos semelhantes,748,Eswatini,93716,0.609,direct
2016,670490,Perucas e artigos semelhantes,246,Finlândia,32156,0.209,direct
2016,710391,"Rubis, safiras e esmeraldas",344,Hong Kong (RAEHK),56078857,55.756,direct
2016,710391,"Rubis, safiras e esmeraldas",699,Índia,28017759,27.857,direct
2016,710391,"Rubis, safiras e esmeraldas",764,Tailândia,15787872,15.697,direct
2016,710391,"Rubis, safiras e esmeraldas",702,Singapura,456602,0.454,direct
2016,710391,"Rubis, safiras e esmeraldas",144,Sri Lanka,131603,0.131,direct
2016,710391,"Rubis, safiras e esmeraldas",156,China,60271,0.06,direct
2016,710391,"Rubis, safiras e esmeraldas",842,EUA,45381,0.045,direct
2016,760110,"Alumínio não ligado, em bruto",528,Países Baixos,344541921,67.872,direct
2016,760110,"Alumínio não ligado, em bruto",702,Singapura,84669450,16.679,direct
2016,760110,"Alumínio não ligado, em bruto",826,Reino Unido,46594940,9.179,direct
2016,760110,"Alumínio não ligado, em bruto",380,Itália,19555499,3.852,direct
2016,760110,"Alumínio não ligado, em bruto",724,Espanha,9395937,1.851,direct
2016,760110,"Alumínio não ligado, em bruto",56,Bélgica,1437908,0.283,direct
2016,760110,"Alumínio não ligado, em bruto",276,Alemanha,1437908,0.283,direct
2016,760120,"Ligas de alumínio, em bruto",792,Turquia,39744,100.0,direct
2016,760410,Varões e perfis de alumínio não ligado,528,Países Baixos,334172620,99.996,direct
2016,760410,Varões e perfis de alumínio não ligado,716,Zimbabué,11131,0.003,direct
2016,760410,Varões e perfis de alumínio não ligado,784,Emirados Árabes Unidos,738,0.0,direct
2016,760511,Fios de alumínio,710,África do Sul,16264785,37.137,direct
2016,760511,Fios de alumínio,724,Espanha,11254041,25.696,direct
2016,760511,Fios de alumínio,792,Turquia,4466221,10.198,direct
2016,760511,Fios de alumínio,404,Quénia,3008045,6.868,direct
2016,760511,Fios de alumínio,826,Reino Unido,2854852,6.518,direct
2016,760511,Fios de alumínio,48,Barém,1879826,4.292,direct
2016,760511,Fios de alumínio,842,EUA,1418940,3.24,direct
2016,760511,Fios de alumínio,380,Itália,490392,1.12,direct
2016,071390,Outras leguminosas secas,699,Índia,4476331,86.755,mirror
2016,071390,Outras leguminosas secas,784,Emirados Árabes Unidos,372509,7.22,mirror
2016,071390,Outras leguminosas secas,458,Malásia,310890,6.025,mirror
2016,080131,Castanha de caju com casca,699,Índia,28405041,75.49,mirror
2016,080131,Castanha de caju com casca,704,Vietname,9031816,24.003,mirror
2016,080131,Castanha de caju com casca,710,África do Sul,167449,0.445,mirror
2016,080131,Castanha de caju com casca,400,Jordânia,12359,0.033,mirror
2016,080131,Castanha de caju com casca,512,Omã,6221,0.017,mirror
2016,080131,Castanha de caju com casca,48,Barém,4732,0.013,mirror
2016,080131,Castanha de caju com casca,752,Suécia,117,0.0,mirror
2016,120740,Sementes de sésamo (gergelim),156,China,37703494,74.056,mirror
2016,120740,Sementes de sésamo (gergelim),392,Japão,9647768,18.95,mirror
2016,120740,Sementes de sésamo (gergelim),300,Grécia,879054,1.727,mirror
2016,120740,Sementes de sésamo (gergelim),792,Turquia,817107,1.605,mirror
2016,120740,Sementes de sésamo (gergelim),422,Líbano,537207,1.055,mirror
2016,120740,Sementes de sésamo (gergelim),710,África do Sul,310947,0.611,mirror
2016,120740,Sementes de sésamo (gergelim),40,Áustria,262042,0.515,mirror
2016,120740,Sementes de sésamo (gergelim),276,Alemanha,244973,0.481,mirror
2016,240120,Tabaco destalado,792,Turquia,57835325,22.338,mirror
2016,240120,Tabaco destalado,616,Polónia,37656378,14.544,mirror
2016,240120,Tabaco destalado,643,Rússia,31497162,12.165,mirror
2016,240120,Tabaco destalado,528,Países Baixos,26731067,10.325,mirror
2016,240120,Tabaco destalado,276,Alemanha,14929693,5.766,mirror
2016,240120,Tabaco destalado,642,Roménia,11118398,4.294,mirror
2016,240120,Tabaco destalado,32,Argentina,10922162,4.219,mirror
2016,240120,Tabaco destalado,804,Ucrânia,10215574,3.946,mirror
2016,250590,Areias naturais,380,Itália,6321,80.101,mirror
2016,250590,Areias naturais,156,China,1053,13.343,mirror
2016,250590,Areias naturais,710,África do Sul,517,6.556,mirror
2016,261400,Minério de titânio,156,China,42826513,40.926,mirror
2016,261400,Minério de titânio,842,EUA,29284964,27.986,mirror
2016,261400,Minério de titânio,724,Espanha,12124419,11.586,mirror
2016,261400,Minério de titânio,699,Índia,8805489,8.415,mirror
2016,261400,Minério de titânio,458,Malásia,5162234,4.933,mirror
2016,261400,Minério de titânio,392,Japão,2918612,2.789,mirror
2016,261400,Minério de titânio,705,Eslovénia,1811948,1.732,mirror
2016,261400,Minério de titânio,380,Itália,1606646,1.535,mirror
2016,261510,Minério de zircónio,156,China,41599899,64.235,mirror
2016,261510,Minério de zircónio,380,Itália,17861494,27.58,mirror
2016,261510,Minério de zircónio,251,França,4098939,6.329,mirror
2016,261510,Minério de zircónio,528,Países Baixos,1201251,1.855,mirror
2016,270119,Outros carvões minerais,699,Índia,218762259,72.195,mirror
2016,270119,Outros carvões minerais,528,Países Baixos,28728332,9.481,mirror
2016,270119,Outros carvões minerais,251,França,13472110,4.446,mirror
2016,270119,Outros carvões minerais,704,Vietname,11598136,3.828,mirror
2016,270119,Outros carvões minerais,784,Emirados Árabes Unidos,7284446,2.404,mirror
2016,270119,Outros carvões minerais,76,Brasil,5713349,1.885,mirror
2016,270119,Outros carvões minerais,276,Alemanha,4300191,1.419,mirror
2016,270119,Outros carvões minerais,454,Malawi,4155450,1.371,mirror
2016,270400,Coque,818,Egito,2368786,99.986,mirror
2016,270400,Coque,454,Malawi,321,0.014,mirror
2016,271019,Gasóleo e combustíveis médios e pesados,716,Zimbabué,63284401,98.749,mirror
2016,271019,Gasóleo e combustíveis médios e pesados,894,Zâmbia,786750,1.228,mirror
2016,271019,Gasóleo e combustíveis médios e pesados,454,Malawi,7863,0.012,mirror
2016,271019,Gasóleo e combustíveis médios e pesados,710,África do Sul,5751,0.009,mirror
2016,271019,Gasóleo e combustíveis médios e pesados,620,Portugal,824,0.001,mirror
2016,271019,Gasóleo e combustíveis médios e pesados,834,Tanzânia,721,0.001,mirror
2016,271111,Gás natural liquefeito (GNL),710,África do Sul,212545604,100.0,mirror
2016,271121,Gás natural em estado gasoso,180,RD Congo,44626,100.0,mirror
2016,271600,Energia elétrica,710,África do Sul,180810722,44.294,mirror
2016,271600,Energia elétrica,894,Zâmbia,134224777,32.882,mirror
2016,271600,Energia elétrica,72,Botsuana,49275101,12.071,mirror
2016,271600,Energia elétrica,716,Zimbabué,32787876,8.032,mirror
2016,271600,Energia elétrica,426,Lesotho,11106886,2.721,mirror
2016,520100,Algodão em fibra,480,Maurícias,10147208,35.131,mirror
2016,520100,Algodão em fibra,50,Bangladesh,6363450,22.031,mirror
2016,520100,Algodão em fibra,360,Indonésia,4120128,14.264,mirror
2016,520100,Algodão em fibra,699,Índia,4065357,14.075,mirror
2016,520100,Algodão em fibra,704,Vietname,1916959,6.637,mirror
2016,520100,Algodão em fibra,764,Tailândia,1679216,5.814,mirror
2016,520100,Algodão em fibra,156,China,442554,1.532,mirror
2016,520100,Algodão em fibra,620,Portugal,149433,0.517,mirror
2016,670490,Perucas e artigos semelhantes,710,África do Sul,27779585,96.382,mirror
2016,670490,Perucas e artigos semelhantes,716,Zimbabué,774448,2.687,mirror
2016,670490,Perucas e artigos semelhantes,450,Madagáscar,164894,0.572,mirror
2016,670490,Perucas e artigos semelhantes,748,Eswatini,103311,0.358,mirror
2016,670490,Perucas e artigos semelhantes,757,Suíça,82,0.0,mirror
2016,670490,Perucas e artigos semelhantes,894,Zâmbia,11,0.0,mirror
2016,710391,"Rubis, safiras e esmeraldas",251,França,31387447,37.666,mirror
2016,710391,"Rubis, safiras e esmeraldas",842,EUA,21633347,25.961,mirror
2016,710391,"Rubis, safiras e esmeraldas",757,Suíça,15449553,18.54,mirror
2016,710391,"Rubis, safiras e esmeraldas",490,Taiwan (Prov. China),3263311,3.916,mirror
2016,710391,"Rubis, safiras e esmeraldas",380,Itália,2990065,3.588,mirror
2016,710391,"Rubis, safiras e esmeraldas",276,Alemanha,2955704,3.547,mirror
2016,710391,"Rubis, safiras e esmeraldas",392,Japão,2044529,2.454,mirror
2016,710391,"Rubis, safiras e esmeraldas",702,Singapura,1220283,1.464,mirror
2016,760110,"Alumínio não ligado, em bruto",380,Itália,343433646,41.885,mirror
2016,760110,"Alumínio não ligado, em bruto",724,Espanha,118385357,14.438,mirror
2016,760110,"Alumínio não ligado, em bruto",276,Alemanha,72620913,8.857,mirror
2016,760110,"Alumínio não ligado, em bruto",826,Reino Unido,61194107,7.463,mirror
2016,760110,"Alumínio não ligado, em bruto",251,França,46560061,5.678,mirror
2016,760110,"Alumínio não ligado, em bruto",528,Países Baixos,44188281,5.389,mirror
2016,760110,"Alumínio não ligado, em bruto",705,Eslovénia,42652861,5.202,mirror
2016,760110,"Alumínio não ligado, em bruto",100,Bulgária,39467477,4.813,mirror
2016,760120,"Ligas de alumínio, em bruto",203,Chéquia,8747479,54.356,mirror
2016,760120,"Ligas de alumínio, em bruto",616,Polónia,4788806,29.757,mirror
2016,760120,"Ligas de alumínio, em bruto",276,Alemanha,1998799,12.42,mirror
2016,760120,"Ligas de alumínio, em bruto",705,Eslovénia,244796,1.521,mirror
2016,760120,"Ligas de alumínio, em bruto",792,Turquia,171356,1.065,mirror
2016,760120,"Ligas de alumínio, em bruto",40,Áustria,141675,0.88,mirror
2016,760120,"Ligas de alumínio, em bruto",748,Eswatini,87,0.001,mirror
2016,760410,Varões e perfis de alumínio não ligado,566,Nigéria,112486,72.515,mirror
2016,760410,Varões e perfis de alumínio não ligado,716,Zimbabué,42635,27.485,mirror
2016,760429,Varões e perfis de ligas de alumínio,24,Angola,8415,100.0,mirror
2016,760511,Fios de alumínio,710,África do Sul,31183273,32.425,mirror
2016,760511,Fios de alumínio,792,Turquia,23680312,24.623,mirror
2016,760511,Fios de alumínio,724,Espanha,21423133,22.276,mirror
2016,760511,Fios de alumínio,842,EUA,6525738,6.786,mirror
2016,760511,Fios de alumínio,404,Quénia,3466559,3.605,mirror
2016,760511,Fios de alumínio,251,França,2844421,2.958,mirror
2016,760511,Fios de alumínio,894,Zâmbia,2340285,2.433,mirror
2016,760511,Fios de alumínio,380,Itália,1441631,1.499,mirror
2016,999999,Mercadorias não especificadas,246,Finlândia,2463601,26.874,mirror
2016,999999,Mercadorias não especificadas,842,EUA,2111325,23.031,mirror
2016,999999,Mercadorias não especificadas,276,Alemanha,996481,10.87,mirror
2016,999999,Mercadorias não especificadas,710,África do Sul,891533,9.725,mirror
2016,999999,Mercadorias não especificadas,688,Sérvia,797204,8.696,mirror
2016,999999,Mercadorias não especificadas,380,Itália,589326,6.429,mirror
2016,999999,Mercadorias não especificadas,208,Dinamarca,247938,2.705,mirror
2016,999999,Mercadorias não especificadas,716,Zimbabué,212541,2.319,mirror
2017,071390,Outras leguminosas secas,699,Índia,2901135,45.904,direct
2017,071390,Outras leguminosas secas,716,Zimbabué,1082145,17.123,direct
2017,071390,Outras leguminosas secas,454,Malawi,827744,13.097,direct
2017,071390,Outras leguminosas secas,784,Emirados Árabes Unidos,620982,9.826,direct
2017,071390,Outras leguminosas secas,586,Paquistão,505382,7.997,direct
2017,071390,Outras leguminosas secas,392,Japão,382450,6.051,direct
2017,071390,Outras leguminosas secas,584,Marshall Isds,114,0.002,direct
2017,071390,Outras leguminosas secas,591,Panamá,8,0.0,direct
2017,080131,Castanha de caju com casca,699,Índia,19301352,61.548,direct
2017,080131,Castanha de caju com casca,704,Vietname,11292384,36.009,direct
2017,080131,Castanha de caju com casca,710,África do Sul,450766,1.437,direct
2017,080131,Castanha de caju com casca,156,China,168908,0.539,direct
2017,080131,Castanha de caju com casca,50,Bangladesh,146475,0.467,direct
2017,120740,Sementes de sésamo (gergelim),156,China,5626683,61.787,direct
2017,120740,Sementes de sésamo (gergelim),392,Japão,1122199,12.323,direct
2017,120740,Sementes de sésamo (gergelim),792,Turquia,1120800,12.308,direct
2017,120740,Sementes de sésamo (gergelim),699,Índia,834667,9.166,direct
2017,120740,Sementes de sésamo (gergelim),276,Alemanha,175254,1.924,direct
2017,120740,Sementes de sésamo (gergelim),616,Polónia,118330,1.299,direct
2017,120740,Sementes de sésamo (gergelim),710,África do Sul,42273,0.464,direct
2017,120740,Sementes de sésamo (gergelim),300,Grécia,39915,0.438,direct
2017,240120,Tabaco destalado,56,Bélgica,77094998,38.03,direct
2017,240120,Tabaco destalado,380,Itália,18506782,9.129,direct
2017,240120,Tabaco destalado,716,Zimbabué,17769454,8.765,direct
2017,240120,Tabaco destalado,792,Turquia,15805536,7.797,direct
2017,240120,Tabaco destalado,710,África do Sul,14639818,7.222,direct
2017,240120,Tabaco destalado,616,Polónia,8540507,4.213,direct
2017,240120,Tabaco destalado,688,Sérvia,7161196,3.532,direct
2017,240120,Tabaco destalado,528,Países Baixos,6988286,3.447,direct
2017,250590,Areias naturais,156,China,14619052,99.996,direct
2017,250590,Areias naturais,699,Índia,421,0.003,direct
2017,250590,Areias naturais,710,África do Sul,142,0.001,direct
2017,250590,Areias naturais,792,Turquia,1,0.0,direct
2017,261400,Minério de titânio,156,China,156548154,100.0,direct
2017,261510,Minério de zircónio,380,Itália,50964895,100.0,direct
2017,270119,Outros carvões minerais,699,Índia,64460387,34.883,direct
2017,270119,Outros carvões minerais,784,Emirados Árabes Unidos,40252474,21.783,direct
2017,270119,Outros carvões minerais,710,África do Sul,19587563,10.6,direct
2017,270119,Outros carvões minerais,616,Polónia,11409943,6.175,direct
2017,270119,Outros carvões minerais,251,França,10594947,5.733,direct
2017,270119,Outros carvões minerais,392,Japão,10105949,5.469,direct
2017,270119,Outros carvões minerais,36,Austrália,9453953,5.116,direct
2017,270119,Outros carvões minerais,842,EUA,7300795,3.951,direct
2017,270400,Coque,699,Índia,1499063388,99.781,direct
2017,270400,Coque,784,Emirados Árabes Unidos,1718910,0.114,direct
2017,270400,Coque,710,África do Sul,1567727,0.104,direct
2017,271019,Gasóleo e combustíveis médios e pesados,702,Singapura,6238291,32.977,direct
2017,271019,Gasóleo e combustíveis médios e pesados,899,"Areas, nes",3320131,17.551,direct
2017,271019,Gasóleo e combustíveis médios e pesados,784,Emirados Árabes Unidos,1839728,9.725,direct
2017,271019,Gasóleo e combustíveis médios e pesados,710,África do Sul,1131852,5.983,direct
2017,271019,Gasóleo e combustíveis médios e pesados,300,Grécia,1056690,5.586,direct
2017,271019,Gasóleo e combustíveis médios e pesados,454,Malawi,958925,5.069,direct
2017,271019,Gasóleo e combustíveis médios e pesados,404,Quénia,843740,4.46,direct
2017,271019,Gasóleo e combustíveis médios e pesados,634,Catar,747577,3.952,direct
2017,271111,Gás natural liquefeito (GNL),710,África do Sul,229643171,98.124,direct
2017,271111,Gás natural liquefeito (GNL),757,Suíça,2426816,1.037,direct
2017,271111,Gás natural liquefeito (GNL),784,Emirados Árabes Unidos,1963672,0.839,direct
2017,271111,Gás natural liquefeito (GNL),842,EUA,60,0.0,direct
2017,271121,Gás natural em estado gasoso,710,África do Sul,125498478,100.0,direct
2017,271121,Gás natural em estado gasoso,842,EUA,61,0.0,direct
2017,271121,Gás natural em estado gasoso,826,Reino Unido,16,0.0,direct
2017,271121,Gás natural em estado gasoso,251,França,6,0.0,direct
2017,271600,Energia elétrica,710,África do Sul,297983319,82.592,direct
2017,271600,Energia elétrica,716,Zimbabué,23470694,6.505,direct
2017,271600,Energia elétrica,899,"Areas, nes",14541036,4.03,direct
2017,271600,Energia elétrica,72,Botsuana,11301041,3.132,direct
2017,271600,Energia elétrica,426,Lesotho,9175893,2.543,direct
2017,271600,Energia elétrica,894,Zâmbia,4314390,1.196,direct
2017,271600,Energia elétrica,748,Eswatini,1124,0.0,direct
2017,380290,Produtos minerais ativados,710,África do Sul,26,100.0,direct
2017,520100,Algodão em fibra,480,Maurícias,2775997,34.278,direct
2017,520100,Algodão em fibra,702,Singapura,2617336,32.319,direct
2017,520100,Algodão em fibra,710,África do Sul,1411681,17.431,direct
2017,520100,Algodão em fibra,156,China,1293441,15.971,direct
2017,670490,Perucas e artigos semelhantes,710,África do Sul,2789142,84.951,direct
2017,670490,Perucas e artigos semelhantes,450,Madagáscar,312152,9.507,direct
2017,670490,Perucas e artigos semelhantes,748,Eswatini,112530,3.427,direct
2017,670490,Perucas e artigos semelhantes,716,Zimbabué,69418,2.114,direct
2017,710391,"Rubis, safiras e esmeraldas",344,Hong Kong (RAEHK),81622721,84.276,direct
2017,710391,"Rubis, safiras e esmeraldas",764,Tailândia,8113339,8.377,direct
2017,710391,"Rubis, safiras e esmeraldas",699,Índia,4690642,4.843,direct
2017,710391,"Rubis, safiras e esmeraldas",842,EUA,1618569,1.671,direct
2017,710391,"Rubis, safiras e esmeraldas",702,Singapura,654242,0.676,direct
2017,710391,"Rubis, safiras e esmeraldas",579,Noruega,87730,0.091,direct
2017,710391,"Rubis, safiras e esmeraldas",156,China,40676,0.042,direct
2017,710391,"Rubis, safiras e esmeraldas",480,Maurícias,16764,0.017,direct
2017,760110,"Alumínio não ligado, em bruto",826,Reino Unido,191663411,27.396,direct
2017,760110,"Alumínio não ligado, em bruto",380,Itália,189785416,27.127,direct
2017,760110,"Alumínio não ligado, em bruto",702,Singapura,130302067,18.625,direct
2017,760110,"Alumínio não ligado, em bruto",528,Países Baixos,64320250,9.194,direct
2017,760110,"Alumínio não ligado, em bruto",724,Espanha,40720421,5.82,direct
2017,760110,"Alumínio não ligado, em bruto",705,Eslovénia,23781307,3.399,direct
2017,760110,"Alumínio não ligado, em bruto",100,Bulgária,16107733,2.302,direct
2017,760110,"Alumínio não ligado, em bruto",56,Bélgica,10405682,1.487,direct
2017,760120,"Ligas de alumínio, em bruto",792,Turquia,26250,86.36,direct
2017,760120,"Ligas de alumínio, em bruto",408,Coreia do Norte,3965,13.043,direct
2017,760120,"Ligas de alumínio, em bruto",710,África do Sul,181,0.597,direct
2017,760410,Varões e perfis de alumínio não ligado,528,Países Baixos,393538634,99.997,direct
2017,760410,Varões e perfis de alumínio não ligado,784,Emirados Árabes Unidos,8604,0.002,direct
2017,760410,Varões e perfis de alumínio não ligado,710,África do Sul,1994,0.001,direct
2017,760429,Varões e perfis de ligas de alumínio,792,Turquia,2247539,99.997,direct
2017,760429,Varões e perfis de ligas de alumínio,710,África do Sul,56,0.002,direct
2017,760429,Varões e perfis de ligas de alumínio,784,Emirados Árabes Unidos,16,0.001,direct
2017,760511,Fios de alumínio,724,Espanha,37256518,39.72,direct
2017,760511,Fios de alumínio,792,Turquia,8859173,9.445,direct
2017,760511,Fios de alumínio,380,Itália,6955625,7.416,direct
2017,760511,Fios de alumínio,826,Reino Unido,6592773,7.029,direct
2017,760511,Fios de alumínio,710,África do Sul,6212366,6.623,direct
2017,760511,Fios de alumínio,842,EUA,5122157,5.461,direct
2017,760511,Fios de alumínio,404,Quénia,4934780,5.261,direct
2017,760511,Fios de alumínio,48,Barém,4577290,4.88,direct
2017,999999,Mercadorias não especificadas,710,África do Sul,57008254,53.394,direct
2017,999999,Mercadorias não especificadas,156,China,13707805,12.839,direct
2017,999999,Mercadorias não especificadas,642,Roménia,7863477,7.365,direct
2017,999999,Mercadorias não especificadas,616,Polónia,7194245,6.738,direct
2017,999999,Mercadorias não especificadas,620,Portugal,7062365,6.615,direct
2017,999999,Mercadorias não especificadas,842,EUA,2921845,2.737,direct
2017,999999,Mercadorias não especificadas,454,Malawi,2344028,2.195,direct
2017,999999,Mercadorias não especificadas,208,Dinamarca,1319986,1.236,direct
2017,071390,Outras leguminosas secas,699,Índia,4806479,82.394,mirror
2017,071390,Outras leguminosas secas,586,Paquistão,387497,6.643,mirror
2017,071390,Outras leguminosas secas,784,Emirados Árabes Unidos,325410,5.578,mirror
2017,071390,Outras leguminosas secas,458,Malásia,165906,2.844,mirror
2017,071390,Outras leguminosas secas,634,Catar,112867,1.935,mirror
2017,071390,Outras leguminosas secas,512,Omã,35376,0.606,mirror
2017,080131,Castanha de caju com casca,699,Índia,96266769,63.454,mirror
2017,080131,Castanha de caju com casca,704,Vietname,53007404,34.94,mirror
2017,080131,Castanha de caju com casca,710,África do Sul,1708861,1.126,mirror
2017,080131,Castanha de caju com casca,144,Sri Lanka,637267,0.42,mirror
2017,080131,Castanha de caju com casca,818,Egito,86651,0.057,mirror
2017,080131,Castanha de caju com casca,748,Eswatini,2591,0.002,mirror
2017,080131,Castanha de caju com casca,454,Malawi,693,0.0,mirror
2017,120740,Sementes de sésamo (gergelim),156,China,35675365,64.159,mirror
2017,120740,Sementes de sésamo (gergelim),392,Japão,8692761,15.633,mirror
2017,120740,Sementes de sésamo (gergelim),792,Turquia,6323362,11.372,mirror
2017,120740,Sementes de sésamo (gergelim),616,Polónia,1719904,3.093,mirror
2017,120740,Sementes de sésamo (gergelim),276,Alemanha,959798,1.726,mirror
2017,120740,Sementes de sésamo (gergelim),300,Grécia,899493,1.618,mirror
2017,120740,Sementes de sésamo (gergelim),40,Áustria,559141,1.006,mirror
2017,120740,Sementes de sésamo (gergelim),710,África do Sul,345003,0.62,mirror
2017,240120,Tabaco destalado,792,Turquia,38218628,16.945,mirror
2017,240120,Tabaco destalado,616,Polónia,35326064,15.663,mirror
2017,240120,Tabaco destalado,528,Países Baixos,27488837,12.188,mirror
2017,240120,Tabaco destalado,643,Rússia,18570211,8.234,mirror
2017,240120,Tabaco destalado,276,Alemanha,12645359,5.607,mirror
2017,240120,Tabaco destalado,804,Ucrânia,12433607,5.513,mirror
2017,240120,Tabaco destalado,688,Sérvia,11775242,5.221,mirror
2017,240120,Tabaco destalado,826,Reino Unido,11428411,5.067,mirror
2017,250590,Areias naturais,710,África do Sul,1353,49.544,mirror
2017,250590,Areias naturais,792,Turquia,952,34.866,mirror
2017,250590,Areias naturais,699,Índia,426,15.59,mirror
2017,261400,Minério de titânio,156,China,93674455,53.563,mirror
2017,261400,Minério de titânio,842,EUA,30280757,17.314,mirror
2017,261400,Minério de titânio,699,Índia,16454268,9.408,mirror
2017,261400,Minério de titânio,724,Espanha,15845708,9.061,mirror
2017,261400,Minério de titânio,392,Japão,10854945,6.207,mirror
2017,261400,Minério de titânio,705,Eslovénia,5145625,2.942,mirror
2017,261400,Minério de titânio,458,Malásia,2603803,1.489,mirror
2017,261400,Minério de titânio,504,Marrocos,27606,0.016,mirror
2017,261510,Minério de zircónio,156,China,47050671,63.205,mirror
2017,261510,Minério de zircónio,380,Itália,18792683,25.245,mirror
2017,261510,Minério de zircónio,724,Espanha,4668657,6.272,mirror
2017,261510,Minério de zircónio,251,França,3929348,5.278,mirror
2017,270119,Outros carvões minerais,699,Índia,733116513,73.291,mirror
2017,270119,Outros carvões minerais,784,Emirados Árabes Unidos,77937902,7.792,mirror
2017,270119,Outros carvões minerais,528,Países Baixos,73228905,7.321,mirror
2017,270119,Outros carvões minerais,251,França,51032372,5.102,mirror
2017,270119,Outros carvões minerais,76,Brasil,27331595,2.732,mirror
2017,270119,Outros carvões minerais,768,Togo,9288570,0.929,mirror
2017,270119,Outros carvões minerais,704,Vietname,5581210,0.558,mirror
2017,270119,Outros carvões minerais,104,Myanmar,3501000,0.35,mirror
2017,270400,Coque,818,Egito,6102451,100.0,mirror
2017,271019,Gasóleo e combustíveis médios e pesados,716,Zimbabué,29006282,99.934,mirror
2017,271019,Gasóleo e combustíveis médios e pesados,454,Malawi,15847,0.055,mirror
2017,271019,Gasóleo e combustíveis médios e pesados,620,Portugal,3001,0.01,mirror
2017,271019,Gasóleo e combustíveis médios e pesados,562,Niger,413,0.001,mirror
2017,271019,Gasóleo e combustíveis médios e pesados,710,África do Sul,11,0.0,mirror
2017,271019,Gasóleo e combustíveis médios e pesados,834,Tanzânia,5,0.0,mirror
2017,271111,Gás natural liquefeito (GNL),710,África do Sul,251777041,99.993,mirror
2017,271111,Gás natural liquefeito (GNL),716,Zimbabué,18436,0.007,mirror
2017,271600,Energia elétrica,710,África do Sul,161143357,77.832,mirror
2017,271600,Energia elétrica,716,Zimbabué,31932102,15.423,mirror
2017,271600,Energia elétrica,426,Lesotho,10049797,4.854,mirror
2017,271600,Energia elétrica,894,Zâmbia,3914534,1.891,mirror
2017,520100,Algodão em fibra,480,Maurícias,9932227,42.821,mirror
2017,520100,Algodão em fibra,50,Bangladesh,6442421,27.775,mirror
2017,520100,Algodão em fibra,360,Indonésia,2789488,12.026,mirror
2017,520100,Algodão em fibra,710,África do Sul,2477350,10.681,mirror
2017,520100,Algodão em fibra,620,Portugal,396998,1.712,mirror
2017,520100,Algodão em fibra,704,Vietname,389265,1.678,mirror
2017,520100,Algodão em fibra,156,China,337275,1.454,mirror
2017,520100,Algodão em fibra,699,Índia,304543,1.313,mirror
2017,670490,Perucas e artigos semelhantes,710,África do Sul,31192327,99.194,mirror
2017,670490,Perucas e artigos semelhantes,748,Eswatini,157918,0.502,mirror
2017,670490,Perucas e artigos semelhantes,450,Madagáscar,82701,0.263,mirror
2017,670490,Perucas e artigos semelhantes,716,Zimbabué,12524,0.04,mirror
2017,670490,Perucas e artigos semelhantes,454,Malawi,360,0.001,mirror
2017,710391,"Rubis, safiras e esmeraldas",251,França,40492644,37.566,mirror
2017,710391,"Rubis, safiras e esmeraldas",842,EUA,38659465,35.865,mirror
2017,710391,"Rubis, safiras e esmeraldas",757,Suíça,14426431,13.384,mirror
2017,710391,"Rubis, safiras e esmeraldas",276,Alemanha,4640582,4.305,mirror
2017,710391,"Rubis, safiras e esmeraldas",380,Itália,3467827,3.217,mirror
2017,710391,"Rubis, safiras e esmeraldas",784,Emirados Árabes Unidos,2011346,1.866,mirror
2017,710391,"Rubis, safiras e esmeraldas",764,Tailândia,1060737,0.984,mirror
2017,710391,"Rubis, safiras e esmeraldas",392,Japão,965711,0.896,mirror
2017,760110,"Alumínio não ligado, em bruto",380,Itália,380163966,39.799,mirror
2017,760110,"Alumínio não ligado, em bruto",724,Espanha,173303684,18.143,mirror
2017,760110,"Alumínio não ligado, em bruto",276,Alemanha,98520983,10.314,mirror
2017,760110,"Alumínio não ligado, em bruto",826,Reino Unido,78912488,8.261,mirror
2017,760110,"Alumínio não ligado, em bruto",528,Países Baixos,63425647,6.64,mirror
2017,760110,"Alumínio não ligado, em bruto",705,Eslovénia,61427454,6.431,mirror
2017,760110,"Alumínio não ligado, em bruto",203,Chéquia,32614691,3.414,mirror
2017,760110,"Alumínio não ligado, em bruto",251,França,28910962,3.027,mirror
2017,760120,"Ligas de alumínio, em bruto",203,Chéquia,14944565,67.195,mirror
2017,760120,"Ligas de alumínio, em bruto",616,Polónia,4591275,20.644,mirror
2017,760120,"Ligas de alumínio, em bruto",724,Espanha,1600309,7.195,mirror
2017,760120,"Ligas de alumínio, em bruto",276,Alemanha,869447,3.909,mirror
2017,760120,"Ligas de alumínio, em bruto",40,Áustria,166075,0.747,mirror
2017,760120,"Ligas de alumínio, em bruto",251,França,52087,0.234,mirror
2017,760120,"Ligas de alumínio, em bruto",688,Sérvia,9183,0.041,mirror
2017,760120,"Ligas de alumínio, em bruto",699,Índia,7749,0.035,mirror
2017,760429,Varões e perfis de ligas de alumínio,410,Coreia do Sul,98175,100.0,mirror
2017,760511,Fios de alumínio,792,Turquia,50014614,35.784,mirror
2017,760511,Fios de alumínio,710,África do Sul,31218946,22.336,mirror
2017,760511,Fios de alumínio,724,Espanha,30812280,22.045,mirror
2017,760511,Fios de alumínio,380,Itália,8685483,6.214,mirror
2017,760511,Fios de alumínio,404,Quénia,4341886,3.106,mirror
2017,760511,Fios de alumínio,616,Polónia,3900361,2.791,mirror
2017,760511,Fios de alumínio,894,Zâmbia,3376740,2.416,mirror
2017,760511,Fios de alumínio,276,Alemanha,1755587,1.256,mirror
2017,999999,Mercadorias não especificadas,528,Países Baixos,2583643,30.182,mirror
2017,999999,Mercadorias não especificadas,392,Japão,1266376,14.794,mirror
2017,999999,Mercadorias não especificadas,842,EUA,1007478,11.769,mirror
2017,999999,Mercadorias não especificadas,710,África do Sul,859270,10.038,mirror
2017,999999,Mercadorias não especificadas,276,Alemanha,684021,7.991,mirror
2017,999999,Mercadorias não especificadas,688,Sérvia,471307,5.506,mirror
2017,999999,Mercadorias não especificadas,24,Angola,387413,4.526,mirror
2017,999999,Mercadorias não especificadas,104,Myanmar,202995,2.371,mirror
2018,071390,Outras leguminosas secas,699,Índia,6762574,92.893,direct
2018,071390,Outras leguminosas secas,586,Paquistão,340555,4.678,direct
2018,071390,Outras leguminosas secas,454,Malawi,55473,0.762,direct
2018,071390,Outras leguminosas secas,512,Omã,53646,0.737,direct
2018,071390,Outras leguminosas secas,360,Indonésia,50597,0.695,direct
2018,071390,Outras leguminosas secas,682,Arábia Saudita,9940,0.137,direct
2018,071390,Outras leguminosas secas,710,África do Sul,7204,0.099,direct
2018,080131,Castanha de caju com casca,704,Vietname,11613294,78.352,direct
2018,080131,Castanha de caju com casca,699,Índia,3119845,21.049,direct
2018,080131,Castanha de caju com casca,624,Guiné-Bissau,70535,0.476,direct
2018,080131,Castanha de caju com casca,710,África do Sul,18305,0.123,direct
2018,120740,Sementes de sésamo (gergelim),156,China,13892544,69.537,direct
2018,120740,Sementes de sésamo (gergelim),392,Japão,4640005,23.225,direct
2018,120740,Sementes de sésamo (gergelim),792,Turquia,1066068,5.336,direct
2018,120740,Sementes de sésamo (gergelim),699,Índia,228061,1.142,direct
2018,120740,Sementes de sésamo (gergelim),344,Hong Kong (RAEHK),102235,0.512,direct
2018,120740,Sementes de sésamo (gergelim),586,Paquistão,49600,0.248,direct
2018,240120,Tabaco destalado,56,Bélgica,69622948,36.539,direct
2018,240120,Tabaco destalado,792,Turquia,31421110,16.49,direct
2018,240120,Tabaco destalado,616,Polónia,17725103,9.302,direct
2018,240120,Tabaco destalado,191,Croácia,13227426,6.942,direct
2018,240120,Tabaco destalado,276,Alemanha,12517282,6.569,direct
2018,240120,Tabaco destalado,688,Sérvia,12275901,6.443,direct
2018,240120,Tabaco destalado,484,México,6075989,3.189,direct
2018,240120,Tabaco destalado,643,Rússia,4059149,2.13,direct
2018,250590,Areias naturais,156,China,24991215,100.0,direct
2018,250590,Areias naturais,710,África do Sul,31,0.0,direct
2018,261400,Minério de titânio,156,China,112388607,58.162,direct
2018,261400,Minério de titânio,842,EUA,22749959,11.773,direct
2018,261400,Minério de titânio,699,Índia,13920927,7.204,direct
2018,261400,Minério de titânio,724,Espanha,11943589,6.181,direct
2018,261400,Minério de titânio,531,Curaçao,7038836,3.643,direct
2018,261400,Minério de titânio,36,Austrália,5663746,2.931,direct
2018,261400,Minério de titânio,458,Malásia,4613890,2.388,direct
2018,261400,Minério de titânio,710,África do Sul,4510965,2.334,direct
2018,261510,Minério de zircónio,156,China,35873673,50.536,direct
2018,261510,Minério de zircónio,380,Itália,19511885,27.487,direct
2018,261510,Minério de zircónio,724,Espanha,7370359,10.383,direct
2018,261510,Minério de zircónio,531,Curaçao,3885028,5.473,direct
2018,261510,Minério de zircónio,36,Austrália,2560300,3.607,direct
2018,261510,Minério de zircónio,251,França,1785000,2.515,direct
2018,270119,Outros carvões minerais,699,Índia,164847422,34.402,direct
2018,270119,Outros carvões minerais,410,Coreia do Sul,87785262,18.32,direct
2018,270119,Outros carvões minerais,616,Polónia,55577666,11.598,direct
2018,270119,Outros carvões minerais,784,Emirados Árabes Unidos,32655745,6.815,direct
2018,270119,Outros carvões minerais,392,Japão,29023226,6.057,direct
2018,270119,Outros carvões minerais,76,Brasil,28840943,6.019,direct
2018,270119,Outros carvões minerais,710,África do Sul,27589743,5.758,direct
2018,270119,Outros carvões minerais,705,Eslovénia,17015484,3.551,direct
2018,270400,Coque,699,Índia,1140237680,100.0,direct
2018,270400,Coque,710,África do Sul,19,0.0,direct
2018,271019,Gasóleo e combustíveis médios e pesados,784,Emirados Árabes Unidos,5605938,38.585,direct
2018,271019,Gasóleo e combustíveis médios e pesados,512,Omã,2926613,20.144,direct
2018,271019,Gasóleo e combustíveis médios e pesados,748,Eswatini,1458688,10.04,direct
2018,271019,Gasóleo e combustíveis médios e pesados,634,Catar,915596,6.302,direct
2018,271019,Gasóleo e combustíveis médios e pesados,48,Barém,912415,6.28,direct
2018,271019,Gasóleo e combustíveis médios e pesados,516,Namíbia,662963,4.563,direct
2018,271019,Gasóleo e combustíveis médios e pesados,699,Índia,634364,4.366,direct
2018,271019,Gasóleo e combustíveis médios e pesados,682,Arábia Saudita,574383,3.953,direct
2018,271111,Gás natural liquefeito (GNL),710,África do Sul,13522643,65.182,direct
2018,271111,Gás natural liquefeito (GNL),757,Suíça,6050009,29.162,direct
2018,271111,Gás natural liquefeito (GNL),699,Índia,1173317,5.656,direct
2018,271111,Gás natural liquefeito (GNL),72,Botsuana,152,0.001,direct
2018,271121,Gás natural em estado gasoso,710,África do Sul,211158528,100.0,direct
2018,271600,Energia elétrica,710,África do Sul,387296177,90.357,direct
2018,271600,Energia elétrica,716,Zimbabué,21433687,5.001,direct
2018,271600,Energia elétrica,516,Namíbia,11576439,2.701,direct
2018,271600,Energia elétrica,426,Lesotho,4107560,0.958,direct
2018,271600,Energia elétrica,784,Emirados Árabes Unidos,2383384,0.556,direct
2018,271600,Energia elétrica,894,Zâmbia,1731655,0.404,direct
2018,271600,Energia elétrica,454,Malawi,98745,0.023,direct
2018,380290,Produtos minerais ativados,699,Índia,22000001,65.16,direct
2018,380290,Produtos minerais ativados,76,Brasil,4429586,13.12,direct
2018,380290,Produtos minerais ativados,710,África do Sul,4333333,12.835,direct
2018,380290,Produtos minerais ativados,826,Reino Unido,3000000,8.885,direct
2018,520100,Algodão em fibra,480,Maurícias,1410931,50.396,direct
2018,520100,Algodão em fibra,710,África do Sul,651533,23.272,direct
2018,520100,Algodão em fibra,156,China,521007,18.61,direct
2018,520100,Algodão em fibra,360,Indonésia,182828,6.53,direct
2018,520100,Algodão em fibra,620,Portugal,33375,1.192,direct
2018,670490,Perucas e artigos semelhantes,710,África do Sul,127020533,99.709,direct
2018,670490,Perucas e artigos semelhantes,748,Eswatini,204607,0.161,direct
2018,670490,Perucas e artigos semelhantes,450,Madagáscar,166544,0.131,direct
2018,710391,"Rubis, safiras e esmeraldas",344,Hong Kong (RAEHK),95392897,75.824,direct
2018,710391,"Rubis, safiras e esmeraldas",764,Tailândia,24440667,19.427,direct
2018,710391,"Rubis, safiras e esmeraldas",842,EUA,4061173,3.228,direct
2018,710391,"Rubis, safiras e esmeraldas",480,Maurícias,1491546,1.186,direct
2018,710391,"Rubis, safiras e esmeraldas",699,Índia,421546,0.335,direct
2018,710391,"Rubis, safiras e esmeraldas",757,Suíça,1245,0.001,direct
2018,760110,"Alumínio não ligado, em bruto",702,Singapura,222507009,39.317,direct
2018,760110,"Alumínio não ligado, em bruto",826,Reino Unido,177080905,31.29,direct
2018,760110,"Alumínio não ligado, em bruto",380,Itália,77790103,13.745,direct
2018,760110,"Alumínio não ligado, em bruto",251,França,30570296,5.402,direct
2018,760110,"Alumínio não ligado, em bruto",748,Eswatini,20419084,3.608,direct
2018,760110,"Alumínio não ligado, em bruto",757,Suíça,8227822,1.454,direct
2018,760110,"Alumínio não ligado, em bruto",203,Chéquia,6428756,1.136,direct
2018,760110,"Alumínio não ligado, em bruto",300,Grécia,5906216,1.044,direct
2018,760410,Varões e perfis de alumínio não ligado,528,Países Baixos,582899556,100.0,direct
2018,760511,Fios de alumínio,724,Espanha,48839167,31.36,direct
2018,760511,Fios de alumínio,48,Barém,25877075,16.616,direct
2018,760511,Fios de alumínio,826,Reino Unido,21242726,13.64,direct
2018,760511,Fios de alumínio,710,África do Sul,14951416,9.6,direct
2018,760511,Fios de alumínio,380,Itália,9814665,6.302,direct
2018,760511,Fios de alumínio,842,EUA,8956151,5.751,direct
2018,760511,Fios de alumínio,251,França,7747209,4.974,direct
2018,760511,Fios de alumínio,792,Turquia,5610913,3.603,direct
2018,999999,Mercadorias não especificadas,380,Itália,20976987,13.284,direct
2018,999999,Mercadorias não especificadas,251,França,17920911,11.348,direct
2018,999999,Mercadorias não especificadas,842,EUA,16567057,10.491,direct
2018,999999,Mercadorias não especificadas,724,Espanha,16299553,10.322,direct
2018,999999,Mercadorias não especificadas,710,África do Sul,15932335,10.089,direct
2018,999999,Mercadorias não especificadas,620,Portugal,14302693,9.057,direct
2018,999999,Mercadorias não especificadas,642,Roménia,11283043,7.145,direct
2018,999999,Mercadorias não especificadas,616,Polónia,11121857,7.043,direct
2018,071390,Outras leguminosas secas,699,Índia,2091396,86.944,mirror
2018,071390,Outras leguminosas secas,458,Malásia,209712,8.718,mirror
2018,071390,Outras leguminosas secas,512,Omã,30270,1.258,mirror
2018,071390,Outras leguminosas secas,634,Catar,25510,1.06,mirror
2018,071390,Outras leguminosas secas,784,Emirados Árabes Unidos,21207,0.882,mirror
2018,071390,Outras leguminosas secas,702,Singapura,13986,0.581,mirror
2018,071390,Outras leguminosas secas,682,Arábia Saudita,13252,0.551,mirror
2018,071390,Outras leguminosas secas,360,Indonésia,125,0.005,mirror
2018,080131,Castanha de caju com casca,704,Vietname,44910146,67.785,mirror
2018,080131,Castanha de caju com casca,699,Índia,19999326,30.186,mirror
2018,080131,Castanha de caju com casca,710,África do Sul,1220315,1.842,mirror
2018,080131,Castanha de caju com casca,682,Arábia Saudita,91910,0.139,mirror
2018,080131,Castanha de caju com casca,414,Kuwait,32559,0.049,mirror
2018,120740,Sementes de sésamo (gergelim),156,China,74845394,79.837,mirror
2018,120740,Sementes de sésamo (gergelim),392,Japão,12229908,13.046,mirror
2018,120740,Sementes de sésamo (gergelim),276,Alemanha,1580482,1.686,mirror
2018,120740,Sementes de sésamo (gergelim),300,Grécia,1024454,1.093,mirror
2018,120740,Sementes de sésamo (gergelim),616,Polónia,933216,0.995,mirror
2018,120740,Sementes de sésamo (gergelim),40,Áustria,761647,0.812,mirror
2018,120740,Sementes de sésamo (gergelim),422,Líbano,443501,0.473,mirror
2018,120740,Sementes de sésamo (gergelim),710,África do Sul,412978,0.441,mirror
2018,240120,Tabaco destalado,792,Turquia,47244530,23.181,mirror
2018,240120,Tabaco destalado,616,Polónia,41191621,20.211,mirror
2018,240120,Tabaco destalado,528,Países Baixos,18077784,8.87,mirror
2018,240120,Tabaco destalado,643,Rússia,15587527,7.648,mirror
2018,240120,Tabaco destalado,276,Alemanha,15292767,7.504,mirror
2018,240120,Tabaco destalado,688,Sérvia,10172901,4.991,mirror
2018,240120,Tabaco destalado,826,Reino Unido,8147602,3.998,mirror
2018,240120,Tabaco destalado,757,Suíça,5558037,2.727,mirror
2018,250590,Areias naturais,710,África do Sul,5071,100.0,mirror
2018,261400,Minério de titânio,156,China,145719792,57.335,mirror
2018,261400,Minério de titânio,842,EUA,23942013,9.42,mirror
2018,261400,Minério de titânio,724,Espanha,22622753,8.901,mirror
2018,261400,Minério de titânio,699,Índia,19182124,7.547,mirror
2018,261400,Minério de titânio,710,África do Sul,13199773,5.194,mirror
2018,261400,Minério de titânio,392,Japão,11889491,4.678,mirror
2018,261400,Minério de titânio,36,Austrália,6251932,2.46,mirror
2018,261400,Minério de titânio,705,Eslovénia,5792707,2.279,mirror
2018,261510,Minério de zircónio,156,China,69789262,65.981,mirror
2018,261510,Minério de zircónio,380,Itália,21931330,20.735,mirror
2018,261510,Minério de zircónio,724,Espanha,10022765,9.476,mirror
2018,261510,Minério de zircónio,251,França,3646242,3.447,mirror
2018,261510,Minério de zircónio,458,Malásia,382085,0.361,mirror
2018,261510,Minério de zircónio,710,África do Sul,57,0.0,mirror
2018,270119,Outros carvões minerais,699,Índia,796252648,77.199,mirror
2018,270119,Outros carvões minerais,784,Emirados Árabes Unidos,97816234,9.484,mirror
2018,270119,Outros carvões minerais,586,Paquistão,77711157,7.534,mirror
2018,270119,Outros carvões minerais,686,Senegal,18258773,1.77,mirror
2018,270119,Outros carvões minerais,528,Países Baixos,12681643,1.23,mirror
2018,270119,Outros carvões minerais,404,Quénia,10983434,1.065,mirror
2018,270119,Outros carvões minerais,40,Áustria,8391052,0.814,mirror
2018,270119,Outros carvões minerais,454,Malawi,4030933,0.391,mirror
2018,271019,Gasóleo e combustíveis médios e pesados,716,Zimbabué,34844607,65.502,mirror
2018,271019,Gasóleo e combustíveis médios e pesados,894,Zâmbia,17430536,32.766,mirror
2018,271019,Gasóleo e combustíveis médios e pesados,450,Madagáscar,870609,1.637,mirror
2018,271019,Gasóleo e combustíveis médios e pesados,748,Eswatini,44656,0.084,mirror
2018,271019,Gasóleo e combustíveis médios e pesados,710,África do Sul,4192,0.008,mirror
2018,271019,Gasóleo e combustíveis médios e pesados,620,Portugal,974,0.002,mirror
2018,271019,Gasóleo e combustíveis médios e pesados,72,Botsuana,646,0.001,mirror
2018,271019,Gasóleo e combustíveis médios e pesados,251,França,193,0.0,mirror
2018,271111,Gás natural liquefeito (GNL),710,África do Sul,310649226,100.0,mirror
2018,271121,Gás natural em estado gasoso,784,Emirados Árabes Unidos,4917,100.0,mirror
2018,271600,Energia elétrica,710,África do Sul,234360724,86.789,mirror
2018,271600,Energia elétrica,716,Zimbabué,28552316,10.574,mirror
2018,271600,Energia elétrica,426,Lesotho,6236860,2.31,mirror
2018,271600,Energia elétrica,748,Eswatini,884538,0.328,mirror
2018,520100,Algodão em fibra,480,Maurícias,7480607,55.146,mirror
2018,520100,Algodão em fibra,360,Indonésia,2773368,20.445,mirror
2018,520100,Algodão em fibra,50,Bangladesh,1285991,9.48,mirror
2018,520100,Algodão em fibra,699,Índia,873226,6.437,mirror
2018,520100,Algodão em fibra,710,África do Sul,736354,5.428,mirror
2018,520100,Algodão em fibra,620,Portugal,415500,3.063,mirror
2018,670490,Perucas e artigos semelhantes,710,África do Sul,27939857,98.978,mirror
2018,670490,Perucas e artigos semelhantes,748,Eswatini,209073,0.741,mirror
2018,670490,Perucas e artigos semelhantes,716,Zimbabué,78940,0.28,mirror
2018,670490,Perucas e artigos semelhantes,454,Malawi,401,0.001,mirror
2018,710391,"Rubis, safiras e esmeraldas",842,EUA,39010665,30.272,mirror
2018,710391,"Rubis, safiras e esmeraldas",251,França,32741221,25.407,mirror
2018,710391,"Rubis, safiras e esmeraldas",380,Itália,22667589,17.59,mirror
2018,710391,"Rubis, safiras e esmeraldas",757,Suíça,20517924,15.922,mirror
2018,710391,"Rubis, safiras e esmeraldas",392,Japão,5698122,4.422,mirror
2018,710391,"Rubis, safiras e esmeraldas",276,Alemanha,3515485,2.728,mirror
2018,710391,"Rubis, safiras e esmeraldas",764,Tailândia,3071025,2.383,mirror
2018,710391,"Rubis, safiras e esmeraldas",422,Líbano,485245,0.377,mirror
2018,760110,"Alumínio não ligado, em bruto",380,Itália,442964949,39.448,mirror
2018,760110,"Alumínio não ligado, em bruto",724,Espanha,176441073,15.713,mirror
2018,760110,"Alumínio não ligado, em bruto",826,Reino Unido,100732926,8.971,mirror
2018,760110,"Alumínio não ligado, em bruto",276,Alemanha,88721180,7.901,mirror
2018,760110,"Alumínio não ligado, em bruto",616,Polónia,72439933,6.451,mirror
2018,760110,"Alumínio não ligado, em bruto",705,Eslovénia,70771926,6.303,mirror
2018,760110,"Alumínio não ligado, em bruto",528,Países Baixos,53864608,4.797,mirror
2018,760110,"Alumínio não ligado, em bruto",300,Grécia,41780035,3.721,mirror
2018,760120,"Ligas de alumínio, em bruto",616,Polónia,24231178,75.085,mirror
2018,760120,"Ligas de alumínio, em bruto",203,Chéquia,4554125,14.112,mirror
2018,760120,"Ligas de alumínio, em bruto",246,Finlândia,2044073,6.334,mirror
2018,760120,"Ligas de alumínio, em bruto",276,Alemanha,1354056,4.196,mirror
2018,760120,"Ligas de alumínio, em bruto",703,Eslováquia,85805,0.266,mirror
2018,760120,"Ligas de alumínio, em bruto",688,Sérvia,2560,0.008,mirror
2018,760429,Varões e perfis de ligas de alumínio,716,Zimbabué,1465,52.025,mirror
2018,760429,Varões e perfis de ligas de alumínio,894,Zâmbia,1115,39.592,mirror
2018,760429,Varões e perfis de ligas de alumínio,710,África do Sul,236,8.383,mirror
2018,760511,Fios de alumínio,724,Espanha,42252124,29.318,mirror
2018,760511,Fios de alumínio,792,Turquia,32905162,22.832,mirror
2018,760511,Fios de alumínio,710,África do Sul,28743900,19.945,mirror
2018,760511,Fios de alumínio,380,Itália,22163181,15.378,mirror
2018,760511,Fios de alumínio,251,França,4191693,2.909,mirror
2018,760511,Fios de alumínio,616,Polónia,3918652,2.719,mirror
2018,760511,Fios de alumínio,246,Finlândia,2756296,1.913,mirror
2018,760511,Fios de alumínio,894,Zâmbia,2253837,1.564,mirror
2018,999999,Mercadorias não especificadas,528,Países Baixos,3962156,27.409,mirror
2018,999999,Mercadorias não especificadas,842,EUA,3821667,26.438,mirror
2018,999999,Mercadorias não especificadas,702,Singapura,1596457,11.044,mirror
2018,999999,Mercadorias não especificadas,178,Congo,1119475,7.744,mirror
2018,999999,Mercadorias não especificadas,716,Zimbabué,706664,4.889,mirror
2018,999999,Mercadorias não especificadas,710,África do Sul,663622,4.591,mirror
2018,999999,Mercadorias não especificadas,454,Malawi,579838,4.011,mirror
2018,999999,Mercadorias não especificadas,579,Noruega,464090,3.21,mirror
2019,071390,Outras leguminosas secas,699,Índia,49500179,77.159,direct
2019,071390,Outras leguminosas secas,50,Bangladesh,11637244,18.14,direct
2019,071390,Outras leguminosas secas,784,Emirados Árabes Unidos,2110731,3.29,direct
2019,071390,Outras leguminosas secas,156,China,309254,0.482,direct
2019,071390,Outras leguminosas secas,392,Japão,228422,0.356,direct
2019,071390,Outras leguminosas secas,702,Singapura,217261,0.339,direct
2019,071390,Outras leguminosas secas,586,Paquistão,94706,0.148,direct
2019,071390,Outras leguminosas secas,792,Turquia,41373,0.064,direct
2019,080131,Castanha de caju com casca,699,Índia,19829593,65.534,direct
2019,080131,Castanha de caju com casca,704,Vietname,10397811,34.364,direct
2019,080131,Castanha de caju com casca,710,África do Sul,30864,0.102,direct
2019,120740,Sementes de sésamo (gergelim),156,China,43281598,50.266,direct
2019,120740,Sementes de sésamo (gergelim),392,Japão,30068475,34.92,direct
2019,120740,Sementes de sésamo (gergelim),792,Turquia,4931853,5.728,direct
2019,120740,Sementes de sésamo (gergelim),784,Emirados Árabes Unidos,2588553,3.006,direct
2019,120740,Sementes de sésamo (gergelim),616,Polónia,1550374,1.801,direct
2019,120740,Sementes de sésamo (gergelim),300,Grécia,958925,1.114,direct
2019,120740,Sementes de sésamo (gergelim),276,Alemanha,551069,0.64,direct
2019,120740,Sementes de sésamo (gergelim),699,Índia,442807,0.514,direct
2019,240120,Tabaco destalado,56,Bélgica,163477714,74.005,direct
2019,240120,Tabaco destalado,792,Turquia,8445318,3.823,direct
2019,240120,Tabaco destalado,276,Alemanha,7801014,3.531,direct
2019,240120,Tabaco destalado,616,Polónia,4536527,2.054,direct
2019,240120,Tabaco destalado,124,Canadá,3973401,1.799,direct
2019,240120,Tabaco destalado,484,México,3856359,1.746,direct
2019,240120,Tabaco destalado,688,Sérvia,3285799,1.487,direct
2019,240120,Tabaco destalado,410,Coreia do Sul,2831192,1.282,direct
2019,250590,Areias naturais,156,China,23858817,94.043,direct
2019,250590,Areias naturais,344,Hong Kong (RAEHK),1507080,5.94,direct
2019,250590,Areias naturais,704,Vietname,4033,0.016,direct
2019,250590,Areias naturais,36,Austrália,66,0.0,direct
2019,250590,Areias naturais,710,África do Sul,52,0.0,direct
2019,261400,Minério de titânio,156,China,83619380,41.955,direct
2019,261400,Minério de titânio,842,EUA,42174044,21.16,direct
2019,261400,Minério de titânio,724,Espanha,19220337,9.644,direct
2019,261400,Minério de titânio,392,Japão,11412749,5.726,direct
2019,261400,Minério de titânio,699,Índia,10116633,5.076,direct
2019,261400,Minério de titânio,528,Países Baixos,8130917,4.08,direct
2019,261400,Minério de titânio,710,África do Sul,7988764,4.008,direct
2019,261400,Minério de titânio,484,México,5671539,2.846,direct
2019,261510,Minério de zircónio,156,China,32619271,46.369,direct
2019,261510,Minério de zircónio,380,Itália,27637588,39.288,direct
2019,261510,Minério de zircónio,764,Tailândia,3121919,4.438,direct
2019,261510,Minério de zircónio,528,Países Baixos,2793296,3.971,direct
2019,261510,Minério de zircónio,251,França,2640982,3.754,direct
2019,261510,Minério de zircónio,724,Espanha,1533771,2.18,direct
2019,270119,Outros carvões minerais,699,Índia,446652013,44.234,direct
2019,270119,Outros carvões minerais,410,Coreia do Sul,132098921,13.082,direct
2019,270119,Outros carvões minerais,616,Polónia,110546338,10.948,direct
2019,270119,Outros carvões minerais,76,Brasil,58079120,5.752,direct
2019,270119,Outros carvões minerais,392,Japão,56755782,5.621,direct
2019,270119,Outros carvões minerais,528,Países Baixos,53901573,5.338,direct
2019,270119,Outros carvões minerais,784,Emirados Árabes Unidos,34969926,3.463,direct
2019,270119,Outros carvões minerais,710,África do Sul,27239692,2.698,direct
2019,270400,Coque,699,Índia,212075690,100.0,direct
2019,271019,Gasóleo e combustíveis médios e pesados,454,Malawi,29072237,28.478,direct
2019,271019,Gasóleo e combustíveis médios e pesados,634,Catar,19569500,19.17,direct
2019,271019,Gasóleo e combustíveis médios e pesados,784,Emirados Árabes Unidos,14842311,14.539,direct
2019,271019,Gasóleo e combustíveis médios e pesados,710,África do Sul,7708007,7.55,direct
2019,271019,Gasóleo e combustíveis médios e pesados,512,Omã,5750378,5.633,direct
2019,271019,Gasóleo e combustíveis médios e pesados,699,Índia,5519007,5.406,direct
2019,271019,Gasóleo e combustíveis médios e pesados,702,Singapura,4217729,4.132,direct
2019,271019,Gasóleo e combustíveis médios e pesados,748,Eswatini,4098426,4.015,direct
2019,271111,Gás natural liquefeito (GNL),710,África do Sul,226018864,97.925,direct
2019,271111,Gás natural liquefeito (GNL),784,Emirados Árabes Unidos,4788607,2.075,direct
2019,271600,Energia elétrica,710,África do Sul,372266614,85.666,direct
2019,271600,Energia elétrica,716,Zimbabué,39231144,9.028,direct
2019,271600,Energia elétrica,72,Botsuana,16121767,3.71,direct
2019,271600,Energia elétrica,426,Lesotho,4919098,1.132,direct
2019,271600,Energia elétrica,894,Zâmbia,1862531,0.429,direct
2019,271600,Energia elétrica,454,Malawi,156566,0.036,direct
2019,520100,Algodão em fibra,458,Malásia,9044278,29.15,direct
2019,520100,Algodão em fibra,702,Singapura,4343740,14.0,direct
2019,520100,Algodão em fibra,156,China,3939725,12.698,direct
2019,520100,Algodão em fibra,50,Bangladesh,3471119,11.187,direct
2019,520100,Algodão em fibra,699,Índia,3388456,10.921,direct
2019,520100,Algodão em fibra,360,Indonésia,2249094,7.249,direct
2019,520100,Algodão em fibra,764,Tailândia,944057,3.043,direct
2019,520100,Algodão em fibra,480,Maurícias,868207,2.798,direct
2019,670490,Perucas e artigos semelhantes,710,África do Sul,28885105,97.638,direct
2019,670490,Perucas e artigos semelhantes,716,Zimbabué,442603,1.496,direct
2019,670490,Perucas e artigos semelhantes,748,Eswatini,186918,0.632,direct
2019,670490,Perucas e artigos semelhantes,4,Afghanistan,36553,0.124,direct
2019,670490,Perucas e artigos semelhantes,450,Madagáscar,32592,0.11,direct
2019,670490,Perucas e artigos semelhantes,620,Portugal,1,0.0,direct
2019,710391,"Rubis, safiras e esmeraldas",344,Hong Kong (RAEHK),109726340,90.04,direct
2019,710391,"Rubis, safiras e esmeraldas",764,Tailândia,9799710,8.041,direct
2019,710391,"Rubis, safiras e esmeraldas",842,EUA,1108657,0.91,direct
2019,710391,"Rubis, safiras e esmeraldas",144,Sri Lanka,879063,0.721,direct
2019,710391,"Rubis, safiras e esmeraldas",699,Índia,342418,0.281,direct
2019,710391,"Rubis, safiras e esmeraldas",784,Emirados Árabes Unidos,5378,0.004,direct
2019,710391,"Rubis, safiras e esmeraldas",826,Reino Unido,2361,0.002,direct
2019,710391,"Rubis, safiras e esmeraldas",170,Colômbia,542,0.0,direct
2019,760110,"Alumínio não ligado, em bruto",528,Países Baixos,221207769,22.345,direct
2019,760110,"Alumínio não ligado, em bruto",380,Itália,219093756,22.131,direct
2019,760110,"Alumínio não ligado, em bruto",826,Reino Unido,192594700,19.455,direct
2019,760110,"Alumínio não ligado, em bruto",702,Singapura,143258347,14.471,direct
2019,760110,"Alumínio não ligado, em bruto",724,Espanha,107173790,10.826,direct
2019,760110,"Alumínio não ligado, em bruto",300,Grécia,38475773,3.887,direct
2019,760110,"Alumínio não ligado, em bruto",56,Bélgica,28192361,2.848,direct
2019,760110,"Alumínio não ligado, em bruto",705,Eslovénia,15728565,1.589,direct
2019,760120,"Ligas de alumínio, em bruto",450,Madagáscar,39256,50.926,direct
2019,760120,"Ligas de alumínio, em bruto",699,Índia,37829,49.074,direct
2019,760410,Varões e perfis de alumínio não ligado,784,Emirados Árabes Unidos,35303,60.581,direct
2019,760410,Varões e perfis de alumínio não ligado,710,África do Sul,22971,39.419,direct
2019,760429,Varões e perfis de ligas de alumínio,710,África do Sul,1575,100.0,direct
2019,760511,Fios de alumínio,380,Itália,38952843,38.906,direct
2019,760511,Fios de alumínio,710,África do Sul,21271916,21.246,direct
2019,760511,Fios de alumínio,826,Reino Unido,17846806,17.825,direct
2019,760511,Fios de alumínio,724,Espanha,14204956,14.188,direct
2019,760511,Fios de alumínio,784,Emirados Árabes Unidos,1848378,1.846,direct
2019,760511,Fios de alumínio,703,Eslováquia,1718539,1.716,direct
2019,760511,Fios de alumínio,72,Botsuana,1240018,1.239,direct
2019,760511,Fios de alumínio,404,Quénia,814699,0.814,direct
2019,999999,Mercadorias não especificadas,724,Espanha,15724052,46.074,direct
2019,999999,Mercadorias não especificadas,620,Portugal,7418086,21.736,direct
2019,999999,Mercadorias não especificadas,156,China,6295422,18.447,direct
2019,999999,Mercadorias não especificadas,251,França,3359230,9.843,direct
2019,999999,Mercadorias não especificadas,710,África do Sul,1015901,2.977,direct
2019,999999,Mercadorias não especificadas,276,Alemanha,254048,0.744,direct
2019,999999,Mercadorias não especificadas,454,Malawi,23098,0.068,direct
2019,999999,Mercadorias não especificadas,584,Marshall Isds,20662,0.061,direct
2019,071390,Outras leguminosas secas,699,Índia,408808,90.072,mirror
2019,071390,Outras leguminosas secas,458,Malásia,16503,3.636,mirror
2019,071390,Outras leguminosas secas,784,Emirados Árabes Unidos,16211,3.572,mirror
2019,071390,Outras leguminosas secas,480,Maurícias,12345,2.72,mirror
2019,080131,Castanha de caju com casca,699,Índia,15438476,50.349,mirror
2019,080131,Castanha de caju com casca,704,Vietname,14910642,48.628,mirror
2019,080131,Castanha de caju com casca,682,Arábia Saudita,286951,0.936,mirror
2019,080131,Castanha de caju com casca,710,África do Sul,26690,0.087,mirror
2019,080131,Castanha de caju com casca,784,Emirados Árabes Unidos,20,0.0,mirror
2019,080131,Castanha de caju com casca,124,Canadá,1,0.0,mirror
2019,120740,Sementes de sésamo (gergelim),156,China,112328616,73.17,mirror
2019,120740,Sementes de sésamo (gergelim),392,Japão,24247810,15.795,mirror
2019,120740,Sementes de sésamo (gergelim),792,Turquia,7980928,5.199,mirror
2019,120740,Sementes de sésamo (gergelim),616,Polónia,2300994,1.499,mirror
2019,120740,Sementes de sésamo (gergelim),300,Grécia,1665801,1.085,mirror
2019,120740,Sementes de sésamo (gergelim),490,Taiwan (Prov. China),1247328,0.813,mirror
2019,120740,Sementes de sésamo (gergelim),704,Vietname,840750,0.548,mirror
2019,120740,Sementes de sésamo (gergelim),276,Alemanha,576132,0.375,mirror
2019,240120,Tabaco destalado,792,Turquia,51067001,23.665,mirror
2019,240120,Tabaco destalado,616,Polónia,31782498,14.729,mirror
2019,240120,Tabaco destalado,276,Alemanha,25260101,11.706,mirror
2019,240120,Tabaco destalado,643,Rússia,19458291,9.017,mirror
2019,240120,Tabaco destalado,528,Países Baixos,17185094,7.964,mirror
2019,240120,Tabaco destalado,804,Ucrânia,6661365,3.087,mirror
2019,240120,Tabaco destalado,710,África do Sul,6453028,2.99,mirror
2019,240120,Tabaco destalado,191,Croácia,4832255,2.239,mirror
2019,250590,Areias naturais,710,África do Sul,419,100.0,mirror
2019,261400,Minério de titânio,156,China,151819754,60.1,mirror
2019,261400,Minério de titânio,842,EUA,32380915,12.819,mirror
2019,261400,Minério de titânio,699,Índia,22181573,8.781,mirror
2019,261400,Minério de titânio,724,Espanha,18126202,7.176,mirror
2019,261400,Minério de titânio,705,Eslovénia,6651469,2.633,mirror
2019,261400,Minério de titânio,392,Japão,5852479,2.317,mirror
2019,261400,Minério de titânio,458,Malásia,5120234,2.027,mirror
2019,261400,Minério de titânio,528,Países Baixos,4066506,1.61,mirror
2019,261510,Minério de zircónio,156,China,55411874,59.5,mirror
2019,261510,Minério de zircónio,380,Itália,31209800,33.512,mirror
2019,261510,Minério de zircónio,251,França,2569579,2.759,mirror
2019,261510,Minério de zircónio,528,Países Baixos,2460744,2.642,mirror
2019,261510,Minério de zircónio,724,Espanha,1477225,1.586,mirror
2019,261510,Minério de zircónio,710,África do Sul,21,0.0,mirror
2019,270119,Outros carvões minerais,699,Índia,556308529,80.431,mirror
2019,270119,Outros carvões minerais,784,Emirados Árabes Unidos,45026382,6.51,mirror
2019,270119,Outros carvões minerais,704,Vietname,20220746,2.924,mirror
2019,270119,Outros carvões minerais,528,Países Baixos,19795187,2.862,mirror
2019,270119,Outros carvões minerais,104,Myanmar,15060125,2.177,mirror
2019,270119,Outros carvões minerais,686,Senegal,13962082,2.019,mirror
2019,270119,Outros carvões minerais,710,África do Sul,5556959,0.803,mirror
2019,270119,Outros carvões minerais,818,Egito,5396284,0.78,mirror
2019,271019,Gasóleo e combustíveis médios e pesados,894,Zâmbia,23950919,48.697,mirror
2019,271019,Gasóleo e combustíveis médios e pesados,716,Zimbabué,22714513,46.183,mirror
2019,271019,Gasóleo e combustíveis médios e pesados,450,Madagáscar,2360492,4.799,mirror
2019,271019,Gasóleo e combustíveis médios e pesados,699,Índia,126515,0.257,mirror
2019,271019,Gasóleo e combustíveis médios e pesados,454,Malawi,26785,0.054,mirror
2019,271019,Gasóleo e combustíveis médios e pesados,616,Polónia,2246,0.005,mirror
2019,271019,Gasóleo e combustíveis médios e pesados,748,Eswatini,1674,0.003,mirror
2019,271019,Gasóleo e combustíveis médios e pesados,784,Emirados Árabes Unidos,227,0.0,mirror
2019,271111,Gás natural liquefeito (GNL),710,África do Sul,317564870,100.0,mirror
2019,271121,Gás natural em estado gasoso,710,África do Sul,28,100.0,mirror
2019,271600,Energia elétrica,710,África do Sul,258967329,87.573,mirror
2019,271600,Energia elétrica,716,Zimbabué,27729478,9.377,mirror
2019,271600,Energia elétrica,426,Lesotho,7180363,2.428,mirror
2019,271600,Energia elétrica,748,Eswatini,1533509,0.519,mirror
2019,271600,Energia elétrica,454,Malawi,304253,0.103,mirror
2019,520100,Algodão em fibra,360,Indonésia,8847803,31.805,mirror
2019,520100,Algodão em fibra,480,Maurícias,6935364,24.93,mirror
2019,520100,Algodão em fibra,704,Vietname,4251480,15.283,mirror
2019,520100,Algodão em fibra,699,Índia,3128801,11.247,mirror
2019,520100,Algodão em fibra,156,China,1734630,6.235,mirror
2019,520100,Algodão em fibra,764,Tailândia,1016694,3.655,mirror
2019,520100,Algodão em fibra,792,Turquia,638000,2.293,mirror
2019,520100,Algodão em fibra,620,Portugal,566083,2.035,mirror
2019,670490,Perucas e artigos semelhantes,710,África do Sul,29028809,97.671,mirror
2019,670490,Perucas e artigos semelhantes,716,Zimbabué,467118,1.572,mirror
2019,670490,Perucas e artigos semelhantes,748,Eswatini,191750,0.645,mirror
2019,670490,Perucas e artigos semelhantes,450,Madagáscar,32935,0.111,mirror
2019,670490,Perucas e artigos semelhantes,454,Malawi,288,0.001,mirror
2019,670490,Perucas e artigos semelhantes,372,Irlanda,68,0.0,mirror
2019,710391,"Rubis, safiras e esmeraldas",842,EUA,60333206,42.157,mirror
2019,710391,"Rubis, safiras e esmeraldas",251,França,25858420,18.068,mirror
2019,710391,"Rubis, safiras e esmeraldas",757,Suíça,25601347,17.889,mirror
2019,710391,"Rubis, safiras e esmeraldas",380,Itália,14331101,10.014,mirror
2019,710391,"Rubis, safiras e esmeraldas",156,China,10259324,7.169,mirror
2019,710391,"Rubis, safiras e esmeraldas",764,Tailândia,4873895,3.406,mirror
2019,710391,"Rubis, safiras e esmeraldas",392,Japão,885380,0.619,mirror
2019,710391,"Rubis, safiras e esmeraldas",784,Emirados Árabes Unidos,312565,0.218,mirror
2019,760110,"Alumínio não ligado, em bruto",380,Itália,316431709,32.319,mirror
2019,760110,"Alumínio não ligado, em bruto",724,Espanha,177990348,18.179,mirror
2019,760110,"Alumínio não ligado, em bruto",276,Alemanha,139839023,14.282,mirror
2019,760110,"Alumínio não ligado, em bruto",300,Grécia,83682095,8.547,mirror
2019,760110,"Alumínio não ligado, em bruto",528,Países Baixos,81873445,8.362,mirror
2019,760110,"Alumínio não ligado, em bruto",705,Eslovénia,57694010,5.893,mirror
2019,760110,"Alumínio não ligado, em bruto",616,Polónia,57435320,5.866,mirror
2019,760110,"Alumínio não ligado, em bruto",203,Chéquia,26218001,2.678,mirror
2019,760120,"Ligas de alumínio, em bruto",203,Chéquia,4827523,89.19,mirror
2019,760120,"Ligas de alumínio, em bruto",616,Polónia,381472,7.048,mirror
2019,760120,"Ligas de alumínio, em bruto",699,Índia,90549,1.673,mirror
2019,760120,"Ligas de alumínio, em bruto",251,França,72374,1.337,mirror
2019,760120,"Ligas de alumínio, em bruto",450,Madagáscar,40721,0.752,mirror
2019,760429,Varões e perfis de ligas de alumínio,454,Malawi,159,100.0,mirror
2019,760511,Fios de alumínio,724,Espanha,28836700,29.697,mirror
2019,760511,Fios de alumínio,380,Itália,22771275,23.45,mirror
2019,760511,Fios de alumínio,710,África do Sul,20559369,21.172,mirror
2019,760511,Fios de alumínio,251,França,5471726,5.635,mirror
2019,760511,Fios de alumínio,616,Polónia,4284313,4.412,mirror
2019,760511,Fios de alumínio,246,Finlândia,3962121,4.08,mirror
2019,760511,Fios de alumínio,642,Roménia,3381295,3.482,mirror
2019,760511,Fios de alumínio,276,Alemanha,2398589,2.47,mirror
2019,999999,Mercadorias não especificadas,528,Países Baixos,6943498,46.815,mirror
2019,999999,Mercadorias não especificadas,842,EUA,3453151,23.282,mirror
2019,999999,Mercadorias não especificadas,702,Singapura,1149902,7.753,mirror
2019,999999,Mercadorias não especificadas,454,Malawi,736890,4.968,mirror
2019,999999,Mercadorias não especificadas,276,Alemanha,679225,4.58,mirror
2019,999999,Mercadorias não especificadas,380,Itália,572009,3.857,mirror
2019,999999,Mercadorias não especificadas,716,Zimbabué,413174,2.786,mirror
2019,999999,Mercadorias não especificadas,710,África do Sul,237742,1.603,mirror
2020,071390,Outras leguminosas secas,699,Índia,42784733,95.618,direct
2020,071390,Outras leguminosas secas,716,Zimbabué,736478,1.646,direct
2020,071390,Outras leguminosas secas,156,China,212653,0.475,direct
2020,071390,Outras leguminosas secas,50,Bangladesh,203609,0.455,direct
2020,071390,Outras leguminosas secas,784,Emirados Árabes Unidos,155623,0.348,direct
2020,071390,Outras leguminosas secas,524,Nepal,141126,0.315,direct
2020,071390,Outras leguminosas secas,392,Japão,108786,0.243,direct
2020,071390,Outras leguminosas secas,586,Paquistão,98418,0.22,direct
2020,080131,Castanha de caju com casca,699,Índia,25211964,56.348,direct
2020,080131,Castanha de caju com casca,704,Vietname,19359900,43.269,direct
2020,080131,Castanha de caju com casca,404,Quénia,110258,0.246,direct
2020,080131,Castanha de caju com casca,710,África do Sul,61444,0.137,direct
2020,120740,Sementes de sésamo (gergelim),156,China,46127050,66.625,direct
2020,120740,Sementes de sésamo (gergelim),392,Japão,11881645,17.162,direct
2020,120740,Sementes de sésamo (gergelim),699,Índia,3468384,5.01,direct
2020,120740,Sementes de sésamo (gergelim),792,Turquia,2793735,4.035,direct
2020,120740,Sementes de sésamo (gergelim),300,Grécia,1528479,2.208,direct
2020,120740,Sementes de sésamo (gergelim),616,Polónia,1253996,1.811,direct
2020,120740,Sementes de sésamo (gergelim),704,Vietname,814548,1.177,direct
2020,120740,Sementes de sésamo (gergelim),784,Emirados Árabes Unidos,280685,0.405,direct
2020,240120,Tabaco destalado,56,Bélgica,119561624,69.971,direct
2020,240120,Tabaco destalado,842,EUA,14282428,8.358,direct
2020,240120,Tabaco destalado,616,Polónia,5023160,2.94,direct
2020,240120,Tabaco destalado,410,Coreia do Sul,4500414,2.634,direct
2020,240120,Tabaco destalado,276,Alemanha,4437247,2.597,direct
2020,240120,Tabaco destalado,643,Rússia,3184844,1.864,direct
2020,240120,Tabaco destalado,710,África do Sul,2882684,1.687,direct
2020,240120,Tabaco destalado,788,Tunisia,2264707,1.325,direct
2020,250590,Areias naturais,156,China,31593901,91.61,direct
2020,250590,Areias naturais,757,Suíça,1787084,5.182,direct
2020,250590,Areias naturais,344,Hong Kong (RAEHK),1106288,3.208,direct
2020,250590,Areias naturais,36,Austrália,112,0.0,direct
2020,250590,Areias naturais,710,África do Sul,18,0.0,direct
2020,261400,Minério de titânio,156,China,80701225,42.867,direct
2020,261400,Minério de titânio,724,Espanha,22285971,11.838,direct
2020,261400,Minério de titânio,699,Índia,19268553,10.235,direct
2020,261400,Minério de titânio,705,Eslovénia,17937827,9.528,direct
2020,261400,Minério de titânio,842,EUA,12152967,6.455,direct
2020,261400,Minério de titânio,124,Canadá,11697435,6.213,direct
2020,261400,Minério de titânio,458,Malásia,8540663,4.537,direct
2020,261400,Minério de titânio,710,África do Sul,5809265,3.086,direct
2020,261510,Minério de zircónio,156,China,29505904,58.726,direct
2020,261510,Minério de zircónio,380,Itália,18020298,35.866,direct
2020,261510,Minério de zircónio,251,França,2717500,5.409,direct
2020,270119,Outros carvões minerais,699,Índia,252233939,41.116,direct
2020,270119,Outros carvões minerais,410,Coreia do Sul,75391204,12.289,direct
2020,270119,Outros carvões minerais,616,Polónia,68351436,11.142,direct
2020,270119,Outros carvões minerais,704,Vietname,36322901,5.921,direct
2020,270119,Outros carvões minerais,784,Emirados Árabes Unidos,32061915,5.226,direct
2020,270119,Outros carvões minerais,76,Brasil,31398742,5.118,direct
2020,270119,Outros carvões minerais,156,China,25732367,4.195,direct
2020,270119,Outros carvões minerais,710,África do Sul,24358109,3.971,direct
2020,270400,Coque,699,Índia,30265528,91.023,direct
2020,270400,Coque,784,Emirados Árabes Unidos,2984670,8.976,direct
2020,270400,Coque,76,Brasil,110,0.0,direct
2020,271019,Gasóleo e combustíveis médios e pesados,699,Índia,7062080,26.283,direct
2020,271019,Gasóleo e combustíveis médios e pesados,784,Emirados Árabes Unidos,6333834,23.573,direct
2020,271019,Gasóleo e combustíveis médios e pesados,710,África do Sul,4381459,16.307,direct
2020,271019,Gasóleo e combustíveis médios e pesados,748,Eswatini,3338036,12.423,direct
2020,271019,Gasóleo e combustíveis médios e pesados,512,Omã,1483592,5.522,direct
2020,271019,Gasóleo e combustíveis médios e pesados,899,"Areas, nes",1262866,4.7,direct
2020,271019,Gasóleo e combustíveis médios e pesados,826,Reino Unido,1061512,3.951,direct
2020,271019,Gasóleo e combustíveis médios e pesados,894,Zâmbia,649631,2.418,direct
2020,271111,Gás natural liquefeito (GNL),710,África do Sul,3757004,100.0,direct
2020,271121,Gás natural em estado gasoso,710,África do Sul,228129613,100.0,direct
2020,271600,Energia elétrica,710,África do Sul,365248997,80.022,direct
2020,271600,Energia elétrica,716,Zimbabué,81461301,17.847,direct
2020,271600,Energia elétrica,426,Lesotho,7648246,1.676,direct
2020,271600,Energia elétrica,894,Zâmbia,1180683,0.259,direct
2020,271600,Energia elétrica,72,Botsuana,794867,0.174,direct
2020,271600,Energia elétrica,454,Malawi,103411,0.023,direct
2020,380290,Produtos minerais ativados,710,África do Sul,1986943,100.0,direct
2020,520100,Algodão em fibra,826,Reino Unido,2439887,26.192,direct
2020,520100,Algodão em fibra,702,Singapura,1570122,16.855,direct
2020,520100,Algodão em fibra,480,Maurícias,1352289,14.517,direct
2020,520100,Algodão em fibra,360,Indonésia,1007306,10.813,direct
2020,520100,Algodão em fibra,156,China,798896,8.576,direct
2020,520100,Algodão em fibra,50,Bangladesh,784073,8.417,direct
2020,520100,Algodão em fibra,704,Vietname,586597,6.297,direct
2020,520100,Algodão em fibra,710,África do Sul,432248,4.64,direct
2020,670490,Perucas e artigos semelhantes,710,África do Sul,38104075,97.702,direct
2020,670490,Perucas e artigos semelhantes,716,Zimbabué,455992,1.169,direct
2020,670490,Perucas e artigos semelhantes,748,Eswatini,294347,0.755,direct
2020,670490,Perucas e artigos semelhantes,450,Madagáscar,102904,0.264,direct
2020,670490,Perucas e artigos semelhantes,4,Afghanistan,42913,0.11,direct
2020,710391,"Rubis, safiras e esmeraldas",344,Hong Kong (RAEHK),12023657,100.0,direct
2020,760110,"Alumínio não ligado, em bruto",826,Reino Unido,325007948,35.821,direct
2020,760110,"Alumínio não ligado, em bruto",380,Itália,201025226,22.156,direct
2020,760110,"Alumínio não ligado, em bruto",528,Países Baixos,180840368,19.932,direct
2020,760110,"Alumínio não ligado, em bruto",702,Singapura,107328296,11.829,direct
2020,760110,"Alumínio não ligado, em bruto",724,Espanha,59060728,6.51,direct
2020,760110,"Alumínio não ligado, em bruto",56,Bélgica,9124086,1.006,direct
2020,760110,"Alumínio não ligado, em bruto",757,Suíça,8508970,0.938,direct
2020,760110,"Alumínio não ligado, em bruto",300,Grécia,8294921,0.914,direct
2020,760120,"Ligas de alumínio, em bruto",682,Arábia Saudita,35213,50.251,direct
2020,760120,"Ligas de alumínio, em bruto",699,Índia,34861,49.749,direct
2020,760511,Fios de alumínio,826,Reino Unido,34243060,47.806,direct
2020,760511,Fios de alumínio,380,Itália,13899028,19.404,direct
2020,760511,Fios de alumínio,710,África do Sul,10617431,14.823,direct
2020,760511,Fios de alumínio,724,Espanha,6565625,9.166,direct
2020,760511,Fios de alumínio,276,Alemanha,1688793,2.358,direct
2020,760511,Fios de alumínio,716,Zimbabué,1372466,1.916,direct
2020,760511,Fios de alumínio,72,Botsuana,1090857,1.523,direct
2020,760511,Fios de alumínio,616,Polónia,748029,1.044,direct
2020,999999,Mercadorias não especificadas,724,Espanha,14233277,54.505,direct
2020,999999,Mercadorias não especificadas,620,Portugal,4774218,18.282,direct
2020,999999,Mercadorias não especificadas,156,China,3054005,11.695,direct
2020,999999,Mercadorias não especificadas,251,França,2697964,10.332,direct
2020,999999,Mercadorias não especificadas,710,África do Sul,907817,3.476,direct
2020,999999,Mercadorias não especificadas,276,Alemanha,390674,1.496,direct
2020,999999,Mercadorias não especificadas,504,Marrocos,41203,0.158,direct
2020,999999,Mercadorias não especificadas,826,Reino Unido,4188,0.016,direct
2020,071390,Outras leguminosas secas,699,Índia,868190,59.867,mirror
2020,071390,Outras leguminosas secas,784,Emirados Árabes Unidos,438174,30.215,mirror
2020,071390,Outras leguminosas secas,458,Malásia,125449,8.65,mirror
2020,071390,Outras leguminosas secas,710,África do Sul,18390,1.268,mirror
2020,071390,Outras leguminosas secas,524,Nepal,1,0.0,mirror
2020,080131,Castanha de caju com casca,699,Índia,29878964,66.405,mirror
2020,080131,Castanha de caju com casca,704,Vietname,14372910,31.943,mirror
2020,080131,Castanha de caju com casca,710,África do Sul,578904,1.287,mirror
2020,080131,Castanha de caju com casca,404,Quénia,124466,0.277,mirror
2020,080131,Castanha de caju com casca,24,Angola,40015,0.089,mirror
2020,080131,Castanha de caju com casca,757,Suíça,2,0.0,mirror
2020,120740,Sementes de sésamo (gergelim),156,China,111479137,71.118,mirror
2020,120740,Sementes de sésamo (gergelim),392,Japão,24691137,15.752,mirror
2020,120740,Sementes de sésamo (gergelim),792,Turquia,7162235,4.569,mirror
2020,120740,Sementes de sésamo (gergelim),699,Índia,3762837,2.4,mirror
2020,120740,Sementes de sésamo (gergelim),276,Alemanha,3109622,1.984,mirror
2020,120740,Sementes de sésamo (gergelim),616,Polónia,1676029,1.069,mirror
2020,120740,Sementes de sésamo (gergelim),704,Vietname,1530025,0.976,mirror
2020,120740,Sementes de sésamo (gergelim),300,Grécia,1309610,0.835,mirror
2020,240120,Tabaco destalado,792,Turquia,52157227,21.869,mirror
2020,240120,Tabaco destalado,616,Polónia,45303014,18.995,mirror
2020,240120,Tabaco destalado,643,Rússia,30603930,12.832,mirror
2020,240120,Tabaco destalado,276,Alemanha,26815509,11.243,mirror
2020,240120,Tabaco destalado,528,Países Baixos,10826710,4.54,mirror
2020,240120,Tabaco destalado,804,Ucrânia,7904727,3.314,mirror
2020,240120,Tabaco destalado,203,Chéquia,7186690,3.013,mirror
2020,240120,Tabaco destalado,360,Indonésia,5951481,2.495,mirror
2020,250590,Areias naturais,710,África do Sul,1227,100.0,mirror
2020,261400,Minério de titânio,156,China,205688006,65.476,mirror
2020,261400,Minério de titânio,724,Espanha,28943377,9.213,mirror
2020,261400,Minério de titânio,124,Canadá,17588169,5.599,mirror
2020,261400,Minério de titânio,699,Índia,15611354,4.969,mirror
2020,261400,Minério de titânio,842,EUA,14969764,4.765,mirror
2020,261400,Minério de titânio,458,Malásia,10703427,3.407,mirror
2020,261400,Minério de titânio,705,Eslovénia,8274099,2.634,mirror
2020,261400,Minério de titânio,484,México,4893653,1.558,mirror
2020,261510,Minério de zircónio,156,China,51403581,67.254,mirror
2020,261510,Minério de zircónio,380,Itália,20344671,26.618,mirror
2020,261510,Minério de zircónio,528,Países Baixos,2104228,2.753,mirror
2020,261510,Minério de zircónio,251,França,1699481,2.224,mirror
2020,261510,Minério de zircónio,76,Brasil,653313,0.855,mirror
2020,261510,Minério de zircónio,792,Turquia,166448,0.218,mirror
2020,261510,Minério de zircónio,124,Canadá,59471,0.078,mirror
2020,261510,Minério de zircónio,764,Tailândia,347,0.0,mirror
2020,270119,Outros carvões minerais,699,Índia,325721116,77.914,mirror
2020,270119,Outros carvões minerais,784,Emirados Árabes Unidos,53612375,12.824,mirror
2020,270119,Outros carvões minerais,704,Vietname,23061540,5.516,mirror
2020,270119,Outros carvões minerais,686,Senegal,5230941,1.251,mirror
2020,270119,Outros carvões minerais,404,Quénia,5045409,1.207,mirror
2020,270119,Outros carvões minerais,104,Myanmar,3270000,0.782,mirror
2020,270119,Outros carvões minerais,454,Malawi,2072464,0.496,mirror
2020,270119,Outros carvões minerais,894,Zâmbia,33192,0.008,mirror
2020,271019,Gasóleo e combustíveis médios e pesados,716,Zimbabué,17817213,93.467,mirror
2020,271019,Gasóleo e combustíveis médios e pesados,894,Zâmbia,1245102,6.532,mirror
2020,271019,Gasóleo e combustíveis médios e pesados,404,Quénia,127,0.001,mirror
2020,271019,Gasóleo e combustíveis médios e pesados,56,Bélgica,101,0.001,mirror
2020,271111,Gás natural liquefeito (GNL),710,África do Sul,238462073,100.0,mirror
2020,271600,Energia elétrica,710,África do Sul,242369124,83.468,mirror
2020,271600,Energia elétrica,716,Zimbabué,42321320,14.575,mirror
2020,271600,Energia elétrica,748,Eswatini,3236169,1.114,mirror
2020,271600,Energia elétrica,426,Lesotho,1726006,0.594,mirror
2020,271600,Energia elétrica,72,Botsuana,383167,0.132,mirror
2020,271600,Energia elétrica,454,Malawi,339186,0.117,mirror
2020,520100,Algodão em fibra,480,Maurícias,5141503,34.121,mirror
2020,520100,Algodão em fibra,764,Tailândia,3935937,26.121,mirror
2020,520100,Algodão em fibra,360,Indonésia,1259754,8.36,mirror
2020,520100,Algodão em fibra,704,Vietname,1188733,7.889,mirror
2020,520100,Algodão em fibra,156,China,907525,6.023,mirror
2020,520100,Algodão em fibra,792,Turquia,606953,4.028,mirror
2020,520100,Algodão em fibra,426,Lesotho,604651,4.013,mirror
2020,520100,Algodão em fibra,710,África do Sul,451128,2.994,mirror
2020,670490,Perucas e artigos semelhantes,710,África do Sul,38524911,98.269,mirror
2020,670490,Perucas e artigos semelhantes,748,Eswatini,335907,0.857,mirror
2020,670490,Perucas e artigos semelhantes,716,Zimbabué,322138,0.822,mirror
2020,670490,Perucas e artigos semelhantes,450,Madagáscar,20625,0.053,mirror
2020,710391,"Rubis, safiras e esmeraldas",842,EUA,29016649,31.161,mirror
2020,710391,"Rubis, safiras e esmeraldas",757,Suíça,17819937,19.137,mirror
2020,710391,"Rubis, safiras e esmeraldas",251,França,15192905,16.316,mirror
2020,710391,"Rubis, safiras e esmeraldas",156,China,13351443,14.338,mirror
2020,710391,"Rubis, safiras e esmeraldas",764,Tailândia,5544059,5.954,mirror
2020,710391,"Rubis, safiras e esmeraldas",380,Itália,5199436,5.584,mirror
2020,710391,"Rubis, safiras e esmeraldas",392,Japão,5096352,5.473,mirror
2020,710391,"Rubis, safiras e esmeraldas",784,Emirados Árabes Unidos,1250900,1.343,mirror
2020,760110,"Alumínio não ligado, em bruto",380,Itália,268988523,30.047,mirror
2020,760110,"Alumínio não ligado, em bruto",724,Espanha,183352889,20.481,mirror
2020,760110,"Alumínio não ligado, em bruto",528,Países Baixos,136357577,15.232,mirror
2020,760110,"Alumínio não ligado, em bruto",276,Alemanha,80954524,9.043,mirror
2020,760110,"Alumínio não ligado, em bruto",616,Polónia,61248610,6.842,mirror
2020,760110,"Alumínio não ligado, em bruto",705,Eslovénia,59684944,6.667,mirror
2020,760110,"Alumínio não ligado, em bruto",300,Grécia,58098350,6.49,mirror
2020,760110,"Alumínio não ligado, em bruto",203,Chéquia,26246648,2.932,mirror
2020,760120,"Ligas de alumínio, em bruto",203,Chéquia,11697091,89.6,mirror
2020,760120,"Ligas de alumínio, em bruto",616,Polónia,782437,5.993,mirror
2020,760120,"Ligas de alumínio, em bruto",699,Índia,190759,1.461,mirror
2020,760120,"Ligas de alumínio, em bruto",40,Áustria,132254,1.013,mirror
2020,760120,"Ligas de alumínio, em bruto",251,França,96075,0.736,mirror
2020,760120,"Ligas de alumínio, em bruto",156,China,71657,0.549,mirror
2020,760120,"Ligas de alumínio, em bruto",380,Itália,42877,0.328,mirror
2020,760120,"Ligas de alumínio, em bruto",450,Madagáscar,41614,0.319,mirror
2020,760511,Fios de alumínio,380,Itália,22821205,35.948,mirror
2020,760511,Fios de alumínio,724,Espanha,11068377,17.435,mirror
2020,760511,Fios de alumínio,710,África do Sul,10487178,16.519,mirror
2020,760511,Fios de alumínio,251,França,5899693,9.293,mirror
2020,760511,Fios de alumínio,246,Finlândia,4459371,7.024,mirror
2020,760511,Fios de alumínio,300,Grécia,2811039,4.428,mirror
2020,760511,Fios de alumínio,528,Países Baixos,1811329,2.853,mirror
2020,760511,Fios de alumínio,716,Zimbabué,1212159,1.909,mirror
2020,999999,Mercadorias não especificadas,528,Países Baixos,3877604,34.055,mirror
2020,999999,Mercadorias não especificadas,842,EUA,2789841,24.502,mirror
2020,999999,Mercadorias não especificadas,276,Alemanha,2042023,17.934,mirror
2020,999999,Mercadorias não especificadas,702,Singapura,1601006,14.061,mirror
2020,999999,Mercadorias não especificadas,716,Zimbabué,208727,1.833,mirror
2020,999999,Mercadorias não especificadas,710,África do Sul,193556,1.7,mirror
2020,999999,Mercadorias não especificadas,454,Malawi,145491,1.278,mirror
2020,999999,Mercadorias não especificadas,392,Japão,103370,0.908,mirror
2021,071390,Outras leguminosas secas,699,Índia,90164780,97.429,direct
2021,071390,Outras leguminosas secas,784,Emirados Árabes Unidos,685174,0.74,direct
2021,071390,Outras leguminosas secas,710,África do Sul,562657,0.608,direct
2021,071390,Outras leguminosas secas,764,Tailândia,513240,0.555,direct
2021,071390,Outras leguminosas secas,156,China,158619,0.171,direct
2021,071390,Outras leguminosas secas,748,Eswatini,149452,0.161,direct
2021,071390,Outras leguminosas secas,704,Vietname,149015,0.161,direct
2021,071390,Outras leguminosas secas,826,Reino Unido,82912,0.09,direct
2021,080131,Castanha de caju com casca,704,Vietname,19947886,66.338,direct
2021,080131,Castanha de caju com casca,699,Índia,10094093,33.569,direct
2021,080131,Castanha de caju com casca,710,África do Sul,27986,0.093,direct
2021,080131,Castanha de caju com casca,156,China,7,0.0,direct
2021,120740,Sementes de sésamo (gergelim),156,China,60964806,73.441,direct
2021,120740,Sementes de sésamo (gergelim),392,Japão,13186870,15.886,direct
2021,120740,Sementes de sésamo (gergelim),699,Índia,2618498,3.154,direct
2021,120740,Sementes de sésamo (gergelim),276,Alemanha,2099163,2.529,direct
2021,120740,Sementes de sésamo (gergelim),300,Grécia,1487336,1.792,direct
2021,120740,Sementes de sésamo (gergelim),616,Polónia,1100825,1.326,direct
2021,120740,Sementes de sésamo (gergelim),784,Emirados Árabes Unidos,448756,0.541,direct
2021,120740,Sementes de sésamo (gergelim),710,África do Sul,253956,0.306,direct
2021,240120,Tabaco destalado,56,Bélgica,73713718,56.9,direct
2021,240120,Tabaco destalado,410,Coreia do Sul,6250409,4.825,direct
2021,240120,Tabaco destalado,484,México,4953191,3.823,direct
2021,240120,Tabaco destalado,620,Portugal,4814643,3.716,direct
2021,240120,Tabaco destalado,276,Alemanha,4764230,3.678,direct
2021,240120,Tabaco destalado,643,Rússia,3805574,2.938,direct
2021,240120,Tabaco destalado,251,França,3773524,2.913,direct
2021,240120,Tabaco destalado,124,Canadá,3557276,2.746,direct
2021,250590,Areias naturais,156,China,50022025,78.798,direct
2021,250590,Areias naturais,344,Hong Kong (RAEHK),13459077,21.202,direct
2021,250590,Areias naturais,710,África do Sul,192,0.0,direct
2021,250590,Areias naturais,36,Austrália,45,0.0,direct
2021,250590,Areias naturais,616,Polónia,12,0.0,direct
2021,261400,Minério de titânio,156,China,110414795,29.632,direct
2021,261400,Minério de titânio,842,EUA,49691969,13.336,direct
2021,261400,Minério de titânio,124,Canadá,34920968,9.372,direct
2021,261400,Minério de titânio,724,Espanha,34854484,9.354,direct
2021,261400,Minério de titânio,458,Malásia,31726017,8.514,direct
2021,261400,Minério de titânio,392,Japão,22793007,6.117,direct
2021,261400,Minério de titânio,528,Países Baixos,17445652,4.682,direct
2021,261400,Minério de titânio,380,Itália,16866134,4.526,direct
2021,261510,Minério de zircónio,156,China,60599309,69.025,direct
2021,261510,Minério de zircónio,380,Itália,20806184,23.699,direct
2021,261510,Minério de zircónio,251,França,3635594,4.141,direct
2021,261510,Minério de zircónio,528,Países Baixos,2752305,3.135,direct
2021,261510,Minério de zircónio,124,Canadá,8,0.0,direct
2021,270119,Outros carvões minerais,699,Índia,466001569,37.464,direct
2021,270119,Outros carvões minerais,410,Coreia do Sul,197388258,15.869,direct
2021,270119,Outros carvões minerais,528,Países Baixos,135239605,10.873,direct
2021,270119,Outros carvões minerais,156,China,127277881,10.233,direct
2021,270119,Outros carvões minerais,616,Polónia,82058422,6.597,direct
2021,270119,Outros carvões minerais,392,Japão,53189905,4.276,direct
2021,270119,Outros carvões minerais,784,Emirados Árabes Unidos,34859603,2.803,direct
2021,270119,Outros carvões minerais,586,Paquistão,34154839,2.746,direct
2021,270400,Coque,699,Índia,99658316,44.951,direct
2021,270400,Coque,702,Singapura,20803078,9.383,direct
2021,270400,Coque,156,China,16930556,7.637,direct
2021,270400,Coque,784,Emirados Árabes Unidos,12697770,5.727,direct
2021,270400,Coque,842,EUA,9040299,4.078,direct
2021,270400,Coque,528,Países Baixos,8771723,3.957,direct
2021,270400,Coque,586,Paquistão,8771723,3.957,direct
2021,270400,Coque,616,Polónia,7894987,3.561,direct
2021,271019,Gasóleo e combustíveis médios e pesados,784,Emirados Árabes Unidos,10667350,34.115,direct
2021,271019,Gasóleo e combustíveis médios e pesados,748,Eswatini,4513624,14.435,direct
2021,271019,Gasóleo e combustíveis médios e pesados,414,Kuwait,2181369,6.976,direct
2021,271019,Gasóleo e combustíveis médios e pesados,512,Omã,2147718,6.869,direct
2021,271019,Gasóleo e combustíveis médios e pesados,716,Zimbabué,1713988,5.482,direct
2021,271019,Gasóleo e combustíveis médios e pesados,699,Índia,1637446,5.237,direct
2021,271019,Gasóleo e combustíveis médios e pesados,454,Malawi,1151786,3.684,direct
2021,271019,Gasóleo e combustíveis médios e pesados,48,Barém,1103129,3.528,direct
2021,271111,Gás natural liquefeito (GNL),710,África do Sul,10849482,81.706,direct
2021,271111,Gás natural liquefeito (GNL),784,Emirados Árabes Unidos,2427863,18.284,direct
2021,271111,Gás natural liquefeito (GNL),682,Arábia Saudita,1347,0.01,direct
2021,271121,Gás natural em estado gasoso,710,África do Sul,258156567,100.0,direct
2021,271600,Energia elétrica,710,África do Sul,424818457,74.568,direct
2021,271600,Energia elétrica,716,Zimbabué,119196214,20.922,direct
2021,271600,Energia elétrica,894,Zâmbia,10965679,1.925,direct
2021,271600,Energia elétrica,426,Lesotho,6877387,1.207,direct
2021,271600,Energia elétrica,748,Eswatini,5704424,1.001,direct
2021,271600,Energia elétrica,72,Botsuana,1879994,0.33,direct
2021,271600,Energia elétrica,454,Malawi,267015,0.047,direct
2021,520100,Algodão em fibra,586,Paquistão,5967012,40.717,direct
2021,520100,Algodão em fibra,480,Maurícias,2114740,14.43,direct
2021,520100,Algodão em fibra,704,Vietname,1938363,13.227,direct
2021,520100,Algodão em fibra,360,Indonésia,1584560,10.813,direct
2021,520100,Algodão em fibra,702,Singapura,1299121,8.865,direct
2021,520100,Algodão em fibra,757,Suíça,465541,3.177,direct
2021,520100,Algodão em fibra,50,Bangladesh,343784,2.346,direct
2021,520100,Algodão em fibra,826,Reino Unido,338597,2.31,direct
2021,670490,Perucas e artigos semelhantes,710,África do Sul,41737465,98.169,direct
2021,670490,Perucas e artigos semelhantes,748,Eswatini,577746,1.359,direct
2021,670490,Perucas e artigos semelhantes,716,Zimbabué,141954,0.334,direct
2021,670490,Perucas e artigos semelhantes,246,Finlândia,55681,0.131,direct
2021,670490,Perucas e artigos semelhantes,894,Zâmbia,3124,0.007,direct
2021,710391,"Rubis, safiras e esmeraldas",702,Singapura,116037435,73.397,direct
2021,710391,"Rubis, safiras e esmeraldas",344,Hong Kong (RAEHK),17667946,11.175,direct
2021,710391,"Rubis, safiras e esmeraldas",764,Tailândia,14041291,8.881,direct
2021,710391,"Rubis, safiras e esmeraldas",842,EUA,6707168,4.242,direct
2021,710391,"Rubis, safiras e esmeraldas",251,França,1723328,1.09,direct
2021,710391,"Rubis, safiras e esmeraldas",784,Emirados Árabes Unidos,1723328,1.09,direct
2021,710391,"Rubis, safiras e esmeraldas",699,Índia,195813,0.124,direct
2021,760110,"Alumínio não ligado, em bruto",826,Reino Unido,520025237,41.501,direct
2021,760110,"Alumínio não ligado, em bruto",528,Países Baixos,285323286,22.77,direct
2021,760110,"Alumínio não ligado, em bruto",702,Singapura,227529957,18.158,direct
2021,760110,"Alumínio não ligado, em bruto",380,Itália,103798061,8.284,direct
2021,760110,"Alumínio não ligado, em bruto",724,Espanha,45988130,3.67,direct
2021,760110,"Alumínio não ligado, em bruto",705,Eslovénia,21149930,1.688,direct
2021,760110,"Alumínio não ligado, em bruto",616,Polónia,17702646,1.413,direct
2021,760110,"Alumínio não ligado, em bruto",757,Suíça,11896502,0.949,direct
2021,760120,"Ligas de alumínio, em bruto",156,China,337052,55.718,direct
2021,760120,"Ligas de alumínio, em bruto",490,Taiwan (Prov. China),144565,23.898,direct
2021,760120,"Ligas de alumínio, em bruto",699,Índia,123307,20.384,direct
2021,760429,Varões e perfis de ligas de alumínio,156,China,673,100.0,direct
2021,760511,Fios de alumínio,826,Reino Unido,48956335,36.39,direct
2021,760511,Fios de alumínio,380,Itália,20607601,15.318,direct
2021,760511,Fios de alumínio,48,Barém,20310240,15.097,direct
2021,760511,Fios de alumínio,710,África do Sul,14021461,10.422,direct
2021,760511,Fios de alumínio,724,Espanha,9846179,7.319,direct
2021,760511,Fios de alumínio,276,Alemanha,3742563,2.782,direct
2021,760511,Fios de alumínio,191,Croácia,3066240,2.279,direct
2021,760511,Fios de alumínio,616,Polónia,2966510,2.205,direct
2021,999999,Mercadorias não especificadas,724,Espanha,24326779,71.146,direct
2021,999999,Mercadorias não especificadas,156,China,7190703,21.03,direct
2021,999999,Mercadorias não especificadas,620,Portugal,1772646,5.184,direct
2021,999999,Mercadorias não especificadas,276,Alemanha,517731,1.514,direct
2021,999999,Mercadorias não especificadas,392,Japão,163464,0.478,direct
2021,999999,Mercadorias não especificadas,528,Países Baixos,142822,0.418,direct
2021,999999,Mercadorias não especificadas,710,África do Sul,66678,0.195,direct
2021,999999,Mercadorias não especificadas,426,Lesotho,2334,0.007,direct
2021,071390,Outras leguminosas secas,784,Emirados Árabes Unidos,2177712,85.905,mirror
2021,071390,Outras leguminosas secas,710,África do Sul,170570,6.729,mirror
2021,071390,Outras leguminosas secas,699,Índia,129592,5.112,mirror
2021,071390,Outras leguminosas secas,458,Malásia,55519,2.19,mirror
2021,071390,Outras leguminosas secas,620,Portugal,1623,0.064,mirror
2021,080131,Castanha de caju com casca,704,Vietname,27329171,80.29,mirror
2021,080131,Castanha de caju com casca,699,Índia,6080784,17.865,mirror
2021,080131,Castanha de caju com casca,710,África do Sul,391609,1.15,mirror
2021,080131,Castanha de caju com casca,344,Hong Kong (RAEHK),236611,0.695,mirror
2021,080131,Castanha de caju com casca,56,Bélgica,25,0.0,mirror
2021,120740,Sementes de sésamo (gergelim),156,China,87412229,81.769,mirror
2021,120740,Sementes de sésamo (gergelim),392,Japão,13017234,12.177,mirror
2021,120740,Sementes de sésamo (gergelim),276,Alemanha,2084121,1.95,mirror
2021,120740,Sementes de sésamo (gergelim),300,Grécia,1511529,1.414,mirror
2021,120740,Sementes de sésamo (gergelim),616,Polónia,1466761,1.372,mirror
2021,120740,Sementes de sésamo (gergelim),792,Turquia,414281,0.388,mirror
2021,120740,Sementes de sésamo (gergelim),710,África do Sul,320967,0.3,mirror
2021,120740,Sementes de sésamo (gergelim),56,Bélgica,281671,0.263,mirror
2021,240120,Tabaco destalado,616,Polónia,42383003,18.738,mirror
2021,240120,Tabaco destalado,792,Turquia,40929070,18.095,mirror
2021,240120,Tabaco destalado,276,Alemanha,32270234,14.267,mirror
2021,240120,Tabaco destalado,643,Rússia,27183969,12.018,mirror
2021,240120,Tabaco destalado,528,Países Baixos,12310482,5.443,mirror
2021,240120,Tabaco destalado,804,Ucrânia,10811251,4.78,mirror
2021,240120,Tabaco destalado,410,Coreia do Sul,5746448,2.541,mirror
2021,240120,Tabaco destalado,203,Chéquia,5078075,2.245,mirror
2021,250590,Areias naturais,276,Alemanha,311040,99.349,mirror
2021,250590,Areias naturais,710,África do Sul,1226,0.392,mirror
2021,250590,Areias naturais,834,Tanzânia,813,0.26,mirror
2021,261400,Minério de titânio,156,China,427876296,63.828,mirror
2021,261400,Minério de titânio,842,EUA,57717961,8.61,mirror
2021,261400,Minério de titânio,724,Espanha,37164181,5.544,mirror
2021,261400,Minério de titânio,392,Japão,33065473,4.932,mirror
2021,261400,Minério de titânio,124,Canadá,25390598,3.788,mirror
2021,261400,Minério de titânio,643,Rússia,24410580,3.641,mirror
2021,261400,Minério de titânio,458,Malásia,22353672,3.335,mirror
2021,261400,Minério de titânio,699,Índia,21763447,3.247,mirror
2021,261510,Minério de zircónio,156,China,65914986,63.075,mirror
2021,261510,Minério de zircónio,380,Itália,34311215,32.833,mirror
2021,261510,Minério de zircónio,528,Países Baixos,2732329,2.615,mirror
2021,261510,Minério de zircónio,251,França,1543145,1.477,mirror
2021,261510,Minério de zircónio,764,Tailândia,179,0.0,mirror
2021,261510,Minério de zircónio,710,África do Sul,5,0.0,mirror
2021,270119,Outros carvões minerais,699,Índia,602565790,81.813,mirror
2021,270119,Outros carvões minerais,784,Emirados Árabes Unidos,34189320,4.642,mirror
2021,270119,Outros carvões minerais,528,Países Baixos,33143543,4.5,mirror
2021,270119,Outros carvões minerais,404,Quénia,16550816,2.247,mirror
2021,270119,Outros carvões minerais,768,Togo,14183844,1.926,mirror
2021,270119,Outros carvões minerais,566,Nigéria,10866784,1.475,mirror
2021,270119,Outros carvões minerais,586,Paquistão,7968068,1.082,mirror
2021,270119,Outros carvões minerais,686,Senegal,7749395,1.052,mirror
2021,270400,Coque,710,África do Sul,39934,57.518,mirror
2021,270400,Coque,842,EUA,29494,42.482,mirror
2021,271019,Gasóleo e combustíveis médios e pesados,716,Zimbabué,31729706,99.933,mirror
2021,271019,Gasóleo e combustíveis médios e pesados,562,Niger,18208,0.057,mirror
2021,271019,Gasóleo e combustíveis médios e pesados,56,Bélgica,2034,0.006,mirror
2021,271019,Gasóleo e combustíveis médios e pesados,702,Singapura,467,0.001,mirror
2021,271019,Gasóleo e combustíveis médios e pesados,528,Países Baixos,257,0.001,mirror
2021,271019,Gasóleo e combustíveis médios e pesados,834,Tanzânia,129,0.0,mirror
2021,271019,Gasóleo e combustíveis médios e pesados,620,Portugal,102,0.0,mirror
2021,271019,Gasóleo e combustíveis médios e pesados,792,Turquia,59,0.0,mirror
2021,271111,Gás natural liquefeito (GNL),710,África do Sul,259936832,100.0,mirror
2021,271600,Energia elétrica,710,África do Sul,291428245,83.33,mirror
2021,271600,Energia elétrica,716,Zimbabué,33129654,9.473,mirror
2021,271600,Energia elétrica,748,Eswatini,16351123,4.675,mirror
2021,271600,Energia elétrica,426,Lesotho,8763353,2.506,mirror
2021,271600,Energia elétrica,454,Malawi,56651,0.016,mirror
2021,520100,Algodão em fibra,704,Vietname,6189962,32.916,mirror
2021,520100,Algodão em fibra,360,Indonésia,5111209,27.179,mirror
2021,520100,Algodão em fibra,480,Maurícias,4481752,23.832,mirror
2021,520100,Algodão em fibra,586,Paquistão,1185925,6.306,mirror
2021,520100,Algodão em fibra,764,Tailândia,1084197,5.765,mirror
2021,520100,Algodão em fibra,156,China,375923,1.999,mirror
2021,520100,Algodão em fibra,620,Portugal,331799,1.764,mirror
2021,520100,Algodão em fibra,426,Lesotho,44839,0.238,mirror
2021,670490,Perucas e artigos semelhantes,710,África do Sul,42157795,98.289,mirror
2021,670490,Perucas e artigos semelhantes,748,Eswatini,621257,1.448,mirror
2021,670490,Perucas e artigos semelhantes,716,Zimbabué,112443,0.262,mirror
2021,670490,Perucas e artigos semelhantes,442,Luxemburgo,110,0.0,mirror
2021,670490,Perucas e artigos semelhantes,404,Quénia,35,0.0,mirror
2021,710391,"Rubis, safiras e esmeraldas",842,EUA,55160765,33.356,mirror
2021,710391,"Rubis, safiras e esmeraldas",251,França,25717683,15.551,mirror
2021,710391,"Rubis, safiras e esmeraldas",156,China,19044630,11.516,mirror
2021,710391,"Rubis, safiras e esmeraldas",757,Suíça,18459922,11.163,mirror
2021,710391,"Rubis, safiras e esmeraldas",764,Tailândia,15492610,9.368,mirror
2021,710391,"Rubis, safiras e esmeraldas",702,Singapura,13058041,7.896,mirror
2021,710391,"Rubis, safiras e esmeraldas",380,Itália,12303665,7.44,mirror
2021,710391,"Rubis, safiras e esmeraldas",392,Japão,2791131,1.688,mirror
2021,760110,"Alumínio não ligado, em bruto",380,Itália,352667748,36.285,mirror
2021,760110,"Alumínio não ligado, em bruto",724,Espanha,188468248,19.391,mirror
2021,760110,"Alumínio não ligado, em bruto",276,Alemanha,122424322,12.596,mirror
2021,760110,"Alumínio não ligado, em bruto",705,Eslovénia,112811263,11.607,mirror
2021,760110,"Alumínio não ligado, em bruto",300,Grécia,81360933,8.371,mirror
2021,760110,"Alumínio não ligado, em bruto",616,Polónia,55462935,5.706,mirror
2021,760110,"Alumínio não ligado, em bruto",251,França,29775345,3.064,mirror
2021,760110,"Alumínio não ligado, em bruto",203,Chéquia,15703932,1.616,mirror
2021,760120,"Ligas de alumínio, em bruto",203,Chéquia,12712670,91.677,mirror
2021,760120,"Ligas de alumínio, em bruto",251,França,740492,5.34,mirror
2021,760120,"Ligas de alumínio, em bruto",156,China,372804,2.688,mirror
2021,760120,"Ligas de alumínio, em bruto",380,Itália,22098,0.159,mirror
2021,760120,"Ligas de alumínio, em bruto",699,Índia,13227,0.095,mirror
2021,760120,"Ligas de alumínio, em bruto",410,Coreia do Sul,5525,0.04,mirror
2021,760410,Varões e perfis de alumínio não ligado,246,Finlândia,58994,100.0,mirror
2021,760429,Varões e perfis de ligas de alumínio,72,Botsuana,104432,99.006,mirror
2021,760429,Varões e perfis de ligas de alumínio,894,Zâmbia,874,0.828,mirror
2021,760429,Varões e perfis de ligas de alumínio,24,Angola,174,0.165,mirror
2021,760511,Fios de alumínio,380,Itália,37018157,36.069,mirror
2021,760511,Fios de alumínio,724,Espanha,22436974,21.862,mirror
2021,760511,Fios de alumínio,710,África do Sul,13515837,13.169,mirror
2021,760511,Fios de alumínio,528,Países Baixos,10927424,10.647,mirror
2021,760511,Fios de alumínio,616,Polónia,6319809,6.158,mirror
2021,760511,Fios de alumínio,251,França,6014701,5.86,mirror
2021,760511,Fios de alumínio,348,Hungria,1501155,1.463,mirror
2021,760511,Fios de alumínio,716,Zimbabué,1400918,1.365,mirror
2021,999999,Mercadorias não especificadas,528,Países Baixos,241746246,94.094,mirror
2021,999999,Mercadorias não especificadas,842,EUA,11282402,4.391,mirror
2021,999999,Mercadorias não especificadas,178,Congo,1179296,0.459,mirror
2021,999999,Mercadorias não especificadas,702,Singapura,1160362,0.452,mirror
2021,999999,Mercadorias não especificadas,276,Alemanha,446479,0.174,mirror
2021,999999,Mercadorias não especificadas,710,África do Sul,228193,0.089,mirror
2021,999999,Mercadorias não especificadas,251,França,198482,0.077,mirror
2021,999999,Mercadorias não especificadas,716,Zimbabué,177342,0.069,mirror
2022,071390,Outras leguminosas secas,699,Índia,181544402,96.276,direct
2022,071390,Outras leguminosas secas,704,Vietname,3763258,1.996,direct
2022,071390,Outras leguminosas secas,784,Emirados Árabes Unidos,1201098,0.637,direct
2022,071390,Outras leguminosas secas,702,Singapura,716516,0.38,direct
2022,071390,Outras leguminosas secas,156,China,538188,0.285,direct
2022,071390,Outras leguminosas secas,826,Reino Unido,356139,0.189,direct
2022,071390,Outras leguminosas secas,524,Nepal,207128,0.11,direct
2022,071390,Outras leguminosas secas,458,Malásia,104032,0.055,direct
2022,080131,Castanha de caju com casca,699,Índia,32475871,62.857,direct
2022,080131,Castanha de caju com casca,704,Vietname,17972746,34.786,direct
2022,080131,Castanha de caju com casca,156,China,614034,1.188,direct
2022,080131,Castanha de caju com casca,360,Indonésia,603382,1.168,direct
2022,080131,Castanha de caju com casca,702,Singapura,15,0.0,direct
2022,120740,Sementes de sésamo (gergelim),156,China,61372300,64.73,direct
2022,120740,Sementes de sésamo (gergelim),392,Japão,24358969,25.692,direct
2022,120740,Sementes de sésamo (gergelim),276,Alemanha,2367260,2.497,direct
2022,120740,Sementes de sésamo (gergelim),699,Índia,1618643,1.707,direct
2022,120740,Sementes de sésamo (gergelim),300,Grécia,1469971,1.55,direct
2022,120740,Sementes de sésamo (gergelim),616,Polónia,1383654,1.459,direct
2022,120740,Sementes de sésamo (gergelim),608,Filipinas,628073,0.662,direct
2022,120740,Sementes de sésamo (gergelim),40,Áustria,260412,0.275,direct
2022,240120,Tabaco destalado,56,Bélgica,105244696,74.658,direct
2022,240120,Tabaco destalado,484,México,4836140,3.431,direct
2022,240120,Tabaco destalado,276,Alemanha,4174083,2.961,direct
2022,240120,Tabaco destalado,616,Polónia,2925817,2.075,direct
2022,240120,Tabaco destalado,642,Roménia,2792666,1.981,direct
2022,240120,Tabaco destalado,76,Brasil,2744303,1.947,direct
2022,240120,Tabaco destalado,410,Coreia do Sul,2692119,1.91,direct
2022,240120,Tabaco destalado,792,Turquia,2325076,1.649,direct
2022,250590,Areias naturais,156,China,44265309,70.901,direct
2022,250590,Areias naturais,344,Hong Kong (RAEHK),14032144,22.476,direct
2022,250590,Areias naturais,792,Turquia,4134483,6.622,direct
2022,250590,Areias naturais,899,"Areas, nes",181,0.0,direct
2022,250590,Areias naturais,710,África do Sul,121,0.0,direct
2022,250590,Areias naturais,826,Reino Unido,20,0.0,direct
2022,261400,Minério de titânio,156,China,73579852,18.089,direct
2022,261400,Minério de titânio,458,Malásia,70365653,17.299,direct
2022,261400,Minério de titânio,842,EUA,58764328,14.447,direct
2022,261400,Minério de titânio,724,Espanha,50394345,12.389,direct
2022,261400,Minério de titânio,392,Japão,34652862,8.519,direct
2022,261400,Minério de titânio,682,Arábia Saudita,24111476,5.928,direct
2022,261400,Minério de titânio,124,Canadá,20197276,4.965,direct
2022,261400,Minério de titânio,528,Países Baixos,16602981,4.082,direct
2022,261510,Minério de zircónio,156,China,63024658,47.896,direct
2022,261510,Minério de zircónio,380,Itália,39018764,29.652,direct
2022,261510,Minério de zircónio,251,França,16855197,12.809,direct
2022,261510,Minério de zircónio,528,Países Baixos,7673796,5.832,direct
2022,261510,Minério de zircónio,724,Espanha,5015192,3.811,direct
2022,270119,Outros carvões minerais,699,Índia,938228567,46.798,direct
2022,270119,Outros carvões minerais,410,Coreia do Sul,317106643,15.817,direct
2022,270119,Outros carvões minerais,616,Polónia,129104576,6.44,direct
2022,270119,Outros carvões minerais,704,Vietname,121187208,6.045,direct
2022,270119,Outros carvões minerais,528,Países Baixos,121173378,6.044,direct
2022,270119,Outros carvões minerais,586,Paquistão,118366976,5.904,direct
2022,270119,Outros carvões minerais,784,Emirados Árabes Unidos,62347894,3.11,direct
2022,270119,Outros carvões minerais,191,Croácia,47931108,2.391,direct
2022,270400,Coque,699,Índia,489854248,57.812,direct
2022,270400,Coque,410,Coreia do Sul,181113835,21.375,direct
2022,270400,Coque,528,Países Baixos,53386567,6.301,direct
2022,270400,Coque,392,Japão,39166536,4.622,direct
2022,270400,Coque,784,Emirados Árabes Unidos,20829533,2.458,direct
2022,270400,Coque,792,Turquia,20366599,2.404,direct
2022,270400,Coque,404,Quénia,13786621,1.627,direct
2022,270400,Coque,842,EUA,12520204,1.478,direct
2022,271019,Gasóleo e combustíveis médios e pesados,716,Zimbabué,48104768,26.204,direct
2022,271019,Gasóleo e combustíveis médios e pesados,784,Emirados Árabes Unidos,28676284,15.621,direct
2022,271019,Gasóleo e combustíveis médios e pesados,748,Eswatini,26603963,14.492,direct
2022,271019,Gasóleo e combustíveis médios e pesados,710,África do Sul,24248905,13.209,direct
2022,271019,Gasóleo e combustíveis médios e pesados,894,Zâmbia,23936508,13.039,direct
2022,271019,Gasóleo e combustíveis médios e pesados,682,Arábia Saudita,8905258,4.851,direct
2022,271019,Gasóleo e combustíveis médios e pesados,72,Botsuana,8899112,4.848,direct
2022,271019,Gasóleo e combustíveis médios e pesados,180,RD Congo,4722020,2.572,direct
2022,271111,Gás natural liquefeito (GNL),710,África do Sul,93889344,38.131,direct
2022,271111,Gás natural liquefeito (GNL),724,Espanha,53934197,21.904,direct
2022,271111,Gás natural liquefeito (GNL),380,Itália,51503905,20.917,direct
2022,271111,Gás natural liquefeito (GNL),826,Reino Unido,40707687,16.532,direct
2022,271111,Gás natural liquefeito (GNL),784,Emirados Árabes Unidos,4171904,1.694,direct
2022,271111,Gás natural liquefeito (GNL),757,Suíça,2024159,0.822,direct
2022,271121,Gás natural em estado gasoso,710,África do Sul,295345849,100.0,direct
2022,271600,Energia elétrica,710,África do Sul,412866806,72.302,direct
2022,271600,Energia elétrica,716,Zimbabué,82479877,14.444,direct
2022,271600,Energia elétrica,894,Zâmbia,29839038,5.226,direct
2022,271600,Energia elétrica,72,Botsuana,18770464,3.287,direct
2022,271600,Energia elétrica,426,Lesotho,18565108,3.251,direct
2022,271600,Energia elétrica,748,Eswatini,5371977,0.941,direct
2022,271600,Energia elétrica,454,Malawi,3134087,0.549,direct
2022,380290,Produtos minerais ativados,192,Cuba,31,100.0,direct
2022,520100,Algodão em fibra,50,Bangladesh,4240606,24.1,direct
2022,520100,Algodão em fibra,586,Paquistão,3925469,22.309,direct
2022,520100,Algodão em fibra,480,Maurícias,2999203,17.045,direct
2022,520100,Algodão em fibra,702,Singapura,2597282,14.761,direct
2022,520100,Algodão em fibra,710,África do Sul,1459152,8.293,direct
2022,520100,Algodão em fibra,784,Emirados Árabes Unidos,1030160,5.855,direct
2022,520100,Algodão em fibra,426,Lesotho,653873,3.716,direct
2022,520100,Algodão em fibra,757,Suíça,445794,2.533,direct
2022,670490,Perucas e artigos semelhantes,710,África do Sul,42131053,97.987,direct
2022,670490,Perucas e artigos semelhantes,748,Eswatini,744468,1.731,direct
2022,670490,Perucas e artigos semelhantes,716,Zimbabué,62519,0.145,direct
2022,670490,Perucas e artigos semelhantes,834,Tanzânia,53080,0.123,direct
2022,670490,Perucas e artigos semelhantes,894,Zâmbia,5277,0.012,direct
2022,710391,"Rubis, safiras e esmeraldas",764,Tailândia,158823801,85.424,direct
2022,710391,"Rubis, safiras e esmeraldas",344,Hong Kong (RAEHK),22089746,11.881,direct
2022,710391,"Rubis, safiras e esmeraldas",251,França,3603700,1.938,direct
2022,710391,"Rubis, safiras e esmeraldas",144,Sri Lanka,768940,0.414,direct
2022,710391,"Rubis, safiras e esmeraldas",699,Índia,430237,0.231,direct
2022,710391,"Rubis, safiras e esmeraldas",842,EUA,201973,0.109,direct
2022,710391,"Rubis, safiras e esmeraldas",826,Reino Unido,4039,0.002,direct
2022,710391,"Rubis, safiras e esmeraldas",380,Itália,932,0.001,direct
2022,760110,"Alumínio não ligado, em bruto",826,Reino Unido,877558310,53.8,direct
2022,760110,"Alumínio não ligado, em bruto",702,Singapura,315760194,19.358,direct
2022,760110,"Alumínio não ligado, em bruto",757,Suíça,112221149,6.88,direct
2022,760110,"Alumínio não ligado, em bruto",380,Itália,104625675,6.414,direct
2022,760110,"Alumínio não ligado, em bruto",528,Países Baixos,98512519,6.039,direct
2022,760110,"Alumínio não ligado, em bruto",724,Espanha,51382967,3.15,direct
2022,760110,"Alumínio não ligado, em bruto",442,Luxemburgo,32253878,1.977,direct
2022,760110,"Alumínio não ligado, em bruto",705,Eslovénia,29916651,1.834,direct
2022,760120,"Ligas de alumínio, em bruto",156,China,4654006,74.04,direct
2022,760120,"Ligas de alumínio, em bruto",392,Japão,1291899,20.553,direct
2022,760120,"Ligas de alumínio, em bruto",699,Índia,211534,3.365,direct
2022,760120,"Ligas de alumínio, em bruto",682,Arábia Saudita,110673,1.761,direct
2022,760120,"Ligas de alumínio, em bruto",792,Turquia,17718,0.282,direct
2022,760429,Varões e perfis de ligas de alumínio,784,Emirados Árabes Unidos,38811,100.0,direct
2022,760511,Fios de alumínio,581,United States Minor Outlying Islands,46046099,29.714,direct
2022,760511,Fios de alumínio,826,Reino Unido,45185567,29.159,direct
2022,760511,Fios de alumínio,48,Barém,37784128,24.383,direct
2022,760511,Fios de alumínio,710,África do Sul,19322141,12.469,direct
2022,760511,Fios de alumínio,699,Índia,2036660,1.314,direct
2022,760511,Fios de alumínio,716,Zimbabué,1904190,1.229,direct
2022,760511,Fios de alumínio,72,Botsuana,723704,0.467,direct
2022,760511,Fios de alumínio,191,Croácia,720690,0.465,direct
2022,999999,Mercadorias não especificadas,724,Espanha,18641200,70.581,direct
2022,999999,Mercadorias não especificadas,156,China,5807896,21.99,direct
2022,999999,Mercadorias não especificadas,276,Alemanha,784925,2.972,direct
2022,999999,Mercadorias não especificadas,710,África do Sul,492188,1.864,direct
2022,999999,Mercadorias não especificadas,620,Portugal,349733,1.324,direct
2022,999999,Mercadorias não especificadas,392,Japão,275969,1.045,direct
2022,999999,Mercadorias não especificadas,478,Mauritânia,53334,0.202,direct
2022,999999,Mercadorias não especificadas,894,Zâmbia,1951,0.007,direct
2022,071390,Outras leguminosas secas,784,Emirados Árabes Unidos,2472327,67.153,mirror
2022,071390,Outras leguminosas secas,699,Índia,975573,26.498,mirror
2022,071390,Outras leguminosas secas,702,Singapura,116300,3.159,mirror
2022,071390,Outras leguminosas secas,458,Malásia,80531,2.187,mirror
2022,071390,Outras leguminosas secas,124,Canadá,31867,0.866,mirror
2022,071390,Outras leguminosas secas,392,Japão,4859,0.132,mirror
2022,071390,Outras leguminosas secas,48,Barém,174,0.005,mirror
2022,071390,Outras leguminosas secas,616,Polónia,7,0.0,mirror
2022,080131,Castanha de caju com casca,699,Índia,53605886,72.928,mirror
2022,080131,Castanha de caju com casca,704,Vietname,19897047,27.069,mirror
2022,080131,Castanha de caju com casca,528,Países Baixos,1110,0.002,mirror
2022,080131,Castanha de caju com casca,710,África do Sul,746,0.001,mirror
2022,080131,Castanha de caju com casca,620,Portugal,323,0.0,mirror
2022,080131,Castanha de caju com casca,72,Botsuana,10,0.0,mirror
2022,080131,Castanha de caju com casca,276,Alemanha,3,0.0,mirror
2022,080131,Castanha de caju com casca,524,Nepal,2,0.0,mirror
2022,120740,Sementes de sésamo (gergelim),156,China,172478223,82.86,mirror
2022,120740,Sementes de sésamo (gergelim),392,Japão,24054469,11.556,mirror
2022,120740,Sementes de sésamo (gergelim),276,Alemanha,4635795,2.227,mirror
2022,120740,Sementes de sésamo (gergelim),300,Grécia,2435594,1.17,mirror
2022,120740,Sementes de sésamo (gergelim),616,Polónia,1969732,0.946,mirror
2022,120740,Sementes de sésamo (gergelim),792,Turquia,428345,0.206,mirror
2022,120740,Sementes de sésamo (gergelim),40,Áustria,410868,0.197,mirror
2022,120740,Sementes de sésamo (gergelim),842,EUA,366390,0.176,mirror
2022,240120,Tabaco destalado,616,Polónia,28027139,16.904,mirror
2022,240120,Tabaco destalado,276,Alemanha,27282835,16.455,mirror
2022,240120,Tabaco destalado,792,Turquia,26857850,16.199,mirror
2022,240120,Tabaco destalado,528,Países Baixos,14419346,8.697,mirror
2022,240120,Tabaco destalado,191,Croácia,8333209,5.026,mirror
2022,240120,Tabaco destalado,620,Portugal,6439148,3.884,mirror
2022,240120,Tabaco destalado,360,Indonésia,4699499,2.834,mirror
2022,240120,Tabaco destalado,203,Chéquia,4341549,2.619,mirror
2022,250590,Areias naturais,276,Alemanha,948632,99.839,mirror
2022,250590,Areias naturais,710,África do Sul,1413,0.149,mirror
2022,250590,Areias naturais,156,China,119,0.013,mirror
2022,261400,Minério de titânio,156,China,673839485,71.845,mirror
2022,261400,Minério de titânio,724,Espanha,49659009,5.295,mirror
2022,261400,Minério de titânio,842,EUA,47171529,5.029,mirror
2022,261400,Minério de titânio,458,Malásia,30732721,3.277,mirror
2022,261400,Minério de titânio,392,Japão,27414402,2.923,mirror
2022,261400,Minério de titânio,682,Arábia Saudita,24123425,2.572,mirror
2022,261400,Minério de titânio,124,Canadá,20407755,2.176,mirror
2022,261400,Minério de titânio,705,Eslovénia,18491255,1.972,mirror
2022,261510,Minério de zircónio,156,China,96344648,68.421,mirror
2022,261510,Minério de zircónio,380,Itália,39390396,27.974,mirror
2022,261510,Minério de zircónio,251,França,3303933,2.346,mirror
2022,261510,Minério de zircónio,724,Espanha,1771839,1.258,mirror
2022,261510,Minério de zircónio,764,Tailândia,265,0.0,mirror
2022,261510,Minério de zircónio,124,Canadá,8,0.0,mirror
2022,261510,Minério de zircónio,710,África do Sul,3,0.0,mirror
2022,270119,Outros carvões minerais,699,Índia,1683348998,78.083,mirror
2022,270119,Outros carvões minerais,784,Emirados Árabes Unidos,130397815,6.049,mirror
2022,270119,Outros carvões minerais,616,Polónia,73678235,3.418,mirror
2022,270119,Outros carvões minerais,710,África do Sul,48628745,2.256,mirror
2022,270119,Outros carvões minerais,686,Senegal,33623520,1.56,mirror
2022,270119,Outros carvões minerais,404,Quénia,32781434,1.521,mirror
2022,270119,Outros carvões minerais,566,Nigéria,29936105,1.389,mirror
2022,270119,Outros carvões minerais,608,Filipinas,25497725,1.183,mirror
2022,270400,Coque,842,EUA,435254,65.524,mirror
2022,270400,Coque,710,África do Sul,229012,34.476,mirror
2022,271019,Gasóleo e combustíveis médios e pesados,180,RD Congo,105265011,64.216,mirror
2022,271019,Gasóleo e combustíveis médios e pesados,716,Zimbabué,58657256,35.783,mirror
2022,271019,Gasóleo e combustíveis médios e pesados,528,Países Baixos,822,0.001,mirror
2022,271019,Gasóleo e combustíveis médios e pesados,454,Malawi,443,0.0,mirror
2022,271019,Gasóleo e combustíveis médios e pesados,56,Bélgica,283,0.0,mirror
2022,271019,Gasóleo e combustíveis médios e pesados,702,Singapura,25,0.0,mirror
2022,271019,Gasóleo e combustíveis médios e pesados,792,Turquia,10,0.0,mirror
2022,271019,Gasóleo e combustíveis médios e pesados,620,Portugal,8,0.0,mirror
2022,271111,Gás natural liquefeito (GNL),710,África do Sul,408292525,70.394,mirror
2022,271111,Gás natural liquefeito (GNL),380,Itália,123182032,21.238,mirror
2022,271111,Gás natural liquefeito (GNL),724,Espanha,48533605,8.368,mirror
2022,271121,Gás natural em estado gasoso,710,África do Sul,760921,100.0,mirror
2022,271600,Energia elétrica,710,África do Sul,285590478,74.633,mirror
2022,271600,Energia elétrica,716,Zimbabué,69818793,18.246,mirror
2022,271600,Energia elétrica,72,Botsuana,9678579,2.529,mirror
2022,271600,Energia elétrica,748,Eswatini,9116839,2.382,mirror
2022,271600,Energia elétrica,426,Lesotho,8455028,2.21,mirror
2022,520100,Algodão em fibra,586,Paquistão,21015018,57.913,mirror
2022,520100,Algodão em fibra,480,Maurícias,8932525,24.616,mirror
2022,520100,Algodão em fibra,426,Lesotho,2623058,7.229,mirror
2022,520100,Algodão em fibra,704,Vietname,1378069,3.798,mirror
2022,520100,Algodão em fibra,699,Índia,689290,1.9,mirror
2022,520100,Algodão em fibra,360,Indonésia,687949,1.896,mirror
2022,520100,Algodão em fibra,156,China,627337,1.729,mirror
2022,520100,Algodão em fibra,620,Portugal,334175,0.921,mirror
2022,670490,Perucas e artigos semelhantes,710,África do Sul,42516429,98.49,mirror
2022,670490,Perucas e artigos semelhantes,748,Eswatini,651525,1.509,mirror
2022,670490,Perucas e artigos semelhantes,108,Burundi,332,0.001,mirror
2022,670490,Perucas e artigos semelhantes,620,Portugal,127,0.0,mirror
2022,710391,"Rubis, safiras e esmeraldas",842,EUA,81581629,39.44,mirror
2022,710391,"Rubis, safiras e esmeraldas",251,França,36046032,17.426,mirror
2022,710391,"Rubis, safiras e esmeraldas",784,Emirados Árabes Unidos,34431796,16.646,mirror
2022,710391,"Rubis, safiras e esmeraldas",764,Tailândia,29893429,14.452,mirror
2022,710391,"Rubis, safiras e esmeraldas",156,China,8948569,4.326,mirror
2022,710391,"Rubis, safiras e esmeraldas",757,Suíça,4610246,2.229,mirror
2022,710391,"Rubis, safiras e esmeraldas",380,Itália,4145132,2.004,mirror
2022,710391,"Rubis, safiras e esmeraldas",392,Japão,2148935,1.039,mirror
2022,760110,"Alumínio não ligado, em bruto",380,Itália,603265304,38.047,mirror
2022,760110,"Alumínio não ligado, em bruto",724,Espanha,305186809,19.248,mirror
2022,760110,"Alumínio não ligado, em bruto",528,Países Baixos,298181642,18.806,mirror
2022,760110,"Alumínio não ligado, em bruto",705,Eslovénia,107037016,6.751,mirror
2022,760110,"Alumínio não ligado, em bruto",300,Grécia,96621890,6.094,mirror
2022,760110,"Alumínio não ligado, em bruto",276,Alemanha,83538400,5.269,mirror
2022,760110,"Alumínio não ligado, em bruto",251,França,35240764,2.223,mirror
2022,760110,"Alumínio não ligado, em bruto",616,Polónia,31210234,1.968,mirror
2022,760120,"Ligas de alumínio, em bruto",616,Polónia,7069284,28.528,mirror
2022,760120,"Ligas de alumínio, em bruto",203,Chéquia,6688136,26.99,mirror
2022,760120,"Ligas de alumínio, em bruto",156,China,6112073,24.665,mirror
2022,760120,"Ligas de alumínio, em bruto",528,Países Baixos,2892929,11.674,mirror
2022,760120,"Ligas de alumínio, em bruto",392,Japão,1196032,4.827,mirror
2022,760120,"Ligas de alumínio, em bruto",251,França,413094,1.667,mirror
2022,760120,"Ligas de alumínio, em bruto",458,Malásia,183103,0.739,mirror
2022,760120,"Ligas de alumínio, em bruto",490,Taiwan (Prov. China),146790,0.592,mirror
2022,760511,Fios de alumínio,380,Itália,67754001,41.555,mirror
2022,760511,Fios de alumínio,724,Espanha,27121547,16.634,mirror
2022,760511,Fios de alumínio,710,África do Sul,16878343,10.352,mirror
2022,760511,Fios de alumínio,616,Polónia,11925585,7.314,mirror
2022,760511,Fios de alumínio,203,Chéquia,9153434,5.614,mirror
2022,760511,Fios de alumínio,40,Áustria,8828244,5.415,mirror
2022,760511,Fios de alumínio,251,França,8580773,5.263,mirror
2022,760511,Fios de alumínio,528,Países Baixos,2642804,1.621,mirror
2022,999999,Mercadorias não especificadas,124,Canadá,84001801,43.451,mirror
2022,999999,Mercadorias não especificadas,528,Países Baixos,55813630,28.871,mirror
2022,999999,Mercadorias não especificadas,380,Itália,35196190,18.206,mirror
2022,999999,Mercadorias não especificadas,842,EUA,7698817,3.982,mirror
2022,999999,Mercadorias não especificadas,724,Espanha,4100365,2.121,mirror
2022,999999,Mercadorias não especificadas,579,Noruega,2770236,1.433,mirror
2022,999999,Mercadorias não especificadas,702,Singapura,1453788,0.752,mirror
2022,999999,Mercadorias não especificadas,276,Alemanha,788414,0.408,mirror
2023,071390,Outras leguminosas secas,699,Índia,127790000,94.207,direct
2023,071390,Outras leguminosas secas,784,Emirados Árabes Unidos,5908000,4.355,direct
2023,071390,Outras leguminosas secas,704,Vietname,429000,0.316,direct
2023,071390,Outras leguminosas secas,586,Paquistão,317000,0.234,direct
2023,071390,Outras leguminosas secas,480,Maurícias,252000,0.186,direct
2023,071390,Outras leguminosas secas,340,Honduras,215000,0.158,direct
2023,071390,Outras leguminosas secas,276,Alemanha,212000,0.156,direct
2023,071390,Outras leguminosas secas,360,Indonésia,189000,0.139,direct
2023,080131,Castanha de caju com casca,704,Vietname,31161000,54.395,direct
2023,080131,Castanha de caju com casca,699,Índia,25478000,44.475,direct
2023,080131,Castanha de caju com casca,784,Emirados Árabes Unidos,378000,0.66,direct
2023,080131,Castanha de caju com casca,862,Venezuela,269000,0.47,direct
2023,120740,Sementes de sésamo (gergelim),156,China,96947000,64.711,direct
2023,120740,Sementes de sésamo (gergelim),392,Japão,31441000,20.987,direct
2023,120740,Sementes de sésamo (gergelim),699,Índia,5756000,3.842,direct
2023,120740,Sementes de sésamo (gergelim),792,Turquia,5229000,3.49,direct
2023,120740,Sementes de sésamo (gergelim),276,Alemanha,3948000,2.635,direct
2023,120740,Sementes de sésamo (gergelim),300,Grécia,3520000,2.35,direct
2023,120740,Sementes de sésamo (gergelim),616,Polónia,1007000,0.672,direct
2023,120740,Sementes de sésamo (gergelim),376,Israel,601000,0.401,direct
2023,240120,Tabaco destalado,56,Bélgica,96466000,65.934,direct
2023,240120,Tabaco destalado,124,Canadá,7664000,5.238,direct
2023,240120,Tabaco destalado,276,Alemanha,5717000,3.908,direct
2023,240120,Tabaco destalado,410,Coreia do Sul,5367000,3.668,direct
2023,240120,Tabaco destalado,842,EUA,4603000,3.146,direct
2023,240120,Tabaco destalado,792,Turquia,4049000,2.767,direct
2023,240120,Tabaco destalado,300,Grécia,3229000,2.207,direct
2023,240120,Tabaco destalado,380,Itália,2222000,1.519,direct
2023,250590,Areias naturais,156,China,81843000,99.999,direct
2023,250590,Areias naturais,702,Singapura,1000,0.001,direct
2023,261400,Minério de titânio,156,China,194785000,52.396,direct
2023,261400,Minério de titânio,682,Arábia Saudita,77074000,20.732,direct
2023,261400,Minério de titânio,842,EUA,24460000,6.58,direct
2023,261400,Minério de titânio,724,Espanha,19615000,5.276,direct
2023,261400,Minério de titânio,458,Malásia,13612000,3.662,direct
2023,261400,Minério de titânio,380,Itália,13401000,3.605,direct
2023,261400,Minério de titânio,392,Japão,8709000,2.343,direct
2023,261400,Minério de titânio,344,Hong Kong (RAEHK),5797000,1.559,direct
2023,261510,Minério de zircónio,156,China,70233000,66.366,direct
2023,261510,Minério de zircónio,380,Itália,11483000,10.851,direct
2023,261510,Minério de zircónio,724,Espanha,10644000,10.058,direct
2023,261510,Minério de zircónio,682,Arábia Saudita,6544000,6.184,direct
2023,261510,Minério de zircónio,528,Países Baixos,3754000,3.547,direct
2023,261510,Minério de zircónio,251,França,3166000,2.992,direct
2023,261510,Minério de zircónio,699,Índia,3000,0.003,direct
2023,270119,Outros carvões minerais,699,Índia,570030000,32.37,direct
2023,270119,Outros carvões minerais,410,Coreia do Sul,421120000,23.914,direct
2023,270119,Outros carvões minerais,704,Vietname,244473000,13.883,direct
2023,270119,Outros carvões minerais,156,China,200468000,11.384,direct
2023,270119,Outros carvões minerais,528,Países Baixos,57832000,3.284,direct
2023,270119,Outros carvões minerais,710,África do Sul,48555000,2.757,direct
2023,270119,Outros carvões minerais,616,Polónia,45265000,2.57,direct
2023,270119,Outros carvões minerais,784,Emirados Árabes Unidos,30683000,1.742,direct
2023,270400,Coque,699,Índia,379729000,81.728,direct
2023,270400,Coque,784,Emirados Árabes Unidos,57404000,12.355,direct
2023,270400,Coque,842,EUA,27490000,5.917,direct
2023,271019,Gasóleo e combustíveis médios e pesados,784,Emirados Árabes Unidos,30787000,60.643,direct
2023,271019,Gasóleo e combustíveis médios e pesados,682,Arábia Saudita,3618000,7.127,direct
2023,271019,Gasóleo e combustíveis médios e pesados,48,Barém,3131000,6.167,direct
2023,271019,Gasóleo e combustíveis médios e pesados,894,Zâmbia,2928000,5.767,direct
2023,271019,Gasóleo e combustíveis médios e pesados,710,África do Sul,2568000,5.058,direct
2023,271019,Gasóleo e combustíveis médios e pesados,72,Botsuana,2191000,4.316,direct
2023,271019,Gasóleo e combustíveis médios e pesados,716,Zimbabué,1262000,2.486,direct
2023,271019,Gasóleo e combustíveis médios e pesados,454,Malawi,1004000,1.978,direct
2023,271111,Gás natural liquefeito (GNL),710,África do Sul,345813000,20.858,direct
2023,271111,Gás natural liquefeito (GNL),156,China,337321000,20.346,direct
2023,271111,Gás natural liquefeito (GNL),764,Tailândia,276003000,16.647,direct
2023,271111,Gás natural liquefeito (GNL),699,Índia,112243000,6.77,direct
2023,271111,Gás natural liquefeito (GNL),191,Croácia,98348000,5.932,direct
2023,271111,Gás natural liquefeito (GNL),826,Reino Unido,88828000,5.358,direct
2023,271111,Gás natural liquefeito (GNL),392,Japão,74929000,4.519,direct
2023,271111,Gás natural liquefeito (GNL),380,Itália,66143000,3.989,direct
2023,271121,Gás natural em estado gasoso,710,África do Sul,68178000,100.0,direct
2023,271600,Energia elétrica,710,África do Sul,458442000,69.646,direct
2023,271600,Energia elétrica,716,Zimbabué,101524000,15.423,direct
2023,271600,Energia elétrica,72,Botsuana,44313000,6.732,direct
2023,271600,Energia elétrica,894,Zâmbia,33735000,5.125,direct
2023,271600,Energia elétrica,748,Eswatini,10306000,1.566,direct
2023,271600,Energia elétrica,426,Lesotho,9474000,1.439,direct
2023,271600,Energia elétrica,899,"Areas, nes",231000,0.035,direct
2023,271600,Energia elétrica,454,Malawi,223000,0.034,direct
2023,520100,Algodão em fibra,50,Bangladesh,7234000,39.204,direct
2023,520100,Algodão em fibra,704,Vietname,2400000,13.007,direct
2023,520100,Algodão em fibra,710,África do Sul,2334000,12.649,direct
2023,520100,Algodão em fibra,699,Índia,2173000,11.777,direct
2023,520100,Algodão em fibra,480,Maurícias,1323000,7.17,direct
2023,520100,Algodão em fibra,682,Arábia Saudita,938000,5.083,direct
2023,520100,Algodão em fibra,156,China,825000,4.471,direct
2023,520100,Algodão em fibra,360,Indonésia,771000,4.178,direct
2023,670490,Perucas e artigos semelhantes,710,África do Sul,43895000,98.32,direct
2023,670490,Perucas e artigos semelhantes,748,Eswatini,603000,1.351,direct
2023,670490,Perucas e artigos semelhantes,716,Zimbabué,139000,0.311,direct
2023,670490,Perucas e artigos semelhantes,404,Quénia,4000,0.009,direct
2023,670490,Perucas e artigos semelhantes,894,Zâmbia,4000,0.009,direct
2023,710391,"Rubis, safiras e esmeraldas",344,Hong Kong (RAEHK),113159000,49.619,direct
2023,710391,"Rubis, safiras e esmeraldas",764,Tailândia,71512000,31.357,direct
2023,710391,"Rubis, safiras e esmeraldas",842,EUA,36392000,15.957,direct
2023,710391,"Rubis, safiras e esmeraldas",784,Emirados Árabes Unidos,5405000,2.37,direct
2023,710391,"Rubis, safiras e esmeraldas",251,França,1209000,0.53,direct
2023,710391,"Rubis, safiras e esmeraldas",699,Índia,318000,0.139,direct
2023,710391,"Rubis, safiras e esmeraldas",702,Singapura,62000,0.027,direct
2023,760110,"Alumínio não ligado, em bruto",702,Singapura,389420000,35.728,direct
2023,760110,"Alumínio não ligado, em bruto",826,Reino Unido,282192000,25.89,direct
2023,760110,"Alumínio não ligado, em bruto",528,Países Baixos,164892000,15.128,direct
2023,760110,"Alumínio não ligado, em bruto",380,Itália,132586000,12.164,direct
2023,760110,"Alumínio não ligado, em bruto",757,Suíça,74884000,6.87,direct
2023,760110,"Alumínio não ligado, em bruto",442,Luxemburgo,20938000,1.921,direct
2023,760110,"Alumínio não ligado, em bruto",705,Eslovénia,12523000,1.149,direct
2023,760110,"Alumínio não ligado, em bruto",300,Grécia,7633000,0.7,direct
2023,760120,"Ligas de alumínio, em bruto",392,Japão,974000,28.405,direct
2023,760120,"Ligas de alumínio, em bruto",156,China,894000,26.072,direct
2023,760120,"Ligas de alumínio, em bruto",682,Arábia Saudita,742000,21.639,direct
2023,760120,"Ligas de alumínio, em bruto",764,Tailândia,741000,21.61,direct
2023,760120,"Ligas de alumínio, em bruto",699,Índia,78000,2.275,direct
2023,760429,Varões e perfis de ligas de alumínio,710,África do Sul,4000,100.0,direct
2023,760511,Fios de alumínio,48,Barém,75858000,47.239,direct
2023,760511,Fios de alumínio,581,United States Minor Outlying Islands,39919000,24.859,direct
2023,760511,Fios de alumínio,710,África do Sul,26052000,16.223,direct
2023,760511,Fios de alumínio,826,Reino Unido,15357000,9.563,direct
2023,760511,Fios de alumínio,716,Zimbabué,1923000,1.198,direct
2023,760511,Fios de alumínio,72,Botsuana,1296000,0.807,direct
2023,760511,Fios de alumínio,894,Zâmbia,93000,0.058,direct
2023,760511,Fios de alumínio,178,Congo,85000,0.053,direct
2023,999999,Mercadorias não especificadas,724,Espanha,23108000,65.143,direct
2023,999999,Mercadorias não especificadas,156,China,8299000,23.395,direct
2023,999999,Mercadorias não especificadas,620,Portugal,1305000,3.679,direct
2023,999999,Mercadorias não especificadas,276,Alemanha,1294000,3.648,direct
2023,999999,Mercadorias não especificadas,710,África do Sul,585000,1.649,direct
2023,999999,Mercadorias não especificadas,704,Vietname,339000,0.956,direct
2023,999999,Mercadorias não especificadas,454,Malawi,282000,0.795,direct
2023,999999,Mercadorias não especificadas,450,Madagáscar,79000,0.223,direct
2023,071390,Outras leguminosas secas,784,Emirados Árabes Unidos,2682063,90.55,mirror
2023,071390,Outras leguminosas secas,699,Índia,169792,5.732,mirror
2023,071390,Outras leguminosas secas,458,Malásia,99780,3.369,mirror
2023,071390,Outras leguminosas secas,392,Japão,10342,0.349,mirror
2023,080131,Castanha de caju com casca,704,Vietname,45331861,62.188,mirror
2023,080131,Castanha de caju com casca,699,Índia,27403640,37.594,mirror
2023,080131,Castanha de caju com casca,682,Arábia Saudita,154651,0.212,mirror
2023,080131,Castanha de caju com casca,124,Canadá,3947,0.005,mirror
2023,080131,Castanha de caju com casca,251,França,244,0.0,mirror
2023,080131,Castanha de caju com casca,48,Barém,67,0.0,mirror
2023,120740,Sementes de sésamo (gergelim),156,China,152991342,68.009,mirror
2023,120740,Sementes de sésamo (gergelim),392,Japão,42146469,18.735,mirror
2023,120740,Sementes de sésamo (gergelim),792,Turquia,10536185,4.684,mirror
2023,120740,Sementes de sésamo (gergelim),699,Índia,5446815,2.421,mirror
2023,120740,Sementes de sésamo (gergelim),276,Alemanha,4662434,2.073,mirror
2023,120740,Sementes de sésamo (gergelim),300,Grécia,3711323,1.65,mirror
2023,120740,Sementes de sésamo (gergelim),376,Israel,1396000,0.621,mirror
2023,120740,Sementes de sésamo (gergelim),616,Polónia,1015575,0.451,mirror
2023,240120,Tabaco destalado,792,Turquia,43800532,25.297,mirror
2023,240120,Tabaco destalado,276,Alemanha,24405701,14.095,mirror
2023,240120,Tabaco destalado,616,Polónia,19712291,11.385,mirror
2023,240120,Tabaco destalado,410,Coreia do Sul,11446346,6.611,mirror
2023,240120,Tabaco destalado,528,Países Baixos,9318683,5.382,mirror
2023,240120,Tabaco destalado,360,Indonésia,7761169,4.482,mirror
2023,240120,Tabaco destalado,842,EUA,6439127,3.719,mirror
2023,240120,Tabaco destalado,454,Malawi,5145860,2.972,mirror
2023,250590,Areias naturais,276,Alemanha,643305,99.738,mirror
2023,250590,Areias naturais,528,Países Baixos,1135,0.176,mirror
2023,250590,Areias naturais,710,África do Sul,556,0.086,mirror
2023,261400,Minério de titânio,156,China,703006775,75.994,mirror
2023,261400,Minério de titânio,682,Arábia Saudita,74060257,8.006,mirror
2023,261400,Minério de titânio,842,EUA,52556757,5.681,mirror
2023,261400,Minério de titânio,724,Espanha,24923600,2.694,mirror
2023,261400,Minério de titânio,124,Canadá,17071223,1.845,mirror
2023,261400,Minério de titânio,392,Japão,14754525,1.595,mirror
2023,261400,Minério de titânio,699,Índia,11294498,1.221,mirror
2023,261400,Minério de titânio,458,Malásia,10743084,1.161,mirror
2023,261510,Minério de zircónio,156,China,140646611,76.083,mirror
2023,261510,Minério de zircónio,380,Itália,24276445,13.132,mirror
2023,261510,Minério de zircónio,724,Espanha,8714600,4.714,mirror
2023,261510,Minério de zircónio,528,Países Baixos,8476735,4.586,mirror
2023,261510,Minério de zircónio,704,Vietname,1987156,1.075,mirror
2023,261510,Minério de zircónio,792,Turquia,390798,0.211,mirror
2023,261510,Minério de zircónio,76,Brasil,360917,0.195,mirror
2023,261510,Minério de zircónio,699,Índia,5922,0.003,mirror
2023,270119,Outros carvões minerais,699,Índia,945102438,78.564,mirror
2023,270119,Outros carvões minerais,784,Emirados Árabes Unidos,65667353,5.459,mirror
2023,270119,Outros carvões minerais,686,Senegal,37294045,3.1,mirror
2023,270119,Outros carvões minerais,616,Polónia,35590334,2.959,mirror
2023,270119,Outros carvões minerais,528,Países Baixos,29624547,2.463,mirror
2023,270119,Outros carvões minerais,764,Tailândia,24416442,2.03,mirror
2023,270119,Outros carvões minerais,710,África do Sul,10950752,0.91,mirror
2023,270119,Outros carvões minerais,414,Kuwait,9962418,0.828,mirror
2023,270400,Coque,710,África do Sul,10445144,99.353,mirror
2023,270400,Coque,842,EUA,61660,0.587,mirror
2023,270400,Coque,894,Zâmbia,6365,0.061,mirror
2023,271019,Gasóleo e combustíveis médios e pesados,716,Zimbabué,60067348,48.492,mirror
2023,271019,Gasóleo e combustíveis médios e pesados,180,RD Congo,54621418,44.096,mirror
2023,271019,Gasóleo e combustíveis médios e pesados,894,Zâmbia,8121457,6.556,mirror
2023,271019,Gasóleo e combustíveis médios e pesados,480,Maurícias,1008601,0.814,mirror
2023,271019,Gasóleo e combustíveis médios e pesados,48,Barém,47120,0.038,mirror
2023,271019,Gasóleo e combustíveis médios e pesados,528,Países Baixos,1362,0.001,mirror
2023,271019,Gasóleo e combustíveis médios e pesados,702,Singapura,772,0.001,mirror
2023,271019,Gasóleo e combustíveis médios e pesados,56,Bélgica,687,0.001,mirror
2023,271111,Gás natural liquefeito (GNL),710,África do Sul,409703847,21.366,mirror
2023,271111,Gás natural liquefeito (GNL),156,China,383550877,20.002,mirror
2023,271111,Gás natural liquefeito (GNL),764,Tailândia,351589844,18.335,mirror
2023,271111,Gás natural liquefeito (GNL),410,Coreia do Sul,256940731,13.399,mirror
2023,271111,Gás natural liquefeito (GNL),191,Croácia,203799247,10.628,mirror
2023,271111,Gás natural liquefeito (GNL),699,Índia,185122041,9.654,mirror
2023,271111,Gás natural liquefeito (GNL),392,Japão,88360779,4.608,mirror
2023,271111,Gás natural liquefeito (GNL),380,Itália,38344122,2.0,mirror
2023,271121,Gás natural em estado gasoso,710,África do Sul,1890254,100.0,mirror
2023,271600,Energia elétrica,710,África do Sul,336234744,72.439,mirror
2023,271600,Energia elétrica,716,Zimbabué,69055708,14.878,mirror
2023,271600,Energia elétrica,72,Botsuana,34838280,7.506,mirror
2023,271600,Energia elétrica,748,Eswatini,11981760,2.581,mirror
2023,271600,Energia elétrica,426,Lesotho,7551381,1.627,mirror
2023,271600,Energia elétrica,894,Zâmbia,4498708,0.969,mirror
2023,520100,Algodão em fibra,480,Maurícias,3640391,38.237,mirror
2023,520100,Algodão em fibra,704,Vietname,1480892,15.555,mirror
2023,520100,Algodão em fibra,156,China,1382894,14.525,mirror
2023,520100,Algodão em fibra,586,Paquistão,1306165,13.719,mirror
2023,520100,Algodão em fibra,426,Lesotho,1027488,10.792,mirror
2023,520100,Algodão em fibra,699,Índia,549166,5.768,mirror
2023,520100,Algodão em fibra,620,Portugal,133540,1.403,mirror
2023,670490,Perucas e artigos semelhantes,710,África do Sul,44004996,98.647,mirror
2023,670490,Perucas e artigos semelhantes,748,Eswatini,602877,1.351,mirror
2023,670490,Perucas e artigos semelhantes,620,Portugal,443,0.001,mirror
2023,670490,Perucas e artigos semelhantes,764,Tailândia,8,0.0,mirror
2023,710391,"Rubis, safiras e esmeraldas",842,EUA,99200238,37.835,mirror
2023,710391,"Rubis, safiras e esmeraldas",764,Tailândia,49841273,19.009,mirror
2023,710391,"Rubis, safiras e esmeraldas",251,França,37628282,14.351,mirror
2023,710391,"Rubis, safiras e esmeraldas",757,Suíça,22387893,8.539,mirror
2023,710391,"Rubis, safiras e esmeraldas",784,Emirados Árabes Unidos,17915698,6.833,mirror
2023,710391,"Rubis, safiras e esmeraldas",156,China,12732990,4.856,mirror
2023,710391,"Rubis, safiras e esmeraldas",380,Itália,12041163,4.592,mirror
2023,710391,"Rubis, safiras e esmeraldas",392,Japão,5698568,2.173,mirror
2023,760110,"Alumínio não ligado, em bruto",380,Itália,299479010,30.949,mirror
2023,760110,"Alumínio não ligado, em bruto",528,Países Baixos,185692516,19.19,mirror
2023,760110,"Alumínio não ligado, em bruto",724,Espanha,156084359,16.13,mirror
2023,760110,"Alumínio não ligado, em bruto",276,Alemanha,96686207,9.992,mirror
2023,760110,"Alumínio não ligado, em bruto",300,Grécia,89095019,9.207,mirror
2023,760110,"Alumínio não ligado, em bruto",705,Eslovénia,74594391,7.709,mirror
2023,760110,"Alumínio não ligado, em bruto",251,França,28362471,2.931,mirror
2023,760110,"Alumínio não ligado, em bruto",616,Polónia,27302011,2.822,mirror
2023,760120,"Ligas de alumínio, em bruto",203,Chéquia,18700995,65.633,mirror
2023,760120,"Ligas de alumínio, em bruto",156,China,4173541,14.647,mirror
2023,760120,"Ligas de alumínio, em bruto",392,Japão,2696808,9.465,mirror
2023,760120,"Ligas de alumínio, em bruto",251,França,2464084,8.648,mirror
2023,760120,"Ligas de alumínio, em bruto",724,Espanha,195812,0.687,mirror
2023,760120,"Ligas de alumínio, em bruto",458,Malásia,138653,0.487,mirror
2023,760120,"Ligas de alumínio, em bruto",276,Alemanha,68857,0.242,mirror
2023,760120,"Ligas de alumínio, em bruto",699,Índia,54699,0.192,mirror
2023,760429,Varões e perfis de ligas de alumínio,72,Botsuana,471793,100.0,mirror
2023,760511,Fios de alumínio,380,Itália,54221463,33.745,mirror
2023,760511,Fios de alumínio,710,África do Sul,23597357,14.686,mirror
2023,760511,Fios de alumínio,724,Espanha,21489872,13.374,mirror
2023,760511,Fios de alumínio,528,Países Baixos,18465940,11.492,mirror
2023,760511,Fios de alumínio,616,Polónia,10335740,6.433,mirror
2023,760511,Fios de alumínio,251,França,7716545,4.802,mirror
2023,760511,Fios de alumínio,300,Grécia,7315823,4.553,mirror
2023,760511,Fios de alumínio,894,Zâmbia,6283764,3.911,mirror
2023,999999,Mercadorias não especificadas,380,Itália,5600505,35.508,mirror
2023,999999,Mercadorias não especificadas,842,EUA,3212564,20.368,mirror
2023,999999,Mercadorias não especificadas,579,Noruega,2404469,15.245,mirror
2023,999999,Mercadorias não especificadas,454,Malawi,1075624,6.82,mirror
2023,999999,Mercadorias não especificadas,178,Congo,846160,5.365,mirror
2023,999999,Mercadorias não especificadas,276,Alemanha,486327,3.083,mirror
2023,999999,Mercadorias não especificadas,724,Espanha,456653,2.895,mirror
2023,999999,Mercadorias não especificadas,716,Zimbabué,447530,2.837,mirror
2024,071390,Outras leguminosas secas,699,Índia,144660828,95.042,direct
2024,071390,Outras leguminosas secas,784,Emirados Árabes Unidos,3858925,2.535,direct
2024,071390,Outras leguminosas secas,156,China,1134706,0.746,direct
2024,071390,Outras leguminosas secas,704,Vietname,896063,0.589,direct
2024,071390,Outras leguminosas secas,360,Indonésia,813661,0.535,direct
2024,071390,Outras leguminosas secas,392,Japão,245521,0.161,direct
2024,071390,Outras leguminosas secas,826,Reino Unido,193046,0.127,direct
2024,071390,Outras leguminosas secas,792,Turquia,138149,0.091,direct
2024,080131,Castanha de caju com casca,704,Vietname,54933680,55.933,direct
2024,080131,Castanha de caju com casca,699,Índia,42259246,43.028,direct
2024,080131,Castanha de caju com casca,818,Egito,1020780,1.039,direct
2024,120740,Sementes de sésamo (gergelim),156,China,183923728,82.401,direct
2024,120740,Sementes de sésamo (gergelim),392,Japão,27060291,12.124,direct
2024,120740,Sementes de sésamo (gergelim),792,Turquia,3639160,1.63,direct
2024,120740,Sementes de sésamo (gergelim),300,Grécia,2794963,1.252,direct
2024,120740,Sementes de sésamo (gergelim),490,Taiwan (Prov. China),1730981,0.776,direct
2024,120740,Sementes de sésamo (gergelim),699,Índia,929572,0.416,direct
2024,120740,Sementes de sésamo (gergelim),410,Coreia do Sul,860612,0.386,direct
2024,120740,Sementes de sésamo (gergelim),376,Israel,796658,0.357,direct
2024,240120,Tabaco destalado,56,Bélgica,115988337,57.591,direct
2024,240120,Tabaco destalado,757,Suíça,7962603,3.954,direct
2024,240120,Tabaco destalado,818,Egito,7708631,3.827,direct
2024,240120,Tabaco destalado,360,Indonésia,5938552,2.949,direct
2024,240120,Tabaco destalado,276,Alemanha,5626484,2.794,direct
2024,240120,Tabaco destalado,620,Portugal,4717130,2.342,direct
2024,240120,Tabaco destalado,528,Países Baixos,4590482,2.279,direct
2024,240120,Tabaco destalado,616,Polónia,4532202,2.25,direct
2024,250590,Areias naturais,156,China,104140894,100.0,direct
2024,250590,Areias naturais,826,Reino Unido,61,0.0,direct
2024,250590,Areias naturais,710,África do Sul,53,0.0,direct
2024,261400,Minério de titânio,156,China,148311867,42.447,direct
2024,261400,Minério de titânio,842,EUA,38667807,11.067,direct
2024,261400,Minério de titânio,724,Espanha,38400799,10.99,direct
2024,261400,Minério de titânio,682,Arábia Saudita,37385563,10.7,direct
2024,261400,Minério de titânio,458,Malásia,20120164,5.758,direct
2024,261400,Minério de titânio,124,Canadá,18842574,5.393,direct
2024,261400,Minério de titânio,392,Japão,15368766,4.399,direct
2024,261400,Minério de titânio,699,Índia,10663412,3.052,direct
2024,261510,Minério de zircónio,156,China,63367222,62.28,direct
2024,261510,Minério de zircónio,380,Itália,19484382,19.15,direct
2024,261510,Minério de zircónio,724,Espanha,11057859,10.868,direct
2024,261510,Minério de zircónio,704,Vietname,4109567,4.039,direct
2024,261510,Minério de zircónio,251,França,2262178,2.223,direct
2024,261510,Minério de zircónio,842,EUA,1368772,1.345,direct
2024,261510,Minério de zircónio,528,Países Baixos,95890,0.094,direct
2024,270119,Outros carvões minerais,699,Índia,744026858,42.579,direct
2024,270119,Outros carvões minerais,410,Coreia do Sul,303469832,17.367,direct
2024,270119,Outros carvões minerais,704,Vietname,257213939,14.72,direct
2024,270119,Outros carvões minerais,156,China,175834451,10.063,direct
2024,270119,Outros carvões minerais,616,Polónia,93105181,5.328,direct
2024,270119,Outros carvões minerais,710,África do Sul,51073073,2.923,direct
2024,270119,Outros carvões minerais,784,Emirados Árabes Unidos,34526278,1.976,direct
2024,270119,Outros carvões minerais,458,Malásia,31310299,1.792,direct
2024,270400,Coque,699,Índia,221250640,86.324,direct
2024,270400,Coque,784,Emirados Árabes Unidos,28010316,10.929,direct
2024,270400,Coque,842,EUA,7041887,2.747,direct
2024,270400,Coque,710,África do Sul,299,0.0,direct
2024,271019,Gasóleo e combustíveis médios e pesados,784,Emirados Árabes Unidos,49242431,64.3,direct
2024,271019,Gasóleo e combustíveis médios e pesados,702,Singapura,8247312,10.769,direct
2024,271019,Gasóleo e combustíveis médios e pesados,48,Barém,6476017,8.456,direct
2024,271019,Gasóleo e combustíveis médios e pesados,458,Malásia,2822957,3.686,direct
2024,271019,Gasóleo e combustíveis médios e pesados,710,África do Sul,2393472,3.125,direct
2024,271019,Gasóleo e combustíveis médios e pesados,682,Arábia Saudita,2286203,2.985,direct
2024,271019,Gasóleo e combustíveis médios e pesados,512,Omã,1803692,2.355,direct
2024,271019,Gasóleo e combustíveis médios e pesados,454,Malawi,1461877,1.909,direct
2024,271111,Gás natural liquefeito (GNL),156,China,312000605,57.78,direct
2024,271111,Gás natural liquefeito (GNL),702,Singapura,109646480,20.306,direct
2024,271111,Gás natural liquefeito (GNL),710,África do Sul,57295244,10.611,direct
2024,271111,Gás natural liquefeito (GNL),699,Índia,24394314,4.518,direct
2024,271111,Gás natural liquefeito (GNL),784,Emirados Árabes Unidos,10374776,1.921,direct
2024,271111,Gás natural liquefeito (GNL),764,Tailândia,9233085,1.71,direct
2024,271111,Gás natural liquefeito (GNL),458,Malásia,5872986,1.088,direct
2024,271111,Gás natural liquefeito (GNL),410,Coreia do Sul,5665052,1.049,direct
2024,271121,Gás natural em estado gasoso,710,África do Sul,391692958,27.451,direct
2024,271121,Gás natural em estado gasoso,156,China,259233773,18.168,direct
2024,271121,Gás natural em estado gasoso,702,Singapura,251952987,17.657,direct
2024,271121,Gás natural em estado gasoso,699,Índia,238172167,16.692,direct
2024,271121,Gás natural em estado gasoso,764,Tailândia,95930403,6.723,direct
2024,271121,Gás natural em estado gasoso,458,Malásia,76092695,5.333,direct
2024,271121,Gás natural em estado gasoso,410,Coreia do Sul,53474299,3.748,direct
2024,271121,Gás natural em estado gasoso,490,Taiwan (Prov. China),36944632,2.589,direct
2024,271600,Energia elétrica,710,África do Sul,417208643,60.592,direct
2024,271600,Energia elétrica,894,Zâmbia,151075440,21.941,direct
2024,271600,Energia elétrica,716,Zimbabué,68705667,9.978,direct
2024,271600,Energia elétrica,178,Congo,19393359,2.817,direct
2024,271600,Energia elétrica,72,Botsuana,14696045,2.134,direct
2024,271600,Energia elétrica,748,Eswatini,7721174,1.121,direct
2024,271600,Energia elétrica,426,Lesotho,5883665,0.854,direct
2024,271600,Energia elétrica,180,RD Congo,3736233,0.543,direct
2024,380290,Produtos minerais ativados,300,Grécia,202,100.0,direct
2024,520100,Algodão em fibra,480,Maurícias,2836253,28.279,direct
2024,520100,Algodão em fibra,50,Bangladesh,1770826,17.656,direct
2024,520100,Algodão em fibra,710,África do Sul,1663601,16.587,direct
2024,520100,Algodão em fibra,586,Paquistão,1346195,13.422,direct
2024,520100,Algodão em fibra,704,Vietname,1343213,13.393,direct
2024,520100,Algodão em fibra,699,Índia,813304,8.109,direct
2024,520100,Algodão em fibra,792,Turquia,255858,2.551,direct
2024,520100,Algodão em fibra,702,Singapura,160,0.002,direct
2024,670490,Perucas e artigos semelhantes,710,África do Sul,40806496,98.691,direct
2024,670490,Perucas e artigos semelhantes,748,Eswatini,528416,1.278,direct
2024,670490,Perucas e artigos semelhantes,834,Tanzânia,7847,0.019,direct
2024,670490,Perucas e artigos semelhantes,404,Quénia,3712,0.009,direct
2024,670490,Perucas e artigos semelhantes,76,Brasil,700,0.002,direct
2024,670490,Perucas e artigos semelhantes,620,Portugal,396,0.001,direct
2024,710391,"Rubis, safiras e esmeraldas",344,Hong Kong (RAEHK),37622357,50.049,direct
2024,710391,"Rubis, safiras e esmeraldas",764,Tailândia,20708057,27.548,direct
2024,710391,"Rubis, safiras e esmeraldas",784,Emirados Árabes Unidos,13023104,17.325,direct
2024,710391,"Rubis, safiras e esmeraldas",251,França,1292897,1.72,direct
2024,710391,"Rubis, safiras e esmeraldas",699,Índia,1188320,1.581,direct
2024,710391,"Rubis, safiras e esmeraldas",458,Malásia,748034,0.995,direct
2024,710391,"Rubis, safiras e esmeraldas",842,EUA,465748,0.62,direct
2024,710391,"Rubis, safiras e esmeraldas",36,Austrália,92079,0.122,direct
2024,760110,"Alumínio não ligado, em bruto",702,Singapura,341471978,30.601,direct
2024,760110,"Alumínio não ligado, em bruto",826,Reino Unido,310357968,27.812,direct
2024,760110,"Alumínio não ligado, em bruto",528,Países Baixos,253687627,22.734,direct
2024,760110,"Alumínio não ligado, em bruto",757,Suíça,79617109,7.135,direct
2024,760110,"Alumínio não ligado, em bruto",380,Itália,48886931,4.381,direct
2024,760110,"Alumínio não ligado, em bruto",300,Grécia,35933580,3.22,direct
2024,760110,"Alumínio não ligado, em bruto",100,Bulgária,12653230,1.134,direct
2024,760110,"Alumínio não ligado, em bruto",705,Eslovénia,11735299,1.052,direct
2024,760120,"Ligas de alumínio, em bruto",156,China,2328628,37.124,direct
2024,760120,"Ligas de alumínio, em bruto",699,Índia,2244888,35.789,direct
2024,760120,"Ligas de alumínio, em bruto",392,Japão,1169838,18.65,direct
2024,760120,"Ligas de alumínio, em bruto",682,Arábia Saudita,224777,3.583,direct
2024,760120,"Ligas de alumínio, em bruto",410,Coreia do Sul,134195,2.139,direct
2024,760120,"Ligas de alumínio, em bruto",764,Tailândia,96290,1.535,direct
2024,760120,"Ligas de alumínio, em bruto",512,Omã,71934,1.147,direct
2024,760120,"Ligas de alumínio, em bruto",458,Malásia,2020,0.032,direct
2024,760429,Varões e perfis de ligas de alumínio,784,Emirados Árabes Unidos,100537,79.834,direct
2024,760429,Varões e perfis de ligas de alumínio,699,Índia,24229,19.24,direct
2024,760429,Varões e perfis de ligas de alumínio,710,África do Sul,1167,0.927,direct
2024,760511,Fios de alumínio,581,United States Minor Outlying Islands,84698817,53.121,direct
2024,760511,Fios de alumínio,710,África do Sul,31340395,19.656,direct
2024,760511,Fios de alumínio,48,Barém,21601810,13.548,direct
2024,760511,Fios de alumínio,826,Reino Unido,17076272,10.71,direct
2024,760511,Fios de alumínio,716,Zimbabué,2118511,1.329,direct
2024,760511,Fios de alumínio,380,Itália,1036112,0.65,direct
2024,760511,Fios de alumínio,72,Botsuana,699535,0.439,direct
2024,760511,Fios de alumínio,894,Zâmbia,466392,0.293,direct
2024,999999,Mercadorias não especificadas,724,Espanha,13535565,69.932,direct
2024,999999,Mercadorias não especificadas,156,China,3645406,18.834,direct
2024,999999,Mercadorias não especificadas,276,Alemanha,1004740,5.191,direct
2024,999999,Mercadorias não especificadas,710,África do Sul,331982,1.715,direct
2024,999999,Mercadorias não especificadas,804,Ucrânia,230780,1.192,direct
2024,999999,Mercadorias não especificadas,454,Malawi,219195,1.132,direct
2024,999999,Mercadorias não especificadas,620,Portugal,175742,0.908,direct
2024,999999,Mercadorias não especificadas,72,Botsuana,62823,0.325,direct
2024,071390,Outras leguminosas secas,454,Malawi,260033,43.317,mirror
2024,071390,Outras leguminosas secas,699,Índia,213051,35.491,mirror
2024,071390,Outras leguminosas secas,458,Malásia,84067,14.004,mirror
2024,071390,Outras leguminosas secas,826,Reino Unido,42636,7.103,mirror
2024,071390,Outras leguminosas secas,251,França,306,0.051,mirror
2024,071390,Outras leguminosas secas,40,Áustria,88,0.015,mirror
2024,071390,Outras leguminosas secas,757,Suíça,72,0.012,mirror
2024,071390,Outras leguminosas secas,203,Chéquia,36,0.006,mirror
2024,080131,Castanha de caju com casca,699,Índia,56562930,99.47,mirror
2024,080131,Castanha de caju com casca,144,Sri Lanka,299686,0.527,mirror
2024,080131,Castanha de caju com casca,454,Malawi,1687,0.003,mirror
2024,080131,Castanha de caju com casca,528,Países Baixos,1,0.0,mirror
2024,120740,Sementes de sésamo (gergelim),156,China,225543766,82.748,mirror
2024,120740,Sementes de sésamo (gergelim),392,Japão,27948994,10.254,mirror
2024,120740,Sementes de sésamo (gergelim),699,Índia,5335190,1.957,mirror
2024,120740,Sementes de sésamo (gergelim),792,Turquia,5210421,1.912,mirror
2024,120740,Sementes de sésamo (gergelim),300,Grécia,3466843,1.272,mirror
2024,120740,Sementes de sésamo (gergelim),490,Taiwan (Prov. China),1714019,0.629,mirror
2024,120740,Sementes de sésamo (gergelim),682,Arábia Saudita,1691144,0.62,mirror
2024,120740,Sementes de sésamo (gergelim),40,Áustria,770074,0.283,mirror
2024,240120,Tabaco destalado,616,Polónia,36285681,18.288,mirror
2024,240120,Tabaco destalado,792,Turquia,33278694,16.772,mirror
2024,240120,Tabaco destalado,276,Alemanha,28064241,14.144,mirror
2024,240120,Tabaco destalado,642,Roménia,10170310,5.126,mirror
2024,240120,Tabaco destalado,360,Indonésia,8492472,4.28,mirror
2024,240120,Tabaco destalado,410,Coreia do Sul,7373652,3.716,mirror
2024,240120,Tabaco destalado,818,Egito,6357728,3.204,mirror
2024,240120,Tabaco destalado,504,Marrocos,6069567,3.059,mirror
2024,250590,Areias naturais,276,Alemanha,1068919,99.869,mirror
2024,250590,Areias naturais,710,África do Sul,1017,0.095,mirror
2024,250590,Areias naturais,724,Espanha,359,0.034,mirror
2024,250590,Areias naturais,404,Quénia,19,0.002,mirror
2024,250590,Areias naturais,620,Portugal,9,0.001,mirror
2024,250590,Areias naturais,528,Países Baixos,1,0.0,mirror
2024,261400,Minério de titânio,156,China,716334689,77.375,mirror
2024,261400,Minério de titânio,682,Arábia Saudita,55944062,6.043,mirror
2024,261400,Minério de titânio,842,EUA,40198562,4.342,mirror
2024,261400,Minério de titânio,458,Malásia,30280130,3.271,mirror
2024,261400,Minério de titânio,724,Espanha,26064233,2.815,mirror
2024,261400,Minério de titânio,699,Índia,16407224,1.772,mirror
2024,261400,Minério de titânio,528,Países Baixos,15145556,1.636,mirror
2024,261400,Minério de titânio,392,Japão,11785126,1.273,mirror
2024,261510,Minério de zircónio,156,China,81761876,70.134,mirror
2024,261510,Minério de zircónio,380,Itália,17943775,15.392,mirror
2024,261510,Minério de zircónio,724,Espanha,8024500,6.883,mirror
2024,261510,Minério de zircónio,528,Países Baixos,6610485,5.67,mirror
2024,261510,Minério de zircónio,251,França,2239162,1.921,mirror
2024,261510,Minério de zircónio,764,Tailândia,419,0.0,mirror
2024,261510,Minério de zircónio,710,África do Sul,118,0.0,mirror
2024,270119,Outros carvões minerais,699,Índia,1212036213,94.072,mirror
2024,270119,Outros carvões minerais,686,Senegal,23984207,1.862,mirror
2024,270119,Outros carvões minerais,414,Kuwait,16003324,1.242,mirror
2024,270119,Outros carvões minerais,710,África do Sul,11336270,0.88,mirror
2024,270119,Outros carvões minerais,528,Países Baixos,10298243,0.799,mirror
2024,270119,Outros carvões minerais,454,Malawi,6098312,0.473,mirror
2024,270119,Outros carvões minerais,768,Togo,4909949,0.381,mirror
2024,270119,Outros carvões minerais,764,Tailândia,3738598,0.29,mirror
2024,270400,Coque,894,Zâmbia,257877,85.626,mirror
2024,270400,Coque,458,Malásia,43285,14.372,mirror
2024,270400,Coque,710,África do Sul,3,0.001,mirror
2024,271019,Gasóleo e combustíveis médios e pesados,716,Zimbabué,49324547,68.504,mirror
2024,271019,Gasóleo e combustíveis médios e pesados,894,Zâmbia,22591120,31.376,mirror
2024,271019,Gasóleo e combustíveis médios e pesados,454,Malawi,27154,0.038,mirror
2024,271019,Gasóleo e combustíveis médios e pesados,48,Barém,23043,0.032,mirror
2024,271019,Gasóleo e combustíveis médios e pesados,710,África do Sul,18761,0.026,mirror
2024,271019,Gasóleo e combustíveis médios e pesados,834,Tanzânia,16019,0.022,mirror
2024,271019,Gasóleo e combustíveis médios e pesados,752,Suécia,662,0.001,mirror
2024,271019,Gasóleo e combustíveis médios e pesados,56,Bélgica,263,0.0,mirror
2024,271111,Gás natural liquefeito (GNL),702,Singapura,651655168,27.689,mirror
2024,271111,Gás natural liquefeito (GNL),156,China,439450173,18.672,mirror
2024,271111,Gás natural liquefeito (GNL),710,África do Sul,413478788,17.569,mirror
2024,271111,Gás natural liquefeito (GNL),699,Índia,297890644,12.657,mirror
2024,271111,Gás natural liquefeito (GNL),764,Tailândia,209852430,8.917,mirror
2024,271111,Gás natural liquefeito (GNL),410,Coreia do Sul,166482024,7.074,mirror
2024,271111,Gás natural liquefeito (GNL),458,Malásia,92730987,3.94,mirror
2024,271111,Gás natural liquefeito (GNL),490,Taiwan (Prov. China),47860285,2.034,mirror
2024,271121,Gás natural em estado gasoso,710,África do Sul,1709917,100.0,mirror
2024,271600,Energia elétrica,710,África do Sul,351758049,61.684,mirror
2024,271600,Energia elétrica,894,Zâmbia,137206045,24.06,mirror
2024,271600,Energia elétrica,716,Zimbabué,74953268,13.144,mirror
2024,271600,Energia elétrica,426,Lesotho,6339657,1.112,mirror
2024,271600,Energia elétrica,454,Malawi,289,0.0,mirror
2024,520100,Algodão em fibra,480,Maurícias,5542281,49.444,mirror
2024,520100,Algodão em fibra,426,Lesotho,2717790,24.246,mirror
2024,520100,Algodão em fibra,699,Índia,1111890,9.919,mirror
2024,520100,Algodão em fibra,586,Paquistão,1019226,9.093,mirror
2024,520100,Algodão em fibra,360,Indonésia,573583,5.117,mirror
2024,520100,Algodão em fibra,620,Portugal,203138,1.812,mirror
2024,520100,Algodão em fibra,710,África do Sul,41318,0.369,mirror
2024,520100,Algodão em fibra,276,Alemanha,19,0.0,mirror
2024,670490,Perucas e artigos semelhantes,710,África do Sul,41873931,100.0,mirror
2024,670490,Perucas e artigos semelhantes,620,Portugal,31,0.0,mirror
2024,710391,"Rubis, safiras e esmeraldas",842,EUA,92582412,38.638,mirror
2024,710391,"Rubis, safiras e esmeraldas",764,Tailândia,69433339,28.977,mirror
2024,710391,"Rubis, safiras e esmeraldas",251,França,31760970,13.255,mirror
2024,710391,"Rubis, safiras e esmeraldas",757,Suíça,16848297,7.031,mirror
2024,710391,"Rubis, safiras e esmeraldas",826,Reino Unido,10229905,4.269,mirror
2024,710391,"Rubis, safiras e esmeraldas",156,China,6782130,2.83,mirror
2024,710391,"Rubis, safiras e esmeraldas",392,Japão,3310155,1.381,mirror
2024,710391,"Rubis, safiras e esmeraldas",380,Itália,3219932,1.344,mirror
2024,760110,"Alumínio não ligado, em bruto",380,Itália,379544649,34.381,mirror
2024,760110,"Alumínio não ligado, em bruto",528,Países Baixos,223132677,20.213,mirror
2024,760110,"Alumínio não ligado, em bruto",276,Alemanha,120680573,10.932,mirror
2024,760110,"Alumínio não ligado, em bruto",724,Espanha,100033083,9.062,mirror
2024,760110,"Alumínio não ligado, em bruto",300,Grécia,96514929,8.743,mirror
2024,760110,"Alumínio não ligado, em bruto",100,Bulgária,52713349,4.775,mirror
2024,760110,"Alumínio não ligado, em bruto",616,Polónia,41446874,3.754,mirror
2024,760110,"Alumínio não ligado, em bruto",705,Eslovénia,39636143,3.59,mirror
2024,760120,"Ligas de alumínio, em bruto",203,Chéquia,33505134,76.993,mirror
2024,760120,"Ligas de alumínio, em bruto",156,China,2161254,4.966,mirror
2024,760120,"Ligas de alumínio, em bruto",699,Índia,2074196,4.766,mirror
2024,760120,"Ligas de alumínio, em bruto",392,Japão,1954418,4.491,mirror
2024,760120,"Ligas de alumínio, em bruto",100,Bulgária,1840246,4.229,mirror
2024,760120,"Ligas de alumínio, em bruto",276,Alemanha,1558615,3.582,mirror
2024,760120,"Ligas de alumínio, em bruto",764,Tailândia,238616,0.548,mirror
2024,760120,"Ligas de alumínio, em bruto",458,Malásia,95949,0.22,mirror
2024,760410,Varões e perfis de alumínio não ligado,246,Finlândia,69186,100.0,mirror
2024,760429,Varões e perfis de ligas de alumínio,251,França,1514303,99.271,mirror
2024,760429,Varões e perfis de ligas de alumínio,710,África do Sul,9249,0.606,mirror
2024,760429,Varões e perfis de ligas de alumínio,716,Zimbabué,1874,0.123,mirror
2024,760511,Fios de alumínio,380,Itália,39591847,22.483,mirror
2024,760511,Fios de alumínio,710,África do Sul,29327011,16.654,mirror
2024,760511,Fios de alumínio,724,Espanha,24913380,14.148,mirror
2024,760511,Fios de alumínio,528,Países Baixos,22088876,12.544,mirror
2024,760511,Fios de alumínio,616,Polónia,19812907,11.251,mirror
2024,760511,Fios de alumínio,300,Grécia,11488106,6.524,mirror
2024,760511,Fios de alumínio,752,Suécia,7821427,4.442,mirror
2024,760511,Fios de alumínio,251,França,6638559,3.77,mirror
2024,999999,Mercadorias não especificadas,702,Singapura,2909617,26.216,mirror
2024,999999,Mercadorias não especificadas,842,EUA,2054846,18.514,mirror
2024,999999,Mercadorias não especificadas,579,Noruega,2004696,18.062,mirror
2024,999999,Mercadorias não especificadas,276,Alemanha,1876560,16.908,mirror
2024,999999,Mercadorias não especificadas,716,Zimbabué,999640,9.007,mirror
2024,999999,Mercadorias não especificadas,454,Malawi,562954,5.072,mirror
2024,999999,Mercadorias não especificadas,251,França,165327,1.49,mirror
2024,999999,Mercadorias não especificadas,380,Itália,104862,0.945,mirror
