year,hs6,description_pt,partner_code,partner,value,share_pct,basis
2003,100590,Milho,32,Argentina,71858783,39.6,direct
2003,100590,Milho,251,França,71735228,39.532,direct
2003,100590,Milho,76,Brasil,18806743,10.364,direct
2003,100590,Milho,724,Espanha,14661751,8.08,direct
2003,100590,Milho,276,Alemanha,4106874,2.263,direct
2003,100590,Milho,842,EUA,249802,0.138,direct
2003,100590,Milho,528,Países Baixos,26092,0.014,direct
2003,100590,Milho,124,Canadá,9714,0.005,direct
2003,270900,Petróleo bruto,566,Nigéria,708762387,26.045,direct
2003,270900,Petróleo bruto,434,Libya,354630618,13.032,direct
2003,270900,Petróleo bruto,682,Arábia Saudita,348021239,12.789,direct
2003,270900,Petróleo bruto,643,Rússia,301800220,11.09,direct
2003,270900,Petróleo bruto,826,Reino Unido,297090289,10.917,direct
2003,270900,Petróleo bruto,12,Argélia,183878777,6.757,direct
2003,270900,Petróleo bruto,76,Brasil,183000890,6.725,direct
2003,270900,Petróleo bruto,484,México,113297368,4.163,direct
2003,271019,Gasóleo e combustíveis médios e pesados,724,Espanha,112577666,18.2,direct
2003,271019,Gasóleo e combustíveis médios e pesados,643,Rússia,89097978,14.404,direct
2003,271019,Gasóleo e combustíveis médios e pesados,528,Países Baixos,74210351,11.997,direct
2003,271019,Gasóleo e combustíveis médios e pesados,826,Reino Unido,63864047,10.325,direct
2003,271019,Gasóleo e combustíveis médios e pesados,380,Itália,50341187,8.138,direct
2003,271019,Gasóleo e combustíveis médios e pesados,233,Estónia,37675176,6.091,direct
2003,271019,Gasóleo e combustíveis médios e pesados,752,Suécia,32015388,5.176,direct
2003,271019,Gasóleo e combustíveis médios e pesados,440,Lituânia,29605938,4.786,direct
2003,271111,Gás natural liquefeito (GNL),724,Espanha,103208501,76.248,direct
2003,271111,Gás natural liquefeito (GNL),566,Nigéria,32151064,23.752,direct
2003,271111,Gás natural liquefeito (GNL),528,Países Baixos,158,0.0,direct
2003,271121,Gás natural em estado gasoso,724,Espanha,390571288,100.0,direct
2003,271600,Energia elétrica,724,Espanha,152387840,99.876,direct
2003,271600,Energia elétrica,380,Itália,114011,0.075,direct
2003,271600,Energia elétrica,826,Reino Unido,53167,0.035,direct
2003,271600,Energia elétrica,251,França,22129,0.015,direct
2003,300490,Medicamentos,826,Reino Unido,156913020,14.696,direct
2003,300490,Medicamentos,276,Alemanha,156106882,14.621,direct
2003,300490,Medicamentos,56,Bélgica,125439597,11.749,direct
2003,300490,Medicamentos,251,França,122587894,11.482,direct
2003,300490,Medicamentos,757,Suíça,105167419,9.85,direct
2003,300490,Medicamentos,724,Espanha,104815703,9.817,direct
2003,300490,Medicamentos,528,Países Baixos,98192908,9.197,direct
2003,300490,Medicamentos,372,Irlanda,74620267,6.989,direct
2003,381512,Catalisadores,392,Japão,683271,34.103,direct
2003,381512,Catalisadores,380,Itália,543388,27.121,direct
2003,381512,Catalisadores,276,Alemanha,477771,23.846,direct
2003,381512,Catalisadores,826,Reino Unido,243017,12.129,direct
2003,381512,Catalisadores,752,Suécia,55683,2.779,direct
2003,381512,Catalisadores,724,Espanha,363,0.018,direct
2003,381512,Catalisadores,56,Bélgica,76,0.004,direct
2003,392690,Outros artigos de plástico,724,Espanha,69111948,31.223,direct
2003,392690,Outros artigos de plástico,276,Alemanha,44997313,20.328,direct
2003,392690,Outros artigos de plástico,251,França,35753689,16.152,direct
2003,392690,Outros artigos de plástico,380,Itália,22380759,10.111,direct
2003,392690,Outros artigos de plástico,826,Reino Unido,9808149,4.431,direct
2003,392690,Outros artigos de plástico,528,Países Baixos,8236417,3.721,direct
2003,392690,Outros artigos de plástico,40,Áustria,6349499,2.869,direct
2003,392690,Outros artigos de plástico,56,Bélgica,3829720,1.73,direct
2003,720449,Outra sucata ferrosa,372,Irlanda,10903978,33.189,direct
2003,720449,Outra sucata ferrosa,251,França,5307230,16.154,direct
2003,720449,Outra sucata ferrosa,826,Reino Unido,4431697,13.489,direct
2003,720449,Outra sucata ferrosa,208,Dinamarca,2363542,7.194,direct
2003,720449,Outra sucata ferrosa,724,Espanha,1898196,5.778,direct
2003,720449,Outra sucata ferrosa,686,Senegal,1421726,4.327,direct
2003,720449,Outra sucata ferrosa,842,EUA,1159648,3.53,direct
2003,720449,Outra sucata ferrosa,643,Rússia,1084110,3.3,direct
2003,760120,"Ligas de alumínio, em bruto",579,Noruega,266265194,81.547,direct
2003,760120,"Ligas de alumínio, em bruto",724,Espanha,34157898,10.461,direct
2003,760120,"Ligas de alumínio, em bruto",528,Países Baixos,8430452,2.582,direct
2003,760120,"Ligas de alumínio, em bruto",826,Reino Unido,6876590,2.106,direct
2003,760120,"Ligas de alumínio, em bruto",276,Alemanha,4479648,1.372,direct
2003,760120,"Ligas de alumínio, em bruto",70,Bosnia Herzegovina,2319469,0.71,direct
2003,760120,"Ligas de alumínio, em bruto",251,França,2084577,0.638,direct
2003,760120,"Ligas de alumínio, em bruto",784,Emirados Árabes Unidos,926816,0.284,direct
2003,840820,Motores diesel para veículos,616,Polónia,271185345,58.902,direct
2003,840820,Motores diesel para veículos,724,Espanha,86809353,18.855,direct
2003,840820,Motores diesel para veículos,251,França,60069196,13.047,direct
2003,840820,Motores diesel para veículos,392,Japão,41642559,9.045,direct
2003,840820,Motores diesel para veículos,276,Alemanha,265038,0.058,direct
2003,840820,Motores diesel para veículos,152,Chile,201028,0.044,direct
2003,840820,Motores diesel para veículos,752,Suécia,100700,0.022,direct
2003,840820,Motores diesel para veículos,826,Reino Unido,55073,0.012,direct
2003,847130,Computadores portáteis,442,Luxemburgo,62413564,36.658,direct
2003,847130,Computadores portáteis,724,Espanha,60014833,35.249,direct
2003,847130,Computadores portáteis,276,Alemanha,15261317,8.964,direct
2003,847130,Computadores portáteis,490,Taiwan (Prov. China),12348504,7.253,direct
2003,847130,Computadores portáteis,528,Países Baixos,8521680,5.005,direct
2003,847130,Computadores portáteis,826,Reino Unido,6548061,3.846,direct
2003,847130,Computadores portáteis,251,França,2295924,1.348,direct
2003,847130,Computadores portáteis,156,China,928209,0.545,direct
2003,852990,Outras partes de aparelhos de rádio e TV,276,Alemanha,105194562,68.637,direct
2003,852990,Outras partes de aparelhos de rádio e TV,56,Bélgica,12150010,7.928,direct
2003,852990,Outras partes de aparelhos de rádio e TV,724,Espanha,8804002,5.744,direct
2003,852990,Outras partes de aparelhos de rádio e TV,702,Singapura,5759481,3.758,direct
2003,852990,Outras partes de aparelhos de rádio e TV,826,Reino Unido,5246335,3.423,direct
2003,852990,Outras partes de aparelhos de rádio e TV,458,Malásia,3442558,2.246,direct
2003,852990,Outras partes de aparelhos de rádio e TV,251,França,2102221,1.372,direct
2003,852990,Outras partes de aparelhos de rádio e TV,380,Itália,1795858,1.172,direct
2003,870322,Automóveis a gasolina 1.000–1.500 cm³,724,Espanha,474629792,53.424,direct
2003,870322,Automóveis a gasolina 1.000–1.500 cm³,251,França,153340847,17.26,direct
2003,870322,Automóveis a gasolina 1.000–1.500 cm³,276,Alemanha,61365174,6.907,direct
2003,870322,Automóveis a gasolina 1.000–1.500 cm³,826,Reino Unido,50080010,5.637,direct
2003,870322,Automóveis a gasolina 1.000–1.500 cm³,392,Japão,40762720,4.588,direct
2003,870322,Automóveis a gasolina 1.000–1.500 cm³,380,Itália,38801185,4.367,direct
2003,870322,Automóveis a gasolina 1.000–1.500 cm³,410,Coreia do Sul,17862710,2.011,direct
2003,870322,Automóveis a gasolina 1.000–1.500 cm³,56,Bélgica,16029883,1.804,direct
2003,870323,Automóveis a gasolina 1.500–3.000 cm³,276,Alemanha,134202075,37.822,direct
2003,870323,Automóveis a gasolina 1.500–3.000 cm³,724,Espanha,45108694,12.713,direct
2003,870323,Automóveis a gasolina 1.500–3.000 cm³,251,França,43283790,12.199,direct
2003,870323,Automóveis a gasolina 1.500–3.000 cm³,528,Países Baixos,41189088,11.608,direct
2003,870323,Automóveis a gasolina 1.500–3.000 cm³,826,Reino Unido,25671756,7.235,direct
2003,870323,Automóveis a gasolina 1.500–3.000 cm³,752,Suécia,18327680,5.165,direct
2003,870323,Automóveis a gasolina 1.500–3.000 cm³,392,Japão,15110927,4.259,direct
2003,870323,Automóveis a gasolina 1.500–3.000 cm³,56,Bélgica,13196709,3.719,direct
2003,870331,Automóveis diesel até 1.500 cm³,724,Espanha,60016904,43.689,direct
2003,870331,Automóveis diesel até 1.500 cm³,251,França,22440606,16.335,direct
2003,870331,Automóveis diesel até 1.500 cm³,276,Alemanha,18081679,13.162,direct
2003,870331,Automóveis diesel até 1.500 cm³,392,Japão,10473669,7.624,direct
2003,870331,Automóveis diesel até 1.500 cm³,203,Chéquia,10011025,7.287,direct
2003,870331,Automóveis diesel até 1.500 cm³,826,Reino Unido,7242514,5.272,direct
2003,870331,Automóveis diesel até 1.500 cm³,410,Coreia do Sul,5724105,4.167,direct
2003,870331,Automóveis diesel até 1.500 cm³,348,Hungria,1541447,1.122,direct
2003,870332,Automóveis diesel 1.500–2.500 cm³,276,Alemanha,454027048,43.92,direct
2003,870332,Automóveis diesel 1.500–2.500 cm³,251,França,268541227,25.977,direct
2003,870332,Automóveis diesel 1.500–2.500 cm³,724,Espanha,137152878,13.267,direct
2003,870332,Automóveis diesel 1.500–2.500 cm³,826,Reino Unido,60987739,5.9,direct
2003,870332,Automóveis diesel 1.500–2.500 cm³,380,Itália,29446213,2.848,direct
2003,870332,Automóveis diesel 1.500–2.500 cm³,392,Japão,16146623,1.562,direct
2003,870332,Automóveis diesel 1.500–2.500 cm³,410,Coreia do Sul,13708709,1.326,direct
2003,870332,Automóveis diesel 1.500–2.500 cm³,203,Chéquia,11173195,1.081,direct
2003,870421,Camiões diesel até 5 t,724,Espanha,184810436,35.963,direct
2003,870421,Camiões diesel até 5 t,251,França,102733698,19.992,direct
2003,870421,Camiões diesel até 5 t,276,Alemanha,74646434,14.526,direct
2003,870421,Camiões diesel até 5 t,826,Reino Unido,38614071,7.514,direct
2003,870421,Camiões diesel até 5 t,392,Japão,36340878,7.072,direct
2003,870421,Camiões diesel até 5 t,764,Tailândia,31152804,6.062,direct
2003,870421,Camiões diesel até 5 t,792,Turquia,19689668,3.832,direct
2003,870421,Camiões diesel até 5 t,380,Itália,11869925,2.31,direct
2003,870840,Caixas de velocidades e partes,392,Japão,64314756,45.522,direct
2003,870840,Caixas de velocidades e partes,276,Alemanha,50151617,35.497,direct
2003,870840,Caixas de velocidades e partes,251,França,15232673,10.782,direct
2003,870840,Caixas de velocidades e partes,40,Áustria,9297417,6.581,direct
2003,870840,Caixas de velocidades e partes,724,Espanha,1395528,0.988,direct
2003,870840,Caixas de velocidades e partes,826,Reino Unido,308666,0.218,direct
2003,870840,Caixas de velocidades e partes,528,Países Baixos,208222,0.147,direct
2003,870840,Caixas de velocidades e partes,380,Itália,155517,0.11,direct
2003,870899,Outras partes de veículos,724,Espanha,418226814,44.361,direct
2003,870899,Outras partes de veículos,251,França,189231532,20.072,direct
2003,870899,Outras partes de veículos,276,Alemanha,139012193,14.745,direct
2003,870899,Outras partes de veículos,392,Japão,60528236,6.42,direct
2003,870899,Outras partes de veículos,380,Itália,35006785,3.713,direct
2003,870899,Outras partes de veículos,56,Bélgica,22659799,2.404,direct
2003,870899,Outras partes de veículos,826,Reino Unido,21402885,2.27,direct
2003,870899,Outras partes de veículos,842,EUA,12742005,1.352,direct
2003,880240,Aviões +15.000 kg,124,Canadá,128246090,36.051,direct
2003,880240,Aviões +15.000 kg,579,Noruega,127086122,35.725,direct
2003,880240,Aviões +15.000 kg,757,Suíça,37495443,10.54,direct
2003,880240,Aviões +15.000 kg,842,EUA,26789135,7.531,direct
2003,880240,Aviões +15.000 kg,414,Kuwait,17434825,4.901,direct
2003,880240,Aviões +15.000 kg,266,Gabão,17419892,4.897,direct
2003,880240,Aviões +15.000 kg,24,Angola,1264564,0.355,direct
2003,999999,Mercadorias não especificadas,724,Espanha,23934,97.119,direct
2003,999999,Mercadorias não especificadas,276,Alemanha,383,1.554,direct
2003,999999,Mercadorias não especificadas,528,Países Baixos,295,1.197,direct
2003,999999,Mercadorias não especificadas,826,Reino Unido,32,0.13,direct
2003,100590,Milho,251,França,66241106,46.129,mirror
2003,100590,Milho,32,Argentina,49951590,34.785,mirror
2003,100590,Milho,724,Espanha,14067116,9.796,mirror
2003,100590,Milho,76,Brasil,12590497,8.768,mirror
2003,100590,Milho,100,Bulgária,364637,0.254,mirror
2003,100590,Milho,842,EUA,191924,0.134,mirror
2003,100590,Milho,528,Países Baixos,82565,0.057,mirror
2003,100590,Milho,276,Alemanha,46000,0.032,mirror
2003,270900,Petróleo bruto,566,Nigéria,588836512,33.399,mirror
2003,270900,Petróleo bruto,760,Syria,276179975,15.665,mirror
2003,270900,Petróleo bruto,826,Reino Unido,223435226,12.673,mirror
2003,270900,Petróleo bruto,12,Argélia,200749486,11.387,mirror
2003,270900,Petróleo bruto,76,Brasil,146295101,8.298,mirror
2003,270900,Petróleo bruto,484,México,131351480,7.45,mirror
2003,270900,Petróleo bruto,579,Noruega,89184458,5.059,mirror
2003,270900,Petróleo bruto,398,Cazaquistão,53549500,3.037,mirror
2003,271019,Gasóleo e combustíveis médios e pesados,724,Espanha,82930856,17.654,mirror
2003,271019,Gasóleo e combustíveis médios e pesados,826,Reino Unido,81544045,17.359,mirror
2003,271019,Gasóleo e combustíveis médios e pesados,528,Países Baixos,67775802,14.428,mirror
2003,271019,Gasóleo e combustíveis médios e pesados,380,Itália,55439208,11.802,mirror
2003,271019,Gasóleo e combustíveis médios e pesados,251,França,53343536,11.356,mirror
2003,271019,Gasóleo e combustíveis médios e pesados,276,Alemanha,47139000,10.035,mirror
2003,271019,Gasóleo e combustíveis médios e pesados,643,Rússia,29331784,6.244,mirror
2003,271019,Gasóleo e combustíveis médios e pesados,752,Suécia,22471986,4.784,mirror
2003,271111,Gás natural liquefeito (GNL),724,Espanha,25878440,100.0,mirror
2003,271121,Gás natural em estado gasoso,724,Espanha,326764424,53.789,mirror
2003,271121,Gás natural em estado gasoso,12,Argélia,280729672,46.211,mirror
2003,271121,Gás natural em estado gasoso,251,França,1132,0.0,mirror
2003,271600,Energia elétrica,724,Espanha,183372602,100.0,mirror
2003,300490,Medicamentos,826,Reino Unido,139230099,14.147,mirror
2003,300490,Medicamentos,251,França,129198680,13.128,mirror
2003,300490,Medicamentos,724,Espanha,121455134,12.341,mirror
2003,300490,Medicamentos,56,Bélgica,119557673,12.148,mirror
2003,300490,Medicamentos,276,Alemanha,119276000,12.12,mirror
2003,300490,Medicamentos,528,Países Baixos,96740332,9.83,mirror
2003,300490,Medicamentos,757,Suíça,95473726,9.701,mirror
2003,300490,Medicamentos,380,Itália,62946494,6.396,mirror
2003,381512,Catalisadores,276,Alemanha,4164000,66.398,mirror
2003,381512,Catalisadores,251,França,1140917,18.193,mirror
2003,381512,Catalisadores,380,Itália,804619,12.83,mirror
2003,381512,Catalisadores,826,Reino Unido,110437,1.761,mirror
2003,381512,Catalisadores,752,Suécia,50967,0.813,mirror
2003,381512,Catalisadores,724,Espanha,342,0.005,mirror
2003,392690,Outros artigos de plástico,724,Espanha,67088032,32.557,mirror
2003,392690,Outros artigos de plástico,276,Alemanha,43545000,21.132,mirror
2003,392690,Outros artigos de plástico,380,Itália,28185485,13.678,mirror
2003,392690,Outros artigos de plástico,251,França,26959827,13.083,mirror
2003,392690,Outros artigos de plástico,826,Reino Unido,8827552,4.284,mirror
2003,392690,Outros artigos de plástico,528,Países Baixos,4482269,2.175,mirror
2003,392690,Outros artigos de plástico,702,Singapura,3562165,1.729,mirror
2003,392690,Outros artigos de plástico,56,Bélgica,3541275,1.719,mirror
2003,720449,Outra sucata ferrosa,826,Reino Unido,18109017,26.789,mirror
2003,720449,Outra sucata ferrosa,372,Irlanda,17435005,25.792,mirror
2003,720449,Outra sucata ferrosa,528,Países Baixos,11302376,16.72,mirror
2003,720449,Outra sucata ferrosa,208,Dinamarca,5223078,7.726,mirror
2003,720449,Outra sucata ferrosa,251,França,4293154,6.351,mirror
2003,720449,Outra sucata ferrosa,842,EUA,3671499,5.431,mirror
2003,720449,Outra sucata ferrosa,246,Finlândia,2801019,4.144,mirror
2003,720449,Outra sucata ferrosa,233,Estónia,1246101,1.843,mirror
2003,760120,"Ligas de alumínio, em bruto",579,Noruega,124293115,69.974,mirror
2003,760120,"Ligas de alumínio, em bruto",724,Espanha,37606912,21.172,mirror
2003,760120,"Ligas de alumínio, em bruto",528,Países Baixos,8923821,5.024,mirror
2003,760120,"Ligas de alumínio, em bruto",276,Alemanha,4468000,2.515,mirror
2003,760120,"Ligas de alumínio, em bruto",251,França,1715903,0.966,mirror
2003,760120,"Ligas de alumínio, em bruto",428,Letónia,358415,0.202,mirror
2003,760120,"Ligas de alumínio, em bruto",246,Finlândia,160613,0.09,mirror
2003,760120,"Ligas de alumínio, em bruto",380,Itália,65303,0.037,mirror
2003,840820,Motores diesel para veículos,616,Polónia,326240000,77.091,mirror
2003,840820,Motores diesel para veículos,251,França,69316376,16.38,mirror
2003,840820,Motores diesel para veículos,392,Japão,24412648,5.769,mirror
2003,840820,Motores diesel para veículos,724,Espanha,1178232,0.278,mirror
2003,840820,Motores diesel para veículos,276,Alemanha,921000,0.218,mirror
2003,840820,Motores diesel para veículos,528,Países Baixos,347226,0.082,mirror
2003,840820,Motores diesel para veículos,56,Bélgica,325890,0.077,mirror
2003,840820,Motores diesel para veículos,752,Suécia,217137,0.051,mirror
2003,847130,Computadores portáteis,724,Espanha,15557932,22.593,mirror
2003,847130,Computadores portáteis,490,Taiwan (Prov. China),15252200,22.149,mirror
2003,847130,Computadores portáteis,528,Países Baixos,13587055,19.731,mirror
2003,847130,Computadores portáteis,276,Alemanha,10603000,15.398,mirror
2003,847130,Computadores portáteis,826,Reino Unido,3652563,5.304,mirror
2003,847130,Computadores portáteis,156,China,3047361,4.425,mirror
2003,847130,Computadores portáteis,251,França,2547822,3.7,mirror
2003,847130,Computadores portáteis,842,EUA,1982041,2.878,mirror
2003,852990,Outras partes de aparelhos de rádio e TV,348,Hungria,42672000,31.214,mirror
2003,852990,Outras partes de aparelhos de rádio e TV,276,Alemanha,32820000,24.007,mirror
2003,852990,Outras partes de aparelhos de rádio e TV,724,Espanha,16781811,12.276,mirror
2003,852990,Outras partes de aparelhos de rádio e TV,344,Hong Kong (RAEHK),12595884,9.214,mirror
2003,852990,Outras partes de aparelhos de rádio e TV,380,Itália,4364036,3.192,mirror
2003,852990,Outras partes de aparelhos de rádio e TV,752,Suécia,4075749,2.981,mirror
2003,852990,Outras partes de aparelhos de rádio e TV,528,Países Baixos,3364812,2.461,mirror
2003,852990,Outras partes de aparelhos de rádio e TV,842,EUA,3031317,2.217,mirror
2003,870322,Automóveis a gasolina 1.000–1.500 cm³,724,Espanha,205003973,36.994,mirror
2003,870322,Automóveis a gasolina 1.000–1.500 cm³,251,França,86619154,15.631,mirror
2003,870322,Automóveis a gasolina 1.000–1.500 cm³,380,Itália,60015984,10.83,mirror
2003,870322,Automóveis a gasolina 1.000–1.500 cm³,826,Reino Unido,58761581,10.604,mirror
2003,870322,Automóveis a gasolina 1.000–1.500 cm³,392,Japão,43369433,7.826,mirror
2003,870322,Automóveis a gasolina 1.000–1.500 cm³,276,Alemanha,32484000,5.862,mirror
2003,870322,Automóveis a gasolina 1.000–1.500 cm³,410,Coreia do Sul,15570775,2.81,mirror
2003,870322,Automóveis a gasolina 1.000–1.500 cm³,792,Turquia,14014983,2.529,mirror
2003,870323,Automóveis a gasolina 1.500–3.000 cm³,724,Espanha,241306332,47.485,mirror
2003,870323,Automóveis a gasolina 1.500–3.000 cm³,276,Alemanha,119219000,23.46,mirror
2003,870323,Automóveis a gasolina 1.500–3.000 cm³,251,França,38743645,7.624,mirror
2003,870323,Automóveis a gasolina 1.500–3.000 cm³,826,Reino Unido,32377041,6.371,mirror
2003,870323,Automóveis a gasolina 1.500–3.000 cm³,392,Japão,15632821,3.076,mirror
2003,870323,Automóveis a gasolina 1.500–3.000 cm³,380,Itália,15119117,2.975,mirror
2003,870323,Automóveis a gasolina 1.500–3.000 cm³,56,Bélgica,15059224,2.963,mirror
2003,870323,Automóveis a gasolina 1.500–3.000 cm³,752,Suécia,13801147,2.716,mirror
2003,870331,Automóveis diesel até 1.500 cm³,251,França,113648025,37.195,mirror
2003,870331,Automóveis diesel até 1.500 cm³,724,Espanha,113107145,37.018,mirror
2003,870331,Automóveis diesel até 1.500 cm³,380,Itália,20297807,6.643,mirror
2003,870331,Automóveis diesel até 1.500 cm³,826,Reino Unido,15618268,5.112,mirror
2003,870331,Automóveis diesel até 1.500 cm³,276,Alemanha,14693000,4.809,mirror
2003,870331,Automóveis diesel até 1.500 cm³,203,Chéquia,10698081,3.501,mirror
2003,870331,Automóveis diesel até 1.500 cm³,392,Japão,9911960,3.244,mirror
2003,870331,Automóveis diesel até 1.500 cm³,410,Coreia do Sul,5546193,1.815,mirror
2003,870332,Automóveis diesel 1.500–2.500 cm³,276,Alemanha,448176000,42.195,mirror
2003,870332,Automóveis diesel 1.500–2.500 cm³,724,Espanha,183198147,17.248,mirror
2003,870332,Automóveis diesel 1.500–2.500 cm³,251,França,162761792,15.324,mirror
2003,870332,Automóveis diesel 1.500–2.500 cm³,826,Reino Unido,77684835,7.314,mirror
2003,870332,Automóveis diesel 1.500–2.500 cm³,392,Japão,48075557,4.526,mirror
2003,870332,Automóveis diesel 1.500–2.500 cm³,380,Itália,36405821,3.428,mirror
2003,870332,Automóveis diesel 1.500–2.500 cm³,56,Bélgica,31577189,2.973,mirror
2003,870332,Automóveis diesel 1.500–2.500 cm³,528,Países Baixos,25147306,2.368,mirror
2003,870421,Camiões diesel até 5 t,251,França,109944572,26.984,mirror
2003,870421,Camiões diesel até 5 t,724,Espanha,84024501,20.622,mirror
2003,870421,Camiões diesel até 5 t,392,Japão,53132007,13.04,mirror
2003,870421,Camiões diesel até 5 t,276,Alemanha,44829000,11.002,mirror
2003,870421,Camiões diesel até 5 t,792,Turquia,27239086,6.685,mirror
2003,870421,Camiões diesel até 5 t,764,Tailândia,24468338,6.005,mirror
2003,870421,Camiões diesel até 5 t,380,Itália,22970406,5.638,mirror
2003,870421,Camiões diesel até 5 t,826,Reino Unido,21564995,5.293,mirror
2003,870840,Caixas de velocidades e partes,276,Alemanha,111440000,64.987,mirror
2003,870840,Caixas de velocidades e partes,392,Japão,19630300,11.448,mirror
2003,870840,Caixas de velocidades e partes,251,França,15169218,8.846,mirror
2003,870840,Caixas de velocidades e partes,724,Espanha,13697023,7.988,mirror
2003,870840,Caixas de velocidades e partes,40,Áustria,10105966,5.893,mirror
2003,870840,Caixas de velocidades e partes,56,Bélgica,669286,0.39,mirror
2003,870840,Caixas de velocidades e partes,826,Reino Unido,320680,0.187,mirror
2003,870840,Caixas de velocidades e partes,380,Itália,175358,0.102,mirror
2003,870899,Outras partes de veículos,724,Espanha,590133177,66.87,mirror
2003,870899,Outras partes de veículos,251,França,94397312,10.697,mirror
2003,870899,Outras partes de veículos,276,Alemanha,82995000,9.404,mirror
2003,870899,Outras partes de veículos,380,Itália,39544209,4.481,mirror
2003,870899,Outras partes de veículos,842,EUA,16879060,1.913,mirror
2003,870899,Outras partes de veículos,826,Reino Unido,14437724,1.636,mirror
2003,870899,Outras partes de veículos,392,Japão,11049059,1.252,mirror
2003,870899,Outras partes de veículos,56,Bélgica,8097629,0.918,mirror
2003,880240,Aviões +15.000 kg,842,EUA,48000000,57.416,mirror
2003,880240,Aviões +15.000 kg,757,Suíça,35600717,42.584,mirror
2003,999999,Mercadorias não especificadas,276,Alemanha,741115000,55.146,mirror
2003,999999,Mercadorias não especificadas,380,Itália,159564326,11.873,mirror
2003,999999,Mercadorias não especificadas,251,França,67634429,5.033,mirror
2003,999999,Mercadorias não especificadas,56,Bélgica,56747105,4.223,mirror
2003,999999,Mercadorias não especificadas,724,Espanha,56507424,4.205,mirror
2003,999999,Mercadorias não especificadas,826,Reino Unido,54211413,4.034,mirror
2003,999999,Mercadorias não especificadas,752,Suécia,48662084,3.621,mirror
2003,999999,Mercadorias não especificadas,757,Suíça,30706467,2.285,mirror
2004,100590,Milho,32,Argentina,75991357,37.012,direct
2004,100590,Milho,251,França,53200044,25.912,direct
2004,100590,Milho,76,Brasil,37375632,18.204,direct
2004,100590,Milho,724,Espanha,28601977,13.931,direct
2004,100590,Milho,348,Hungria,4561305,2.222,direct
2004,100590,Milho,600,Paraguai,2967197,1.445,direct
2004,100590,Milho,528,Países Baixos,1514259,0.738,direct
2004,100590,Milho,842,EUA,497696,0.242,direct
2004,270900,Petróleo bruto,566,Nigéria,658914775,17.742,direct
2004,270900,Petróleo bruto,12,Argélia,562415132,15.143,direct
2004,270900,Petróleo bruto,434,Libya,360032863,9.694,direct
2004,270900,Petróleo bruto,682,Arábia Saudita,353219533,9.511,direct
2004,270900,Petróleo bruto,398,Cazaquistão,304968702,8.211,direct
2004,270900,Petróleo bruto,643,Rússia,302147367,8.135,direct
2004,270900,Petróleo bruto,76,Brasil,239865046,6.458,direct
2004,270900,Petróleo bruto,826,Reino Unido,172027407,4.632,direct
2004,271019,Gasóleo e combustíveis médios e pesados,643,Rússia,151086068,23.937,direct
2004,271019,Gasóleo e combustíveis médios e pesados,724,Espanha,114845667,18.195,direct
2004,271019,Gasóleo e combustíveis médios e pesados,826,Reino Unido,93077350,14.746,direct
2004,271019,Gasóleo e combustíveis médios e pesados,528,Países Baixos,58731196,9.305,direct
2004,271019,Gasóleo e combustíveis médios e pesados,380,Itália,50802946,8.049,direct
2004,271019,Gasóleo e combustíveis médios e pesados,276,Alemanha,44593642,7.065,direct
2004,271019,Gasóleo e combustíveis médios e pesados,428,Letónia,35886351,5.686,direct
2004,271019,Gasóleo e combustíveis médios e pesados,251,França,23459246,3.717,direct
2004,271111,Gás natural liquefeito (GNL),566,Nigéria,170846769,89.142,direct
2004,271111,Gás natural liquefeito (GNL),634,Catar,20067944,10.471,direct
2004,271111,Gás natural liquefeito (GNL),512,Omã,742054,0.387,direct
2004,271121,Gás natural em estado gasoso,724,Espanha,426283536,100.0,direct
2004,271600,Energia elétrica,724,Espanha,232917331,99.931,direct
2004,271600,Energia elétrica,276,Alemanha,86794,0.037,direct
2004,271600,Energia elétrica,826,Reino Unido,60894,0.026,direct
2004,271600,Energia elétrica,752,Suécia,7526,0.003,direct
2004,271600,Energia elétrica,233,Estónia,4465,0.002,direct
2004,300490,Medicamentos,826,Reino Unido,217406821,15.887,direct
2004,300490,Medicamentos,276,Alemanha,179164185,13.092,direct
2004,300490,Medicamentos,251,França,170490503,12.458,direct
2004,300490,Medicamentos,56,Bélgica,154792863,11.311,direct
2004,300490,Medicamentos,757,Suíça,130641588,9.546,direct
2004,300490,Medicamentos,724,Espanha,123832917,9.049,direct
2004,300490,Medicamentos,528,Países Baixos,121592725,8.885,direct
2004,300490,Medicamentos,372,Irlanda,115041717,8.406,direct
2004,381512,Catalisadores,392,Japão,751669,30.435,direct
2004,381512,Catalisadores,380,Itália,732135,29.644,direct
2004,381512,Catalisadores,276,Alemanha,645627,26.141,direct
2004,381512,Catalisadores,826,Reino Unido,336090,13.608,direct
2004,381512,Catalisadores,724,Espanha,4219,0.171,direct
2004,392690,Outros artigos de plástico,724,Espanha,88116374,32.066,direct
2004,392690,Outros artigos de plástico,276,Alemanha,64632773,23.52,direct
2004,392690,Outros artigos de plástico,251,França,43481325,15.823,direct
2004,392690,Outros artigos de plástico,380,Itália,25937561,9.439,direct
2004,392690,Outros artigos de plástico,826,Reino Unido,11266311,4.1,direct
2004,392690,Outros artigos de plástico,528,Países Baixos,8320977,3.028,direct
2004,392690,Outros artigos de plástico,156,China,4272936,1.555,direct
2004,392690,Outros artigos de plástico,208,Dinamarca,3888513,1.415,direct
2004,720449,Outra sucata ferrosa,251,França,13401338,25.404,direct
2004,720449,Outra sucata ferrosa,372,Irlanda,10933218,20.725,direct
2004,720449,Outra sucata ferrosa,826,Reino Unido,9786488,18.551,direct
2004,720449,Outra sucata ferrosa,208,Dinamarca,5534375,10.491,direct
2004,720449,Outra sucata ferrosa,504,Marrocos,4489769,8.511,direct
2004,720449,Outra sucata ferrosa,643,Rússia,2246897,4.259,direct
2004,720449,Outra sucata ferrosa,724,Espanha,1499611,2.843,direct
2004,720449,Outra sucata ferrosa,528,Países Baixos,1096783,2.079,direct
2004,760120,"Ligas de alumínio, em bruto",579,Noruega,332908597,83.613,direct
2004,760120,"Ligas de alumínio, em bruto",724,Espanha,44899180,11.277,direct
2004,760120,"Ligas de alumínio, em bruto",528,Países Baixos,9403949,2.362,direct
2004,760120,"Ligas de alumínio, em bruto",276,Alemanha,4619970,1.16,direct
2004,760120,"Ligas de alumínio, em bruto",70,Bosnia Herzegovina,2041997,0.513,direct
2004,760120,"Ligas de alumínio, em bruto",251,França,1814816,0.456,direct
2004,760120,"Ligas de alumínio, em bruto",784,Emirados Árabes Unidos,1346172,0.338,direct
2004,760120,"Ligas de alumínio, em bruto",826,Reino Unido,476132,0.12,direct
2004,840820,Motores diesel para veículos,616,Polónia,327500431,67.608,direct
2004,840820,Motores diesel para veículos,392,Japão,59529861,12.289,direct
2004,840820,Motores diesel para veículos,724,Espanha,54501373,11.251,direct
2004,840820,Motores diesel para veículos,251,França,40150901,8.289,direct
2004,840820,Motores diesel para veículos,276,Alemanha,2493273,0.515,direct
2004,840820,Motores diesel para veículos,752,Suécia,82736,0.017,direct
2004,840820,Motores diesel para veículos,380,Itália,47351,0.01,direct
2004,840820,Motores diesel para veículos,528,Países Baixos,31237,0.006,direct
2004,847130,Computadores portáteis,724,Espanha,95532513,42.045,direct
2004,847130,Computadores portáteis,442,Luxemburgo,65888987,28.998,direct
2004,847130,Computadores portáteis,490,Taiwan (Prov. China),19936481,8.774,direct
2004,847130,Computadores portáteis,276,Alemanha,18467525,8.128,direct
2004,847130,Computadores portáteis,156,China,7937991,3.494,direct
2004,847130,Computadores portáteis,528,Países Baixos,7626768,3.357,direct
2004,847130,Computadores portáteis,56,Bélgica,3547935,1.561,direct
2004,847130,Computadores portáteis,410,Coreia do Sul,2670234,1.175,direct
2004,852990,Outras partes de aparelhos de rádio e TV,276,Alemanha,116855071,64.683,direct
2004,852990,Outras partes de aparelhos de rádio e TV,826,Reino Unido,11234764,6.219,direct
2004,852990,Outras partes de aparelhos de rádio e TV,56,Bélgica,10672930,5.908,direct
2004,852990,Outras partes de aparelhos de rádio e TV,724,Espanha,8911689,4.933,direct
2004,852990,Outras partes de aparelhos de rádio e TV,251,França,5136106,2.843,direct
2004,852990,Outras partes de aparelhos de rádio e TV,380,Itália,3979579,2.203,direct
2004,852990,Outras partes de aparelhos de rádio e TV,528,Países Baixos,3781094,2.093,direct
2004,852990,Outras partes de aparelhos de rádio e TV,702,Singapura,3546257,1.963,direct
2004,870322,Automóveis a gasolina 1.000–1.500 cm³,724,Espanha,319231287,44.839,direct
2004,870322,Automóveis a gasolina 1.000–1.500 cm³,251,França,136728908,19.205,direct
2004,870322,Automóveis a gasolina 1.000–1.500 cm³,276,Alemanha,85156581,11.961,direct
2004,870322,Automóveis a gasolina 1.000–1.500 cm³,826,Reino Unido,65881574,9.254,direct
2004,870322,Automóveis a gasolina 1.000–1.500 cm³,392,Japão,41838458,5.877,direct
2004,870322,Automóveis a gasolina 1.000–1.500 cm³,410,Coreia do Sul,22654601,3.182,direct
2004,870322,Automóveis a gasolina 1.000–1.500 cm³,203,Chéquia,13918128,1.955,direct
2004,870322,Automóveis a gasolina 1.000–1.500 cm³,56,Bélgica,10556992,1.483,direct
2004,870323,Automóveis a gasolina 1.500–3.000 cm³,276,Alemanha,159910301,35.643,direct
2004,870323,Automóveis a gasolina 1.500–3.000 cm³,724,Espanha,68626629,15.297,direct
2004,870323,Automóveis a gasolina 1.500–3.000 cm³,528,Países Baixos,53169494,11.851,direct
2004,870323,Automóveis a gasolina 1.500–3.000 cm³,56,Bélgica,44128704,9.836,direct
2004,870323,Automóveis a gasolina 1.500–3.000 cm³,826,Reino Unido,31125779,6.938,direct
2004,870323,Automóveis a gasolina 1.500–3.000 cm³,251,França,30842475,6.875,direct
2004,870323,Automóveis a gasolina 1.500–3.000 cm³,752,Suécia,27909962,6.221,direct
2004,870323,Automóveis a gasolina 1.500–3.000 cm³,392,Japão,21513655,4.795,direct
2004,870331,Automóveis diesel até 1.500 cm³,724,Espanha,296180229,47.919,direct
2004,870331,Automóveis diesel até 1.500 cm³,251,França,214428752,34.693,direct
2004,870331,Automóveis diesel até 1.500 cm³,392,Japão,31580518,5.109,direct
2004,870331,Automóveis diesel até 1.500 cm³,276,Alemanha,18926971,3.062,direct
2004,870331,Automóveis diesel até 1.500 cm³,826,Reino Unido,16511187,2.671,direct
2004,870331,Automóveis diesel até 1.500 cm³,410,Coreia do Sul,12368150,2.001,direct
2004,870331,Automóveis diesel até 1.500 cm³,792,Turquia,9965257,1.612,direct
2004,870331,Automóveis diesel até 1.500 cm³,203,Chéquia,9485516,1.535,direct
2004,870332,Automóveis diesel 1.500–2.500 cm³,276,Alemanha,676605844,48.83,direct
2004,870332,Automóveis diesel 1.500–2.500 cm³,724,Espanha,253934497,18.326,direct
2004,870332,Automóveis diesel 1.500–2.500 cm³,251,França,219212311,15.82,direct
2004,870332,Automóveis diesel 1.500–2.500 cm³,826,Reino Unido,113894945,8.22,direct
2004,870332,Automóveis diesel 1.500–2.500 cm³,392,Japão,32424369,2.34,direct
2004,870332,Automóveis diesel 1.500–2.500 cm³,56,Bélgica,27247647,1.966,direct
2004,870332,Automóveis diesel 1.500–2.500 cm³,203,Chéquia,18318682,1.322,direct
2004,870332,Automóveis diesel 1.500–2.500 cm³,792,Turquia,13091192,0.945,direct
2004,870421,Camiões diesel até 5 t,724,Espanha,278653582,34.487,direct
2004,870421,Camiões diesel até 5 t,251,França,231231002,28.618,direct
2004,870421,Camiões diesel até 5 t,276,Alemanha,98457858,12.186,direct
2004,870421,Camiões diesel até 5 t,392,Japão,52615279,6.512,direct
2004,870421,Camiões diesel até 5 t,826,Reino Unido,41808124,5.174,direct
2004,870421,Camiões diesel até 5 t,792,Turquia,38454353,4.759,direct
2004,870421,Camiões diesel até 5 t,764,Tailândia,26449783,3.274,direct
2004,870421,Camiões diesel até 5 t,380,Itália,23622592,2.924,direct
2004,870840,Caixas de velocidades e partes,276,Alemanha,34622866,38.494,direct
2004,870840,Caixas de velocidades e partes,392,Japão,21181231,23.549,direct
2004,870840,Caixas de velocidades e partes,251,França,15171121,16.867,direct
2004,870840,Caixas de velocidades e partes,40,Áustria,11625882,12.926,direct
2004,870840,Caixas de velocidades e partes,380,Itália,4312129,4.794,direct
2004,870840,Caixas de velocidades e partes,724,Espanha,2279818,2.535,direct
2004,870840,Caixas de velocidades e partes,528,Países Baixos,310348,0.345,direct
2004,870840,Caixas de velocidades e partes,826,Reino Unido,246397,0.274,direct
2004,870899,Outras partes de veículos,724,Espanha,499189979,43.375,direct
2004,870899,Outras partes de veículos,251,França,232936934,20.24,direct
2004,870899,Outras partes de veículos,276,Alemanha,146030264,12.689,direct
2004,870899,Outras partes de veículos,392,Japão,141032518,12.255,direct
2004,870899,Outras partes de veículos,380,Itália,41737278,3.627,direct
2004,870899,Outras partes de veículos,56,Bélgica,27827750,2.418,direct
2004,870899,Outras partes de veículos,826,Reino Unido,25713416,2.234,direct
2004,870899,Outras partes de veículos,752,Suécia,8026299,0.697,direct
2004,880240,Aviões +15.000 kg,842,EUA,408911437,69.566,direct
2004,880240,Aviões +15.000 kg,266,Gabão,67129936,11.42,direct
2004,880240,Aviões +15.000 kg,148,Chad,36419153,6.196,direct
2004,880240,Aviões +15.000 kg,414,Kuwait,36019726,6.128,direct
2004,880240,Aviões +15.000 kg,760,Syria,20274347,3.449,direct
2004,880240,Aviões +15.000 kg,124,Canadá,19047623,3.24,direct
2004,999999,Mercadorias não especificadas,899,"Areas, nes",11210865424,99.837,direct
2004,999999,Mercadorias não especificadas,276,Alemanha,18021093,0.16,direct
2004,999999,Mercadorias não especificadas,724,Espanha,130026,0.001,direct
2004,999999,Mercadorias não especificadas,826,Reino Unido,99733,0.001,direct
2004,999999,Mercadorias não especificadas,251,França,50867,0.0,direct
2004,999999,Mercadorias não especificadas,348,Hungria,6837,0.0,direct
2004,999999,Mercadorias não especificadas,380,Itália,4327,0.0,direct
2004,999999,Mercadorias não especificadas,752,Suécia,3756,0.0,direct
2004,100590,Milho,32,Argentina,47916848,32.844,mirror
2004,100590,Milho,251,França,47307683,32.427,mirror
2004,100590,Milho,724,Espanha,28255498,19.368,mirror
2004,100590,Milho,76,Brasil,19440236,13.325,mirror
2004,100590,Milho,642,Roménia,2303055,1.579,mirror
2004,100590,Milho,842,EUA,380615,0.261,mirror
2004,100590,Milho,710,África do Sul,99441,0.068,mirror
2004,100590,Milho,528,Países Baixos,94552,0.065,mirror
2004,270900,Petróleo bruto,12,Argélia,478674708,30.726,mirror
2004,270900,Petróleo bruto,398,Cazaquistão,318526674,20.446,mirror
2004,270900,Petróleo bruto,76,Brasil,235634264,15.125,mirror
2004,270900,Petróleo bruto,826,Reino Unido,157761924,10.127,mirror
2004,270900,Petróleo bruto,579,Noruega,156116588,10.021,mirror
2004,270900,Petróleo bruto,484,México,131249361,8.425,mirror
2004,270900,Petróleo bruto,643,Rússia,73098006,4.692,mirror
2004,270900,Petróleo bruto,384,Costa do Marfim,6784088,0.435,mirror
2004,271019,Gasóleo e combustíveis médios e pesados,826,Reino Unido,130586421,26.719,mirror
2004,271019,Gasóleo e combustíveis médios e pesados,724,Espanha,110795089,22.669,mirror
2004,271019,Gasóleo e combustíveis médios e pesados,276,Alemanha,84973000,17.386,mirror
2004,271019,Gasóleo e combustíveis médios e pesados,528,Países Baixos,48098125,9.841,mirror
2004,271019,Gasóleo e combustíveis médios e pesados,380,Itália,29422124,6.02,mirror
2004,271019,Gasóleo e combustíveis médios e pesados,752,Suécia,22553234,4.615,mirror
2004,271019,Gasóleo e combustíveis médios e pesados,251,França,17452318,3.571,mirror
2004,271019,Gasóleo e combustíveis médios e pesados,440,Lituânia,15498701,3.171,mirror
2004,271111,Gás natural liquefeito (GNL),512,Omã,11014303,96.447,mirror
2004,271111,Gás natural liquefeito (GNL),724,Espanha,401122,3.512,mirror
2004,271111,Gás natural liquefeito (GNL),842,EUA,4640,0.041,mirror
2004,271121,Gás natural em estado gasoso,12,Argélia,335120638,52.705,mirror
2004,271121,Gás natural em estado gasoso,724,Espanha,300725389,47.295,mirror
2004,271121,Gás natural em estado gasoso,757,Suíça,493,0.0,mirror
2004,271600,Energia elétrica,724,Espanha,496592505,100.0,mirror
2004,300490,Medicamentos,826,Reino Unido,206926294,15.774,mirror
2004,300490,Medicamentos,251,França,173620279,13.235,mirror
2004,300490,Medicamentos,528,Países Baixos,160794866,12.258,mirror
2004,300490,Medicamentos,56,Bélgica,150834986,11.498,mirror
2004,300490,Medicamentos,724,Espanha,137781582,10.503,mirror
2004,300490,Medicamentos,276,Alemanha,131038000,9.989,mirror
2004,300490,Medicamentos,757,Suíça,129873414,9.9,mirror
2004,300490,Medicamentos,372,Irlanda,84036215,6.406,mirror
2004,381512,Catalisadores,276,Alemanha,4058000,43.582,mirror
2004,381512,Catalisadores,56,Bélgica,2265069,24.326,mirror
2004,381512,Catalisadores,826,Reino Unido,1550451,16.652,mirror
2004,381512,Catalisadores,380,Itália,919831,9.879,mirror
2004,381512,Catalisadores,251,França,284799,3.059,mirror
2004,381512,Catalisadores,490,Taiwan (Prov. China),232989,2.502,mirror
2004,392690,Outros artigos de plástico,724,Espanha,81062662,32.783,mirror
2004,392690,Outros artigos de plástico,276,Alemanha,50847000,20.563,mirror
2004,392690,Outros artigos de plástico,380,Itália,34726400,14.044,mirror
2004,392690,Outros artigos de plástico,251,França,29468586,11.917,mirror
2004,392690,Outros artigos de plástico,826,Reino Unido,11638268,4.707,mirror
2004,392690,Outros artigos de plástico,528,Países Baixos,6741774,2.726,mirror
2004,392690,Outros artigos de plástico,56,Bélgica,4012622,1.623,mirror
2004,392690,Outros artigos de plástico,458,Malásia,3516117,1.422,mirror
2004,720449,Outra sucata ferrosa,826,Reino Unido,31714117,24.989,mirror
2004,720449,Outra sucata ferrosa,528,Países Baixos,23595588,18.592,mirror
2004,720449,Outra sucata ferrosa,372,Irlanda,17556024,13.833,mirror
2004,720449,Outra sucata ferrosa,208,Dinamarca,16493338,12.996,mirror
2004,720449,Outra sucata ferrosa,724,Espanha,11994702,9.451,mirror
2004,720449,Outra sucata ferrosa,251,França,11031288,8.692,mirror
2004,720449,Outra sucata ferrosa,504,Marrocos,4301225,3.389,mirror
2004,720449,Outra sucata ferrosa,246,Finlândia,3939465,3.104,mirror
2004,760120,"Ligas de alumínio, em bruto",579,Noruega,95367109,52.952,mirror
2004,760120,"Ligas de alumínio, em bruto",724,Espanha,54948858,30.51,mirror
2004,760120,"Ligas de alumínio, em bruto",643,Rússia,13375070,7.426,mirror
2004,760120,"Ligas de alumínio, em bruto",528,Países Baixos,8559404,4.753,mirror
2004,760120,"Ligas de alumínio, em bruto",276,Alemanha,3426000,1.902,mirror
2004,760120,"Ligas de alumínio, em bruto",251,França,1825697,1.014,mirror
2004,760120,"Ligas de alumínio, em bruto",70,Bosnia Herzegovina,1471838,0.817,mirror
2004,760120,"Ligas de alumínio, em bruto",76,Brasil,549362,0.305,mirror
2004,840820,Motores diesel para veículos,616,Polónia,307968339,74.519,mirror
2004,840820,Motores diesel para veículos,251,França,77820946,18.83,mirror
2004,840820,Motores diesel para veículos,392,Japão,18748666,4.537,mirror
2004,840820,Motores diesel para veículos,724,Espanha,6873898,1.663,mirror
2004,840820,Motores diesel para veículos,276,Alemanha,957000,0.232,mirror
2004,840820,Motores diesel para veículos,528,Países Baixos,274946,0.067,mirror
2004,840820,Motores diesel para veículos,56,Bélgica,224073,0.054,mirror
2004,840820,Motores diesel para veículos,826,Reino Unido,109831,0.027,mirror
2004,847130,Computadores portáteis,724,Espanha,41212963,29.532,mirror
2004,847130,Computadores portáteis,528,Países Baixos,27472202,19.686,mirror
2004,847130,Computadores portáteis,490,Taiwan (Prov. China),26481522,18.976,mirror
2004,847130,Computadores portáteis,276,Alemanha,13160000,9.43,mirror
2004,847130,Computadores portáteis,156,China,8969945,6.428,mirror
2004,847130,Computadores portáteis,251,França,6922226,4.96,mirror
2004,847130,Computadores portáteis,56,Bélgica,4012809,2.876,mirror
2004,847130,Computadores portáteis,826,Reino Unido,3291715,2.359,mirror
2004,852990,Outras partes de aparelhos de rádio e TV,276,Alemanha,51361000,36.481,mirror
2004,852990,Outras partes de aparelhos de rádio e TV,724,Espanha,14940100,10.612,mirror
2004,852990,Outras partes de aparelhos de rádio e TV,348,Hungria,12763000,9.065,mirror
2004,852990,Outras partes de aparelhos de rádio e TV,344,Hong Kong (RAEHK),11973122,8.504,mirror
2004,852990,Outras partes de aparelhos de rádio e TV,752,Suécia,9618562,6.832,mirror
2004,852990,Outras partes de aparelhos de rádio e TV,380,Itália,6522880,4.633,mirror
2004,852990,Outras partes de aparelhos de rádio e TV,156,China,4736995,3.365,mirror
2004,852990,Outras partes de aparelhos de rádio e TV,826,Reino Unido,4705950,3.343,mirror
2004,870322,Automóveis a gasolina 1.000–1.500 cm³,724,Espanha,197245722,34.735,mirror
2004,870322,Automóveis a gasolina 1.000–1.500 cm³,826,Reino Unido,77630179,13.671,mirror
2004,870322,Automóveis a gasolina 1.000–1.500 cm³,251,França,70417422,12.4,mirror
2004,870322,Automóveis a gasolina 1.000–1.500 cm³,276,Alemanha,45667000,8.042,mirror
2004,870322,Automóveis a gasolina 1.000–1.500 cm³,392,Japão,42253650,7.441,mirror
2004,870322,Automóveis a gasolina 1.000–1.500 cm³,528,Países Baixos,37775833,6.652,mirror
2004,870322,Automóveis a gasolina 1.000–1.500 cm³,380,Itália,33889806,5.968,mirror
2004,870322,Automóveis a gasolina 1.000–1.500 cm³,410,Coreia do Sul,21737762,3.828,mirror
2004,870323,Automóveis a gasolina 1.500–3.000 cm³,724,Espanha,184838785,40.845,mirror
2004,870323,Automóveis a gasolina 1.500–3.000 cm³,276,Alemanha,99993000,22.096,mirror
2004,870323,Automóveis a gasolina 1.500–3.000 cm³,251,França,53840643,11.898,mirror
2004,870323,Automóveis a gasolina 1.500–3.000 cm³,56,Bélgica,38737999,8.56,mirror
2004,870323,Automóveis a gasolina 1.500–3.000 cm³,826,Reino Unido,31785689,7.024,mirror
2004,870323,Automóveis a gasolina 1.500–3.000 cm³,392,Japão,14114279,3.119,mirror
2004,870323,Automóveis a gasolina 1.500–3.000 cm³,752,Suécia,12021021,2.656,mirror
2004,870323,Automóveis a gasolina 1.500–3.000 cm³,380,Itália,7654450,1.691,mirror
2004,870331,Automóveis diesel até 1.500 cm³,724,Espanha,268230518,49.699,mirror
2004,870331,Automóveis diesel até 1.500 cm³,251,França,98894809,18.324,mirror
2004,870331,Automóveis diesel até 1.500 cm³,826,Reino Unido,32957840,6.107,mirror
2004,870331,Automóveis diesel até 1.500 cm³,392,Japão,32240839,5.974,mirror
2004,870331,Automóveis diesel até 1.500 cm³,380,Itália,29860637,5.533,mirror
2004,870331,Automóveis diesel até 1.500 cm³,410,Coreia do Sul,15394187,2.852,mirror
2004,870331,Automóveis diesel até 1.500 cm³,528,Países Baixos,13275784,2.46,mirror
2004,870331,Automóveis diesel até 1.500 cm³,276,Alemanha,12554000,2.326,mirror
2004,870332,Automóveis diesel 1.500–2.500 cm³,276,Alemanha,640861000,43.185,mirror
2004,870332,Automóveis diesel 1.500–2.500 cm³,251,França,297426895,20.042,mirror
2004,870332,Automóveis diesel 1.500–2.500 cm³,724,Espanha,164628415,11.094,mirror
2004,870332,Automóveis diesel 1.500–2.500 cm³,826,Reino Unido,122751739,8.272,mirror
2004,870332,Automóveis diesel 1.500–2.500 cm³,392,Japão,84953961,5.725,mirror
2004,870332,Automóveis diesel 1.500–2.500 cm³,56,Bélgica,43800690,2.952,mirror
2004,870332,Automóveis diesel 1.500–2.500 cm³,380,Itália,41084597,2.769,mirror
2004,870332,Automóveis diesel 1.500–2.500 cm³,752,Suécia,24718487,1.666,mirror
2004,870421,Camiões diesel até 5 t,251,França,144803372,28.328,mirror
2004,870421,Camiões diesel até 5 t,392,Japão,77018615,15.067,mirror
2004,870421,Camiões diesel até 5 t,724,Espanha,72778926,14.238,mirror
2004,870421,Camiões diesel até 5 t,276,Alemanha,61264000,11.985,mirror
2004,870421,Camiões diesel até 5 t,792,Turquia,36317385,7.105,mirror
2004,870421,Camiões diesel até 5 t,826,Reino Unido,34379141,6.726,mirror
2004,870421,Camiões diesel até 5 t,764,Tailândia,33212907,6.498,mirror
2004,870421,Camiões diesel até 5 t,380,Itália,29865376,5.843,mirror
2004,870840,Caixas de velocidades e partes,276,Alemanha,107251000,58.009,mirror
2004,870840,Caixas de velocidades e partes,392,Japão,27492847,14.87,mirror
2004,870840,Caixas de velocidades e partes,724,Espanha,17103541,9.251,mirror
2004,870840,Caixas de velocidades e partes,251,França,16681247,9.022,mirror
2004,870840,Caixas de velocidades e partes,40,Áustria,14794082,8.002,mirror
2004,870840,Caixas de velocidades e partes,826,Reino Unido,530809,0.287,mirror
2004,870840,Caixas de velocidades e partes,56,Bélgica,491171,0.266,mirror
2004,870840,Caixas de velocidades e partes,380,Itália,215045,0.116,mirror
2004,870899,Outras partes de veículos,724,Espanha,601267471,63.005,mirror
2004,870899,Outras partes de veículos,276,Alemanha,107354000,11.249,mirror
2004,870899,Outras partes de veículos,251,França,103764992,10.873,mirror
2004,870899,Outras partes de veículos,380,Itália,46837835,4.908,mirror
2004,870899,Outras partes de veículos,392,Japão,24288013,2.545,mirror
2004,870899,Outras partes de veículos,826,Reino Unido,17862024,1.872,mirror
2004,870899,Outras partes de veículos,842,EUA,13259803,1.389,mirror
2004,870899,Outras partes de veículos,56,Bélgica,7467784,0.783,mirror
2004,880240,Aviões +15.000 kg,124,Canadá,38467895,100.0,mirror
2004,999999,Mercadorias não especificadas,276,Alemanha,820711000,43.177,mirror
2004,999999,Mercadorias não especificadas,842,EUA,389109021,20.471,mirror
2004,999999,Mercadorias não especificadas,380,Itália,141538827,7.446,mirror
2004,999999,Mercadorias não especificadas,724,Espanha,85992395,4.524,mirror
2004,999999,Mercadorias não especificadas,826,Reino Unido,80708901,4.246,mirror
2004,999999,Mercadorias não especificadas,251,França,74458082,3.917,mirror
2004,999999,Mercadorias não especificadas,528,Países Baixos,68896978,3.625,mirror
2004,999999,Mercadorias não especificadas,56,Bélgica,54304580,2.857,mirror
2005,100590,Milho,251,França,83682221,41.885,direct
2005,100590,Milho,32,Argentina,53281766,26.669,direct
2005,100590,Milho,891,Serbia and Montenegro (...2005),17518803,8.768,direct
2005,100590,Milho,724,Espanha,13432056,6.723,direct
2005,100590,Milho,348,Hungria,8257547,4.133,direct
2005,100590,Milho,100,Bulgária,6172312,3.089,direct
2005,100590,Milho,616,Polónia,5458266,2.732,direct
2005,100590,Milho,528,Países Baixos,3629418,1.817,direct
2005,270900,Petróleo bruto,12,Argélia,1230632233,24.968,direct
2005,270900,Petróleo bruto,566,Nigéria,921691304,18.7,direct
2005,270900,Petróleo bruto,682,Arábia Saudita,454110397,9.213,direct
2005,270900,Petróleo bruto,76,Brasil,382569638,7.762,direct
2005,270900,Petróleo bruto,226,Guiné Equatorial,371404872,7.535,direct
2005,270900,Petróleo bruto,368,Iraque,322773280,6.549,direct
2005,270900,Petróleo bruto,398,Cazaquistão,300638114,6.1,direct
2005,270900,Petróleo bruto,434,Libya,285801912,5.799,direct
2005,271019,Gasóleo e combustíveis médios e pesados,826,Reino Unido,231274743,18.681,direct
2005,271019,Gasóleo e combustíveis médios e pesados,724,Espanha,230137612,18.589,direct
2005,271019,Gasóleo e combustíveis médios e pesados,643,Rússia,227978053,18.414,direct
2005,271019,Gasóleo e combustíveis médios e pesados,528,Países Baixos,142485817,11.509,direct
2005,271019,Gasóleo e combustíveis médios e pesados,276,Alemanha,123334087,9.962,direct
2005,271019,Gasóleo e combustíveis médios e pesados,56,Bélgica,86845012,7.015,direct
2005,271019,Gasóleo e combustíveis médios e pesados,251,França,61552573,4.972,direct
2005,271019,Gasóleo e combustíveis médios e pesados,440,Lituânia,38997363,3.15,direct
2005,271111,Gás natural liquefeito (GNL),566,Nigéria,264340043,93.994,direct
2005,271111,Gás natural liquefeito (GNL),512,Omã,9338866,3.321,direct
2005,271111,Gás natural liquefeito (GNL),12,Argélia,7551435,2.685,direct
2005,271121,Gás natural em estado gasoso,724,Espanha,650888280,100.0,direct
2005,271600,Energia elétrica,724,Espanha,539495190,100.0,direct
2005,300490,Medicamentos,276,Alemanha,218965057,15.446,direct
2005,300490,Medicamentos,251,França,196219562,13.842,direct
2005,300490,Medicamentos,826,Reino Unido,190037804,13.406,direct
2005,300490,Medicamentos,757,Suíça,159017046,11.217,direct
2005,300490,Medicamentos,724,Espanha,142698330,10.066,direct
2005,300490,Medicamentos,372,Irlanda,134089024,9.459,direct
2005,300490,Medicamentos,528,Países Baixos,99316782,7.006,direct
2005,300490,Medicamentos,56,Bélgica,96749251,6.825,direct
2005,381512,Catalisadores,826,Reino Unido,473619,43.758,direct
2005,381512,Catalisadores,276,Alemanha,241457,22.308,direct
2005,381512,Catalisadores,380,Itália,157602,14.561,direct
2005,381512,Catalisadores,392,Japão,107504,9.932,direct
2005,381512,Catalisadores,528,Países Baixos,101099,9.341,direct
2005,381512,Catalisadores,724,Espanha,1085,0.1,direct
2005,392690,Outros artigos de plástico,724,Espanha,90226260,35.015,direct
2005,392690,Outros artigos de plástico,276,Alemanha,47566834,18.46,direct
2005,392690,Outros artigos de plástico,251,França,31055296,12.052,direct
2005,392690,Outros artigos de plástico,380,Itália,27075774,10.508,direct
2005,392690,Outros artigos de plástico,528,Países Baixos,13172804,5.112,direct
2005,392690,Outros artigos de plástico,826,Reino Unido,12671813,4.918,direct
2005,392690,Outros artigos de plástico,156,China,6654274,2.582,direct
2005,392690,Outros artigos de plástico,208,Dinamarca,5262091,2.042,direct
2005,720449,Outra sucata ferrosa,826,Reino Unido,58425603,39.076,direct
2005,720449,Outra sucata ferrosa,372,Irlanda,47676922,31.887,direct
2005,720449,Outra sucata ferrosa,251,França,13956887,9.335,direct
2005,720449,Outra sucata ferrosa,208,Dinamarca,8101370,5.418,direct
2005,720449,Outra sucata ferrosa,528,Países Baixos,4776005,3.194,direct
2005,720449,Outra sucata ferrosa,724,Espanha,4034383,2.698,direct
2005,720449,Outra sucata ferrosa,233,Estónia,3150220,2.107,direct
2005,720449,Outra sucata ferrosa,276,Alemanha,2159049,1.444,direct
2005,760120,"Ligas de alumínio, em bruto",579,Noruega,401005534,85.806,direct
2005,760120,"Ligas de alumínio, em bruto",724,Espanha,46456257,9.941,direct
2005,760120,"Ligas de alumínio, em bruto",528,Países Baixos,9471333,2.027,direct
2005,760120,"Ligas de alumínio, em bruto",276,Alemanha,4052382,0.867,direct
2005,760120,"Ligas de alumínio, em bruto",784,Emirados Árabes Unidos,3919698,0.839,direct
2005,760120,"Ligas de alumínio, em bruto",251,França,1175642,0.252,direct
2005,760120,"Ligas de alumínio, em bruto",380,Itália,857042,0.183,direct
2005,760120,"Ligas de alumínio, em bruto",76,Brasil,213273,0.046,direct
2005,840820,Motores diesel para veículos,616,Polónia,319911214,65.22,direct
2005,840820,Motores diesel para veículos,392,Japão,59395281,12.109,direct
2005,840820,Motores diesel para veículos,251,França,56371249,11.492,direct
2005,840820,Motores diesel para veículos,380,Itália,38808875,7.912,direct
2005,840820,Motores diesel para veículos,724,Espanha,10218304,2.083,direct
2005,840820,Motores diesel para veículos,276,Alemanha,5094496,1.039,direct
2005,840820,Motores diesel para veículos,348,Hungria,490776,0.1,direct
2005,840820,Motores diesel para veículos,56,Bélgica,103631,0.021,direct
2005,847130,Computadores portáteis,724,Espanha,171210837,48.79,direct
2005,847130,Computadores portáteis,442,Luxemburgo,68027310,19.386,direct
2005,847130,Computadores portáteis,276,Alemanha,40847881,11.641,direct
2005,847130,Computadores portáteis,490,Taiwan (Prov. China),31356651,8.936,direct
2005,847130,Computadores portáteis,528,Países Baixos,12841845,3.66,direct
2005,847130,Computadores portáteis,156,China,6939595,1.978,direct
2005,847130,Computadores portáteis,56,Bélgica,5671121,1.616,direct
2005,847130,Computadores portáteis,410,Coreia do Sul,5518818,1.573,direct
2005,852990,Outras partes de aparelhos de rádio e TV,276,Alemanha,197254054,74.313,direct
2005,852990,Outras partes de aparelhos de rádio e TV,724,Espanha,12622190,4.755,direct
2005,852990,Outras partes de aparelhos de rádio e TV,251,França,9843935,3.709,direct
2005,852990,Outras partes de aparelhos de rádio e TV,826,Reino Unido,9211474,3.47,direct
2005,852990,Outras partes de aparelhos de rádio e TV,56,Bélgica,7671942,2.89,direct
2005,852990,Outras partes de aparelhos de rádio e TV,528,Países Baixos,5008598,1.887,direct
2005,852990,Outras partes de aparelhos de rádio e TV,842,EUA,4932160,1.858,direct
2005,852990,Outras partes de aparelhos de rádio e TV,380,Itália,3407307,1.284,direct
2005,870322,Automóveis a gasolina 1.000–1.500 cm³,724,Espanha,239624378,36.662,direct
2005,870322,Automóveis a gasolina 1.000–1.500 cm³,251,França,129972845,19.886,direct
2005,870322,Automóveis a gasolina 1.000–1.500 cm³,276,Alemanha,92358978,14.131,direct
2005,870322,Automóveis a gasolina 1.000–1.500 cm³,826,Reino Unido,54019104,8.265,direct
2005,870322,Automóveis a gasolina 1.000–1.500 cm³,380,Itália,51483060,7.877,direct
2005,870322,Automóveis a gasolina 1.000–1.500 cm³,392,Japão,34539849,5.285,direct
2005,870322,Automóveis a gasolina 1.000–1.500 cm³,410,Coreia do Sul,21077580,3.225,direct
2005,870322,Automóveis a gasolina 1.000–1.500 cm³,203,Chéquia,14190861,2.171,direct
2005,870323,Automóveis a gasolina 1.500–3.000 cm³,276,Alemanha,197778819,44.81,direct
2005,870323,Automóveis a gasolina 1.500–3.000 cm³,56,Bélgica,83510941,18.921,direct
2005,870323,Automóveis a gasolina 1.500–3.000 cm³,724,Espanha,57444596,13.015,direct
2005,870323,Automóveis a gasolina 1.500–3.000 cm³,251,França,33031209,7.484,direct
2005,870323,Automóveis a gasolina 1.500–3.000 cm³,528,Países Baixos,19792633,4.484,direct
2005,870323,Automóveis a gasolina 1.500–3.000 cm³,752,Suécia,19096972,4.327,direct
2005,870323,Automóveis a gasolina 1.500–3.000 cm³,826,Reino Unido,9169597,2.078,direct
2005,870323,Automóveis a gasolina 1.500–3.000 cm³,392,Japão,7162236,1.623,direct
2005,870331,Automóveis diesel até 1.500 cm³,724,Espanha,266153904,45.402,direct
2005,870331,Automóveis diesel até 1.500 cm³,251,França,182074095,31.059,direct
2005,870331,Automóveis diesel até 1.500 cm³,826,Reino Unido,48380539,8.253,direct
2005,870331,Automóveis diesel até 1.500 cm³,276,Alemanha,26921918,4.592,direct
2005,870331,Automóveis diesel até 1.500 cm³,392,Japão,20823656,3.552,direct
2005,870331,Automóveis diesel até 1.500 cm³,792,Turquia,19994426,3.411,direct
2005,870331,Automóveis diesel até 1.500 cm³,203,Chéquia,14751564,2.516,direct
2005,870331,Automóveis diesel até 1.500 cm³,348,Hungria,3817181,0.651,direct
2005,870332,Automóveis diesel 1.500–2.500 cm³,276,Alemanha,996391067,51.02,direct
2005,870332,Automóveis diesel 1.500–2.500 cm³,251,França,335202483,17.164,direct
2005,870332,Automóveis diesel 1.500–2.500 cm³,724,Espanha,248532444,12.726,direct
2005,870332,Automóveis diesel 1.500–2.500 cm³,826,Reino Unido,131552173,6.736,direct
2005,870332,Automóveis diesel 1.500–2.500 cm³,56,Bélgica,113316067,5.802,direct
2005,870332,Automóveis diesel 1.500–2.500 cm³,203,Chéquia,35745065,1.83,direct
2005,870332,Automóveis diesel 1.500–2.500 cm³,380,Itália,23772681,1.217,direct
2005,870332,Automóveis diesel 1.500–2.500 cm³,410,Coreia do Sul,16845018,0.863,direct
2005,870421,Camiões diesel até 5 t,251,França,263589647,33.882,direct
2005,870421,Camiões diesel até 5 t,724,Espanha,220912505,28.396,direct
2005,870421,Camiões diesel até 5 t,276,Alemanha,77414332,9.951,direct
2005,870421,Camiões diesel até 5 t,792,Turquia,39238898,5.044,direct
2005,870421,Camiões diesel até 5 t,826,Reino Unido,39132265,5.03,direct
2005,870421,Camiões diesel até 5 t,380,Itália,37991591,4.883,direct
2005,870421,Camiões diesel até 5 t,764,Tailândia,29343978,3.772,direct
2005,870421,Camiões diesel até 5 t,392,Japão,29112605,3.742,direct
2005,870840,Caixas de velocidades e partes,276,Alemanha,41403711,44.401,direct
2005,870840,Caixas de velocidades e partes,392,Japão,22988623,24.653,direct
2005,870840,Caixas de velocidades e partes,251,França,16792470,18.008,direct
2005,870840,Caixas de velocidades e partes,380,Itália,7681908,8.238,direct
2005,870840,Caixas de velocidades e partes,724,Espanha,3553729,3.811,direct
2005,870840,Caixas de velocidades e partes,752,Suécia,337842,0.362,direct
2005,870840,Caixas de velocidades e partes,826,Reino Unido,214025,0.23,direct
2005,870840,Caixas de velocidades e partes,56,Bélgica,153427,0.165,direct
2005,870899,Outras partes de veículos,724,Espanha,460053201,39.526,direct
2005,870899,Outras partes de veículos,251,França,205099593,17.621,direct
2005,870899,Outras partes de veículos,276,Alemanha,198695126,17.071,direct
2005,870899,Outras partes de veículos,392,Japão,150387253,12.921,direct
2005,870899,Outras partes de veículos,380,Itália,47618293,4.091,direct
2005,870899,Outras partes de veículos,826,Reino Unido,32317318,2.777,direct
2005,870899,Outras partes de veículos,56,Bélgica,19128920,1.643,direct
2005,870899,Outras partes de veículos,528,Países Baixos,11243749,0.966,direct
2005,880240,Aviões +15.000 kg,842,EUA,332177217,84.929,direct
2005,880240,Aviões +15.000 kg,148,Chad,41798621,10.687,direct
2005,880240,Aviões +15.000 kg,414,Kuwait,17146712,4.384,direct
2005,999999,Mercadorias não especificadas,568,"Other Europe, nes",171398349,23.015,direct
2005,999999,Mercadorias não especificadas,276,Alemanha,154739783,20.778,direct
2005,999999,Mercadorias não especificadas,839,Special Categories,107330157,14.412,direct
2005,999999,Mercadorias não especificadas,528,Países Baixos,70635004,9.485,direct
2005,999999,Mercadorias não especificadas,752,Suécia,23765642,3.191,direct
2005,999999,Mercadorias não especificadas,380,Itália,21637197,2.905,direct
2005,999999,Mercadorias não especificadas,724,Espanha,18642266,2.503,direct
2005,999999,Mercadorias não especificadas,757,Suíça,13991818,1.879,direct
2005,100590,Milho,251,França,80916807,50.821,mirror
2005,100590,Milho,32,Argentina,44228199,27.778,mirror
2005,100590,Milho,724,Espanha,14573104,9.153,mirror
2005,100590,Milho,804,Ucrânia,5831919,3.663,mirror
2005,100590,Milho,642,Roménia,5791796,3.638,mirror
2005,100590,Milho,76,Brasil,2938311,1.845,mirror
2005,100590,Milho,100,Bulgária,2178736,1.368,mirror
2005,100590,Milho,616,Polónia,1855514,1.165,mirror
2005,270900,Petróleo bruto,12,Argélia,1124682916,49.18,mirror
2005,270900,Petróleo bruto,76,Brasil,356693815,15.597,mirror
2005,270900,Petróleo bruto,398,Cazaquistão,316801843,13.853,mirror
2005,270900,Petróleo bruto,484,México,247379424,10.817,mirror
2005,270900,Petróleo bruto,579,Noruega,108971172,4.765,mirror
2005,270900,Petróleo bruto,826,Reino Unido,104015625,4.548,mirror
2005,270900,Petróleo bruto,24,Angola,28124695,1.23,mirror
2005,270900,Petróleo bruto,376,Israel,205000,0.009,mirror
2005,271019,Gasóleo e combustíveis médios e pesados,826,Reino Unido,282907654,28.24,mirror
2005,271019,Gasóleo e combustíveis médios e pesados,276,Alemanha,212745000,21.236,mirror
2005,271019,Gasóleo e combustíveis médios e pesados,724,Espanha,137168662,13.692,mirror
2005,271019,Gasóleo e combustíveis médios e pesados,56,Bélgica,95210257,9.504,mirror
2005,271019,Gasóleo e combustíveis médios e pesados,251,França,80434041,8.029,mirror
2005,271019,Gasóleo e combustíveis médios e pesados,528,Países Baixos,75148614,7.501,mirror
2005,271019,Gasóleo e combustíveis médios e pesados,440,Lituânia,46244428,4.616,mirror
2005,271019,Gasóleo e combustíveis médios e pesados,643,Rússia,19140994,1.911,mirror
2005,271111,Gás natural liquefeito (GNL),512,Omã,16020805,54.841,mirror
2005,271111,Gás natural liquefeito (GNL),12,Argélia,6703084,22.945,mirror
2005,271111,Gás natural liquefeito (GNL),818,Egito,6489412,22.214,mirror
2005,271121,Gás natural em estado gasoso,12,Argélia,469247777,77.245,mirror
2005,271121,Gás natural em estado gasoso,724,Espanha,138228105,22.755,mirror
2005,271600,Energia elétrica,724,Espanha,394258197,100.0,mirror
2005,300490,Medicamentos,251,França,184391726,13.834,mirror
2005,300490,Medicamentos,826,Reino Unido,165847662,12.443,mirror
2005,300490,Medicamentos,528,Países Baixos,160098571,12.012,mirror
2005,300490,Medicamentos,757,Suíça,157105688,11.787,mirror
2005,300490,Medicamentos,276,Alemanha,143904000,10.797,mirror
2005,300490,Medicamentos,56,Bélgica,139104190,10.436,mirror
2005,300490,Medicamentos,724,Espanha,138256943,10.373,mirror
2005,300490,Medicamentos,380,Itália,97171786,7.29,mirror
2005,381512,Catalisadores,276,Alemanha,2507000,52.909,mirror
2005,381512,Catalisadores,826,Reino Unido,1261763,26.629,mirror
2005,381512,Catalisadores,380,Itália,531602,11.219,mirror
2005,381512,Catalisadores,251,França,311061,6.565,mirror
2005,381512,Catalisadores,490,Taiwan (Prov. China),115047,2.428,mirror
2005,381512,Catalisadores,392,Japão,11807,0.249,mirror
2005,381512,Catalisadores,724,Espanha,39,0.001,mirror
2005,392690,Outros artigos de plástico,724,Espanha,82631352,31.379,mirror
2005,392690,Outros artigos de plástico,276,Alemanha,54097000,20.543,mirror
2005,392690,Outros artigos de plástico,380,Itália,34393351,13.061,mirror
2005,392690,Outros artigos de plástico,251,França,31876242,12.105,mirror
2005,392690,Outros artigos de plástico,826,Reino Unido,14784798,5.614,mirror
2005,392690,Outros artigos de plástico,528,Países Baixos,9385959,3.564,mirror
2005,392690,Outros artigos de plástico,156,China,5418178,2.058,mirror
2005,392690,Outros artigos de plástico,56,Bélgica,5212057,1.979,mirror
2005,720449,Outra sucata ferrosa,826,Reino Unido,66459338,46.9,mirror
2005,720449,Outra sucata ferrosa,372,Irlanda,28873423,20.376,mirror
2005,720449,Outra sucata ferrosa,528,Países Baixos,9979189,7.042,mirror
2005,720449,Outra sucata ferrosa,246,Finlândia,7298346,5.15,mirror
2005,720449,Outra sucata ferrosa,724,Espanha,7126775,5.029,mirror
2005,720449,Outra sucata ferrosa,208,Dinamarca,6885982,4.859,mirror
2005,720449,Outra sucata ferrosa,251,França,4832637,3.41,mirror
2005,720449,Outra sucata ferrosa,233,Estónia,4277658,3.019,mirror
2005,760120,"Ligas de alumínio, em bruto",579,Noruega,111438787,48.952,mirror
2005,760120,"Ligas de alumínio, em bruto",724,Espanha,55412510,24.341,mirror
2005,760120,"Ligas de alumínio, em bruto",643,Rússia,49024645,21.535,mirror
2005,760120,"Ligas de alumínio, em bruto",528,Países Baixos,5469650,2.403,mirror
2005,760120,"Ligas de alumínio, em bruto",276,Alemanha,4956000,2.177,mirror
2005,760120,"Ligas de alumínio, em bruto",251,França,1188251,0.522,mirror
2005,760120,"Ligas de alumínio, em bruto",826,Reino Unido,98246,0.043,mirror
2005,760120,"Ligas de alumínio, em bruto",380,Itália,45001,0.02,mirror
2005,840820,Motores diesel para veículos,616,Polónia,195574037,63.052,mirror
2005,840820,Motores diesel para veículos,251,França,88016453,28.376,mirror
2005,840820,Motores diesel para veículos,392,Japão,23278771,7.505,mirror
2005,840820,Motores diesel para veículos,724,Espanha,1572027,0.507,mirror
2005,840820,Motores diesel para veículos,276,Alemanha,896000,0.289,mirror
2005,840820,Motores diesel para veículos,56,Bélgica,485374,0.156,mirror
2005,840820,Motores diesel para veículos,752,Suécia,104902,0.034,mirror
2005,840820,Motores diesel para veículos,380,Itália,98097,0.032,mirror
2005,847130,Computadores portáteis,724,Espanha,50926998,27.295,mirror
2005,847130,Computadores portáteis,490,Taiwan (Prov. China),31163875,16.703,mirror
2005,847130,Computadores portáteis,156,China,30896452,16.559,mirror
2005,847130,Computadores portáteis,276,Alemanha,29886000,16.018,mirror
2005,847130,Computadores portáteis,528,Países Baixos,10967904,5.878,mirror
2005,847130,Computadores portáteis,251,França,9325596,4.998,mirror
2005,847130,Computadores portáteis,56,Bélgica,7222197,3.871,mirror
2005,847130,Computadores portáteis,826,Reino Unido,6084795,3.261,mirror
2005,852990,Outras partes de aparelhos de rádio e TV,276,Alemanha,47073000,26.322,mirror
2005,852990,Outras partes de aparelhos de rádio e TV,752,Suécia,26607378,14.878,mirror
2005,852990,Outras partes de aparelhos de rádio e TV,344,Hong Kong (RAEHK),20455745,11.438,mirror
2005,852990,Outras partes de aparelhos de rádio e TV,826,Reino Unido,17947390,10.036,mirror
2005,852990,Outras partes de aparelhos de rádio e TV,724,Espanha,17373723,9.715,mirror
2005,852990,Outras partes de aparelhos de rádio e TV,251,França,9819560,5.491,mirror
2005,852990,Outras partes de aparelhos de rádio e TV,380,Itália,6747556,3.773,mirror
2005,852990,Outras partes de aparelhos de rádio e TV,348,Hungria,6284000,3.514,mirror
2005,870322,Automóveis a gasolina 1.000–1.500 cm³,724,Espanha,149243368,32.857,mirror
2005,870322,Automóveis a gasolina 1.000–1.500 cm³,251,França,64662026,14.236,mirror
2005,870322,Automóveis a gasolina 1.000–1.500 cm³,826,Reino Unido,62749570,13.815,mirror
2005,870322,Automóveis a gasolina 1.000–1.500 cm³,276,Alemanha,42470000,9.35,mirror
2005,870322,Automóveis a gasolina 1.000–1.500 cm³,392,Japão,33894186,7.462,mirror
2005,870322,Automóveis a gasolina 1.000–1.500 cm³,410,Coreia do Sul,24462100,5.386,mirror
2005,870322,Automóveis a gasolina 1.000–1.500 cm³,528,Países Baixos,22619826,4.98,mirror
2005,870322,Automóveis a gasolina 1.000–1.500 cm³,56,Bélgica,15114769,3.328,mirror
2005,870323,Automóveis a gasolina 1.500–3.000 cm³,276,Alemanha,305064000,53.731,mirror
2005,870323,Automóveis a gasolina 1.500–3.000 cm³,251,França,85384881,15.039,mirror
2005,870323,Automóveis a gasolina 1.500–3.000 cm³,56,Bélgica,68149739,12.003,mirror
2005,870323,Automóveis a gasolina 1.500–3.000 cm³,724,Espanha,45806773,8.068,mirror
2005,870323,Automóveis a gasolina 1.500–3.000 cm³,826,Reino Unido,16609125,2.925,mirror
2005,870323,Automóveis a gasolina 1.500–3.000 cm³,752,Suécia,10648659,1.876,mirror
2005,870323,Automóveis a gasolina 1.500–3.000 cm³,392,Japão,9114564,1.605,mirror
2005,870323,Automóveis a gasolina 1.500–3.000 cm³,410,Coreia do Sul,6927431,1.22,mirror
2005,870331,Automóveis diesel até 1.500 cm³,724,Espanha,241857287,37.667,mirror
2005,870331,Automóveis diesel até 1.500 cm³,251,França,102498189,15.963,mirror
2005,870331,Automóveis diesel até 1.500 cm³,826,Reino Unido,100555359,15.661,mirror
2005,870331,Automóveis diesel até 1.500 cm³,380,Itália,39047118,6.081,mirror
2005,870331,Automóveis diesel até 1.500 cm³,56,Bélgica,36482204,5.682,mirror
2005,870331,Automóveis diesel até 1.500 cm³,705,Eslovénia,27330291,4.256,mirror
2005,870331,Automóveis diesel até 1.500 cm³,792,Turquia,18670988,2.908,mirror
2005,870331,Automóveis diesel até 1.500 cm³,276,Alemanha,18031000,2.808,mirror
2005,870332,Automóveis diesel 1.500–2.500 cm³,276,Alemanha,646665000,41.049,mirror
2005,870332,Automóveis diesel 1.500–2.500 cm³,251,França,347207047,22.04,mirror
2005,870332,Automóveis diesel 1.500–2.500 cm³,724,Espanha,257986420,16.376,mirror
2005,870332,Automóveis diesel 1.500–2.500 cm³,826,Reino Unido,98727198,6.267,mirror
2005,870332,Automóveis diesel 1.500–2.500 cm³,56,Bélgica,67258626,4.269,mirror
2005,870332,Automóveis diesel 1.500–2.500 cm³,392,Japão,47935566,3.043,mirror
2005,870332,Automóveis diesel 1.500–2.500 cm³,410,Coreia do Sul,25447778,1.615,mirror
2005,870332,Automóveis diesel 1.500–2.500 cm³,203,Chéquia,23459756,1.489,mirror
2005,870421,Camiões diesel até 5 t,251,França,145188141,30.813,mirror
2005,870421,Camiões diesel até 5 t,724,Espanha,81214116,17.236,mirror
2005,870421,Camiões diesel até 5 t,392,Japão,63866268,13.554,mirror
2005,870421,Camiões diesel até 5 t,276,Alemanha,53199000,11.29,mirror
2005,870421,Camiões diesel até 5 t,792,Turquia,30556500,6.485,mirror
2005,870421,Camiões diesel até 5 t,380,Itália,24665237,5.235,mirror
2005,870421,Camiões diesel até 5 t,764,Tailândia,23702963,5.03,mirror
2005,870421,Camiões diesel até 5 t,826,Reino Unido,19888440,4.221,mirror
2005,870840,Caixas de velocidades e partes,276,Alemanha,88488000,50.512,mirror
2005,870840,Caixas de velocidades e partes,40,Áustria,24825719,14.171,mirror
2005,870840,Caixas de velocidades e partes,392,Japão,24659404,14.077,mirror
2005,870840,Caixas de velocidades e partes,251,França,21154607,12.076,mirror
2005,870840,Caixas de velocidades e partes,724,Espanha,14473218,8.262,mirror
2005,870840,Caixas de velocidades e partes,56,Bélgica,449203,0.256,mirror
2005,870840,Caixas de velocidades e partes,826,Reino Unido,437940,0.25,mirror
2005,870840,Caixas de velocidades e partes,752,Suécia,268082,0.153,mirror
2005,870899,Outras partes de veículos,724,Espanha,597033992,57.08,mirror
2005,870899,Outras partes de veículos,251,França,142506799,13.624,mirror
2005,870899,Outras partes de veículos,276,Alemanha,138634000,13.254,mirror
2005,870899,Outras partes de veículos,380,Itália,44832685,4.286,mirror
2005,870899,Outras partes de veículos,392,Japão,42276697,4.042,mirror
2005,870899,Outras partes de veículos,826,Reino Unido,23136421,2.212,mirror
2005,870899,Outras partes de veículos,842,EUA,10218394,0.977,mirror
2005,870899,Outras partes de veículos,56,Bélgica,9147574,0.875,mirror
2005,880240,Aviões +15.000 kg,251,França,94037342,100.0,mirror
2005,999999,Mercadorias não especificadas,842,EUA,450983396,29.712,mirror
2005,999999,Mercadorias não especificadas,276,Alemanha,373549000,24.61,mirror
2005,999999,Mercadorias não especificadas,380,Itália,161141949,10.616,mirror
2005,999999,Mercadorias não especificadas,251,França,98699517,6.503,mirror
2005,999999,Mercadorias não especificadas,724,Espanha,95227069,6.274,mirror
2005,999999,Mercadorias não especificadas,528,Países Baixos,67388128,4.44,mirror
2005,999999,Mercadorias não especificadas,826,Reino Unido,54116310,3.565,mirror
2005,999999,Mercadorias não especificadas,56,Bélgica,49621629,3.269,mirror
2006,100590,Milho,251,França,53558266,23.174,direct
2006,100590,Milho,688,Sérvia,51213401,22.16,direct
2006,100590,Milho,32,Argentina,45244669,19.577,direct
2006,100590,Milho,724,Espanha,14870689,6.434,direct
2006,100590,Milho,76,Brasil,13429376,5.811,direct
2006,100590,Milho,348,Hungria,9245520,4.0,direct
2006,100590,Milho,804,Ucrânia,8825630,3.819,direct
2006,100590,Milho,600,Paraguai,7816226,3.382,direct
2006,270900,Petróleo bruto,12,Argélia,1043644446,16.477,direct
2006,270900,Petróleo bruto,76,Brasil,686713166,10.842,direct
2006,270900,Petróleo bruto,682,Arábia Saudita,617217168,9.745,direct
2006,270900,Petróleo bruto,566,Nigéria,542027595,8.558,direct
2006,270900,Petróleo bruto,434,Libya,494994241,7.815,direct
2006,270900,Petróleo bruto,226,Guiné Equatorial,490699088,7.747,direct
2006,270900,Petróleo bruto,398,Cazaquistão,403337522,6.368,direct
2006,270900,Petróleo bruto,826,Reino Unido,400429056,6.322,direct
2006,271019,Gasóleo e combustíveis médios e pesados,643,Rússia,443423710,38.132,direct
2006,271019,Gasóleo e combustíveis médios e pesados,724,Espanha,288823542,24.837,direct
2006,271019,Gasóleo e combustíveis médios e pesados,826,Reino Unido,164795668,14.172,direct
2006,271019,Gasóleo e combustíveis médios e pesados,528,Países Baixos,129260201,11.116,direct
2006,271019,Gasóleo e combustíveis médios e pesados,251,França,31258918,2.688,direct
2006,271019,Gasóleo e combustíveis médios e pesados,276,Alemanha,26716527,2.297,direct
2006,271019,Gasóleo e combustíveis médios e pesados,56,Bélgica,20580755,1.77,direct
2006,271019,Gasóleo e combustíveis médios e pesados,380,Itália,12868336,1.107,direct
2006,271111,Gás natural liquefeito (GNL),566,Nigéria,400825223,100.0,direct
2006,271121,Gás natural em estado gasoso,724,Espanha,625203767,100.0,direct
2006,271600,Energia elétrica,724,Espanha,451048533,100.0,direct
2006,300490,Medicamentos,251,França,269169675,16.19,direct
2006,300490,Medicamentos,826,Reino Unido,221853626,13.344,direct
2006,300490,Medicamentos,276,Alemanha,214819325,12.921,direct
2006,300490,Medicamentos,757,Suíça,173744738,10.45,direct
2006,300490,Medicamentos,56,Bélgica,169507704,10.195,direct
2006,300490,Medicamentos,724,Espanha,164502909,9.894,direct
2006,300490,Medicamentos,372,Irlanda,122770937,7.384,direct
2006,300490,Medicamentos,528,Países Baixos,102635446,6.173,direct
2006,381512,Catalisadores,276,Alemanha,4297175,89.368,direct
2006,381512,Catalisadores,826,Reino Unido,333167,6.929,direct
2006,381512,Catalisadores,380,Itália,111534,2.32,direct
2006,381512,Catalisadores,56,Bélgica,66465,1.382,direct
2006,381512,Catalisadores,724,Espanha,51,0.001,direct
2006,392690,Outros artigos de plástico,724,Espanha,76710381,31.108,direct
2006,392690,Outros artigos de plástico,276,Alemanha,52699383,21.371,direct
2006,392690,Outros artigos de plástico,251,França,28556132,11.58,direct
2006,392690,Outros artigos de plástico,380,Itália,24296909,9.853,direct
2006,392690,Outros artigos de plástico,528,Países Baixos,14708562,5.965,direct
2006,392690,Outros artigos de plástico,826,Reino Unido,11041723,4.478,direct
2006,392690,Outros artigos de plástico,156,China,8954599,3.631,direct
2006,392690,Outros artigos de plástico,56,Bélgica,6187523,2.509,direct
2006,720449,Outra sucata ferrosa,826,Reino Unido,91314837,47.67,direct
2006,720449,Outra sucata ferrosa,372,Irlanda,54243930,28.317,direct
2006,720449,Outra sucata ferrosa,251,França,21534166,11.242,direct
2006,720449,Outra sucata ferrosa,528,Países Baixos,7254944,3.787,direct
2006,720449,Outra sucata ferrosa,208,Dinamarca,6958881,3.633,direct
2006,720449,Outra sucata ferrosa,724,Espanha,4024052,2.101,direct
2006,720449,Outra sucata ferrosa,752,Suécia,1303110,0.68,direct
2006,720449,Outra sucata ferrosa,504,Marrocos,1013540,0.529,direct
2006,760120,"Ligas de alumínio, em bruto",579,Noruega,536126187,81.751,direct
2006,760120,"Ligas de alumínio, em bruto",724,Espanha,67766774,10.333,direct
2006,760120,"Ligas de alumínio, em bruto",528,Países Baixos,19471313,2.969,direct
2006,760120,"Ligas de alumínio, em bruto",784,Emirados Árabes Unidos,16520486,2.519,direct
2006,760120,"Ligas de alumínio, em bruto",76,Brasil,8994465,1.372,direct
2006,760120,"Ligas de alumínio, em bruto",251,França,3309755,0.505,direct
2006,760120,"Ligas de alumínio, em bruto",826,Reino Unido,2324673,0.354,direct
2006,760120,"Ligas de alumínio, em bruto",276,Alemanha,480653,0.073,direct
2006,840820,Motores diesel para veículos,616,Polónia,219991573,54.488,direct
2006,840820,Motores diesel para veículos,251,França,75770972,18.767,direct
2006,840820,Motores diesel para veículos,392,Japão,70203179,17.388,direct
2006,840820,Motores diesel para veículos,380,Itália,25838010,6.4,direct
2006,840820,Motores diesel para veículos,276,Alemanha,5646503,1.399,direct
2006,840820,Motores diesel para veículos,724,Espanha,3184973,0.789,direct
2006,840820,Motores diesel para veículos,40,Áustria,2408357,0.597,direct
2006,840820,Motores diesel para veículos,842,EUA,301058,0.075,direct
2006,847130,Computadores portáteis,724,Espanha,223205340,47.198,direct
2006,847130,Computadores portáteis,442,Luxemburgo,80741640,17.073,direct
2006,847130,Computadores portáteis,528,Países Baixos,53049180,11.218,direct
2006,847130,Computadores portáteis,490,Taiwan (Prov. China),32817770,6.94,direct
2006,847130,Computadores portáteis,156,China,32485616,6.869,direct
2006,847130,Computadores portáteis,276,Alemanha,29972178,6.338,direct
2006,847130,Computadores portáteis,372,Irlanda,9075542,1.919,direct
2006,847130,Computadores portáteis,410,Coreia do Sul,4207771,0.89,direct
2006,852990,Outras partes de aparelhos de rádio e TV,276,Alemanha,177337999,72.618,direct
2006,852990,Outras partes de aparelhos de rádio e TV,724,Espanha,10953401,4.485,direct
2006,852990,Outras partes de aparelhos de rádio e TV,826,Reino Unido,10801897,4.423,direct
2006,852990,Outras partes de aparelhos de rádio e TV,458,Malásia,7005354,2.869,direct
2006,852990,Outras partes de aparelhos de rádio e TV,372,Irlanda,5783846,2.368,direct
2006,852990,Outras partes de aparelhos de rádio e TV,56,Bélgica,5165828,2.115,direct
2006,852990,Outras partes de aparelhos de rádio e TV,528,Países Baixos,4539902,1.859,direct
2006,852990,Outras partes de aparelhos de rádio e TV,380,Itália,3716319,1.522,direct
2006,870322,Automóveis a gasolina 1.000–1.500 cm³,724,Espanha,226726899,33.895,direct
2006,870322,Automóveis a gasolina 1.000–1.500 cm³,251,França,156770936,23.437,direct
2006,870322,Automóveis a gasolina 1.000–1.500 cm³,276,Alemanha,87656256,13.104,direct
2006,870322,Automóveis a gasolina 1.000–1.500 cm³,380,Itália,46827646,7.001,direct
2006,870322,Automóveis a gasolina 1.000–1.500 cm³,826,Reino Unido,44787281,6.696,direct
2006,870322,Automóveis a gasolina 1.000–1.500 cm³,392,Japão,27856105,4.164,direct
2006,870322,Automóveis a gasolina 1.000–1.500 cm³,203,Chéquia,21562978,3.224,direct
2006,870322,Automóveis a gasolina 1.000–1.500 cm³,410,Coreia do Sul,19670673,2.941,direct
2006,870323,Automóveis a gasolina 1.500–3.000 cm³,276,Alemanha,478279870,61.099,direct
2006,870323,Automóveis a gasolina 1.500–3.000 cm³,251,França,98311533,12.559,direct
2006,870323,Automóveis a gasolina 1.500–3.000 cm³,56,Bélgica,98142129,12.537,direct
2006,870323,Automóveis a gasolina 1.500–3.000 cm³,724,Espanha,31114447,3.975,direct
2006,870323,Automóveis a gasolina 1.500–3.000 cm³,528,Países Baixos,30064309,3.841,direct
2006,870323,Automóveis a gasolina 1.500–3.000 cm³,752,Suécia,20325649,2.597,direct
2006,870323,Automóveis a gasolina 1.500–3.000 cm³,826,Reino Unido,6472806,0.827,direct
2006,870323,Automóveis a gasolina 1.500–3.000 cm³,392,Japão,4641950,0.593,direct
2006,870331,Automóveis diesel até 1.500 cm³,724,Espanha,295908382,36.401,direct
2006,870331,Automóveis diesel até 1.500 cm³,251,França,233974093,28.782,direct
2006,870331,Automóveis diesel até 1.500 cm³,826,Reino Unido,86922978,10.693,direct
2006,870331,Automóveis diesel até 1.500 cm³,276,Alemanha,63026375,7.753,direct
2006,870331,Automóveis diesel até 1.500 cm³,56,Bélgica,46971355,5.778,direct
2006,870331,Automóveis diesel até 1.500 cm³,380,Itália,31008796,3.814,direct
2006,870331,Automóveis diesel até 1.500 cm³,203,Chéquia,21345696,2.626,direct
2006,870331,Automóveis diesel até 1.500 cm³,792,Turquia,17272640,2.125,direct
2006,870332,Automóveis diesel 1.500–2.500 cm³,276,Alemanha,796484612,50.777,direct
2006,870332,Automóveis diesel 1.500–2.500 cm³,724,Espanha,251789741,16.052,direct
2006,870332,Automóveis diesel 1.500–2.500 cm³,251,França,224675576,14.323,direct
2006,870332,Automóveis diesel 1.500–2.500 cm³,56,Bélgica,82335839,5.249,direct
2006,870332,Automóveis diesel 1.500–2.500 cm³,826,Reino Unido,51876880,3.307,direct
2006,870332,Automóveis diesel 1.500–2.500 cm³,392,Japão,43199615,2.754,direct
2006,870332,Automóveis diesel 1.500–2.500 cm³,380,Itália,28025120,1.787,direct
2006,870332,Automóveis diesel 1.500–2.500 cm³,203,Chéquia,26535936,1.692,direct
2006,870421,Camiões diesel até 5 t,251,França,216507083,28.785,direct
2006,870421,Camiões diesel até 5 t,724,Espanha,204621928,27.205,direct
2006,870421,Camiões diesel até 5 t,276,Alemanha,76895244,10.223,direct
2006,870421,Camiões diesel até 5 t,792,Turquia,46991255,6.248,direct
2006,870421,Camiões diesel até 5 t,380,Itália,38902110,5.172,direct
2006,870421,Camiões diesel até 5 t,764,Tailândia,38878510,5.169,direct
2006,870421,Camiões diesel até 5 t,826,Reino Unido,30550847,4.062,direct
2006,870421,Camiões diesel até 5 t,56,Bélgica,29700459,3.949,direct
2006,870840,Caixas de velocidades e partes,276,Alemanha,85336163,61.651,direct
2006,870840,Caixas de velocidades e partes,251,França,20156197,14.562,direct
2006,870840,Caixas de velocidades e partes,392,Japão,14196699,10.256,direct
2006,870840,Caixas de velocidades e partes,380,Itália,8453016,6.107,direct
2006,870840,Caixas de velocidades e partes,40,Áustria,4861977,3.513,direct
2006,870840,Caixas de velocidades e partes,724,Espanha,4050233,2.926,direct
2006,870840,Caixas de velocidades e partes,752,Suécia,487607,0.352,direct
2006,870840,Caixas de velocidades e partes,528,Países Baixos,381196,0.275,direct
2006,870899,Outras partes de veículos,724,Espanha,499751497,41.493,direct
2006,870899,Outras partes de veículos,276,Alemanha,234050272,19.433,direct
2006,870899,Outras partes de veículos,251,França,226428242,18.8,direct
2006,870899,Outras partes de veículos,392,Japão,110711509,9.192,direct
2006,870899,Outras partes de veículos,380,Itália,43438711,3.607,direct
2006,870899,Outras partes de veículos,826,Reino Unido,29028322,2.41,direct
2006,870899,Outras partes de veículos,56,Bélgica,16191610,1.344,direct
2006,870899,Outras partes de veículos,752,Suécia,10858429,0.902,direct
2006,880240,Aviões +15.000 kg,276,Alemanha,228240814,67.368,direct
2006,880240,Aviões +15.000 kg,528,Países Baixos,67826430,20.02,direct
2006,880240,Aviões +15.000 kg,818,Egito,25027257,7.387,direct
2006,880240,Aviões +15.000 kg,842,EUA,17664607,5.214,direct
2006,880240,Aviões +15.000 kg,724,Espanha,39642,0.012,direct
2006,999999,Mercadorias não especificadas,568,"Other Europe, nes",159483032,23.172,direct
2006,999999,Mercadorias não especificadas,839,Special Categories,121572043,17.663,direct
2006,999999,Mercadorias não especificadas,276,Alemanha,87486970,12.711,direct
2006,999999,Mercadorias não especificadas,528,Países Baixos,75293174,10.939,direct
2006,999999,Mercadorias não especificadas,842,EUA,31420965,4.565,direct
2006,999999,Mercadorias não especificadas,380,Itália,26521665,3.853,direct
2006,999999,Mercadorias não especificadas,826,Reino Unido,16327813,2.372,direct
2006,999999,Mercadorias não especificadas,251,França,15973640,2.321,direct
2006,100590,Milho,251,França,47851071,43.019,mirror
2006,100590,Milho,32,Argentina,21538243,19.363,mirror
2006,100590,Milho,724,Espanha,15145681,13.616,mirror
2006,100590,Milho,76,Brasil,10130916,9.108,mirror
2006,100590,Milho,616,Polónia,3303396,2.97,mirror
2006,100590,Milho,191,Croácia,2962366,2.663,mirror
2006,100590,Milho,100,Bulgária,2954448,2.656,mirror
2006,100590,Milho,688,Sérvia,2400867,2.158,mirror
2006,270900,Petróleo bruto,12,Argélia,1024520201,28.789,mirror
2006,270900,Petróleo bruto,566,Nigéria,730529818,20.528,mirror
2006,270900,Petróleo bruto,76,Brasil,628186688,17.652,mirror
2006,270900,Petróleo bruto,826,Reino Unido,332710826,9.349,mirror
2006,270900,Petróleo bruto,398,Cazaquistão,291655456,8.196,mirror
2006,270900,Petróleo bruto,484,México,236191908,6.637,mirror
2006,270900,Petróleo bruto,579,Noruega,195697436,5.499,mirror
2006,270900,Petróleo bruto,24,Angola,46428194,1.305,mirror
2006,271019,Gasóleo e combustíveis médios e pesados,724,Espanha,194882165,28.624,mirror
2006,271019,Gasóleo e combustíveis médios e pesados,826,Reino Unido,159765469,23.466,mirror
2006,271019,Gasóleo e combustíveis médios e pesados,276,Alemanha,77805000,11.428,mirror
2006,271019,Gasóleo e combustíveis médios e pesados,643,Rússia,71972646,10.571,mirror
2006,271019,Gasóleo e combustíveis médios e pesados,251,França,31392301,4.611,mirror
2006,271019,Gasóleo e combustíveis médios e pesados,56,Bélgica,23520504,3.455,mirror
2006,271019,Gasóleo e combustíveis médios e pesados,380,Itália,21217887,3.116,mirror
2006,271019,Gasóleo e combustíveis médios e pesados,31,Azerbaijan,19215127,2.822,mirror
2006,271121,Gás natural em estado gasoso,12,Argélia,522463035,100.0,mirror
2006,271121,Gás natural em estado gasoso,757,Suíça,169,0.0,mirror
2006,271600,Energia elétrica,724,Espanha,72021600,100.0,mirror
2006,300490,Medicamentos,251,França,230662548,15.276,mirror
2006,300490,Medicamentos,826,Reino Unido,197545674,13.083,mirror
2006,300490,Medicamentos,276,Alemanha,181955000,12.051,mirror
2006,300490,Medicamentos,757,Suíça,169040728,11.195,mirror
2006,300490,Medicamentos,56,Bélgica,166773485,11.045,mirror
2006,300490,Medicamentos,724,Espanha,166619640,11.035,mirror
2006,300490,Medicamentos,528,Países Baixos,135008979,8.941,mirror
2006,300490,Medicamentos,372,Irlanda,95929434,6.353,mirror
2006,381512,Catalisadores,276,Alemanha,11952000,86.336,mirror
2006,381512,Catalisadores,826,Reino Unido,817233,5.903,mirror
2006,381512,Catalisadores,380,Itália,660065,4.768,mirror
2006,381512,Catalisadores,251,França,326389,2.358,mirror
2006,381512,Catalisadores,490,Taiwan (Prov. China),87884,0.635,mirror
2006,381512,Catalisadores,724,Espanha,80,0.001,mirror
2006,392690,Outros artigos de plástico,724,Espanha,77049446,30.385,mirror
2006,392690,Outros artigos de plástico,276,Alemanha,54736000,21.585,mirror
2006,392690,Outros artigos de plástico,380,Itália,33223958,13.102,mirror
2006,392690,Outros artigos de plástico,251,França,29180391,11.507,mirror
2006,392690,Outros artigos de plástico,826,Reino Unido,15854421,6.252,mirror
2006,392690,Outros artigos de plástico,528,Países Baixos,7850879,3.096,mirror
2006,392690,Outros artigos de plástico,56,Bélgica,6700863,2.643,mirror
2006,392690,Outros artigos de plástico,156,China,5764241,2.273,mirror
2006,720449,Outra sucata ferrosa,826,Reino Unido,89749450,52.231,mirror
2006,720449,Outra sucata ferrosa,372,Irlanda,35266062,20.524,mirror
2006,720449,Outra sucata ferrosa,251,França,14668654,8.537,mirror
2006,720449,Outra sucata ferrosa,528,Países Baixos,13868755,8.071,mirror
2006,720449,Outra sucata ferrosa,208,Dinamarca,5471713,3.184,mirror
2006,720449,Outra sucata ferrosa,842,EUA,4186112,2.436,mirror
2006,720449,Outra sucata ferrosa,724,Espanha,4123063,2.399,mirror
2006,720449,Outra sucata ferrosa,233,Estónia,1148133,0.668,mirror
2006,760120,"Ligas de alumínio, em bruto",579,Noruega,141538849,45.215,mirror
2006,760120,"Ligas de alumínio, em bruto",643,Rússia,84385438,26.957,mirror
2006,760120,"Ligas de alumínio, em bruto",724,Espanha,53247770,17.01,mirror
2006,760120,"Ligas de alumínio, em bruto",528,Países Baixos,15924130,5.087,mirror
2006,760120,"Ligas de alumínio, em bruto",76,Brasil,11546098,3.688,mirror
2006,760120,"Ligas de alumínio, em bruto",251,França,3086882,0.986,mirror
2006,760120,"Ligas de alumínio, em bruto",276,Alemanha,2673000,0.854,mirror
2006,760120,"Ligas de alumínio, em bruto",826,Reino Unido,401341,0.128,mirror
2006,840820,Motores diesel para veículos,616,Polónia,228680012,60.001,mirror
2006,840820,Motores diesel para veículos,251,França,96927354,25.432,mirror
2006,840820,Motores diesel para veículos,392,Japão,51633356,13.547,mirror
2006,840820,Motores diesel para veículos,724,Espanha,1611170,0.423,mirror
2006,840820,Motores diesel para veículos,276,Alemanha,953000,0.25,mirror
2006,840820,Motores diesel para veículos,752,Suécia,703183,0.185,mirror
2006,840820,Motores diesel para veículos,56,Bélgica,293393,0.077,mirror
2006,840820,Motores diesel para veículos,702,Singapura,153471,0.04,mirror
2006,847130,Computadores portáteis,276,Alemanha,83746000,22.003,mirror
2006,847130,Computadores portáteis,724,Espanha,76964994,20.222,mirror
2006,847130,Computadores portáteis,156,China,59082643,15.523,mirror
2006,847130,Computadores portáteis,251,França,35608990,9.356,mirror
2006,847130,Computadores portáteis,528,Países Baixos,35290635,9.272,mirror
2006,847130,Computadores portáteis,826,Reino Unido,33718558,8.859,mirror
2006,847130,Computadores portáteis,490,Taiwan (Prov. China),32306218,8.488,mirror
2006,847130,Computadores portáteis,372,Irlanda,14206258,3.733,mirror
2006,852990,Outras partes de aparelhos de rádio e TV,276,Alemanha,54141000,26.561,mirror
2006,852990,Outras partes de aparelhos de rádio e TV,826,Reino Unido,33294078,16.334,mirror
2006,852990,Outras partes de aparelhos de rádio e TV,752,Suécia,32360673,15.876,mirror
2006,852990,Outras partes de aparelhos de rádio e TV,344,Hong Kong (RAEHK),19409354,9.522,mirror
2006,852990,Outras partes de aparelhos de rádio e TV,156,China,18382169,9.018,mirror
2006,852990,Outras partes de aparelhos de rádio e TV,724,Espanha,15589496,7.648,mirror
2006,852990,Outras partes de aparelhos de rádio e TV,528,Países Baixos,3929836,1.928,mirror
2006,852990,Outras partes de aparelhos de rádio e TV,380,Itália,3900413,1.913,mirror
2006,870322,Automóveis a gasolina 1.000–1.500 cm³,724,Espanha,145038880,34.57,mirror
2006,870322,Automóveis a gasolina 1.000–1.500 cm³,251,França,53657021,12.789,mirror
2006,870322,Automóveis a gasolina 1.000–1.500 cm³,826,Reino Unido,47534940,11.33,mirror
2006,870322,Automóveis a gasolina 1.000–1.500 cm³,276,Alemanha,34890000,8.316,mirror
2006,870322,Automóveis a gasolina 1.000–1.500 cm³,392,Japão,34837537,8.303,mirror
2006,870322,Automóveis a gasolina 1.000–1.500 cm³,380,Itália,30744659,7.328,mirror
2006,870322,Automóveis a gasolina 1.000–1.500 cm³,528,Países Baixos,17704366,4.22,mirror
2006,870322,Automóveis a gasolina 1.000–1.500 cm³,410,Coreia do Sul,14862951,3.543,mirror
2006,870323,Automóveis a gasolina 1.500–3.000 cm³,276,Alemanha,296101000,56.847,mirror
2006,870323,Automóveis a gasolina 1.500–3.000 cm³,724,Espanha,57282556,10.997,mirror
2006,870323,Automóveis a gasolina 1.500–3.000 cm³,251,França,56215405,10.792,mirror
2006,870323,Automóveis a gasolina 1.500–3.000 cm³,56,Bélgica,48130574,9.24,mirror
2006,870323,Automóveis a gasolina 1.500–3.000 cm³,826,Reino Unido,29292892,5.624,mirror
2006,870323,Automóveis a gasolina 1.500–3.000 cm³,380,Itália,8845618,1.698,mirror
2006,870323,Automóveis a gasolina 1.500–3.000 cm³,392,Japão,8387389,1.61,mirror
2006,870323,Automóveis a gasolina 1.500–3.000 cm³,703,Eslováquia,2942652,0.565,mirror
2006,870331,Automóveis diesel até 1.500 cm³,724,Espanha,162503954,24.203,mirror
2006,870331,Automóveis diesel até 1.500 cm³,251,França,152336830,22.689,mirror
2006,870331,Automóveis diesel até 1.500 cm³,56,Bélgica,97968950,14.591,mirror
2006,870331,Automóveis diesel até 1.500 cm³,826,Reino Unido,87986433,13.105,mirror
2006,870331,Automóveis diesel até 1.500 cm³,380,Itália,42710866,6.361,mirror
2006,870331,Automóveis diesel até 1.500 cm³,705,Eslovénia,27882712,4.153,mirror
2006,870331,Automóveis diesel até 1.500 cm³,276,Alemanha,24547000,3.656,mirror
2006,870331,Automóveis diesel até 1.500 cm³,203,Chéquia,22007233,3.278,mirror
2006,870332,Automóveis diesel 1.500–2.500 cm³,276,Alemanha,656303000,42.036,mirror
2006,870332,Automóveis diesel 1.500–2.500 cm³,724,Espanha,284136129,18.199,mirror
2006,870332,Automóveis diesel 1.500–2.500 cm³,251,França,248657854,15.926,mirror
2006,870332,Automóveis diesel 1.500–2.500 cm³,56,Bélgica,102833998,6.586,mirror
2006,870332,Automóveis diesel 1.500–2.500 cm³,392,Japão,93224198,5.971,mirror
2006,870332,Automóveis diesel 1.500–2.500 cm³,826,Reino Unido,53666674,3.437,mirror
2006,870332,Automóveis diesel 1.500–2.500 cm³,410,Coreia do Sul,35029039,2.244,mirror
2006,870332,Automóveis diesel 1.500–2.500 cm³,752,Suécia,27594158,1.767,mirror
2006,870421,Camiões diesel até 5 t,251,França,119064029,24.147,mirror
2006,870421,Camiões diesel até 5 t,724,Espanha,108092295,21.922,mirror
2006,870421,Camiões diesel até 5 t,392,Japão,50290153,10.199,mirror
2006,870421,Camiões diesel até 5 t,764,Tailândia,48408536,9.818,mirror
2006,870421,Camiões diesel até 5 t,276,Alemanha,45297000,9.187,mirror
2006,870421,Camiões diesel até 5 t,792,Turquia,32103051,6.511,mirror
2006,870421,Camiões diesel até 5 t,380,Itália,30228304,6.13,mirror
2006,870421,Camiões diesel até 5 t,710,África do Sul,20759649,4.21,mirror
2006,870840,Caixas de velocidades e partes,276,Alemanha,82736000,52.728,mirror
2006,870840,Caixas de velocidades e partes,392,Japão,21525041,13.718,mirror
2006,870840,Caixas de velocidades e partes,251,França,21188893,13.504,mirror
2006,870840,Caixas de velocidades e partes,40,Áustria,19896694,12.68,mirror
2006,870840,Caixas de velocidades e partes,724,Espanha,9903352,6.311,mirror
2006,870840,Caixas de velocidades e partes,826,Reino Unido,472957,0.301,mirror
2006,870840,Caixas de velocidades e partes,56,Bélgica,386706,0.246,mirror
2006,870840,Caixas de velocidades e partes,752,Suécia,365172,0.233,mirror
2006,870899,Outras partes de veículos,724,Espanha,662826259,59.019,mirror
2006,870899,Outras partes de veículos,251,França,157363213,14.012,mirror
2006,870899,Outras partes de veículos,276,Alemanha,148722000,13.242,mirror
2006,870899,Outras partes de veículos,380,Itália,38598334,3.437,mirror
2006,870899,Outras partes de veículos,392,Japão,35103374,3.126,mirror
2006,870899,Outras partes de veículos,826,Reino Unido,22011338,1.96,mirror
2006,870899,Outras partes de veículos,56,Bélgica,10764417,0.958,mirror
2006,870899,Outras partes de veículos,842,EUA,9729045,0.866,mirror
2006,880240,Aviões +15.000 kg,842,EUA,74668000,47.801,mirror
2006,880240,Aviões +15.000 kg,470,Malta,49164797,31.474,mirror
2006,880240,Aviões +15.000 kg,757,Suíça,32372465,20.724,mirror
2006,999999,Mercadorias não especificadas,276,Alemanha,357149000,29.906,mirror
2006,999999,Mercadorias não especificadas,380,Itália,195650920,16.383,mirror
2006,999999,Mercadorias não especificadas,724,Espanha,119523725,10.008,mirror
2006,999999,Mercadorias não especificadas,528,Países Baixos,94963091,7.952,mirror
2006,999999,Mercadorias não especificadas,251,França,91523113,7.664,mirror
2006,999999,Mercadorias não especificadas,826,Reino Unido,71840489,6.016,mirror
2006,999999,Mercadorias não especificadas,56,Bélgica,50879319,4.26,mirror
2006,999999,Mercadorias não especificadas,752,Suécia,33660027,2.819,mirror
2007,100590,Milho,76,Brasil,170322202,42.056,direct
2007,100590,Milho,32,Argentina,143168655,35.352,direct
2007,100590,Milho,251,França,37560433,9.275,direct
2007,100590,Milho,724,Espanha,24388733,6.022,direct
2007,100590,Milho,600,Paraguai,14790180,3.652,direct
2007,100590,Milho,688,Sérvia,6508645,1.607,direct
2007,100590,Milho,348,Hungria,5706450,1.409,direct
2007,100590,Milho,826,Reino Unido,1729536,0.427,direct
2007,270900,Petróleo bruto,434,Libya,996354276,15.417,direct
2007,270900,Petróleo bruto,566,Nigéria,836519589,12.944,direct
2007,270900,Petróleo bruto,76,Brasil,615755155,9.528,direct
2007,270900,Petróleo bruto,12,Argélia,600983836,9.299,direct
2007,270900,Petróleo bruto,226,Guiné Equatorial,583825560,9.034,direct
2007,270900,Petróleo bruto,682,Arábia Saudita,520524727,8.054,direct
2007,270900,Petróleo bruto,24,Angola,504239056,7.802,direct
2007,270900,Petróleo bruto,398,Cazaquistão,403131155,6.238,direct
2007,271019,Gasóleo e combustíveis médios e pesados,643,Rússia,452575863,35.487,direct
2007,271019,Gasóleo e combustíveis médios e pesados,724,Espanha,341631451,26.788,direct
2007,271019,Gasóleo e combustíveis médios e pesados,528,Países Baixos,102662771,8.05,direct
2007,271019,Gasóleo e combustíveis médios e pesados,276,Alemanha,96161238,7.54,direct
2007,271019,Gasóleo e combustíveis médios e pesados,826,Reino Unido,94739261,7.429,direct
2007,271019,Gasóleo e combustíveis médios e pesados,56,Bélgica,56479157,4.429,direct
2007,271019,Gasóleo e combustíveis médios e pesados,112,Bielorrússia,44064985,3.455,direct
2007,271019,Gasóleo e combustíveis médios e pesados,251,França,37249604,2.921,direct
2007,271111,Gás natural liquefeito (GNL),566,Nigéria,524329935,100.0,direct
2007,271121,Gás natural em estado gasoso,724,Espanha,621363864,100.0,direct
2007,271600,Energia elétrica,724,Espanha,565312035,99.998,direct
2007,271600,Energia elétrica,233,Estónia,10921,0.002,direct
2007,300490,Medicamentos,251,França,274576044,14.599,direct
2007,300490,Medicamentos,276,Alemanha,258323689,13.735,direct
2007,300490,Medicamentos,826,Reino Unido,249026372,13.241,direct
2007,300490,Medicamentos,757,Suíça,220375156,11.717,direct
2007,300490,Medicamentos,724,Espanha,193860237,10.308,direct
2007,300490,Medicamentos,56,Bélgica,169971876,9.037,direct
2007,300490,Medicamentos,372,Irlanda,144864075,7.702,direct
2007,300490,Medicamentos,528,Países Baixos,115697732,6.152,direct
2007,381512,Catalisadores,276,Alemanha,6454848,98.086,direct
2007,381512,Catalisadores,380,Itália,115448,1.754,direct
2007,381512,Catalisadores,826,Reino Unido,8811,0.134,direct
2007,381512,Catalisadores,724,Espanha,1690,0.026,direct
2007,392690,Outros artigos de plástico,724,Espanha,66636248,25.961,direct
2007,392690,Outros artigos de plástico,276,Alemanha,57624952,22.45,direct
2007,392690,Outros artigos de plástico,251,França,33833571,13.181,direct
2007,392690,Outros artigos de plástico,380,Itália,27007683,10.522,direct
2007,392690,Outros artigos de plástico,528,Países Baixos,15579244,6.07,direct
2007,392690,Outros artigos de plástico,826,Reino Unido,10031916,3.908,direct
2007,392690,Outros artigos de plástico,156,China,9779970,3.81,direct
2007,392690,Outros artigos de plástico,56,Bélgica,6478951,2.524,direct
2007,720449,Outra sucata ferrosa,826,Reino Unido,109827601,45.674,direct
2007,720449,Outra sucata ferrosa,372,Irlanda,49780872,20.702,direct
2007,720449,Outra sucata ferrosa,251,França,24621595,10.239,direct
2007,720449,Outra sucata ferrosa,724,Espanha,18823887,7.828,direct
2007,720449,Outra sucata ferrosa,528,Países Baixos,15556088,6.469,direct
2007,720449,Outra sucata ferrosa,56,Bélgica,7118992,2.961,direct
2007,720449,Outra sucata ferrosa,246,Finlândia,6517920,2.711,direct
2007,720449,Outra sucata ferrosa,752,Suécia,2761524,1.148,direct
2007,760120,"Ligas de alumínio, em bruto",579,Noruega,491950066,70.277,direct
2007,760120,"Ligas de alumínio, em bruto",724,Espanha,95893649,13.699,direct
2007,760120,"Ligas de alumínio, em bruto",76,Brasil,25679982,3.668,direct
2007,760120,"Ligas de alumínio, em bruto",36,Austrália,24106166,3.444,direct
2007,760120,"Ligas de alumínio, em bruto",528,Países Baixos,21190151,3.027,direct
2007,760120,"Ligas de alumínio, em bruto",784,Emirados Árabes Unidos,17571553,2.51,direct
2007,760120,"Ligas de alumínio, em bruto",899,"Areas, nes",4618377,0.66,direct
2007,760120,"Ligas de alumínio, em bruto",643,Rússia,3599996,0.514,direct
2007,840820,Motores diesel para veículos,392,Japão,106435491,39.775,direct
2007,840820,Motores diesel para veículos,616,Polónia,92029290,34.391,direct
2007,840820,Motores diesel para veículos,251,França,60623617,22.655,direct
2007,840820,Motores diesel para veículos,724,Espanha,3812254,1.425,direct
2007,840820,Motores diesel para veículos,276,Alemanha,3665647,1.37,direct
2007,840820,Motores diesel para veículos,826,Reino Unido,392962,0.147,direct
2007,840820,Motores diesel para veículos,528,Países Baixos,337184,0.126,direct
2007,840820,Motores diesel para veículos,56,Bélgica,101302,0.038,direct
2007,847130,Computadores portáteis,724,Espanha,209291318,35.139,direct
2007,847130,Computadores portáteis,528,Países Baixos,134095438,22.514,direct
2007,847130,Computadores portáteis,442,Luxemburgo,104626018,17.566,direct
2007,847130,Computadores portáteis,276,Alemanha,81300030,13.65,direct
2007,847130,Computadores portáteis,251,França,24530957,4.119,direct
2007,847130,Computadores portáteis,156,China,19869455,3.336,direct
2007,847130,Computadores portáteis,372,Irlanda,13283787,2.23,direct
2007,847130,Computadores portáteis,410,Coreia do Sul,2515645,0.422,direct
2007,851712,Telemóveis,246,Finlândia,139309676,20.66,direct
2007,851712,Telemóveis,410,Coreia do Sul,100870903,14.959,direct
2007,851712,Telemóveis,348,Hungria,98721739,14.641,direct
2007,851712,Telemóveis,724,Espanha,86912124,12.889,direct
2007,851712,Telemóveis,276,Alemanha,77349783,11.471,direct
2007,851712,Telemóveis,156,China,40900731,6.066,direct
2007,851712,Telemóveis,40,Áustria,39509305,5.859,direct
2007,851712,Telemóveis,528,Países Baixos,35458863,5.259,direct
2007,852990,Outras partes de aparelhos de rádio e TV,276,Alemanha,147489785,59.61,direct
2007,852990,Outras partes de aparelhos de rádio e TV,724,Espanha,36227899,14.642,direct
2007,852990,Outras partes de aparelhos de rádio e TV,826,Reino Unido,14666785,5.928,direct
2007,852990,Outras partes de aparelhos de rádio e TV,156,China,6175608,2.496,direct
2007,852990,Outras partes de aparelhos de rádio e TV,528,Países Baixos,5531294,2.236,direct
2007,852990,Outras partes de aparelhos de rádio e TV,380,Itália,4476755,1.809,direct
2007,852990,Outras partes de aparelhos de rádio e TV,458,Malásia,3890722,1.572,direct
2007,852990,Outras partes de aparelhos de rádio e TV,56,Bélgica,3762169,1.521,direct
2007,854239,Outros circuitos integrados,276,Alemanha,1504862855,96.858,direct
2007,854239,Outros circuitos integrados,56,Bélgica,9575978,0.616,direct
2007,854239,Outros circuitos integrados,251,França,9303586,0.599,direct
2007,854239,Outros circuitos integrados,842,EUA,9069123,0.584,direct
2007,854239,Outros circuitos integrados,724,Espanha,8696328,0.56,direct
2007,854239,Outros circuitos integrados,528,Países Baixos,4621569,0.297,direct
2007,854239,Outros circuitos integrados,826,Reino Unido,3069679,0.198,direct
2007,854239,Outros circuitos integrados,458,Malásia,1788577,0.115,direct
2007,870322,Automóveis a gasolina 1.000–1.500 cm³,724,Espanha,245269083,35.649,direct
2007,870322,Automóveis a gasolina 1.000–1.500 cm³,251,França,118298237,17.194,direct
2007,870322,Automóveis a gasolina 1.000–1.500 cm³,276,Alemanha,82127061,11.937,direct
2007,870322,Automóveis a gasolina 1.000–1.500 cm³,392,Japão,62266188,9.05,direct
2007,870322,Automóveis a gasolina 1.000–1.500 cm³,380,Itália,58012802,8.432,direct
2007,870322,Automóveis a gasolina 1.000–1.500 cm³,826,Reino Unido,41100493,5.974,direct
2007,870322,Automóveis a gasolina 1.000–1.500 cm³,203,Chéquia,32237643,4.686,direct
2007,870322,Automóveis a gasolina 1.000–1.500 cm³,56,Bélgica,13598305,1.976,direct
2007,870323,Automóveis a gasolina 1.500–3.000 cm³,276,Alemanha,529137245,60.277,direct
2007,870323,Automóveis a gasolina 1.500–3.000 cm³,251,França,105785529,12.051,direct
2007,870323,Automóveis a gasolina 1.500–3.000 cm³,56,Bélgica,97429466,11.099,direct
2007,870323,Automóveis a gasolina 1.500–3.000 cm³,724,Espanha,42636045,4.857,direct
2007,870323,Automóveis a gasolina 1.500–3.000 cm³,752,Suécia,31504247,3.589,direct
2007,870323,Automóveis a gasolina 1.500–3.000 cm³,528,Países Baixos,29722309,3.386,direct
2007,870323,Automóveis a gasolina 1.500–3.000 cm³,826,Reino Unido,11672599,1.33,direct
2007,870323,Automóveis a gasolina 1.500–3.000 cm³,380,Itália,11558875,1.317,direct
2007,870331,Automóveis diesel até 1.500 cm³,724,Espanha,384088328,39.14,direct
2007,870331,Automóveis diesel até 1.500 cm³,251,França,268057160,27.316,direct
2007,870331,Automóveis diesel até 1.500 cm³,826,Reino Unido,92133545,9.389,direct
2007,870331,Automóveis diesel até 1.500 cm³,276,Alemanha,87303943,8.896,direct
2007,870331,Automóveis diesel até 1.500 cm³,56,Bélgica,33449472,3.409,direct
2007,870331,Automóveis diesel até 1.500 cm³,792,Turquia,32523224,3.314,direct
2007,870331,Automóveis diesel até 1.500 cm³,203,Chéquia,25881758,2.637,direct
2007,870331,Automóveis diesel até 1.500 cm³,380,Itália,21366073,2.177,direct
2007,870332,Automóveis diesel 1.500–2.500 cm³,276,Alemanha,936116249,46.831,direct
2007,870332,Automóveis diesel 1.500–2.500 cm³,724,Espanha,383936536,19.207,direct
2007,870332,Automóveis diesel 1.500–2.500 cm³,251,França,265174307,13.266,direct
2007,870332,Automóveis diesel 1.500–2.500 cm³,826,Reino Unido,115309692,5.769,direct
2007,870332,Automóveis diesel 1.500–2.500 cm³,56,Bélgica,112988647,5.652,direct
2007,870332,Automóveis diesel 1.500–2.500 cm³,410,Coreia do Sul,47833207,2.393,direct
2007,870332,Automóveis diesel 1.500–2.500 cm³,380,Itália,40354220,2.019,direct
2007,870332,Automóveis diesel 1.500–2.500 cm³,392,Japão,33920177,1.697,direct
2007,870421,Camiões diesel até 5 t,724,Espanha,267141888,29.636,direct
2007,870421,Camiões diesel até 5 t,251,França,240850399,26.719,direct
2007,870421,Camiões diesel até 5 t,276,Alemanha,95513557,10.596,direct
2007,870421,Camiões diesel até 5 t,380,Itália,70948503,7.871,direct
2007,870421,Camiões diesel até 5 t,792,Turquia,43817129,4.861,direct
2007,870421,Camiões diesel até 5 t,764,Tailândia,43446124,4.82,direct
2007,870421,Camiões diesel até 5 t,203,Chéquia,41489120,4.603,direct
2007,870421,Camiões diesel até 5 t,710,África do Sul,30065100,3.335,direct
2007,870840,Caixas de velocidades e partes,276,Alemanha,128372034,31.627,direct
2007,870840,Caixas de velocidades e partes,251,França,106730903,26.295,direct
2007,870840,Caixas de velocidades e partes,724,Espanha,84306221,20.77,direct
2007,870840,Caixas de velocidades e partes,392,Japão,58081561,14.309,direct
2007,870840,Caixas de velocidades e partes,826,Reino Unido,7697635,1.896,direct
2007,870840,Caixas de velocidades e partes,616,Polónia,7519677,1.853,direct
2007,870840,Caixas de velocidades e partes,380,Itália,7507859,1.85,direct
2007,870840,Caixas de velocidades e partes,642,Roménia,2238023,0.551,direct
2007,870899,Outras partes de veículos,724,Espanha,439140353,42.565,direct
2007,870899,Outras partes de veículos,276,Alemanha,214488378,20.79,direct
2007,870899,Outras partes de veículos,251,França,158035809,15.318,direct
2007,870899,Outras partes de veículos,392,Japão,88270663,8.556,direct
2007,870899,Outras partes de veículos,380,Itália,33266507,3.224,direct
2007,870899,Outras partes de veículos,826,Reino Unido,28466074,2.759,direct
2007,870899,Outras partes de veículos,56,Bélgica,14932372,1.447,direct
2007,870899,Outras partes de veículos,616,Polónia,9545776,0.925,direct
2007,880240,Aviões +15.000 kg,40,Áustria,252277569,53.523,direct
2007,880240,Aviões +15.000 kg,251,França,153000886,32.461,direct
2007,880240,Aviões +15.000 kg,528,Países Baixos,37066879,7.864,direct
2007,880240,Aviões +15.000 kg,842,EUA,15767651,3.345,direct
2007,880240,Aviões +15.000 kg,352,Islândia,13228690,2.807,direct
2007,999999,Mercadorias não especificadas,839,Special Categories,249927817,23.489,direct
2007,999999,Mercadorias não especificadas,568,"Other Europe, nes",209217997,19.663,direct
2007,999999,Mercadorias não especificadas,276,Alemanha,151061688,14.197,direct
2007,999999,Mercadorias não especificadas,724,Espanha,132888325,12.489,direct
2007,999999,Mercadorias não especificadas,528,Países Baixos,112088624,10.535,direct
2007,999999,Mercadorias não especificadas,251,França,54120280,5.086,direct
2007,999999,Mercadorias não especificadas,156,China,32916768,3.094,direct
2007,999999,Mercadorias não especificadas,380,Itália,22158265,2.083,direct
2007,100590,Milho,76,Brasil,132703714,44.153,mirror
2007,100590,Milho,32,Argentina,85612148,28.485,mirror
2007,100590,Milho,251,França,39343690,13.09,mirror
2007,100590,Milho,724,Espanha,23171119,7.709,mirror
2007,100590,Milho,600,Paraguai,18676371,6.214,mirror
2007,100590,Milho,699,Índia,413000,0.137,mirror
2007,100590,Milho,842,EUA,317631,0.106,mirror
2007,100590,Milho,818,Egito,133328,0.044,mirror
2007,270900,Petróleo bruto,434,Libya,785885165,21.519,mirror
2007,270900,Petróleo bruto,76,Brasil,644009330,17.634,mirror
2007,270900,Petróleo bruto,24,Angola,627718954,17.188,mirror
2007,270900,Petróleo bruto,12,Argélia,465840679,12.756,mirror
2007,270900,Petróleo bruto,398,Cazaquistão,367770064,10.07,mirror
2007,270900,Petróleo bruto,566,Nigéria,251100503,6.876,mirror
2007,270900,Petróleo bruto,484,México,228437624,6.255,mirror
2007,270900,Petróleo bruto,579,Noruega,201910202,5.529,mirror
2007,271019,Gasóleo e combustíveis médios e pesados,724,Espanha,211563575,30.038,mirror
2007,271019,Gasóleo e combustíveis médios e pesados,826,Reino Unido,181752833,25.805,mirror
2007,271019,Gasóleo e combustíveis médios e pesados,434,Libya,67519687,9.586,mirror
2007,271019,Gasóleo e combustíveis médios e pesados,528,Países Baixos,59166013,8.4,mirror
2007,271019,Gasóleo e combustíveis médios e pesados,251,França,36899803,5.239,mirror
2007,271019,Gasóleo e combustíveis médios e pesados,56,Bélgica,36779674,5.222,mirror
2007,271019,Gasóleo e combustíveis médios e pesados,276,Alemanha,32023000,4.547,mirror
2007,271019,Gasóleo e combustíveis médios e pesados,643,Rússia,16478300,2.34,mirror
2007,271121,Gás natural em estado gasoso,12,Argélia,448871789,100.0,mirror
2007,271121,Gás natural em estado gasoso,724,Espanha,123,0.0,mirror
2007,271600,Energia elétrica,724,Espanha,161300664,100.0,mirror
2007,300490,Medicamentos,251,França,252591648,14.565,mirror
2007,300490,Medicamentos,826,Reino Unido,224173539,12.926,mirror
2007,300490,Medicamentos,276,Alemanha,222159000,12.81,mirror
2007,300490,Medicamentos,757,Suíça,195024036,11.246,mirror
2007,300490,Medicamentos,56,Bélgica,193844483,11.178,mirror
2007,300490,Medicamentos,528,Países Baixos,166706262,9.613,mirror
2007,300490,Medicamentos,724,Espanha,156310976,9.013,mirror
2007,300490,Medicamentos,372,Irlanda,123190833,7.104,mirror
2007,381512,Catalisadores,276,Alemanha,13807000,89.282,mirror
2007,381512,Catalisadores,380,Itália,1007740,6.516,mirror
2007,381512,Catalisadores,826,Reino Unido,469688,3.037,mirror
2007,381512,Catalisadores,251,França,112520,0.728,mirror
2007,381512,Catalisadores,752,Suécia,62295,0.403,mirror
2007,381512,Catalisadores,40,Áustria,2769,0.018,mirror
2007,381512,Catalisadores,699,Índia,2479,0.016,mirror
2007,392690,Outros artigos de plástico,724,Espanha,65083330,25.223,mirror
2007,392690,Outros artigos de plástico,276,Alemanha,55932000,21.676,mirror
2007,392690,Outros artigos de plástico,380,Itália,39241583,15.208,mirror
2007,392690,Outros artigos de plástico,251,França,32485439,12.59,mirror
2007,392690,Outros artigos de plástico,826,Reino Unido,9883448,3.83,mirror
2007,392690,Outros artigos de plástico,56,Bélgica,9269841,3.593,mirror
2007,392690,Outros artigos de plástico,528,Países Baixos,7919828,3.069,mirror
2007,392690,Outros artigos de plástico,156,China,6306162,2.444,mirror
2007,720449,Outra sucata ferrosa,826,Reino Unido,94656434,50.28,mirror
2007,720449,Outra sucata ferrosa,372,Irlanda,43212247,22.954,mirror
2007,720449,Outra sucata ferrosa,724,Espanha,11386245,6.048,mirror
2007,720449,Outra sucata ferrosa,528,Países Baixos,11334043,6.02,mirror
2007,720449,Outra sucata ferrosa,251,França,7636287,4.056,mirror
2007,720449,Outra sucata ferrosa,208,Dinamarca,6703854,3.561,mirror
2007,720449,Outra sucata ferrosa,56,Bélgica,5864084,3.115,mirror
2007,720449,Outra sucata ferrosa,842,EUA,4069547,2.162,mirror
2007,760120,"Ligas de alumínio, em bruto",579,Noruega,134261685,38.538,mirror
2007,760120,"Ligas de alumínio, em bruto",724,Espanha,79252712,22.748,mirror
2007,760120,"Ligas de alumínio, em bruto",643,Rússia,67971931,19.51,mirror
2007,760120,"Ligas de alumínio, em bruto",76,Brasil,29047026,8.337,mirror
2007,760120,"Ligas de alumínio, em bruto",36,Austrália,18908709,5.427,mirror
2007,760120,"Ligas de alumínio, em bruto",528,Países Baixos,12737071,3.656,mirror
2007,760120,"Ligas de alumínio, em bruto",442,Luxemburgo,2874625,0.825,mirror
2007,760120,"Ligas de alumínio, em bruto",251,França,1674083,0.481,mirror
2007,840820,Motores diesel para veículos,616,Polónia,123306484,36.911,mirror
2007,840820,Motores diesel para veículos,251,França,116682198,34.928,mirror
2007,840820,Motores diesel para veículos,392,Japão,84085414,25.17,mirror
2007,840820,Motores diesel para veículos,826,Reino Unido,3005256,0.9,mirror
2007,840820,Motores diesel para veículos,724,Espanha,2358029,0.706,mirror
2007,840820,Motores diesel para veículos,752,Suécia,1989138,0.595,mirror
2007,840820,Motores diesel para veículos,276,Alemanha,1904000,0.57,mirror
2007,840820,Motores diesel para veículos,528,Países Baixos,267701,0.08,mirror
2007,847130,Computadores portáteis,276,Alemanha,138928000,33.624,mirror
2007,847130,Computadores portáteis,528,Países Baixos,92012225,22.269,mirror
2007,847130,Computadores portáteis,156,China,80695195,19.53,mirror
2007,847130,Computadores portáteis,251,França,53668075,12.989,mirror
2007,847130,Computadores portáteis,372,Irlanda,13603733,3.292,mirror
2007,847130,Computadores portáteis,724,Espanha,12712124,3.077,mirror
2007,847130,Computadores portáteis,490,Taiwan (Prov. China),9368122,2.267,mirror
2007,847130,Computadores portáteis,842,EUA,3152672,0.763,mirror
2007,851712,Telemóveis,246,Finlândia,131715874,19.869,mirror
2007,851712,Telemóveis,276,Alemanha,109320000,16.49,mirror
2007,851712,Telemóveis,410,Coreia do Sul,93897538,14.164,mirror
2007,851712,Telemóveis,348,Hungria,88679000,13.377,mirror
2007,851712,Telemóveis,156,China,77309648,11.662,mirror
2007,851712,Telemóveis,528,Países Baixos,68557509,10.342,mirror
2007,851712,Telemóveis,251,França,29334870,4.425,mirror
2007,851712,Telemóveis,208,Dinamarca,22657393,3.418,mirror
2007,852990,Outras partes de aparelhos de rádio e TV,156,China,24045375,25.858,mirror
2007,852990,Outras partes de aparelhos de rádio e TV,276,Alemanha,21429000,23.044,mirror
2007,852990,Outras partes de aparelhos de rádio e TV,724,Espanha,10412947,11.198,mirror
2007,852990,Outras partes de aparelhos de rádio e TV,344,Hong Kong (RAEHK),5085708,5.469,mirror
2007,852990,Outras partes de aparelhos de rádio e TV,76,Brasil,4238971,4.558,mirror
2007,852990,Outras partes de aparelhos de rádio e TV,56,Bélgica,2845919,3.06,mirror
2007,852990,Outras partes de aparelhos de rádio e TV,528,Países Baixos,2671518,2.873,mirror
2007,852990,Outras partes de aparelhos de rádio e TV,203,Chéquia,2633559,2.832,mirror
2007,854239,Outros circuitos integrados,842,EUA,99572855,43.914,mirror
2007,854239,Outros circuitos integrados,528,Países Baixos,48316577,21.309,mirror
2007,854239,Outros circuitos integrados,276,Alemanha,28063000,12.377,mirror
2007,854239,Outros circuitos integrados,702,Singapura,18441928,8.133,mirror
2007,854239,Outros circuitos integrados,56,Bélgica,12059644,5.319,mirror
2007,854239,Outros circuitos integrados,251,França,9627348,4.246,mirror
2007,854239,Outros circuitos integrados,826,Reino Unido,7209194,3.179,mirror
2007,854239,Outros circuitos integrados,724,Espanha,1159811,0.512,mirror
2007,870322,Automóveis a gasolina 1.000–1.500 cm³,724,Espanha,176196834,32.849,mirror
2007,870322,Automóveis a gasolina 1.000–1.500 cm³,392,Japão,77134066,14.38,mirror
2007,870322,Automóveis a gasolina 1.000–1.500 cm³,276,Alemanha,67790000,12.638,mirror
2007,870322,Automóveis a gasolina 1.000–1.500 cm³,251,França,62255296,11.607,mirror
2007,870322,Automóveis a gasolina 1.000–1.500 cm³,380,Itália,39219262,7.312,mirror
2007,870322,Automóveis a gasolina 1.000–1.500 cm³,826,Reino Unido,34133200,6.364,mirror
2007,870322,Automóveis a gasolina 1.000–1.500 cm³,203,Chéquia,18982358,3.539,mirror
2007,870322,Automóveis a gasolina 1.000–1.500 cm³,528,Países Baixos,14041254,2.618,mirror
2007,870323,Automóveis a gasolina 1.500–3.000 cm³,276,Alemanha,87199000,29.518,mirror
2007,870323,Automóveis a gasolina 1.500–3.000 cm³,724,Espanha,70046252,23.711,mirror
2007,870323,Automóveis a gasolina 1.500–3.000 cm³,56,Bélgica,39773646,13.464,mirror
2007,870323,Automóveis a gasolina 1.500–3.000 cm³,251,França,36772189,12.448,mirror
2007,870323,Automóveis a gasolina 1.500–3.000 cm³,826,Reino Unido,24442365,8.274,mirror
2007,870323,Automóveis a gasolina 1.500–3.000 cm³,380,Itália,15655139,5.299,mirror
2007,870323,Automóveis a gasolina 1.500–3.000 cm³,392,Japão,10759838,3.642,mirror
2007,870323,Automóveis a gasolina 1.500–3.000 cm³,842,EUA,3502071,1.185,mirror
2007,870331,Automóveis diesel até 1.500 cm³,724,Espanha,407038283,44.67,mirror
2007,870331,Automóveis diesel até 1.500 cm³,251,França,150844464,16.554,mirror
2007,870331,Automóveis diesel até 1.500 cm³,826,Reino Unido,91408006,10.031,mirror
2007,870331,Automóveis diesel até 1.500 cm³,56,Bélgica,79955538,8.775,mirror
2007,870331,Automóveis diesel até 1.500 cm³,276,Alemanha,39557000,4.341,mirror
2007,870331,Automóveis diesel até 1.500 cm³,380,Itália,33303147,3.655,mirror
2007,870331,Automóveis diesel até 1.500 cm³,203,Chéquia,23346474,2.562,mirror
2007,870331,Automóveis diesel até 1.500 cm³,792,Turquia,18065864,1.983,mirror
2007,870332,Automóveis diesel 1.500–2.500 cm³,276,Alemanha,924255000,48.67,mirror
2007,870332,Automóveis diesel 1.500–2.500 cm³,251,França,279239752,14.704,mirror
2007,870332,Automóveis diesel 1.500–2.500 cm³,724,Espanha,177910012,9.368,mirror
2007,870332,Automóveis diesel 1.500–2.500 cm³,56,Bélgica,144893663,7.63,mirror
2007,870332,Automóveis diesel 1.500–2.500 cm³,826,Reino Unido,97528803,5.136,mirror
2007,870332,Automóveis diesel 1.500–2.500 cm³,410,Coreia do Sul,61509050,3.239,mirror
2007,870332,Automóveis diesel 1.500–2.500 cm³,392,Japão,60029669,3.161,mirror
2007,870332,Automóveis diesel 1.500–2.500 cm³,380,Itália,42359495,2.231,mirror
2007,870421,Camiões diesel até 5 t,724,Espanha,143701514,24.771,mirror
2007,870421,Camiões diesel até 5 t,251,França,123234448,21.243,mirror
2007,870421,Camiões diesel até 5 t,276,Alemanha,67226000,11.588,mirror
2007,870421,Camiões diesel até 5 t,392,Japão,61192233,10.548,mirror
2007,870421,Camiões diesel até 5 t,380,Itália,43548107,7.507,mirror
2007,870421,Camiões diesel até 5 t,764,Tailândia,39235874,6.763,mirror
2007,870421,Camiões diesel até 5 t,710,África do Sul,33007310,5.69,mirror
2007,870421,Camiões diesel até 5 t,792,Turquia,31571946,5.442,mirror
2007,870840,Caixas de velocidades e partes,276,Alemanha,119384000,50.506,mirror
2007,870840,Caixas de velocidades e partes,251,França,38112827,16.124,mirror
2007,870840,Caixas de velocidades e partes,392,Japão,32603964,13.793,mirror
2007,870840,Caixas de velocidades e partes,724,Espanha,29753576,12.587,mirror
2007,870840,Caixas de velocidades e partes,826,Reino Unido,10663895,4.511,mirror
2007,870840,Caixas de velocidades e partes,380,Itália,2684522,1.136,mirror
2007,870840,Caixas de velocidades e partes,56,Bélgica,1339291,0.567,mirror
2007,870840,Caixas de velocidades e partes,528,Países Baixos,974706,0.412,mirror
2007,870899,Outras partes de veículos,724,Espanha,594740096,62.095,mirror
2007,870899,Outras partes de veículos,251,França,166955452,17.431,mirror
2007,870899,Outras partes de veículos,276,Alemanha,50950000,5.32,mirror
2007,870899,Outras partes de veículos,380,Itália,37309030,3.895,mirror
2007,870899,Outras partes de veículos,392,Japão,31055562,3.242,mirror
2007,870899,Outras partes de veículos,348,Hungria,14661000,1.531,mirror
2007,870899,Outras partes de veículos,842,EUA,12032776,1.256,mirror
2007,870899,Outras partes de veículos,826,Reino Unido,11936315,1.246,mirror
2007,880240,Aviões +15.000 kg,724,Espanha,156404308,31.036,mirror
2007,880240,Aviões +15.000 kg,40,Áustria,153576566,30.475,mirror
2007,880240,Aviões +15.000 kg,251,França,113269539,22.477,mirror
2007,880240,Aviões +15.000 kg,842,EUA,77253894,15.33,mirror
2007,880240,Aviões +15.000 kg,586,Paquistão,3437277,0.682,mirror
2007,999999,Mercadorias não especificadas,276,Alemanha,838560000,48.672,mirror
2007,999999,Mercadorias não especificadas,380,Itália,180352537,10.468,mirror
2007,999999,Mercadorias não especificadas,724,Espanha,106634949,6.189,mirror
2007,999999,Mercadorias não especificadas,251,França,90530829,5.255,mirror
2007,999999,Mercadorias não especificadas,826,Reino Unido,69813909,4.052,mirror
2007,999999,Mercadorias não especificadas,56,Bélgica,66838076,3.879,mirror
2007,999999,Mercadorias não especificadas,528,Países Baixos,66750871,3.874,mirror
2007,999999,Mercadorias não especificadas,842,EUA,58589618,3.401,mirror
2008,100590,Milho,32,Argentina,205189426,44.887,direct
2008,100590,Milho,76,Brasil,145703322,31.874,direct
2008,100590,Milho,251,França,53222239,11.643,direct
2008,100590,Milho,724,Espanha,21032167,4.601,direct
2008,100590,Milho,600,Paraguai,16807251,3.677,direct
2008,100590,Milho,642,Roménia,6509919,1.424,direct
2008,100590,Milho,348,Hungria,5623384,1.23,direct
2008,100590,Milho,699,Índia,2222290,0.486,direct
2008,270900,Petróleo bruto,566,Nigéria,1864887282,21.007,direct
2008,270900,Petróleo bruto,434,Libya,1286895467,14.496,direct
2008,270900,Petróleo bruto,12,Argélia,989438647,11.146,direct
2008,270900,Petróleo bruto,682,Arábia Saudita,917267696,10.333,direct
2008,270900,Petróleo bruto,76,Brasil,735046656,8.28,direct
2008,270900,Petróleo bruto,368,Iraque,601590990,6.777,direct
2008,270900,Petróleo bruto,24,Angola,597266935,6.728,direct
2008,270900,Petróleo bruto,398,Cazaquistão,491044877,5.531,direct
2008,271019,Gasóleo e combustíveis médios e pesados,724,Espanha,504020655,31.325,direct
2008,271019,Gasóleo e combustíveis médios e pesados,643,Rússia,279147955,17.349,direct
2008,271019,Gasóleo e combustíveis médios e pesados,528,Países Baixos,230128156,14.303,direct
2008,271019,Gasóleo e combustíveis médios e pesados,826,Reino Unido,160508552,9.976,direct
2008,271019,Gasóleo e combustíveis médios e pesados,392,Japão,148949113,9.257,direct
2008,271019,Gasóleo e combustíveis médios e pesados,56,Bélgica,52287769,3.25,direct
2008,271019,Gasóleo e combustíveis médios e pesados,124,Canadá,47813695,2.972,direct
2008,271019,Gasóleo e combustíveis médios e pesados,410,Coreia do Sul,43773155,2.721,direct
2008,271111,Gás natural liquefeito (GNL),566,Nigéria,638696232,100.0,direct
2008,271121,Gás natural em estado gasoso,724,Espanha,1143807777,100.0,direct
2008,271600,Energia elétrica,724,Espanha,942781467,100.0,direct
2008,300490,Medicamentos,276,Alemanha,315474742,14.559,direct
2008,300490,Medicamentos,251,França,275376584,12.709,direct
2008,300490,Medicamentos,724,Espanha,254136631,11.729,direct
2008,300490,Medicamentos,757,Suíça,231244541,10.672,direct
2008,300490,Medicamentos,826,Reino Unido,226860079,10.47,direct
2008,300490,Medicamentos,56,Bélgica,199429204,9.204,direct
2008,300490,Medicamentos,372,Irlanda,181720294,8.386,direct
2008,300490,Medicamentos,528,Países Baixos,151920310,7.011,direct
2008,381512,Catalisadores,276,Alemanha,6585869,86.77,direct
2008,381512,Catalisadores,826,Reino Unido,388987,5.125,direct
2008,381512,Catalisadores,251,França,198362,2.613,direct
2008,381512,Catalisadores,528,Países Baixos,189915,2.502,direct
2008,381512,Catalisadores,76,Brasil,112689,1.485,direct
2008,381512,Catalisadores,616,Polónia,111031,1.463,direct
2008,381512,Catalisadores,724,Espanha,2351,0.031,direct
2008,381512,Catalisadores,380,Itália,866,0.011,direct
2008,392690,Outros artigos de plástico,276,Alemanha,76373922,26.647,direct
2008,392690,Outros artigos de plástico,724,Espanha,73594659,25.677,direct
2008,392690,Outros artigos de plástico,251,França,32458403,11.325,direct
2008,392690,Outros artigos de plástico,380,Itália,30673975,10.702,direct
2008,392690,Outros artigos de plástico,528,Países Baixos,14949169,5.216,direct
2008,392690,Outros artigos de plástico,156,China,10303450,3.595,direct
2008,392690,Outros artigos de plástico,826,Reino Unido,8925250,3.114,direct
2008,392690,Outros artigos de plástico,56,Bélgica,6680733,2.331,direct
2008,720449,Outra sucata ferrosa,826,Reino Unido,155480043,44.827,direct
2008,720449,Outra sucata ferrosa,372,Irlanda,83527474,24.082,direct
2008,720449,Outra sucata ferrosa,724,Espanha,38309082,11.045,direct
2008,720449,Outra sucata ferrosa,251,França,33224204,9.579,direct
2008,720449,Outra sucata ferrosa,528,Países Baixos,11910980,3.434,direct
2008,720449,Outra sucata ferrosa,208,Dinamarca,8342224,2.405,direct
2008,720449,Outra sucata ferrosa,246,Finlândia,6160657,1.776,direct
2008,720449,Outra sucata ferrosa,752,Suécia,5455646,1.573,direct
2008,760120,"Ligas de alumínio, em bruto",579,Noruega,509760590,75.844,direct
2008,760120,"Ligas de alumínio, em bruto",724,Espanha,109786802,16.335,direct
2008,760120,"Ligas de alumínio, em bruto",528,Países Baixos,16096274,2.395,direct
2008,760120,"Ligas de alumínio, em bruto",784,Emirados Árabes Unidos,11798126,1.755,direct
2008,760120,"Ligas de alumínio, em bruto",76,Brasil,7998961,1.19,direct
2008,760120,"Ligas de alumínio, em bruto",899,"Areas, nes",6776387,1.008,direct
2008,760120,"Ligas de alumínio, em bruto",826,Reino Unido,4314798,0.642,direct
2008,760120,"Ligas de alumínio, em bruto",251,França,1724114,0.257,direct
2008,840820,Motores diesel para veículos,616,Polónia,120833698,36.231,direct
2008,840820,Motores diesel para veículos,392,Japão,103245394,30.957,direct
2008,840820,Motores diesel para veículos,251,França,98098422,29.414,direct
2008,840820,Motores diesel para veículos,276,Alemanha,5378529,1.613,direct
2008,840820,Motores diesel para veículos,724,Espanha,4734919,1.42,direct
2008,840820,Motores diesel para veículos,528,Países Baixos,711087,0.213,direct
2008,840820,Motores diesel para veículos,56,Bélgica,217932,0.065,direct
2008,840820,Motores diesel para veículos,826,Reino Unido,120064,0.036,direct
2008,847130,Computadores portáteis,528,Países Baixos,269962989,32.009,direct
2008,847130,Computadores portáteis,442,Luxemburgo,156383848,18.542,direct
2008,847130,Computadores portáteis,724,Espanha,127716079,15.143,direct
2008,847130,Computadores portáteis,156,China,111372575,13.205,direct
2008,847130,Computadores portáteis,276,Alemanha,102260089,12.125,direct
2008,847130,Computadores portáteis,251,França,47479833,5.63,direct
2008,847130,Computadores portáteis,372,Irlanda,18227427,2.161,direct
2008,847130,Computadores portáteis,616,Polónia,3527812,0.418,direct
2008,851712,Telemóveis,246,Finlândia,165400952,24.097,direct
2008,851712,Telemóveis,348,Hungria,145871402,21.251,direct
2008,851712,Telemóveis,156,China,85143823,12.404,direct
2008,851712,Telemóveis,528,Países Baixos,80573310,11.738,direct
2008,851712,Telemóveis,410,Coreia do Sul,75687153,11.027,direct
2008,851712,Telemóveis,642,Roménia,27757258,4.044,direct
2008,851712,Telemóveis,490,Taiwan (Prov. China),19164987,2.792,direct
2008,851712,Telemóveis,724,Espanha,18928717,2.758,direct
2008,852990,Outras partes de aparelhos de rádio e TV,276,Alemanha,109111386,55.627,direct
2008,852990,Outras partes de aparelhos de rádio e TV,724,Espanha,26515881,13.518,direct
2008,852990,Outras partes de aparelhos de rádio e TV,372,Irlanda,9256824,4.719,direct
2008,852990,Outras partes de aparelhos de rádio e TV,528,Países Baixos,8067818,4.113,direct
2008,852990,Outras partes de aparelhos de rádio e TV,826,Reino Unido,7178680,3.66,direct
2008,852990,Outras partes de aparelhos de rádio e TV,348,Hungria,6887559,3.511,direct
2008,852990,Outras partes de aparelhos de rádio e TV,484,México,4055641,2.068,direct
2008,852990,Outras partes de aparelhos de rádio e TV,156,China,3352147,1.709,direct
2008,854239,Outros circuitos integrados,276,Alemanha,1426729403,96.357,direct
2008,854239,Outros circuitos integrados,528,Países Baixos,11943159,0.807,direct
2008,854239,Outros circuitos integrados,724,Espanha,11235626,0.759,direct
2008,854239,Outros circuitos integrados,56,Bélgica,9992749,0.675,direct
2008,854239,Outros circuitos integrados,251,França,5708763,0.386,direct
2008,854239,Outros circuitos integrados,826,Reino Unido,3236675,0.219,direct
2008,854239,Outros circuitos integrados,490,Taiwan (Prov. China),2364915,0.16,direct
2008,854239,Outros circuitos integrados,842,EUA,2272736,0.153,direct
2008,870322,Automóveis a gasolina 1.000–1.500 cm³,724,Espanha,286589856,39.446,direct
2008,870322,Automóveis a gasolina 1.000–1.500 cm³,251,França,128888308,17.74,direct
2008,870322,Automóveis a gasolina 1.000–1.500 cm³,380,Itália,75999364,10.461,direct
2008,870322,Automóveis a gasolina 1.000–1.500 cm³,276,Alemanha,75508295,10.393,direct
2008,870322,Automóveis a gasolina 1.000–1.500 cm³,392,Japão,54653856,7.523,direct
2008,870322,Automóveis a gasolina 1.000–1.500 cm³,826,Reino Unido,52695772,7.253,direct
2008,870322,Automóveis a gasolina 1.000–1.500 cm³,203,Chéquia,22612906,3.112,direct
2008,870322,Automóveis a gasolina 1.000–1.500 cm³,410,Coreia do Sul,9931437,1.367,direct
2008,870323,Automóveis a gasolina 1.500–3.000 cm³,276,Alemanha,217595664,55.943,direct
2008,870323,Automóveis a gasolina 1.500–3.000 cm³,251,França,48353091,12.431,direct
2008,870323,Automóveis a gasolina 1.500–3.000 cm³,724,Espanha,39189869,10.075,direct
2008,870323,Automóveis a gasolina 1.500–3.000 cm³,56,Bélgica,32200509,8.279,direct
2008,870323,Automóveis a gasolina 1.500–3.000 cm³,528,Países Baixos,19840985,5.101,direct
2008,870323,Automóveis a gasolina 1.500–3.000 cm³,826,Reino Unido,13270647,3.412,direct
2008,870323,Automóveis a gasolina 1.500–3.000 cm³,380,Itália,7037073,1.809,direct
2008,870323,Automóveis a gasolina 1.500–3.000 cm³,392,Japão,4875791,1.254,direct
2008,870331,Automóveis diesel até 1.500 cm³,724,Espanha,370371312,36.63,direct
2008,870331,Automóveis diesel até 1.500 cm³,251,França,247288835,24.457,direct
2008,870331,Automóveis diesel até 1.500 cm³,276,Alemanha,129039434,12.762,direct
2008,870331,Automóveis diesel até 1.500 cm³,826,Reino Unido,111652402,11.042,direct
2008,870331,Automóveis diesel até 1.500 cm³,56,Bélgica,31196669,3.085,direct
2008,870331,Automóveis diesel até 1.500 cm³,203,Chéquia,25770287,2.549,direct
2008,870331,Automóveis diesel até 1.500 cm³,792,Turquia,24857507,2.458,direct
2008,870331,Automóveis diesel até 1.500 cm³,380,Itália,23019393,2.277,direct
2008,870332,Automóveis diesel 1.500–2.500 cm³,276,Alemanha,1493254573,56.627,direct
2008,870332,Automóveis diesel 1.500–2.500 cm³,724,Espanha,335293611,12.715,direct
2008,870332,Automóveis diesel 1.500–2.500 cm³,251,França,299630443,11.363,direct
2008,870332,Automóveis diesel 1.500–2.500 cm³,56,Bélgica,225352802,8.546,direct
2008,870332,Automóveis diesel 1.500–2.500 cm³,826,Reino Unido,77954212,2.956,direct
2008,870332,Automóveis diesel 1.500–2.500 cm³,380,Itália,63707490,2.416,direct
2008,870332,Automóveis diesel 1.500–2.500 cm³,410,Coreia do Sul,38195063,1.448,direct
2008,870332,Automóveis diesel 1.500–2.500 cm³,392,Japão,34270562,1.3,direct
2008,870421,Camiões diesel até 5 t,724,Espanha,168700674,24.312,direct
2008,870421,Camiões diesel até 5 t,251,França,142248751,20.5,direct
2008,870421,Camiões diesel até 5 t,380,Itália,87704965,12.639,direct
2008,870421,Camiões diesel até 5 t,276,Alemanha,86913573,12.525,direct
2008,870421,Camiões diesel até 5 t,792,Turquia,82374290,11.871,direct
2008,870421,Camiões diesel até 5 t,710,África do Sul,34511406,4.973,direct
2008,870421,Camiões diesel até 5 t,203,Chéquia,34053748,4.908,direct
2008,870421,Camiões diesel até 5 t,764,Tailândia,32194629,4.64,direct
2008,870840,Caixas de velocidades e partes,276,Alemanha,150938348,35.831,direct
2008,870840,Caixas de velocidades e partes,251,França,104744732,24.865,direct
2008,870840,Caixas de velocidades e partes,724,Espanha,84098021,19.964,direct
2008,870840,Caixas de velocidades e partes,392,Japão,47558312,11.29,direct
2008,870840,Caixas de velocidades e partes,616,Polónia,11592238,2.752,direct
2008,870840,Caixas de velocidades e partes,380,Itália,7257414,1.723,direct
2008,870840,Caixas de velocidades e partes,826,Reino Unido,5714539,1.357,direct
2008,870840,Caixas de velocidades e partes,642,Roménia,4626428,1.098,direct
2008,870899,Outras partes de veículos,724,Espanha,453441394,42.691,direct
2008,870899,Outras partes de veículos,276,Alemanha,210720556,19.839,direct
2008,870899,Outras partes de veículos,251,França,152321052,14.341,direct
2008,870899,Outras partes de veículos,392,Japão,92260862,8.686,direct
2008,870899,Outras partes de veículos,380,Itália,35675143,3.359,direct
2008,870899,Outras partes de veículos,826,Reino Unido,22795212,2.146,direct
2008,870899,Outras partes de veículos,56,Bélgica,22215290,2.092,direct
2008,870899,Outras partes de veículos,752,Suécia,18918972,1.781,direct
2008,880240,Aviões +15.000 kg,251,França,471519248,75.311,direct
2008,880240,Aviões +15.000 kg,372,Irlanda,90159986,14.4,direct
2008,880240,Aviões +15.000 kg,124,Canadá,64413606,10.288,direct
2008,999999,Mercadorias não especificadas,839,Special Categories,313538592,29.179,direct
2008,999999,Mercadorias não especificadas,568,"Other Europe, nes",266888631,24.837,direct
2008,999999,Mercadorias não especificadas,276,Alemanha,155546356,14.475,direct
2008,999999,Mercadorias não especificadas,528,Países Baixos,116399515,10.832,direct
2008,999999,Mercadorias não especificadas,724,Espanha,32294087,3.005,direct
2008,999999,Mercadorias não especificadas,251,França,26474899,2.464,direct
2008,999999,Mercadorias não especificadas,380,Itália,25318096,2.356,direct
2008,999999,Mercadorias não especificadas,842,EUA,20952834,1.95,direct
2008,100590,Milho,32,Argentina,147477891,43.396,mirror
2008,100590,Milho,76,Brasil,85519893,25.165,mirror
2008,100590,Milho,251,França,57870285,17.029,mirror
2008,100590,Milho,724,Espanha,23075367,6.79,mirror
2008,100590,Milho,842,EUA,11172497,3.288,mirror
2008,100590,Milho,642,Roménia,8194152,2.411,mirror
2008,100590,Milho,100,Bulgária,4654034,1.369,mirror
2008,100590,Milho,699,Índia,1652282,0.486,mirror
2008,270900,Petróleo bruto,566,Nigéria,1445201336,23.438,mirror
2008,270900,Petróleo bruto,434,Libya,1160381657,18.819,mirror
2008,270900,Petróleo bruto,12,Argélia,1047170943,16.983,mirror
2008,270900,Petróleo bruto,76,Brasil,682735664,11.073,mirror
2008,270900,Petróleo bruto,398,Cazaquistão,523660127,8.493,mirror
2008,270900,Petróleo bruto,24,Angola,465553486,7.55,mirror
2008,270900,Petróleo bruto,579,Noruega,271958554,4.411,mirror
2008,270900,Petróleo bruto,31,Azerbaijan,260348770,4.222,mirror
2008,271019,Gasóleo e combustíveis médios e pesados,724,Espanha,307070701,27.405,mirror
2008,271019,Gasóleo e combustíveis médios e pesados,528,Países Baixos,202287164,18.054,mirror
2008,271019,Gasóleo e combustíveis médios e pesados,826,Reino Unido,199538044,17.808,mirror
2008,271019,Gasóleo e combustíveis médios e pesados,434,Libya,132942622,11.865,mirror
2008,271019,Gasóleo e combustíveis médios e pesados,56,Bélgica,91576338,8.173,mirror
2008,271019,Gasóleo e combustíveis médios e pesados,643,Rússia,48694432,4.346,mirror
2008,271019,Gasóleo e combustíveis médios e pesados,276,Alemanha,25671759,2.291,mirror
2008,271019,Gasóleo e combustíveis médios e pesados,757,Suíça,23611323,2.107,mirror
2008,271111,Gás natural liquefeito (GNL),56,Bélgica,20821499,99.782,mirror
2008,271111,Gás natural liquefeito (GNL),842,EUA,45185,0.217,mirror
2008,271111,Gás natural liquefeito (GNL),380,Itália,409,0.002,mirror
2008,271121,Gás natural em estado gasoso,12,Argélia,976122642,100.0,mirror
2008,271121,Gás natural em estado gasoso,724,Espanha,438,0.0,mirror
2008,271600,Energia elétrica,724,Espanha,488100274,100.0,mirror
2008,300490,Medicamentos,276,Alemanha,286899007,14.538,mirror
2008,300490,Medicamentos,251,França,282182361,14.299,mirror
2008,300490,Medicamentos,757,Suíça,225650433,11.434,mirror
2008,300490,Medicamentos,56,Bélgica,215121105,10.901,mirror
2008,300490,Medicamentos,826,Reino Unido,199357982,10.102,mirror
2008,300490,Medicamentos,724,Espanha,186819079,9.467,mirror
2008,300490,Medicamentos,528,Países Baixos,165276729,8.375,mirror
2008,300490,Medicamentos,372,Irlanda,153593357,7.783,mirror
2008,381512,Catalisadores,276,Alemanha,50716462,77.222,mirror
2008,381512,Catalisadores,826,Reino Unido,9509473,14.479,mirror
2008,381512,Catalisadores,380,Itália,4341463,6.61,mirror
2008,381512,Catalisadores,842,EUA,712308,1.085,mirror
2008,381512,Catalisadores,56,Bélgica,181026,0.276,mirror
2008,381512,Catalisadores,251,França,113584,0.173,mirror
2008,381512,Catalisadores,76,Brasil,98597,0.15,mirror
2008,381512,Catalisadores,490,Taiwan (Prov. China),2229,0.003,mirror
2008,392690,Outros artigos de plástico,276,Alemanha,90248195,29.001,mirror
2008,392690,Outros artigos de plástico,724,Espanha,76719541,24.654,mirror
2008,392690,Outros artigos de plástico,380,Itália,43955134,14.125,mirror
2008,392690,Outros artigos de plástico,251,França,34972056,11.238,mirror
2008,392690,Outros artigos de plástico,528,Países Baixos,8504030,2.733,mirror
2008,392690,Outros artigos de plástico,56,Bélgica,8227243,2.644,mirror
2008,392690,Outros artigos de plástico,826,Reino Unido,6549212,2.105,mirror
2008,392690,Outros artigos de plástico,156,China,6190600,1.989,mirror
2008,720449,Outra sucata ferrosa,826,Reino Unido,172454589,55.979,mirror
2008,720449,Outra sucata ferrosa,372,Irlanda,56982135,18.497,mirror
2008,720449,Outra sucata ferrosa,251,França,42203076,13.699,mirror
2008,720449,Outra sucata ferrosa,528,Países Baixos,13013185,4.224,mirror
2008,720449,Outra sucata ferrosa,208,Dinamarca,10785007,3.501,mirror
2008,720449,Outra sucata ferrosa,752,Suécia,6849681,2.223,mirror
2008,720449,Outra sucata ferrosa,724,Espanha,4400365,1.428,mirror
2008,720449,Outra sucata ferrosa,56,Bélgica,737294,0.239,mirror
2008,760120,"Ligas de alumínio, em bruto",579,Noruega,199139901,75.822,mirror
2008,760120,"Ligas de alumínio, em bruto",724,Espanha,43604466,16.602,mirror
2008,760120,"Ligas de alumínio, em bruto",528,Países Baixos,12027360,4.579,mirror
2008,760120,"Ligas de alumínio, em bruto",76,Brasil,4780375,1.82,mirror
2008,760120,"Ligas de alumínio, em bruto",251,França,1448564,0.552,mirror
2008,760120,"Ligas de alumínio, em bruto",156,China,639945,0.244,mirror
2008,760120,"Ligas de alumínio, em bruto",276,Alemanha,502454,0.191,mirror
2008,760120,"Ligas de alumínio, em bruto",40,Áustria,234373,0.089,mirror
2008,840820,Motores diesel para veículos,616,Polónia,86216061,31.59,mirror
2008,840820,Motores diesel para veículos,251,França,82050391,30.064,mirror
2008,840820,Motores diesel para veículos,392,Japão,72200243,26.455,mirror
2008,840820,Motores diesel para veículos,276,Alemanha,25741814,9.432,mirror
2008,840820,Motores diesel para veículos,826,Reino Unido,2365075,0.867,mirror
2008,840820,Motores diesel para veículos,724,Espanha,1603396,0.587,mirror
2008,840820,Motores diesel para veículos,752,Suécia,1102940,0.404,mirror
2008,840820,Motores diesel para veículos,528,Países Baixos,754473,0.276,mirror
2008,847130,Computadores portáteis,276,Alemanha,195317549,31.397,mirror
2008,847130,Computadores portáteis,156,China,176300167,28.34,mirror
2008,847130,Computadores portáteis,528,Países Baixos,131903090,21.204,mirror
2008,847130,Computadores portáteis,251,França,60341105,9.7,mirror
2008,847130,Computadores portáteis,724,Espanha,21696290,3.488,mirror
2008,847130,Computadores portáteis,372,Irlanda,18201701,2.926,mirror
2008,847130,Computadores portáteis,842,EUA,3801417,0.611,mirror
2008,847130,Computadores portáteis,490,Taiwan (Prov. China),3308439,0.532,mirror
2008,851712,Telemóveis,246,Finlândia,168001768,31.065,mirror
2008,851712,Telemóveis,156,China,94829079,17.535,mirror
2008,851712,Telemóveis,348,Hungria,86567000,16.007,mirror
2008,851712,Telemóveis,410,Coreia do Sul,71617810,13.243,mirror
2008,851712,Telemóveis,251,França,31473080,5.82,mirror
2008,851712,Telemóveis,344,Hong Kong (RAEHK),21884439,4.047,mirror
2008,851712,Telemóveis,276,Alemanha,21056923,3.894,mirror
2008,851712,Telemóveis,642,Roménia,19229231,3.556,mirror
2008,852990,Outras partes de aparelhos de rádio e TV,156,China,29878254,30.723,mirror
2008,852990,Outras partes de aparelhos de rádio e TV,276,Alemanha,16901990,17.38,mirror
2008,852990,Outras partes de aparelhos de rádio e TV,251,França,8102814,8.332,mirror
2008,852990,Outras partes de aparelhos de rádio e TV,724,Espanha,7651524,7.868,mirror
2008,852990,Outras partes de aparelhos de rádio e TV,344,Hong Kong (RAEHK),5844745,6.01,mirror
2008,852990,Outras partes de aparelhos de rádio e TV,528,Países Baixos,4005190,4.118,mirror
2008,852990,Outras partes de aparelhos de rádio e TV,203,Chéquia,3329434,3.424,mirror
2008,852990,Outras partes de aparelhos de rádio e TV,76,Brasil,3251800,3.344,mirror
2008,854239,Outros circuitos integrados,528,Países Baixos,35947983,35.271,mirror
2008,854239,Outros circuitos integrados,276,Alemanha,32796790,32.179,mirror
2008,854239,Outros circuitos integrados,702,Singapura,8468496,8.309,mirror
2008,854239,Outros circuitos integrados,826,Reino Unido,8063005,7.911,mirror
2008,854239,Outros circuitos integrados,251,França,7784188,7.638,mirror
2008,854239,Outros circuitos integrados,56,Bélgica,6752974,6.626,mirror
2008,854239,Outros circuitos integrados,724,Espanha,810072,0.795,mirror
2008,854239,Outros circuitos integrados,203,Chéquia,581923,0.571,mirror
2008,870322,Automóveis a gasolina 1.000–1.500 cm³,724,Espanha,290219226,41.352,mirror
2008,870322,Automóveis a gasolina 1.000–1.500 cm³,251,França,71147806,10.137,mirror
2008,870322,Automóveis a gasolina 1.000–1.500 cm³,392,Japão,67991600,9.688,mirror
2008,870322,Automóveis a gasolina 1.000–1.500 cm³,276,Alemanha,57653632,8.215,mirror
2008,870322,Automóveis a gasolina 1.000–1.500 cm³,380,Itália,50707280,7.225,mirror
2008,870322,Automóveis a gasolina 1.000–1.500 cm³,826,Reino Unido,41013088,5.844,mirror
2008,870322,Automóveis a gasolina 1.000–1.500 cm³,203,Chéquia,18947554,2.7,mirror
2008,870322,Automóveis a gasolina 1.000–1.500 cm³,705,Eslovénia,18777993,2.676,mirror
2008,870323,Automóveis a gasolina 1.500–3.000 cm³,276,Alemanha,111765840,36.029,mirror
2008,870323,Automóveis a gasolina 1.500–3.000 cm³,724,Espanha,60803686,19.601,mirror
2008,870323,Automóveis a gasolina 1.500–3.000 cm³,826,Reino Unido,39213017,12.641,mirror
2008,870323,Automóveis a gasolina 1.500–3.000 cm³,251,França,31445053,10.137,mirror
2008,870323,Automóveis a gasolina 1.500–3.000 cm³,56,Bélgica,27147786,8.751,mirror
2008,870323,Automóveis a gasolina 1.500–3.000 cm³,380,Itália,14810407,4.774,mirror
2008,870323,Automóveis a gasolina 1.500–3.000 cm³,392,Japão,6999610,2.256,mirror
2008,870323,Automóveis a gasolina 1.500–3.000 cm³,642,Roménia,6392657,2.061,mirror
2008,870331,Automóveis diesel até 1.500 cm³,724,Espanha,393592878,47.136,mirror
2008,870331,Automóveis diesel até 1.500 cm³,251,França,117774756,14.104,mirror
2008,870331,Automóveis diesel até 1.500 cm³,826,Reino Unido,79227317,9.488,mirror
2008,870331,Automóveis diesel até 1.500 cm³,56,Bélgica,60765128,7.277,mirror
2008,870331,Automóveis diesel até 1.500 cm³,276,Alemanha,42668340,5.11,mirror
2008,870331,Automóveis diesel até 1.500 cm³,380,Itália,27751469,3.323,mirror
2008,870331,Automóveis diesel até 1.500 cm³,203,Chéquia,23746806,2.844,mirror
2008,870331,Automóveis diesel até 1.500 cm³,792,Turquia,21508602,2.576,mirror
2008,870332,Automóveis diesel 1.500–2.500 cm³,276,Alemanha,1170071741,51.314,mirror
2008,870332,Automóveis diesel 1.500–2.500 cm³,251,França,318014410,13.947,mirror
2008,870332,Automóveis diesel 1.500–2.500 cm³,724,Espanha,248495372,10.898,mirror
2008,870332,Automóveis diesel 1.500–2.500 cm³,56,Bélgica,156018989,6.842,mirror
2008,870332,Automóveis diesel 1.500–2.500 cm³,392,Japão,87417577,3.834,mirror
2008,870332,Automóveis diesel 1.500–2.500 cm³,826,Reino Unido,84714883,3.715,mirror
2008,870332,Automóveis diesel 1.500–2.500 cm³,380,Itália,62447370,2.739,mirror
2008,870332,Automóveis diesel 1.500–2.500 cm³,410,Coreia do Sul,42245458,1.853,mirror
2008,870421,Camiões diesel até 5 t,724,Espanha,132986775,22.649,mirror
2008,870421,Camiões diesel até 5 t,251,França,92761210,15.798,mirror
2008,870421,Camiões diesel até 5 t,276,Alemanha,79005974,13.456,mirror
2008,870421,Camiões diesel até 5 t,792,Turquia,68389744,11.648,mirror
2008,870421,Camiões diesel até 5 t,392,Japão,67078218,11.424,mirror
2008,870421,Camiões diesel até 5 t,380,Itália,50537043,8.607,mirror
2008,870421,Camiões diesel até 5 t,764,Tailândia,41212178,7.019,mirror
2008,870421,Camiões diesel até 5 t,710,África do Sul,31035726,5.286,mirror
2008,870840,Caixas de velocidades e partes,276,Alemanha,122435089,56.026,mirror
2008,870840,Caixas de velocidades e partes,251,França,33697555,15.42,mirror
2008,870840,Caixas de velocidades e partes,724,Espanha,30778897,14.084,mirror
2008,870840,Caixas de velocidades e partes,392,Japão,21038143,9.627,mirror
2008,870840,Caixas de velocidades e partes,826,Reino Unido,6989073,3.198,mirror
2008,870840,Caixas de velocidades e partes,380,Itália,1348472,0.617,mirror
2008,870840,Caixas de velocidades e partes,56,Bélgica,1270047,0.581,mirror
2008,870840,Caixas de velocidades e partes,752,Suécia,287938,0.132,mirror
2008,870899,Outras partes de veículos,724,Espanha,564585410,60.329,mirror
2008,870899,Outras partes de veículos,251,França,178775238,19.103,mirror
2008,870899,Outras partes de veículos,276,Alemanha,56575276,6.045,mirror
2008,870899,Outras partes de veículos,380,Itália,34949216,3.735,mirror
2008,870899,Outras partes de veículos,392,Japão,22715065,2.427,mirror
2008,870899,Outras partes de veículos,842,EUA,11808901,1.262,mirror
2008,870899,Outras partes de veículos,642,Roménia,10581226,1.131,mirror
2008,870899,Outras partes de veículos,348,Hungria,10360000,1.107,mirror
2008,880240,Aviões +15.000 kg,251,França,504091473,71.952,mirror
2008,880240,Aviões +15.000 kg,842,EUA,196503732,28.048,mirror
2008,999999,Mercadorias não especificadas,276,Alemanha,539032197,34.87,mirror
2008,999999,Mercadorias não especificadas,380,Itália,201597938,13.041,mirror
2008,999999,Mercadorias não especificadas,251,França,123290215,7.976,mirror
2008,999999,Mercadorias não especificadas,724,Espanha,96661273,6.253,mirror
2008,999999,Mercadorias não especificadas,826,Reino Unido,88469688,5.723,mirror
2008,999999,Mercadorias não especificadas,842,EUA,71998200,4.658,mirror
2008,999999,Mercadorias não especificadas,528,Países Baixos,62890920,4.068,mirror
2008,999999,Mercadorias não especificadas,579,Noruega,61013000,3.947,mirror
2009,100590,Milho,251,França,115570302,41.88,direct
2009,100590,Milho,688,Sérvia,60129847,21.79,direct
2009,100590,Milho,724,Espanha,32467978,11.766,direct
2009,100590,Milho,804,Ucrânia,19920842,7.219,direct
2009,100590,Milho,642,Roménia,19809188,7.178,direct
2009,100590,Milho,100,Bulgária,10440565,3.783,direct
2009,100590,Milho,348,Hungria,6758580,2.449,direct
2009,100590,Milho,76,Brasil,3727587,1.351,direct
2009,270900,Petróleo bruto,566,Nigéria,1138630288,24.056,direct
2009,270900,Petróleo bruto,682,Arábia Saudita,492026969,10.395,direct
2009,270900,Petróleo bruto,76,Brasil,422565890,8.928,direct
2009,270900,Petróleo bruto,434,Libya,412951700,8.725,direct
2009,270900,Petróleo bruto,579,Noruega,405506469,8.567,direct
2009,270900,Petróleo bruto,12,Argélia,301643789,6.373,direct
2009,270900,Petróleo bruto,398,Cazaquistão,223018445,4.712,direct
2009,270900,Petróleo bruto,368,Iraque,220869704,4.666,direct
2009,271019,Gasóleo e combustíveis médios e pesados,643,Rússia,286475859,23.599,direct
2009,271019,Gasóleo e combustíveis médios e pesados,724,Espanha,239980073,19.769,direct
2009,271019,Gasóleo e combustíveis médios e pesados,528,Países Baixos,179223429,14.764,direct
2009,271019,Gasóleo e combustíveis médios e pesados,842,EUA,83678071,6.893,direct
2009,271019,Gasóleo e combustíveis médios e pesados,410,Coreia do Sul,75315411,6.204,direct
2009,271019,Gasóleo e combustíveis médios e pesados,276,Alemanha,67748973,5.581,direct
2009,271019,Gasóleo e combustíveis médios e pesados,826,Reino Unido,42828872,3.528,direct
2009,271019,Gasóleo e combustíveis médios e pesados,752,Suécia,31834916,2.622,direct
2009,271111,Gás natural liquefeito (GNL),566,Nigéria,583473777,75.208,direct
2009,271111,Gás natural liquefeito (GNL),780,Trinidad and Tobago,122532125,15.794,direct
2009,271111,Gás natural liquefeito (GNL),226,Guiné Equatorial,22610836,2.914,direct
2009,271111,Gás natural liquefeito (GNL),12,Argélia,18382405,2.369,direct
2009,271111,Gás natural liquefeito (GNL),784,Emirados Árabes Unidos,14619136,1.884,direct
2009,271111,Gás natural liquefeito (GNL),899,"Areas, nes",14193700,1.83,direct
2009,271121,Gás natural em estado gasoso,724,Espanha,619217564,100.0,direct
2009,271600,Energia elétrica,724,Espanha,298533454,100.0,direct
2009,300490,Medicamentos,276,Alemanha,433909756,19.14,direct
2009,300490,Medicamentos,724,Espanha,306538404,13.521,direct
2009,300490,Medicamentos,251,França,267404847,11.795,direct
2009,300490,Medicamentos,372,Irlanda,221698414,9.779,direct
2009,300490,Medicamentos,826,Reino Unido,213165531,9.403,direct
2009,300490,Medicamentos,56,Bélgica,202953296,8.952,direct
2009,300490,Medicamentos,757,Suíça,149768686,6.606,direct
2009,300490,Medicamentos,528,Países Baixos,147319126,6.498,direct
2009,381512,Catalisadores,276,Alemanha,6314079,74.205,direct
2009,381512,Catalisadores,380,Itália,887173,10.426,direct
2009,381512,Catalisadores,826,Reino Unido,372232,4.375,direct
2009,381512,Catalisadores,528,Países Baixos,269629,3.169,direct
2009,381512,Catalisadores,76,Brasil,268543,3.156,direct
2009,381512,Catalisadores,842,EUA,136352,1.602,direct
2009,381512,Catalisadores,616,Polónia,98409,1.157,direct
2009,381512,Catalisadores,752,Suécia,86425,1.016,direct
2009,392690,Outros artigos de plástico,724,Espanha,64465248,27.867,direct
2009,392690,Outros artigos de plástico,276,Alemanha,59330896,25.648,direct
2009,392690,Outros artigos de plástico,380,Itália,25981312,11.231,direct
2009,392690,Outros artigos de plástico,251,França,22511339,9.731,direct
2009,392690,Outros artigos de plástico,528,Países Baixos,9465609,4.092,direct
2009,392690,Outros artigos de plástico,826,Reino Unido,8939512,3.864,direct
2009,392690,Outros artigos de plástico,156,China,8928887,3.86,direct
2009,392690,Outros artigos de plástico,56,Bélgica,5193872,2.245,direct
2009,720449,Outra sucata ferrosa,826,Reino Unido,79258269,41.403,direct
2009,720449,Outra sucata ferrosa,372,Irlanda,49052506,25.624,direct
2009,720449,Outra sucata ferrosa,251,França,25477020,13.309,direct
2009,720449,Outra sucata ferrosa,724,Espanha,17827960,9.313,direct
2009,720449,Outra sucata ferrosa,246,Finlândia,7049635,3.683,direct
2009,720449,Outra sucata ferrosa,528,Países Baixos,3915622,2.045,direct
2009,720449,Outra sucata ferrosa,208,Dinamarca,3835829,2.004,direct
2009,720449,Outra sucata ferrosa,56,Bélgica,1763429,0.921,direct
2009,760120,"Ligas de alumínio, em bruto",579,Noruega,257358625,79.375,direct
2009,760120,"Ligas de alumínio, em bruto",724,Espanha,45443501,14.016,direct
2009,760120,"Ligas de alumínio, em bruto",528,Países Baixos,9681752,2.986,direct
2009,760120,"Ligas de alumínio, em bruto",826,Reino Unido,7313611,2.256,direct
2009,760120,"Ligas de alumínio, em bruto",784,Emirados Árabes Unidos,1420616,0.438,direct
2009,760120,"Ligas de alumínio, em bruto",251,França,1311178,0.404,direct
2009,760120,"Ligas de alumínio, em bruto",76,Brasil,542032,0.167,direct
2009,760120,"Ligas de alumínio, em bruto",380,Itália,449315,0.139,direct
2009,840820,Motores diesel para veículos,251,França,54216109,33.601,direct
2009,840820,Motores diesel para veículos,616,Polónia,45116495,27.961,direct
2009,840820,Motores diesel para veículos,276,Alemanha,28979796,17.96,direct
2009,840820,Motores diesel para veículos,392,Japão,15254145,9.454,direct
2009,840820,Motores diesel para veículos,380,Itália,7586730,4.702,direct
2009,840820,Motores diesel para veículos,724,Espanha,5136527,3.183,direct
2009,840820,Motores diesel para veículos,348,Hungria,3923473,2.432,direct
2009,840820,Motores diesel para veículos,40,Áustria,380761,0.236,direct
2009,847130,Computadores portáteis,724,Espanha,231378705,37.661,direct
2009,847130,Computadores portáteis,528,Países Baixos,106524379,17.339,direct
2009,847130,Computadores portáteis,276,Alemanha,84654788,13.779,direct
2009,847130,Computadores portáteis,442,Luxemburgo,65998739,10.743,direct
2009,847130,Computadores portáteis,156,China,64585337,10.513,direct
2009,847130,Computadores portáteis,251,França,37723554,6.14,direct
2009,847130,Computadores portáteis,616,Polónia,11015030,1.793,direct
2009,847130,Computadores portáteis,372,Irlanda,7380864,1.201,direct
2009,851712,Telemóveis,156,China,120371511,23.246,direct
2009,851712,Telemóveis,348,Hungria,114043655,22.024,direct
2009,851712,Telemóveis,410,Coreia do Sul,69803895,13.481,direct
2009,851712,Telemóveis,642,Roménia,55654038,10.748,direct
2009,851712,Telemóveis,246,Finlândia,44033560,8.504,direct
2009,851712,Telemóveis,528,Países Baixos,38735026,7.481,direct
2009,851712,Telemóveis,276,Alemanha,19514709,3.769,direct
2009,851712,Telemóveis,724,Espanha,14085745,2.72,direct
2009,852990,Outras partes de aparelhos de rádio e TV,276,Alemanha,89967961,54.691,direct
2009,852990,Outras partes de aparelhos de rádio e TV,724,Espanha,22308163,13.561,direct
2009,852990,Outras partes de aparelhos de rádio e TV,156,China,12277766,7.464,direct
2009,852990,Outras partes de aparelhos de rádio e TV,348,Hungria,7889795,4.796,direct
2009,852990,Outras partes de aparelhos de rádio e TV,826,Reino Unido,6196512,3.767,direct
2009,852990,Outras partes de aparelhos de rádio e TV,702,Singapura,4110733,2.499,direct
2009,852990,Outras partes de aparelhos de rádio e TV,528,Países Baixos,4076296,2.478,direct
2009,852990,Outras partes de aparelhos de rádio e TV,484,México,3822596,2.324,direct
2009,854239,Outros circuitos integrados,276,Alemanha,161062195,76.432,direct
2009,854239,Outros circuitos integrados,528,Países Baixos,14287319,6.78,direct
2009,854239,Outros circuitos integrados,251,França,9742264,4.623,direct
2009,854239,Outros circuitos integrados,724,Espanha,8815258,4.183,direct
2009,854239,Outros circuitos integrados,56,Bélgica,3481267,1.652,direct
2009,854239,Outros circuitos integrados,826,Reino Unido,3298473,1.565,direct
2009,854239,Outros circuitos integrados,458,Malásia,3171728,1.505,direct
2009,854239,Outros circuitos integrados,490,Taiwan (Prov. China),2849500,1.352,direct
2009,870322,Automóveis a gasolina 1.000–1.500 cm³,724,Espanha,228851180,43.634,direct
2009,870322,Automóveis a gasolina 1.000–1.500 cm³,380,Itália,70666443,13.474,direct
2009,870322,Automóveis a gasolina 1.000–1.500 cm³,251,França,67185921,12.81,direct
2009,870322,Automóveis a gasolina 1.000–1.500 cm³,276,Alemanha,42381861,8.081,direct
2009,870322,Automóveis a gasolina 1.000–1.500 cm³,392,Japão,40974043,7.812,direct
2009,870322,Automóveis a gasolina 1.000–1.500 cm³,826,Reino Unido,25196337,4.804,direct
2009,870322,Automóveis a gasolina 1.000–1.500 cm³,203,Chéquia,19847224,3.784,direct
2009,870322,Automóveis a gasolina 1.000–1.500 cm³,410,Coreia do Sul,8620978,1.644,direct
2009,870323,Automóveis a gasolina 1.500–3.000 cm³,276,Alemanha,370420006,80.996,direct
2009,870323,Automóveis a gasolina 1.500–3.000 cm³,724,Espanha,25110598,5.491,direct
2009,870323,Automóveis a gasolina 1.500–3.000 cm³,528,Países Baixos,14157688,3.096,direct
2009,870323,Automóveis a gasolina 1.500–3.000 cm³,251,França,10482192,2.292,direct
2009,870323,Automóveis a gasolina 1.500–3.000 cm³,826,Reino Unido,9461308,2.069,direct
2009,870323,Automóveis a gasolina 1.500–3.000 cm³,392,Japão,9210379,2.014,direct
2009,870323,Automóveis a gasolina 1.500–3.000 cm³,56,Bélgica,5675971,1.241,direct
2009,870323,Automóveis a gasolina 1.500–3.000 cm³,410,Coreia do Sul,5353595,1.171,direct
2009,870331,Automóveis diesel até 1.500 cm³,724,Espanha,295918216,49.52,direct
2009,870331,Automóveis diesel até 1.500 cm³,251,França,117513559,19.665,direct
2009,870331,Automóveis diesel até 1.500 cm³,826,Reino Unido,97695429,16.349,direct
2009,870331,Automóveis diesel até 1.500 cm³,276,Alemanha,24342857,4.074,direct
2009,870331,Automóveis diesel até 1.500 cm³,380,Itália,23369002,3.911,direct
2009,870331,Automóveis diesel até 1.500 cm³,203,Chéquia,13325742,2.23,direct
2009,870331,Automóveis diesel até 1.500 cm³,792,Turquia,12622952,2.112,direct
2009,870331,Automóveis diesel até 1.500 cm³,392,Japão,6489923,1.086,direct
2009,870332,Automóveis diesel 1.500–2.500 cm³,276,Alemanha,1025651257,60.834,direct
2009,870332,Automóveis diesel 1.500–2.500 cm³,724,Espanha,254878563,15.118,direct
2009,870332,Automóveis diesel 1.500–2.500 cm³,251,França,164554766,9.76,direct
2009,870332,Automóveis diesel 1.500–2.500 cm³,56,Bélgica,82720428,4.906,direct
2009,870332,Automóveis diesel 1.500–2.500 cm³,203,Chéquia,42369945,2.513,direct
2009,870332,Automóveis diesel 1.500–2.500 cm³,380,Itália,33214521,1.97,direct
2009,870332,Automóveis diesel 1.500–2.500 cm³,826,Reino Unido,27087024,1.607,direct
2009,870332,Automóveis diesel 1.500–2.500 cm³,392,Japão,15032632,0.892,direct
2009,870421,Camiões diesel até 5 t,724,Espanha,85662573,23.662,direct
2009,870421,Camiões diesel até 5 t,251,França,67773823,18.72,direct
2009,870421,Camiões diesel até 5 t,380,Itália,56809194,15.692,direct
2009,870421,Camiões diesel até 5 t,276,Alemanha,44610376,12.322,direct
2009,870421,Camiões diesel até 5 t,792,Turquia,41609807,11.493,direct
2009,870421,Camiões diesel até 5 t,764,Tailândia,30159660,8.331,direct
2009,870421,Camiões diesel até 5 t,710,África do Sul,20356651,5.623,direct
2009,870421,Camiões diesel até 5 t,826,Reino Unido,8440276,2.331,direct
2009,870840,Caixas de velocidades e partes,251,França,98867783,33.16,direct
2009,870840,Caixas de velocidades e partes,276,Alemanha,78458113,26.314,direct
2009,870840,Caixas de velocidades e partes,724,Espanha,71905034,24.117,direct
2009,870840,Caixas de velocidades e partes,392,Japão,24632404,8.262,direct
2009,870840,Caixas de velocidades e partes,642,Roménia,9489738,3.183,direct
2009,870840,Caixas de velocidades e partes,826,Reino Unido,3603801,1.209,direct
2009,870840,Caixas de velocidades e partes,380,Itália,3569620,1.197,direct
2009,870840,Caixas de velocidades e partes,616,Polónia,3116833,1.045,direct
2009,870899,Outras partes de veículos,724,Espanha,428579937,36.885,direct
2009,870899,Outras partes de veículos,276,Alemanha,367911188,31.664,direct
2009,870899,Outras partes de veículos,251,França,139549752,12.01,direct
2009,870899,Outras partes de veículos,380,Itália,42296226,3.64,direct
2009,870899,Outras partes de veículos,826,Reino Unido,33148655,2.853,direct
2009,870899,Outras partes de veículos,392,Japão,26403376,2.272,direct
2009,870899,Outras partes de veículos,56,Bélgica,22825571,1.964,direct
2009,870899,Outras partes de veículos,203,Chéquia,19803971,1.704,direct
2009,880240,Aviões +15.000 kg,251,França,280503172,67.457,direct
2009,880240,Aviões +15.000 kg,842,EUA,135319435,32.543,direct
2009,999999,Mercadorias não especificadas,568,"Other Europe, nes",71450122,43.298,direct
2009,999999,Mercadorias não especificadas,839,Special Categories,57719627,34.978,direct
2009,999999,Mercadorias não especificadas,276,Alemanha,6933205,4.201,direct
2009,999999,Mercadorias não especificadas,826,Reino Unido,6173666,3.741,direct
2009,999999,Mercadorias não especificadas,724,Espanha,4681883,2.837,direct
2009,999999,Mercadorias não especificadas,752,Suécia,4166416,2.525,direct
2009,999999,Mercadorias não especificadas,380,Itália,3885984,2.355,direct
2009,999999,Mercadorias não especificadas,528,Países Baixos,3383859,2.051,direct
2009,100590,Milho,251,França,90720146,53.387,mirror
2009,100590,Milho,642,Roménia,39059296,22.986,mirror
2009,100590,Milho,724,Espanha,19905484,11.714,mirror
2009,100590,Milho,804,Ucrânia,17471239,10.282,mirror
2009,100590,Milho,348,Hungria,1536000,0.904,mirror
2009,100590,Milho,699,Índia,463038,0.272,mirror
2009,100590,Milho,842,EUA,379504,0.223,mirror
2009,100590,Milho,32,Argentina,268233,0.158,mirror
2009,270900,Petróleo bruto,566,Nigéria,915813864,27.28,mirror
2009,270900,Petróleo bruto,76,Brasil,439105499,13.08,mirror
2009,270900,Petróleo bruto,579,Noruega,433929494,12.926,mirror
2009,270900,Petróleo bruto,434,Libya,410007547,12.213,mirror
2009,270900,Petróleo bruto,12,Argélia,336013834,10.009,mirror
2009,270900,Petróleo bruto,24,Angola,280067116,8.343,mirror
2009,270900,Petróleo bruto,398,Cazaquistão,273853078,8.158,mirror
2009,270900,Petróleo bruto,178,Congo,168644151,5.024,mirror
2009,271019,Gasóleo e combustíveis médios e pesados,528,Países Baixos,152830868,22.19,mirror
2009,271019,Gasóleo e combustíveis médios e pesados,724,Espanha,142990181,20.761,mirror
2009,271019,Gasóleo e combustíveis médios e pesados,826,Reino Unido,106461234,15.457,mirror
2009,271019,Gasóleo e combustíveis médios e pesados,276,Alemanha,51979023,7.547,mirror
2009,271019,Gasóleo e combustíveis médios e pesados,56,Bélgica,40378781,5.863,mirror
2009,271019,Gasóleo e combustíveis médios e pesados,842,EUA,35914816,5.214,mirror
2009,271019,Gasóleo e combustíveis médios e pesados,752,Suécia,33140092,4.812,mirror
2009,271019,Gasóleo e combustíveis médios e pesados,643,Rússia,29631866,4.302,mirror
2009,271111,Gás natural liquefeito (GNL),780,Trinidad and Tobago,67846722,38.657,mirror
2009,271111,Gás natural liquefeito (GNL),566,Nigéria,63483447,36.171,mirror
2009,271111,Gás natural liquefeito (GNL),380,Itália,44180707,25.173,mirror
2009,271121,Gás natural em estado gasoso,12,Argélia,570484209,98.382,mirror
2009,271121,Gás natural em estado gasoso,724,Espanha,9383003,1.618,mirror
2009,271600,Energia elétrica,724,Espanha,168064169,100.0,mirror
2009,300490,Medicamentos,276,Alemanha,319240765,15.418,mirror
2009,300490,Medicamentos,251,França,284136419,13.722,mirror
2009,300490,Medicamentos,757,Suíça,234577725,11.329,mirror
2009,300490,Medicamentos,56,Bélgica,217038585,10.482,mirror
2009,300490,Medicamentos,724,Espanha,194760437,9.406,mirror
2009,300490,Medicamentos,826,Reino Unido,191606031,9.254,mirror
2009,300490,Medicamentos,372,Irlanda,183220783,8.849,mirror
2009,300490,Medicamentos,528,Países Baixos,174879121,8.446,mirror
2009,381512,Catalisadores,276,Alemanha,27495121,50.896,mirror
2009,381512,Catalisadores,826,Reino Unido,12890309,23.861,mirror
2009,381512,Catalisadores,56,Bélgica,10159216,18.806,mirror
2009,381512,Catalisadores,380,Itália,2934432,5.432,mirror
2009,381512,Catalisadores,76,Brasil,273991,0.507,mirror
2009,381512,Catalisadores,842,EUA,124230,0.23,mirror
2009,381512,Catalisadores,752,Suécia,87541,0.162,mirror
2009,381512,Catalisadores,251,França,45848,0.085,mirror
2009,392690,Outros artigos de plástico,276,Alemanha,133472447,41.343,mirror
2009,392690,Outros artigos de plástico,724,Espanha,60122484,18.623,mirror
2009,392690,Outros artigos de plástico,380,Itália,37785340,11.704,mirror
2009,392690,Outros artigos de plástico,251,França,28647882,8.874,mirror
2009,392690,Outros artigos de plástico,826,Reino Unido,8730441,2.704,mirror
2009,392690,Outros artigos de plástico,56,Bélgica,7342405,2.274,mirror
2009,392690,Outros artigos de plástico,156,China,6165594,1.91,mirror
2009,392690,Outros artigos de plástico,528,Países Baixos,5515552,1.708,mirror
2009,720449,Outra sucata ferrosa,826,Reino Unido,70333422,53.904,mirror
2009,720449,Outra sucata ferrosa,372,Irlanda,28885690,22.138,mirror
2009,720449,Outra sucata ferrosa,251,França,17502717,13.414,mirror
2009,720449,Outra sucata ferrosa,528,Países Baixos,4293284,3.29,mirror
2009,720449,Outra sucata ferrosa,208,Dinamarca,3263867,2.501,mirror
2009,720449,Outra sucata ferrosa,724,Espanha,2453683,1.881,mirror
2009,720449,Outra sucata ferrosa,56,Bélgica,1813560,1.39,mirror
2009,720449,Outra sucata ferrosa,643,Rússia,729620,0.559,mirror
2009,760120,"Ligas de alumínio, em bruto",579,Noruega,102394828,70.519,mirror
2009,760120,"Ligas de alumínio, em bruto",724,Espanha,31705074,21.835,mirror
2009,760120,"Ligas de alumínio, em bruto",528,Países Baixos,8105196,5.582,mirror
2009,760120,"Ligas de alumínio, em bruto",251,França,1289294,0.888,mirror
2009,760120,"Ligas de alumínio, em bruto",300,Grécia,780304,0.537,mirror
2009,760120,"Ligas de alumínio, em bruto",276,Alemanha,499031,0.344,mirror
2009,760120,"Ligas de alumínio, em bruto",380,Itália,379805,0.262,mirror
2009,760120,"Ligas de alumínio, em bruto",56,Bélgica,38731,0.027,mirror
2009,840820,Motores diesel para veículos,276,Alemanha,48680989,31.236,mirror
2009,840820,Motores diesel para veículos,251,França,44993291,28.87,mirror
2009,840820,Motores diesel para veículos,616,Polónia,42083232,27.002,mirror
2009,840820,Motores diesel para veículos,380,Itália,9263834,5.944,mirror
2009,840820,Motores diesel para veículos,392,Japão,6901373,4.428,mirror
2009,840820,Motores diesel para veículos,826,Reino Unido,1848922,1.186,mirror
2009,840820,Motores diesel para veículos,724,Espanha,1006254,0.646,mirror
2009,840820,Motores diesel para veículos,528,Países Baixos,272080,0.175,mirror
2009,847130,Computadores portáteis,276,Alemanha,155136201,28.03,mirror
2009,847130,Computadores portáteis,724,Espanha,131298662,23.723,mirror
2009,847130,Computadores portáteis,156,China,99395115,17.959,mirror
2009,847130,Computadores portáteis,528,Países Baixos,92349560,16.686,mirror
2009,847130,Computadores portáteis,251,França,33411878,6.037,mirror
2009,847130,Computadores portáteis,56,Bélgica,24427584,4.414,mirror
2009,847130,Computadores portáteis,616,Polónia,10052696,1.816,mirror
2009,847130,Computadores portáteis,203,Chéquia,1324482,0.239,mirror
2009,851712,Telemóveis,348,Hungria,94287000,23.125,mirror
2009,851712,Telemóveis,156,China,92807365,22.762,mirror
2009,851712,Telemóveis,410,Coreia do Sul,69957384,17.158,mirror
2009,851712,Telemóveis,642,Roménia,44283149,10.861,mirror
2009,851712,Telemóveis,246,Finlândia,43932709,10.775,mirror
2009,851712,Telemóveis,276,Alemanha,21979347,5.391,mirror
2009,851712,Telemóveis,251,França,15479859,3.797,mirror
2009,851712,Telemóveis,490,Taiwan (Prov. China),6432713,1.578,mirror
2009,852990,Outras partes de aparelhos de rádio e TV,156,China,42512478,29.608,mirror
2009,852990,Outras partes de aparelhos de rádio e TV,251,França,35611179,24.802,mirror
2009,852990,Outras partes de aparelhos de rádio e TV,276,Alemanha,11970990,8.337,mirror
2009,852990,Outras partes de aparelhos de rádio e TV,724,Espanha,10679325,7.438,mirror
2009,852990,Outras partes de aparelhos de rádio e TV,392,Japão,8779345,6.115,mirror
2009,852990,Outras partes de aparelhos de rádio e TV,528,Países Baixos,5136035,3.577,mirror
2009,852990,Outras partes de aparelhos de rádio e TV,203,Chéquia,4202816,2.927,mirror
2009,852990,Outras partes de aparelhos de rádio e TV,344,Hong Kong (RAEHK),3692200,2.571,mirror
2009,854239,Outros circuitos integrados,528,Países Baixos,33627702,40.89,mirror
2009,854239,Outros circuitos integrados,276,Alemanha,25275190,30.733,mirror
2009,854239,Outros circuitos integrados,251,França,10706139,13.018,mirror
2009,854239,Outros circuitos integrados,702,Singapura,4945997,6.014,mirror
2009,854239,Outros circuitos integrados,490,Taiwan (Prov. China),4898330,5.956,mirror
2009,854239,Outros circuitos integrados,724,Espanha,1169263,1.422,mirror
2009,854239,Outros circuitos integrados,842,EUA,290566,0.353,mirror
2009,854239,Outros circuitos integrados,56,Bélgica,274269,0.333,mirror
2009,870322,Automóveis a gasolina 1.000–1.500 cm³,724,Espanha,187345738,36.742,mirror
2009,870322,Automóveis a gasolina 1.000–1.500 cm³,380,Itália,49262245,9.661,mirror
2009,870322,Automóveis a gasolina 1.000–1.500 cm³,251,França,43826258,8.595,mirror
2009,870322,Automóveis a gasolina 1.000–1.500 cm³,392,Japão,40953789,8.032,mirror
2009,870322,Automóveis a gasolina 1.000–1.500 cm³,276,Alemanha,33431162,6.556,mirror
2009,870322,Automóveis a gasolina 1.000–1.500 cm³,826,Reino Unido,31614017,6.2,mirror
2009,870322,Automóveis a gasolina 1.000–1.500 cm³,616,Polónia,23997719,4.706,mirror
2009,870322,Automóveis a gasolina 1.000–1.500 cm³,705,Eslovénia,19389591,3.803,mirror
2009,870323,Automóveis a gasolina 1.500–3.000 cm³,276,Alemanha,85959245,37.554,mirror
2009,870323,Automóveis a gasolina 1.500–3.000 cm³,724,Espanha,71017474,31.026,mirror
2009,870323,Automóveis a gasolina 1.500–3.000 cm³,251,França,22227811,9.711,mirror
2009,870323,Automóveis a gasolina 1.500–3.000 cm³,826,Reino Unido,18963197,8.285,mirror
2009,870323,Automóveis a gasolina 1.500–3.000 cm³,392,Japão,8741846,3.819,mirror
2009,870323,Automóveis a gasolina 1.500–3.000 cm³,410,Coreia do Sul,6829400,2.984,mirror
2009,870323,Automóveis a gasolina 1.500–3.000 cm³,56,Bélgica,6642109,2.902,mirror
2009,870323,Automóveis a gasolina 1.500–3.000 cm³,842,EUA,2297561,1.004,mirror
2009,870331,Automóveis diesel até 1.500 cm³,724,Espanha,323266886,63.898,mirror
2009,870331,Automóveis diesel até 1.500 cm³,251,França,51746800,10.228,mirror
2009,870331,Automóveis diesel até 1.500 cm³,380,Itália,37989015,7.509,mirror
2009,870331,Automóveis diesel até 1.500 cm³,826,Reino Unido,23403534,4.626,mirror
2009,870331,Automóveis diesel até 1.500 cm³,56,Bélgica,21722283,4.294,mirror
2009,870331,Automóveis diesel até 1.500 cm³,792,Turquia,13412055,2.651,mirror
2009,870331,Automóveis diesel até 1.500 cm³,203,Chéquia,9484074,1.875,mirror
2009,870331,Automóveis diesel até 1.500 cm³,392,Japão,7140905,1.411,mirror
2009,870332,Automóveis diesel 1.500–2.500 cm³,276,Alemanha,837389853,56.491,mirror
2009,870332,Automóveis diesel 1.500–2.500 cm³,724,Espanha,171828254,11.592,mirror
2009,870332,Automóveis diesel 1.500–2.500 cm³,251,França,151817103,10.242,mirror
2009,870332,Automóveis diesel 1.500–2.500 cm³,56,Bélgica,73825419,4.98,mirror
2009,870332,Automóveis diesel 1.500–2.500 cm³,826,Reino Unido,61907438,4.176,mirror
2009,870332,Automóveis diesel 1.500–2.500 cm³,380,Itália,38600542,2.604,mirror
2009,870332,Automóveis diesel 1.500–2.500 cm³,392,Japão,32678818,2.205,mirror
2009,870332,Automóveis diesel 1.500–2.500 cm³,703,Eslováquia,32338603,2.182,mirror
2009,870421,Camiões diesel até 5 t,724,Espanha,69894248,21.256,mirror
2009,870421,Camiões diesel até 5 t,251,França,64567491,19.636,mirror
2009,870421,Camiões diesel até 5 t,276,Alemanha,51319655,15.607,mirror
2009,870421,Camiões diesel até 5 t,380,Itália,32169954,9.784,mirror
2009,870421,Camiões diesel até 5 t,792,Turquia,31455189,9.566,mirror
2009,870421,Camiões diesel até 5 t,764,Tailândia,21279799,6.472,mirror
2009,870421,Camiões diesel até 5 t,710,África do Sul,17816147,5.418,mirror
2009,870421,Camiões diesel até 5 t,392,Japão,16187504,4.923,mirror
2009,870840,Caixas de velocidades e partes,276,Alemanha,98309214,62.117,mirror
2009,870840,Caixas de velocidades e partes,251,França,28343620,17.909,mirror
2009,870840,Caixas de velocidades e partes,724,Espanha,16440152,10.388,mirror
2009,870840,Caixas de velocidades e partes,392,Japão,5773921,3.648,mirror
2009,870840,Caixas de velocidades e partes,826,Reino Unido,4384496,2.77,mirror
2009,870840,Caixas de velocidades e partes,348,Hungria,2231000,1.41,mirror
2009,870840,Caixas de velocidades e partes,56,Bélgica,948706,0.599,mirror
2009,870840,Caixas de velocidades e partes,380,Itália,670458,0.424,mirror
2009,870899,Outras partes de veículos,724,Espanha,361372728,58.628,mirror
2009,870899,Outras partes de veículos,251,França,121864645,19.771,mirror
2009,870899,Outras partes de veículos,276,Alemanha,41521957,6.736,mirror
2009,870899,Outras partes de veículos,380,Itália,28025293,4.547,mirror
2009,870899,Outras partes de veículos,642,Roménia,13505465,2.191,mirror
2009,870899,Outras partes de veículos,392,Japão,12117588,1.966,mirror
2009,870899,Outras partes de veículos,826,Reino Unido,6648679,1.079,mirror
2009,870899,Outras partes de veículos,56,Bélgica,6369023,1.033,mirror
2009,880240,Aviões +15.000 kg,251,França,497800716,100.0,mirror
2009,999999,Mercadorias não especificadas,276,Alemanha,327187293,22.466,mirror
2009,999999,Mercadorias não especificadas,826,Reino Unido,224569295,15.42,mirror
2009,999999,Mercadorias não especificadas,380,Itália,190958848,13.112,mirror
2009,999999,Mercadorias não especificadas,842,EUA,185508739,12.738,mirror
2009,999999,Mercadorias não especificadas,251,França,95103466,6.53,mirror
2009,999999,Mercadorias não especificadas,724,Espanha,89665268,6.157,mirror
2009,999999,Mercadorias não especificadas,40,Áustria,71028759,4.877,mirror
2009,999999,Mercadorias não especificadas,528,Países Baixos,70104571,4.814,mirror
2010,100590,Milho,76,Brasil,102460246,33.127,direct
2010,100590,Milho,251,França,93223112,30.14,direct
2010,100590,Milho,804,Ucrânia,61962049,20.033,direct
2010,100590,Milho,724,Espanha,24915589,8.056,direct
2010,100590,Milho,124,Canadá,7816407,2.527,direct
2010,100590,Milho,710,África do Sul,7330293,2.37,direct
2010,100590,Milho,842,EUA,5624404,1.818,direct
2010,100590,Milho,600,Paraguai,5424731,1.754,direct
2010,270900,Petróleo bruto,566,Nigéria,1074128147,16.153,direct
2010,270900,Petróleo bruto,434,Libya,941379190,14.157,direct
2010,270900,Petróleo bruto,398,Cazaquistão,846806293,12.735,direct
2010,270900,Petróleo bruto,24,Angola,740346751,11.134,direct
2010,270900,Petróleo bruto,682,Arábia Saudita,608088035,9.145,direct
2010,270900,Petróleo bruto,76,Brasil,585515348,8.805,direct
2010,270900,Petróleo bruto,31,Azerbaijan,333225112,5.011,direct
2010,270900,Petróleo bruto,226,Guiné Equatorial,235626963,3.544,direct
2010,271019,Gasóleo e combustíveis médios e pesados,724,Espanha,344463289,24.663,direct
2010,271019,Gasóleo e combustíveis médios e pesados,528,Países Baixos,301442245,21.583,direct
2010,271019,Gasóleo e combustíveis médios e pesados,643,Rússia,244932959,17.537,direct
2010,271019,Gasóleo e combustíveis médios e pesados,826,Reino Unido,217036271,15.539,direct
2010,271019,Gasóleo e combustíveis médios e pesados,699,Índia,56096423,4.016,direct
2010,271019,Gasóleo e combustíveis médios e pesados,899,"Areas, nes",43182523,3.092,direct
2010,271019,Gasóleo e combustíveis médios e pesados,124,Canadá,31645149,2.266,direct
2010,271019,Gasóleo e combustíveis médios e pesados,842,EUA,25800431,1.847,direct
2010,271111,Gás natural liquefeito (GNL),566,Nigéria,701878474,93.136,direct
2010,271111,Gás natural liquefeito (GNL),780,Trinidad and Tobago,35813065,4.752,direct
2010,271111,Gás natural liquefeito (GNL),634,Catar,15918217,2.112,direct
2010,271121,Gás natural em estado gasoso,724,Espanha,763320139,100.0,direct
2010,271600,Energia elétrica,724,Espanha,232682148,100.0,direct
2010,300490,Medicamentos,276,Alemanha,398094944,18.362,direct
2010,300490,Medicamentos,826,Reino Unido,241659224,11.146,direct
2010,300490,Medicamentos,724,Espanha,230922421,10.651,direct
2010,300490,Medicamentos,372,Irlanda,224061015,10.335,direct
2010,300490,Medicamentos,251,França,185670913,8.564,direct
2010,300490,Medicamentos,56,Bélgica,178707794,8.243,direct
2010,300490,Medicamentos,528,Países Baixos,172071447,7.937,direct
2010,300490,Medicamentos,757,Suíça,170160646,7.849,direct
2010,381512,Catalisadores,276,Alemanha,72464404,49.389,direct
2010,381512,Catalisadores,826,Reino Unido,72082482,49.129,direct
2010,381512,Catalisadores,380,Itália,1379728,0.94,direct
2010,381512,Catalisadores,76,Brasil,262311,0.179,direct
2010,381512,Catalisadores,251,França,215671,0.147,direct
2010,381512,Catalisadores,724,Espanha,86614,0.059,direct
2010,381512,Catalisadores,842,EUA,84546,0.058,direct
2010,381512,Catalisadores,528,Países Baixos,81455,0.056,direct
2010,392690,Outros artigos de plástico,724,Espanha,84806399,30.751,direct
2010,392690,Outros artigos de plástico,276,Alemanha,64960360,23.555,direct
2010,392690,Outros artigos de plástico,380,Itália,29858640,10.827,direct
2010,392690,Outros artigos de plástico,251,França,21705714,7.871,direct
2010,392690,Outros artigos de plástico,156,China,14364680,5.209,direct
2010,392690,Outros artigos de plástico,826,Reino Unido,12732731,4.617,direct
2010,392690,Outros artigos de plástico,528,Países Baixos,12523614,4.541,direct
2010,392690,Outros artigos de plástico,56,Bélgica,5475764,1.986,direct
2010,720449,Outra sucata ferrosa,826,Reino Unido,84808243,33.153,direct
2010,720449,Outra sucata ferrosa,251,França,60171210,23.522,direct
2010,720449,Outra sucata ferrosa,372,Irlanda,48972654,19.144,direct
2010,720449,Outra sucata ferrosa,724,Espanha,42109505,16.461,direct
2010,720449,Outra sucata ferrosa,752,Suécia,4704294,1.839,direct
2010,720449,Outra sucata ferrosa,233,Estónia,3430793,1.341,direct
2010,720449,Outra sucata ferrosa,842,EUA,3035148,1.186,direct
2010,720449,Outra sucata ferrosa,579,Noruega,3009214,1.176,direct
2010,760120,"Ligas de alumínio, em bruto",579,Noruega,280584621,68.868,direct
2010,760120,"Ligas de alumínio, em bruto",724,Espanha,73345718,18.002,direct
2010,760120,"Ligas de alumínio, em bruto",826,Reino Unido,19508790,4.788,direct
2010,760120,"Ligas de alumínio, em bruto",528,Países Baixos,19208093,4.715,direct
2010,760120,"Ligas de alumínio, em bruto",251,França,9156741,2.247,direct
2010,760120,"Ligas de alumínio, em bruto",818,Egito,2808965,0.689,direct
2010,760120,"Ligas de alumínio, em bruto",300,Grécia,1681878,0.413,direct
2010,760120,"Ligas de alumínio, em bruto",380,Itália,405363,0.099,direct
2010,840820,Motores diesel para veículos,276,Alemanha,109422533,42.077,direct
2010,840820,Motores diesel para veículos,251,França,78939842,30.355,direct
2010,840820,Motores diesel para veículos,380,Itália,35005221,13.461,direct
2010,840820,Motores diesel para veículos,392,Japão,17517982,6.736,direct
2010,840820,Motores diesel para veículos,616,Polónia,9958629,3.829,direct
2010,840820,Motores diesel para veículos,724,Espanha,6159380,2.369,direct
2010,840820,Motores diesel para veículos,348,Hungria,2366001,0.91,direct
2010,840820,Motores diesel para veículos,56,Bélgica,310871,0.12,direct
2010,847130,Computadores portáteis,724,Espanha,228439375,43.016,direct
2010,847130,Computadores portáteis,528,Países Baixos,153846654,28.97,direct
2010,847130,Computadores portáteis,276,Alemanha,39529650,7.444,direct
2010,847130,Computadores portáteis,251,França,31975742,6.021,direct
2010,847130,Computadores portáteis,156,China,23558936,4.436,direct
2010,847130,Computadores portáteis,372,Irlanda,18935759,3.566,direct
2010,847130,Computadores portáteis,380,Itália,14477660,2.726,direct
2010,847130,Computadores portáteis,442,Luxemburgo,7930229,1.493,direct
2010,851712,Telemóveis,156,China,131863442,26.174,direct
2010,851712,Telemóveis,348,Hungria,82221988,16.321,direct
2010,851712,Telemóveis,410,Coreia do Sul,71438557,14.18,direct
2010,851712,Telemóveis,528,Países Baixos,49037528,9.734,direct
2010,851712,Telemóveis,642,Roménia,44408956,8.815,direct
2010,851712,Telemóveis,372,Irlanda,25741867,5.11,direct
2010,851712,Telemóveis,826,Reino Unido,24083129,4.78,direct
2010,851712,Telemóveis,246,Finlândia,22989501,4.563,direct
2010,852990,Outras partes de aparelhos de rádio e TV,276,Alemanha,107275239,55.592,direct
2010,852990,Outras partes de aparelhos de rádio e TV,724,Espanha,22424842,11.621,direct
2010,852990,Outras partes de aparelhos de rádio e TV,348,Hungria,12189089,6.317,direct
2010,852990,Outras partes de aparelhos de rádio e TV,702,Singapura,10457350,5.419,direct
2010,852990,Outras partes de aparelhos de rádio e TV,156,China,9831133,5.095,direct
2010,852990,Outras partes de aparelhos de rádio e TV,826,Reino Unido,5645896,2.926,direct
2010,852990,Outras partes de aparelhos de rádio e TV,484,México,5367843,2.782,direct
2010,852990,Outras partes de aparelhos de rádio e TV,528,Países Baixos,4690102,2.43,direct
2010,854239,Outros circuitos integrados,490,Taiwan (Prov. China),33105467,22.25,direct
2010,854239,Outros circuitos integrados,276,Alemanha,30938990,20.794,direct
2010,854239,Outros circuitos integrados,251,França,28864170,19.4,direct
2010,854239,Outros circuitos integrados,528,Países Baixos,26055159,17.512,direct
2010,854239,Outros circuitos integrados,724,Espanha,10008193,6.727,direct
2010,854239,Outros circuitos integrados,458,Malásia,4905528,3.297,direct
2010,854239,Outros circuitos integrados,56,Bélgica,4507827,3.03,direct
2010,854239,Outros circuitos integrados,372,Irlanda,3170986,2.131,direct
2010,870322,Automóveis a gasolina 1.000–1.500 cm³,724,Espanha,290597508,43.491,direct
2010,870322,Automóveis a gasolina 1.000–1.500 cm³,380,Itália,102345293,15.317,direct
2010,870322,Automóveis a gasolina 1.000–1.500 cm³,251,França,88099631,13.185,direct
2010,870322,Automóveis a gasolina 1.000–1.500 cm³,276,Alemanha,47348816,7.086,direct
2010,870322,Automóveis a gasolina 1.000–1.500 cm³,826,Reino Unido,37181522,5.565,direct
2010,870322,Automóveis a gasolina 1.000–1.500 cm³,392,Japão,25716094,3.849,direct
2010,870322,Automóveis a gasolina 1.000–1.500 cm³,203,Chéquia,24252912,3.63,direct
2010,870322,Automóveis a gasolina 1.000–1.500 cm³,156,China,17679802,2.646,direct
2010,870323,Automóveis a gasolina 1.500–3.000 cm³,276,Alemanha,257002563,60.127,direct
2010,870323,Automóveis a gasolina 1.500–3.000 cm³,724,Espanha,36562925,8.554,direct
2010,870323,Automóveis a gasolina 1.500–3.000 cm³,56,Bélgica,31566323,7.385,direct
2010,870323,Automóveis a gasolina 1.500–3.000 cm³,826,Reino Unido,24532504,5.739,direct
2010,870323,Automóveis a gasolina 1.500–3.000 cm³,528,Países Baixos,19252841,4.504,direct
2010,870323,Automóveis a gasolina 1.500–3.000 cm³,392,Japão,14338744,3.355,direct
2010,870323,Automóveis a gasolina 1.500–3.000 cm³,752,Suécia,13275831,3.106,direct
2010,870323,Automóveis a gasolina 1.500–3.000 cm³,251,França,11818497,2.765,direct
2010,870331,Automóveis diesel até 1.500 cm³,724,Espanha,424330174,45.462,direct
2010,870331,Automóveis diesel até 1.500 cm³,251,França,192439640,20.617,direct
2010,870331,Automóveis diesel até 1.500 cm³,826,Reino Unido,131415186,14.079,direct
2010,870331,Automóveis diesel até 1.500 cm³,276,Alemanha,122556768,13.13,direct
2010,870331,Automóveis diesel até 1.500 cm³,792,Turquia,18977999,2.033,direct
2010,870331,Automóveis diesel até 1.500 cm³,380,Itália,14477367,1.551,direct
2010,870331,Automóveis diesel até 1.500 cm³,203,Chéquia,11839550,1.268,direct
2010,870331,Automóveis diesel até 1.500 cm³,392,Japão,6213661,0.666,direct
2010,870332,Automóveis diesel 1.500–2.500 cm³,276,Alemanha,1262505599,56.659,direct
2010,870332,Automóveis diesel 1.500–2.500 cm³,724,Espanha,356160077,15.984,direct
2010,870332,Automóveis diesel 1.500–2.500 cm³,251,França,228973608,10.276,direct
2010,870332,Automóveis diesel 1.500–2.500 cm³,203,Chéquia,97502899,4.376,direct
2010,870332,Automóveis diesel 1.500–2.500 cm³,56,Bélgica,93016775,4.174,direct
2010,870332,Automóveis diesel 1.500–2.500 cm³,826,Reino Unido,63973648,2.871,direct
2010,870332,Automóveis diesel 1.500–2.500 cm³,380,Itália,50894793,2.284,direct
2010,870332,Automóveis diesel 1.500–2.500 cm³,392,Japão,30769787,1.381,direct
2010,870421,Camiões diesel até 5 t,724,Espanha,118873380,28.078,direct
2010,870421,Camiões diesel até 5 t,251,França,64522041,15.24,direct
2010,870421,Camiões diesel até 5 t,380,Itália,64015351,15.12,direct
2010,870421,Camiões diesel até 5 t,276,Alemanha,52902002,12.495,direct
2010,870421,Camiões diesel até 5 t,792,Turquia,52196669,12.329,direct
2010,870421,Camiões diesel até 5 t,764,Tailândia,26844721,6.341,direct
2010,870421,Camiões diesel até 5 t,710,África do Sul,24179822,5.711,direct
2010,870421,Camiões diesel até 5 t,826,Reino Unido,12152830,2.87,direct
2010,870840,Caixas de velocidades e partes,251,França,123291599,35.732,direct
2010,870840,Caixas de velocidades e partes,276,Alemanha,92661731,26.855,direct
2010,870840,Caixas de velocidades e partes,724,Espanha,77354675,22.419,direct
2010,870840,Caixas de velocidades e partes,392,Japão,25370850,7.353,direct
2010,870840,Caixas de velocidades e partes,642,Roménia,7690681,2.229,direct
2010,870840,Caixas de velocidades e partes,348,Hungria,7663530,2.221,direct
2010,870840,Caixas de velocidades e partes,826,Reino Unido,4294469,1.245,direct
2010,870840,Caixas de velocidades e partes,380,Itália,3785279,1.097,direct
2010,870899,Outras partes de veículos,276,Alemanha,500686685,36.21,direct
2010,870899,Outras partes de veículos,724,Espanha,474383000,34.308,direct
2010,870899,Outras partes de veículos,251,França,120017033,8.68,direct
2010,870899,Outras partes de veículos,392,Japão,54744086,3.959,direct
2010,870899,Outras partes de veículos,203,Chéquia,45221262,3.27,direct
2010,870899,Outras partes de veículos,380,Itália,40924616,2.96,direct
2010,870899,Outras partes de veículos,826,Reino Unido,30744663,2.223,direct
2010,870899,Outras partes de veículos,56,Bélgica,27318079,1.976,direct
2010,880240,Aviões +15.000 kg,842,EUA,85412989,51.851,direct
2010,880240,Aviões +15.000 kg,124,Canadá,79313227,48.149,direct
2010,999999,Mercadorias não especificadas,568,"Other Europe, nes",80914948,44.671,direct
2010,999999,Mercadorias não especificadas,839,Special Categories,59679322,32.948,direct
2010,999999,Mercadorias não especificadas,724,Espanha,13007113,7.181,direct
2010,999999,Mercadorias não especificadas,276,Alemanha,6407644,3.538,direct
2010,999999,Mercadorias não especificadas,826,Reino Unido,5603989,3.094,direct
2010,999999,Mercadorias não especificadas,752,Suécia,3353178,1.851,direct
2010,999999,Mercadorias não especificadas,528,Países Baixos,2806428,1.549,direct
2010,999999,Mercadorias não especificadas,380,Itália,1947706,1.075,direct
2010,100590,Milho,251,França,85714733,30.865,mirror
2010,100590,Milho,76,Brasil,80854647,29.115,mirror
2010,100590,Milho,804,Ucrânia,53476321,19.256,mirror
2010,100590,Milho,724,Espanha,27236556,9.808,mirror
2010,100590,Milho,100,Bulgária,7337959,2.642,mirror
2010,100590,Milho,124,Canadá,7285838,2.624,mirror
2010,100590,Milho,710,África do Sul,5794511,2.087,mirror
2010,100590,Milho,642,Roménia,5393752,1.942,mirror
2010,270900,Petróleo bruto,566,Nigéria,1243865915,24.681,mirror
2010,270900,Petróleo bruto,24,Angola,865929433,17.182,mirror
2010,270900,Petróleo bruto,398,Cazaquistão,733250855,14.549,mirror
2010,270900,Petróleo bruto,434,Libya,589348251,11.694,mirror
2010,270900,Petróleo bruto,76,Brasil,496298044,9.848,mirror
2010,270900,Petróleo bruto,12,Argélia,337122430,6.689,mirror
2010,270900,Petróleo bruto,31,Azerbaijan,224056837,4.446,mirror
2010,270900,Petróleo bruto,579,Noruega,170560755,3.384,mirror
2010,271019,Gasóleo e combustíveis médios e pesados,826,Reino Unido,309680266,30.693,mirror
2010,271019,Gasóleo e combustíveis médios e pesados,724,Espanha,253218440,25.097,mirror
2010,271019,Gasóleo e combustíveis médios e pesados,528,Países Baixos,246815110,24.462,mirror
2010,271019,Gasóleo e combustíveis médios e pesados,643,Rússia,114370983,11.336,mirror
2010,271019,Gasóleo e combustíveis médios e pesados,56,Bélgica,18658726,1.849,mirror
2010,271019,Gasóleo e combustíveis médios e pesados,251,França,16006146,1.586,mirror
2010,271019,Gasóleo e combustíveis médios e pesados,757,Suíça,15267789,1.513,mirror
2010,271019,Gasóleo e combustíveis médios e pesados,276,Alemanha,15164538,1.503,mirror
2010,271111,Gás natural liquefeito (GNL),566,Nigéria,240643284,81.223,mirror
2010,271111,Gás natural liquefeito (GNL),780,Trinidad and Tobago,39674877,13.391,mirror
2010,271111,Gás natural liquefeito (GNL),579,Noruega,15957149,5.386,mirror
2010,271111,Gás natural liquefeito (GNL),826,Reino Unido,628,0.0,mirror
2010,271111,Gás natural liquefeito (GNL),380,Itália,107,0.0,mirror
2010,271121,Gás natural em estado gasoso,12,Argélia,586851513,89.699,mirror
2010,271121,Gás natural em estado gasoso,724,Espanha,67394363,10.301,mirror
2010,271600,Energia elétrica,724,Espanha,176717351,100.0,mirror
2010,300490,Medicamentos,276,Alemanha,278072156,14.889,mirror
2010,300490,Medicamentos,757,Suíça,255330071,13.672,mirror
2010,300490,Medicamentos,251,França,212891681,11.399,mirror
2010,300490,Medicamentos,372,Irlanda,200280824,10.724,mirror
2010,300490,Medicamentos,724,Espanha,198655022,10.637,mirror
2010,300490,Medicamentos,528,Países Baixos,176178276,9.433,mirror
2010,300490,Medicamentos,826,Reino Unido,156171411,8.362,mirror
2010,300490,Medicamentos,380,Itália,149950816,8.029,mirror
2010,381512,Catalisadores,276,Alemanha,85247781,84.416,mirror
2010,381512,Catalisadores,826,Reino Unido,9376295,9.285,mirror
2010,381512,Catalisadores,380,Itália,3612586,3.577,mirror
2010,381512,Catalisadores,203,Chéquia,2287145,2.265,mirror
2010,381512,Catalisadores,76,Brasil,253084,0.251,mirror
2010,381512,Catalisadores,156,China,112050,0.111,mirror
2010,381512,Catalisadores,251,França,56999,0.056,mirror
2010,381512,Catalisadores,699,Índia,39885,0.039,mirror
2010,392690,Outros artigos de plástico,276,Alemanha,111013223,35.305,mirror
2010,392690,Outros artigos de plástico,724,Espanha,72910611,23.187,mirror
2010,392690,Outros artigos de plástico,380,Itália,36964513,11.756,mirror
2010,392690,Outros artigos de plástico,251,França,23779234,7.562,mirror
2010,392690,Outros artigos de plástico,348,Hungria,8477000,2.696,mirror
2010,392690,Outros artigos de plástico,156,China,8254156,2.625,mirror
2010,392690,Outros artigos de plástico,826,Reino Unido,8031869,2.554,mirror
2010,392690,Outros artigos de plástico,702,Singapura,6867456,2.184,mirror
2010,720449,Outra sucata ferrosa,826,Reino Unido,89141043,53.436,mirror
2010,720449,Outra sucata ferrosa,251,França,39321433,23.571,mirror
2010,720449,Outra sucata ferrosa,372,Irlanda,16698238,10.01,mirror
2010,720449,Outra sucata ferrosa,528,Países Baixos,14739328,8.836,mirror
2010,720449,Outra sucata ferrosa,579,Noruega,2674820,1.603,mirror
2010,720449,Outra sucata ferrosa,208,Dinamarca,1679294,1.007,mirror
2010,720449,Outra sucata ferrosa,233,Estónia,1506264,0.903,mirror
2010,720449,Outra sucata ferrosa,643,Rússia,787488,0.472,mirror
2010,760120,"Ligas de alumínio, em bruto",579,Noruega,107652188,55.05,mirror
2010,760120,"Ligas de alumínio, em bruto",724,Espanha,55137872,28.196,mirror
2010,760120,"Ligas de alumínio, em bruto",528,Países Baixos,22085782,11.294,mirror
2010,760120,"Ligas de alumínio, em bruto",826,Reino Unido,5675660,2.902,mirror
2010,760120,"Ligas de alumínio, em bruto",251,França,1817344,0.929,mirror
2010,760120,"Ligas de alumínio, em bruto",300,Grécia,1581382,0.809,mirror
2010,760120,"Ligas de alumínio, em bruto",276,Alemanha,641509,0.328,mirror
2010,760120,"Ligas de alumínio, em bruto",380,Itália,528653,0.27,mirror
2010,840820,Motores diesel para veículos,276,Alemanha,114920812,46.811,mirror
2010,840820,Motores diesel para veículos,251,França,71113682,28.967,mirror
2010,840820,Motores diesel para veículos,380,Itália,35641602,14.518,mirror
2010,840820,Motores diesel para veículos,616,Polónia,10483224,4.27,mirror
2010,840820,Motores diesel para veículos,392,Japão,7673580,3.126,mirror
2010,840820,Motores diesel para veículos,348,Hungria,1967000,0.801,mirror
2010,840820,Motores diesel para veículos,826,Reino Unido,1860278,0.758,mirror
2010,840820,Motores diesel para veículos,724,Espanha,884385,0.36,mirror
2010,847130,Computadores portáteis,724,Espanha,160677422,29.568,mirror
2010,847130,Computadores portáteis,528,Países Baixos,137065274,25.223,mirror
2010,847130,Computadores portáteis,276,Alemanha,102280332,18.822,mirror
2010,847130,Computadores portáteis,156,China,80417980,14.799,mirror
2010,847130,Computadores portáteis,380,Itália,25273764,4.651,mirror
2010,847130,Computadores portáteis,251,França,21552292,3.966,mirror
2010,847130,Computadores portáteis,410,Coreia do Sul,5383237,0.991,mirror
2010,847130,Computadores portáteis,616,Polónia,3741562,0.689,mirror
2010,851712,Telemóveis,156,China,102761156,24.626,mirror
2010,851712,Telemóveis,348,Hungria,77522000,18.578,mirror
2010,851712,Telemóveis,410,Coreia do Sul,67414938,16.156,mirror
2010,851712,Telemóveis,642,Roménia,38112500,9.133,mirror
2010,851712,Telemóveis,276,Alemanha,30234965,7.246,mirror
2010,851712,Telemóveis,246,Finlândia,24919180,5.972,mirror
2010,851712,Telemóveis,251,França,21003510,5.033,mirror
2010,851712,Telemóveis,528,Países Baixos,16198274,3.882,mirror
2010,852990,Outras partes de aparelhos de rádio e TV,156,China,65824219,45.834,mirror
2010,852990,Outras partes de aparelhos de rádio e TV,276,Alemanha,13742086,9.569,mirror
2010,852990,Outras partes de aparelhos de rádio e TV,392,Japão,7741032,5.39,mirror
2010,852990,Outras partes de aparelhos de rádio e TV,724,Espanha,7601841,5.293,mirror
2010,852990,Outras partes de aparelhos de rádio e TV,764,Tailândia,6653941,4.633,mirror
2010,852990,Outras partes de aparelhos de rádio e TV,344,Hong Kong (RAEHK),6458768,4.497,mirror
2010,852990,Outras partes de aparelhos de rádio e TV,458,Malásia,5807732,4.044,mirror
2010,852990,Outras partes de aparelhos de rádio e TV,251,França,5597843,3.898,mirror
2010,854239,Outros circuitos integrados,276,Alemanha,38932807,34.436,mirror
2010,854239,Outros circuitos integrados,251,França,35457424,31.362,mirror
2010,854239,Outros circuitos integrados,528,Países Baixos,23754285,21.011,mirror
2010,854239,Outros circuitos integrados,702,Singapura,6328608,5.598,mirror
2010,854239,Outros circuitos integrados,826,Reino Unido,3416770,3.022,mirror
2010,854239,Outros circuitos integrados,490,Taiwan (Prov. China),2052095,1.815,mirror
2010,854239,Outros circuitos integrados,344,Hong Kong (RAEHK),786607,0.696,mirror
2010,854239,Outros circuitos integrados,842,EUA,689689,0.61,mirror
2010,870322,Automóveis a gasolina 1.000–1.500 cm³,724,Espanha,267519327,40.574,mirror
2010,870322,Automóveis a gasolina 1.000–1.500 cm³,380,Itália,68571455,10.4,mirror
2010,870322,Automóveis a gasolina 1.000–1.500 cm³,251,França,57224457,8.679,mirror
2010,870322,Automóveis a gasolina 1.000–1.500 cm³,276,Alemanha,48810529,7.403,mirror
2010,870322,Automóveis a gasolina 1.000–1.500 cm³,826,Reino Unido,30409486,4.612,mirror
2010,870322,Automóveis a gasolina 1.000–1.500 cm³,392,Japão,29901847,4.535,mirror
2010,870322,Automóveis a gasolina 1.000–1.500 cm³,616,Polónia,25957858,3.937,mirror
2010,870322,Automóveis a gasolina 1.000–1.500 cm³,792,Turquia,23677826,3.591,mirror
2010,870323,Automóveis a gasolina 1.500–3.000 cm³,276,Alemanha,84483273,37.196,mirror
2010,870323,Automóveis a gasolina 1.500–3.000 cm³,251,França,36216970,15.945,mirror
2010,870323,Automóveis a gasolina 1.500–3.000 cm³,724,Espanha,34504850,15.192,mirror
2010,870323,Automóveis a gasolina 1.500–3.000 cm³,826,Reino Unido,23408608,10.306,mirror
2010,870323,Automóveis a gasolina 1.500–3.000 cm³,392,Japão,14434230,6.355,mirror
2010,870323,Automóveis a gasolina 1.500–3.000 cm³,752,Suécia,10535207,4.638,mirror
2010,870323,Automóveis a gasolina 1.500–3.000 cm³,410,Coreia do Sul,6989960,3.078,mirror
2010,870323,Automóveis a gasolina 1.500–3.000 cm³,40,Áustria,5268972,2.32,mirror
2010,870331,Automóveis diesel até 1.500 cm³,724,Espanha,379331274,53.237,mirror
2010,870331,Automóveis diesel até 1.500 cm³,251,França,101685089,14.271,mirror
2010,870331,Automóveis diesel até 1.500 cm³,792,Turquia,49606816,6.962,mirror
2010,870331,Automóveis diesel até 1.500 cm³,826,Reino Unido,43271337,6.073,mirror
2010,870331,Automóveis diesel até 1.500 cm³,56,Bélgica,31845042,4.469,mirror
2010,870331,Automóveis diesel até 1.500 cm³,380,Itália,28983082,4.068,mirror
2010,870331,Automóveis diesel até 1.500 cm³,616,Polónia,24345094,3.417,mirror
2010,870331,Automóveis diesel até 1.500 cm³,642,Roménia,17185034,2.412,mirror
2010,870332,Automóveis diesel 1.500–2.500 cm³,276,Alemanha,1086388742,51.83,mirror
2010,870332,Automóveis diesel 1.500–2.500 cm³,724,Espanha,308392447,14.713,mirror
2010,870332,Automóveis diesel 1.500–2.500 cm³,251,França,208787745,9.961,mirror
2010,870332,Automóveis diesel 1.500–2.500 cm³,56,Bélgica,129507657,6.179,mirror
2010,870332,Automóveis diesel 1.500–2.500 cm³,826,Reino Unido,68647314,3.275,mirror
2010,870332,Automóveis diesel 1.500–2.500 cm³,380,Itália,60135545,2.869,mirror
2010,870332,Automóveis diesel 1.500–2.500 cm³,203,Chéquia,55280808,2.637,mirror
2010,870332,Automóveis diesel 1.500–2.500 cm³,392,Japão,50613104,2.415,mirror
2010,870421,Camiões diesel até 5 t,251,França,65852532,17.845,mirror
2010,870421,Camiões diesel até 5 t,276,Alemanha,61810943,16.75,mirror
2010,870421,Camiões diesel até 5 t,724,Espanha,45371368,12.295,mirror
2010,870421,Camiões diesel até 5 t,764,Tailândia,38985777,10.565,mirror
2010,870421,Camiões diesel até 5 t,380,Itália,38719068,10.492,mirror
2010,870421,Camiões diesel até 5 t,792,Turquia,36431748,9.873,mirror
2010,870421,Camiões diesel até 5 t,392,Japão,30074922,8.15,mirror
2010,870421,Camiões diesel até 5 t,710,África do Sul,27163618,7.361,mirror
2010,870840,Caixas de velocidades e partes,276,Alemanha,123106132,62.915,mirror
2010,870840,Caixas de velocidades e partes,251,França,35648305,18.219,mirror
2010,870840,Caixas de velocidades e partes,724,Espanha,15266319,7.802,mirror
2010,870840,Caixas de velocidades e partes,348,Hungria,7784000,3.978,mirror
2010,870840,Caixas de velocidades e partes,826,Reino Unido,6681281,3.415,mirror
2010,870840,Caixas de velocidades e partes,392,Japão,3539003,1.809,mirror
2010,870840,Caixas de velocidades e partes,56,Bélgica,748824,0.383,mirror
2010,870840,Caixas de velocidades e partes,380,Itália,725822,0.371,mirror
2010,870899,Outras partes de veículos,724,Espanha,367350556,55.45,mirror
2010,870899,Outras partes de veículos,251,França,115213762,17.391,mirror
2010,870899,Outras partes de veículos,276,Alemanha,63302804,9.555,mirror
2010,870899,Outras partes de veículos,380,Itália,32937158,4.972,mirror
2010,870899,Outras partes de veículos,392,Japão,20753926,3.133,mirror
2010,870899,Outras partes de veículos,203,Chéquia,14637784,2.21,mirror
2010,870899,Outras partes de veículos,826,Reino Unido,7790485,1.176,mirror
2010,870899,Outras partes de veículos,842,EUA,6327465,0.955,mirror
2010,880240,Aviões +15.000 kg,124,Canadá,84065880,99.997,mirror
2010,880240,Aviões +15.000 kg,251,França,2651,0.003,mirror
2010,999999,Mercadorias não especificadas,276,Alemanha,1438246892,60.099,mirror
2010,999999,Mercadorias não especificadas,842,EUA,163115767,6.816,mirror
2010,999999,Mercadorias não especificadas,826,Reino Unido,102237275,4.272,mirror
2010,999999,Mercadorias não especificadas,579,Noruega,100510123,4.2,mirror
2010,999999,Mercadorias não especificadas,251,França,98033169,4.096,mirror
2010,999999,Mercadorias não especificadas,724,Espanha,93554381,3.909,mirror
2010,999999,Mercadorias não especificadas,508,Moçambique,83551930,3.491,mirror
2010,999999,Mercadorias não especificadas,528,Países Baixos,75894343,3.171,mirror
2011,100590,Milho,804,Ucrânia,143623165,28.991,direct
2011,100590,Milho,842,EUA,102421956,20.674,direct
2011,100590,Milho,251,França,69478954,14.024,direct
2011,100590,Milho,76,Brasil,66768375,13.477,direct
2011,100590,Milho,124,Canadá,35911031,7.249,direct
2011,100590,Milho,100,Bulgária,21379667,4.316,direct
2011,100590,Milho,724,Espanha,19603128,3.957,direct
2011,100590,Milho,688,Sérvia,11227460,2.266,direct
2011,270900,Petróleo bruto,24,Angola,1628464552,19.275,direct
2011,270900,Petróleo bruto,566,Nigéria,1203289709,14.242,direct
2011,270900,Petróleo bruto,398,Cazaquistão,1183198339,14.005,direct
2011,270900,Petróleo bruto,682,Arábia Saudita,1130064085,13.376,direct
2011,270900,Petróleo bruto,76,Brasil,1060763221,12.555,direct
2011,270900,Petróleo bruto,12,Argélia,823189527,9.743,direct
2011,270900,Petróleo bruto,31,Azerbaijan,403914420,4.781,direct
2011,270900,Petróleo bruto,643,Rússia,279380414,3.307,direct
2011,271019,Gasóleo e combustíveis médios e pesados,724,Espanha,895837470,46.324,direct
2011,271019,Gasóleo e combustíveis médios e pesados,528,Países Baixos,258218409,13.353,direct
2011,271019,Gasóleo e combustíveis médios e pesados,826,Reino Unido,153198240,7.922,direct
2011,271019,Gasóleo e combustíveis médios e pesados,842,EUA,146533552,7.577,direct
2011,271019,Gasóleo e combustíveis médios e pesados,643,Rússia,142758038,7.382,direct
2011,271019,Gasóleo e combustíveis médios e pesados,699,Índia,79397095,4.106,direct
2011,271019,Gasóleo e combustíveis médios e pesados,410,Coreia do Sul,68088001,3.521,direct
2011,271019,Gasóleo e combustíveis médios e pesados,634,Catar,28539688,1.476,direct
2011,271111,Gás natural liquefeito (GNL),566,Nigéria,844103171,85.355,direct
2011,271111,Gás natural liquefeito (GNL),634,Catar,64778610,6.55,direct
2011,271111,Gás natural liquefeito (GNL),12,Argélia,30990249,3.134,direct
2011,271111,Gás natural liquefeito (GNL),579,Noruega,30952478,3.13,direct
2011,271111,Gás natural liquefeito (GNL),818,Egito,18108124,1.831,direct
2011,271111,Gás natural liquefeito (GNL),380,Itália,17,0.0,direct
2011,271121,Gás natural em estado gasoso,724,Espanha,836072437,100.0,direct
2011,271600,Energia elétrica,724,Espanha,315664758,100.0,direct
2011,300490,Medicamentos,276,Alemanha,395411069,17.905,direct
2011,300490,Medicamentos,724,Espanha,243657390,11.033,direct
2011,300490,Medicamentos,826,Reino Unido,235029950,10.643,direct
2011,300490,Medicamentos,372,Irlanda,227324997,10.294,direct
2011,300490,Medicamentos,251,França,210417927,9.528,direct
2011,300490,Medicamentos,528,Países Baixos,191203016,8.658,direct
2011,300490,Medicamentos,757,Suíça,170760212,7.732,direct
2011,300490,Medicamentos,56,Bélgica,166660636,7.547,direct
2011,381512,Catalisadores,276,Alemanha,221621009,98.881,direct
2011,381512,Catalisadores,826,Reino Unido,1379141,0.615,direct
2011,381512,Catalisadores,380,Itália,743267,0.332,direct
2011,381512,Catalisadores,528,Países Baixos,200082,0.089,direct
2011,381512,Catalisadores,752,Suécia,66538,0.03,direct
2011,381512,Catalisadores,724,Espanha,51035,0.023,direct
2011,381512,Catalisadores,616,Polónia,42027,0.019,direct
2011,381512,Catalisadores,203,Chéquia,23953,0.011,direct
2011,392690,Outros artigos de plástico,724,Espanha,87805340,30.628,direct
2011,392690,Outros artigos de plástico,276,Alemanha,70948217,24.748,direct
2011,392690,Outros artigos de plástico,380,Itália,27687424,9.658,direct
2011,392690,Outros artigos de plástico,251,França,19253853,6.716,direct
2011,392690,Outros artigos de plástico,156,China,17299647,6.034,direct
2011,392690,Outros artigos de plástico,528,Países Baixos,10398411,3.627,direct
2011,392690,Outros artigos de plástico,826,Reino Unido,10087572,3.519,direct
2011,392690,Outros artigos de plástico,56,Bélgica,4972222,1.734,direct
2011,720449,Outra sucata ferrosa,826,Reino Unido,135456799,30.704,direct
2011,720449,Outra sucata ferrosa,372,Irlanda,96191292,21.804,direct
2011,720449,Outra sucata ferrosa,251,França,88654113,20.095,direct
2011,720449,Outra sucata ferrosa,724,Espanha,71829679,16.282,direct
2011,720449,Outra sucata ferrosa,246,Finlândia,15011451,3.403,direct
2011,720449,Outra sucata ferrosa,752,Suécia,13237980,3.001,direct
2011,720449,Outra sucata ferrosa,208,Dinamarca,5893258,1.336,direct
2011,720449,Outra sucata ferrosa,233,Estónia,3588855,0.813,direct
2011,760120,"Ligas de alumínio, em bruto",579,Noruega,175149933,53.853,direct
2011,760120,"Ligas de alumínio, em bruto",724,Espanha,97808637,30.073,direct
2011,760120,"Ligas de alumínio, em bruto",826,Reino Unido,11813732,3.632,direct
2011,760120,"Ligas de alumínio, em bruto",251,França,10492407,3.226,direct
2011,760120,"Ligas de alumínio, em bruto",528,Países Baixos,9537025,2.932,direct
2011,760120,"Ligas de alumínio, em bruto",784,Emirados Árabes Unidos,9103731,2.799,direct
2011,760120,"Ligas de alumínio, em bruto",818,Egito,6195792,1.905,direct
2011,760120,"Ligas de alumínio, em bruto",300,Grécia,3809767,1.171,direct
2011,840820,Motores diesel para veículos,276,Alemanha,190907596,56.708,direct
2011,840820,Motores diesel para veículos,251,França,92878189,27.589,direct
2011,840820,Motores diesel para veículos,380,Itália,29634113,8.803,direct
2011,840820,Motores diesel para veículos,392,Japão,15998446,4.752,direct
2011,840820,Motores diesel para veículos,724,Espanha,6770267,2.011,direct
2011,840820,Motores diesel para veículos,56,Bélgica,216802,0.064,direct
2011,840820,Motores diesel para veículos,528,Países Baixos,93454,0.028,direct
2011,840820,Motores diesel para veículos,842,EUA,93230,0.028,direct
2011,847130,Computadores portáteis,724,Espanha,177127436,38.561,direct
2011,847130,Computadores portáteis,528,Países Baixos,111079290,24.182,direct
2011,847130,Computadores portáteis,276,Alemanha,64581253,14.059,direct
2011,847130,Computadores portáteis,380,Itália,61261943,13.337,direct
2011,847130,Computadores portáteis,156,China,24217710,5.272,direct
2011,847130,Computadores portáteis,251,França,11420003,2.486,direct
2011,847130,Computadores portáteis,826,Reino Unido,2234267,0.486,direct
2011,847130,Computadores portáteis,203,Chéquia,1899505,0.414,direct
2011,851712,Telemóveis,156,China,95865103,20.588,direct
2011,851712,Telemóveis,528,Países Baixos,71334162,15.319,direct
2011,851712,Telemóveis,372,Irlanda,54214907,11.643,direct
2011,851712,Telemóveis,704,Vietname,44662089,9.591,direct
2011,851712,Telemóveis,276,Alemanha,39162897,8.41,direct
2011,851712,Telemóveis,348,Hungria,38052078,8.172,direct
2011,851712,Telemóveis,410,Coreia do Sul,32225661,6.921,direct
2011,851712,Telemóveis,826,Reino Unido,18238133,3.917,direct
2011,852990,Outras partes de aparelhos de rádio e TV,276,Alemanha,89546297,38.092,direct
2011,852990,Outras partes de aparelhos de rádio e TV,380,Itália,35039408,14.905,direct
2011,852990,Outras partes de aparelhos de rádio e TV,724,Espanha,24785040,10.543,direct
2011,852990,Outras partes de aparelhos de rádio e TV,251,França,20685765,8.8,direct
2011,852990,Outras partes de aparelhos de rádio e TV,348,Hungria,12037703,5.121,direct
2011,852990,Outras partes de aparelhos de rádio e TV,528,Países Baixos,12008024,5.108,direct
2011,852990,Outras partes de aparelhos de rádio e TV,826,Reino Unido,10090024,4.292,direct
2011,852990,Outras partes de aparelhos de rádio e TV,156,China,9507624,4.044,direct
2011,854239,Outros circuitos integrados,276,Alemanha,42104451,27.516,direct
2011,854239,Outros circuitos integrados,251,França,31321880,20.469,direct
2011,854239,Outros circuitos integrados,528,Países Baixos,23366865,15.271,direct
2011,854239,Outros circuitos integrados,490,Taiwan (Prov. China),15960948,10.431,direct
2011,854239,Outros circuitos integrados,724,Espanha,11426385,7.467,direct
2011,854239,Outros circuitos integrados,458,Malásia,6566699,4.291,direct
2011,854239,Outros circuitos integrados,826,Reino Unido,6506883,4.252,direct
2011,854239,Outros circuitos integrados,372,Irlanda,4725943,3.088,direct
2011,870322,Automóveis a gasolina 1.000–1.500 cm³,724,Espanha,177793820,38.592,direct
2011,870322,Automóveis a gasolina 1.000–1.500 cm³,251,França,80347538,17.44,direct
2011,870322,Automóveis a gasolina 1.000–1.500 cm³,380,Itália,59271138,12.866,direct
2011,870322,Automóveis a gasolina 1.000–1.500 cm³,276,Alemanha,46583709,10.112,direct
2011,870322,Automóveis a gasolina 1.000–1.500 cm³,410,Coreia do Sul,25204379,5.471,direct
2011,870322,Automóveis a gasolina 1.000–1.500 cm³,203,Chéquia,13801975,2.996,direct
2011,870322,Automóveis a gasolina 1.000–1.500 cm³,826,Reino Unido,13670600,2.967,direct
2011,870322,Automóveis a gasolina 1.000–1.500 cm³,156,China,11558069,2.509,direct
2011,870323,Automóveis a gasolina 1.500–3.000 cm³,276,Alemanha,293683308,72.094,direct
2011,870323,Automóveis a gasolina 1.500–3.000 cm³,724,Espanha,49279211,12.097,direct
2011,870323,Automóveis a gasolina 1.500–3.000 cm³,826,Reino Unido,18059831,4.433,direct
2011,870323,Automóveis a gasolina 1.500–3.000 cm³,392,Japão,16652309,4.088,direct
2011,870323,Automóveis a gasolina 1.500–3.000 cm³,528,Países Baixos,10292941,2.527,direct
2011,870323,Automóveis a gasolina 1.500–3.000 cm³,410,Coreia do Sul,6175396,1.516,direct
2011,870323,Automóveis a gasolina 1.500–3.000 cm³,251,França,4083582,1.002,direct
2011,870323,Automóveis a gasolina 1.500–3.000 cm³,40,Áustria,3406600,0.836,direct
2011,870331,Automóveis diesel até 1.500 cm³,724,Espanha,316981734,47.391,direct
2011,870331,Automóveis diesel até 1.500 cm³,251,França,139282445,20.824,direct
2011,870331,Automóveis diesel até 1.500 cm³,276,Alemanha,85235249,12.743,direct
2011,870331,Automóveis diesel até 1.500 cm³,826,Reino Unido,65233144,9.753,direct
2011,870331,Automóveis diesel até 1.500 cm³,380,Itália,28165747,4.211,direct
2011,870331,Automóveis diesel até 1.500 cm³,792,Turquia,13059115,1.952,direct
2011,870331,Automóveis diesel até 1.500 cm³,703,Eslováquia,7284584,1.089,direct
2011,870331,Automóveis diesel até 1.500 cm³,203,Chéquia,5848986,0.874,direct
2011,870332,Automóveis diesel 1.500–2.500 cm³,276,Alemanha,1114611150,57.816,direct
2011,870332,Automóveis diesel 1.500–2.500 cm³,724,Espanha,225253524,11.684,direct
2011,870332,Automóveis diesel 1.500–2.500 cm³,251,França,224599549,11.65,direct
2011,870332,Automóveis diesel 1.500–2.500 cm³,826,Reino Unido,88925295,4.613,direct
2011,870332,Automóveis diesel 1.500–2.500 cm³,56,Bélgica,74324357,3.855,direct
2011,870332,Automóveis diesel 1.500–2.500 cm³,203,Chéquia,64931946,3.368,direct
2011,870332,Automóveis diesel 1.500–2.500 cm³,380,Itália,48256947,2.503,direct
2011,870332,Automóveis diesel 1.500–2.500 cm³,752,Suécia,25484986,1.322,direct
2011,870421,Camiões diesel até 5 t,724,Espanha,103126132,30.102,direct
2011,870421,Camiões diesel até 5 t,251,França,64323852,18.776,direct
2011,870421,Camiões diesel até 5 t,276,Alemanha,50550386,14.755,direct
2011,870421,Camiões diesel até 5 t,380,Itália,36047352,10.522,direct
2011,870421,Camiões diesel até 5 t,792,Turquia,32538977,9.498,direct
2011,870421,Camiões diesel até 5 t,710,África do Sul,18196318,5.311,direct
2011,870421,Camiões diesel até 5 t,764,Tailândia,17698509,5.166,direct
2011,870421,Camiões diesel até 5 t,826,Reino Unido,13930307,4.066,direct
2011,870840,Caixas de velocidades e partes,276,Alemanha,194375054,39.575,direct
2011,870840,Caixas de velocidades e partes,251,França,147095778,29.949,direct
2011,870840,Caixas de velocidades e partes,724,Espanha,86287235,17.568,direct
2011,870840,Caixas de velocidades e partes,392,Japão,35356991,7.199,direct
2011,870840,Caixas de velocidades e partes,642,Roménia,7760662,1.58,direct
2011,870840,Caixas de velocidades e partes,826,Reino Unido,5895101,1.2,direct
2011,870840,Caixas de velocidades e partes,348,Hungria,5535083,1.127,direct
2011,870840,Caixas de velocidades e partes,380,Itália,5027681,1.024,direct
2011,870899,Outras partes de veículos,276,Alemanha,642215608,37.485,direct
2011,870899,Outras partes de veículos,724,Espanha,537084079,31.349,direct
2011,870899,Outras partes de veículos,251,França,142196738,8.3,direct
2011,870899,Outras partes de veículos,203,Chéquia,86525605,5.05,direct
2011,870899,Outras partes de veículos,392,Japão,74211073,4.332,direct
2011,870899,Outras partes de veículos,380,Itália,43015869,2.511,direct
2011,870899,Outras partes de veículos,826,Reino Unido,39655818,2.315,direct
2011,870899,Outras partes de veículos,56,Bélgica,28474195,1.662,direct
2011,880240,Aviões +15.000 kg,842,EUA,124406974,100.0,direct
2011,999999,Mercadorias não especificadas,724,Espanha,6130965,58.071,direct
2011,999999,Mercadorias não especificadas,568,"Other Europe, nes",2958431,28.022,direct
2011,999999,Mercadorias não especificadas,528,Países Baixos,537151,5.088,direct
2011,999999,Mercadorias não especificadas,839,Special Categories,405301,3.839,direct
2011,999999,Mercadorias não especificadas,440,Lituânia,188447,1.785,direct
2011,999999,Mercadorias não especificadas,757,Suíça,58031,0.55,direct
2011,999999,Mercadorias não especificadas,276,Alemanha,52294,0.495,direct
2011,999999,Mercadorias não especificadas,156,China,47834,0.453,direct
2011,100590,Milho,804,Ucrânia,114929907,30.858,mirror
2011,100590,Milho,842,EUA,94991548,25.504,mirror
2011,100590,Milho,251,França,58098175,15.599,mirror
2011,100590,Milho,76,Brasil,30134328,8.091,mirror
2011,100590,Milho,724,Espanha,19650669,5.276,mirror
2011,100590,Milho,124,Canadá,19560774,5.252,mirror
2011,100590,Milho,100,Bulgária,17522348,4.705,mirror
2011,100590,Milho,710,África do Sul,9154438,2.458,mirror
2011,270900,Petróleo bruto,24,Angola,1611818386,22.578,mirror
2011,270900,Petróleo bruto,566,Nigéria,1346136685,18.857,mirror
2011,270900,Petróleo bruto,76,Brasil,1139166765,15.957,mirror
2011,270900,Petróleo bruto,398,Cazaquistão,1137753050,15.938,mirror
2011,270900,Petróleo bruto,12,Argélia,875280766,12.261,mirror
2011,270900,Petróleo bruto,31,Azerbaijan,324587021,4.547,mirror
2011,270900,Petróleo bruto,579,Noruega,258091601,3.615,mirror
2011,270900,Petróleo bruto,178,Congo,203342258,2.848,mirror
2011,271019,Gasóleo e combustíveis médios e pesados,724,Espanha,431278934,42.147,mirror
2011,271019,Gasóleo e combustíveis médios e pesados,826,Reino Unido,275846592,26.957,mirror
2011,271019,Gasóleo e combustíveis médios e pesados,528,Países Baixos,162535783,15.884,mirror
2011,271019,Gasóleo e combustíveis médios e pesados,643,Rússia,57194695,5.589,mirror
2011,271019,Gasóleo e combustíveis médios e pesados,251,França,23468937,2.294,mirror
2011,271019,Gasóleo e combustíveis médios e pesados,276,Alemanha,21190995,2.071,mirror
2011,271019,Gasóleo e combustíveis médios e pesados,56,Bélgica,17957583,1.755,mirror
2011,271019,Gasóleo e combustíveis médios e pesados,757,Suíça,16055367,1.569,mirror
2011,271111,Gás natural liquefeito (GNL),566,Nigéria,323553736,83.093,mirror
2011,271111,Gás natural liquefeito (GNL),634,Catar,64319936,16.518,mirror
2011,271111,Gás natural liquefeito (GNL),724,Espanha,1511329,0.388,mirror
2011,271111,Gás natural liquefeito (GNL),380,Itália,622,0.0,mirror
2011,271121,Gás natural em estado gasoso,12,Argélia,815726820,92.67,mirror
2011,271121,Gás natural em estado gasoso,724,Espanha,64522340,7.33,mirror
2011,271600,Energia elétrica,724,Espanha,223863809,100.0,mirror
2011,300490,Medicamentos,276,Alemanha,289905265,14.882,mirror
2011,300490,Medicamentos,724,Espanha,244048286,12.528,mirror
2011,300490,Medicamentos,757,Suíça,238769551,12.257,mirror
2011,300490,Medicamentos,372,Irlanda,235048108,12.066,mirror
2011,300490,Medicamentos,251,França,232518827,11.936,mirror
2011,300490,Medicamentos,528,Países Baixos,173676995,8.915,mirror
2011,300490,Medicamentos,380,Itália,162622955,8.348,mirror
2011,300490,Medicamentos,826,Reino Unido,146404924,7.515,mirror
2011,381512,Catalisadores,276,Alemanha,239413811,95.062,mirror
2011,381512,Catalisadores,380,Itália,6820514,2.708,mirror
2011,381512,Catalisadores,826,Reino Unido,4369642,1.735,mirror
2011,381512,Catalisadores,203,Chéquia,1104243,0.438,mirror
2011,381512,Catalisadores,752,Suécia,65061,0.026,mirror
2011,381512,Catalisadores,251,França,61633,0.024,mirror
2011,381512,Catalisadores,528,Países Baixos,15137,0.006,mirror
2011,392690,Outros artigos de plástico,276,Alemanha,95504339,31.548,mirror
2011,392690,Outros artigos de plástico,724,Espanha,70548503,23.305,mirror
2011,392690,Outros artigos de plástico,380,Itália,36664900,12.112,mirror
2011,392690,Outros artigos de plástico,251,França,22647522,7.481,mirror
2011,392690,Outros artigos de plástico,156,China,11447506,3.781,mirror
2011,392690,Outros artigos de plástico,348,Hungria,8744000,2.888,mirror
2011,392690,Outros artigos de plástico,528,Países Baixos,8525343,2.816,mirror
2011,392690,Outros artigos de plástico,826,Reino Unido,7938577,2.622,mirror
2011,720449,Outra sucata ferrosa,826,Reino Unido,125644837,48.342,mirror
2011,720449,Outra sucata ferrosa,251,França,49428603,19.018,mirror
2011,720449,Outra sucata ferrosa,372,Irlanda,35852764,13.794,mirror
2011,720449,Outra sucata ferrosa,246,Finlândia,16394817,6.308,mirror
2011,720449,Outra sucata ferrosa,752,Suécia,6013370,2.314,mirror
2011,720449,Outra sucata ferrosa,528,Países Baixos,4690184,1.805,mirror
2011,720449,Outra sucata ferrosa,724,Espanha,4159265,1.6,mirror
2011,720449,Outra sucata ferrosa,643,Rússia,3652237,1.405,mirror
2011,760120,"Ligas de alumínio, em bruto",579,Noruega,83670769,46.056,mirror
2011,760120,"Ligas de alumínio, em bruto",724,Espanha,67968306,37.412,mirror
2011,760120,"Ligas de alumínio, em bruto",826,Reino Unido,23976603,13.198,mirror
2011,760120,"Ligas de alumínio, em bruto",251,França,1344727,0.74,mirror
2011,760120,"Ligas de alumínio, em bruto",276,Alemanha,1301961,0.717,mirror
2011,760120,"Ligas de alumínio, em bruto",300,Grécia,1007370,0.554,mirror
2011,760120,"Ligas de alumínio, em bruto",528,Países Baixos,921577,0.507,mirror
2011,760120,"Ligas de alumínio, em bruto",380,Itália,749542,0.413,mirror
2011,840820,Motores diesel para veículos,276,Alemanha,205868149,60.463,mirror
2011,840820,Motores diesel para veículos,251,França,93599292,27.49,mirror
2011,840820,Motores diesel para veículos,380,Itália,29715272,8.727,mirror
2011,840820,Motores diesel para veículos,392,Japão,8469440,2.487,mirror
2011,840820,Motores diesel para veículos,724,Espanha,1668158,0.49,mirror
2011,840820,Motores diesel para veículos,528,Países Baixos,716595,0.21,mirror
2011,840820,Motores diesel para veículos,56,Bélgica,191087,0.056,mirror
2011,840820,Motores diesel para veículos,826,Reino Unido,131623,0.039,mirror
2011,847130,Computadores portáteis,724,Espanha,174100705,35.15,mirror
2011,847130,Computadores portáteis,528,Países Baixos,92259852,18.627,mirror
2011,847130,Computadores portáteis,156,China,92177938,18.61,mirror
2011,847130,Computadores portáteis,276,Alemanha,75671821,15.278,mirror
2011,847130,Computadores portáteis,380,Itália,43776637,8.838,mirror
2011,847130,Computadores portáteis,410,Coreia do Sul,5814256,1.174,mirror
2011,847130,Computadores portáteis,251,França,4935170,0.996,mirror
2011,847130,Computadores portáteis,203,Chéquia,1828069,0.369,mirror
2011,851712,Telemóveis,156,China,108609314,25.802,mirror
2011,851712,Telemóveis,348,Hungria,44685000,10.616,mirror
2011,851712,Telemóveis,276,Alemanha,40053569,9.515,mirror
2011,851712,Telemóveis,704,Vietname,38441096,9.132,mirror
2011,851712,Telemóveis,528,Países Baixos,37067249,8.806,mirror
2011,851712,Telemóveis,410,Coreia do Sul,27516946,6.537,mirror
2011,851712,Telemóveis,344,Hong Kong (RAEHK),25457243,6.048,mirror
2011,851712,Telemóveis,251,França,22714913,5.396,mirror
2011,852990,Outras partes de aparelhos de rádio e TV,156,China,46685079,37.039,mirror
2011,852990,Outras partes de aparelhos de rádio e TV,276,Alemanha,13080285,10.378,mirror
2011,852990,Outras partes de aparelhos de rádio e TV,392,Japão,12527069,9.939,mirror
2011,852990,Outras partes de aparelhos de rádio e TV,764,Tailândia,11939258,9.472,mirror
2011,852990,Outras partes de aparelhos de rádio e TV,344,Hong Kong (RAEHK),9018793,7.155,mirror
2011,852990,Outras partes de aparelhos de rádio e TV,724,Espanha,8457587,6.71,mirror
2011,852990,Outras partes de aparelhos de rádio e TV,40,Áustria,5311847,4.214,mirror
2011,852990,Outras partes de aparelhos de rádio e TV,528,Países Baixos,3893979,3.089,mirror
2011,854239,Outros circuitos integrados,276,Alemanha,56463625,39.529,mirror
2011,854239,Outros circuitos integrados,251,França,42047075,29.436,mirror
2011,854239,Outros circuitos integrados,528,Países Baixos,21533615,15.075,mirror
2011,854239,Outros circuitos integrados,702,Singapura,12220309,8.555,mirror
2011,854239,Outros circuitos integrados,826,Reino Unido,3693465,2.586,mirror
2011,854239,Outros circuitos integrados,490,Taiwan (Prov. China),1997172,1.398,mirror
2011,854239,Outros circuitos integrados,724,Espanha,1008880,0.706,mirror
2011,854239,Outros circuitos integrados,842,EUA,984511,0.689,mirror
2011,870322,Automóveis a gasolina 1.000–1.500 cm³,724,Espanha,138689929,32.486,mirror
2011,870322,Automóveis a gasolina 1.000–1.500 cm³,380,Itália,54225571,12.702,mirror
2011,870322,Automóveis a gasolina 1.000–1.500 cm³,251,França,47630543,11.157,mirror
2011,870322,Automóveis a gasolina 1.000–1.500 cm³,276,Alemanha,38264886,8.963,mirror
2011,870322,Automóveis a gasolina 1.000–1.500 cm³,410,Coreia do Sul,33010373,7.732,mirror
2011,870322,Automóveis a gasolina 1.000–1.500 cm³,616,Polónia,17913522,4.196,mirror
2011,870322,Automóveis a gasolina 1.000–1.500 cm³,792,Turquia,17912318,4.196,mirror
2011,870322,Automóveis a gasolina 1.000–1.500 cm³,156,China,12706569,2.976,mirror
2011,870323,Automóveis a gasolina 1.500–3.000 cm³,276,Alemanha,71786561,37.891,mirror
2011,870323,Automóveis a gasolina 1.500–3.000 cm³,251,França,33187898,17.518,mirror
2011,870323,Automóveis a gasolina 1.500–3.000 cm³,724,Espanha,29092256,15.356,mirror
2011,870323,Automóveis a gasolina 1.500–3.000 cm³,392,Japão,13680744,7.221,mirror
2011,870323,Automóveis a gasolina 1.500–3.000 cm³,826,Reino Unido,11703147,6.177,mirror
2011,870323,Automóveis a gasolina 1.500–3.000 cm³,752,Suécia,8130013,4.291,mirror
2011,870323,Automóveis a gasolina 1.500–3.000 cm³,410,Coreia do Sul,7621836,4.023,mirror
2011,870323,Automóveis a gasolina 1.500–3.000 cm³,40,Áustria,4236025,2.236,mirror
2011,870331,Automóveis diesel até 1.500 cm³,724,Espanha,400808824,61.795,mirror
2011,870331,Automóveis diesel até 1.500 cm³,251,França,66078717,10.188,mirror
2011,870331,Automóveis diesel até 1.500 cm³,826,Reino Unido,36438580,5.618,mirror
2011,870331,Automóveis diesel até 1.500 cm³,792,Turquia,35285369,5.44,mirror
2011,870331,Automóveis diesel até 1.500 cm³,380,Itália,25721875,3.966,mirror
2011,870331,Automóveis diesel até 1.500 cm³,642,Roménia,20991425,3.236,mirror
2011,870331,Automóveis diesel até 1.500 cm³,56,Bélgica,16987988,2.619,mirror
2011,870331,Automóveis diesel até 1.500 cm³,616,Polónia,15874912,2.448,mirror
2011,870332,Automóveis diesel 1.500–2.500 cm³,276,Alemanha,969951960,55.406,mirror
2011,870332,Automóveis diesel 1.500–2.500 cm³,251,França,205449099,11.736,mirror
2011,870332,Automóveis diesel 1.500–2.500 cm³,724,Espanha,194674601,11.12,mirror
2011,870332,Automóveis diesel 1.500–2.500 cm³,56,Bélgica,71089499,4.061,mirror
2011,870332,Automóveis diesel 1.500–2.500 cm³,826,Reino Unido,70159712,4.008,mirror
2011,870332,Automóveis diesel 1.500–2.500 cm³,380,Itália,53585376,3.061,mirror
2011,870332,Automóveis diesel 1.500–2.500 cm³,203,Chéquia,39046857,2.23,mirror
2011,870332,Automóveis diesel 1.500–2.500 cm³,703,Eslováquia,38052002,2.174,mirror
2011,870421,Camiões diesel até 5 t,724,Espanha,50996034,18.844,mirror
2011,870421,Camiões diesel até 5 t,251,França,49998612,18.475,mirror
2011,870421,Camiões diesel até 5 t,276,Alemanha,46578835,17.212,mirror
2011,870421,Camiões diesel até 5 t,392,Japão,25166162,9.299,mirror
2011,870421,Camiões diesel até 5 t,792,Turquia,23486642,8.679,mirror
2011,870421,Camiões diesel até 5 t,764,Tailândia,21080887,7.79,mirror
2011,870421,Camiões diesel até 5 t,380,Itália,18779748,6.939,mirror
2011,870421,Camiões diesel até 5 t,710,África do Sul,17334064,6.405,mirror
2011,870840,Caixas de velocidades e partes,276,Alemanha,190950457,70.344,mirror
2011,870840,Caixas de velocidades e partes,251,França,40963649,15.091,mirror
2011,870840,Caixas de velocidades e partes,724,Espanha,15364914,5.66,mirror
2011,870840,Caixas de velocidades e partes,826,Reino Unido,8333763,3.07,mirror
2011,870840,Caixas de velocidades e partes,392,Japão,7357976,2.711,mirror
2011,870840,Caixas de velocidades e partes,348,Hungria,5201000,1.916,mirror
2011,870840,Caixas de velocidades e partes,156,China,798033,0.294,mirror
2011,870840,Caixas de velocidades e partes,380,Itália,695076,0.256,mirror
2011,870899,Outras partes de veículos,724,Espanha,437492552,58.318,mirror
2011,870899,Outras partes de veículos,251,França,95626116,12.747,mirror
2011,870899,Outras partes de veículos,276,Alemanha,78186499,10.422,mirror
2011,870899,Outras partes de veículos,380,Itália,40019767,5.335,mirror
2011,870899,Outras partes de veículos,203,Chéquia,26807465,3.573,mirror
2011,870899,Outras partes de veículos,392,Japão,23848960,3.179,mirror
2011,870899,Outras partes de veículos,826,Reino Unido,9086799,1.211,mirror
2011,870899,Outras partes de veículos,842,EUA,5299810,0.706,mirror
2011,880240,Aviões +15.000 kg,360,Indonésia,180,100.0,mirror
2011,999999,Mercadorias não especificadas,276,Alemanha,398306542,28.221,mirror
2011,999999,Mercadorias não especificadas,842,EUA,246920980,17.495,mirror
2011,999999,Mercadorias não especificadas,826,Reino Unido,128432144,9.1,mirror
2011,999999,Mercadorias não especificadas,724,Espanha,124555536,8.825,mirror
2011,999999,Mercadorias não especificadas,251,França,116185085,8.232,mirror
2011,999999,Mercadorias não especificadas,528,Países Baixos,89109311,6.314,mirror
2011,999999,Mercadorias não especificadas,380,Itália,59067755,4.185,mirror
2011,999999,Mercadorias não especificadas,579,Noruega,51423862,3.644,mirror
2012,100590,Milho,804,Ucrânia,283593153,60.436,direct
2012,100590,Milho,251,França,42627335,9.084,direct
2012,100590,Milho,724,Espanha,41706187,8.888,direct
2012,100590,Milho,100,Bulgária,40263947,8.581,direct
2012,100590,Milho,76,Brasil,29829835,6.357,direct
2012,100590,Milho,643,Rússia,16449701,3.506,direct
2012,100590,Milho,842,EUA,7613692,1.623,direct
2012,100590,Milho,348,Hungria,4440394,0.946,direct
2012,270900,Petróleo bruto,24,Angola,2245759776,23.503,direct
2012,270900,Petróleo bruto,682,Arábia Saudita,987657039,10.336,direct
2012,270900,Petróleo bruto,398,Cazaquistão,973967763,10.193,direct
2012,270900,Petróleo bruto,76,Brasil,970125123,10.153,direct
2012,270900,Petróleo bruto,12,Argélia,944947763,9.889,direct
2012,270900,Petróleo bruto,31,Azerbaijan,640124105,6.699,direct
2012,270900,Petróleo bruto,566,Nigéria,571554311,5.982,direct
2012,270900,Petróleo bruto,434,Libya,513112873,5.37,direct
2012,271019,Gasóleo e combustíveis médios e pesados,724,Espanha,770257469,51.174,direct
2012,271019,Gasóleo e combustíveis médios e pesados,842,EUA,132825782,8.825,direct
2012,271019,Gasóleo e combustíveis médios e pesados,528,Países Baixos,121538723,8.075,direct
2012,271019,Gasóleo e combustíveis médios e pesados,643,Rússia,99382313,6.603,direct
2012,271019,Gasóleo e combustíveis médios e pesados,56,Bélgica,78405531,5.209,direct
2012,271019,Gasóleo e combustíveis médios e pesados,682,Arábia Saudita,57991785,3.853,direct
2012,271019,Gasóleo e combustíveis médios e pesados,826,Reino Unido,52324633,3.476,direct
2012,271019,Gasóleo e combustíveis médios e pesados,414,Kuwait,46353069,3.08,direct
2012,271111,Gás natural liquefeito (GNL),566,Nigéria,565749469,74.218,direct
2012,271111,Gás natural liquefeito (GNL),818,Egito,103759002,13.612,direct
2012,271111,Gás natural liquefeito (GNL),634,Catar,64989445,8.526,direct
2012,271111,Gás natural liquefeito (GNL),780,Trinidad and Tobago,26841656,3.521,direct
2012,271111,Gás natural liquefeito (GNL),724,Espanha,936607,0.123,direct
2012,271121,Gás natural em estado gasoso,724,Espanha,989534404,100.0,direct
2012,271600,Energia elétrica,724,Espanha,509109216,100.0,direct
2012,300490,Medicamentos,276,Alemanha,392979904,19.527,direct
2012,300490,Medicamentos,251,França,228881339,11.373,direct
2012,300490,Medicamentos,724,Espanha,221094075,10.986,direct
2012,300490,Medicamentos,372,Irlanda,202730529,10.074,direct
2012,300490,Medicamentos,528,Países Baixos,180526145,8.97,direct
2012,300490,Medicamentos,826,Reino Unido,167420316,8.319,direct
2012,300490,Medicamentos,757,Suíça,157674683,7.835,direct
2012,300490,Medicamentos,380,Itália,143773761,7.144,direct
2012,381512,Catalisadores,276,Alemanha,151876950,97.829,direct
2012,381512,Catalisadores,842,EUA,1227892,0.791,direct
2012,381512,Catalisadores,380,Itália,713536,0.46,direct
2012,381512,Catalisadores,251,França,670628,0.432,direct
2012,381512,Catalisadores,826,Reino Unido,333504,0.215,direct
2012,381512,Catalisadores,528,Países Baixos,206571,0.133,direct
2012,381512,Catalisadores,203,Chéquia,85458,0.055,direct
2012,381512,Catalisadores,616,Polónia,75225,0.048,direct
2012,392690,Outros artigos de plástico,276,Alemanha,73227706,27.819,direct
2012,392690,Outros artigos de plástico,724,Espanha,67671553,25.708,direct
2012,392690,Outros artigos de plástico,380,Itália,21888351,8.315,direct
2012,392690,Outros artigos de plástico,156,China,18955923,7.201,direct
2012,392690,Outros artigos de plástico,251,França,18536157,7.042,direct
2012,392690,Outros artigos de plástico,826,Reino Unido,10436950,3.965,direct
2012,392690,Outros artigos de plástico,528,Países Baixos,8736002,3.319,direct
2012,392690,Outros artigos de plástico,440,Lituânia,7814394,2.969,direct
2012,720449,Outra sucata ferrosa,826,Reino Unido,117128925,31.135,direct
2012,720449,Outra sucata ferrosa,724,Espanha,83798843,22.275,direct
2012,720449,Outra sucata ferrosa,251,França,60290570,16.026,direct
2012,720449,Outra sucata ferrosa,372,Irlanda,59262120,15.753,direct
2012,720449,Outra sucata ferrosa,208,Dinamarca,10182590,2.707,direct
2012,720449,Outra sucata ferrosa,276,Alemanha,9472854,2.518,direct
2012,720449,Outra sucata ferrosa,752,Suécia,9178313,2.44,direct
2012,720449,Outra sucata ferrosa,246,Finlândia,8407291,2.235,direct
2012,760120,"Ligas de alumínio, em bruto",724,Espanha,102376989,43.556,direct
2012,760120,"Ligas de alumínio, em bruto",579,Noruega,99071771,42.15,direct
2012,760120,"Ligas de alumínio, em bruto",826,Reino Unido,19715710,8.388,direct
2012,760120,"Ligas de alumínio, em bruto",818,Egito,5414012,2.303,direct
2012,760120,"Ligas de alumínio, em bruto",251,França,5364115,2.282,direct
2012,760120,"Ligas de alumínio, em bruto",528,Países Baixos,1323181,0.563,direct
2012,760120,"Ligas de alumínio, em bruto",246,Finlândia,690558,0.294,direct
2012,760120,"Ligas de alumínio, em bruto",300,Grécia,528929,0.225,direct
2012,840820,Motores diesel para veículos,276,Alemanha,161441517,57.704,direct
2012,840820,Motores diesel para veículos,251,França,81387665,29.09,direct
2012,840820,Motores diesel para veículos,380,Itália,19511303,6.974,direct
2012,840820,Motores diesel para veículos,392,Japão,11870045,4.243,direct
2012,840820,Motores diesel para veículos,724,Espanha,5212899,1.863,direct
2012,840820,Motores diesel para veículos,528,Países Baixos,73586,0.026,direct
2012,840820,Motores diesel para veículos,56,Bélgica,71591,0.026,direct
2012,840820,Motores diesel para veículos,752,Suécia,64751,0.023,direct
2012,847130,Computadores portáteis,724,Espanha,145812439,34.772,direct
2012,847130,Computadores portáteis,528,Países Baixos,111947027,26.696,direct
2012,847130,Computadores portáteis,276,Alemanha,56566194,13.489,direct
2012,847130,Computadores portáteis,380,Itália,36751870,8.764,direct
2012,847130,Computadores portáteis,156,China,33318842,7.946,direct
2012,847130,Computadores portáteis,372,Irlanda,11401757,2.719,direct
2012,847130,Computadores portáteis,251,França,9118079,2.174,direct
2012,847130,Computadores portáteis,410,Coreia do Sul,2961540,0.706,direct
2012,851712,Telemóveis,704,Vietname,90677157,19.072,direct
2012,851712,Telemóveis,156,China,89414266,18.806,direct
2012,851712,Telemóveis,528,Países Baixos,61473552,12.929,direct
2012,851712,Telemóveis,372,Irlanda,61372642,12.908,direct
2012,851712,Telemóveis,410,Coreia do Sul,29913367,6.291,direct
2012,851712,Telemóveis,348,Hungria,23799291,5.006,direct
2012,851712,Telemóveis,699,Índia,21114012,4.441,direct
2012,851712,Telemóveis,442,Luxemburgo,20108937,4.229,direct
2012,852990,Outras partes de aparelhos de rádio e TV,276,Alemanha,67701339,38.543,direct
2012,852990,Outras partes de aparelhos de rádio e TV,724,Espanha,25392652,14.456,direct
2012,852990,Outras partes de aparelhos de rádio e TV,380,Itália,25004021,14.235,direct
2012,852990,Outras partes de aparelhos de rádio e TV,251,França,15896408,9.05,direct
2012,852990,Outras partes de aparelhos de rádio e TV,156,China,9233504,5.257,direct
2012,852990,Outras partes de aparelhos de rádio e TV,348,Hungria,8798589,5.009,direct
2012,852990,Outras partes de aparelhos de rádio e TV,826,Reino Unido,5067705,2.885,direct
2012,852990,Outras partes de aparelhos de rádio e TV,528,Países Baixos,5019923,2.858,direct
2012,854239,Outros circuitos integrados,276,Alemanha,30462641,24.609,direct
2012,854239,Outros circuitos integrados,251,França,22354524,18.059,direct
2012,854239,Outros circuitos integrados,528,Países Baixos,17699303,14.298,direct
2012,854239,Outros circuitos integrados,490,Taiwan (Prov. China),15051941,12.159,direct
2012,854239,Outros circuitos integrados,724,Espanha,11482383,9.276,direct
2012,854239,Outros circuitos integrados,458,Malásia,6457221,5.216,direct
2012,854239,Outros circuitos integrados,826,Reino Unido,5536909,4.473,direct
2012,854239,Outros circuitos integrados,372,Irlanda,4523812,3.654,direct
2012,870322,Automóveis a gasolina 1.000–1.500 cm³,724,Espanha,80967659,35.297,direct
2012,870322,Automóveis a gasolina 1.000–1.500 cm³,380,Itália,39822563,17.36,direct
2012,870322,Automóveis a gasolina 1.000–1.500 cm³,251,França,33872464,14.766,direct
2012,870322,Automóveis a gasolina 1.000–1.500 cm³,276,Alemanha,22166879,9.663,direct
2012,870322,Automóveis a gasolina 1.000–1.500 cm³,703,Eslováquia,11705340,5.103,direct
2012,870322,Automóveis a gasolina 1.000–1.500 cm³,203,Chéquia,9071289,3.955,direct
2012,870322,Automóveis a gasolina 1.000–1.500 cm³,826,Reino Unido,8852414,3.859,direct
2012,870322,Automóveis a gasolina 1.000–1.500 cm³,156,China,6337298,2.763,direct
2012,870323,Automóveis a gasolina 1.500–3.000 cm³,276,Alemanha,177003426,76.326,direct
2012,870323,Automóveis a gasolina 1.500–3.000 cm³,724,Espanha,31708207,13.673,direct
2012,870323,Automóveis a gasolina 1.500–3.000 cm³,826,Reino Unido,10680832,4.606,direct
2012,870323,Automóveis a gasolina 1.500–3.000 cm³,392,Japão,5849753,2.522,direct
2012,870323,Automóveis a gasolina 1.500–3.000 cm³,251,França,4257881,1.836,direct
2012,870323,Automóveis a gasolina 1.500–3.000 cm³,203,Chéquia,533203,0.23,direct
2012,870323,Automóveis a gasolina 1.500–3.000 cm³,56,Bélgica,494835,0.213,direct
2012,870323,Automóveis a gasolina 1.500–3.000 cm³,703,Eslováquia,489314,0.211,direct
2012,870331,Automóveis diesel até 1.500 cm³,724,Espanha,150520200,41.498,direct
2012,870331,Automóveis diesel até 1.500 cm³,251,França,82475182,22.738,direct
2012,870331,Automóveis diesel até 1.500 cm³,276,Alemanha,51482856,14.194,direct
2012,870331,Automóveis diesel até 1.500 cm³,826,Reino Unido,36298219,10.007,direct
2012,870331,Automóveis diesel até 1.500 cm³,380,Itália,13345629,3.679,direct
2012,870331,Automóveis diesel até 1.500 cm³,703,Eslováquia,7644534,2.108,direct
2012,870331,Automóveis diesel até 1.500 cm³,792,Turquia,7466370,2.058,direct
2012,870331,Automóveis diesel até 1.500 cm³,203,Chéquia,6687679,1.844,direct
2012,870332,Automóveis diesel 1.500–2.500 cm³,276,Alemanha,710323794,63.63,direct
2012,870332,Automóveis diesel 1.500–2.500 cm³,251,França,91780380,8.222,direct
2012,870332,Automóveis diesel 1.500–2.500 cm³,826,Reino Unido,88319756,7.912,direct
2012,870332,Automóveis diesel 1.500–2.500 cm³,724,Espanha,78688127,7.049,direct
2012,870332,Automóveis diesel 1.500–2.500 cm³,56,Bélgica,44197388,3.959,direct
2012,870332,Automóveis diesel 1.500–2.500 cm³,203,Chéquia,41187703,3.69,direct
2012,870332,Automóveis diesel 1.500–2.500 cm³,752,Suécia,18927609,1.696,direct
2012,870332,Automóveis diesel 1.500–2.500 cm³,380,Itália,18733159,1.678,direct
2012,870421,Camiões diesel até 5 t,724,Espanha,54415111,38.522,direct
2012,870421,Camiões diesel até 5 t,251,França,28977327,20.514,direct
2012,870421,Camiões diesel até 5 t,380,Itália,18075824,12.796,direct
2012,870421,Camiões diesel até 5 t,792,Turquia,11939109,8.452,direct
2012,870421,Camiões diesel até 5 t,276,Alemanha,9083823,6.431,direct
2012,870421,Camiões diesel até 5 t,764,Tailândia,5714232,4.045,direct
2012,870421,Camiões diesel até 5 t,710,África do Sul,4377445,3.099,direct
2012,870421,Camiões diesel até 5 t,76,Brasil,2972422,2.104,direct
2012,870840,Caixas de velocidades e partes,276,Alemanha,159174900,38.609,direct
2012,870840,Caixas de velocidades e partes,251,França,142637708,34.598,direct
2012,870840,Caixas de velocidades e partes,724,Espanha,70090052,17.001,direct
2012,870840,Caixas de velocidades e partes,392,Japão,19615215,4.758,direct
2012,870840,Caixas de velocidades e partes,642,Roménia,6193014,1.502,direct
2012,870840,Caixas de velocidades e partes,380,Itália,6128926,1.487,direct
2012,870840,Caixas de velocidades e partes,826,Reino Unido,4966121,1.205,direct
2012,870840,Caixas de velocidades e partes,528,Países Baixos,1486315,0.361,direct
2012,870899,Outras partes de veículos,724,Espanha,496475797,35.166,direct
2012,870899,Outras partes de veículos,276,Alemanha,481437401,34.1,direct
2012,870899,Outras partes de veículos,251,França,107734581,7.631,direct
2012,870899,Outras partes de veículos,203,Chéquia,73376126,5.197,direct
2012,870899,Outras partes de veículos,392,Japão,57596276,4.08,direct
2012,870899,Outras partes de veículos,826,Reino Unido,35836670,2.538,direct
2012,870899,Outras partes de veículos,380,Itália,32976210,2.336,direct
2012,870899,Outras partes de veículos,56,Bélgica,23232761,1.646,direct
2012,880240,Aviões +15.000 kg,226,Guiné Equatorial,194943489,81.059,direct
2012,880240,Aviões +15.000 kg,842,EUA,45551220,18.941,direct
2012,999999,Mercadorias não especificadas,528,Países Baixos,57784,54.755,direct
2012,999999,Mercadorias não especificadas,724,Espanha,33801,32.029,direct
2012,999999,Mercadorias não especificadas,276,Alemanha,8236,7.804,direct
2012,999999,Mercadorias não especificadas,380,Itália,3448,3.267,direct
2012,999999,Mercadorias não especificadas,826,Reino Unido,2127,2.016,direct
2012,999999,Mercadorias não especificadas,208,Dinamarca,135,0.128,direct
2012,100590,Milho,804,Ucrânia,254397311,60.99,mirror
2012,100590,Milho,100,Bulgária,45032216,10.796,mirror
2012,100590,Milho,76,Brasil,36958710,8.861,mirror
2012,100590,Milho,724,Espanha,33902991,8.128,mirror
2012,100590,Milho,251,França,28513683,6.836,mirror
2012,100590,Milho,642,Roménia,9199023,2.205,mirror
2012,100590,Milho,643,Rússia,8126389,1.948,mirror
2012,100590,Milho,32,Argentina,625328,0.15,mirror
2012,270900,Petróleo bruto,24,Angola,1977629298,28.635,mirror
2012,270900,Petróleo bruto,398,Cazaquistão,1017805700,14.737,mirror
2012,270900,Petróleo bruto,76,Brasil,823100338,11.918,mirror
2012,270900,Petróleo bruto,12,Argélia,755674061,10.942,mirror
2012,270900,Petróleo bruto,566,Nigéria,700646280,10.145,mirror
2012,270900,Petróleo bruto,120,Camarões,489009719,7.081,mirror
2012,270900,Petróleo bruto,178,Congo,428689716,6.207,mirror
2012,270900,Petróleo bruto,643,Rússia,359948013,5.212,mirror
2012,271019,Gasóleo e combustíveis médios e pesados,724,Espanha,579625564,62.777,mirror
2012,271019,Gasóleo e combustíveis médios e pesados,528,Países Baixos,163595326,17.718,mirror
2012,271019,Gasóleo e combustíveis médios e pesados,826,Reino Unido,53102629,5.751,mirror
2012,271019,Gasóleo e combustíveis médios e pesados,458,Malásia,29793308,3.227,mirror
2012,271019,Gasóleo e combustíveis médios e pesados,251,França,29765713,3.224,mirror
2012,271019,Gasóleo e combustíveis médios e pesados,276,Alemanha,23265449,2.52,mirror
2012,271019,Gasóleo e combustíveis médios e pesados,757,Suíça,16358189,1.772,mirror
2012,271019,Gasóleo e combustíveis médios e pesados,56,Bélgica,16092105,1.743,mirror
2012,271111,Gás natural liquefeito (GNL),566,Nigéria,211439228,78.88,mirror
2012,271111,Gás natural liquefeito (GNL),818,Egito,27140913,10.125,mirror
2012,271111,Gás natural liquefeito (GNL),56,Bélgica,14181904,5.291,mirror
2012,271111,Gás natural liquefeito (GNL),724,Espanha,9455044,3.527,mirror
2012,271111,Gás natural liquefeito (GNL),780,Trinidad and Tobago,5833879,2.176,mirror
2012,271111,Gás natural liquefeito (GNL),251,França,150,0.0,mirror
2012,271121,Gás natural em estado gasoso,12,Argélia,883082846,99.877,mirror
2012,271121,Gás natural em estado gasoso,724,Espanha,1086277,0.123,mirror
2012,271121,Gás natural em estado gasoso,702,Singapura,2300,0.0,mirror
2012,271600,Energia elétrica,724,Espanha,329753979,100.0,mirror
2012,300490,Medicamentos,276,Alemanha,329518003,18.611,mirror
2012,300490,Medicamentos,251,França,228081307,12.882,mirror
2012,300490,Medicamentos,724,Espanha,226875092,12.814,mirror
2012,300490,Medicamentos,757,Suíça,205366297,11.599,mirror
2012,300490,Medicamentos,372,Irlanda,204787521,11.566,mirror
2012,300490,Medicamentos,380,Itália,157683705,8.906,mirror
2012,300490,Medicamentos,528,Países Baixos,149341513,8.435,mirror
2012,300490,Medicamentos,826,Reino Unido,115835322,6.542,mirror
2012,381512,Catalisadores,276,Alemanha,172601122,87.754,mirror
2012,381512,Catalisadores,826,Reino Unido,17809605,9.055,mirror
2012,381512,Catalisadores,380,Itália,2863918,1.456,mirror
2012,381512,Catalisadores,203,Chéquia,1331215,0.677,mirror
2012,381512,Catalisadores,842,EUA,1262750,0.642,mirror
2012,381512,Catalisadores,251,França,785154,0.399,mirror
2012,381512,Catalisadores,528,Países Baixos,29054,0.015,mirror
2012,381512,Catalisadores,490,Taiwan (Prov. China),5033,0.003,mirror
2012,392690,Outros artigos de plástico,276,Alemanha,68616020,28.235,mirror
2012,392690,Outros artigos de plástico,724,Espanha,60453530,24.876,mirror
2012,392690,Outros artigos de plástico,380,Itália,30758927,12.657,mirror
2012,392690,Outros artigos de plástico,251,França,17903222,7.367,mirror
2012,392690,Outros artigos de plástico,156,China,12689327,5.222,mirror
2012,392690,Outros artigos de plástico,826,Reino Unido,7779702,3.201,mirror
2012,392690,Outros artigos de plástico,528,Países Baixos,6728228,2.769,mirror
2012,392690,Outros artigos de plástico,40,Áustria,3578323,1.472,mirror
2012,720449,Outra sucata ferrosa,826,Reino Unido,96424310,43.789,mirror
2012,720449,Outra sucata ferrosa,251,França,47118846,21.398,mirror
2012,720449,Outra sucata ferrosa,752,Suécia,15829684,7.189,mirror
2012,720449,Outra sucata ferrosa,579,Noruega,13452843,6.109,mirror
2012,720449,Outra sucata ferrosa,372,Irlanda,11358877,5.158,mirror
2012,720449,Outra sucata ferrosa,276,Alemanha,9477364,4.304,mirror
2012,720449,Outra sucata ferrosa,246,Finlândia,8412930,3.821,mirror
2012,720449,Outra sucata ferrosa,208,Dinamarca,7808032,3.546,mirror
2012,760120,"Ligas de alumínio, em bruto",579,Noruega,67342596,47.725,mirror
2012,760120,"Ligas de alumínio, em bruto",724,Espanha,52441755,37.165,mirror
2012,760120,"Ligas de alumínio, em bruto",826,Reino Unido,18536095,13.136,mirror
2012,760120,"Ligas de alumínio, em bruto",300,Grécia,682759,0.484,mirror
2012,760120,"Ligas de alumínio, em bruto",251,França,681225,0.483,mirror
2012,760120,"Ligas de alumínio, em bruto",566,Nigéria,371549,0.263,mirror
2012,760120,"Ligas de alumínio, em bruto",276,Alemanha,344470,0.244,mirror
2012,760120,"Ligas de alumínio, em bruto",528,Países Baixos,279722,0.198,mirror
2012,840820,Motores diesel para veículos,276,Alemanha,154156987,58.508,mirror
2012,840820,Motores diesel para veículos,251,França,81266851,30.844,mirror
2012,840820,Motores diesel para veículos,380,Itália,19405702,7.365,mirror
2012,840820,Motores diesel para veículos,392,Japão,6511237,2.471,mirror
2012,840820,Motores diesel para veículos,724,Espanha,1124568,0.427,mirror
2012,840820,Motores diesel para veículos,528,Países Baixos,678133,0.257,mirror
2012,840820,Motores diesel para veículos,56,Bélgica,136910,0.052,mirror
2012,840820,Motores diesel para veículos,752,Suécia,92695,0.035,mirror
2012,847130,Computadores portáteis,156,China,175288402,32.284,mirror
2012,847130,Computadores portáteis,724,Espanha,145358325,26.771,mirror
2012,847130,Computadores portáteis,528,Países Baixos,91509294,16.854,mirror
2012,847130,Computadores portáteis,276,Alemanha,62642131,11.537,mirror
2012,847130,Computadores portáteis,380,Itália,45428633,8.367,mirror
2012,847130,Computadores portáteis,704,Vietname,7390909,1.361,mirror
2012,847130,Computadores portáteis,410,Coreia do Sul,4193569,0.772,mirror
2012,847130,Computadores portáteis,251,França,3561294,0.656,mirror
2012,851712,Telemóveis,156,China,100108082,25.072,mirror
2012,851712,Telemóveis,251,França,61116134,15.306,mirror
2012,851712,Telemóveis,704,Vietname,56230004,14.083,mirror
2012,851712,Telemóveis,528,Países Baixos,36426332,9.123,mirror
2012,851712,Telemóveis,348,Hungria,28287601,7.084,mirror
2012,851712,Telemóveis,410,Coreia do Sul,27955853,7.001,mirror
2012,851712,Telemóveis,276,Alemanha,22476919,5.629,mirror
2012,851712,Telemóveis,699,Índia,20010767,5.012,mirror
2012,852990,Outras partes de aparelhos de rádio e TV,156,China,62699217,48.601,mirror
2012,852990,Outras partes de aparelhos de rádio e TV,344,Hong Kong (RAEHK),11897413,9.222,mirror
2012,852990,Outras partes de aparelhos de rádio e TV,392,Japão,10573255,8.196,mirror
2012,852990,Outras partes de aparelhos de rádio e TV,276,Alemanha,9659839,7.488,mirror
2012,852990,Outras partes de aparelhos de rádio e TV,348,Hungria,7143985,5.538,mirror
2012,852990,Outras partes de aparelhos de rádio e TV,764,Tailândia,6644694,5.151,mirror
2012,852990,Outras partes de aparelhos de rádio e TV,724,Espanha,4983421,3.863,mirror
2012,852990,Outras partes de aparelhos de rádio e TV,528,Países Baixos,4212588,3.265,mirror
2012,854239,Outros circuitos integrados,276,Alemanha,55405504,45.848,mirror
2012,854239,Outros circuitos integrados,251,França,34770673,28.773,mirror
2012,854239,Outros circuitos integrados,528,Países Baixos,9270553,7.671,mirror
2012,854239,Outros circuitos integrados,826,Reino Unido,6458585,5.345,mirror
2012,854239,Outros circuitos integrados,702,Singapura,6395844,5.293,mirror
2012,854239,Outros circuitos integrados,724,Espanha,3507042,2.902,mirror
2012,854239,Outros circuitos integrados,490,Taiwan (Prov. China),1376656,1.139,mirror
2012,854239,Outros circuitos integrados,56,Bélgica,1036950,0.858,mirror
2012,870322,Automóveis a gasolina 1.000–1.500 cm³,724,Espanha,69933862,34.869,mirror
2012,870322,Automóveis a gasolina 1.000–1.500 cm³,380,Itália,27698507,13.81,mirror
2012,870322,Automóveis a gasolina 1.000–1.500 cm³,251,França,17903586,8.927,mirror
2012,870322,Automóveis a gasolina 1.000–1.500 cm³,276,Alemanha,14591996,7.275,mirror
2012,870322,Automóveis a gasolina 1.000–1.500 cm³,616,Polónia,14148961,7.055,mirror
2012,870322,Automóveis a gasolina 1.000–1.500 cm³,703,Eslováquia,12084552,6.025,mirror
2012,870322,Automóveis a gasolina 1.000–1.500 cm³,826,Reino Unido,9203815,4.589,mirror
2012,870322,Automóveis a gasolina 1.000–1.500 cm³,156,China,8051088,4.014,mirror
2012,870323,Automóveis a gasolina 1.500–3.000 cm³,276,Alemanha,23196681,30.901,mirror
2012,870323,Automóveis a gasolina 1.500–3.000 cm³,251,França,21264972,28.328,mirror
2012,870323,Automóveis a gasolina 1.500–3.000 cm³,752,Suécia,5928622,7.898,mirror
2012,870323,Automóveis a gasolina 1.500–3.000 cm³,724,Espanha,5811947,7.742,mirror
2012,870323,Automóveis a gasolina 1.500–3.000 cm³,826,Reino Unido,5617464,7.483,mirror
2012,870323,Automóveis a gasolina 1.500–3.000 cm³,392,Japão,4031926,5.371,mirror
2012,870323,Automóveis a gasolina 1.500–3.000 cm³,56,Bélgica,2333296,3.108,mirror
2012,870323,Automóveis a gasolina 1.500–3.000 cm³,842,EUA,1061097,1.414,mirror
2012,870331,Automóveis diesel até 1.500 cm³,724,Espanha,86212802,33.214,mirror
2012,870331,Automóveis diesel até 1.500 cm³,251,França,77780133,29.965,mirror
2012,870331,Automóveis diesel até 1.500 cm³,792,Turquia,21294971,8.204,mirror
2012,870331,Automóveis diesel até 1.500 cm³,380,Itália,12998633,5.008,mirror
2012,870331,Automóveis diesel até 1.500 cm³,826,Reino Unido,11465460,4.417,mirror
2012,870331,Automóveis diesel até 1.500 cm³,56,Bélgica,10017617,3.859,mirror
2012,870331,Automóveis diesel até 1.500 cm³,703,Eslováquia,8252667,3.179,mirror
2012,870331,Automóveis diesel até 1.500 cm³,642,Roménia,7921303,3.052,mirror
2012,870332,Automóveis diesel 1.500–2.500 cm³,276,Alemanha,628254066,61.004,mirror
2012,870332,Automóveis diesel 1.500–2.500 cm³,724,Espanha,117206963,11.381,mirror
2012,870332,Automóveis diesel 1.500–2.500 cm³,251,França,79237147,7.694,mirror
2012,870332,Automóveis diesel 1.500–2.500 cm³,56,Bélgica,48604592,4.72,mirror
2012,870332,Automóveis diesel 1.500–2.500 cm³,826,Reino Unido,47827943,4.644,mirror
2012,870332,Automóveis diesel 1.500–2.500 cm³,203,Chéquia,23527661,2.285,mirror
2012,870332,Automóveis diesel 1.500–2.500 cm³,380,Itália,20404002,1.981,mirror
2012,870332,Automóveis diesel 1.500–2.500 cm³,410,Coreia do Sul,10515006,1.021,mirror
2012,870421,Camiões diesel até 5 t,724,Espanha,42909518,31.236,mirror
2012,870421,Camiões diesel até 5 t,251,França,28636749,20.846,mirror
2012,870421,Camiões diesel até 5 t,276,Alemanha,14501024,10.556,mirror
2012,870421,Camiões diesel até 5 t,392,Japão,11434933,8.324,mirror
2012,870421,Camiões diesel até 5 t,792,Turquia,8485175,6.177,mirror
2012,870421,Camiões diesel até 5 t,616,Polónia,7560521,5.504,mirror
2012,870421,Camiões diesel até 5 t,380,Itália,6880029,5.008,mirror
2012,870421,Camiões diesel até 5 t,710,África do Sul,6607177,4.81,mirror
2012,870840,Caixas de velocidades e partes,276,Alemanha,158906160,72.366,mirror
2012,870840,Caixas de velocidades e partes,251,França,34645177,15.777,mirror
2012,870840,Caixas de velocidades e partes,724,Espanha,9898305,4.508,mirror
2012,870840,Caixas de velocidades e partes,826,Reino Unido,7104284,3.235,mirror
2012,870840,Caixas de velocidades e partes,392,Japão,4963948,2.261,mirror
2012,870840,Caixas de velocidades e partes,380,Itália,612525,0.279,mirror
2012,870840,Caixas de velocidades e partes,703,Eslováquia,575514,0.262,mirror
2012,870840,Caixas de velocidades e partes,156,China,547535,0.249,mirror
2012,870899,Outras partes de veículos,724,Espanha,373456410,55.915,mirror
2012,870899,Outras partes de veículos,251,França,122229517,18.301,mirror
2012,870899,Outras partes de veículos,276,Alemanha,58917796,8.821,mirror
2012,870899,Outras partes de veículos,380,Itália,32659034,4.89,mirror
2012,870899,Outras partes de veículos,203,Chéquia,22703004,3.399,mirror
2012,870899,Outras partes de veículos,392,Japão,18453260,2.763,mirror
2012,870899,Outras partes de veículos,826,Reino Unido,8284529,1.24,mirror
2012,870899,Outras partes de veículos,410,Coreia do Sul,4688240,0.702,mirror
2012,880240,Aviões +15.000 kg,562,Niger,7060,100.0,mirror
2012,999999,Mercadorias não especificadas,276,Alemanha,280734774,26.178,mirror
2012,999999,Mercadorias não especificadas,842,EUA,168119185,15.677,mirror
2012,999999,Mercadorias não especificadas,724,Espanha,97340592,9.077,mirror
2012,999999,Mercadorias não especificadas,251,França,91420635,8.525,mirror
2012,999999,Mercadorias não especificadas,826,Reino Unido,78727273,7.341,mirror
2012,999999,Mercadorias não especificadas,528,Países Baixos,58656203,5.47,mirror
2012,999999,Mercadorias não especificadas,76,Brasil,52792199,4.923,mirror
2012,999999,Mercadorias não especificadas,380,Itália,42292690,3.944,mirror
2013,100590,Milho,76,Brasil,195935577,41.924,direct
2013,100590,Milho,804,Ucrânia,176281447,37.718,direct
2013,100590,Milho,100,Bulgária,28490859,6.096,direct
2013,100590,Milho,251,França,26606107,5.693,direct
2013,100590,Milho,724,Espanha,24902880,5.328,direct
2013,100590,Milho,124,Canadá,8827963,1.889,direct
2013,100590,Milho,642,Roménia,4482539,0.959,direct
2013,100590,Milho,32,Argentina,672106,0.144,direct
2013,270900,Petróleo bruto,24,Angola,3447322477,36.85,direct
2013,270900,Petróleo bruto,120,Camarões,1057735599,11.306,direct
2013,270900,Petróleo bruto,682,Arábia Saudita,781364898,8.352,direct
2013,270900,Petróleo bruto,398,Cazaquistão,729719158,7.8,direct
2013,270900,Petróleo bruto,31,Azerbaijan,568594026,6.078,direct
2013,270900,Petróleo bruto,566,Nigéria,547400204,5.851,direct
2013,270900,Petróleo bruto,643,Rússia,429748607,4.594,direct
2013,270900,Petróleo bruto,12,Argélia,398102455,4.255,direct
2013,271019,Gasóleo e combustíveis médios e pesados,643,Rússia,674712860,40.456,direct
2013,271019,Gasóleo e combustíveis médios e pesados,724,Espanha,543684453,32.6,direct
2013,271019,Gasóleo e combustíveis médios e pesados,528,Países Baixos,167091161,10.019,direct
2013,271019,Gasóleo e combustíveis médios e pesados,826,Reino Unido,103616845,6.213,direct
2013,271019,Gasóleo e combustíveis médios e pesados,251,França,68284433,4.094,direct
2013,271019,Gasóleo e combustíveis médios e pesados,56,Bélgica,40382281,2.421,direct
2013,271019,Gasóleo e combustíveis médios e pesados,804,Ucrânia,32708440,1.961,direct
2013,271019,Gasóleo e combustíveis médios e pesados,752,Suécia,15484207,0.928,direct
2013,271111,Gás natural liquefeito (GNL),566,Nigéria,400557400,53.947,direct
2013,271111,Gás natural liquefeito (GNL),634,Catar,135940022,18.309,direct
2013,271111,Gás natural liquefeito (GNL),579,Noruega,53042040,7.144,direct
2013,271111,Gás natural liquefeito (GNL),899,"Areas, nes",51967879,6.999,direct
2013,271111,Gás natural liquefeito (GNL),818,Egito,40470079,5.451,direct
2013,271111,Gás natural liquefeito (GNL),842,EUA,39188827,5.278,direct
2013,271111,Gás natural liquefeito (GNL),12,Argélia,19919376,2.683,direct
2013,271111,Gás natural liquefeito (GNL),724,Espanha,1410879,0.19,direct
2013,271121,Gás natural em estado gasoso,724,Espanha,1214062681,100.0,direct
2013,271600,Energia elétrica,724,Espanha,341775066,100.0,direct
2013,300490,Medicamentos,276,Alemanha,396709097,20.371,direct
2013,300490,Medicamentos,372,Irlanda,206602030,10.609,direct
2013,300490,Medicamentos,826,Reino Unido,191926439,9.855,direct
2013,300490,Medicamentos,724,Espanha,189837565,9.748,direct
2013,300490,Medicamentos,528,Países Baixos,189095469,9.71,direct
2013,300490,Medicamentos,251,França,177672842,9.123,direct
2013,300490,Medicamentos,757,Suíça,166848257,8.568,direct
2013,300490,Medicamentos,56,Bélgica,144803256,7.436,direct
2013,381512,Catalisadores,276,Alemanha,82570002,97.546,direct
2013,381512,Catalisadores,203,Chéquia,631095,0.746,direct
2013,381512,Catalisadores,380,Itália,511114,0.604,direct
2013,381512,Catalisadores,826,Reino Unido,317728,0.375,direct
2013,381512,Catalisadores,251,França,284885,0.337,direct
2013,381512,Catalisadores,528,Países Baixos,216122,0.255,direct
2013,381512,Catalisadores,724,Espanha,59681,0.071,direct
2013,381512,Catalisadores,616,Polónia,56045,0.066,direct
2013,392690,Outros artigos de plástico,276,Alemanha,84140923,30.225,direct
2013,392690,Outros artigos de plástico,724,Espanha,71928822,25.838,direct
2013,392690,Outros artigos de plástico,380,Itália,24515526,8.807,direct
2013,392690,Outros artigos de plástico,251,França,18318308,6.58,direct
2013,392690,Outros artigos de plástico,156,China,16573319,5.954,direct
2013,392690,Outros artigos de plástico,826,Reino Unido,13830385,4.968,direct
2013,392690,Outros artigos de plástico,528,Países Baixos,9721641,3.492,direct
2013,392690,Outros artigos de plástico,440,Lituânia,5958274,2.14,direct
2013,720449,Outra sucata ferrosa,826,Reino Unido,153912213,37.386,direct
2013,720449,Outra sucata ferrosa,724,Espanha,104539134,25.393,direct
2013,720449,Outra sucata ferrosa,251,França,52327515,12.711,direct
2013,720449,Outra sucata ferrosa,372,Irlanda,44161266,10.727,direct
2013,720449,Outra sucata ferrosa,752,Suécia,19210631,4.666,direct
2013,720449,Outra sucata ferrosa,842,EUA,8886432,2.159,direct
2013,720449,Outra sucata ferrosa,246,Finlândia,8806392,2.139,direct
2013,720449,Outra sucata ferrosa,276,Alemanha,5658468,1.374,direct
2013,760120,"Ligas de alumínio, em bruto",724,Espanha,145457677,83.117,direct
2013,760120,"Ligas de alumínio, em bruto",826,Reino Unido,9514590,5.437,direct
2013,760120,"Ligas de alumínio, em bruto",528,Países Baixos,7856329,4.489,direct
2013,760120,"Ligas de alumínio, em bruto",579,Noruega,4792582,2.739,direct
2013,760120,"Ligas de alumínio, em bruto",251,França,4667881,2.667,direct
2013,760120,"Ligas de alumínio, em bruto",276,Alemanha,1002194,0.573,direct
2013,760120,"Ligas de alumínio, em bruto",752,Suécia,947287,0.541,direct
2013,760120,"Ligas de alumínio, em bruto",784,Emirados Árabes Unidos,477076,0.273,direct
2013,840820,Motores diesel para veículos,276,Alemanha,139032415,50.404,direct
2013,840820,Motores diesel para veículos,251,França,101041954,36.631,direct
2013,840820,Motores diesel para veículos,380,Itália,20406006,7.398,direct
2013,840820,Motores diesel para veículos,392,Japão,10361266,3.756,direct
2013,840820,Motores diesel para veículos,724,Espanha,4688678,1.7,direct
2013,840820,Motores diesel para veículos,56,Bélgica,146531,0.053,direct
2013,840820,Motores diesel para veículos,528,Países Baixos,40848,0.015,direct
2013,840820,Motores diesel para veículos,752,Suécia,37186,0.013,direct
2013,847130,Computadores portáteis,724,Espanha,174439566,35.166,direct
2013,847130,Computadores portáteis,528,Países Baixos,146910347,29.617,direct
2013,847130,Computadores portáteis,276,Alemanha,57913603,11.675,direct
2013,847130,Computadores portáteis,380,Itália,39296500,7.922,direct
2013,847130,Computadores portáteis,156,China,34461075,6.947,direct
2013,847130,Computadores portáteis,704,Vietname,17269901,3.482,direct
2013,847130,Computadores portáteis,251,França,8444072,1.702,direct
2013,847130,Computadores portáteis,372,Irlanda,7365720,1.485,direct
2013,851712,Telemóveis,704,Vietname,135141343,23.71,direct
2013,851712,Telemóveis,528,Países Baixos,116054357,20.362,direct
2013,851712,Telemóveis,156,China,80275593,14.084,direct
2013,851712,Telemóveis,372,Irlanda,68665274,12.047,direct
2013,851712,Telemóveis,276,Alemanha,55982645,9.822,direct
2013,851712,Telemóveis,410,Coreia do Sul,21187194,3.717,direct
2013,851712,Telemóveis,724,Espanha,17864735,3.134,direct
2013,851712,Telemóveis,251,França,16021995,2.811,direct
2013,852990,Outras partes de aparelhos de rádio e TV,276,Alemanha,66128882,39.661,direct
2013,852990,Outras partes de aparelhos de rádio e TV,380,Itália,24831461,14.893,direct
2013,852990,Outras partes de aparelhos de rádio e TV,724,Espanha,22808664,13.68,direct
2013,852990,Outras partes de aparelhos de rádio e TV,251,França,15501615,9.297,direct
2013,852990,Outras partes de aparelhos de rádio e TV,156,China,7789784,4.672,direct
2013,852990,Outras partes de aparelhos de rádio e TV,348,Hungria,7545013,4.525,direct
2013,852990,Outras partes de aparelhos de rádio e TV,528,Países Baixos,5220304,3.131,direct
2013,852990,Outras partes de aparelhos de rádio e TV,826,Reino Unido,3568111,2.14,direct
2013,854239,Outros circuitos integrados,276,Alemanha,36734286,33.356,direct
2013,854239,Outros circuitos integrados,251,França,17403426,15.803,direct
2013,854239,Outros circuitos integrados,724,Espanha,15181268,13.785,direct
2013,854239,Outros circuitos integrados,528,Países Baixos,12985957,11.792,direct
2013,854239,Outros circuitos integrados,826,Reino Unido,6002423,5.45,direct
2013,854239,Outros circuitos integrados,458,Malásia,5845005,5.307,direct
2013,854239,Outros circuitos integrados,372,Irlanda,4823980,4.38,direct
2013,854239,Outros circuitos integrados,56,Bélgica,3031096,2.752,direct
2013,870322,Automóveis a gasolina 1.000–1.500 cm³,724,Espanha,82050775,37.904,direct
2013,870322,Automóveis a gasolina 1.000–1.500 cm³,380,Itália,40373667,18.651,direct
2013,870322,Automóveis a gasolina 1.000–1.500 cm³,251,França,37135591,17.155,direct
2013,870322,Automóveis a gasolina 1.000–1.500 cm³,276,Alemanha,21023082,9.712,direct
2013,870322,Automóveis a gasolina 1.000–1.500 cm³,703,Eslováquia,13110198,6.056,direct
2013,870322,Automóveis a gasolina 1.000–1.500 cm³,826,Reino Unido,7467187,3.449,direct
2013,870322,Automóveis a gasolina 1.000–1.500 cm³,410,Coreia do Sul,3763630,1.739,direct
2013,870322,Automóveis a gasolina 1.000–1.500 cm³,764,Tailândia,2839442,1.312,direct
2013,870323,Automóveis a gasolina 1.500–3.000 cm³,276,Alemanha,189406111,78.276,direct
2013,870323,Automóveis a gasolina 1.500–3.000 cm³,724,Espanha,26821913,11.085,direct
2013,870323,Automóveis a gasolina 1.500–3.000 cm³,826,Reino Unido,11750854,4.856,direct
2013,870323,Automóveis a gasolina 1.500–3.000 cm³,392,Japão,6330988,2.616,direct
2013,870323,Automóveis a gasolina 1.500–3.000 cm³,251,França,2163665,0.894,direct
2013,870323,Automóveis a gasolina 1.500–3.000 cm³,40,Áustria,1173285,0.485,direct
2013,870323,Automóveis a gasolina 1.500–3.000 cm³,380,Itália,1040980,0.43,direct
2013,870323,Automóveis a gasolina 1.500–3.000 cm³,56,Bélgica,970547,0.401,direct
2013,870331,Automóveis diesel até 1.500 cm³,724,Espanha,139703331,30.193,direct
2013,870331,Automóveis diesel até 1.500 cm³,251,França,129614726,28.012,direct
2013,870331,Automóveis diesel até 1.500 cm³,276,Alemanha,81448817,17.603,direct
2013,870331,Automóveis diesel até 1.500 cm³,826,Reino Unido,55683235,12.034,direct
2013,870331,Automóveis diesel até 1.500 cm³,380,Itália,21188655,4.579,direct
2013,870331,Automóveis diesel até 1.500 cm³,703,Eslováquia,18731841,4.048,direct
2013,870331,Automóveis diesel até 1.500 cm³,203,Chéquia,7091696,1.533,direct
2013,870331,Automóveis diesel até 1.500 cm³,792,Turquia,3453892,0.746,direct
2013,870332,Automóveis diesel 1.500–2.500 cm³,276,Alemanha,721947007,56.509,direct
2013,870332,Automóveis diesel 1.500–2.500 cm³,724,Espanha,132527964,10.373,direct
2013,870332,Automóveis diesel 1.500–2.500 cm³,251,França,119751117,9.373,direct
2013,870332,Automóveis diesel 1.500–2.500 cm³,826,Reino Unido,98679363,7.724,direct
2013,870332,Automóveis diesel 1.500–2.500 cm³,56,Bélgica,68723736,5.379,direct
2013,870332,Automóveis diesel 1.500–2.500 cm³,203,Chéquia,46605718,3.648,direct
2013,870332,Automóveis diesel 1.500–2.500 cm³,380,Itália,20671661,1.618,direct
2013,870332,Automóveis diesel 1.500–2.500 cm³,703,Eslováquia,19985674,1.564,direct
2013,870421,Camiões diesel até 5 t,724,Espanha,53759435,34.85,direct
2013,870421,Camiões diesel até 5 t,251,França,35048063,22.72,direct
2013,870421,Camiões diesel até 5 t,792,Turquia,17673109,11.457,direct
2013,870421,Camiões diesel até 5 t,380,Itália,16929588,10.975,direct
2013,870421,Camiões diesel até 5 t,764,Tailândia,8642163,5.602,direct
2013,870421,Camiões diesel até 5 t,276,Alemanha,6349446,4.116,direct
2013,870421,Camiões diesel até 5 t,710,África do Sul,5989713,3.883,direct
2013,870421,Camiões diesel até 5 t,76,Brasil,4132617,2.679,direct
2013,870840,Caixas de velocidades e partes,251,França,171680112,43.07,direct
2013,870840,Caixas de velocidades e partes,276,Alemanha,139940521,35.107,direct
2013,870840,Caixas de velocidades e partes,724,Espanha,51335817,12.879,direct
2013,870840,Caixas de velocidades e partes,392,Japão,18710782,4.694,direct
2013,870840,Caixas de velocidades e partes,380,Itália,6719733,1.686,direct
2013,870840,Caixas de velocidades e partes,826,Reino Unido,3727906,0.935,direct
2013,870840,Caixas de velocidades e partes,642,Roménia,2490387,0.625,direct
2013,870840,Caixas de velocidades e partes,792,Turquia,1096849,0.275,direct
2013,870899,Outras partes de veículos,724,Espanha,528216453,38.156,direct
2013,870899,Outras partes de veículos,276,Alemanha,417267607,30.141,direct
2013,870899,Outras partes de veículos,251,França,136639411,9.87,direct
2013,870899,Outras partes de veículos,203,Chéquia,65716489,4.747,direct
2013,870899,Outras partes de veículos,380,Itália,42663627,3.082,direct
2013,870899,Outras partes de veículos,392,Japão,36313682,2.623,direct
2013,870899,Outras partes de veículos,826,Reino Unido,31527711,2.277,direct
2013,870899,Outras partes de veículos,348,Hungria,23446537,1.694,direct
2013,880240,Aviões +15.000 kg,124,Canadá,146280248,52.425,direct
2013,880240,Aviões +15.000 kg,784,Emirados Árabes Unidos,51215078,18.355,direct
2013,880240,Aviões +15.000 kg,682,Arábia Saudita,39074056,14.004,direct
2013,880240,Aviões +15.000 kg,76,Brasil,22256018,7.976,direct
2013,880240,Aviões +15.000 kg,842,EUA,20202373,7.24,direct
2013,999999,Mercadorias não especificadas,724,Espanha,27295149,92.542,direct
2013,999999,Mercadorias não especificadas,40,Áustria,2061836,6.991,direct
2013,999999,Mercadorias não especificadas,528,Países Baixos,90961,0.308,direct
2013,999999,Mercadorias não especificadas,826,Reino Unido,24533,0.083,direct
2013,999999,Mercadorias não especificadas,56,Bélgica,12142,0.041,direct
2013,999999,Mercadorias não especificadas,616,Polónia,6639,0.023,direct
2013,999999,Mercadorias não especificadas,276,Alemanha,3238,0.011,direct
2013,999999,Mercadorias não especificadas,752,Suécia,311,0.001,direct
2013,100590,Milho,804,Ucrânia,162334833,43.915,mirror
2013,100590,Milho,76,Brasil,131261155,35.509,mirror
2013,100590,Milho,100,Bulgária,21687128,5.867,mirror
2013,100590,Milho,124,Canadá,17145622,4.638,mirror
2013,100590,Milho,724,Espanha,17123151,4.632,mirror
2013,100590,Milho,642,Roménia,11635567,3.148,mirror
2013,100590,Milho,251,França,7155525,1.936,mirror
2013,100590,Milho,32,Argentina,682763,0.185,mirror
2013,270900,Petróleo bruto,24,Angola,2964556059,39.752,mirror
2013,270900,Petróleo bruto,120,Camarões,1140020169,15.286,mirror
2013,270900,Petróleo bruto,398,Cazaquistão,933427747,12.516,mirror
2013,270900,Petróleo bruto,566,Nigéria,651221278,8.732,mirror
2013,270900,Petróleo bruto,12,Argélia,579300232,7.768,mirror
2013,270900,Petróleo bruto,31,Azerbaijan,525415889,7.045,mirror
2013,270900,Petróleo bruto,643,Rússia,262865459,3.525,mirror
2013,270900,Petróleo bruto,76,Brasil,179665867,2.409,mirror
2013,271019,Gasóleo e combustíveis médios e pesados,724,Espanha,579967690,49.227,mirror
2013,271019,Gasóleo e combustíveis médios e pesados,528,Países Baixos,157817303,13.395,mirror
2013,271019,Gasóleo e combustíveis médios e pesados,826,Reino Unido,128108909,10.874,mirror
2013,271019,Gasóleo e combustíveis médios e pesados,643,Rússia,107552698,9.129,mirror
2013,271019,Gasóleo e combustíveis médios e pesados,251,França,69057076,5.862,mirror
2013,271019,Gasóleo e combustíveis médios e pesados,566,Nigéria,30218094,2.565,mirror
2013,271019,Gasóleo e combustíveis médios e pesados,208,Dinamarca,25658741,2.178,mirror
2013,271019,Gasóleo e combustíveis médios e pesados,56,Bélgica,24457817,2.076,mirror
2013,271111,Gás natural liquefeito (GNL),579,Noruega,44792278,32.855,mirror
2013,271111,Gás natural liquefeito (GNL),12,Argélia,39335804,28.852,mirror
2013,271111,Gás natural liquefeito (GNL),818,Egito,37246526,27.32,mirror
2013,271111,Gás natural liquefeito (GNL),724,Espanha,14939350,10.958,mirror
2013,271111,Gás natural liquefeito (GNL),826,Reino Unido,20228,0.015,mirror
2013,271121,Gás natural em estado gasoso,12,Argélia,903871307,100.0,mirror
2013,271600,Energia elétrica,724,Espanha,282776458,100.0,mirror
2013,300490,Medicamentos,276,Alemanha,317864270,18.454,mirror
2013,300490,Medicamentos,724,Espanha,273625218,15.886,mirror
2013,300490,Medicamentos,757,Suíça,203986773,11.843,mirror
2013,300490,Medicamentos,251,França,196532534,11.41,mirror
2013,300490,Medicamentos,372,Irlanda,188265367,10.93,mirror
2013,300490,Medicamentos,380,Itália,144057654,8.363,mirror
2013,300490,Medicamentos,528,Países Baixos,143243038,8.316,mirror
2013,300490,Medicamentos,826,Reino Unido,109904295,6.381,mirror
2013,381512,Catalisadores,276,Alemanha,280403546,96.868,mirror
2013,381512,Catalisadores,380,Itália,3423270,1.183,mirror
2013,381512,Catalisadores,203,Chéquia,3017977,1.043,mirror
2013,381512,Catalisadores,251,França,1256292,0.434,mirror
2013,381512,Catalisadores,826,Reino Unido,1229433,0.425,mirror
2013,381512,Catalisadores,752,Suécia,80770,0.028,mirror
2013,381512,Catalisadores,528,Países Baixos,58416,0.02,mirror
2013,392690,Outros artigos de plástico,276,Alemanha,73162796,28.369,mirror
2013,392690,Outros artigos de plástico,724,Espanha,56240612,21.807,mirror
2013,392690,Outros artigos de plástico,380,Itália,32634678,12.654,mirror
2013,392690,Outros artigos de plástico,251,França,22077477,8.561,mirror
2013,392690,Outros artigos de plástico,156,China,15624799,6.058,mirror
2013,392690,Outros artigos de plástico,826,Reino Unido,9004039,3.491,mirror
2013,392690,Outros artigos de plástico,528,Países Baixos,7992145,3.099,mirror
2013,392690,Outros artigos de plástico,40,Áustria,4539707,1.76,mirror
2013,720449,Outra sucata ferrosa,826,Reino Unido,90823486,38.817,mirror
2013,720449,Outra sucata ferrosa,251,França,40186906,17.176,mirror
2013,720449,Outra sucata ferrosa,724,Espanha,39087701,16.706,mirror
2013,720449,Outra sucata ferrosa,372,Irlanda,14904209,6.37,mirror
2013,720449,Outra sucata ferrosa,752,Suécia,11982457,5.121,mirror
2013,720449,Outra sucata ferrosa,842,EUA,9569196,4.09,mirror
2013,720449,Outra sucata ferrosa,208,Dinamarca,7233486,3.092,mirror
2013,720449,Outra sucata ferrosa,579,Noruega,5112158,2.185,mirror
2013,760120,"Ligas de alumínio, em bruto",724,Espanha,65372851,50.802,mirror
2013,760120,"Ligas de alumínio, em bruto",579,Noruega,58412478,45.393,mirror
2013,760120,"Ligas de alumínio, em bruto",826,Reino Unido,3394079,2.638,mirror
2013,760120,"Ligas de alumínio, em bruto",251,França,538990,0.419,mirror
2013,760120,"Ligas de alumínio, em bruto",380,Itália,445896,0.347,mirror
2013,760120,"Ligas de alumínio, em bruto",276,Alemanha,356832,0.277,mirror
2013,760120,"Ligas de alumínio, em bruto",56,Bélgica,71114,0.055,mirror
2013,760120,"Ligas de alumínio, em bruto",528,Países Baixos,48719,0.038,mirror
2013,840820,Motores diesel para veículos,276,Alemanha,133949484,52.798,mirror
2013,840820,Motores diesel para veículos,251,França,98967319,39.009,mirror
2013,840820,Motores diesel para veículos,380,Itália,12886798,5.079,mirror
2013,840820,Motores diesel para veículos,392,Japão,4972560,1.96,mirror
2013,840820,Motores diesel para veículos,724,Espanha,2234873,0.881,mirror
2013,840820,Motores diesel para veículos,528,Países Baixos,393583,0.155,mirror
2013,840820,Motores diesel para veículos,56,Bélgica,206247,0.081,mirror
2013,840820,Motores diesel para veículos,752,Suécia,39463,0.016,mirror
2013,847130,Computadores portáteis,724,Espanha,200898577,35.019,mirror
2013,847130,Computadores portáteis,528,Países Baixos,128718958,22.437,mirror
2013,847130,Computadores portáteis,156,China,107705548,18.775,mirror
2013,847130,Computadores portáteis,276,Alemanha,58690332,10.231,mirror
2013,847130,Computadores portáteis,380,Itália,40759766,7.105,mirror
2013,847130,Computadores portáteis,704,Vietname,14130534,2.463,mirror
2013,847130,Computadores portáteis,208,Dinamarca,9108154,1.588,mirror
2013,847130,Computadores portáteis,251,França,6160119,1.074,mirror
2013,851712,Telemóveis,704,Vietname,104418485,21.358,mirror
2013,851712,Telemóveis,156,China,97150016,19.871,mirror
2013,851712,Telemóveis,276,Alemanha,70110859,14.34,mirror
2013,851712,Telemóveis,251,França,46541532,9.52,mirror
2013,851712,Telemóveis,528,Países Baixos,44003102,9.0,mirror
2013,851712,Telemóveis,410,Coreia do Sul,20672570,4.228,mirror
2013,851712,Telemóveis,344,Hong Kong (RAEHK),18571318,3.799,mirror
2013,851712,Telemóveis,724,Espanha,17946259,3.671,mirror
2013,852990,Outras partes de aparelhos de rádio e TV,156,China,37763956,33.871,mirror
2013,852990,Outras partes de aparelhos de rádio e TV,276,Alemanha,26784969,24.024,mirror
2013,852990,Outras partes de aparelhos de rádio e TV,764,Tailândia,13109700,11.758,mirror
2013,852990,Outras partes de aparelhos de rádio e TV,344,Hong Kong (RAEHK),8366797,7.504,mirror
2013,852990,Outras partes de aparelhos de rádio e TV,40,Áustria,4911125,4.405,mirror
2013,852990,Outras partes de aparelhos de rádio e TV,724,Espanha,3583430,3.214,mirror
2013,852990,Outras partes de aparelhos de rádio e TV,348,Hungria,3405132,3.054,mirror
2013,852990,Outras partes de aparelhos de rádio e TV,528,Países Baixos,3210963,2.88,mirror
2013,854239,Outros circuitos integrados,276,Alemanha,62210374,56.877,mirror
2013,854239,Outros circuitos integrados,251,França,24647819,22.535,mirror
2013,854239,Outros circuitos integrados,702,Singapura,8561021,7.827,mirror
2013,854239,Outros circuitos integrados,528,Países Baixos,5098124,4.661,mirror
2013,854239,Outros circuitos integrados,826,Reino Unido,1984008,1.814,mirror
2013,854239,Outros circuitos integrados,56,Bélgica,1212765,1.109,mirror
2013,854239,Outros circuitos integrados,380,Itália,998808,0.913,mirror
2013,854239,Outros circuitos integrados,203,Chéquia,975090,0.891,mirror
2013,870322,Automóveis a gasolina 1.000–1.500 cm³,724,Espanha,96830965,45.052,mirror
2013,870322,Automóveis a gasolina 1.000–1.500 cm³,380,Itália,27757993,12.915,mirror
2013,870322,Automóveis a gasolina 1.000–1.500 cm³,251,França,23937627,11.137,mirror
2013,870322,Automóveis a gasolina 1.000–1.500 cm³,616,Polónia,15789831,7.346,mirror
2013,870322,Automóveis a gasolina 1.000–1.500 cm³,276,Alemanha,14954612,6.958,mirror
2013,870322,Automóveis a gasolina 1.000–1.500 cm³,703,Eslováquia,8189408,3.81,mirror
2013,870322,Automóveis a gasolina 1.000–1.500 cm³,410,Coreia do Sul,4347645,2.023,mirror
2013,870322,Automóveis a gasolina 1.000–1.500 cm³,764,Tailândia,3867085,1.799,mirror
2013,870323,Automóveis a gasolina 1.500–3.000 cm³,724,Espanha,50453291,37.054,mirror
2013,870323,Automóveis a gasolina 1.500–3.000 cm³,251,França,41445640,30.438,mirror
2013,870323,Automóveis a gasolina 1.500–3.000 cm³,276,Alemanha,14968920,10.993,mirror
2013,870323,Automóveis a gasolina 1.500–3.000 cm³,826,Reino Unido,7483492,5.496,mirror
2013,870323,Automóveis a gasolina 1.500–3.000 cm³,392,Japão,6090393,4.473,mirror
2013,870323,Automóveis a gasolina 1.500–3.000 cm³,348,Hungria,2715024,1.994,mirror
2013,870323,Automóveis a gasolina 1.500–3.000 cm³,56,Bélgica,2550895,1.873,mirror
2013,870323,Automóveis a gasolina 1.500–3.000 cm³,842,EUA,2139806,1.572,mirror
2013,870331,Automóveis diesel até 1.500 cm³,724,Espanha,352612988,53.14,mirror
2013,870331,Automóveis diesel até 1.500 cm³,251,França,137676573,20.748,mirror
2013,870331,Automóveis diesel até 1.500 cm³,792,Turquia,46842092,7.059,mirror
2013,870331,Automóveis diesel até 1.500 cm³,826,Reino Unido,33547707,5.056,mirror
2013,870331,Automóveis diesel até 1.500 cm³,380,Itália,21914902,3.303,mirror
2013,870331,Automóveis diesel até 1.500 cm³,703,Eslováquia,19660002,2.963,mirror
2013,870331,Automóveis diesel até 1.500 cm³,56,Bélgica,15843086,2.388,mirror
2013,870331,Automóveis diesel até 1.500 cm³,276,Alemanha,10687803,1.611,mirror
2013,870332,Automóveis diesel 1.500–2.500 cm³,276,Alemanha,714771601,52.804,mirror
2013,870332,Automóveis diesel 1.500–2.500 cm³,724,Espanha,244959298,18.096,mirror
2013,870332,Automóveis diesel 1.500–2.500 cm³,251,França,124427937,9.192,mirror
2013,870332,Automóveis diesel 1.500–2.500 cm³,56,Bélgica,51810511,3.827,mirror
2013,870332,Automóveis diesel 1.500–2.500 cm³,826,Reino Unido,50977409,3.766,mirror
2013,870332,Automóveis diesel 1.500–2.500 cm³,203,Chéquia,29245057,2.16,mirror
2013,870332,Automóveis diesel 1.500–2.500 cm³,380,Itália,20307566,1.5,mirror
2013,870332,Automóveis diesel 1.500–2.500 cm³,348,Hungria,18174868,1.343,mirror
2013,870421,Camiões diesel até 5 t,724,Espanha,63716637,32.584,mirror
2013,870421,Camiões diesel até 5 t,251,França,50858004,26.008,mirror
2013,870421,Camiões diesel até 5 t,792,Turquia,16307712,8.34,mirror
2013,870421,Camiões diesel até 5 t,276,Alemanha,14810719,7.574,mirror
2013,870421,Camiões diesel até 5 t,392,Japão,12315614,6.298,mirror
2013,870421,Camiões diesel até 5 t,380,Itália,10727995,5.486,mirror
2013,870421,Camiões diesel até 5 t,616,Polónia,8465238,4.329,mirror
2013,870421,Camiões diesel até 5 t,710,África do Sul,7757790,3.967,mirror
2013,870840,Caixas de velocidades e partes,276,Alemanha,128236477,60.537,mirror
2013,870840,Caixas de velocidades e partes,251,França,51417005,24.272,mirror
2013,870840,Caixas de velocidades e partes,724,Espanha,11507917,5.433,mirror
2013,870840,Caixas de velocidades e partes,392,Japão,7900649,3.73,mirror
2013,870840,Caixas de velocidades e partes,826,Reino Unido,6777293,3.199,mirror
2013,870840,Caixas de velocidades e partes,703,Eslováquia,1063383,0.502,mirror
2013,870840,Caixas de velocidades e partes,792,Turquia,1054258,0.498,mirror
2013,870840,Caixas de velocidades e partes,616,Polónia,926014,0.437,mirror
2013,870899,Outras partes de veículos,724,Espanha,408789885,54.618,mirror
2013,870899,Outras partes de veículos,251,França,166117091,22.195,mirror
2013,870899,Outras partes de veículos,276,Alemanha,55130157,7.366,mirror
2013,870899,Outras partes de veículos,380,Itália,35712956,4.772,mirror
2013,870899,Outras partes de veículos,203,Chéquia,23829741,3.184,mirror
2013,870899,Outras partes de veículos,392,Japão,15811904,2.113,mirror
2013,870899,Outras partes de veículos,826,Reino Unido,8137527,1.087,mirror
2013,870899,Outras partes de veículos,410,Coreia do Sul,6206038,0.829,mirror
2013,880240,Aviões +15.000 kg,124,Canadá,136192385,72.009,mirror
2013,880240,Aviões +15.000 kg,276,Alemanha,52940566,27.991,mirror
2013,999999,Mercadorias não especificadas,276,Alemanha,347252390,29.194,mirror
2013,999999,Mercadorias não especificadas,528,Países Baixos,199632541,16.783,mirror
2013,999999,Mercadorias não especificadas,842,EUA,120962888,10.169,mirror
2013,999999,Mercadorias não especificadas,251,França,105240435,8.848,mirror
2013,999999,Mercadorias não especificadas,634,Catar,61950811,5.208,mirror
2013,999999,Mercadorias não especificadas,826,Reino Unido,60608385,5.095,mirror
2013,999999,Mercadorias não especificadas,380,Itália,43838975,3.686,mirror
2013,999999,Mercadorias não especificadas,724,Espanha,40015892,3.364,mirror
2014,100590,Milho,804,Ucrânia,142805450,35.178,direct
2014,100590,Milho,124,Canadá,51446274,12.673,direct
2014,100590,Milho,251,França,37175830,9.158,direct
2014,100590,Milho,842,EUA,36433350,8.975,direct
2014,100590,Milho,724,Espanha,27803862,6.849,direct
2014,100590,Milho,100,Bulgária,25602691,6.307,direct
2014,100590,Milho,76,Brasil,25597037,6.305,direct
2014,100590,Milho,642,Roménia,24589696,6.057,direct
2014,270900,Petróleo bruto,24,Angola,2126871854,26.06,direct
2014,270900,Petróleo bruto,398,Cazaquistão,1061104921,13.002,direct
2014,270900,Petróleo bruto,682,Arábia Saudita,1001494041,12.271,direct
2014,270900,Petróleo bruto,12,Argélia,847796952,10.388,direct
2014,270900,Petróleo bruto,566,Nigéria,705240283,8.641,direct
2014,270900,Petróleo bruto,31,Azerbaijan,599242514,7.342,direct
2014,270900,Petróleo bruto,76,Brasil,470527148,5.765,direct
2014,270900,Petróleo bruto,178,Congo,349285438,4.28,direct
2014,271019,Gasóleo e combustíveis médios e pesados,643,Rússia,686610870,37.603,direct
2014,271019,Gasóleo e combustíveis médios e pesados,724,Espanha,601191446,32.925,direct
2014,271019,Gasóleo e combustíveis médios e pesados,528,Países Baixos,136743252,7.489,direct
2014,271019,Gasóleo e combustíveis médios e pesados,251,França,92135151,5.046,direct
2014,271019,Gasóleo e combustíveis médios e pesados,752,Suécia,51731337,2.833,direct
2014,271019,Gasóleo e combustíveis médios e pesados,842,EUA,47691938,2.612,direct
2014,271019,Gasóleo e combustíveis médios e pesados,826,Reino Unido,41334612,2.264,direct
2014,271019,Gasóleo e combustíveis médios e pesados,699,Índia,41087132,2.25,direct
2014,271111,Gás natural liquefeito (GNL),899,"Areas, nes",416893467,88.741,direct
2014,271111,Gás natural liquefeito (GNL),56,Bélgica,42896417,9.131,direct
2014,271111,Gás natural liquefeito (GNL),724,Espanha,7795396,1.659,direct
2014,271111,Gás natural liquefeito (GNL),566,Nigéria,2202734,0.469,direct
2014,271121,Gás natural em estado gasoso,724,Espanha,1314256052,100.0,direct
2014,271600,Energia elétrica,724,Espanha,263049567,100.0,direct
2014,300490,Medicamentos,276,Alemanha,404271665,20.842,direct
2014,300490,Medicamentos,826,Reino Unido,208342822,10.741,direct
2014,300490,Medicamentos,372,Irlanda,198088450,10.212,direct
2014,300490,Medicamentos,528,Países Baixos,186584663,9.619,direct
2014,300490,Medicamentos,251,França,183195392,9.444,direct
2014,300490,Medicamentos,724,Espanha,181856701,9.375,direct
2014,300490,Medicamentos,757,Suíça,158832217,8.188,direct
2014,300490,Medicamentos,56,Bélgica,139524409,7.193,direct
2014,381512,Catalisadores,276,Alemanha,179549251,94.695,direct
2014,381512,Catalisadores,826,Reino Unido,4706932,2.482,direct
2014,381512,Catalisadores,251,França,3142773,1.658,direct
2014,381512,Catalisadores,380,Itália,914813,0.482,direct
2014,381512,Catalisadores,203,Chéquia,528261,0.279,direct
2014,381512,Catalisadores,528,Países Baixos,401212,0.212,direct
2014,381512,Catalisadores,724,Espanha,280777,0.148,direct
2014,381512,Catalisadores,710,África do Sul,47658,0.025,direct
2014,392690,Outros artigos de plástico,276,Alemanha,91829879,32.242,direct
2014,392690,Outros artigos de plástico,724,Espanha,67296480,23.628,direct
2014,392690,Outros artigos de plástico,380,Itália,26552571,9.323,direct
2014,392690,Outros artigos de plástico,156,China,18939916,6.65,direct
2014,392690,Outros artigos de plástico,251,França,17011358,5.973,direct
2014,392690,Outros artigos de plástico,826,Reino Unido,12277249,4.311,direct
2014,392690,Outros artigos de plástico,528,Países Baixos,10834554,3.804,direct
2014,392690,Outros artigos de plástico,440,Lituânia,7618219,2.675,direct
2014,720449,Outra sucata ferrosa,826,Reino Unido,141097357,32.514,direct
2014,720449,Outra sucata ferrosa,724,Espanha,131678201,30.343,direct
2014,720449,Outra sucata ferrosa,372,Irlanda,46034037,10.608,direct
2014,720449,Outra sucata ferrosa,251,França,32903931,7.582,direct
2014,720449,Outra sucata ferrosa,276,Alemanha,20560426,4.738,direct
2014,720449,Outra sucata ferrosa,752,Suécia,19780567,4.558,direct
2014,720449,Outra sucata ferrosa,246,Finlândia,19769281,4.556,direct
2014,720449,Outra sucata ferrosa,616,Polónia,7959031,1.834,direct
2014,760120,"Ligas de alumínio, em bruto",724,Espanha,135138662,74.968,direct
2014,760120,"Ligas de alumínio, em bruto",528,Países Baixos,18482378,10.253,direct
2014,760120,"Ligas de alumínio, em bruto",251,França,17566296,9.745,direct
2014,760120,"Ligas de alumínio, em bruto",826,Reino Unido,6519914,3.617,direct
2014,760120,"Ligas de alumínio, em bruto",276,Alemanha,1391990,0.772,direct
2014,760120,"Ligas de alumínio, em bruto",792,Turquia,857922,0.476,direct
2014,760120,"Ligas de alumínio, em bruto",348,Hungria,147881,0.082,direct
2014,760120,"Ligas de alumínio, em bruto",784,Emirados Árabes Unidos,84745,0.047,direct
2014,840820,Motores diesel para veículos,276,Alemanha,159519544,56.335,direct
2014,840820,Motores diesel para veículos,251,França,89010466,31.435,direct
2014,840820,Motores diesel para veículos,380,Itália,21763225,7.686,direct
2014,840820,Motores diesel para veículos,392,Japão,7600447,2.684,direct
2014,840820,Motores diesel para veículos,724,Espanha,5085432,1.796,direct
2014,840820,Motores diesel para veículos,56,Bélgica,98007,0.035,direct
2014,840820,Motores diesel para veículos,752,Suécia,36994,0.013,direct
2014,840820,Motores diesel para veículos,528,Países Baixos,20316,0.007,direct
2014,847130,Computadores portáteis,528,Países Baixos,139868539,28.288,direct
2014,847130,Computadores portáteis,724,Espanha,139110965,28.135,direct
2014,847130,Computadores portáteis,276,Alemanha,82736416,16.733,direct
2014,847130,Computadores portáteis,380,Itália,39218461,7.932,direct
2014,847130,Computadores portáteis,156,China,27684215,5.599,direct
2014,847130,Computadores portáteis,704,Vietname,23583842,4.77,direct
2014,847130,Computadores portáteis,300,Grécia,14655298,2.964,direct
2014,847130,Computadores portáteis,372,Irlanda,13054719,2.64,direct
2014,851712,Telemóveis,704,Vietname,120082642,18.758,direct
2014,851712,Telemóveis,724,Espanha,116534565,18.203,direct
2014,851712,Telemóveis,156,China,109510783,17.106,direct
2014,851712,Telemóveis,528,Países Baixos,91281711,14.259,direct
2014,851712,Telemóveis,276,Alemanha,47157346,7.366,direct
2014,851712,Telemóveis,442,Luxemburgo,35470024,5.541,direct
2014,851712,Telemóveis,372,Irlanda,34025034,5.315,direct
2014,851712,Telemóveis,410,Coreia do Sul,26771531,4.182,direct
2014,852990,Outras partes de aparelhos de rádio e TV,276,Alemanha,76217911,42.747,direct
2014,852990,Outras partes de aparelhos de rádio e TV,724,Espanha,25694892,14.411,direct
2014,852990,Outras partes de aparelhos de rádio e TV,380,Itália,22965769,12.88,direct
2014,852990,Outras partes de aparelhos de rádio e TV,251,França,15394627,8.634,direct
2014,852990,Outras partes de aparelhos de rádio e TV,156,China,6968024,3.908,direct
2014,852990,Outras partes de aparelhos de rádio e TV,348,Hungria,6696733,3.756,direct
2014,852990,Outras partes de aparelhos de rádio e TV,410,Coreia do Sul,5666847,3.178,direct
2014,852990,Outras partes de aparelhos de rádio e TV,528,Países Baixos,4612426,2.587,direct
2014,854239,Outros circuitos integrados,276,Alemanha,44854512,32.594,direct
2014,854239,Outros circuitos integrados,724,Espanha,20716504,15.054,direct
2014,854239,Outros circuitos integrados,251,França,16646426,12.096,direct
2014,854239,Outros circuitos integrados,826,Reino Unido,10954819,7.96,direct
2014,854239,Outros circuitos integrados,490,Taiwan (Prov. China),7358549,5.347,direct
2014,854239,Outros circuitos integrados,528,Países Baixos,7177449,5.216,direct
2014,854239,Outros circuitos integrados,372,Irlanda,6757745,4.911,direct
2014,854239,Outros circuitos integrados,842,EUA,6124149,4.45,direct
2014,870322,Automóveis a gasolina 1.000–1.500 cm³,724,Espanha,131908955,36.997,direct
2014,870322,Automóveis a gasolina 1.000–1.500 cm³,251,França,82074020,23.02,direct
2014,870322,Automóveis a gasolina 1.000–1.500 cm³,380,Itália,43644099,12.241,direct
2014,870322,Automóveis a gasolina 1.000–1.500 cm³,826,Reino Unido,27741857,7.781,direct
2014,870322,Automóveis a gasolina 1.000–1.500 cm³,703,Eslováquia,23598974,6.619,direct
2014,870322,Automóveis a gasolina 1.000–1.500 cm³,276,Alemanha,15942302,4.471,direct
2014,870322,Automóveis a gasolina 1.000–1.500 cm³,764,Tailândia,7238930,2.03,direct
2014,870322,Automóveis a gasolina 1.000–1.500 cm³,792,Turquia,6010930,1.686,direct
2014,870323,Automóveis a gasolina 1.500–3.000 cm³,276,Alemanha,66748220,29.066,direct
2014,870323,Automóveis a gasolina 1.500–3.000 cm³,724,Espanha,61977368,26.989,direct
2014,870323,Automóveis a gasolina 1.500–3.000 cm³,251,França,49325415,21.479,direct
2014,870323,Automóveis a gasolina 1.500–3.000 cm³,826,Reino Unido,25949407,11.3,direct
2014,870323,Automóveis a gasolina 1.500–3.000 cm³,392,Japão,15809016,6.884,direct
2014,870323,Automóveis a gasolina 1.500–3.000 cm³,792,Turquia,2782246,1.212,direct
2014,870323,Automóveis a gasolina 1.500–3.000 cm³,380,Itália,1625179,0.708,direct
2014,870323,Automóveis a gasolina 1.500–3.000 cm³,56,Bélgica,1609412,0.701,direct
2014,870331,Automóveis diesel até 1.500 cm³,276,Alemanha,202811525,27.025,direct
2014,870331,Automóveis diesel até 1.500 cm³,724,Espanha,183479490,24.449,direct
2014,870331,Automóveis diesel até 1.500 cm³,251,França,177907419,23.706,direct
2014,870331,Automóveis diesel até 1.500 cm³,826,Reino Unido,130645091,17.409,direct
2014,870331,Automóveis diesel até 1.500 cm³,380,Itália,20054214,2.672,direct
2014,870331,Automóveis diesel até 1.500 cm³,703,Eslováquia,18298992,2.438,direct
2014,870331,Automóveis diesel até 1.500 cm³,410,Coreia do Sul,5709964,0.761,direct
2014,870331,Automóveis diesel até 1.500 cm³,792,Turquia,4322896,0.576,direct
2014,870332,Automóveis diesel 1.500–2.500 cm³,276,Alemanha,1091411671,59.789,direct
2014,870332,Automóveis diesel 1.500–2.500 cm³,724,Espanha,219103113,12.003,direct
2014,870332,Automóveis diesel 1.500–2.500 cm³,251,França,182502954,9.998,direct
2014,870332,Automóveis diesel 1.500–2.500 cm³,56,Bélgica,95644841,5.24,direct
2014,870332,Automóveis diesel 1.500–2.500 cm³,826,Reino Unido,70488484,3.861,direct
2014,870332,Automóveis diesel 1.500–2.500 cm³,203,Chéquia,56573370,3.099,direct
2014,870332,Automóveis diesel 1.500–2.500 cm³,703,Eslováquia,25470653,1.395,direct
2014,870332,Automóveis diesel 1.500–2.500 cm³,380,Itália,17895721,0.98,direct
2014,870421,Camiões diesel até 5 t,724,Espanha,84552300,34.22,direct
2014,870421,Camiões diesel até 5 t,251,França,56480622,22.859,direct
2014,870421,Camiões diesel até 5 t,792,Turquia,30178366,12.214,direct
2014,870421,Camiões diesel até 5 t,380,Itália,29461434,11.923,direct
2014,870421,Camiões diesel até 5 t,764,Tailândia,16599939,6.718,direct
2014,870421,Camiões diesel até 5 t,710,África do Sul,13605090,5.506,direct
2014,870421,Camiões diesel até 5 t,276,Alemanha,6922526,2.802,direct
2014,870421,Camiões diesel até 5 t,826,Reino Unido,4831702,1.955,direct
2014,870840,Caixas de velocidades e partes,276,Alemanha,163356107,42.049,direct
2014,870840,Caixas de velocidades e partes,251,França,140000280,36.037,direct
2014,870840,Caixas de velocidades e partes,724,Espanha,50484734,12.995,direct
2014,870840,Caixas de velocidades e partes,392,Japão,26318726,6.775,direct
2014,870840,Caixas de velocidades e partes,380,Itália,2901719,0.747,direct
2014,870840,Caixas de velocidades e partes,826,Reino Unido,2258067,0.581,direct
2014,870840,Caixas de velocidades e partes,642,Roménia,742513,0.191,direct
2014,870840,Caixas de velocidades e partes,56,Bélgica,655368,0.169,direct
2014,870899,Outras partes de veículos,724,Espanha,545420351,36.342,direct
2014,870899,Outras partes de veículos,276,Alemanha,481409420,32.077,direct
2014,870899,Outras partes de veículos,251,França,134935543,8.991,direct
2014,870899,Outras partes de veículos,203,Chéquia,81115558,5.405,direct
2014,870899,Outras partes de veículos,380,Itália,44819776,2.986,direct
2014,870899,Outras partes de veículos,616,Polónia,32994106,2.198,direct
2014,870899,Outras partes de veículos,348,Hungria,31799034,2.119,direct
2014,870899,Outras partes de veículos,826,Reino Unido,28868591,1.924,direct
2014,880240,Aviões +15.000 kg,226,Guiné Equatorial,89000004,22.583,direct
2014,880240,Aviões +15.000 kg,124,Canadá,85312501,21.647,direct
2014,880240,Aviões +15.000 kg,76,Brasil,52348867,13.283,direct
2014,880240,Aviões +15.000 kg,842,EUA,51743790,13.129,direct
2014,880240,Aviões +15.000 kg,528,Países Baixos,48925492,12.414,direct
2014,880240,Aviões +15.000 kg,533,Aruba,26275905,6.667,direct
2014,880240,Aviões +15.000 kg,414,Kuwait,20365627,5.168,direct
2014,880240,Aviões +15.000 kg,400,Jordânia,20133574,5.109,direct
2014,999999,Mercadorias não especificadas,724,Espanha,146102,63.775,direct
2014,999999,Mercadorias não especificadas,528,Países Baixos,82986,36.225,direct
2014,100590,Milho,804,Ucrânia,109027131,31.612,mirror
2014,100590,Milho,842,EUA,72583872,21.045,mirror
2014,100590,Milho,642,Roménia,42903515,12.44,mirror
2014,100590,Milho,124,Canadá,33050594,9.583,mirror
2014,100590,Milho,100,Bulgária,22071970,6.4,mirror
2014,100590,Milho,724,Espanha,17154501,4.974,mirror
2014,100590,Milho,251,França,17021661,4.935,mirror
2014,100590,Milho,710,África do Sul,11948906,3.465,mirror
2014,270900,Petróleo bruto,24,Angola,1924763111,32.964,mirror
2014,270900,Petróleo bruto,398,Cazaquistão,866389110,14.838,mirror
2014,270900,Petróleo bruto,12,Argélia,775424792,13.28,mirror
2014,270900,Petróleo bruto,566,Nigéria,711089885,12.178,mirror
2014,270900,Petróleo bruto,31,Azerbaijan,552094712,9.455,mirror
2014,270900,Petróleo bruto,76,Brasil,423473137,7.252,mirror
2014,270900,Petróleo bruto,178,Congo,184593118,3.161,mirror
2014,270900,Petróleo bruto,288,Gana,150318261,2.574,mirror
2014,271019,Gasóleo e combustíveis médios e pesados,724,Espanha,589305416,57.978,mirror
2014,271019,Gasóleo e combustíveis médios e pesados,528,Países Baixos,117562680,11.566,mirror
2014,271019,Gasóleo e combustíveis médios e pesados,208,Dinamarca,66072691,6.501,mirror
2014,271019,Gasóleo e combustíveis médios e pesados,752,Suécia,55574287,5.468,mirror
2014,271019,Gasóleo e combustíveis médios e pesados,643,Rússia,46089649,4.535,mirror
2014,271019,Gasóleo e combustíveis médios e pesados,251,França,40719879,4.006,mirror
2014,271019,Gasóleo e combustíveis médios e pesados,826,Reino Unido,32449121,3.192,mirror
2014,271019,Gasóleo e combustíveis médios e pesados,56,Bélgica,23978832,2.359,mirror
2014,271111,Gás natural liquefeito (GNL),566,Nigéria,173491497,57.197,mirror
2014,271111,Gás natural liquefeito (GNL),634,Catar,106309894,35.049,mirror
2014,271111,Gás natural liquefeito (GNL),12,Argélia,19147662,6.313,mirror
2014,271111,Gás natural liquefeito (GNL),724,Espanha,4371178,1.441,mirror
2014,271111,Gás natural liquefeito (GNL),826,Reino Unido,280,0.0,mirror
2014,271121,Gás natural em estado gasoso,12,Argélia,802912946,100.0,mirror
2014,271600,Energia elétrica,724,Espanha,261301722,100.0,mirror
2014,300490,Medicamentos,276,Alemanha,325139247,19.428,mirror
2014,300490,Medicamentos,724,Espanha,234422884,14.008,mirror
2014,300490,Medicamentos,251,França,220823128,13.195,mirror
2014,300490,Medicamentos,757,Suíça,206542186,12.342,mirror
2014,300490,Medicamentos,372,Irlanda,185537553,11.087,mirror
2014,300490,Medicamentos,528,Países Baixos,134476209,8.036,mirror
2014,300490,Medicamentos,380,Itália,123668737,7.39,mirror
2014,300490,Medicamentos,826,Reino Unido,102379959,6.118,mirror
2014,381512,Catalisadores,276,Alemanha,291913971,93.146,mirror
2014,381512,Catalisadores,826,Reino Unido,10422263,3.326,mirror
2014,381512,Catalisadores,251,França,7238387,2.31,mirror
2014,381512,Catalisadores,380,Itália,2903975,0.927,mirror
2014,381512,Catalisadores,710,África do Sul,572606,0.183,mirror
2014,381512,Catalisadores,203,Chéquia,339652,0.108,mirror
2014,381512,Catalisadores,156,China,2258,0.001,mirror
2014,381512,Catalisadores,724,Espanha,429,0.0,mirror
2014,392690,Outros artigos de plástico,276,Alemanha,76304466,27.481,mirror
2014,392690,Outros artigos de plástico,724,Espanha,62094555,22.364,mirror
2014,392690,Outros artigos de plástico,380,Itália,37097866,13.361,mirror
2014,392690,Outros artigos de plástico,251,França,20738267,7.469,mirror
2014,392690,Outros artigos de plástico,156,China,16316942,5.877,mirror
2014,392690,Outros artigos de plástico,528,Países Baixos,9505541,3.423,mirror
2014,392690,Outros artigos de plástico,826,Reino Unido,8514411,3.066,mirror
2014,392690,Outros artigos de plástico,440,Lituânia,6055210,2.181,mirror
2014,720449,Outra sucata ferrosa,826,Reino Unido,87471406,30.592,mirror
2014,720449,Outra sucata ferrosa,724,Espanha,68351984,23.905,mirror
2014,720449,Outra sucata ferrosa,251,França,28040288,9.807,mirror
2014,720449,Outra sucata ferrosa,208,Dinamarca,23387761,8.18,mirror
2014,720449,Outra sucata ferrosa,276,Alemanha,20707096,7.242,mirror
2014,720449,Outra sucata ferrosa,752,Suécia,19752820,6.908,mirror
2014,720449,Outra sucata ferrosa,372,Irlanda,15394333,5.384,mirror
2014,720449,Outra sucata ferrosa,246,Finlândia,12535558,4.384,mirror
2014,760120,"Ligas de alumínio, em bruto",724,Espanha,92970703,58.884,mirror
2014,760120,"Ligas de alumínio, em bruto",579,Noruega,61255399,38.797,mirror
2014,760120,"Ligas de alumínio, em bruto",792,Turquia,1216533,0.771,mirror
2014,760120,"Ligas de alumínio, em bruto",276,Alemanha,1060263,0.672,mirror
2014,760120,"Ligas de alumínio, em bruto",251,França,708349,0.449,mirror
2014,760120,"Ligas de alumínio, em bruto",380,Itália,232477,0.147,mirror
2014,760120,"Ligas de alumínio, em bruto",826,Reino Unido,171642,0.109,mirror
2014,760120,"Ligas de alumínio, em bruto",528,Países Baixos,167447,0.106,mirror
2014,840820,Motores diesel para veículos,276,Alemanha,155086050,61.806,mirror
2014,840820,Motores diesel para veículos,251,França,89847626,35.807,mirror
2014,840820,Motores diesel para veículos,724,Espanha,4271159,1.702,mirror
2014,840820,Motores diesel para veículos,380,Itália,941742,0.375,mirror
2014,840820,Motores diesel para veículos,528,Países Baixos,340325,0.136,mirror
2014,840820,Motores diesel para veículos,56,Bélgica,223336,0.089,mirror
2014,840820,Motores diesel para veículos,826,Reino Unido,93485,0.037,mirror
2014,840820,Motores diesel para veículos,752,Suécia,81101,0.032,mirror
2014,847130,Computadores portáteis,724,Espanha,131231901,24.837,mirror
2014,847130,Computadores portáteis,528,Países Baixos,113097324,21.405,mirror
2014,847130,Computadores portáteis,156,China,103354798,19.561,mirror
2014,847130,Computadores portáteis,276,Alemanha,95663099,18.105,mirror
2014,847130,Computadores portáteis,380,Itália,30462068,5.765,mirror
2014,847130,Computadores portáteis,704,Vietname,18226166,3.45,mirror
2014,847130,Computadores portáteis,300,Grécia,14491922,2.743,mirror
2014,847130,Computadores portáteis,208,Dinamarca,4901315,0.928,mirror
2014,851712,Telemóveis,724,Espanha,116521687,19.627,mirror
2014,851712,Telemóveis,704,Vietname,115478292,19.451,mirror
2014,851712,Telemóveis,156,China,107574198,18.12,mirror
2014,851712,Telemóveis,276,Alemanha,56525136,9.521,mirror
2014,851712,Telemóveis,251,França,54057138,9.105,mirror
2014,851712,Telemóveis,528,Países Baixos,34926280,5.883,mirror
2014,851712,Telemóveis,344,Hong Kong (RAEHK),30106352,5.071,mirror
2014,851712,Telemóveis,410,Coreia do Sul,25667655,4.324,mirror
2014,852990,Outras partes de aparelhos de rádio e TV,276,Alemanha,38846945,39.069,mirror
2014,852990,Outras partes de aparelhos de rádio e TV,156,China,32877594,33.066,mirror
2014,852990,Outras partes de aparelhos de rádio e TV,344,Hong Kong (RAEHK),6678790,6.717,mirror
2014,852990,Outras partes de aparelhos de rádio e TV,724,Espanha,4644340,4.671,mirror
2014,852990,Outras partes de aparelhos de rádio e TV,348,Hungria,4006416,4.029,mirror
2014,852990,Outras partes de aparelhos de rádio e TV,528,Países Baixos,2742548,2.758,mirror
2014,852990,Outras partes de aparelhos de rádio e TV,458,Malásia,1681983,1.692,mirror
2014,852990,Outras partes de aparelhos de rádio e TV,842,EUA,1550105,1.559,mirror
2014,854239,Outros circuitos integrados,276,Alemanha,68496477,53.242,mirror
2014,854239,Outros circuitos integrados,251,França,22444997,17.447,mirror
2014,854239,Outros circuitos integrados,702,Singapura,15819168,12.296,mirror
2014,854239,Outros circuitos integrados,490,Taiwan (Prov. China),6334416,4.924,mirror
2014,854239,Outros circuitos integrados,528,Países Baixos,5886689,4.576,mirror
2014,854239,Outros circuitos integrados,842,EUA,3203974,2.49,mirror
2014,854239,Outros circuitos integrados,56,Bélgica,1945788,1.512,mirror
2014,854239,Outros circuitos integrados,203,Chéquia,1360347,1.057,mirror
2014,870322,Automóveis a gasolina 1.000–1.500 cm³,724,Espanha,120417587,38.763,mirror
2014,870322,Automóveis a gasolina 1.000–1.500 cm³,251,França,49433716,15.913,mirror
2014,870322,Automóveis a gasolina 1.000–1.500 cm³,380,Itália,27236631,8.768,mirror
2014,870322,Automóveis a gasolina 1.000–1.500 cm³,616,Polónia,20208202,6.505,mirror
2014,870322,Automóveis a gasolina 1.000–1.500 cm³,276,Alemanha,17931308,5.772,mirror
2014,870322,Automóveis a gasolina 1.000–1.500 cm³,203,Chéquia,10448901,3.364,mirror
2014,870322,Automóveis a gasolina 1.000–1.500 cm³,56,Bélgica,9604861,3.092,mirror
2014,870322,Automóveis a gasolina 1.000–1.500 cm³,792,Turquia,9546916,3.073,mirror
2014,870323,Automóveis a gasolina 1.500–3.000 cm³,724,Espanha,85317658,38.585,mirror
2014,870323,Automóveis a gasolina 1.500–3.000 cm³,251,França,45646524,20.644,mirror
2014,870323,Automóveis a gasolina 1.500–3.000 cm³,276,Alemanha,31673571,14.324,mirror
2014,870323,Automóveis a gasolina 1.500–3.000 cm³,826,Reino Unido,25524500,11.543,mirror
2014,870323,Automóveis a gasolina 1.500–3.000 cm³,392,Japão,15498475,7.009,mirror
2014,870323,Automóveis a gasolina 1.500–3.000 cm³,616,Polónia,2882094,1.303,mirror
2014,870323,Automóveis a gasolina 1.500–3.000 cm³,528,Países Baixos,2654147,1.2,mirror
2014,870323,Automóveis a gasolina 1.500–3.000 cm³,56,Bélgica,2543863,1.15,mirror
2014,870331,Automóveis diesel até 1.500 cm³,724,Espanha,268467130,36.014,mirror
2014,870331,Automóveis diesel até 1.500 cm³,251,França,176732356,23.708,mirror
2014,870331,Automóveis diesel até 1.500 cm³,276,Alemanha,102662777,13.772,mirror
2014,870331,Automóveis diesel até 1.500 cm³,826,Reino Unido,52389429,7.028,mirror
2014,870331,Automóveis diesel até 1.500 cm³,792,Turquia,41798686,5.607,mirror
2014,870331,Automóveis diesel até 1.500 cm³,56,Bélgica,22712803,3.047,mirror
2014,870331,Automóveis diesel até 1.500 cm³,380,Itália,20253597,2.717,mirror
2014,870331,Automóveis diesel até 1.500 cm³,703,Eslováquia,19002817,2.549,mirror
2014,870332,Automóveis diesel 1.500–2.500 cm³,276,Alemanha,972928655,55.169,mirror
2014,870332,Automóveis diesel 1.500–2.500 cm³,724,Espanha,299983994,17.01,mirror
2014,870332,Automóveis diesel 1.500–2.500 cm³,251,França,183722118,10.418,mirror
2014,870332,Automóveis diesel 1.500–2.500 cm³,56,Bélgica,76356517,4.33,mirror
2014,870332,Automóveis diesel 1.500–2.500 cm³,826,Reino Unido,42050444,2.384,mirror
2014,870332,Automóveis diesel 1.500–2.500 cm³,203,Chéquia,32896942,1.865,mirror
2014,870332,Automóveis diesel 1.500–2.500 cm³,703,Eslováquia,21637997,1.227,mirror
2014,870332,Automóveis diesel 1.500–2.500 cm³,380,Itália,20191823,1.145,mirror
2014,870421,Camiões diesel até 5 t,724,Espanha,99986441,30.724,mirror
2014,870421,Camiões diesel até 5 t,251,França,67294741,20.678,mirror
2014,870421,Camiões diesel até 5 t,792,Turquia,37906513,11.648,mirror
2014,870421,Camiões diesel até 5 t,276,Alemanha,31899015,9.802,mirror
2014,870421,Camiões diesel até 5 t,380,Itália,22001051,6.76,mirror
2014,870421,Camiões diesel até 5 t,392,Japão,21621014,6.644,mirror
2014,870421,Camiões diesel até 5 t,710,África do Sul,14467050,4.445,mirror
2014,870421,Camiões diesel até 5 t,764,Tailândia,11925453,3.664,mirror
2014,870840,Caixas de velocidades e partes,276,Alemanha,150805013,66.735,mirror
2014,870840,Caixas de velocidades e partes,251,França,46112127,20.406,mirror
2014,870840,Caixas de velocidades e partes,724,Espanha,11210231,4.961,mirror
2014,870840,Caixas de velocidades e partes,392,Japão,8747986,3.871,mirror
2014,870840,Caixas de velocidades e partes,826,Reino Unido,4913480,2.174,mirror
2014,870840,Caixas de velocidades e partes,703,Eslováquia,1345316,0.595,mirror
2014,870840,Caixas de velocidades e partes,642,Roménia,649134,0.287,mirror
2014,870840,Caixas de velocidades e partes,56,Bélgica,472468,0.209,mirror
2014,870899,Outras partes de veículos,724,Espanha,423942168,54.674,mirror
2014,870899,Outras partes de veículos,251,França,151930754,19.594,mirror
2014,870899,Outras partes de veículos,276,Alemanha,66996001,8.64,mirror
2014,870899,Outras partes de veículos,380,Itália,39541237,5.1,mirror
2014,870899,Outras partes de veículos,203,Chéquia,27594221,3.559,mirror
2014,870899,Outras partes de veículos,392,Japão,12472966,1.609,mirror
2014,870899,Outras partes de veículos,826,Reino Unido,10003004,1.29,mirror
2014,870899,Outras partes de veículos,348,Hungria,7706952,0.994,mirror
2014,880240,Aviões +15.000 kg,124,Canadá,85014345,92.773,mirror
2014,880240,Aviões +15.000 kg,266,Gabão,6622536,7.227,mirror
2014,999999,Mercadorias não especificadas,276,Alemanha,390972352,32.294,mirror
2014,999999,Mercadorias não especificadas,842,EUA,154726893,12.78,mirror
2014,999999,Mercadorias não especificadas,251,França,103229082,8.527,mirror
2014,999999,Mercadorias não especificadas,826,Reino Unido,68261394,5.638,mirror
2014,999999,Mercadorias não especificadas,528,Países Baixos,66678626,5.508,mirror
2014,999999,Mercadorias não especificadas,702,Singapura,65285683,5.392,mirror
2014,999999,Mercadorias não especificadas,380,Itália,49579704,4.095,mirror
2014,999999,Mercadorias não especificadas,634,Catar,43992539,3.634,mirror
2015,100590,Milho,804,Ucrânia,143997001,43.089,direct
2015,100590,Milho,76,Brasil,46048337,13.779,direct
2015,100590,Milho,251,França,32045891,9.589,direct
2015,100590,Milho,842,EUA,29037831,8.689,direct
2015,100590,Milho,642,Roménia,27800139,8.319,direct
2015,100590,Milho,724,Espanha,20065679,6.004,direct
2015,100590,Milho,688,Sérvia,14528694,4.348,direct
2015,100590,Milho,348,Hungria,6992739,2.092,direct
2015,270900,Petróleo bruto,24,Angola,1250810206,22.884,direct
2015,270900,Petróleo bruto,682,Arábia Saudita,760066433,13.906,direct
2015,270900,Petróleo bruto,398,Cazaquistão,628310246,11.495,direct
2015,270900,Petróleo bruto,12,Argélia,560540211,10.255,direct
2015,270900,Petróleo bruto,31,Azerbaijan,463340397,8.477,direct
2015,270900,Petróleo bruto,643,Rússia,255705132,4.678,direct
2015,270900,Petróleo bruto,120,Camarões,241315333,4.415,direct
2015,270900,Petróleo bruto,178,Congo,241260715,4.414,direct
2015,271019,Gasóleo e combustíveis médios e pesados,724,Espanha,443809675,46.546,direct
2015,271019,Gasóleo e combustíveis médios e pesados,643,Rússia,296993093,31.148,direct
2015,271019,Gasóleo e combustíveis médios e pesados,56,Bélgica,115402265,12.103,direct
2015,271019,Gasóleo e combustíveis médios e pesados,528,Países Baixos,51248801,5.375,direct
2015,271019,Gasóleo e combustíveis médios e pesados,251,França,16635440,1.745,direct
2015,271019,Gasóleo e combustíveis médios e pesados,276,Alemanha,8946156,0.938,direct
2015,271019,Gasóleo e combustíveis médios e pesados,899,"Areas, nes",6835308,0.717,direct
2015,271019,Gasóleo e combustíveis médios e pesados,752,Suécia,6458452,0.677,direct
2015,271111,Gás natural liquefeito (GNL),899,"Areas, nes",337287751,98.928,direct
2015,271111,Gás natural liquefeito (GNL),724,Espanha,3655337,1.072,direct
2015,271121,Gás natural em estado gasoso,724,Espanha,929098810,100.0,direct
2015,271600,Energia elétrica,724,Espanha,260627649,100.0,direct
2015,300490,Medicamentos,276,Alemanha,345260080,19.346,direct
2015,300490,Medicamentos,372,Irlanda,205074866,11.491,direct
2015,300490,Medicamentos,724,Espanha,200037243,11.208,direct
2015,300490,Medicamentos,528,Países Baixos,180773923,10.129,direct
2015,300490,Medicamentos,826,Reino Unido,172032903,9.639,direct
2015,300490,Medicamentos,251,França,159940104,8.962,direct
2015,300490,Medicamentos,757,Suíça,126467433,7.086,direct
2015,300490,Medicamentos,56,Bélgica,113544334,6.362,direct
2015,381512,Catalisadores,276,Alemanha,147261774,76.506,direct
2015,381512,Catalisadores,251,França,34490813,17.919,direct
2015,381512,Catalisadores,826,Reino Unido,7743479,4.023,direct
2015,381512,Catalisadores,724,Espanha,1477646,0.768,direct
2015,381512,Catalisadores,528,Países Baixos,350841,0.182,direct
2015,381512,Catalisadores,710,África do Sul,336542,0.175,direct
2015,381512,Catalisadores,203,Chéquia,323252,0.168,direct
2015,381512,Catalisadores,380,Itália,270246,0.14,direct
2015,392690,Outros artigos de plástico,276,Alemanha,75667106,29.895,direct
2015,392690,Outros artigos de plástico,724,Espanha,61248168,24.198,direct
2015,392690,Outros artigos de plástico,380,Itália,24994682,9.875,direct
2015,392690,Outros artigos de plástico,251,França,17622129,6.962,direct
2015,392690,Outros artigos de plástico,156,China,17253696,6.817,direct
2015,392690,Outros artigos de plástico,826,Reino Unido,11235103,4.439,direct
2015,392690,Outros artigos de plástico,528,Países Baixos,8998956,3.555,direct
2015,392690,Outros artigos de plástico,440,Lituânia,7589362,2.998,direct
2015,720449,Outra sucata ferrosa,826,Reino Unido,89780036,29.635,direct
2015,720449,Outra sucata ferrosa,724,Espanha,63571761,20.984,direct
2015,720449,Outra sucata ferrosa,528,Países Baixos,49574587,16.364,direct
2015,720449,Outra sucata ferrosa,276,Alemanha,25039859,8.265,direct
2015,720449,Outra sucata ferrosa,372,Irlanda,20841764,6.88,direct
2015,720449,Outra sucata ferrosa,251,França,19889618,6.565,direct
2015,720449,Outra sucata ferrosa,752,Suécia,12610015,4.162,direct
2015,720449,Outra sucata ferrosa,246,Finlândia,6368345,2.102,direct
2015,760120,"Ligas de alumínio, em bruto",724,Espanha,134858462,78.211,direct
2015,760120,"Ligas de alumínio, em bruto",528,Países Baixos,14385721,8.343,direct
2015,760120,"Ligas de alumínio, em bruto",251,França,8713395,5.053,direct
2015,760120,"Ligas de alumínio, em bruto",276,Alemanha,7472924,4.334,direct
2015,760120,"Ligas de alumínio, em bruto",826,Reino Unido,5581345,3.237,direct
2015,760120,"Ligas de alumínio, em bruto",643,Rússia,555504,0.322,direct
2015,760120,"Ligas de alumínio, em bruto",792,Turquia,355913,0.206,direct
2015,760120,"Ligas de alumínio, em bruto",699,Índia,150449,0.087,direct
2015,840820,Motores diesel para veículos,276,Alemanha,177709075,63.35,direct
2015,840820,Motores diesel para veículos,251,França,64380548,22.951,direct
2015,840820,Motores diesel para veículos,380,Itália,26386635,9.406,direct
2015,840820,Motores diesel para veículos,392,Japão,7848786,2.798,direct
2015,840820,Motores diesel para veículos,724,Espanha,3895369,1.389,direct
2015,840820,Motores diesel para veículos,528,Países Baixos,106550,0.038,direct
2015,840820,Motores diesel para veículos,56,Bélgica,87471,0.031,direct
2015,840820,Motores diesel para veículos,826,Reino Unido,75330,0.027,direct
2015,847130,Computadores portáteis,724,Espanha,106914583,27.301,direct
2015,847130,Computadores portáteis,528,Países Baixos,106575914,27.214,direct
2015,847130,Computadores portáteis,276,Alemanha,67517792,17.241,direct
2015,847130,Computadores portáteis,380,Itália,31783756,8.116,direct
2015,847130,Computadores portáteis,156,China,21681644,5.536,direct
2015,847130,Computadores portáteis,704,Vietname,17108481,4.369,direct
2015,847130,Computadores portáteis,372,Irlanda,9279892,2.37,direct
2015,847130,Computadores portáteis,300,Grécia,8169388,2.086,direct
2015,851712,Telemóveis,704,Vietname,134844479,22.843,direct
2015,851712,Telemóveis,724,Espanha,119754068,20.287,direct
2015,851712,Telemóveis,528,Países Baixos,81946441,13.882,direct
2015,851712,Telemóveis,156,China,74871279,12.684,direct
2015,851712,Telemóveis,372,Irlanda,43972914,7.449,direct
2015,851712,Telemóveis,442,Luxemburgo,39056825,6.616,direct
2015,851712,Telemóveis,276,Alemanha,33398849,5.658,direct
2015,851712,Telemóveis,410,Coreia do Sul,22026064,3.731,direct
2015,852990,Outras partes de aparelhos de rádio e TV,276,Alemanha,114189502,53.214,direct
2015,852990,Outras partes de aparelhos de rádio e TV,380,Itália,29710607,13.846,direct
2015,852990,Outras partes de aparelhos de rádio e TV,724,Espanha,21545186,10.04,direct
2015,852990,Outras partes de aparelhos de rádio e TV,251,França,20151860,9.391,direct
2015,852990,Outras partes de aparelhos de rádio e TV,156,China,8012965,3.734,direct
2015,852990,Outras partes de aparelhos de rádio e TV,528,Países Baixos,5359540,2.498,direct
2015,852990,Outras partes de aparelhos de rádio e TV,348,Hungria,4521530,2.107,direct
2015,852990,Outras partes de aparelhos de rádio e TV,826,Reino Unido,1709150,0.796,direct
2015,854239,Outros circuitos integrados,276,Alemanha,44422191,37.557,direct
2015,854239,Outros circuitos integrados,724,Espanha,24805327,20.972,direct
2015,854239,Outros circuitos integrados,826,Reino Unido,10345662,8.747,direct
2015,854239,Outros circuitos integrados,251,França,9196680,7.775,direct
2015,854239,Outros circuitos integrados,528,Países Baixos,9155440,7.741,direct
2015,854239,Outros circuitos integrados,372,Irlanda,5134845,4.341,direct
2015,854239,Outros circuitos integrados,490,Taiwan (Prov. China),4314062,3.647,direct
2015,854239,Outros circuitos integrados,410,Coreia do Sul,2421497,2.047,direct
2015,870322,Automóveis a gasolina 1.000–1.500 cm³,724,Espanha,140949632,37.593,direct
2015,870322,Automóveis a gasolina 1.000–1.500 cm³,251,França,68493754,18.268,direct
2015,870322,Automóveis a gasolina 1.000–1.500 cm³,380,Itália,42912396,11.445,direct
2015,870322,Automóveis a gasolina 1.000–1.500 cm³,276,Alemanha,31834313,8.491,direct
2015,870322,Automóveis a gasolina 1.000–1.500 cm³,826,Reino Unido,22973450,6.127,direct
2015,870322,Automóveis a gasolina 1.000–1.500 cm³,703,Eslováquia,20141821,5.372,direct
2015,870322,Automóveis a gasolina 1.000–1.500 cm³,203,Chéquia,13879635,3.702,direct
2015,870322,Automóveis a gasolina 1.000–1.500 cm³,410,Coreia do Sul,8609282,2.296,direct
2015,870323,Automóveis a gasolina 1.500–3.000 cm³,276,Alemanha,75534943,36.74,direct
2015,870323,Automóveis a gasolina 1.500–3.000 cm³,724,Espanha,54342441,26.432,direct
2015,870323,Automóveis a gasolina 1.500–3.000 cm³,251,França,24064183,11.705,direct
2015,870323,Automóveis a gasolina 1.500–3.000 cm³,392,Japão,20336687,9.892,direct
2015,870323,Automóveis a gasolina 1.500–3.000 cm³,826,Reino Unido,15777823,7.674,direct
2015,870323,Automóveis a gasolina 1.500–3.000 cm³,752,Suécia,4047763,1.969,direct
2015,870323,Automóveis a gasolina 1.500–3.000 cm³,380,Itália,3118565,1.517,direct
2015,870323,Automóveis a gasolina 1.500–3.000 cm³,348,Hungria,2332152,1.134,direct
2015,870331,Automóveis diesel até 1.500 cm³,276,Alemanha,332637698,34.195,direct
2015,870331,Automóveis diesel até 1.500 cm³,724,Espanha,217038898,22.311,direct
2015,870331,Automóveis diesel até 1.500 cm³,251,França,180319322,18.537,direct
2015,870331,Automóveis diesel até 1.500 cm³,826,Reino Unido,122827693,12.627,direct
2015,870331,Automóveis diesel até 1.500 cm³,56,Bélgica,34470078,3.544,direct
2015,870331,Automóveis diesel até 1.500 cm³,380,Itália,24894616,2.559,direct
2015,870331,Automóveis diesel até 1.500 cm³,348,Hungria,20858900,2.144,direct
2015,870331,Automóveis diesel até 1.500 cm³,703,Eslováquia,14763315,1.518,direct
2015,870332,Automóveis diesel 1.500–2.500 cm³,276,Alemanha,961452485,52.299,direct
2015,870332,Automóveis diesel 1.500–2.500 cm³,251,França,256424166,13.948,direct
2015,870332,Automóveis diesel 1.500–2.500 cm³,724,Espanha,200018929,10.88,direct
2015,870332,Automóveis diesel 1.500–2.500 cm³,826,Reino Unido,113872367,6.194,direct
2015,870332,Automóveis diesel 1.500–2.500 cm³,56,Bélgica,61864537,3.365,direct
2015,870332,Automóveis diesel 1.500–2.500 cm³,348,Hungria,51590230,2.806,direct
2015,870332,Automóveis diesel 1.500–2.500 cm³,203,Chéquia,44218135,2.405,direct
2015,870332,Automóveis diesel 1.500–2.500 cm³,703,Eslováquia,29840273,1.623,direct
2015,870421,Camiões diesel até 5 t,724,Espanha,91286929,37.564,direct
2015,870421,Camiões diesel até 5 t,251,França,44550996,18.332,direct
2015,870421,Camiões diesel até 5 t,380,Itália,31676707,13.035,direct
2015,870421,Camiões diesel até 5 t,792,Turquia,29996987,12.344,direct
2015,870421,Camiões diesel até 5 t,710,África do Sul,13809158,5.682,direct
2015,870421,Camiões diesel até 5 t,276,Alemanha,13545281,5.574,direct
2015,870421,Camiões diesel até 5 t,764,Tailândia,11300648,4.65,direct
2015,870421,Camiões diesel até 5 t,826,Reino Unido,3232792,1.33,direct
2015,870840,Caixas de velocidades e partes,276,Alemanha,117901934,36.373,direct
2015,870840,Caixas de velocidades e partes,251,França,117058692,36.113,direct
2015,870840,Caixas de velocidades e partes,724,Espanha,49726679,15.341,direct
2015,870840,Caixas de velocidades e partes,392,Japão,27617929,8.52,direct
2015,870840,Caixas de velocidades e partes,826,Reino Unido,4934708,1.522,direct
2015,870840,Caixas de velocidades e partes,380,Itália,2698880,0.833,direct
2015,870840,Caixas de velocidades e partes,203,Chéquia,1229292,0.379,direct
2015,870840,Caixas de velocidades e partes,56,Bélgica,772162,0.238,direct
2015,870899,Outras partes de veículos,724,Espanha,488981622,38.568,direct
2015,870899,Outras partes de veículos,276,Alemanha,370799876,29.246,direct
2015,870899,Outras partes de veículos,251,França,118929490,9.38,direct
2015,870899,Outras partes de veículos,203,Chéquia,67187327,5.299,direct
2015,870899,Outras partes de veículos,348,Hungria,37847019,2.985,direct
2015,870899,Outras partes de veículos,380,Itália,36807227,2.903,direct
2015,870899,Outras partes de veículos,616,Polónia,27525835,2.171,direct
2015,870899,Outras partes de veículos,392,Japão,24907510,1.965,direct
2015,880240,Aviões +15.000 kg,842,EUA,96314213,100.0,direct
2015,999999,Mercadorias não especificadas,276,Alemanha,10532471,100.0,direct
2015,100590,Milho,804,Ucrânia,128677223,51.585,mirror
2015,100590,Milho,642,Roménia,29409867,11.79,mirror
2015,100590,Milho,842,EUA,26963564,10.809,mirror
2015,100590,Milho,251,França,24245955,9.72,mirror
2015,100590,Milho,724,Espanha,14763747,5.919,mirror
2015,100590,Milho,100,Bulgária,12009520,4.815,mirror
2015,100590,Milho,348,Hungria,7500116,3.007,mirror
2015,100590,Milho,600,Paraguai,4059020,1.627,mirror
2015,270900,Petróleo bruto,24,Angola,1189395875,27.376,mirror
2015,270900,Petróleo bruto,398,Cazaquistão,641855486,14.773,mirror
2015,270900,Petróleo bruto,12,Argélia,497682167,11.455,mirror
2015,270900,Petróleo bruto,288,Gana,379225620,8.729,mirror
2015,270900,Petróleo bruto,31,Azerbaijan,368848593,8.49,mirror
2015,270900,Petróleo bruto,120,Camarões,274252762,6.312,mirror
2015,270900,Petróleo bruto,178,Congo,269913896,6.213,mirror
2015,270900,Petróleo bruto,76,Brasil,206583065,4.755,mirror
2015,271019,Gasóleo e combustíveis médios e pesados,724,Espanha,396539038,63.798,mirror
2015,271019,Gasóleo e combustíveis médios e pesados,528,Países Baixos,96992691,15.605,mirror
2015,271019,Gasóleo e combustíveis médios e pesados,56,Bélgica,36605629,5.889,mirror
2015,271019,Gasóleo e combustíveis médios e pesados,251,França,19660243,3.163,mirror
2015,271019,Gasóleo e combustíveis médios e pesados,156,China,12227943,1.967,mirror
2015,271019,Gasóleo e combustíveis médios e pesados,300,Grécia,11444864,1.841,mirror
2015,271019,Gasóleo e combustíveis médios e pesados,757,Suíça,11224549,1.806,mirror
2015,271019,Gasóleo e combustíveis médios e pesados,643,Rússia,8986967,1.446,mirror
2015,271111,Gás natural liquefeito (GNL),566,Nigéria,234430388,70.904,mirror
2015,271111,Gás natural liquefeito (GNL),12,Argélia,52890074,15.997,mirror
2015,271111,Gás natural liquefeito (GNL),579,Noruega,39705112,12.009,mirror
2015,271111,Gás natural liquefeito (GNL),724,Espanha,3606279,1.091,mirror
2015,271121,Gás natural em estado gasoso,12,Argélia,318282916,99.993,mirror
2015,271121,Gás natural em estado gasoso,724,Espanha,22175,0.007,mirror
2015,271121,Gás natural em estado gasoso,528,Países Baixos,21,0.0,mirror
2015,271600,Energia elétrica,724,Espanha,311455865,100.0,mirror
2015,271600,Energia elétrica,528,Países Baixos,21,0.0,mirror
2015,300490,Medicamentos,276,Alemanha,273204911,18.107,mirror
2015,300490,Medicamentos,372,Irlanda,235714707,15.622,mirror
2015,300490,Medicamentos,724,Espanha,204672773,13.565,mirror
2015,300490,Medicamentos,251,França,176930487,11.726,mirror
2015,300490,Medicamentos,757,Suíça,169950604,11.264,mirror
2015,300490,Medicamentos,826,Reino Unido,125094815,8.291,mirror
2015,300490,Medicamentos,528,Países Baixos,109961556,7.288,mirror
2015,300490,Medicamentos,380,Itália,91301916,6.051,mirror
2015,381512,Catalisadores,276,Alemanha,285432390,88.74,mirror
2015,381512,Catalisadores,826,Reino Unido,25502359,7.929,mirror
2015,381512,Catalisadores,251,França,8586208,2.669,mirror
2015,381512,Catalisadores,380,Itália,1581950,0.492,mirror
2015,381512,Catalisadores,710,África do Sul,520842,0.162,mirror
2015,381512,Catalisadores,842,EUA,13901,0.004,mirror
2015,381512,Catalisadores,203,Chéquia,8833,0.003,mirror
2015,381512,Catalisadores,724,Espanha,4027,0.001,mirror
2015,392690,Outros artigos de plástico,276,Alemanha,69527123,26.976,mirror
2015,392690,Outros artigos de plástico,724,Espanha,51376837,19.934,mirror
2015,392690,Outros artigos de plástico,380,Itália,32791590,12.723,mirror
2015,392690,Outros artigos de plástico,251,França,20935825,8.123,mirror
2015,392690,Outros artigos de plástico,156,China,18215004,7.067,mirror
2015,392690,Outros artigos de plástico,826,Reino Unido,9826345,3.813,mirror
2015,392690,Outros artigos de plástico,528,Países Baixos,8814464,3.42,mirror
2015,392690,Outros artigos de plástico,440,Lituânia,7828989,3.038,mirror
2015,720449,Outra sucata ferrosa,826,Reino Unido,55149955,28.844,mirror
2015,720449,Outra sucata ferrosa,528,Países Baixos,42936405,22.456,mirror
2015,720449,Outra sucata ferrosa,724,Espanha,27113661,14.181,mirror
2015,720449,Outra sucata ferrosa,276,Alemanha,15095785,7.895,mirror
2015,720449,Outra sucata ferrosa,251,França,13971514,7.307,mirror
2015,720449,Outra sucata ferrosa,752,Suécia,11778738,6.16,mirror
2015,720449,Outra sucata ferrosa,372,Irlanda,8687513,4.544,mirror
2015,720449,Outra sucata ferrosa,579,Noruega,6785356,3.549,mirror
2015,760120,"Ligas de alumínio, em bruto",724,Espanha,77237570,56.084,mirror
2015,760120,"Ligas de alumínio, em bruto",579,Noruega,57102672,41.463,mirror
2015,760120,"Ligas de alumínio, em bruto",276,Alemanha,879443,0.639,mirror
2015,760120,"Ligas de alumínio, em bruto",699,Índia,627995,0.456,mirror
2015,760120,"Ligas de alumínio, em bruto",380,Itália,523691,0.38,mirror
2015,760120,"Ligas de alumínio, em bruto",251,França,519041,0.377,mirror
2015,760120,"Ligas de alumínio, em bruto",156,China,358882,0.261,mirror
2015,760120,"Ligas de alumínio, em bruto",792,Turquia,237861,0.173,mirror
2015,840820,Motores diesel para veículos,276,Alemanha,179441727,64.454,mirror
2015,840820,Motores diesel para veículos,251,França,65487029,23.522,mirror
2015,840820,Motores diesel para veículos,380,Itália,27700489,9.95,mirror
2015,840820,Motores diesel para veículos,724,Espanha,4815640,1.73,mirror
2015,840820,Motores diesel para veículos,528,Países Baixos,398390,0.143,mirror
2015,840820,Motores diesel para veículos,826,Reino Unido,255048,0.092,mirror
2015,840820,Motores diesel para veículos,56,Bélgica,138325,0.05,mirror
2015,840820,Motores diesel para veículos,392,Japão,125960,0.045,mirror
2015,847130,Computadores portáteis,724,Espanha,96299918,22.891,mirror
2015,847130,Computadores portáteis,156,China,85540993,20.334,mirror
2015,847130,Computadores portáteis,528,Países Baixos,82662773,19.65,mirror
2015,847130,Computadores portáteis,276,Alemanha,77252498,18.364,mirror
2015,847130,Computadores portáteis,380,Itália,23999535,5.705,mirror
2015,847130,Computadores portáteis,704,Vietname,19814638,4.71,mirror
2015,847130,Computadores portáteis,300,Grécia,8477800,2.015,mirror
2015,847130,Computadores portáteis,56,Bélgica,7965813,1.894,mirror
2015,851712,Telemóveis,704,Vietname,147842947,24.562,mirror
2015,851712,Telemóveis,156,China,133261471,22.139,mirror
2015,851712,Telemóveis,724,Espanha,118270877,19.649,mirror
2015,851712,Telemóveis,344,Hong Kong (RAEHK),54588763,9.069,mirror
2015,851712,Telemóveis,276,Alemanha,51119407,8.493,mirror
2015,851712,Telemóveis,410,Coreia do Sul,22695894,3.771,mirror
2015,851712,Telemóveis,528,Países Baixos,15508663,2.577,mirror
2015,851712,Telemóveis,251,França,15313043,2.544,mirror
2015,852990,Outras partes de aparelhos de rádio e TV,276,Alemanha,51418039,40.977,mirror
2015,852990,Outras partes de aparelhos de rádio e TV,156,China,31604551,25.187,mirror
2015,852990,Outras partes de aparelhos de rádio e TV,724,Espanha,10934153,8.714,mirror
2015,852990,Outras partes de aparelhos de rádio e TV,376,Israel,6393000,5.095,mirror
2015,852990,Outras partes de aparelhos de rádio e TV,458,Malásia,4584561,3.654,mirror
2015,852990,Outras partes de aparelhos de rádio e TV,344,Hong Kong (RAEHK),3474200,2.769,mirror
2015,852990,Outras partes de aparelhos de rádio e TV,528,Países Baixos,3240154,2.582,mirror
2015,852990,Outras partes de aparelhos de rádio e TV,842,EUA,2602809,2.074,mirror
2015,854239,Outros circuitos integrados,276,Alemanha,55132696,55.907,mirror
2015,854239,Outros circuitos integrados,490,Taiwan (Prov. China),15425822,15.643,mirror
2015,854239,Outros circuitos integrados,251,França,12002584,12.171,mirror
2015,854239,Outros circuitos integrados,702,Singapura,5506471,5.584,mirror
2015,854239,Outros circuitos integrados,528,Países Baixos,4189206,4.248,mirror
2015,854239,Outros circuitos integrados,56,Bélgica,1666649,1.69,mirror
2015,854239,Outros circuitos integrados,203,Chéquia,1245260,1.263,mirror
2015,854239,Outros circuitos integrados,826,Reino Unido,781363,0.792,mirror
2015,870322,Automóveis a gasolina 1.000–1.500 cm³,724,Espanha,137981626,38.621,mirror
2015,870322,Automóveis a gasolina 1.000–1.500 cm³,251,França,49100444,13.743,mirror
2015,870322,Automóveis a gasolina 1.000–1.500 cm³,276,Alemanha,40416883,11.313,mirror
2015,870322,Automóveis a gasolina 1.000–1.500 cm³,380,Itália,28698246,8.033,mirror
2015,870322,Automóveis a gasolina 1.000–1.500 cm³,616,Polónia,20720372,5.8,mirror
2015,870322,Automóveis a gasolina 1.000–1.500 cm³,504,Marrocos,13883559,3.886,mirror
2015,870322,Automóveis a gasolina 1.000–1.500 cm³,792,Turquia,12710621,3.558,mirror
2015,870322,Automóveis a gasolina 1.000–1.500 cm³,56,Bélgica,12090199,3.384,mirror
2015,870323,Automóveis a gasolina 1.500–3.000 cm³,724,Espanha,70774810,31.976,mirror
2015,870323,Automóveis a gasolina 1.500–3.000 cm³,276,Alemanha,47142291,21.299,mirror
2015,870323,Automóveis a gasolina 1.500–3.000 cm³,251,França,45858434,20.719,mirror
2015,870323,Automóveis a gasolina 1.500–3.000 cm³,392,Japão,22020172,9.949,mirror
2015,870323,Automóveis a gasolina 1.500–3.000 cm³,826,Reino Unido,19224356,8.686,mirror
2015,870323,Automóveis a gasolina 1.500–3.000 cm³,528,Países Baixos,5424366,2.451,mirror
2015,870323,Automóveis a gasolina 1.500–3.000 cm³,56,Bélgica,2368335,1.07,mirror
2015,870323,Automóveis a gasolina 1.500–3.000 cm³,703,Eslováquia,1528866,0.691,mirror
2015,870331,Automóveis diesel até 1.500 cm³,724,Espanha,317261831,34.703,mirror
2015,870331,Automóveis diesel até 1.500 cm³,276,Alemanha,272474228,29.804,mirror
2015,870331,Automóveis diesel até 1.500 cm³,251,França,102886710,11.254,mirror
2015,870331,Automóveis diesel até 1.500 cm³,826,Reino Unido,53083094,5.806,mirror
2015,870331,Automóveis diesel até 1.500 cm³,792,Turquia,42316572,4.629,mirror
2015,870331,Automóveis diesel até 1.500 cm³,380,Itália,24615074,2.692,mirror
2015,870331,Automóveis diesel até 1.500 cm³,348,Hungria,20405894,2.232,mirror
2015,870331,Automóveis diesel até 1.500 cm³,56,Bélgica,19791991,2.165,mirror
2015,870332,Automóveis diesel 1.500–2.500 cm³,276,Alemanha,825340697,48.934,mirror
2015,870332,Automóveis diesel 1.500–2.500 cm³,724,Espanha,288550588,17.108,mirror
2015,870332,Automóveis diesel 1.500–2.500 cm³,251,França,191510141,11.355,mirror
2015,870332,Automóveis diesel 1.500–2.500 cm³,826,Reino Unido,77126483,4.573,mirror
2015,870332,Automóveis diesel 1.500–2.500 cm³,56,Bélgica,73582939,4.363,mirror
2015,870332,Automóveis diesel 1.500–2.500 cm³,348,Hungria,37473158,2.222,mirror
2015,870332,Automóveis diesel 1.500–2.500 cm³,380,Itália,28526680,1.691,mirror
2015,870332,Automóveis diesel 1.500–2.500 cm³,752,Suécia,25438668,1.508,mirror
2015,870421,Camiões diesel até 5 t,724,Espanha,79911201,25.335,mirror
2015,870421,Camiões diesel até 5 t,251,França,69402537,22.003,mirror
2015,870421,Camiões diesel até 5 t,276,Alemanha,35367122,11.213,mirror
2015,870421,Camiões diesel até 5 t,792,Turquia,33601170,10.653,mirror
2015,870421,Camiões diesel até 5 t,380,Itália,28324181,8.98,mirror
2015,870421,Camiões diesel até 5 t,392,Japão,20651364,6.547,mirror
2015,870421,Camiões diesel até 5 t,710,África do Sul,15463321,4.902,mirror
2015,870421,Camiões diesel até 5 t,764,Tailândia,13029287,4.131,mirror
2015,870840,Caixas de velocidades e partes,276,Alemanha,127714028,65.489,mirror
2015,870840,Caixas de velocidades e partes,251,França,39166504,20.084,mirror
2015,870840,Caixas de velocidades e partes,724,Espanha,9828205,5.04,mirror
2015,870840,Caixas de velocidades e partes,392,Japão,9594083,4.92,mirror
2015,870840,Caixas de velocidades e partes,826,Reino Unido,3986333,2.044,mirror
2015,870840,Caixas de velocidades e partes,642,Roménia,673892,0.346,mirror
2015,870840,Caixas de velocidades e partes,56,Bélgica,572988,0.294,mirror
2015,870840,Caixas de velocidades e partes,703,Eslováquia,559564,0.287,mirror
2015,870899,Outras partes de veículos,724,Espanha,326870155,52.68,mirror
2015,870899,Outras partes de veículos,251,França,127229344,20.505,mirror
2015,870899,Outras partes de veículos,276,Alemanha,55890287,9.008,mirror
2015,870899,Outras partes de veículos,380,Itália,35883944,5.783,mirror
2015,870899,Outras partes de veículos,392,Japão,12453220,2.007,mirror
2015,870899,Outras partes de veículos,203,Chéquia,9874119,1.591,mirror
2015,870899,Outras partes de veículos,826,Reino Unido,9384793,1.512,mirror
2015,870899,Outras partes de veículos,348,Hungria,8780489,1.415,mirror
2015,880240,Aviões +15.000 kg,124,Canadá,44741204,89.99,mirror
2015,880240,Aviões +15.000 kg,566,Nigéria,4973068,10.003,mirror
2015,880240,Aviões +15.000 kg,528,Países Baixos,3792,0.008,mirror
2015,999999,Mercadorias não especificadas,276,Alemanha,395419086,32.101,mirror
2015,999999,Mercadorias não especificadas,842,EUA,179532518,14.575,mirror
2015,999999,Mercadorias não especificadas,251,França,107230728,8.705,mirror
2015,999999,Mercadorias não especificadas,702,Singapura,90195783,7.322,mirror
2015,999999,Mercadorias não especificadas,528,Países Baixos,59970407,4.869,mirror
2015,999999,Mercadorias não especificadas,484,México,53195518,4.319,mirror
2015,999999,Mercadorias não especificadas,380,Itália,48735477,3.956,mirror
2015,999999,Mercadorias não especificadas,724,Espanha,40817021,3.314,mirror
2016,100590,Milho,804,Ucrânia,116896467,33.638,direct
2016,100590,Milho,76,Brasil,40430751,11.634,direct
2016,100590,Milho,124,Canadá,39834643,11.463,direct
2016,100590,Milho,100,Bulgária,30980889,8.915,direct
2016,100590,Milho,724,Espanha,24949348,7.179,direct
2016,100590,Milho,842,EUA,23266236,6.695,direct
2016,100590,Milho,642,Roménia,23150061,6.662,direct
2016,100590,Milho,276,Alemanha,16180736,4.656,direct
2016,270900,Petróleo bruto,643,Rússia,1018909813,23.769,direct
2016,270900,Petróleo bruto,24,Angola,855554757,19.958,direct
2016,270900,Petróleo bruto,31,Azerbaijan,503483196,11.745,direct
2016,270900,Petróleo bruto,682,Arábia Saudita,481558096,11.234,direct
2016,270900,Petróleo bruto,12,Argélia,347629033,8.109,direct
2016,270900,Petróleo bruto,398,Cazaquistão,333775672,7.786,direct
2016,270900,Petróleo bruto,368,Iraque,208069475,4.854,direct
2016,270900,Petróleo bruto,484,México,113288101,2.643,direct
2016,271019,Gasóleo e combustíveis médios e pesados,724,Espanha,413855985,54.545,direct
2016,271019,Gasóleo e combustíveis médios e pesados,643,Rússia,156537807,20.631,direct
2016,271019,Gasóleo e combustíveis médios e pesados,56,Bélgica,94504699,12.456,direct
2016,271019,Gasóleo e combustíveis médios e pesados,528,Países Baixos,43065654,5.676,direct
2016,271019,Gasóleo e combustíveis médios e pesados,752,Suécia,17873308,2.356,direct
2016,271019,Gasóleo e combustíveis médios e pesados,276,Alemanha,8162916,1.076,direct
2016,271019,Gasóleo e combustíveis médios e pesados,251,França,7959383,1.049,direct
2016,271019,Gasóleo e combustíveis médios e pesados,842,EUA,4905578,0.647,direct
2016,271111,Gás natural liquefeito (GNL),899,"Areas, nes",249411147,98.319,direct
2016,271111,Gás natural liquefeito (GNL),724,Espanha,4263837,1.681,direct
2016,271121,Gás natural em estado gasoso,724,Espanha,718534234,100.0,direct
2016,271600,Energia elétrica,724,Espanha,97559392,100.0,direct
2016,300490,Medicamentos,276,Alemanha,374699617,20.186,direct
2016,300490,Medicamentos,372,Irlanda,208891489,11.254,direct
2016,300490,Medicamentos,724,Espanha,208839718,11.251,direct
2016,300490,Medicamentos,826,Reino Unido,205698889,11.082,direct
2016,300490,Medicamentos,528,Países Baixos,177411545,9.558,direct
2016,300490,Medicamentos,251,França,138543495,7.464,direct
2016,300490,Medicamentos,757,Suíça,134692894,7.256,direct
2016,300490,Medicamentos,56,Bélgica,126938325,6.839,direct
2016,381512,Catalisadores,276,Alemanha,176159605,71.537,direct
2016,381512,Catalisadores,251,França,45202780,18.357,direct
2016,381512,Catalisadores,616,Polónia,14961564,6.076,direct
2016,381512,Catalisadores,826,Reino Unido,5601174,2.275,direct
2016,381512,Catalisadores,203,Chéquia,2465485,1.001,direct
2016,381512,Catalisadores,380,Itália,1667439,0.677,direct
2016,381512,Catalisadores,710,África do Sul,168226,0.068,direct
2016,381512,Catalisadores,724,Espanha,22774,0.009,direct
2016,392690,Outros artigos de plástico,276,Alemanha,74398259,28.245,direct
2016,392690,Outros artigos de plástico,724,Espanha,67039012,25.451,direct
2016,392690,Outros artigos de plástico,380,Itália,27088852,10.284,direct
2016,392690,Outros artigos de plástico,156,China,20486994,7.778,direct
2016,392690,Outros artigos de plástico,251,França,17937197,6.81,direct
2016,392690,Outros artigos de plástico,826,Reino Unido,9504931,3.608,direct
2016,392690,Outros artigos de plástico,528,Países Baixos,8915145,3.385,direct
2016,392690,Outros artigos de plástico,440,Lituânia,6506480,2.47,direct
2016,720449,Outra sucata ferrosa,826,Reino Unido,70017971,28.299,direct
2016,720449,Outra sucata ferrosa,724,Espanha,52153779,21.079,direct
2016,720449,Outra sucata ferrosa,528,Países Baixos,35886030,14.504,direct
2016,720449,Outra sucata ferrosa,372,Irlanda,30129678,12.178,direct
2016,720449,Outra sucata ferrosa,276,Alemanha,25822648,10.437,direct
2016,720449,Outra sucata ferrosa,251,França,13850215,5.598,direct
2016,720449,Outra sucata ferrosa,752,Suécia,5779413,2.336,direct
2016,720449,Outra sucata ferrosa,208,Dinamarca,5484429,2.217,direct
2016,760120,"Ligas de alumínio, em bruto",724,Espanha,130169108,79.945,direct
2016,760120,"Ligas de alumínio, em bruto",528,Países Baixos,12468689,7.658,direct
2016,760120,"Ligas de alumínio, em bruto",276,Alemanha,6990790,4.293,direct
2016,760120,"Ligas de alumínio, em bruto",251,França,6250581,3.839,direct
2016,760120,"Ligas de alumínio, em bruto",233,Estónia,3365092,2.067,direct
2016,760120,"Ligas de alumínio, em bruto",826,Reino Unido,2850517,1.751,direct
2016,760120,"Ligas de alumínio, em bruto",56,Bélgica,223636,0.137,direct
2016,760120,"Ligas de alumínio, em bruto",484,México,192349,0.118,direct
2016,840820,Motores diesel para veículos,276,Alemanha,188516114,63.601,direct
2016,840820,Motores diesel para veículos,251,França,66573713,22.46,direct
2016,840820,Motores diesel para veículos,380,Itália,30536093,10.302,direct
2016,840820,Motores diesel para veículos,392,Japão,7377965,2.489,direct
2016,840820,Motores diesel para veículos,724,Espanha,3100865,1.046,direct
2016,840820,Motores diesel para veículos,56,Bélgica,194190,0.066,direct
2016,840820,Motores diesel para veículos,203,Chéquia,39653,0.013,direct
2016,840820,Motores diesel para veículos,24,Angola,35825,0.012,direct
2016,847130,Computadores portáteis,528,Países Baixos,114478247,34.247,direct
2016,847130,Computadores portáteis,724,Espanha,101389406,30.331,direct
2016,847130,Computadores portáteis,276,Alemanha,32532017,9.732,direct
2016,847130,Computadores portáteis,380,Itália,23864956,7.139,direct
2016,847130,Computadores portáteis,300,Grécia,16369962,4.897,direct
2016,847130,Computadores portáteis,156,China,12115652,3.624,direct
2016,847130,Computadores portáteis,704,Vietname,10206456,3.053,direct
2016,847130,Computadores portáteis,372,Irlanda,9019189,2.698,direct
2016,851712,Telemóveis,704,Vietname,144726673,23.669,direct
2016,851712,Telemóveis,724,Espanha,136678835,22.353,direct
2016,851712,Telemóveis,528,Países Baixos,89448623,14.629,direct
2016,851712,Telemóveis,156,China,60418176,9.881,direct
2016,851712,Telemóveis,372,Irlanda,50768245,8.303,direct
2016,851712,Telemóveis,251,França,31019399,5.073,direct
2016,851712,Telemóveis,442,Luxemburgo,29052199,4.751,direct
2016,851712,Telemóveis,276,Alemanha,27965496,4.574,direct
2016,852990,Outras partes de aparelhos de rádio e TV,276,Alemanha,215577535,61.064,direct
2016,852990,Outras partes de aparelhos de rádio e TV,380,Itália,47342348,13.41,direct
2016,852990,Outras partes de aparelhos de rádio e TV,251,França,32741374,9.274,direct
2016,852990,Outras partes de aparelhos de rádio e TV,724,Espanha,20765764,5.882,direct
2016,852990,Outras partes de aparelhos de rádio e TV,528,Países Baixos,6772512,1.918,direct
2016,852990,Outras partes de aparelhos de rádio e TV,458,Malásia,5712890,1.618,direct
2016,852990,Outras partes de aparelhos de rádio e TV,348,Hungria,5276414,1.495,direct
2016,852990,Outras partes de aparelhos de rádio e TV,156,China,4619917,1.309,direct
2016,854239,Outros circuitos integrados,276,Alemanha,57591188,33.494,direct
2016,854239,Outros circuitos integrados,724,Espanha,43890856,25.526,direct
2016,854239,Outros circuitos integrados,251,França,15983464,9.296,direct
2016,854239,Outros circuitos integrados,528,Países Baixos,15242504,8.865,direct
2016,854239,Outros circuitos integrados,826,Reino Unido,14443543,8.4,direct
2016,854239,Outros circuitos integrados,490,Taiwan (Prov. China),5765235,3.353,direct
2016,854239,Outros circuitos integrados,410,Coreia do Sul,4227753,2.459,direct
2016,854239,Outros circuitos integrados,372,Irlanda,3929022,2.285,direct
2016,870322,Automóveis a gasolina 1.000–1.500 cm³,724,Espanha,141187332,32.676,direct
2016,870322,Automóveis a gasolina 1.000–1.500 cm³,251,França,111511011,25.808,direct
2016,870322,Automóveis a gasolina 1.000–1.500 cm³,380,Itália,31708233,7.339,direct
2016,870322,Automóveis a gasolina 1.000–1.500 cm³,276,Alemanha,28228649,6.533,direct
2016,870322,Automóveis a gasolina 1.000–1.500 cm³,703,Eslováquia,24842628,5.75,direct
2016,870322,Automóveis a gasolina 1.000–1.500 cm³,616,Polónia,24800858,5.74,direct
2016,870322,Automóveis a gasolina 1.000–1.500 cm³,826,Reino Unido,18788293,4.348,direct
2016,870322,Automóveis a gasolina 1.000–1.500 cm³,203,Chéquia,14526359,3.362,direct
2016,870323,Automóveis a gasolina 1.500–3.000 cm³,276,Alemanha,124386812,34.299,direct
2016,870323,Automóveis a gasolina 1.500–3.000 cm³,724,Espanha,91294268,25.174,direct
2016,870323,Automóveis a gasolina 1.500–3.000 cm³,251,França,74540613,20.554,direct
2016,870323,Automóveis a gasolina 1.500–3.000 cm³,392,Japão,25369628,6.995,direct
2016,870323,Automóveis a gasolina 1.500–3.000 cm³,826,Reino Unido,22495939,6.203,direct
2016,870323,Automóveis a gasolina 1.500–3.000 cm³,56,Bélgica,6738740,1.858,direct
2016,870323,Automóveis a gasolina 1.500–3.000 cm³,380,Itália,6249600,1.723,direct
2016,870323,Automóveis a gasolina 1.500–3.000 cm³,792,Turquia,4449395,1.227,direct
2016,870331,Automóveis diesel até 1.500 cm³,276,Alemanha,361179659,33.763,direct
2016,870331,Automóveis diesel até 1.500 cm³,724,Espanha,291472446,27.247,direct
2016,870331,Automóveis diesel até 1.500 cm³,251,França,183263813,17.132,direct
2016,870331,Automóveis diesel até 1.500 cm³,826,Reino Unido,85258598,7.97,direct
2016,870331,Automóveis diesel até 1.500 cm³,348,Hungria,37645389,3.519,direct
2016,870331,Automóveis diesel até 1.500 cm³,56,Bélgica,34345265,3.211,direct
2016,870331,Automóveis diesel até 1.500 cm³,380,Itália,32448719,3.033,direct
2016,870331,Automóveis diesel até 1.500 cm³,792,Turquia,23922833,2.236,direct
2016,870332,Automóveis diesel 1.500–2.500 cm³,276,Alemanha,990799706,49.354,direct
2016,870332,Automóveis diesel 1.500–2.500 cm³,251,França,327767357,16.327,direct
2016,870332,Automóveis diesel 1.500–2.500 cm³,724,Espanha,206364347,10.28,direct
2016,870332,Automóveis diesel 1.500–2.500 cm³,56,Bélgica,97274886,4.846,direct
2016,870332,Automóveis diesel 1.500–2.500 cm³,826,Reino Unido,95484623,4.756,direct
2016,870332,Automóveis diesel 1.500–2.500 cm³,203,Chéquia,50486398,2.515,direct
2016,870332,Automóveis diesel 1.500–2.500 cm³,752,Suécia,46165567,2.3,direct
2016,870332,Automóveis diesel 1.500–2.500 cm³,348,Hungria,44874027,2.235,direct
2016,870421,Camiões diesel até 5 t,724,Espanha,87275031,28.551,direct
2016,870421,Camiões diesel até 5 t,251,França,72651800,23.768,direct
2016,870421,Camiões diesel até 5 t,792,Turquia,47004496,15.377,direct
2016,870421,Camiões diesel até 5 t,380,Itália,42589407,13.933,direct
2016,870421,Camiões diesel até 5 t,276,Alemanha,18644141,6.099,direct
2016,870421,Camiões diesel até 5 t,764,Tailândia,17464985,5.714,direct
2016,870421,Camiões diesel até 5 t,710,África do Sul,13275810,4.343,direct
2016,870421,Camiões diesel até 5 t,826,Reino Unido,4590251,1.502,direct
2016,870840,Caixas de velocidades e partes,251,França,121840235,39.152,direct
2016,870840,Caixas de velocidades e partes,276,Alemanha,104577184,33.605,direct
2016,870840,Caixas de velocidades e partes,724,Espanha,40149021,12.901,direct
2016,870840,Caixas de velocidades e partes,392,Japão,33554969,10.782,direct
2016,870840,Caixas de velocidades e partes,380,Itália,4610547,1.482,direct
2016,870840,Caixas de velocidades e partes,826,Reino Unido,2181338,0.701,direct
2016,870840,Caixas de velocidades e partes,203,Chéquia,1328405,0.427,direct
2016,870840,Caixas de velocidades e partes,56,Bélgica,853698,0.274,direct
2016,870899,Outras partes de veículos,724,Espanha,527600758,43.855,direct
2016,870899,Outras partes de veículos,276,Alemanha,303276261,25.209,direct
2016,870899,Outras partes de veículos,251,França,112006146,9.31,direct
2016,870899,Outras partes de veículos,203,Chéquia,51122292,4.249,direct
2016,870899,Outras partes de veículos,380,Itália,36163320,3.006,direct
2016,870899,Outras partes de veículos,348,Hungria,34833011,2.895,direct
2016,870899,Outras partes de veículos,392,Japão,26093489,2.169,direct
2016,870899,Outras partes de veículos,826,Reino Unido,23875704,1.985,direct
2016,880240,Aviões +15.000 kg,76,Brasil,398585694,79.572,direct
2016,880240,Aviões +15.000 kg,842,EUA,49032137,9.789,direct
2016,880240,Aviões +15.000 kg,372,Irlanda,27131869,5.417,direct
2016,880240,Aviões +15.000 kg,124,Canadá,26159586,5.222,direct
2016,100590,Milho,804,Ucrânia,118554877,43.087,mirror
2016,100590,Milho,124,Canadá,36034444,13.096,mirror
2016,100590,Milho,642,Roménia,34152160,12.412,mirror
2016,100590,Milho,100,Bulgária,25328525,9.205,mirror
2016,100590,Milho,842,EUA,20376536,7.406,mirror
2016,100590,Milho,724,Espanha,19521822,7.095,mirror
2016,100590,Milho,76,Brasil,14324248,5.206,mirror
2016,100590,Milho,251,França,6343662,2.306,mirror
2016,270900,Petróleo bruto,24,Angola,796779783,25.895,mirror
2016,270900,Petróleo bruto,643,Rússia,539447642,17.532,mirror
2016,270900,Petróleo bruto,12,Argélia,385612064,12.532,mirror
2016,270900,Petróleo bruto,398,Cazaquistão,355321201,11.548,mirror
2016,270900,Petróleo bruto,31,Azerbaijan,331262325,10.766,mirror
2016,270900,Petróleo bruto,566,Nigéria,201517607,6.549,mirror
2016,270900,Petróleo bruto,484,México,112070734,3.642,mirror
2016,270900,Petróleo bruto,76,Brasil,78576847,2.554,mirror
2016,271019,Gasóleo e combustíveis médios e pesados,724,Espanha,337374104,65.566,mirror
2016,271019,Gasóleo e combustíveis médios e pesados,528,Países Baixos,49151271,9.552,mirror
2016,271019,Gasóleo e combustíveis médios e pesados,56,Bélgica,34135090,6.634,mirror
2016,271019,Gasóleo e combustíveis médios e pesados,156,China,23970379,4.658,mirror
2016,271019,Gasóleo e combustíveis médios e pesados,752,Suécia,17722559,3.444,mirror
2016,271019,Gasóleo e combustíveis médios e pesados,251,França,15381211,2.989,mirror
2016,271019,Gasóleo e combustíveis médios e pesados,300,Grécia,10994825,2.137,mirror
2016,271019,Gasóleo e combustíveis médios e pesados,276,Alemanha,8054583,1.565,mirror
2016,271111,Gás natural liquefeito (GNL),566,Nigéria,220311030,80.88,mirror
2016,271111,Gás natural liquefeito (GNL),12,Argélia,35296695,12.958,mirror
2016,271111,Gás natural liquefeito (GNL),842,EUA,13137843,4.823,mirror
2016,271111,Gás natural liquefeito (GNL),724,Espanha,3647034,1.339,mirror
2016,271111,Gás natural liquefeito (GNL),251,França,97,0.0,mirror
2016,271121,Gás natural em estado gasoso,12,Argélia,379719944,99.955,mirror
2016,271121,Gás natural em estado gasoso,724,Espanha,169918,0.045,mirror
2016,271600,Energia elétrica,724,Espanha,86599379,100.0,mirror
2016,300490,Medicamentos,276,Alemanha,284217184,18.525,mirror
2016,300490,Medicamentos,724,Espanha,201271505,13.118,mirror
2016,300490,Medicamentos,372,Irlanda,199208060,12.984,mirror
2016,300490,Medicamentos,251,França,187074777,12.193,mirror
2016,300490,Medicamentos,757,Suíça,186883191,12.181,mirror
2016,300490,Medicamentos,826,Reino Unido,123832645,8.071,mirror
2016,300490,Medicamentos,528,Países Baixos,102526508,6.682,mirror
2016,300490,Medicamentos,380,Itália,95106366,6.199,mirror
2016,381512,Catalisadores,276,Alemanha,295709853,75.565,mirror
2016,381512,Catalisadores,616,Polónia,63587273,16.249,mirror
2016,381512,Catalisadores,251,França,21357980,5.458,mirror
2016,381512,Catalisadores,380,Itália,4698640,1.201,mirror
2016,381512,Catalisadores,826,Reino Unido,4444405,1.136,mirror
2016,381512,Catalisadores,807,North Macedonia,721852,0.184,mirror
2016,381512,Catalisadores,203,Chéquia,284239,0.073,mirror
2016,381512,Catalisadores,724,Espanha,232757,0.059,mirror
2016,392690,Outros artigos de plástico,276,Alemanha,69158498,24.678,mirror
2016,392690,Outros artigos de plástico,724,Espanha,59819376,21.346,mirror
2016,392690,Outros artigos de plástico,380,Itália,32224980,11.499,mirror
2016,392690,Outros artigos de plástico,251,França,31697022,11.311,mirror
2016,392690,Outros artigos de plástico,156,China,15167956,5.412,mirror
2016,392690,Outros artigos de plástico,826,Reino Unido,9358902,3.34,mirror
2016,392690,Outros artigos de plástico,764,Tailândia,8651486,3.087,mirror
2016,392690,Outros artigos de plástico,528,Países Baixos,8635527,3.081,mirror
2016,720449,Outra sucata ferrosa,826,Reino Unido,49669906,27.312,mirror
2016,720449,Outra sucata ferrosa,724,Espanha,38557342,21.202,mirror
2016,720449,Outra sucata ferrosa,528,Países Baixos,36307994,19.965,mirror
2016,720449,Outra sucata ferrosa,276,Alemanha,18138706,9.974,mirror
2016,720449,Outra sucata ferrosa,251,França,12451947,6.847,mirror
2016,720449,Outra sucata ferrosa,579,Noruega,10470587,5.758,mirror
2016,720449,Outra sucata ferrosa,208,Dinamarca,9014873,4.957,mirror
2016,720449,Outra sucata ferrosa,372,Irlanda,4248355,2.336,mirror
2016,760120,"Ligas de alumínio, em bruto",724,Espanha,81577593,53.109,mirror
2016,760120,"Ligas de alumínio, em bruto",579,Noruega,55451517,36.101,mirror
2016,760120,"Ligas de alumínio, em bruto",251,França,11888973,7.74,mirror
2016,760120,"Ligas de alumínio, em bruto",699,Índia,1342472,0.874,mirror
2016,760120,"Ligas de alumínio, em bruto",156,China,874202,0.569,mirror
2016,760120,"Ligas de alumínio, em bruto",276,Alemanha,793368,0.517,mirror
2016,760120,"Ligas de alumínio, em bruto",792,Turquia,777585,0.506,mirror
2016,760120,"Ligas de alumínio, em bruto",380,Itália,322376,0.21,mirror
2016,840820,Motores diesel para veículos,276,Alemanha,189734651,64.881,mirror
2016,840820,Motores diesel para veículos,251,França,67314330,23.019,mirror
2016,840820,Motores diesel para veículos,380,Itália,29794628,10.189,mirror
2016,840820,Motores diesel para veículos,724,Espanha,4653810,1.591,mirror
2016,840820,Motores diesel para veículos,528,Países Baixos,667482,0.228,mirror
2016,840820,Motores diesel para veículos,56,Bélgica,208211,0.071,mirror
2016,840820,Motores diesel para veículos,826,Reino Unido,40817,0.014,mirror
2016,840820,Motores diesel para veículos,752,Suécia,7708,0.003,mirror
2016,847130,Computadores portáteis,724,Espanha,86890018,24.19,mirror
2016,847130,Computadores portáteis,528,Países Baixos,85636960,23.841,mirror
2016,847130,Computadores portáteis,156,China,64424657,17.935,mirror
2016,847130,Computadores portáteis,276,Alemanha,35417847,9.86,mirror
2016,847130,Computadores portáteis,380,Itália,22859177,6.364,mirror
2016,847130,Computadores portáteis,300,Grécia,17771265,4.947,mirror
2016,847130,Computadores portáteis,704,Vietname,14663021,4.082,mirror
2016,847130,Computadores portáteis,703,Eslováquia,14505224,4.038,mirror
2016,851712,Telemóveis,704,Vietname,150221194,23.208,mirror
2016,851712,Telemóveis,156,China,130484596,20.159,mirror
2016,851712,Telemóveis,724,Espanha,120791153,18.661,mirror
2016,851712,Telemóveis,344,Hong Kong (RAEHK),92111027,14.23,mirror
2016,851712,Telemóveis,276,Alemanha,41623261,6.43,mirror
2016,851712,Telemóveis,251,França,30478567,4.709,mirror
2016,851712,Telemóveis,528,Países Baixos,20625915,3.187,mirror
2016,851712,Telemóveis,380,Itália,17442718,2.695,mirror
2016,852990,Outras partes de aparelhos de rádio e TV,276,Alemanha,92563157,59.696,mirror
2016,852990,Outras partes de aparelhos de rádio e TV,156,China,32271135,20.813,mirror
2016,852990,Outras partes de aparelhos de rádio e TV,724,Espanha,7093233,4.575,mirror
2016,852990,Outras partes de aparelhos de rádio e TV,458,Malásia,6215499,4.009,mirror
2016,852990,Outras partes de aparelhos de rádio e TV,608,Filipinas,2556686,1.649,mirror
2016,852990,Outras partes de aparelhos de rádio e TV,528,Países Baixos,1846195,1.191,mirror
2016,852990,Outras partes de aparelhos de rádio e TV,344,Hong Kong (RAEHK),1710304,1.103,mirror
2016,852990,Outras partes de aparelhos de rádio e TV,348,Hungria,1699213,1.096,mirror
2016,854239,Outros circuitos integrados,490,Taiwan (Prov. China),81880867,43.53,mirror
2016,854239,Outros circuitos integrados,276,Alemanha,70759688,37.618,mirror
2016,854239,Outros circuitos integrados,251,França,16963964,9.018,mirror
2016,854239,Outros circuitos integrados,528,Países Baixos,5759318,3.062,mirror
2016,854239,Outros circuitos integrados,702,Singapura,3559377,1.892,mirror
2016,854239,Outros circuitos integrados,842,EUA,1790330,0.952,mirror
2016,854239,Outros circuitos integrados,56,Bélgica,1640946,0.872,mirror
2016,854239,Outros circuitos integrados,203,Chéquia,1386723,0.737,mirror
2016,870322,Automóveis a gasolina 1.000–1.500 cm³,724,Espanha,111577286,25.406,mirror
2016,870322,Automóveis a gasolina 1.000–1.500 cm³,251,França,89201450,20.311,mirror
2016,870322,Automóveis a gasolina 1.000–1.500 cm³,276,Alemanha,64398857,14.663,mirror
2016,870322,Automóveis a gasolina 1.000–1.500 cm³,380,Itália,31391643,7.148,mirror
2016,870322,Automóveis a gasolina 1.000–1.500 cm³,826,Reino Unido,20784286,4.732,mirror
2016,870322,Automóveis a gasolina 1.000–1.500 cm³,616,Polónia,20362079,4.636,mirror
2016,870322,Automóveis a gasolina 1.000–1.500 cm³,504,Marrocos,19244281,4.382,mirror
2016,870322,Automóveis a gasolina 1.000–1.500 cm³,792,Turquia,16532489,3.764,mirror
2016,870323,Automóveis a gasolina 1.500–3.000 cm³,276,Alemanha,113259720,39.07,mirror
2016,870323,Automóveis a gasolina 1.500–3.000 cm³,251,França,42319851,14.598,mirror
2016,870323,Automóveis a gasolina 1.500–3.000 cm³,724,Espanha,41221593,14.22,mirror
2016,870323,Automóveis a gasolina 1.500–3.000 cm³,826,Reino Unido,33211484,11.456,mirror
2016,870323,Automóveis a gasolina 1.500–3.000 cm³,392,Japão,23058910,7.954,mirror
2016,870323,Automóveis a gasolina 1.500–3.000 cm³,56,Bélgica,8795310,3.034,mirror
2016,870323,Automóveis a gasolina 1.500–3.000 cm³,528,Países Baixos,8277203,2.855,mirror
2016,870323,Automóveis a gasolina 1.500–3.000 cm³,792,Turquia,4995499,1.723,mirror
2016,870331,Automóveis diesel até 1.500 cm³,276,Alemanha,313823949,31.652,mirror
2016,870331,Automóveis diesel até 1.500 cm³,724,Espanha,257435501,25.964,mirror
2016,870331,Automóveis diesel até 1.500 cm³,826,Reino Unido,109491033,11.043,mirror
2016,870331,Automóveis diesel até 1.500 cm³,251,França,92707425,9.35,mirror
2016,870331,Automóveis diesel até 1.500 cm³,792,Turquia,65932169,6.65,mirror
2016,870331,Automóveis diesel até 1.500 cm³,348,Hungria,35121766,3.542,mirror
2016,870331,Automóveis diesel até 1.500 cm³,380,Itália,32848279,3.313,mirror
2016,870331,Automóveis diesel até 1.500 cm³,56,Bélgica,24566651,2.478,mirror
2016,870332,Automóveis diesel 1.500–2.500 cm³,276,Alemanha,793107119,44.859,mirror
2016,870332,Automóveis diesel 1.500–2.500 cm³,251,França,270862603,15.32,mirror
2016,870332,Automóveis diesel 1.500–2.500 cm³,724,Espanha,228827129,12.943,mirror
2016,870332,Automóveis diesel 1.500–2.500 cm³,56,Bélgica,97119304,5.493,mirror
2016,870332,Automóveis diesel 1.500–2.500 cm³,826,Reino Unido,96006174,5.43,mirror
2016,870332,Automóveis diesel 1.500–2.500 cm³,752,Suécia,42120625,2.382,mirror
2016,870332,Automóveis diesel 1.500–2.500 cm³,203,Chéquia,37640545,2.129,mirror
2016,870332,Automóveis diesel 1.500–2.500 cm³,703,Eslováquia,33739712,1.908,mirror
2016,870421,Camiões diesel até 5 t,724,Espanha,91354593,25.521,mirror
2016,870421,Camiões diesel até 5 t,251,França,79214948,22.13,mirror
2016,870421,Camiões diesel até 5 t,792,Turquia,44755737,12.503,mirror
2016,870421,Camiões diesel até 5 t,276,Alemanha,40736051,11.38,mirror
2016,870421,Camiões diesel até 5 t,380,Itália,39533944,11.044,mirror
2016,870421,Camiões diesel até 5 t,392,Japão,19752633,5.518,mirror
2016,870421,Camiões diesel até 5 t,764,Tailândia,12726755,3.555,mirror
2016,870421,Camiões diesel até 5 t,710,África do Sul,12501261,3.492,mirror
2016,870840,Caixas de velocidades e partes,276,Alemanha,107228542,57.292,mirror
2016,870840,Caixas de velocidades e partes,251,França,44337042,23.689,mirror
2016,870840,Caixas de velocidades e partes,724,Espanha,17584461,9.395,mirror
2016,870840,Caixas de velocidades e partes,392,Japão,11434487,6.109,mirror
2016,870840,Caixas de velocidades e partes,826,Reino Unido,2201434,1.176,mirror
2016,870840,Caixas de velocidades e partes,380,Itália,1889993,1.01,mirror
2016,870840,Caixas de velocidades e partes,528,Países Baixos,568199,0.304,mirror
2016,870840,Caixas de velocidades e partes,56,Bélgica,509764,0.272,mirror
2016,870899,Outras partes de veículos,724,Espanha,299551752,53.343,mirror
2016,870899,Outras partes de veículos,251,França,95424648,16.993,mirror
2016,870899,Outras partes de veículos,276,Alemanha,57505898,10.24,mirror
2016,870899,Outras partes de veículos,380,Itália,34229730,6.096,mirror
2016,870899,Outras partes de veículos,392,Japão,14432365,2.57,mirror
2016,870899,Outras partes de veículos,203,Chéquia,10502481,1.87,mirror
2016,870899,Outras partes de veículos,826,Reino Unido,7991238,1.423,mirror
2016,870899,Outras partes de veículos,348,Hungria,5699781,1.015,mirror
2016,880240,Aviões +15.000 kg,56,Bélgica,38252679,38.919,mirror
2016,880240,Aviões +15.000 kg,76,Brasil,35600000,36.22,mirror
2016,880240,Aviões +15.000 kg,251,França,24435661,24.861,mirror
2016,999999,Mercadorias não especificadas,276,Alemanha,344599075,30.054,mirror
2016,999999,Mercadorias não especificadas,842,EUA,165493487,14.433,mirror
2016,999999,Mercadorias não especificadas,702,Singapura,139374394,12.155,mirror
2016,999999,Mercadorias não especificadas,251,França,96512728,8.417,mirror
2016,999999,Mercadorias não especificadas,528,Países Baixos,55342682,4.827,mirror
2016,999999,Mercadorias não especificadas,380,Itália,51818920,4.519,mirror
2016,999999,Mercadorias não especificadas,484,México,44898966,3.916,mirror
2016,999999,Mercadorias não especificadas,724,Espanha,38226258,3.334,mirror
2017,100590,Milho,804,Ucrânia,132918319,34.085,direct
2017,100590,Milho,76,Brasil,107273264,27.508,direct
2017,100590,Milho,276,Alemanha,58547187,15.013,direct
2017,100590,Milho,124,Canadá,25595361,6.564,direct
2017,100590,Milho,842,EUA,21064702,5.402,direct
2017,100590,Milho,724,Espanha,19253680,4.937,direct
2017,100590,Milho,642,Roménia,17627473,4.52,direct
2017,100590,Milho,251,França,5604710,1.437,direct
2017,270900,Petróleo bruto,643,Rússia,1326764855,23.911,direct
2017,270900,Petróleo bruto,31,Azerbaijan,778079340,14.023,direct
2017,270900,Petróleo bruto,682,Arábia Saudita,602074672,10.851,direct
2017,270900,Petróleo bruto,398,Cazaquistão,574333968,10.351,direct
2017,270900,Petróleo bruto,76,Brasil,490934550,8.848,direct
2017,270900,Petróleo bruto,226,Guiné Equatorial,437546859,7.886,direct
2017,270900,Petróleo bruto,368,Iraque,329120407,5.931,direct
2017,270900,Petróleo bruto,12,Argélia,287079349,5.174,direct
2017,271019,Gasóleo e combustíveis médios e pesados,724,Espanha,503321888,51.762,direct
2017,271019,Gasóleo e combustíveis médios e pesados,643,Rússia,230200272,23.674,direct
2017,271019,Gasóleo e combustíveis médios e pesados,528,Países Baixos,94004554,9.667,direct
2017,271019,Gasóleo e combustíveis médios e pesados,56,Bélgica,68556423,7.05,direct
2017,271019,Gasóleo e combustíveis médios e pesados,842,EUA,21492188,2.21,direct
2017,271019,Gasóleo e combustíveis médios e pesados,410,Coreia do Sul,17755208,1.826,direct
2017,271019,Gasóleo e combustíveis médios e pesados,251,França,9382141,0.965,direct
2017,271019,Gasóleo e combustíveis médios e pesados,276,Alemanha,8981886,0.924,direct
2017,271111,Gás natural liquefeito (GNL),899,"Areas, nes",469650519,69.431,direct
2017,271111,Gás natural liquefeito (GNL),634,Catar,152808341,22.59,direct
2017,271111,Gás natural liquefeito (GNL),842,EUA,32510989,4.806,direct
2017,271111,Gás natural liquefeito (GNL),566,Nigéria,18917665,2.797,direct
2017,271111,Gás natural liquefeito (GNL),724,Espanha,2542539,0.376,direct
2017,271121,Gás natural em estado gasoso,724,Espanha,684725330,100.0,direct
2017,271600,Energia elétrica,724,Espanha,189361668,100.0,direct
2017,300490,Medicamentos,276,Alemanha,376991244,21.028,direct
2017,300490,Medicamentos,724,Espanha,214644802,11.972,direct
2017,300490,Medicamentos,528,Países Baixos,184575391,10.295,direct
2017,300490,Medicamentos,826,Reino Unido,177671669,9.91,direct
2017,300490,Medicamentos,372,Irlanda,162577735,9.068,direct
2017,300490,Medicamentos,251,França,155514826,8.674,direct
2017,300490,Medicamentos,56,Bélgica,120798549,6.738,direct
2017,300490,Medicamentos,757,Suíça,113538416,6.333,direct
2017,381512,Catalisadores,276,Alemanha,334323996,81.383,direct
2017,381512,Catalisadores,826,Reino Unido,37133472,9.039,direct
2017,381512,Catalisadores,251,França,36970297,9.0,direct
2017,381512,Catalisadores,616,Polónia,1041004,0.253,direct
2017,381512,Catalisadores,380,Itália,950680,0.231,direct
2017,381512,Catalisadores,842,EUA,233322,0.057,direct
2017,381512,Catalisadores,203,Chéquia,74170,0.018,direct
2017,381512,Catalisadores,724,Espanha,45030,0.011,direct
2017,392690,Outros artigos de plástico,276,Alemanha,86045903,27.244,direct
2017,392690,Outros artigos de plástico,724,Espanha,84576581,26.779,direct
2017,392690,Outros artigos de plástico,380,Itália,29767131,9.425,direct
2017,392690,Outros artigos de plástico,156,China,25518164,8.08,direct
2017,392690,Outros artigos de plástico,251,França,18591731,5.887,direct
2017,392690,Outros artigos de plástico,528,Países Baixos,10752466,3.404,direct
2017,392690,Outros artigos de plástico,440,Lituânia,8216918,2.602,direct
2017,392690,Outros artigos de plástico,826,Reino Unido,7814022,2.474,direct
2017,720449,Outra sucata ferrosa,826,Reino Unido,112618477,32.633,direct
2017,720449,Outra sucata ferrosa,724,Espanha,65752147,19.052,direct
2017,720449,Outra sucata ferrosa,372,Irlanda,41781817,12.107,direct
2017,720449,Outra sucata ferrosa,276,Alemanha,41572420,12.046,direct
2017,720449,Outra sucata ferrosa,528,Países Baixos,28469622,8.249,direct
2017,720449,Outra sucata ferrosa,251,França,18378970,5.326,direct
2017,720449,Outra sucata ferrosa,579,Noruega,10991156,3.185,direct
2017,720449,Outra sucata ferrosa,752,Suécia,8250821,2.391,direct
2017,760120,"Ligas de alumínio, em bruto",724,Espanha,189534310,81.758,direct
2017,760120,"Ligas de alumínio, em bruto",528,Países Baixos,17546903,7.569,direct
2017,760120,"Ligas de alumínio, em bruto",251,França,9114611,3.932,direct
2017,760120,"Ligas de alumínio, em bruto",276,Alemanha,8424846,3.634,direct
2017,760120,"Ligas de alumínio, em bruto",826,Reino Unido,4206013,1.814,direct
2017,760120,"Ligas de alumínio, em bruto",233,Estónia,1006508,0.434,direct
2017,760120,"Ligas de alumínio, em bruto",752,Suécia,843331,0.364,direct
2017,760120,"Ligas de alumínio, em bruto",380,Itália,526892,0.227,direct
2017,840820,Motores diesel para veículos,276,Alemanha,177516724,57.737,direct
2017,840820,Motores diesel para veículos,251,França,69807641,22.705,direct
2017,840820,Motores diesel para veículos,380,Itália,46840775,15.235,direct
2017,840820,Motores diesel para veículos,392,Japão,8740865,2.843,direct
2017,840820,Motores diesel para veículos,724,Espanha,4096194,1.332,direct
2017,840820,Motores diesel para veículos,56,Bélgica,309868,0.101,direct
2017,840820,Motores diesel para veículos,528,Países Baixos,101537,0.033,direct
2017,840820,Motores diesel para veículos,616,Polónia,12020,0.004,direct
2017,847130,Computadores portáteis,528,Países Baixos,129828581,34.154,direct
2017,847130,Computadores portáteis,724,Espanha,120645078,31.738,direct
2017,847130,Computadores portáteis,276,Alemanha,53354515,14.036,direct
2017,847130,Computadores portáteis,380,Itália,27591093,7.258,direct
2017,847130,Computadores portáteis,704,Vietname,9646353,2.538,direct
2017,847130,Computadores portáteis,251,França,7467216,1.964,direct
2017,847130,Computadores portáteis,372,Irlanda,7445647,1.959,direct
2017,847130,Computadores portáteis,156,China,6072442,1.597,direct
2017,851712,Telemóveis,704,Vietname,163236182,24.406,direct
2017,851712,Telemóveis,724,Espanha,155108379,23.191,direct
2017,851712,Telemóveis,528,Países Baixos,118469402,17.713,direct
2017,851712,Telemóveis,372,Irlanda,58777104,8.788,direct
2017,851712,Telemóveis,156,China,49460427,7.395,direct
2017,851712,Telemóveis,251,França,33316194,4.981,direct
2017,851712,Telemóveis,276,Alemanha,26320896,3.935,direct
2017,851712,Telemóveis,442,Luxemburgo,18792130,2.81,direct
2017,852990,Outras partes de aparelhos de rádio e TV,276,Alemanha,371136924,65.216,direct
2017,852990,Outras partes de aparelhos de rádio e TV,380,Itália,73890829,12.984,direct
2017,852990,Outras partes de aparelhos de rádio e TV,251,França,47871486,8.412,direct
2017,852990,Outras partes de aparelhos de rádio e TV,528,Países Baixos,12319764,2.165,direct
2017,852990,Outras partes de aparelhos de rádio e TV,724,Espanha,12226547,2.148,direct
2017,852990,Outras partes de aparelhos de rádio e TV,156,China,10811006,1.9,direct
2017,852990,Outras partes de aparelhos de rádio e TV,490,Taiwan (Prov. China),9845552,1.73,direct
2017,852990,Outras partes de aparelhos de rádio e TV,458,Malásia,7236326,1.272,direct
2017,854239,Outros circuitos integrados,276,Alemanha,87899172,33.146,direct
2017,854239,Outros circuitos integrados,528,Países Baixos,57617371,21.727,direct
2017,854239,Outros circuitos integrados,490,Taiwan (Prov. China),39729189,14.981,direct
2017,854239,Outros circuitos integrados,251,França,20551930,7.75,direct
2017,854239,Outros circuitos integrados,724,Espanha,19214221,7.245,direct
2017,854239,Outros circuitos integrados,826,Reino Unido,18148401,6.844,direct
2017,854239,Outros circuitos integrados,156,China,5463603,2.06,direct
2017,854239,Outros circuitos integrados,372,Irlanda,3652233,1.377,direct
2017,870322,Automóveis a gasolina 1.000–1.500 cm³,724,Espanha,175658044,34.738,direct
2017,870322,Automóveis a gasolina 1.000–1.500 cm³,251,França,99404304,19.658,direct
2017,870322,Automóveis a gasolina 1.000–1.500 cm³,276,Alemanha,49080369,9.706,direct
2017,870322,Automóveis a gasolina 1.000–1.500 cm³,703,Eslováquia,46984074,9.291,direct
2017,870322,Automóveis a gasolina 1.000–1.500 cm³,380,Itália,32542455,6.435,direct
2017,870322,Automóveis a gasolina 1.000–1.500 cm³,616,Polónia,29635235,5.861,direct
2017,870322,Automóveis a gasolina 1.000–1.500 cm³,56,Bélgica,15806808,3.126,direct
2017,870322,Automóveis a gasolina 1.000–1.500 cm³,410,Coreia do Sul,13791865,2.727,direct
2017,870323,Automóveis a gasolina 1.500–3.000 cm³,276,Alemanha,157703897,38.705,direct
2017,870323,Automóveis a gasolina 1.500–3.000 cm³,724,Espanha,112043888,27.498,direct
2017,870323,Automóveis a gasolina 1.500–3.000 cm³,251,França,84335043,20.698,direct
2017,870323,Automóveis a gasolina 1.500–3.000 cm³,792,Turquia,21389829,5.25,direct
2017,870323,Automóveis a gasolina 1.500–3.000 cm³,56,Bélgica,9037460,2.218,direct
2017,870323,Automóveis a gasolina 1.500–3.000 cm³,380,Itália,8051927,1.976,direct
2017,870323,Automóveis a gasolina 1.500–3.000 cm³,826,Reino Unido,5062065,1.242,direct
2017,870323,Automóveis a gasolina 1.500–3.000 cm³,392,Japão,3690217,0.906,direct
2017,870331,Automóveis diesel até 1.500 cm³,724,Espanha,367670011,31.783,direct
2017,870331,Automóveis diesel até 1.500 cm³,276,Alemanha,366372729,31.671,direct
2017,870331,Automóveis diesel até 1.500 cm³,251,França,230362282,19.913,direct
2017,870331,Automóveis diesel até 1.500 cm³,348,Hungria,48820729,4.22,direct
2017,870331,Automóveis diesel até 1.500 cm³,792,Turquia,48209378,4.167,direct
2017,870331,Automóveis diesel até 1.500 cm³,380,Itália,35333229,3.054,direct
2017,870331,Automóveis diesel até 1.500 cm³,56,Bélgica,29675138,2.565,direct
2017,870331,Automóveis diesel até 1.500 cm³,826,Reino Unido,14022362,1.212,direct
2017,870332,Automóveis diesel 1.500–2.500 cm³,276,Alemanha,1032821163,51.83,direct
2017,870332,Automóveis diesel 1.500–2.500 cm³,251,França,324531711,16.286,direct
2017,870332,Automóveis diesel 1.500–2.500 cm³,724,Espanha,167340730,8.398,direct
2017,870332,Automóveis diesel 1.500–2.500 cm³,56,Bélgica,114969116,5.769,direct
2017,870332,Automóveis diesel 1.500–2.500 cm³,826,Reino Unido,93515750,4.693,direct
2017,870332,Automóveis diesel 1.500–2.500 cm³,752,Suécia,51499214,2.584,direct
2017,870332,Automóveis diesel 1.500–2.500 cm³,203,Chéquia,38098416,1.912,direct
2017,870332,Automóveis diesel 1.500–2.500 cm³,703,Eslováquia,33679508,1.69,direct
2017,870421,Camiões diesel até 5 t,724,Espanha,96137056,25.383,direct
2017,870421,Camiões diesel até 5 t,251,França,81125514,21.42,direct
2017,870421,Camiões diesel até 5 t,380,Itália,58894622,15.55,direct
2017,870421,Camiões diesel até 5 t,792,Turquia,49523428,13.076,direct
2017,870421,Camiões diesel até 5 t,276,Alemanha,31645189,8.355,direct
2017,870421,Camiões diesel até 5 t,764,Tailândia,24903310,6.575,direct
2017,870421,Camiões diesel até 5 t,710,África do Sul,22324586,5.894,direct
2017,870421,Camiões diesel até 5 t,56,Bélgica,5032695,1.329,direct
2017,870840,Caixas de velocidades e partes,251,França,149318153,41.497,direct
2017,870840,Caixas de velocidades e partes,276,Alemanha,124802925,34.684,direct
2017,870840,Caixas de velocidades e partes,724,Espanha,46540746,12.934,direct
2017,870840,Caixas de velocidades e partes,392,Japão,28331588,7.874,direct
2017,870840,Caixas de velocidades e partes,380,Itália,3638663,1.011,direct
2017,870840,Caixas de velocidades e partes,826,Reino Unido,2072217,0.576,direct
2017,870840,Caixas de velocidades e partes,203,Chéquia,1427169,0.397,direct
2017,870840,Caixas de velocidades e partes,703,Eslováquia,955530,0.266,direct
2017,870899,Outras partes de veículos,724,Espanha,630456541,47.228,direct
2017,870899,Outras partes de veículos,276,Alemanha,285441923,21.383,direct
2017,870899,Outras partes de veículos,251,França,110609289,8.286,direct
2017,870899,Outras partes de veículos,203,Chéquia,55075071,4.126,direct
2017,870899,Outras partes de veículos,380,Itália,48499154,3.633,direct
2017,870899,Outras partes de veículos,348,Hungria,44049163,3.3,direct
2017,870899,Outras partes de veículos,392,Japão,38162174,2.859,direct
2017,870899,Outras partes de veículos,826,Reino Unido,23860440,1.787,direct
2017,880240,Aviões +15.000 kg,702,Singapura,341620910,58.017,direct
2017,880240,Aviões +15.000 kg,76,Brasil,79075717,13.429,direct
2017,880240,Aviões +15.000 kg,724,Espanha,66104290,11.226,direct
2017,880240,Aviões +15.000 kg,276,Alemanha,51695815,8.779,direct
2017,880240,Aviões +15.000 kg,124,Canadá,50328642,8.547,direct
2017,999999,Mercadorias não especificadas,724,Espanha,97440,100.0,direct
2017,100590,Milho,804,Ucrânia,110223962,36.158,mirror
2017,100590,Milho,76,Brasil,99984980,32.799,mirror
2017,100590,Milho,124,Canadá,29217657,9.585,mirror
2017,100590,Milho,642,Roménia,26590866,8.723,mirror
2017,100590,Milho,842,EUA,18730269,6.144,mirror
2017,100590,Milho,724,Espanha,8938914,2.932,mirror
2017,100590,Milho,100,Bulgária,6490361,2.129,mirror
2017,100590,Milho,251,França,4454752,1.461,mirror
2017,270900,Petróleo bruto,643,Rússia,849281740,24.085,mirror
2017,270900,Petróleo bruto,398,Cazaquistão,595310384,16.882,mirror
2017,270900,Petróleo bruto,31,Azerbaijan,501448505,14.221,mirror
2017,270900,Petróleo bruto,12,Argélia,371225106,10.528,mirror
2017,270900,Petróleo bruto,76,Brasil,359518383,10.196,mirror
2017,270900,Petróleo bruto,24,Angola,280075585,7.943,mirror
2017,270900,Petróleo bruto,724,Espanha,124674688,3.536,mirror
2017,270900,Petróleo bruto,566,Nigéria,123506406,3.503,mirror
2017,271019,Gasóleo e combustíveis médios e pesados,724,Espanha,516448581,66.289,mirror
2017,271019,Gasóleo e combustíveis médios e pesados,528,Países Baixos,84695685,10.871,mirror
2017,271019,Gasóleo e combustíveis médios e pesados,24,Angola,35791296,4.594,mirror
2017,271019,Gasóleo e combustíveis médios e pesados,156,China,32603871,4.185,mirror
2017,271019,Gasóleo e combustíveis médios e pesados,300,Grécia,24311913,3.121,mirror
2017,271019,Gasóleo e combustíveis médios e pesados,56,Bélgica,20547656,2.637,mirror
2017,271019,Gasóleo e combustíveis médios e pesados,643,Rússia,13390305,1.719,mirror
2017,271019,Gasóleo e combustíveis médios e pesados,757,Suíça,11493623,1.475,mirror
2017,271111,Gás natural liquefeito (GNL),566,Nigéria,371014976,57.312,mirror
2017,271111,Gás natural liquefeito (GNL),842,EUA,134219391,20.733,mirror
2017,271111,Gás natural liquefeito (GNL),634,Catar,62009707,9.579,mirror
2017,271111,Gás natural liquefeito (GNL),12,Argélia,51325294,7.928,mirror
2017,271111,Gás natural liquefeito (GNL),76,Brasil,14326329,2.213,mirror
2017,271111,Gás natural liquefeito (GNL),579,Noruega,10842365,1.675,mirror
2017,271111,Gás natural liquefeito (GNL),724,Espanha,3623015,0.56,mirror
2017,271121,Gás natural em estado gasoso,12,Argélia,470856998,100.0,mirror
2017,271121,Gás natural em estado gasoso,56,Bélgica,37,0.0,mirror
2017,271600,Energia elétrica,724,Espanha,166355090,100.0,mirror
2017,300490,Medicamentos,276,Alemanha,273209409,17.237,mirror
2017,300490,Medicamentos,251,França,202632089,12.784,mirror
2017,300490,Medicamentos,724,Espanha,201487765,12.712,mirror
2017,300490,Medicamentos,372,Irlanda,200761022,12.666,mirror
2017,300490,Medicamentos,757,Suíça,167568384,10.572,mirror
2017,300490,Medicamentos,380,Itália,115881198,7.311,mirror
2017,300490,Medicamentos,826,Reino Unido,109682801,6.92,mirror
2017,300490,Medicamentos,528,Países Baixos,97082049,6.125,mirror
2017,381512,Catalisadores,276,Alemanha,314517273,73.274,mirror
2017,381512,Catalisadores,616,Polónia,60742815,14.151,mirror
2017,381512,Catalisadores,826,Reino Unido,24447446,5.696,mirror
2017,381512,Catalisadores,251,França,23029500,5.365,mirror
2017,381512,Catalisadores,380,Itália,5853114,1.364,mirror
2017,381512,Catalisadores,842,EUA,334280,0.078,mirror
2017,381512,Catalisadores,528,Países Baixos,156101,0.036,mirror
2017,381512,Catalisadores,724,Espanha,76020,0.018,mirror
2017,392690,Outros artigos de plástico,724,Espanha,86083233,25.771,mirror
2017,392690,Outros artigos de plástico,276,Alemanha,81588493,24.426,mirror
2017,392690,Outros artigos de plástico,251,França,36925290,11.055,mirror
2017,392690,Outros artigos de plástico,380,Itália,35090521,10.505,mirror
2017,392690,Outros artigos de plástico,156,China,15942248,4.773,mirror
2017,392690,Outros artigos de plástico,528,Países Baixos,9460915,2.832,mirror
2017,392690,Outros artigos de plástico,702,Singapura,9107657,2.727,mirror
2017,392690,Outros artigos de plástico,826,Reino Unido,7623121,2.282,mirror
2017,720449,Outra sucata ferrosa,826,Reino Unido,49667805,24.779,mirror
2017,720449,Outra sucata ferrosa,276,Alemanha,38300136,19.108,mirror
2017,720449,Outra sucata ferrosa,528,Países Baixos,35297609,17.61,mirror
2017,720449,Outra sucata ferrosa,724,Espanha,28065036,14.002,mirror
2017,720449,Outra sucata ferrosa,251,França,15597723,7.782,mirror
2017,720449,Outra sucata ferrosa,372,Irlanda,14332079,7.15,mirror
2017,720449,Outra sucata ferrosa,579,Noruega,10050998,5.014,mirror
2017,720449,Outra sucata ferrosa,208,Dinamarca,1765610,0.881,mirror
2017,760120,"Ligas de alumínio, em bruto",724,Espanha,109141418,47.749,mirror
2017,760120,"Ligas de alumínio, em bruto",579,Noruega,90711325,39.686,mirror
2017,760120,"Ligas de alumínio, em bruto",251,França,25675631,11.233,mirror
2017,760120,"Ligas de alumínio, em bruto",792,Turquia,1298430,0.568,mirror
2017,760120,"Ligas de alumínio, em bruto",380,Itália,586222,0.256,mirror
2017,760120,"Ligas de alumínio, em bruto",276,Alemanha,568942,0.249,mirror
2017,760120,"Ligas de alumínio, em bruto",56,Bélgica,475502,0.208,mirror
2017,760120,"Ligas de alumínio, em bruto",616,Polónia,98961,0.043,mirror
2017,840820,Motores diesel para veículos,276,Alemanha,175402651,66.627,mirror
2017,840820,Motores diesel para veículos,380,Itália,48311916,18.351,mirror
2017,840820,Motores diesel para veículos,251,França,32020832,12.163,mirror
2017,840820,Motores diesel para veículos,724,Espanha,6744661,2.562,mirror
2017,840820,Motores diesel para veículos,528,Países Baixos,580624,0.221,mirror
2017,840820,Motores diesel para veículos,826,Reino Unido,71255,0.027,mirror
2017,840820,Motores diesel para veículos,616,Polónia,40718,0.015,mirror
2017,840820,Motores diesel para veículos,56,Bélgica,36520,0.014,mirror
2017,847130,Computadores portáteis,724,Espanha,117226972,29.963,mirror
2017,847130,Computadores portáteis,528,Países Baixos,83243300,21.277,mirror
2017,847130,Computadores portáteis,156,China,64586241,16.508,mirror
2017,847130,Computadores portáteis,276,Alemanha,56384850,14.412,mirror
2017,847130,Computadores portáteis,380,Itália,25603910,6.544,mirror
2017,847130,Computadores portáteis,704,Vietname,16215933,4.145,mirror
2017,847130,Computadores portáteis,344,Hong Kong (RAEHK),7788015,1.991,mirror
2017,847130,Computadores portáteis,56,Bélgica,4135997,1.057,mirror
2017,851712,Telemóveis,704,Vietname,156699958,22.577,mirror
2017,851712,Telemóveis,724,Espanha,154676167,22.285,mirror
2017,851712,Telemóveis,156,China,120258848,17.327,mirror
2017,851712,Telemóveis,344,Hong Kong (RAEHK),88077694,12.69,mirror
2017,851712,Telemóveis,528,Países Baixos,44795370,6.454,mirror
2017,851712,Telemóveis,251,França,37739981,5.437,mirror
2017,851712,Telemóveis,380,Itália,25191098,3.629,mirror
2017,851712,Telemóveis,826,Reino Unido,24438982,3.521,mirror
2017,852990,Outras partes de aparelhos de rádio e TV,276,Alemanha,193547581,72.066,mirror
2017,852990,Outras partes de aparelhos de rádio e TV,156,China,31486500,11.724,mirror
2017,852990,Outras partes de aparelhos de rádio e TV,490,Taiwan (Prov. China),11065150,4.12,mirror
2017,852990,Outras partes de aparelhos de rádio e TV,458,Malásia,9670744,3.601,mirror
2017,852990,Outras partes de aparelhos de rádio e TV,724,Espanha,7700647,2.867,mirror
2017,852990,Outras partes de aparelhos de rádio e TV,528,Países Baixos,2598684,0.968,mirror
2017,852990,Outras partes de aparelhos de rádio e TV,608,Filipinas,2391689,0.891,mirror
2017,852990,Outras partes de aparelhos de rádio e TV,348,Hungria,1973828,0.735,mirror
2017,854239,Outros circuitos integrados,490,Taiwan (Prov. China),184014316,56.687,mirror
2017,854239,Outros circuitos integrados,276,Alemanha,97490513,30.033,mirror
2017,854239,Outros circuitos integrados,251,França,20493180,6.313,mirror
2017,854239,Outros circuitos integrados,528,Países Baixos,9053642,2.789,mirror
2017,854239,Outros circuitos integrados,56,Bélgica,2262530,0.697,mirror
2017,854239,Outros circuitos integrados,344,Hong Kong (RAEHK),2188511,0.674,mirror
2017,854239,Outros circuitos integrados,702,Singapura,1945496,0.599,mirror
2017,854239,Outros circuitos integrados,203,Chéquia,1878441,0.579,mirror
2017,870322,Automóveis a gasolina 1.000–1.500 cm³,724,Espanha,150477356,29.985,mirror
2017,870322,Automóveis a gasolina 1.000–1.500 cm³,251,França,93353351,18.602,mirror
2017,870322,Automóveis a gasolina 1.000–1.500 cm³,703,Eslováquia,41092616,8.188,mirror
2017,870322,Automóveis a gasolina 1.000–1.500 cm³,380,Itália,34099546,6.795,mirror
2017,870322,Automóveis a gasolina 1.000–1.500 cm³,276,Alemanha,33592317,6.694,mirror
2017,870322,Automóveis a gasolina 1.000–1.500 cm³,616,Polónia,25694755,5.12,mirror
2017,870322,Automóveis a gasolina 1.000–1.500 cm³,504,Marrocos,25090423,5.0,mirror
2017,870322,Automóveis a gasolina 1.000–1.500 cm³,792,Turquia,23317613,4.646,mirror
2017,870323,Automóveis a gasolina 1.500–3.000 cm³,276,Alemanha,101508631,45.419,mirror
2017,870323,Automóveis a gasolina 1.500–3.000 cm³,251,França,41877271,18.738,mirror
2017,870323,Automóveis a gasolina 1.500–3.000 cm³,724,Espanha,21346348,9.551,mirror
2017,870323,Automóveis a gasolina 1.500–3.000 cm³,826,Reino Unido,13898183,6.219,mirror
2017,870323,Automóveis a gasolina 1.500–3.000 cm³,56,Bélgica,12423586,5.559,mirror
2017,870323,Automóveis a gasolina 1.500–3.000 cm³,528,Países Baixos,9040521,4.045,mirror
2017,870323,Automóveis a gasolina 1.500–3.000 cm³,392,Japão,4323749,1.935,mirror
2017,870323,Automóveis a gasolina 1.500–3.000 cm³,380,Itália,3030700,1.356,mirror
2017,870331,Automóveis diesel até 1.500 cm³,724,Espanha,334264651,30.022,mirror
2017,870331,Automóveis diesel até 1.500 cm³,276,Alemanha,314461352,28.243,mirror
2017,870331,Automóveis diesel até 1.500 cm³,251,França,115788269,10.4,mirror
2017,870331,Automóveis diesel até 1.500 cm³,792,Turquia,81489833,7.319,mirror
2017,870331,Automóveis diesel até 1.500 cm³,826,Reino Unido,71452336,6.418,mirror
2017,870331,Automóveis diesel até 1.500 cm³,380,Itália,47858721,4.298,mirror
2017,870331,Automóveis diesel até 1.500 cm³,348,Hungria,39433236,3.542,mirror
2017,870331,Automóveis diesel até 1.500 cm³,56,Bélgica,34521785,3.101,mirror
2017,870332,Automóveis diesel 1.500–2.500 cm³,276,Alemanha,869478088,45.46,mirror
2017,870332,Automóveis diesel 1.500–2.500 cm³,251,França,276732390,14.469,mirror
2017,870332,Automóveis diesel 1.500–2.500 cm³,724,Espanha,226632150,11.849,mirror
2017,870332,Automóveis diesel 1.500–2.500 cm³,56,Bélgica,149184818,7.8,mirror
2017,870332,Automóveis diesel 1.500–2.500 cm³,826,Reino Unido,103484931,5.411,mirror
2017,870332,Automóveis diesel 1.500–2.500 cm³,203,Chéquia,45750926,2.392,mirror
2017,870332,Automóveis diesel 1.500–2.500 cm³,752,Suécia,39313076,2.055,mirror
2017,870332,Automóveis diesel 1.500–2.500 cm³,380,Itália,36124212,1.889,mirror
2017,870421,Camiões diesel até 5 t,724,Espanha,112236866,24.466,mirror
2017,870421,Camiões diesel até 5 t,251,França,94495272,20.599,mirror
2017,870421,Camiões diesel até 5 t,380,Itália,63501576,13.842,mirror
2017,870421,Camiões diesel até 5 t,792,Turquia,48856997,10.65,mirror
2017,870421,Camiões diesel até 5 t,276,Alemanha,39705097,8.655,mirror
2017,870421,Camiões diesel até 5 t,764,Tailândia,27027438,5.892,mirror
2017,870421,Camiões diesel até 5 t,710,África do Sul,24414500,5.322,mirror
2017,870421,Camiões diesel até 5 t,392,Japão,22967559,5.007,mirror
2017,870840,Caixas de velocidades e partes,276,Alemanha,138375855,57.724,mirror
2017,870840,Caixas de velocidades e partes,251,França,45546403,19.0,mirror
2017,870840,Caixas de velocidades e partes,724,Espanha,32250982,13.454,mirror
2017,870840,Caixas de velocidades e partes,392,Japão,14832718,6.188,mirror
2017,870840,Caixas de velocidades e partes,380,Itália,2280418,0.951,mirror
2017,870840,Caixas de velocidades e partes,703,Eslováquia,1658144,0.692,mirror
2017,870840,Caixas de velocidades e partes,826,Reino Unido,1112366,0.464,mirror
2017,870840,Caixas de velocidades e partes,152,Chile,964747,0.402,mirror
2017,870899,Outras partes de veículos,724,Espanha,355991645,57.337,mirror
2017,870899,Outras partes de veículos,276,Alemanha,67091490,10.806,mirror
2017,870899,Outras partes de veículos,251,França,64030894,10.313,mirror
2017,870899,Outras partes de veículos,380,Itália,36586886,5.893,mirror
2017,870899,Outras partes de veículos,392,Japão,21035666,3.388,mirror
2017,870899,Outras partes de veículos,203,Chéquia,20842916,3.357,mirror
2017,870899,Outras partes de veículos,826,Reino Unido,11389845,1.834,mirror
2017,870899,Outras partes de veículos,348,Hungria,5809881,0.936,mirror
2017,880240,Aviões +15.000 kg,702,Singapura,81261573,33.92,mirror
2017,880240,Aviões +15.000 kg,276,Alemanha,72595791,30.303,mirror
2017,880240,Aviões +15.000 kg,124,Canadá,49709454,20.75,mirror
2017,880240,Aviões +15.000 kg,76,Brasil,36000000,15.027,mirror
2017,999999,Mercadorias não especificadas,702,Singapura,327986385,22.6,mirror
2017,999999,Mercadorias não especificadas,842,EUA,298762196,20.586,mirror
2017,999999,Mercadorias não especificadas,276,Alemanha,177566702,12.235,mirror
2017,999999,Mercadorias não especificadas,251,França,108296247,7.462,mirror
2017,999999,Mercadorias não especificadas,528,Países Baixos,78433026,5.404,mirror
2017,999999,Mercadorias não especificadas,724,Espanha,58782269,4.05,mirror
2017,999999,Mercadorias não especificadas,484,México,56164491,3.87,mirror
2017,999999,Mercadorias não especificadas,380,Itália,52903263,3.645,mirror
2018,100590,Milho,804,Ucrânia,177544990,32.263,direct
2018,100590,Milho,76,Brasil,160159826,29.104,direct
2018,100590,Milho,276,Alemanha,75407377,13.703,direct
2018,100590,Milho,124,Canadá,48132622,8.747,direct
2018,100590,Milho,842,EUA,42953401,7.805,direct
2018,100590,Milho,642,Roménia,18717742,3.401,direct
2018,100590,Milho,724,Espanha,13599934,2.471,direct
2018,100590,Milho,251,França,13254859,2.409,direct
2018,270900,Petróleo bruto,24,Angola,1147165094,15.963,direct
2018,270900,Petróleo bruto,643,Rússia,1076931409,14.985,direct
2018,270900,Petróleo bruto,398,Cazaquistão,946521040,13.171,direct
2018,270900,Petróleo bruto,31,Azerbaijan,942930563,13.121,direct
2018,270900,Petróleo bruto,682,Arábia Saudita,674736496,9.389,direct
2018,270900,Petróleo bruto,226,Guiné Equatorial,640576254,8.913,direct
2018,270900,Petróleo bruto,12,Argélia,498012572,6.93,direct
2018,270900,Petróleo bruto,76,Brasil,425704036,5.924,direct
2018,271019,Gasóleo e combustíveis médios e pesados,724,Espanha,523508713,43.303,direct
2018,271019,Gasóleo e combustíveis médios e pesados,643,Rússia,267272983,22.108,direct
2018,271019,Gasóleo e combustíveis médios e pesados,56,Bélgica,150657463,12.462,direct
2018,271019,Gasóleo e combustíveis médios e pesados,528,Países Baixos,67445219,5.579,direct
2018,271019,Gasóleo e combustíveis médios e pesados,682,Arábia Saudita,67261890,5.564,direct
2018,271019,Gasóleo e combustíveis médios e pesados,251,França,24011536,1.986,direct
2018,271019,Gasóleo e combustíveis médios e pesados,699,Índia,23705885,1.961,direct
2018,271019,Gasóleo e combustíveis médios e pesados,818,Egito,23233519,1.922,direct
2018,271111,Gás natural liquefeito (GNL),899,"Areas, nes",394499355,42.797,direct
2018,271111,Gás natural liquefeito (GNL),634,Catar,234847440,25.477,direct
2018,271111,Gás natural liquefeito (GNL),566,Nigéria,228821870,24.824,direct
2018,271111,Gás natural liquefeito (GNL),842,EUA,32603031,3.537,direct
2018,271111,Gás natural liquefeito (GNL),579,Noruega,19026881,2.064,direct
2018,271111,Gás natural liquefeito (GNL),12,Argélia,11754279,1.275,direct
2018,271111,Gás natural liquefeito (GNL),724,Espanha,234047,0.025,direct
2018,271121,Gás natural em estado gasoso,724,Espanha,728083024,100.0,direct
2018,271600,Energia elétrica,724,Espanha,226633375,100.0,direct
2018,300490,Medicamentos,276,Alemanha,464886495,21.632,direct
2018,300490,Medicamentos,528,Países Baixos,248806948,11.577,direct
2018,300490,Medicamentos,724,Espanha,246262527,11.459,direct
2018,300490,Medicamentos,826,Reino Unido,208277508,9.691,direct
2018,300490,Medicamentos,56,Bélgica,182449130,8.49,direct
2018,300490,Medicamentos,251,França,170250471,7.922,direct
2018,300490,Medicamentos,372,Irlanda,141611827,6.589,direct
2018,300490,Medicamentos,757,Suíça,139623241,6.497,direct
2018,381512,Catalisadores,276,Alemanha,477541057,74.895,direct
2018,381512,Catalisadores,826,Reino Unido,82620472,12.958,direct
2018,381512,Catalisadores,616,Polónia,43251908,6.783,direct
2018,381512,Catalisadores,251,França,32564061,5.107,direct
2018,381512,Catalisadores,380,Itália,999882,0.157,direct
2018,381512,Catalisadores,807,North Macedonia,340219,0.053,direct
2018,381512,Catalisadores,842,EUA,205848,0.032,direct
2018,381512,Catalisadores,724,Espanha,51349,0.008,direct
2018,392690,Outros artigos de plástico,276,Alemanha,104131564,26.722,direct
2018,392690,Outros artigos de plástico,724,Espanha,100143226,25.698,direct
2018,392690,Outros artigos de plástico,380,Itália,37853944,9.714,direct
2018,392690,Outros artigos de plástico,156,China,30622025,7.858,direct
2018,392690,Outros artigos de plástico,251,França,24378703,6.256,direct
2018,392690,Outros artigos de plástico,528,Países Baixos,13932822,3.575,direct
2018,392690,Outros artigos de plástico,440,Lituânia,9264166,2.377,direct
2018,392690,Outros artigos de plástico,616,Polónia,9100421,2.335,direct
2018,720449,Outra sucata ferrosa,724,Espanha,128893866,28.876,direct
2018,720449,Outra sucata ferrosa,826,Reino Unido,106729945,23.911,direct
2018,720449,Outra sucata ferrosa,372,Irlanda,54822762,12.282,direct
2018,720449,Outra sucata ferrosa,528,Países Baixos,50573074,11.33,direct
2018,720449,Outra sucata ferrosa,276,Alemanha,38962031,8.729,direct
2018,720449,Outra sucata ferrosa,251,França,37890871,8.489,direct
2018,720449,Outra sucata ferrosa,246,Finlândia,10104030,2.264,direct
2018,720449,Outra sucata ferrosa,752,Suécia,5920933,1.326,direct
2018,760120,"Ligas de alumínio, em bruto",724,Espanha,276127550,89.8,direct
2018,760120,"Ligas de alumínio, em bruto",528,Países Baixos,13573458,4.414,direct
2018,760120,"Ligas de alumínio, em bruto",276,Alemanha,8109016,2.637,direct
2018,760120,"Ligas de alumínio, em bruto",826,Reino Unido,4188875,1.362,direct
2018,760120,"Ligas de alumínio, em bruto",251,França,3972156,1.292,direct
2018,760120,"Ligas de alumínio, em bruto",752,Suécia,1163489,0.378,direct
2018,760120,"Ligas de alumínio, em bruto",246,Finlândia,174045,0.057,direct
2018,760120,"Ligas de alumínio, em bruto",380,Itália,142044,0.046,direct
2018,840820,Motores diesel para veículos,276,Alemanha,240626537,61.055,direct
2018,840820,Motores diesel para veículos,251,França,92666004,23.513,direct
2018,840820,Motores diesel para veículos,380,Itália,44713100,11.345,direct
2018,840820,Motores diesel para veículos,392,Japão,11022005,2.797,direct
2018,840820,Motores diesel para veículos,724,Espanha,4471721,1.135,direct
2018,840820,Motores diesel para veículos,56,Bélgica,197547,0.05,direct
2018,840820,Motores diesel para veículos,528,Países Baixos,115672,0.029,direct
2018,840820,Motores diesel para veículos,616,Polónia,93099,0.024,direct
2018,847130,Computadores portáteis,724,Espanha,155163939,35.635,direct
2018,847130,Computadores portáteis,528,Países Baixos,112615706,25.864,direct
2018,847130,Computadores portáteis,276,Alemanha,42745477,9.817,direct
2018,847130,Computadores portáteis,380,Itália,31696358,7.279,direct
2018,847130,Computadores portáteis,300,Grécia,26832137,6.162,direct
2018,847130,Computadores portáteis,704,Vietname,16194500,3.719,direct
2018,847130,Computadores portáteis,372,Irlanda,14215269,3.265,direct
2018,847130,Computadores portáteis,156,China,11209474,2.574,direct
2018,851712,Telemóveis,704,Vietname,207689417,26.061,direct
2018,851712,Telemóveis,724,Espanha,197889842,24.832,direct
2018,851712,Telemóveis,528,Países Baixos,121962572,15.304,direct
2018,851712,Telemóveis,372,Irlanda,84110592,10.554,direct
2018,851712,Telemóveis,156,China,82459488,10.347,direct
2018,851712,Telemóveis,251,França,32029031,4.019,direct
2018,851712,Telemóveis,380,Itália,21581003,2.708,direct
2018,851712,Telemóveis,246,Finlândia,16586730,2.081,direct
2018,852990,Outras partes de aparelhos de rádio e TV,276,Alemanha,439974527,70.781,direct
2018,852990,Outras partes de aparelhos de rádio e TV,380,Itália,32962457,5.303,direct
2018,852990,Outras partes de aparelhos de rádio e TV,156,China,32683380,5.258,direct
2018,852990,Outras partes de aparelhos de rádio e TV,251,França,25722209,4.138,direct
2018,852990,Outras partes de aparelhos de rádio e TV,490,Taiwan (Prov. China),23592088,3.795,direct
2018,852990,Outras partes de aparelhos de rádio e TV,724,Espanha,19996908,3.217,direct
2018,852990,Outras partes de aparelhos de rádio e TV,528,Países Baixos,15278238,2.458,direct
2018,852990,Outras partes de aparelhos de rádio e TV,56,Bélgica,5176767,0.833,direct
2018,854239,Outros circuitos integrados,490,Taiwan (Prov. China),203100282,39.761,direct
2018,854239,Outros circuitos integrados,276,Alemanha,116114987,22.732,direct
2018,854239,Outros circuitos integrados,528,Países Baixos,77696857,15.211,direct
2018,854239,Outros circuitos integrados,251,França,22215789,4.349,direct
2018,854239,Outros circuitos integrados,156,China,21613857,4.231,direct
2018,854239,Outros circuitos integrados,372,Irlanda,16143499,3.16,direct
2018,854239,Outros circuitos integrados,826,Reino Unido,15816841,3.096,direct
2018,854239,Outros circuitos integrados,724,Espanha,9238058,1.809,direct
2018,870322,Automóveis a gasolina 1.000–1.500 cm³,724,Espanha,220601855,30.189,direct
2018,870322,Automóveis a gasolina 1.000–1.500 cm³,251,França,129263244,17.69,direct
2018,870322,Automóveis a gasolina 1.000–1.500 cm³,276,Alemanha,118843627,16.264,direct
2018,870322,Automóveis a gasolina 1.000–1.500 cm³,703,Eslováquia,61907004,8.472,direct
2018,870322,Automóveis a gasolina 1.000–1.500 cm³,380,Itália,56969365,7.796,direct
2018,870322,Automóveis a gasolina 1.000–1.500 cm³,616,Polónia,39979247,5.471,direct
2018,870322,Automóveis a gasolina 1.000–1.500 cm³,56,Bélgica,30598901,4.187,direct
2018,870322,Automóveis a gasolina 1.000–1.500 cm³,792,Turquia,17262083,2.362,direct
2018,870323,Automóveis a gasolina 1.500–3.000 cm³,276,Alemanha,280551463,42.213,direct
2018,870323,Automóveis a gasolina 1.500–3.000 cm³,251,França,177382122,26.69,direct
2018,870323,Automóveis a gasolina 1.500–3.000 cm³,56,Bélgica,74465489,11.204,direct
2018,870323,Automóveis a gasolina 1.500–3.000 cm³,724,Espanha,62905068,9.465,direct
2018,870323,Automóveis a gasolina 1.500–3.000 cm³,203,Chéquia,26972813,4.058,direct
2018,870323,Automóveis a gasolina 1.500–3.000 cm³,826,Reino Unido,16844993,2.535,direct
2018,870323,Automóveis a gasolina 1.500–3.000 cm³,752,Suécia,6552731,0.986,direct
2018,870323,Automóveis a gasolina 1.500–3.000 cm³,380,Itália,5629516,0.847,direct
2018,870331,Automóveis diesel até 1.500 cm³,724,Espanha,446114645,33.048,direct
2018,870331,Automóveis diesel até 1.500 cm³,276,Alemanha,388852006,28.806,direct
2018,870331,Automóveis diesel até 1.500 cm³,251,França,323468073,23.962,direct
2018,870331,Automóveis diesel até 1.500 cm³,348,Hungria,64629591,4.788,direct
2018,870331,Automóveis diesel até 1.500 cm³,792,Turquia,42032559,3.114,direct
2018,870331,Automóveis diesel até 1.500 cm³,380,Itália,34357701,2.545,direct
2018,870331,Automóveis diesel até 1.500 cm³,56,Bélgica,30454093,2.256,direct
2018,870331,Automóveis diesel até 1.500 cm³,826,Reino Unido,11144171,0.826,direct
2018,870332,Automóveis diesel 1.500–2.500 cm³,276,Alemanha,886306202,43.502,direct
2018,870332,Automóveis diesel 1.500–2.500 cm³,251,França,425537436,20.886,direct
2018,870332,Automóveis diesel 1.500–2.500 cm³,724,Espanha,228855081,11.233,direct
2018,870332,Automóveis diesel 1.500–2.500 cm³,56,Bélgica,133765934,6.566,direct
2018,870332,Automóveis diesel 1.500–2.500 cm³,826,Reino Unido,70816616,3.476,direct
2018,870332,Automóveis diesel 1.500–2.500 cm³,752,Suécia,61452087,3.016,direct
2018,870332,Automóveis diesel 1.500–2.500 cm³,380,Itália,58150343,2.854,direct
2018,870332,Automóveis diesel 1.500–2.500 cm³,203,Chéquia,31624650,1.552,direct
2018,870421,Camiões diesel até 5 t,724,Espanha,132024538,26.704,direct
2018,870421,Camiões diesel até 5 t,251,França,84618026,17.115,direct
2018,870421,Camiões diesel até 5 t,276,Alemanha,75384820,15.248,direct
2018,870421,Camiões diesel até 5 t,792,Turquia,64258907,12.997,direct
2018,870421,Camiões diesel até 5 t,380,Itália,56838990,11.496,direct
2018,870421,Camiões diesel até 5 t,764,Tailândia,30650997,6.2,direct
2018,870421,Camiões diesel até 5 t,710,África do Sul,27234902,5.509,direct
2018,870421,Camiões diesel até 5 t,56,Bélgica,9590581,1.94,direct
2018,870840,Caixas de velocidades e partes,276,Alemanha,222576631,43.065,direct
2018,870840,Caixas de velocidades e partes,251,França,177347168,34.314,direct
2018,870840,Caixas de velocidades e partes,724,Espanha,77312125,14.959,direct
2018,870840,Caixas de velocidades e partes,392,Japão,26346249,5.098,direct
2018,870840,Caixas de velocidades e partes,152,Chile,3348261,0.648,direct
2018,870840,Caixas de velocidades e partes,380,Itália,2296249,0.444,direct
2018,870840,Caixas de velocidades e partes,826,Reino Unido,1648431,0.319,direct
2018,870840,Caixas de velocidades e partes,203,Chéquia,1487399,0.288,direct
2018,870899,Outras partes de veículos,724,Espanha,778865159,57.322,direct
2018,870899,Outras partes de veículos,276,Alemanha,157762818,11.611,direct
2018,870899,Outras partes de veículos,251,França,149734316,11.02,direct
2018,870899,Outras partes de veículos,380,Itália,46418817,3.416,direct
2018,870899,Outras partes de veículos,392,Japão,41059057,3.022,direct
2018,870899,Outras partes de veículos,826,Reino Unido,33188324,2.443,direct
2018,870899,Outras partes de veículos,203,Chéquia,32079332,2.361,direct
2018,870899,Outras partes de veículos,56,Bélgica,28502408,2.098,direct
2018,880240,Aviões +15.000 kg,276,Alemanha,308084795,45.219,direct
2018,880240,Aviões +15.000 kg,251,França,270635713,39.722,direct
2018,880240,Aviões +15.000 kg,842,EUA,83692731,12.284,direct
2018,880240,Aviões +15.000 kg,757,Suíça,18910408,2.776,direct
2018,999999,Mercadorias não especificadas,380,Itália,43353888,96.944,direct
2018,999999,Mercadorias não especificadas,208,Dinamarca,470538,1.052,direct
2018,999999,Mercadorias não especificadas,826,Reino Unido,195919,0.438,direct
2018,999999,Mercadorias não especificadas,528,Países Baixos,160448,0.359,direct
2018,999999,Mercadorias não especificadas,276,Alemanha,117587,0.263,direct
2018,999999,Mercadorias não especificadas,752,Suécia,102125,0.228,direct
2018,999999,Mercadorias não especificadas,724,Espanha,82367,0.184,direct
2018,999999,Mercadorias não especificadas,251,França,79394,0.178,direct
2018,100590,Milho,76,Brasil,109415588,33.554,mirror
2018,100590,Milho,804,Ucrânia,107648467,33.012,mirror
2018,100590,Milho,842,EUA,38527962,11.815,mirror
2018,100590,Milho,642,Roménia,35290036,10.822,mirror
2018,100590,Milho,124,Canadá,29492742,9.044,mirror
2018,100590,Milho,724,Espanha,3992018,1.224,mirror
2018,100590,Milho,251,França,1452414,0.445,mirror
2018,100590,Milho,32,Argentina,209253,0.064,mirror
2018,270900,Petróleo bruto,24,Angola,1057775649,28.673,mirror
2018,270900,Petróleo bruto,643,Rússia,698683553,18.939,mirror
2018,270900,Petróleo bruto,31,Azerbaijan,527759128,14.306,mirror
2018,270900,Petróleo bruto,398,Cazaquistão,380037035,10.302,mirror
2018,270900,Petróleo bruto,76,Brasil,356356575,9.66,mirror
2018,270900,Petróleo bruto,842,EUA,131482080,3.564,mirror
2018,270900,Petróleo bruto,724,Espanha,104077904,2.821,mirror
2018,270900,Petróleo bruto,579,Noruega,91279278,2.474,mirror
2018,271019,Gasóleo e combustíveis médios e pesados,724,Espanha,457909835,52.279,mirror
2018,271019,Gasóleo e combustíveis médios e pesados,156,China,87540914,9.994,mirror
2018,271019,Gasóleo e combustíveis médios e pesados,528,Países Baixos,81419001,9.296,mirror
2018,271019,Gasóleo e combustíveis médios e pesados,56,Bélgica,42042143,4.8,mirror
2018,271019,Gasóleo e combustíveis médios e pesados,76,Brasil,33736304,3.852,mirror
2018,271019,Gasóleo e combustíveis médios e pesados,251,França,33252023,3.796,mirror
2018,271019,Gasóleo e combustíveis médios e pesados,300,Grécia,30772332,3.513,mirror
2018,271019,Gasóleo e combustíveis médios e pesados,643,Rússia,28918391,3.302,mirror
2018,271111,Gás natural liquefeito (GNL),566,Nigéria,661635973,86.215,mirror
2018,271111,Gás natural liquefeito (GNL),842,EUA,77415566,10.088,mirror
2018,271111,Gás natural liquefeito (GNL),56,Bélgica,24390012,3.178,mirror
2018,271111,Gás natural liquefeito (GNL),724,Espanha,3985799,0.519,mirror
2018,271600,Energia elétrica,724,Espanha,233872038,100.0,mirror
2018,300490,Medicamentos,276,Alemanha,349365336,21.101,mirror
2018,300490,Medicamentos,757,Suíça,247987336,14.978,mirror
2018,300490,Medicamentos,724,Espanha,207997304,12.563,mirror
2018,300490,Medicamentos,251,França,158071073,9.547,mirror
2018,300490,Medicamentos,372,Irlanda,118047941,7.13,mirror
2018,300490,Medicamentos,56,Bélgica,117830381,7.117,mirror
2018,300490,Medicamentos,528,Países Baixos,112973024,6.823,mirror
2018,300490,Medicamentos,380,Itália,111779369,6.751,mirror
2018,381512,Catalisadores,276,Alemanha,351529190,71.792,mirror
2018,381512,Catalisadores,616,Polónia,63827461,13.035,mirror
2018,381512,Catalisadores,826,Reino Unido,53805709,10.989,mirror
2018,381512,Catalisadores,251,França,11678813,2.385,mirror
2018,381512,Catalisadores,380,Itália,8100544,1.654,mirror
2018,381512,Catalisadores,710,África do Sul,367994,0.075,mirror
2018,381512,Catalisadores,528,Países Baixos,246904,0.05,mirror
2018,381512,Catalisadores,752,Suécia,57218,0.012,mirror
2018,392690,Outros artigos de plástico,724,Espanha,97884314,25.708,mirror
2018,392690,Outros artigos de plástico,276,Alemanha,96078245,25.234,mirror
2018,392690,Outros artigos de plástico,380,Itália,43153586,11.334,mirror
2018,392690,Outros artigos de plástico,251,França,42367618,11.127,mirror
2018,392690,Outros artigos de plástico,156,China,18107238,4.756,mirror
2018,392690,Outros artigos de plástico,203,Chéquia,10944471,2.874,mirror
2018,392690,Outros artigos de plástico,528,Países Baixos,10883324,2.858,mirror
2018,392690,Outros artigos de plástico,616,Polónia,8232851,2.162,mirror
2018,720449,Outra sucata ferrosa,826,Reino Unido,63737741,24.101,mirror
2018,720449,Outra sucata ferrosa,724,Espanha,45965675,17.381,mirror
2018,720449,Outra sucata ferrosa,528,Países Baixos,39508563,14.939,mirror
2018,720449,Outra sucata ferrosa,276,Alemanha,38067075,14.394,mirror
2018,720449,Outra sucata ferrosa,251,França,36389064,13.76,mirror
2018,720449,Outra sucata ferrosa,372,Irlanda,20470611,7.74,mirror
2018,720449,Outra sucata ferrosa,579,Noruega,7885842,2.982,mirror
2018,720449,Outra sucata ferrosa,246,Finlândia,7878060,2.979,mirror
2018,760120,"Ligas de alumínio, em bruto",724,Espanha,131241301,54.921,mirror
2018,760120,"Ligas de alumínio, em bruto",579,Noruega,78983767,33.053,mirror
2018,760120,"Ligas de alumínio, em bruto",251,França,23272970,9.739,mirror
2018,760120,"Ligas de alumínio, em bruto",792,Turquia,2013406,0.843,mirror
2018,760120,"Ligas de alumínio, em bruto",528,Países Baixos,1167529,0.489,mirror
2018,760120,"Ligas de alumínio, em bruto",380,Itália,876471,0.367,mirror
2018,760120,"Ligas de alumínio, em bruto",276,Alemanha,666544,0.279,mirror
2018,760120,"Ligas de alumínio, em bruto",682,Arábia Saudita,424579,0.178,mirror
2018,840820,Motores diesel para veículos,276,Alemanha,211690224,77.723,mirror
2018,840820,Motores diesel para veículos,380,Itália,43763751,16.068,mirror
2018,840820,Motores diesel para veículos,724,Espanha,7883333,2.894,mirror
2018,840820,Motores diesel para veículos,251,França,7737003,2.841,mirror
2018,840820,Motores diesel para veículos,528,Países Baixos,694465,0.255,mirror
2018,840820,Motores diesel para veículos,826,Reino Unido,302829,0.111,mirror
2018,840820,Motores diesel para veículos,56,Bélgica,122375,0.045,mirror
2018,840820,Motores diesel para veículos,616,Polónia,92736,0.034,mirror
2018,847130,Computadores portáteis,724,Espanha,136625886,36.331,mirror
2018,847130,Computadores portáteis,528,Países Baixos,49588156,13.186,mirror
2018,847130,Computadores portáteis,156,China,45234202,12.029,mirror
2018,847130,Computadores portáteis,276,Alemanha,41841026,11.126,mirror
2018,847130,Computadores portáteis,380,Itália,28008292,7.448,mirror
2018,847130,Computadores portáteis,300,Grécia,26063248,6.931,mirror
2018,847130,Computadores portáteis,704,Vietname,23593834,6.274,mirror
2018,847130,Computadores portáteis,344,Hong Kong (RAEHK),6503667,1.729,mirror
2018,851712,Telemóveis,704,Vietname,186781767,18.968,mirror
2018,851712,Telemóveis,724,Espanha,177428341,18.018,mirror
2018,851712,Telemóveis,156,China,161662870,16.417,mirror
2018,851712,Telemóveis,344,Hong Kong (RAEHK),130171403,13.219,mirror
2018,851712,Telemóveis,276,Alemanha,82085575,8.336,mirror
2018,851712,Telemóveis,380,Itália,64495274,6.55,mirror
2018,851712,Telemóveis,826,Reino Unido,48000244,4.875,mirror
2018,851712,Telemóveis,251,França,45650623,4.636,mirror
2018,852990,Outras partes de aparelhos de rádio e TV,276,Alemanha,273572062,79.286,mirror
2018,852990,Outras partes de aparelhos de rádio e TV,490,Taiwan (Prov. China),19735728,5.72,mirror
2018,852990,Outras partes de aparelhos de rádio e TV,156,China,15473548,4.484,mirror
2018,852990,Outras partes de aparelhos de rádio e TV,458,Malásia,8763281,2.54,mirror
2018,852990,Outras partes de aparelhos de rádio e TV,724,Espanha,8460146,2.452,mirror
2018,852990,Outras partes de aparelhos de rádio e TV,528,Países Baixos,4235239,1.227,mirror
2018,852990,Outras partes de aparelhos de rádio e TV,380,Itália,3758272,1.089,mirror
2018,852990,Outras partes de aparelhos de rádio e TV,348,Hungria,1436844,0.416,mirror
2018,854239,Outros circuitos integrados,490,Taiwan (Prov. China),184753475,53.236,mirror
2018,854239,Outros circuitos integrados,276,Alemanha,108247397,31.191,mirror
2018,854239,Outros circuitos integrados,251,França,23401020,6.743,mirror
2018,854239,Outros circuitos integrados,528,Países Baixos,13704871,3.949,mirror
2018,854239,Outros circuitos integrados,702,Singapura,3026981,0.872,mirror
2018,854239,Outros circuitos integrados,344,Hong Kong (RAEHK),2946283,0.849,mirror
2018,854239,Outros circuitos integrados,203,Chéquia,2659047,0.766,mirror
2018,854239,Outros circuitos integrados,56,Bélgica,2316999,0.668,mirror
2018,870322,Automóveis a gasolina 1.000–1.500 cm³,724,Espanha,234722923,34.992,mirror
2018,870322,Automóveis a gasolina 1.000–1.500 cm³,251,França,109394901,16.309,mirror
2018,870322,Automóveis a gasolina 1.000–1.500 cm³,276,Alemanha,67492762,10.062,mirror
2018,870322,Automóveis a gasolina 1.000–1.500 cm³,703,Eslováquia,56537311,8.429,mirror
2018,870322,Automóveis a gasolina 1.000–1.500 cm³,380,Itália,49570450,7.39,mirror
2018,870322,Automóveis a gasolina 1.000–1.500 cm³,616,Polónia,33581457,5.006,mirror
2018,870322,Automóveis a gasolina 1.000–1.500 cm³,504,Marrocos,24271085,3.618,mirror
2018,870322,Automóveis a gasolina 1.000–1.500 cm³,528,Países Baixos,19657595,2.931,mirror
2018,870323,Automóveis a gasolina 1.500–3.000 cm³,276,Alemanha,108980569,39.42,mirror
2018,870323,Automóveis a gasolina 1.500–3.000 cm³,251,França,53733687,19.436,mirror
2018,870323,Automóveis a gasolina 1.500–3.000 cm³,724,Espanha,28989302,10.486,mirror
2018,870323,Automóveis a gasolina 1.500–3.000 cm³,56,Bélgica,25553993,9.243,mirror
2018,870323,Automóveis a gasolina 1.500–3.000 cm³,826,Reino Unido,10826991,3.916,mirror
2018,870323,Automóveis a gasolina 1.500–3.000 cm³,528,Países Baixos,9056917,3.276,mirror
2018,870323,Automóveis a gasolina 1.500–3.000 cm³,392,Japão,8279245,2.995,mirror
2018,870323,Automóveis a gasolina 1.500–3.000 cm³,703,Eslováquia,4782886,1.73,mirror
2018,870331,Automóveis diesel até 1.500 cm³,724,Espanha,367032689,34.88,mirror
2018,870331,Automóveis diesel até 1.500 cm³,276,Alemanha,265971879,25.276,mirror
2018,870331,Automóveis diesel até 1.500 cm³,251,França,138108453,13.125,mirror
2018,870331,Automóveis diesel até 1.500 cm³,792,Turquia,107663624,10.232,mirror
2018,870331,Automóveis diesel até 1.500 cm³,826,Reino Unido,33991814,3.23,mirror
2018,870331,Automóveis diesel até 1.500 cm³,380,Itália,32523657,3.091,mirror
2018,870331,Automóveis diesel até 1.500 cm³,348,Hungria,27550086,2.618,mirror
2018,870331,Automóveis diesel até 1.500 cm³,56,Bélgica,27156796,2.581,mirror
2018,870332,Automóveis diesel 1.500–2.500 cm³,276,Alemanha,679597782,37.751,mirror
2018,870332,Automóveis diesel 1.500–2.500 cm³,251,França,324021500,17.999,mirror
2018,870332,Automóveis diesel 1.500–2.500 cm³,724,Espanha,279769458,15.541,mirror
2018,870332,Automóveis diesel 1.500–2.500 cm³,56,Bélgica,105870228,5.881,mirror
2018,870332,Automóveis diesel 1.500–2.500 cm³,826,Reino Unido,73624398,4.09,mirror
2018,870332,Automóveis diesel 1.500–2.500 cm³,348,Hungria,49183560,2.732,mirror
2018,870332,Automóveis diesel 1.500–2.500 cm³,752,Suécia,44614593,2.478,mirror
2018,870332,Automóveis diesel 1.500–2.500 cm³,380,Itália,43907647,2.439,mirror
2018,870421,Camiões diesel até 5 t,724,Espanha,138548292,25.27,mirror
2018,870421,Camiões diesel até 5 t,251,França,132286994,24.128,mirror
2018,870421,Camiões diesel até 5 t,792,Turquia,57654041,10.516,mirror
2018,870421,Camiões diesel até 5 t,380,Itália,55035795,10.038,mirror
2018,870421,Camiões diesel até 5 t,276,Alemanha,55034611,10.038,mirror
2018,870421,Camiões diesel até 5 t,764,Tailândia,29738856,5.424,mirror
2018,870421,Camiões diesel até 5 t,710,África do Sul,29382012,5.359,mirror
2018,870421,Camiões diesel até 5 t,392,Japão,24211909,4.416,mirror
2018,870840,Caixas de velocidades e partes,276,Alemanha,206562087,53.978,mirror
2018,870840,Caixas de velocidades e partes,724,Espanha,65565951,17.133,mirror
2018,870840,Caixas de velocidades e partes,251,França,43340500,11.326,mirror
2018,870840,Caixas de velocidades e partes,703,Eslováquia,41057803,10.729,mirror
2018,870840,Caixas de velocidades e partes,392,Japão,14107107,3.686,mirror
2018,870840,Caixas de velocidades e partes,152,Chile,4653971,1.216,mirror
2018,870840,Caixas de velocidades e partes,380,Itália,2582680,0.675,mirror
2018,870840,Caixas de velocidades e partes,792,Turquia,966673,0.253,mirror
2018,870899,Outras partes de veículos,724,Espanha,447241980,61.026,mirror
2018,870899,Outras partes de veículos,276,Alemanha,73612492,10.044,mirror
2018,870899,Outras partes de veículos,251,França,54189569,7.394,mirror
2018,870899,Outras partes de veículos,380,Itália,39186601,5.347,mirror
2018,870899,Outras partes de veículos,203,Chéquia,27893451,3.806,mirror
2018,870899,Outras partes de veículos,392,Japão,19629141,2.678,mirror
2018,870899,Outras partes de veículos,826,Reino Unido,15406940,2.102,mirror
2018,870899,Outras partes de veículos,348,Hungria,7742493,1.056,mirror
2018,880240,Aviões +15.000 kg,276,Alemanha,404230346,57.881,mirror
2018,880240,Aviões +15.000 kg,251,França,214669651,30.738,mirror
2018,880240,Aviões +15.000 kg,124,Canadá,46130657,6.605,mirror
2018,880240,Aviões +15.000 kg,156,China,31253517,4.475,mirror
2018,880240,Aviões +15.000 kg,372,Irlanda,2096679,0.3,mirror
2018,999999,Mercadorias não especificadas,276,Alemanha,489557205,23.866,mirror
2018,999999,Mercadorias não especificadas,702,Singapura,353041922,17.211,mirror
2018,999999,Mercadorias não especificadas,842,EUA,256749620,12.517,mirror
2018,999999,Mercadorias não especificadas,634,Catar,235737896,11.492,mirror
2018,999999,Mercadorias não especificadas,251,França,135342655,6.598,mirror
2018,999999,Mercadorias não especificadas,528,Países Baixos,117222321,5.715,mirror
2018,999999,Mercadorias não especificadas,484,México,76739802,3.741,mirror
2018,999999,Mercadorias não especificadas,724,Espanha,69210250,3.374,mirror
2019,100590,Milho,804,Ucrânia,159882806,40.899,direct
2019,100590,Milho,76,Brasil,145293390,37.167,direct
2019,100590,Milho,100,Bulgária,34022606,8.703,direct
2019,100590,Milho,724,Espanha,17671983,4.521,direct
2019,100590,Milho,642,Roménia,15049294,3.85,direct
2019,100590,Milho,124,Canadá,10616543,2.716,direct
2019,100590,Milho,826,Reino Unido,5276849,1.35,direct
2019,100590,Milho,251,França,2875926,0.736,direct
2019,270900,Petróleo bruto,24,Angola,1186597587,21.824,direct
2019,270900,Petróleo bruto,31,Azerbaijan,687128490,12.638,direct
2019,270900,Petróleo bruto,12,Argélia,614701742,11.306,direct
2019,270900,Petróleo bruto,682,Arábia Saudita,589576308,10.844,direct
2019,270900,Petróleo bruto,643,Rússia,568228129,10.451,direct
2019,270900,Petróleo bruto,76,Brasil,368671946,6.781,direct
2019,270900,Petróleo bruto,368,Iraque,288642937,5.309,direct
2019,270900,Petróleo bruto,398,Cazaquistão,229309667,4.217,direct
2019,271019,Gasóleo e combustíveis médios e pesados,724,Espanha,469596888,28.351,direct
2019,271019,Gasóleo e combustíveis médios e pesados,56,Bélgica,264911946,15.993,direct
2019,271019,Gasóleo e combustíveis médios e pesados,643,Rússia,254445949,15.362,direct
2019,271019,Gasóleo e combustíveis médios e pesados,699,Índia,126084678,7.612,direct
2019,271019,Gasóleo e combustíveis médios e pesados,528,Países Baixos,85445891,5.159,direct
2019,271019,Gasóleo e combustíveis médios e pesados,826,Reino Unido,79526084,4.801,direct
2019,271019,Gasóleo e combustíveis médios e pesados,251,França,65737562,3.969,direct
2019,271019,Gasóleo e combustíveis médios e pesados,682,Arábia Saudita,53796764,3.248,direct
2019,271111,Gás natural liquefeito (GNL),566,Nigéria,869647301,63.737,direct
2019,271111,Gás natural liquefeito (GNL),842,EUA,242256649,17.755,direct
2019,271111,Gás natural liquefeito (GNL),634,Catar,150138797,11.004,direct
2019,271111,Gás natural liquefeito (GNL),12,Argélia,57056065,4.182,direct
2019,271111,Gás natural liquefeito (GNL),643,Rússia,26452929,1.939,direct
2019,271111,Gás natural liquefeito (GNL),780,Trinidad and Tobago,15388359,1.128,direct
2019,271111,Gás natural liquefeito (GNL),724,Espanha,3486931,0.256,direct
2019,271121,Gás natural em estado gasoso,724,Espanha,187334917,100.0,direct
2019,271600,Energia elétrica,724,Espanha,383512601,100.0,direct
2019,300490,Medicamentos,276,Alemanha,426178243,22.767,direct
2019,300490,Medicamentos,528,Países Baixos,252690704,13.499,direct
2019,300490,Medicamentos,724,Espanha,244234931,13.048,direct
2019,300490,Medicamentos,380,Itália,153732377,8.213,direct
2019,300490,Medicamentos,251,França,150705914,8.051,direct
2019,300490,Medicamentos,56,Bélgica,148201921,7.917,direct
2019,300490,Medicamentos,826,Reino Unido,140568149,7.509,direct
2019,300490,Medicamentos,757,Suíça,97463507,5.207,direct
2019,381512,Catalisadores,276,Alemanha,534956361,70.548,direct
2019,381512,Catalisadores,826,Reino Unido,163379453,21.546,direct
2019,381512,Catalisadores,616,Polónia,38588858,5.089,direct
2019,381512,Catalisadores,251,França,11680982,1.54,direct
2019,381512,Catalisadores,380,Itália,5414337,0.714,direct
2019,381512,Catalisadores,724,Espanha,1811616,0.239,direct
2019,381512,Catalisadores,233,Estónia,1306835,0.172,direct
2019,381512,Catalisadores,710,África do Sul,917776,0.121,direct
2019,392690,Outros artigos de plástico,724,Espanha,103589159,28.329,direct
2019,392690,Outros artigos de plástico,276,Alemanha,92382275,25.264,direct
2019,392690,Outros artigos de plástico,380,Itália,32841924,8.981,direct
2019,392690,Outros artigos de plástico,156,China,30856157,8.438,direct
2019,392690,Outros artigos de plástico,251,França,22795726,6.234,direct
2019,392690,Outros artigos de plástico,528,Países Baixos,14115373,3.86,direct
2019,392690,Outros artigos de plástico,616,Polónia,8611572,2.355,direct
2019,392690,Outros artigos de plástico,826,Reino Unido,8226137,2.25,direct
2019,720449,Outra sucata ferrosa,724,Espanha,86133231,28.146,direct
2019,720449,Outra sucata ferrosa,826,Reino Unido,72251556,23.61,direct
2019,720449,Outra sucata ferrosa,372,Irlanda,33572788,10.971,direct
2019,720449,Outra sucata ferrosa,251,França,24718148,8.077,direct
2019,720449,Outra sucata ferrosa,276,Alemanha,24078081,7.868,direct
2019,720449,Outra sucata ferrosa,246,Finlândia,20335831,6.645,direct
2019,720449,Outra sucata ferrosa,208,Dinamarca,16184627,5.289,direct
2019,720449,Outra sucata ferrosa,528,Países Baixos,12940672,4.229,direct
2019,760120,"Ligas de alumínio, em bruto",724,Espanha,219662249,88.564,direct
2019,760120,"Ligas de alumínio, em bruto",528,Países Baixos,16328966,6.584,direct
2019,760120,"Ligas de alumínio, em bruto",251,França,6529179,2.632,direct
2019,760120,"Ligas de alumínio, em bruto",826,Reino Unido,2341660,0.944,direct
2019,760120,"Ligas de alumínio, em bruto",752,Suécia,1008748,0.407,direct
2019,760120,"Ligas de alumínio, em bruto",276,Alemanha,836688,0.337,direct
2019,760120,"Ligas de alumínio, em bruto",56,Bélgica,656261,0.265,direct
2019,760120,"Ligas de alumínio, em bruto",246,Finlândia,385937,0.156,direct
2019,840820,Motores diesel para veículos,276,Alemanha,227793072,54.679,direct
2019,840820,Motores diesel para veículos,251,França,101632630,24.396,direct
2019,840820,Motores diesel para veículos,380,Itália,43635064,10.474,direct
2019,840820,Motores diesel para veículos,616,Polónia,27630186,6.632,direct
2019,840820,Motores diesel para veículos,392,Japão,10011822,2.403,direct
2019,840820,Motores diesel para veículos,724,Espanha,4841209,1.162,direct
2019,840820,Motores diesel para veículos,348,Hungria,531025,0.127,direct
2019,840820,Motores diesel para veículos,56,Bélgica,323737,0.078,direct
2019,847130,Computadores portáteis,724,Espanha,155871323,34.926,direct
2019,847130,Computadores portáteis,528,Países Baixos,146325155,32.787,direct
2019,847130,Computadores portáteis,276,Alemanha,42291206,9.476,direct
2019,847130,Computadores portáteis,704,Vietname,25240594,5.656,direct
2019,847130,Computadores portáteis,300,Grécia,24331938,5.452,direct
2019,847130,Computadores portáteis,156,China,12669732,2.839,direct
2019,847130,Computadores portáteis,203,Chéquia,10171347,2.279,direct
2019,847130,Computadores portáteis,826,Reino Unido,7999501,1.792,direct
2019,851712,Telemóveis,724,Espanha,261321866,38.637,direct
2019,851712,Telemóveis,704,Vietname,188699880,27.9,direct
2019,851712,Telemóveis,528,Países Baixos,57431314,8.491,direct
2019,851712,Telemóveis,372,Irlanda,35099341,5.19,direct
2019,851712,Telemóveis,156,China,29408500,4.348,direct
2019,851712,Telemóveis,251,França,24761618,3.661,direct
2019,851712,Telemóveis,826,Reino Unido,20637749,3.051,direct
2019,851712,Telemóveis,380,Itália,15599294,2.306,direct
2019,852990,Outras partes de aparelhos de rádio e TV,276,Alemanha,372725581,60.976,direct
2019,852990,Outras partes de aparelhos de rádio e TV,156,China,104134452,17.036,direct
2019,852990,Outras partes de aparelhos de rádio e TV,724,Espanha,40925291,6.695,direct
2019,852990,Outras partes de aparelhos de rádio e TV,490,Taiwan (Prov. China),22099356,3.615,direct
2019,852990,Outras partes de aparelhos de rádio e TV,528,Países Baixos,11618449,1.901,direct
2019,852990,Outras partes de aparelhos de rádio e TV,251,França,9959723,1.629,direct
2019,852990,Outras partes de aparelhos de rádio e TV,826,Reino Unido,9370024,1.533,direct
2019,852990,Outras partes de aparelhos de rádio e TV,56,Bélgica,9070497,1.484,direct
2019,854239,Outros circuitos integrados,490,Taiwan (Prov. China),180874564,35.538,direct
2019,854239,Outros circuitos integrados,276,Alemanha,118450294,23.273,direct
2019,854239,Outros circuitos integrados,528,Países Baixos,82003533,16.112,direct
2019,854239,Outros circuitos integrados,156,China,31492729,6.188,direct
2019,854239,Outros circuitos integrados,372,Irlanda,25318304,4.975,direct
2019,854239,Outros circuitos integrados,251,França,23531714,4.624,direct
2019,854239,Outros circuitos integrados,702,Singapura,12157720,2.389,direct
2019,854239,Outros circuitos integrados,724,Espanha,9573997,1.881,direct
2019,870322,Automóveis a gasolina 1.000–1.500 cm³,724,Espanha,228635078,30.493,direct
2019,870322,Automóveis a gasolina 1.000–1.500 cm³,276,Alemanha,141490499,18.871,direct
2019,870322,Automóveis a gasolina 1.000–1.500 cm³,251,França,132059412,17.613,direct
2019,870322,Automóveis a gasolina 1.000–1.500 cm³,703,Eslováquia,62235274,8.3,direct
2019,870322,Automóveis a gasolina 1.000–1.500 cm³,616,Polónia,45741418,6.101,direct
2019,870322,Automóveis a gasolina 1.000–1.500 cm³,348,Hungria,29485340,3.933,direct
2019,870322,Automóveis a gasolina 1.000–1.500 cm³,56,Bélgica,27987981,3.733,direct
2019,870322,Automóveis a gasolina 1.000–1.500 cm³,380,Itália,25210994,3.362,direct
2019,870323,Automóveis a gasolina 1.500–3.000 cm³,276,Alemanha,138570052,30.892,direct
2019,870323,Automóveis a gasolina 1.500–3.000 cm³,251,França,127063825,28.327,direct
2019,870323,Automóveis a gasolina 1.500–3.000 cm³,724,Espanha,75884494,16.918,direct
2019,870323,Automóveis a gasolina 1.500–3.000 cm³,56,Bélgica,57186295,12.749,direct
2019,870323,Automóveis a gasolina 1.500–3.000 cm³,826,Reino Unido,15006223,3.345,direct
2019,870323,Automóveis a gasolina 1.500–3.000 cm³,203,Chéquia,12122116,2.702,direct
2019,870323,Automóveis a gasolina 1.500–3.000 cm³,392,Japão,7258849,1.618,direct
2019,870323,Automóveis a gasolina 1.500–3.000 cm³,528,Países Baixos,4661812,1.039,direct
2019,870331,Automóveis diesel até 1.500 cm³,251,França,361307313,33.614,direct
2019,870331,Automóveis diesel até 1.500 cm³,276,Alemanha,277396473,25.807,direct
2019,870331,Automóveis diesel até 1.500 cm³,724,Espanha,170504983,15.863,direct
2019,870331,Automóveis diesel até 1.500 cm³,348,Hungria,140713811,13.091,direct
2019,870331,Automóveis diesel até 1.500 cm³,792,Turquia,76258022,7.095,direct
2019,870331,Automóveis diesel até 1.500 cm³,56,Bélgica,14664346,1.364,direct
2019,870331,Automóveis diesel até 1.500 cm³,380,Itália,13731274,1.277,direct
2019,870331,Automóveis diesel até 1.500 cm³,528,Países Baixos,13010697,1.21,direct
2019,870332,Automóveis diesel 1.500–2.500 cm³,276,Alemanha,640589285,49.831,direct
2019,870332,Automóveis diesel 1.500–2.500 cm³,251,França,213014823,16.57,direct
2019,870332,Automóveis diesel 1.500–2.500 cm³,724,Espanha,136672798,10.632,direct
2019,870332,Automóveis diesel 1.500–2.500 cm³,56,Bélgica,116367605,9.052,direct
2019,870332,Automóveis diesel 1.500–2.500 cm³,348,Hungria,31646893,2.462,direct
2019,870332,Automóveis diesel 1.500–2.500 cm³,380,Itália,29638532,2.306,direct
2019,870332,Automóveis diesel 1.500–2.500 cm³,752,Suécia,29555008,2.299,direct
2019,870332,Automóveis diesel 1.500–2.500 cm³,203,Chéquia,27907177,2.171,direct
2019,870421,Camiões diesel até 5 t,724,Espanha,138206737,30.523,direct
2019,870421,Camiões diesel até 5 t,251,França,93899640,20.738,direct
2019,870421,Camiões diesel até 5 t,792,Turquia,65942478,14.563,direct
2019,870421,Camiões diesel até 5 t,380,Itália,53406488,11.795,direct
2019,870421,Camiões diesel até 5 t,276,Alemanha,32423047,7.161,direct
2019,870421,Camiões diesel até 5 t,764,Tailândia,28268775,6.243,direct
2019,870421,Camiões diesel até 5 t,710,África do Sul,25218745,5.57,direct
2019,870421,Camiões diesel até 5 t,56,Bélgica,10681592,2.359,direct
2019,870840,Caixas de velocidades e partes,276,Alemanha,264346649,54.427,direct
2019,870840,Caixas de velocidades e partes,251,França,134042905,27.598,direct
2019,870840,Caixas de velocidades e partes,724,Espanha,55755963,11.48,direct
2019,870840,Caixas de velocidades e partes,392,Japão,25366865,5.223,direct
2019,870840,Caixas de velocidades e partes,528,Países Baixos,1151761,0.237,direct
2019,870840,Caixas de velocidades e partes,380,Itália,1129180,0.232,direct
2019,870840,Caixas de velocidades e partes,203,Chéquia,980591,0.202,direct
2019,870840,Caixas de velocidades e partes,152,Chile,928695,0.191,direct
2019,870899,Outras partes de veículos,724,Espanha,759533916,55.087,direct
2019,870899,Outras partes de veículos,276,Alemanha,203884436,14.787,direct
2019,870899,Outras partes de veículos,251,França,147237236,10.679,direct
2019,870899,Outras partes de veículos,380,Itália,42200368,3.061,direct
2019,870899,Outras partes de veículos,392,Japão,34817140,2.525,direct
2019,870899,Outras partes de veículos,826,Reino Unido,30909761,2.242,direct
2019,870899,Outras partes de veículos,56,Bélgica,29377110,2.131,direct
2019,870899,Outras partes de veículos,203,Chéquia,29270953,2.123,direct
2019,880240,Aviões +15.000 kg,251,França,2302994035,79.257,direct
2019,880240,Aviões +15.000 kg,276,Alemanha,442461187,15.227,direct
2019,880240,Aviões +15.000 kg,842,EUA,98483858,3.389,direct
2019,880240,Aviões +15.000 kg,372,Irlanda,61782125,2.126,direct
2019,999999,Mercadorias não especificadas,276,Alemanha,22044565,100.0,direct
2019,100590,Milho,804,Ucrânia,145509755,46.922,mirror
2019,100590,Milho,76,Brasil,111764455,36.04,mirror
2019,100590,Milho,100,Bulgária,23417878,7.551,mirror
2019,100590,Milho,642,Roménia,22511994,7.259,mirror
2019,100590,Milho,724,Espanha,5232542,1.687,mirror
2019,100590,Milho,251,França,1292296,0.417,mirror
2019,100590,Milho,132,Cabo Verde,128927,0.042,mirror
2019,100590,Milho,32,Argentina,119416,0.039,mirror
2019,270900,Petróleo bruto,24,Angola,1100958861,35.422,mirror
2019,270900,Petróleo bruto,643,Rússia,498711205,16.045,mirror
2019,270900,Petróleo bruto,31,Azerbaijan,353196506,11.364,mirror
2019,270900,Petróleo bruto,76,Brasil,264445151,8.508,mirror
2019,270900,Petróleo bruto,398,Cazaquistão,245115893,7.886,mirror
2019,270900,Petróleo bruto,566,Nigéria,204684628,6.585,mirror
2019,270900,Petróleo bruto,579,Noruega,127453787,4.101,mirror
2019,270900,Petróleo bruto,826,Reino Unido,87220315,2.806,mirror
2019,271019,Gasóleo e combustíveis médios e pesados,724,Espanha,389480202,33.762,mirror
2019,271019,Gasóleo e combustíveis médios e pesados,76,Brasil,152726624,13.239,mirror
2019,271019,Gasóleo e combustíveis médios e pesados,528,Países Baixos,97148618,8.421,mirror
2019,271019,Gasóleo e combustíveis médios e pesados,643,Rússia,90551676,7.85,mirror
2019,271019,Gasóleo e combustíveis médios e pesados,752,Suécia,80615657,6.988,mirror
2019,271019,Gasóleo e combustíveis médios e pesados,251,França,68423693,5.931,mirror
2019,271019,Gasóleo e combustíveis médios e pesados,56,Bélgica,65222027,5.654,mirror
2019,271019,Gasóleo e combustíveis médios e pesados,156,China,54158554,4.695,mirror
2019,271111,Gás natural liquefeito (GNL),566,Nigéria,624972961,62.787,mirror
2019,271111,Gás natural liquefeito (GNL),842,EUA,243232786,24.436,mirror
2019,271111,Gás natural liquefeito (GNL),634,Catar,114319639,11.485,mirror
2019,271111,Gás natural liquefeito (GNL),724,Espanha,7611568,0.765,mirror
2019,271111,Gás natural liquefeito (GNL),780,Trinidad and Tobago,5250772,0.528,mirror
2019,271600,Energia elétrica,724,Espanha,536190627,100.0,mirror
2019,300490,Medicamentos,276,Alemanha,305091784,18.257,mirror
2019,300490,Medicamentos,757,Suíça,294273277,17.609,mirror
2019,300490,Medicamentos,724,Espanha,237188686,14.193,mirror
2019,300490,Medicamentos,251,França,156894821,9.389,mirror
2019,300490,Medicamentos,380,Itália,148695988,8.898,mirror
2019,300490,Medicamentos,528,Países Baixos,119146602,7.13,mirror
2019,300490,Medicamentos,56,Bélgica,112252990,6.717,mirror
2019,300490,Medicamentos,372,Irlanda,92529183,5.537,mirror
2019,381512,Catalisadores,276,Alemanha,410755516,64.27,mirror
2019,381512,Catalisadores,826,Reino Unido,104395460,16.335,mirror
2019,381512,Catalisadores,616,Polónia,96369591,15.079,mirror
2019,381512,Catalisadores,380,Itália,15006374,2.348,mirror
2019,381512,Catalisadores,251,França,10365545,1.622,mirror
2019,381512,Catalisadores,710,África do Sul,1027455,0.161,mirror
2019,381512,Catalisadores,203,Chéquia,450238,0.07,mirror
2019,381512,Catalisadores,528,Países Baixos,304959,0.048,mirror
2019,392690,Outros artigos de plástico,724,Espanha,95698077,25.858,mirror
2019,392690,Outros artigos de plástico,276,Alemanha,95656379,25.846,mirror
2019,392690,Outros artigos de plástico,380,Itália,42244773,11.415,mirror
2019,392690,Outros artigos de plástico,251,França,38518127,10.408,mirror
2019,392690,Outros artigos de plástico,156,China,20945404,5.659,mirror
2019,392690,Outros artigos de plástico,528,Países Baixos,10674296,2.884,mirror
2019,392690,Outros artigos de plástico,203,Chéquia,9472865,2.56,mirror
2019,392690,Outros artigos de plástico,826,Reino Unido,7939696,2.145,mirror
2019,720449,Outra sucata ferrosa,826,Reino Unido,36182414,18.828,mirror
2019,720449,Outra sucata ferrosa,724,Espanha,31293917,16.285,mirror
2019,720449,Outra sucata ferrosa,251,França,24800565,12.906,mirror
2019,720449,Outra sucata ferrosa,208,Dinamarca,23130188,12.036,mirror
2019,720449,Outra sucata ferrosa,276,Alemanha,20784455,10.816,mirror
2019,720449,Outra sucata ferrosa,528,Países Baixos,17213192,8.957,mirror
2019,720449,Outra sucata ferrosa,246,Finlândia,13390254,6.968,mirror
2019,720449,Outra sucata ferrosa,372,Irlanda,10682995,5.559,mirror
2019,760120,"Ligas de alumínio, em bruto",724,Espanha,119486628,55.217,mirror
2019,760120,"Ligas de alumínio, em bruto",579,Noruega,73140560,33.8,mirror
2019,760120,"Ligas de alumínio, em bruto",251,França,12713530,5.875,mirror
2019,760120,"Ligas de alumínio, em bruto",528,Países Baixos,4549950,2.103,mirror
2019,760120,"Ligas de alumínio, em bruto",826,Reino Unido,1498513,0.692,mirror
2019,760120,"Ligas de alumínio, em bruto",792,Turquia,1349525,0.624,mirror
2019,760120,"Ligas de alumínio, em bruto",380,Itália,947399,0.438,mirror
2019,760120,"Ligas de alumínio, em bruto",56,Bélgica,940540,0.435,mirror
2019,840820,Motores diesel para veículos,276,Alemanha,218366307,64.159,mirror
2019,840820,Motores diesel para veículos,380,Itália,43783319,12.864,mirror
2019,840820,Motores diesel para veículos,251,França,41541102,12.205,mirror
2019,840820,Motores diesel para veículos,616,Polónia,27610727,8.112,mirror
2019,840820,Motores diesel para veículos,724,Espanha,7380256,2.168,mirror
2019,840820,Motores diesel para veículos,528,Países Baixos,672254,0.198,mirror
2019,840820,Motores diesel para veículos,348,Hungria,517591,0.152,mirror
2019,840820,Motores diesel para veículos,826,Reino Unido,252097,0.074,mirror
2019,847130,Computadores portáteis,724,Espanha,134671836,29.846,mirror
2019,847130,Computadores portáteis,156,China,88992509,19.722,mirror
2019,847130,Computadores portáteis,528,Países Baixos,65105346,14.429,mirror
2019,847130,Computadores portáteis,276,Alemanha,53500077,11.857,mirror
2019,847130,Computadores portáteis,380,Itália,28196180,6.249,mirror
2019,847130,Computadores portáteis,300,Grécia,24032127,5.326,mirror
2019,847130,Computadores portáteis,704,Vietname,23520340,5.213,mirror
2019,847130,Computadores portáteis,203,Chéquia,9735051,2.157,mirror
2019,851712,Telemóveis,724,Espanha,289822242,29.318,mirror
2019,851712,Telemóveis,704,Vietname,190249906,19.246,mirror
2019,851712,Telemóveis,276,Alemanha,159183177,16.103,mirror
2019,851712,Telemóveis,156,China,104701719,10.592,mirror
2019,851712,Telemóveis,344,Hong Kong (RAEHK),91009634,9.207,mirror
2019,851712,Telemóveis,251,França,41894800,4.238,mirror
2019,851712,Telemóveis,380,Itália,24149076,2.443,mirror
2019,851712,Telemóveis,826,Reino Unido,21408101,2.166,mirror
2019,852990,Outras partes de aparelhos de rádio e TV,276,Alemanha,257960088,79.525,mirror
2019,852990,Outras partes de aparelhos de rádio e TV,156,China,17851582,5.503,mirror
2019,852990,Outras partes de aparelhos de rádio e TV,490,Taiwan (Prov. China),17221680,5.309,mirror
2019,852990,Outras partes de aparelhos de rádio e TV,458,Malásia,8394979,2.588,mirror
2019,852990,Outras partes de aparelhos de rádio e TV,724,Espanha,7233965,2.23,mirror
2019,852990,Outras partes de aparelhos de rádio e TV,528,Países Baixos,4829240,1.489,mirror
2019,852990,Outras partes de aparelhos de rádio e TV,344,Hong Kong (RAEHK),2284535,0.704,mirror
2019,852990,Outras partes de aparelhos de rádio e TV,842,EUA,1568424,0.484,mirror
2019,854239,Outros circuitos integrados,490,Taiwan (Prov. China),214387987,55.951,mirror
2019,854239,Outros circuitos integrados,276,Alemanha,104000577,27.142,mirror
2019,854239,Outros circuitos integrados,251,França,26801743,6.995,mirror
2019,854239,Outros circuitos integrados,528,Países Baixos,17074528,4.456,mirror
2019,854239,Outros circuitos integrados,702,Singapura,9671199,2.524,mirror
2019,854239,Outros circuitos integrados,56,Bélgica,2625386,0.685,mirror
2019,854239,Outros circuitos integrados,203,Chéquia,2507415,0.654,mirror
2019,854239,Outros circuitos integrados,608,Filipinas,1632767,0.426,mirror
2019,870322,Automóveis a gasolina 1.000–1.500 cm³,724,Espanha,319700195,39.606,mirror
2019,870322,Automóveis a gasolina 1.000–1.500 cm³,251,França,121238275,15.019,mirror
2019,870322,Automóveis a gasolina 1.000–1.500 cm³,276,Alemanha,78476418,9.722,mirror
2019,870322,Automóveis a gasolina 1.000–1.500 cm³,703,Eslováquia,64112858,7.943,mirror
2019,870322,Automóveis a gasolina 1.000–1.500 cm³,616,Polónia,41508847,5.142,mirror
2019,870322,Automóveis a gasolina 1.000–1.500 cm³,380,Itália,38277201,4.742,mirror
2019,870322,Automóveis a gasolina 1.000–1.500 cm³,528,Países Baixos,26723805,3.311,mirror
2019,870322,Automóveis a gasolina 1.000–1.500 cm³,504,Marrocos,25975016,3.218,mirror
2019,870323,Automóveis a gasolina 1.500–3.000 cm³,276,Alemanha,91744036,26.838,mirror
2019,870323,Automóveis a gasolina 1.500–3.000 cm³,724,Espanha,58762340,17.19,mirror
2019,870323,Automóveis a gasolina 1.500–3.000 cm³,56,Bélgica,48243798,14.113,mirror
2019,870323,Automóveis a gasolina 1.500–3.000 cm³,251,França,44148856,12.915,mirror
2019,870323,Automóveis a gasolina 1.500–3.000 cm³,392,Japão,27020252,7.904,mirror
2019,870323,Automóveis a gasolina 1.500–3.000 cm³,348,Hungria,15553200,4.55,mirror
2019,870323,Automóveis a gasolina 1.500–3.000 cm³,528,Países Baixos,10944622,3.202,mirror
2019,870323,Automóveis a gasolina 1.500–3.000 cm³,826,Reino Unido,9221405,2.698,mirror
2019,870331,Automóveis diesel até 1.500 cm³,276,Alemanha,219826382,28.787,mirror
2019,870331,Automóveis diesel até 1.500 cm³,251,França,215340097,28.199,mirror
2019,870331,Automóveis diesel até 1.500 cm³,792,Turquia,108440339,14.2,mirror
2019,870331,Automóveis diesel até 1.500 cm³,724,Espanha,88656277,11.61,mirror
2019,870331,Automóveis diesel até 1.500 cm³,348,Hungria,36546247,4.786,mirror
2019,870331,Automóveis diesel até 1.500 cm³,56,Bélgica,24775742,3.244,mirror
2019,870331,Automóveis diesel até 1.500 cm³,826,Reino Unido,18360002,2.404,mirror
2019,870331,Automóveis diesel até 1.500 cm³,380,Itália,18162021,2.378,mirror
2019,870332,Automóveis diesel 1.500–2.500 cm³,276,Alemanha,490008553,36.78,mirror
2019,870332,Automóveis diesel 1.500–2.500 cm³,724,Espanha,259845493,19.504,mirror
2019,870332,Automóveis diesel 1.500–2.500 cm³,251,França,166537255,12.5,mirror
2019,870332,Automóveis diesel 1.500–2.500 cm³,348,Hungria,119958020,9.004,mirror
2019,870332,Automóveis diesel 1.500–2.500 cm³,56,Bélgica,93344442,7.006,mirror
2019,870332,Automóveis diesel 1.500–2.500 cm³,380,Itália,35566760,2.67,mirror
2019,870332,Automóveis diesel 1.500–2.500 cm³,752,Suécia,27676290,2.077,mirror
2019,870332,Automóveis diesel 1.500–2.500 cm³,528,Países Baixos,26008577,1.952,mirror
2019,870421,Camiões diesel até 5 t,251,França,107862064,22.063,mirror
2019,870421,Camiões diesel até 5 t,724,Espanha,102779539,21.023,mirror
2019,870421,Camiões diesel até 5 t,276,Alemanha,54430465,11.133,mirror
2019,870421,Camiões diesel até 5 t,380,Itália,52470404,10.733,mirror
2019,870421,Camiões diesel até 5 t,792,Turquia,49528010,10.131,mirror
2019,870421,Camiões diesel até 5 t,392,Japão,37760942,7.724,mirror
2019,870421,Camiões diesel até 5 t,764,Tailândia,28309598,5.791,mirror
2019,870421,Camiões diesel até 5 t,710,África do Sul,26914769,5.505,mirror
2019,870840,Caixas de velocidades e partes,276,Alemanha,246933300,57.702,mirror
2019,870840,Caixas de velocidades e partes,251,França,63057565,14.735,mirror
2019,870840,Caixas de velocidades e partes,724,Espanha,52331742,12.229,mirror
2019,870840,Caixas de velocidades e partes,703,Eslováquia,43330870,10.125,mirror
2019,870840,Caixas de velocidades e partes,392,Japão,13510185,3.157,mirror
2019,870840,Caixas de velocidades e partes,56,Bélgica,2540190,0.594,mirror
2019,870840,Caixas de velocidades e partes,380,Itália,2333494,0.545,mirror
2019,870840,Caixas de velocidades e partes,528,Países Baixos,1153638,0.27,mirror
2019,870899,Outras partes de veículos,724,Espanha,439308000,54.651,mirror
2019,870899,Outras partes de veículos,276,Alemanha,103805025,12.914,mirror
2019,870899,Outras partes de veículos,251,França,80578888,10.024,mirror
2019,870899,Outras partes de veículos,380,Itália,48411480,6.022,mirror
2019,870899,Outras partes de veículos,203,Chéquia,38016137,4.729,mirror
2019,870899,Outras partes de veículos,392,Japão,18277495,2.274,mirror
2019,870899,Outras partes de veículos,156,China,10733271,1.335,mirror
2019,870899,Outras partes de veículos,528,Países Baixos,8482766,1.055,mirror
2019,880240,Aviões +15.000 kg,251,França,2149671298,71.05,mirror
2019,880240,Aviões +15.000 kg,276,Alemanha,642113842,21.223,mirror
2019,880240,Aviões +15.000 kg,702,Singapura,191792762,6.339,mirror
2019,880240,Aviões +15.000 kg,124,Canadá,42003683,1.388,mirror
2019,999999,Mercadorias não especificadas,276,Alemanha,393998304,22.143,mirror
2019,999999,Mercadorias não especificadas,842,EUA,350751225,19.712,mirror
2019,999999,Mercadorias não especificadas,702,Singapura,269182447,15.128,mirror
2019,999999,Mercadorias não especificadas,528,Países Baixos,105501919,5.929,mirror
2019,999999,Mercadorias não especificadas,251,França,100426352,5.644,mirror
2019,999999,Mercadorias não especificadas,380,Itália,80691912,4.535,mirror
2019,999999,Mercadorias não especificadas,724,Espanha,72321141,4.064,mirror
2019,999999,Mercadorias não especificadas,156,China,64001198,3.597,mirror
2020,100590,Milho,804,Ucrânia,138480113,38.774,direct
2020,100590,Milho,76,Brasil,135110582,37.83,direct
2020,100590,Milho,642,Roménia,28479745,7.974,direct
2020,100590,Milho,100,Bulgária,14488711,4.057,direct
2020,100590,Milho,251,França,12260407,3.433,direct
2020,100590,Milho,724,Espanha,10463848,2.93,direct
2020,100590,Milho,688,Sérvia,9895188,2.771,direct
2020,100590,Milho,348,Hungria,4894301,1.37,direct
2020,270900,Petróleo bruto,76,Brasil,1015725897,26.262,direct
2020,270900,Petróleo bruto,566,Nigéria,555892175,14.373,direct
2020,270900,Petróleo bruto,24,Angola,418616836,10.823,direct
2020,270900,Petróleo bruto,226,Guiné Equatorial,381651523,9.868,direct
2020,270900,Petróleo bruto,682,Arábia Saudita,331934553,8.582,direct
2020,270900,Petróleo bruto,31,Azerbaijan,249326981,6.446,direct
2020,270900,Petróleo bruto,12,Argélia,235662942,6.093,direct
2020,270900,Petróleo bruto,842,EUA,234696492,6.068,direct
2020,271019,Gasóleo e combustíveis médios e pesados,724,Espanha,336937087,49.798,direct
2020,271019,Gasóleo e combustíveis médios e pesados,643,Rússia,158372332,23.407,direct
2020,271019,Gasóleo e combustíveis médios e pesados,752,Suécia,53568761,7.917,direct
2020,271019,Gasóleo e combustíveis médios e pesados,56,Bélgica,47052470,6.954,direct
2020,271019,Gasóleo e combustíveis médios e pesados,528,Países Baixos,35974600,5.317,direct
2020,271019,Gasóleo e combustíveis médios e pesados,251,França,11464065,1.694,direct
2020,271019,Gasóleo e combustíveis médios e pesados,826,Reino Unido,10268642,1.518,direct
2020,271019,Gasóleo e combustíveis médios e pesados,276,Alemanha,8722251,1.289,direct
2020,271111,Gás natural liquefeito (GNL),566,Nigéria,667858796,61.767,direct
2020,271111,Gás natural liquefeito (GNL),842,EUA,210748313,19.491,direct
2020,271111,Gás natural liquefeito (GNL),643,Rússia,97095672,8.98,direct
2020,271111,Gás natural liquefeito (GNL),634,Catar,70305375,6.502,direct
2020,271111,Gás natural liquefeito (GNL),12,Argélia,14903184,1.378,direct
2020,271111,Gás natural liquefeito (GNL),226,Guiné Equatorial,6695797,0.619,direct
2020,271111,Gás natural liquefeito (GNL),24,Angola,5750080,0.532,direct
2020,271111,Gás natural liquefeito (GNL),724,Espanha,5477853,0.507,direct
2020,271121,Gás natural em estado gasoso,724,Espanha,112879236,99.989,direct
2020,271121,Gás natural em estado gasoso,233,Estónia,12970,0.011,direct
2020,271600,Energia elétrica,724,Espanha,236083703,100.0,direct
2020,300490,Medicamentos,276,Alemanha,450752798,21.896,direct
2020,300490,Medicamentos,724,Espanha,283089988,13.752,direct
2020,300490,Medicamentos,528,Países Baixos,275405662,13.378,direct
2020,300490,Medicamentos,251,França,167511923,8.137,direct
2020,300490,Medicamentos,380,Itália,139138248,6.759,direct
2020,300490,Medicamentos,56,Bélgica,132489723,6.436,direct
2020,300490,Medicamentos,372,Irlanda,129640689,6.298,direct
2020,300490,Medicamentos,757,Suíça,109084699,5.299,direct
2020,381512,Catalisadores,276,Alemanha,521304478,60.051,direct
2020,381512,Catalisadores,826,Reino Unido,217121898,25.011,direct
2020,381512,Catalisadores,616,Polónia,112924423,13.008,direct
2020,381512,Catalisadores,380,Itália,11047924,1.273,direct
2020,381512,Catalisadores,642,Roménia,4626852,0.533,direct
2020,381512,Catalisadores,233,Estónia,705404,0.081,direct
2020,381512,Catalisadores,724,Espanha,223545,0.026,direct
2020,381512,Catalisadores,752,Suécia,79947,0.009,direct
2020,392690,Outros artigos de plástico,724,Espanha,106934154,28.989,direct
2020,392690,Outros artigos de plástico,276,Alemanha,96488897,26.158,direct
2020,392690,Outros artigos de plástico,380,Itália,32004295,8.676,direct
2020,392690,Outros artigos de plástico,156,China,29798570,8.078,direct
2020,392690,Outros artigos de plástico,251,França,28284731,7.668,direct
2020,392690,Outros artigos de plástico,528,Países Baixos,12888103,3.494,direct
2020,392690,Outros artigos de plástico,616,Polónia,7840229,2.125,direct
2020,392690,Outros artigos de plástico,826,Reino Unido,7351742,1.993,direct
2020,720449,Outra sucata ferrosa,724,Espanha,92302290,27.908,direct
2020,720449,Outra sucata ferrosa,826,Reino Unido,73884715,22.339,direct
2020,720449,Outra sucata ferrosa,251,França,56635532,17.124,direct
2020,720449,Outra sucata ferrosa,372,Irlanda,26378520,7.976,direct
2020,720449,Outra sucata ferrosa,528,Países Baixos,25590289,7.737,direct
2020,720449,Outra sucata ferrosa,276,Alemanha,20954617,6.336,direct
2020,720449,Outra sucata ferrosa,752,Suécia,10406357,3.146,direct
2020,720449,Outra sucata ferrosa,246,Finlândia,8624972,2.608,direct
2020,760120,"Ligas de alumínio, em bruto",724,Espanha,195602894,88.688,direct
2020,760120,"Ligas de alumínio, em bruto",528,Países Baixos,12384107,5.615,direct
2020,760120,"Ligas de alumínio, em bruto",251,França,8757779,3.971,direct
2020,760120,"Ligas de alumínio, em bruto",826,Reino Unido,1383620,0.627,direct
2020,760120,"Ligas de alumínio, em bruto",246,Finlândia,755912,0.343,direct
2020,760120,"Ligas de alumínio, em bruto",752,Suécia,407894,0.185,direct
2020,760120,"Ligas de alumínio, em bruto",380,Itália,400522,0.182,direct
2020,760120,"Ligas de alumínio, em bruto",276,Alemanha,382181,0.173,direct
2020,840820,Motores diesel para veículos,251,França,91357583,31.252,direct
2020,840820,Motores diesel para veículos,616,Polónia,72997819,24.971,direct
2020,840820,Motores diesel para veículos,276,Alemanha,70810131,24.223,direct
2020,840820,Motores diesel para veículos,380,Itália,29496506,10.09,direct
2020,840820,Motores diesel para veículos,348,Hungria,11397251,3.899,direct
2020,840820,Motores diesel para veículos,724,Espanha,9325103,3.19,direct
2020,840820,Motores diesel para veículos,392,Japão,6481945,2.217,direct
2020,840820,Motores diesel para veículos,56,Bélgica,257017,0.088,direct
2020,847130,Computadores portáteis,528,Países Baixos,198356564,35.585,direct
2020,847130,Computadores portáteis,724,Espanha,171802270,30.821,direct
2020,847130,Computadores portáteis,276,Alemanha,73399370,13.168,direct
2020,847130,Computadores portáteis,156,China,30936069,5.55,direct
2020,847130,Computadores portáteis,704,Vietname,27093433,4.861,direct
2020,847130,Computadores portáteis,300,Grécia,10338096,1.855,direct
2020,847130,Computadores portáteis,826,Reino Unido,9228439,1.656,direct
2020,847130,Computadores portáteis,380,Itália,8849028,1.588,direct
2020,851712,Telemóveis,724,Espanha,283775836,40.279,direct
2020,851712,Telemóveis,704,Vietname,142016954,20.158,direct
2020,851712,Telemóveis,372,Irlanda,45008227,6.388,direct
2020,851712,Telemóveis,251,França,43072605,6.114,direct
2020,851712,Telemóveis,528,Países Baixos,40541699,5.754,direct
2020,851712,Telemóveis,156,China,36242158,5.144,direct
2020,851712,Telemóveis,344,Hong Kong (RAEHK),32441807,4.605,direct
2020,851712,Telemóveis,380,Itália,31412281,4.459,direct
2020,852990,Outras partes de aparelhos de rádio e TV,276,Alemanha,288769321,54.722,direct
2020,852990,Outras partes de aparelhos de rádio e TV,156,China,106907781,20.259,direct
2020,852990,Outras partes de aparelhos de rádio e TV,724,Espanha,41838746,7.928,direct
2020,852990,Outras partes de aparelhos de rádio e TV,490,Taiwan (Prov. China),22925977,4.344,direct
2020,852990,Outras partes de aparelhos de rádio e TV,528,Países Baixos,11559574,2.191,direct
2020,852990,Outras partes de aparelhos de rádio e TV,251,França,11159146,2.115,direct
2020,852990,Outras partes de aparelhos de rádio e TV,56,Bélgica,7710384,1.461,direct
2020,852990,Outras partes de aparelhos de rádio e TV,826,Reino Unido,6294252,1.193,direct
2020,854239,Outros circuitos integrados,490,Taiwan (Prov. China),160380025,32.897,direct
2020,854239,Outros circuitos integrados,276,Alemanha,134542193,27.597,direct
2020,854239,Outros circuitos integrados,528,Países Baixos,70715423,14.505,direct
2020,854239,Outros circuitos integrados,156,China,27668045,5.675,direct
2020,854239,Outros circuitos integrados,251,França,26449278,5.425,direct
2020,854239,Outros circuitos integrados,372,Irlanda,18440764,3.783,direct
2020,854239,Outros circuitos integrados,826,Reino Unido,11726292,2.405,direct
2020,854239,Outros circuitos integrados,702,Singapura,8977176,1.841,direct
2020,870322,Automóveis a gasolina 1.000–1.500 cm³,724,Espanha,161379276,33.807,direct
2020,870322,Automóveis a gasolina 1.000–1.500 cm³,276,Alemanha,116704798,24.448,direct
2020,870322,Automóveis a gasolina 1.000–1.500 cm³,703,Eslováquia,47712577,9.995,direct
2020,870322,Automóveis a gasolina 1.000–1.500 cm³,616,Polónia,28440403,5.958,direct
2020,870322,Automóveis a gasolina 1.000–1.500 cm³,251,França,27822394,5.828,direct
2020,870322,Automóveis a gasolina 1.000–1.500 cm³,348,Hungria,16732980,3.505,direct
2020,870322,Automóveis a gasolina 1.000–1.500 cm³,380,Itália,13464308,2.821,direct
2020,870322,Automóveis a gasolina 1.000–1.500 cm³,504,Marrocos,13419432,2.811,direct
2020,870323,Automóveis a gasolina 1.500–3.000 cm³,251,França,141561564,29.698,direct
2020,870323,Automóveis a gasolina 1.500–3.000 cm³,276,Alemanha,112159454,23.53,direct
2020,870323,Automóveis a gasolina 1.500–3.000 cm³,56,Bélgica,80536326,16.895,direct
2020,870323,Automóveis a gasolina 1.500–3.000 cm³,724,Espanha,75829981,15.908,direct
2020,870323,Automóveis a gasolina 1.500–3.000 cm³,528,Países Baixos,27274714,5.722,direct
2020,870323,Automóveis a gasolina 1.500–3.000 cm³,826,Reino Unido,17537548,3.679,direct
2020,870323,Automóveis a gasolina 1.500–3.000 cm³,703,Eslováquia,8043496,1.687,direct
2020,870323,Automóveis a gasolina 1.500–3.000 cm³,348,Hungria,3850043,0.808,direct
2020,870331,Automóveis diesel até 1.500 cm³,724,Espanha,204364317,29.54,direct
2020,870331,Automóveis diesel até 1.500 cm³,251,França,203825865,29.462,direct
2020,870331,Automóveis diesel até 1.500 cm³,276,Alemanha,142433958,20.588,direct
2020,870331,Automóveis diesel até 1.500 cm³,348,Hungria,70386627,10.174,direct
2020,870331,Automóveis diesel até 1.500 cm³,792,Turquia,31406649,4.54,direct
2020,870331,Automóveis diesel até 1.500 cm³,56,Bélgica,17167746,2.481,direct
2020,870331,Automóveis diesel até 1.500 cm³,504,Marrocos,8499357,1.229,direct
2020,870331,Automóveis diesel até 1.500 cm³,826,Reino Unido,4763291,0.689,direct
2020,870332,Automóveis diesel 1.500–2.500 cm³,276,Alemanha,373049363,48.061,direct
2020,870332,Automóveis diesel 1.500–2.500 cm³,251,França,170796922,22.004,direct
2020,870332,Automóveis diesel 1.500–2.500 cm³,724,Espanha,70480063,9.08,direct
2020,870332,Automóveis diesel 1.500–2.500 cm³,56,Bélgica,64102809,8.259,direct
2020,870332,Automóveis diesel 1.500–2.500 cm³,203,Chéquia,20390057,2.627,direct
2020,870332,Automóveis diesel 1.500–2.500 cm³,348,Hungria,17148951,2.209,direct
2020,870332,Automóveis diesel 1.500–2.500 cm³,752,Suécia,16550635,2.132,direct
2020,870332,Automóveis diesel 1.500–2.500 cm³,703,Eslováquia,10931152,1.408,direct
2020,870421,Camiões diesel até 5 t,724,Espanha,105749400,28.803,direct
2020,870421,Camiões diesel até 5 t,251,França,78292316,21.324,direct
2020,870421,Camiões diesel até 5 t,380,Itália,42526703,11.583,direct
2020,870421,Camiões diesel até 5 t,792,Turquia,35647487,9.709,direct
2020,870421,Camiões diesel até 5 t,276,Alemanha,24470473,6.665,direct
2020,870421,Camiões diesel até 5 t,56,Bélgica,23267265,6.337,direct
2020,870421,Camiões diesel até 5 t,710,África do Sul,19509449,5.314,direct
2020,870421,Camiões diesel até 5 t,764,Tailândia,13252446,3.61,direct
2020,870840,Caixas de velocidades e partes,276,Alemanha,188102737,55.451,direct
2020,870840,Caixas de velocidades e partes,251,França,65640428,19.35,direct
2020,870840,Caixas de velocidades e partes,724,Espanha,44358475,13.077,direct
2020,870840,Caixas de velocidades e partes,703,Eslováquia,15026665,4.43,direct
2020,870840,Caixas de velocidades e partes,392,Japão,12811798,3.777,direct
2020,870840,Caixas de velocidades e partes,32,Argentina,9584196,2.825,direct
2020,870840,Caixas de velocidades e partes,380,Itália,2112801,0.623,direct
2020,870840,Caixas de velocidades e partes,56,Bélgica,631872,0.186,direct
2020,870899,Outras partes de veículos,724,Espanha,680631484,53.046,direct
2020,870899,Outras partes de veículos,276,Alemanha,230295858,17.948,direct
2020,870899,Outras partes de veículos,251,França,131464070,10.246,direct
2020,870899,Outras partes de veículos,380,Itália,41698650,3.25,direct
2020,870899,Outras partes de veículos,56,Bélgica,41324735,3.221,direct
2020,870899,Outras partes de veículos,826,Reino Unido,33597494,2.618,direct
2020,870899,Outras partes de veículos,203,Chéquia,23543953,1.835,direct
2020,870899,Outras partes de veículos,392,Japão,21768112,1.697,direct
2020,880240,Aviões +15.000 kg,251,França,443032780,52.117,direct
2020,880240,Aviões +15.000 kg,276,Alemanha,307759703,36.204,direct
2020,880240,Aviões +15.000 kg,842,EUA,99281609,11.679,direct
2020,999999,Mercadorias não especificadas,208,Dinamarca,69471851,100.0,direct
2020,100590,Milho,804,Ucrânia,128840202,38.834,mirror
2020,100590,Milho,76,Brasil,124170520,37.426,mirror
2020,100590,Milho,642,Roménia,31971470,9.636,mirror
2020,100590,Milho,724,Espanha,21864726,6.59,mirror
2020,100590,Milho,100,Bulgária,11871083,3.578,mirror
2020,100590,Milho,124,Canadá,5081071,1.531,mirror
2020,100590,Milho,251,França,3532138,1.065,mirror
2020,100590,Milho,428,Letónia,2545133,0.767,mirror
2020,270900,Petróleo bruto,76,Brasil,911467287,33.544,mirror
2020,270900,Petróleo bruto,566,Nigéria,679304862,25.0,mirror
2020,270900,Petróleo bruto,24,Angola,265939670,9.787,mirror
2020,270900,Petróleo bruto,842,EUA,262424395,9.658,mirror
2020,270900,Petróleo bruto,31,Azerbaijan,239730490,8.823,mirror
2020,270900,Petróleo bruto,826,Reino Unido,230100391,8.468,mirror
2020,270900,Petróleo bruto,178,Congo,73473818,2.704,mirror
2020,270900,Petróleo bruto,724,Espanha,25099807,0.924,mirror
2020,271019,Gasóleo e combustíveis médios e pesados,724,Espanha,251621632,43.743,mirror
2020,271019,Gasóleo e combustíveis médios e pesados,156,China,67872547,11.799,mirror
2020,271019,Gasóleo e combustíveis médios e pesados,76,Brasil,67612050,11.754,mirror
2020,271019,Gasóleo e combustíveis médios e pesados,380,Itália,37089486,6.448,mirror
2020,271019,Gasóleo e combustíveis médios e pesados,752,Suécia,33575424,5.837,mirror
2020,271019,Gasóleo e combustíveis médios e pesados,300,Grécia,20496408,3.563,mirror
2020,271019,Gasóleo e combustíveis médios e pesados,643,Rússia,17214191,2.993,mirror
2020,271019,Gasóleo e combustíveis médios e pesados,251,França,17129250,2.978,mirror
2020,271111,Gás natural liquefeito (GNL),566,Nigéria,607685718,69.622,mirror
2020,271111,Gás natural liquefeito (GNL),842,EUA,167548109,19.196,mirror
2020,271111,Gás natural liquefeito (GNL),643,Rússia,79184111,9.072,mirror
2020,271111,Gás natural liquefeito (GNL),579,Noruega,6982468,0.8,mirror
2020,271111,Gás natural liquefeito (GNL),724,Espanha,5833308,0.668,mirror
2020,271111,Gás natural liquefeito (GNL),24,Angola,5600033,0.642,mirror
2020,271600,Energia elétrica,724,Espanha,330769525,100.0,mirror
2020,300490,Medicamentos,276,Alemanha,347434163,18.946,mirror
2020,300490,Medicamentos,757,Suíça,302000982,16.468,mirror
2020,300490,Medicamentos,724,Espanha,254524583,13.879,mirror
2020,300490,Medicamentos,251,França,175119858,9.549,mirror
2020,300490,Medicamentos,380,Itália,162197613,8.845,mirror
2020,300490,Medicamentos,528,Países Baixos,139127090,7.587,mirror
2020,300490,Medicamentos,372,Irlanda,111489905,6.08,mirror
2020,300490,Medicamentos,56,Bélgica,105575202,5.757,mirror
2020,381512,Catalisadores,276,Alemanha,367579562,45.595,mirror
2020,381512,Catalisadores,616,Polónia,251107597,31.148,mirror
2020,381512,Catalisadores,826,Reino Unido,148355024,18.402,mirror
2020,381512,Catalisadores,380,Itália,22126946,2.745,mirror
2020,381512,Catalisadores,251,França,11083031,1.375,mirror
2020,381512,Catalisadores,642,Roménia,4622853,0.573,mirror
2020,381512,Catalisadores,710,África do Sul,662495,0.082,mirror
2020,381512,Catalisadores,76,Brasil,335147,0.042,mirror
2020,392690,Outros artigos de plástico,276,Alemanha,95108206,26.42,mirror
2020,392690,Outros artigos de plástico,724,Espanha,93276646,25.911,mirror
2020,392690,Outros artigos de plástico,380,Itália,38975593,10.827,mirror
2020,392690,Outros artigos de plástico,251,França,35893387,9.971,mirror
2020,392690,Outros artigos de plástico,156,China,29862748,8.296,mirror
2020,392690,Outros artigos de plástico,528,Países Baixos,8313059,2.309,mirror
2020,392690,Outros artigos de plástico,203,Chéquia,6035228,1.677,mirror
2020,392690,Outros artigos de plástico,826,Reino Unido,5595985,1.554,mirror
2020,720449,Outra sucata ferrosa,251,França,53392625,24.614,mirror
2020,720449,Outra sucata ferrosa,826,Reino Unido,42252885,19.479,mirror
2020,720449,Outra sucata ferrosa,724,Espanha,39234887,18.087,mirror
2020,720449,Outra sucata ferrosa,276,Alemanha,29197343,13.46,mirror
2020,720449,Outra sucata ferrosa,528,Países Baixos,14059120,6.481,mirror
2020,720449,Outra sucata ferrosa,208,Dinamarca,11964443,5.516,mirror
2020,720449,Outra sucata ferrosa,579,Noruega,8277316,3.816,mirror
2020,720449,Outra sucata ferrosa,246,Finlândia,7483059,3.45,mirror
2020,760120,"Ligas de alumínio, em bruto",724,Espanha,112515244,60.049,mirror
2020,760120,"Ligas de alumínio, em bruto",579,Noruega,64657674,34.508,mirror
2020,760120,"Ligas de alumínio, em bruto",251,França,5443699,2.905,mirror
2020,760120,"Ligas de alumínio, em bruto",528,Países Baixos,1376183,0.734,mirror
2020,760120,"Ligas de alumínio, em bruto",380,Itália,1102773,0.589,mirror
2020,760120,"Ligas de alumínio, em bruto",246,Finlândia,876041,0.468,mirror
2020,760120,"Ligas de alumínio, em bruto",276,Alemanha,626686,0.334,mirror
2020,760120,"Ligas de alumínio, em bruto",826,Reino Unido,392689,0.21,mirror
2020,840820,Motores diesel para veículos,616,Polónia,71695131,33.155,mirror
2020,840820,Motores diesel para veículos,276,Alemanha,64786032,29.96,mirror
2020,840820,Motores diesel para veículos,380,Itália,30303161,14.014,mirror
2020,840820,Motores diesel para veículos,251,França,29839883,13.799,mirror
2020,840820,Motores diesel para veículos,348,Hungria,11232761,5.195,mirror
2020,840820,Motores diesel para veículos,724,Espanha,6801213,3.145,mirror
2020,840820,Motores diesel para veículos,528,Países Baixos,916984,0.424,mirror
2020,840820,Motores diesel para veículos,826,Reino Unido,456566,0.211,mirror
2020,847130,Computadores portáteis,724,Espanha,148867025,28.432,mirror
2020,847130,Computadores portáteis,156,China,104605937,19.979,mirror
2020,847130,Computadores portáteis,276,Alemanha,84810323,16.198,mirror
2020,847130,Computadores portáteis,528,Países Baixos,64215572,12.265,mirror
2020,847130,Computadores portáteis,704,Vietname,30161034,5.761,mirror
2020,847130,Computadores portáteis,380,Itália,28528022,5.449,mirror
2020,847130,Computadores portáteis,344,Hong Kong (RAEHK),24024981,4.589,mirror
2020,847130,Computadores portáteis,300,Grécia,9515594,1.817,mirror
2020,851712,Telemóveis,724,Espanha,249288511,29.039,mirror
2020,851712,Telemóveis,704,Vietname,168204114,19.594,mirror
2020,851712,Telemóveis,156,China,96703435,11.265,mirror
2020,851712,Telemóveis,344,Hong Kong (RAEHK),96336009,11.222,mirror
2020,851712,Telemóveis,276,Alemanha,58202061,6.78,mirror
2020,851712,Telemóveis,380,Itália,46684674,5.438,mirror
2020,851712,Telemóveis,251,França,46044936,5.364,mirror
2020,851712,Telemóveis,826,Reino Unido,33330032,3.883,mirror
2020,852990,Outras partes de aparelhos de rádio e TV,276,Alemanha,150680188,66.031,mirror
2020,852990,Outras partes de aparelhos de rádio e TV,490,Taiwan (Prov. China),20221196,8.861,mirror
2020,852990,Outras partes de aparelhos de rádio e TV,156,China,17285412,7.575,mirror
2020,852990,Outras partes de aparelhos de rádio e TV,616,Polónia,12330598,5.404,mirror
2020,852990,Outras partes de aparelhos de rádio e TV,528,Países Baixos,5453646,2.39,mirror
2020,852990,Outras partes de aparelhos de rádio e TV,724,Espanha,5115056,2.242,mirror
2020,852990,Outras partes de aparelhos de rádio e TV,458,Malásia,4773113,2.092,mirror
2020,852990,Outras partes de aparelhos de rádio e TV,344,Hong Kong (RAEHK),2790336,1.223,mirror
2020,854239,Outros circuitos integrados,490,Taiwan (Prov. China),214858474,57.086,mirror
2020,854239,Outros circuitos integrados,276,Alemanha,97700130,25.958,mirror
2020,854239,Outros circuitos integrados,251,França,24277718,6.45,mirror
2020,854239,Outros circuitos integrados,528,Países Baixos,15753626,4.186,mirror
2020,854239,Outros circuitos integrados,203,Chéquia,4514828,1.2,mirror
2020,854239,Outros circuitos integrados,458,Malásia,4420438,1.174,mirror
2020,854239,Outros circuitos integrados,56,Bélgica,4073376,1.082,mirror
2020,854239,Outros circuitos integrados,702,Singapura,2658091,0.706,mirror
2020,870322,Automóveis a gasolina 1.000–1.500 cm³,724,Espanha,190663544,41.909,mirror
2020,870322,Automóveis a gasolina 1.000–1.500 cm³,276,Alemanha,67897543,14.924,mirror
2020,870322,Automóveis a gasolina 1.000–1.500 cm³,703,Eslováquia,50672329,11.138,mirror
2020,870322,Automóveis a gasolina 1.000–1.500 cm³,380,Itália,22520876,4.95,mirror
2020,870322,Automóveis a gasolina 1.000–1.500 cm³,504,Marrocos,20347543,4.472,mirror
2020,870322,Automóveis a gasolina 1.000–1.500 cm³,616,Polónia,19762926,4.344,mirror
2020,870322,Automóveis a gasolina 1.000–1.500 cm³,251,França,17354220,3.815,mirror
2020,870322,Automóveis a gasolina 1.000–1.500 cm³,764,Tailândia,12505318,2.749,mirror
2020,870323,Automóveis a gasolina 1.500–3.000 cm³,56,Bélgica,79162443,25.062,mirror
2020,870323,Automóveis a gasolina 1.500–3.000 cm³,251,França,68540978,21.699,mirror
2020,870323,Automóveis a gasolina 1.500–3.000 cm³,276,Alemanha,67112539,21.247,mirror
2020,870323,Automóveis a gasolina 1.500–3.000 cm³,724,Espanha,40959950,12.967,mirror
2020,870323,Automóveis a gasolina 1.500–3.000 cm³,484,México,9300190,2.944,mirror
2020,870323,Automóveis a gasolina 1.500–3.000 cm³,348,Hungria,9085038,2.876,mirror
2020,870323,Automóveis a gasolina 1.500–3.000 cm³,528,Países Baixos,7924134,2.509,mirror
2020,870323,Automóveis a gasolina 1.500–3.000 cm³,826,Reino Unido,6516484,2.063,mirror
2020,870331,Automóveis diesel até 1.500 cm³,276,Alemanha,156871144,33.078,mirror
2020,870331,Automóveis diesel até 1.500 cm³,251,França,121248591,25.567,mirror
2020,870331,Automóveis diesel até 1.500 cm³,724,Espanha,73997809,15.603,mirror
2020,870331,Automóveis diesel até 1.500 cm³,792,Turquia,51928042,10.95,mirror
2020,870331,Automóveis diesel até 1.500 cm³,348,Hungria,18333434,3.866,mirror
2020,870331,Automóveis diesel até 1.500 cm³,56,Bélgica,14420021,3.041,mirror
2020,870331,Automóveis diesel até 1.500 cm³,504,Marrocos,8718094,1.838,mirror
2020,870331,Automóveis diesel até 1.500 cm³,826,Reino Unido,8312578,1.753,mirror
2020,870332,Automóveis diesel 1.500–2.500 cm³,276,Alemanha,235438714,32.476,mirror
2020,870332,Automóveis diesel 1.500–2.500 cm³,724,Espanha,144112245,19.879,mirror
2020,870332,Automóveis diesel 1.500–2.500 cm³,251,França,97860851,13.499,mirror
2020,870332,Automóveis diesel 1.500–2.500 cm³,56,Bélgica,71650580,9.883,mirror
2020,870332,Automóveis diesel 1.500–2.500 cm³,348,Hungria,63801967,8.801,mirror
2020,870332,Automóveis diesel 1.500–2.500 cm³,380,Itália,19210640,2.65,mirror
2020,870332,Automóveis diesel 1.500–2.500 cm³,528,Países Baixos,17849597,2.462,mirror
2020,870332,Automóveis diesel 1.500–2.500 cm³,752,Suécia,15742253,2.171,mirror
2020,870421,Camiões diesel até 5 t,724,Espanha,86273101,24.602,mirror
2020,870421,Camiões diesel até 5 t,251,França,68829840,19.628,mirror
2020,870421,Camiões diesel até 5 t,276,Alemanha,46263868,13.193,mirror
2020,870421,Camiões diesel até 5 t,380,Itália,40382195,11.516,mirror
2020,870421,Camiões diesel até 5 t,792,Turquia,28562763,8.145,mirror
2020,870421,Camiões diesel até 5 t,392,Japão,23726650,6.766,mirror
2020,870421,Camiões diesel até 5 t,616,Polónia,18028920,5.141,mirror
2020,870421,Camiões diesel até 5 t,710,África do Sul,16947765,4.833,mirror
2020,870840,Caixas de velocidades e partes,276,Alemanha,185524584,58.047,mirror
2020,870840,Caixas de velocidades e partes,251,França,51293771,16.049,mirror
2020,870840,Caixas de velocidades e partes,724,Espanha,35927355,11.241,mirror
2020,870840,Caixas de velocidades e partes,703,Eslováquia,19973376,6.249,mirror
2020,870840,Caixas de velocidades e partes,56,Bélgica,13852517,4.334,mirror
2020,870840,Caixas de velocidades e partes,392,Japão,8533048,2.67,mirror
2020,870840,Caixas de velocidades e partes,380,Itália,1966876,0.615,mirror
2020,870840,Caixas de velocidades e partes,528,Países Baixos,941372,0.295,mirror
2020,870899,Outras partes de veículos,724,Espanha,344615062,56.46,mirror
2020,870899,Outras partes de veículos,276,Alemanha,60674937,9.941,mirror
2020,870899,Outras partes de veículos,251,França,59386163,9.73,mirror
2020,870899,Outras partes de veículos,380,Itália,42300339,6.93,mirror
2020,870899,Outras partes de veículos,203,Chéquia,27748844,4.546,mirror
2020,870899,Outras partes de veículos,392,Japão,12264564,2.009,mirror
2020,870899,Outras partes de veículos,156,China,9903821,1.623,mirror
2020,870899,Outras partes de veículos,528,Países Baixos,8400959,1.376,mirror
2020,880240,Aviões +15.000 kg,251,França,415538711,49.005,mirror
2020,880240,Aviões +15.000 kg,276,Alemanha,342527207,40.395,mirror
2020,880240,Aviões +15.000 kg,702,Singapura,89882886,10.6,mirror
2020,999999,Mercadorias não especificadas,276,Alemanha,323984857,21.06,mirror
2020,999999,Mercadorias não especificadas,702,Singapura,225217477,14.64,mirror
2020,999999,Mercadorias não especificadas,842,EUA,225086163,14.632,mirror
2020,999999,Mercadorias não especificadas,724,Espanha,126326266,8.212,mirror
2020,999999,Mercadorias não especificadas,528,Países Baixos,98893182,6.428,mirror
2020,999999,Mercadorias não especificadas,251,França,78880453,5.128,mirror
2020,999999,Mercadorias não especificadas,156,China,74132831,4.819,mirror
2020,999999,Mercadorias não especificadas,634,Catar,63420980,4.123,mirror
2021,100590,Milho,804,Ucrânia,179414169,36.774,direct
2021,100590,Milho,76,Brasil,135998595,27.875,direct
2021,100590,Milho,642,Roménia,68630962,14.067,direct
2021,100590,Milho,124,Canadá,38167229,7.823,direct
2021,100590,Milho,688,Sérvia,25436891,5.214,direct
2021,100590,Milho,251,França,20200392,4.14,direct
2021,100590,Milho,724,Espanha,8169461,1.674,direct
2021,100590,Milho,100,Bulgária,6585555,1.35,direct
2021,270900,Petróleo bruto,76,Brasil,1848596334,38.65,direct
2021,270900,Petróleo bruto,566,Nigéria,1053289348,22.022,direct
2021,270900,Petróleo bruto,31,Azerbaijan,629003666,13.151,direct
2021,270900,Petróleo bruto,842,EUA,504361072,10.545,direct
2021,270900,Petróleo bruto,12,Argélia,134827394,2.819,direct
2021,270900,Petróleo bruto,180,RD Congo,128690709,2.691,direct
2021,270900,Petróleo bruto,226,Guiné Equatorial,127158488,2.659,direct
2021,270900,Petróleo bruto,826,Reino Unido,123334622,2.579,direct
2021,271019,Gasóleo e combustíveis médios e pesados,724,Espanha,607961547,31.782,direct
2021,271019,Gasóleo e combustíveis médios e pesados,643,Rússia,402910772,21.063,direct
2021,271019,Gasóleo e combustíveis médios e pesados,528,Países Baixos,191845077,10.029,direct
2021,271019,Gasóleo e combustíveis médios e pesados,784,Emirados Árabes Unidos,152288286,7.961,direct
2021,271019,Gasóleo e combustíveis médios e pesados,56,Bélgica,135914143,7.105,direct
2021,271019,Gasóleo e combustíveis médios e pesados,699,Índia,103972125,5.435,direct
2021,271019,Gasóleo e combustíveis médios e pesados,380,Itália,63956834,3.343,direct
2021,271019,Gasóleo e combustíveis médios e pesados,842,EUA,46598549,2.436,direct
2021,271111,Gás natural liquefeito (GNL),842,EUA,709553432,42.078,direct
2021,271111,Gás natural liquefeito (GNL),566,Nigéria,618847041,36.699,direct
2021,271111,Gás natural liquefeito (GNL),643,Rússia,280939351,16.66,direct
2021,271111,Gás natural liquefeito (GNL),634,Catar,51215637,3.037,direct
2021,271111,Gás natural liquefeito (GNL),780,Trinidad and Tobago,19373795,1.149,direct
2021,271111,Gás natural liquefeito (GNL),724,Espanha,6338704,0.376,direct
2021,271121,Gás natural em estado gasoso,724,Espanha,167796008,100.0,direct
2021,271600,Energia elétrica,724,Espanha,1287525357,100.0,direct
2021,300490,Medicamentos,276,Alemanha,510935621,25.393,direct
2021,300490,Medicamentos,724,Espanha,268547886,13.347,direct
2021,300490,Medicamentos,528,Países Baixos,250975481,12.473,direct
2021,300490,Medicamentos,251,França,178575685,8.875,direct
2021,300490,Medicamentos,56,Bélgica,171798587,8.538,direct
2021,300490,Medicamentos,380,Itália,149381015,7.424,direct
2021,300490,Medicamentos,757,Suíça,112130568,5.573,direct
2021,300490,Medicamentos,372,Irlanda,112047296,5.569,direct
2021,381512,Catalisadores,276,Alemanha,705769559,63.477,direct
2021,381512,Catalisadores,616,Polónia,399761548,35.955,direct
2021,381512,Catalisadores,380,Itália,3861738,0.347,direct
2021,381512,Catalisadores,826,Reino Unido,1297639,0.117,direct
2021,381512,Catalisadores,642,Roménia,694865,0.062,direct
2021,381512,Catalisadores,842,EUA,154108,0.014,direct
2021,381512,Catalisadores,724,Espanha,150525,0.014,direct
2021,381512,Catalisadores,392,Japão,101790,0.009,direct
2021,392690,Outros artigos de plástico,724,Espanha,118445496,26.185,direct
2021,392690,Outros artigos de plástico,276,Alemanha,112399420,24.848,direct
2021,392690,Outros artigos de plástico,156,China,42527896,9.402,direct
2021,392690,Outros artigos de plástico,380,Itália,38405185,8.49,direct
2021,392690,Outros artigos de plástico,251,França,35849358,7.925,direct
2021,392690,Outros artigos de plástico,528,Países Baixos,19483034,4.307,direct
2021,392690,Outros artigos de plástico,616,Polónia,10090409,2.231,direct
2021,392690,Outros artigos de plástico,705,Eslovénia,7956483,1.759,direct
2021,720449,Outra sucata ferrosa,724,Espanha,178009375,42.796,direct
2021,720449,Outra sucata ferrosa,251,França,87111810,20.943,direct
2021,720449,Outra sucata ferrosa,826,Reino Unido,66192784,15.914,direct
2021,720449,Outra sucata ferrosa,372,Irlanda,54146805,13.018,direct
2021,720449,Outra sucata ferrosa,862,Venezuela,6211369,1.493,direct
2021,720449,Outra sucata ferrosa,752,Suécia,5557367,1.336,direct
2021,720449,Outra sucata ferrosa,616,Polónia,5225219,1.256,direct
2021,720449,Outra sucata ferrosa,276,Alemanha,4921064,1.183,direct
2021,760120,"Ligas de alumínio, em bruto",724,Espanha,321349071,85.086,direct
2021,760120,"Ligas de alumínio, em bruto",251,França,27863793,7.378,direct
2021,760120,"Ligas de alumínio, em bruto",528,Países Baixos,16060231,4.252,direct
2021,760120,"Ligas de alumínio, em bruto",818,Egito,4582577,1.213,direct
2021,760120,"Ligas de alumínio, em bruto",380,Itália,3270816,0.866,direct
2021,760120,"Ligas de alumínio, em bruto",276,Alemanha,1827147,0.484,direct
2021,760120,"Ligas de alumínio, em bruto",246,Finlândia,1007497,0.267,direct
2021,760120,"Ligas de alumínio, em bruto",156,China,857523,0.227,direct
2021,840820,Motores diesel para veículos,616,Polónia,120287287,41.807,direct
2021,840820,Motores diesel para veículos,251,França,103116776,35.839,direct
2021,840820,Motores diesel para veículos,380,Itália,47951477,16.666,direct
2021,840820,Motores diesel para veículos,392,Japão,8381907,2.913,direct
2021,840820,Motores diesel para veículos,724,Espanha,5658814,1.967,direct
2021,840820,Motores diesel para veículos,826,Reino Unido,985134,0.342,direct
2021,840820,Motores diesel para veículos,276,Alemanha,971084,0.338,direct
2021,840820,Motores diesel para veículos,124,Canadá,147651,0.051,direct
2021,847130,Computadores portáteis,528,Países Baixos,223483801,26.448,direct
2021,847130,Computadores portáteis,724,Espanha,214137920,25.342,direct
2021,847130,Computadores portáteis,156,China,132672694,15.701,direct
2021,847130,Computadores portáteis,276,Alemanha,121633387,14.395,direct
2021,847130,Computadores portáteis,490,Taiwan (Prov. China),73040395,8.644,direct
2021,847130,Computadores portáteis,300,Grécia,27124562,3.21,direct
2021,847130,Computadores portáteis,704,Vietname,16680519,1.974,direct
2021,847130,Computadores portáteis,380,Itália,12557143,1.486,direct
2021,851712,Telemóveis,724,Espanha,296897767,38.233,direct
2021,851712,Telemóveis,704,Vietname,171633082,22.102,direct
2021,851712,Telemóveis,156,China,60106399,7.74,direct
2021,851712,Telemóveis,372,Irlanda,54705492,7.045,direct
2021,851712,Telemóveis,528,Países Baixos,47936132,6.173,direct
2021,851712,Telemóveis,380,Itália,39530928,5.091,direct
2021,851712,Telemóveis,251,França,38464591,4.953,direct
2021,851712,Telemóveis,410,Coreia do Sul,16370113,2.108,direct
2021,852990,Outras partes de aparelhos de rádio e TV,276,Alemanha,317218556,50.238,direct
2021,852990,Outras partes de aparelhos de rádio e TV,156,China,151211271,23.947,direct
2021,852990,Outras partes de aparelhos de rádio e TV,724,Espanha,44728802,7.084,direct
2021,852990,Outras partes de aparelhos de rádio e TV,251,França,24991258,3.958,direct
2021,852990,Outras partes de aparelhos de rádio e TV,490,Taiwan (Prov. China),20157029,3.192,direct
2021,852990,Outras partes de aparelhos de rádio e TV,528,Países Baixos,15232300,2.412,direct
2021,852990,Outras partes de aparelhos de rádio e TV,56,Bélgica,10369917,1.642,direct
2021,852990,Outras partes de aparelhos de rádio e TV,458,Malásia,6195714,0.981,direct
2021,854239,Outros circuitos integrados,276,Alemanha,194632533,47.528,direct
2021,854239,Outros circuitos integrados,528,Países Baixos,44158215,10.783,direct
2021,854239,Outros circuitos integrados,490,Taiwan (Prov. China),32368670,7.904,direct
2021,854239,Outros circuitos integrados,372,Irlanda,30127361,7.357,direct
2021,854239,Outros circuitos integrados,156,China,20744391,5.066,direct
2021,854239,Outros circuitos integrados,251,França,19894255,4.858,direct
2021,854239,Outros circuitos integrados,842,EUA,13020705,3.18,direct
2021,854239,Outros circuitos integrados,702,Singapura,12559697,3.067,direct
2021,870322,Automóveis a gasolina 1.000–1.500 cm³,724,Espanha,168754539,38.92,direct
2021,870322,Automóveis a gasolina 1.000–1.500 cm³,276,Alemanha,83729541,19.31,direct
2021,870322,Automóveis a gasolina 1.000–1.500 cm³,703,Eslováquia,34632881,7.987,direct
2021,870322,Automóveis a gasolina 1.000–1.500 cm³,348,Hungria,29927370,6.902,direct
2021,870322,Automóveis a gasolina 1.000–1.500 cm³,251,França,28045316,6.468,direct
2021,870322,Automóveis a gasolina 1.000–1.500 cm³,504,Marrocos,26838580,6.19,direct
2021,870322,Automóveis a gasolina 1.000–1.500 cm³,410,Coreia do Sul,13146677,3.032,direct
2021,870322,Automóveis a gasolina 1.000–1.500 cm³,792,Turquia,11224343,2.589,direct
2021,870323,Automóveis a gasolina 1.500–3.000 cm³,251,França,219204449,35.071,direct
2021,870323,Automóveis a gasolina 1.500–3.000 cm³,276,Alemanha,190964310,30.553,direct
2021,870323,Automóveis a gasolina 1.500–3.000 cm³,56,Bélgica,108080485,17.292,direct
2021,870323,Automóveis a gasolina 1.500–3.000 cm³,724,Espanha,80999827,12.959,direct
2021,870323,Automóveis a gasolina 1.500–3.000 cm³,703,Eslováquia,8242322,1.319,direct
2021,870323,Automóveis a gasolina 1.500–3.000 cm³,380,Itália,6243668,0.999,direct
2021,870323,Automóveis a gasolina 1.500–3.000 cm³,826,Reino Unido,2687456,0.43,direct
2021,870323,Automóveis a gasolina 1.500–3.000 cm³,348,Hungria,2195844,0.351,direct
2021,870331,Automóveis diesel até 1.500 cm³,724,Espanha,141531299,35.008,direct
2021,870331,Automóveis diesel até 1.500 cm³,251,França,137047843,33.899,direct
2021,870331,Automóveis diesel até 1.500 cm³,276,Alemanha,52906274,13.086,direct
2021,870331,Automóveis diesel até 1.500 cm³,56,Bélgica,23534673,5.821,direct
2021,870331,Automóveis diesel até 1.500 cm³,528,Países Baixos,15720259,3.888,direct
2021,870331,Automóveis diesel até 1.500 cm³,792,Turquia,11213088,2.774,direct
2021,870331,Automóveis diesel até 1.500 cm³,504,Marrocos,10169228,2.515,direct
2021,870331,Automóveis diesel até 1.500 cm³,826,Reino Unido,7908354,1.956,direct
2021,870332,Automóveis diesel 1.500–2.500 cm³,276,Alemanha,408428928,47.843,direct
2021,870332,Automóveis diesel 1.500–2.500 cm³,251,França,209168546,24.502,direct
2021,870332,Automóveis diesel 1.500–2.500 cm³,724,Espanha,96591862,11.315,direct
2021,870332,Automóveis diesel 1.500–2.500 cm³,348,Hungria,50990890,5.973,direct
2021,870332,Automóveis diesel 1.500–2.500 cm³,203,Chéquia,22268618,2.609,direct
2021,870332,Automóveis diesel 1.500–2.500 cm³,56,Bélgica,14760501,1.729,direct
2021,870332,Automóveis diesel 1.500–2.500 cm³,703,Eslováquia,12919813,1.513,direct
2021,870332,Automóveis diesel 1.500–2.500 cm³,752,Suécia,9368965,1.097,direct
2021,870421,Camiões diesel até 5 t,724,Espanha,96101527,22.505,direct
2021,870421,Camiões diesel até 5 t,251,França,78954388,18.49,direct
2021,870421,Camiões diesel até 5 t,276,Alemanha,47145149,11.041,direct
2021,870421,Camiões diesel até 5 t,764,Tailândia,33504374,7.846,direct
2021,870421,Camiões diesel até 5 t,792,Turquia,32902452,7.705,direct
2021,870421,Camiões diesel até 5 t,380,Itália,32511776,7.614,direct
2021,870421,Camiões diesel até 5 t,56,Bélgica,30424755,7.125,direct
2021,870421,Camiões diesel até 5 t,752,Suécia,29694577,6.954,direct
2021,870840,Caixas de velocidades e partes,276,Alemanha,207498370,51.648,direct
2021,870840,Caixas de velocidades e partes,724,Espanha,70756228,17.612,direct
2021,870840,Caixas de velocidades e partes,251,França,67359996,16.766,direct
2021,870840,Caixas de velocidades e partes,392,Japão,27209635,6.773,direct
2021,870840,Caixas de velocidades e partes,32,Argentina,18888972,4.702,direct
2021,870840,Caixas de velocidades e partes,380,Itália,5648698,1.406,direct
2021,870840,Caixas de velocidades e partes,528,Países Baixos,1069183,0.266,direct
2021,870840,Caixas de velocidades e partes,56,Bélgica,710699,0.177,direct
2021,870899,Outras partes de veículos,724,Espanha,746732929,51.709,direct
2021,870899,Outras partes de veículos,276,Alemanha,254989629,17.657,direct
2021,870899,Outras partes de veículos,251,França,156475809,10.835,direct
2021,870899,Outras partes de veículos,380,Itália,62394195,4.321,direct
2021,870899,Outras partes de veículos,56,Bélgica,43501758,3.012,direct
2021,870899,Outras partes de veículos,392,Japão,39933503,2.765,direct
2021,870899,Outras partes de veículos,203,Chéquia,24588921,1.703,direct
2021,870899,Outras partes de veículos,528,Países Baixos,24401329,1.69,direct
2021,880240,Aviões +15.000 kg,251,França,202088800,47.815,direct
2021,880240,Aviões +15.000 kg,276,Alemanha,178276613,42.181,direct
2021,880240,Aviões +15.000 kg,92,Br. Virgin Isds,36694222,8.682,direct
2021,880240,Aviões +15.000 kg,842,EUA,5589062,1.322,direct
2021,999999,Mercadorias não especificadas,724,Espanha,16488684,94.531,direct
2021,999999,Mercadorias não especificadas,380,Itália,477598,2.738,direct
2021,999999,Mercadorias não especificadas,191,Croácia,476413,2.731,direct
2021,100590,Milho,804,Ucrânia,149876403,38.296,mirror
2021,100590,Milho,76,Brasil,115533766,29.521,mirror
2021,100590,Milho,642,Roménia,69019865,17.636,mirror
2021,100590,Milho,124,Canadá,26594047,6.795,mirror
2021,100590,Milho,251,França,15987526,4.085,mirror
2021,100590,Milho,724,Espanha,11331092,2.895,mirror
2021,100590,Milho,348,Hungria,2743562,0.701,mirror
2021,100590,Milho,528,Países Baixos,127753,0.033,mirror
2021,270900,Petróleo bruto,76,Brasil,1632824701,43.644,mirror
2021,270900,Petróleo bruto,566,Nigéria,906657870,24.234,mirror
2021,270900,Petróleo bruto,31,Azerbaijan,587003869,15.69,mirror
2021,270900,Petróleo bruto,842,EUA,373672436,9.988,mirror
2021,270900,Petróleo bruto,826,Reino Unido,117899366,3.151,mirror
2021,270900,Petróleo bruto,24,Angola,64261307,1.718,mirror
2021,270900,Petróleo bruto,724,Espanha,58930532,1.575,mirror
2021,270900,Petróleo bruto,528,Países Baixos,193,0.0,mirror
2021,271019,Gasóleo e combustíveis médios e pesados,724,Espanha,452179807,36.752,mirror
2021,271019,Gasóleo e combustíveis médios e pesados,528,Países Baixos,221791120,18.026,mirror
2021,271019,Gasóleo e combustíveis médios e pesados,643,Rússia,183337219,14.901,mirror
2021,271019,Gasóleo e combustíveis médios e pesados,76,Brasil,87047038,7.075,mirror
2021,271019,Gasóleo e combustíveis médios e pesados,156,China,86692898,7.046,mirror
2021,271019,Gasóleo e combustíveis médios e pesados,752,Suécia,37735379,3.067,mirror
2021,271019,Gasóleo e combustíveis médios e pesados,251,França,35244359,2.865,mirror
2021,271019,Gasóleo e combustíveis médios e pesados,56,Bélgica,31762383,2.582,mirror
2021,271111,Gás natural liquefeito (GNL),842,EUA,583835438,47.994,mirror
2021,271111,Gás natural liquefeito (GNL),566,Nigéria,458442338,37.686,mirror
2021,271111,Gás natural liquefeito (GNL),643,Rússia,166522744,13.689,mirror
2021,271111,Gás natural liquefeito (GNL),724,Espanha,6591452,0.542,mirror
2021,271111,Gás natural liquefeito (GNL),780,Trinidad and Tobago,894051,0.073,mirror
2021,271111,Gás natural liquefeito (GNL),752,Suécia,173846,0.014,mirror
2021,271111,Gás natural liquefeito (GNL),380,Itália,7287,0.001,mirror
2021,271121,Gás natural em estado gasoso,724,Espanha,29857579,100.0,mirror
2021,271600,Energia elétrica,724,Espanha,1618997377,100.0,mirror
2021,300490,Medicamentos,276,Alemanha,356769558,20.75,mirror
2021,300490,Medicamentos,724,Espanha,243111399,14.14,mirror
2021,300490,Medicamentos,757,Suíça,225318187,13.105,mirror
2021,300490,Medicamentos,251,França,173669287,10.101,mirror
2021,300490,Medicamentos,380,Itália,173456464,10.088,mirror
2021,300490,Medicamentos,56,Bélgica,131366123,7.64,mirror
2021,300490,Medicamentos,528,Países Baixos,129548427,7.535,mirror
2021,300490,Medicamentos,372,Irlanda,97692470,5.682,mirror
2021,381512,Catalisadores,276,Alemanha,568407151,53.019,mirror
2021,381512,Catalisadores,616,Polónia,465029662,43.376,mirror
2021,381512,Catalisadores,380,Itália,19746970,1.842,mirror
2021,381512,Catalisadores,251,França,12041935,1.123,mirror
2021,381512,Catalisadores,76,Brasil,4055408,0.378,mirror
2021,381512,Catalisadores,826,Reino Unido,1335076,0.125,mirror
2021,381512,Catalisadores,642,Roménia,756820,0.071,mirror
2021,381512,Catalisadores,710,África do Sul,295740,0.028,mirror
2021,392690,Outros artigos de plástico,724,Espanha,123653509,27.144,mirror
2021,392690,Outros artigos de plástico,276,Alemanha,117079374,25.701,mirror
2021,392690,Outros artigos de plástico,380,Itália,45169230,9.915,mirror
2021,392690,Outros artigos de plástico,251,França,41220605,9.049,mirror
2021,392690,Outros artigos de plástico,156,China,32364025,7.104,mirror
2021,392690,Outros artigos de plástico,528,Países Baixos,14292261,3.137,mirror
2021,392690,Outros artigos de plástico,757,Suíça,10655578,2.339,mirror
2021,392690,Outros artigos de plástico,203,Chéquia,8102982,1.779,mirror
2021,720449,Outra sucata ferrosa,826,Reino Unido,86025149,33.014,mirror
2021,720449,Outra sucata ferrosa,724,Espanha,74243987,28.493,mirror
2021,720449,Outra sucata ferrosa,251,França,66705599,25.6,mirror
2021,720449,Outra sucata ferrosa,372,Irlanda,7779975,2.986,mirror
2021,720449,Outra sucata ferrosa,208,Dinamarca,5532602,2.123,mirror
2021,720449,Outra sucata ferrosa,276,Alemanha,5073084,1.947,mirror
2021,720449,Outra sucata ferrosa,752,Suécia,3388652,1.3,mirror
2021,720449,Outra sucata ferrosa,246,Finlândia,3315247,1.272,mirror
2021,760120,"Ligas de alumínio, em bruto",724,Espanha,274114650,63.535,mirror
2021,760120,"Ligas de alumínio, em bruto",579,Noruega,129325452,29.975,mirror
2021,760120,"Ligas de alumínio, em bruto",48,Barém,8556984,1.983,mirror
2021,760120,"Ligas de alumínio, em bruto",380,Itália,4904241,1.137,mirror
2021,760120,"Ligas de alumínio, em bruto",818,Egito,4521292,1.048,mirror
2021,760120,"Ligas de alumínio, em bruto",251,França,4261907,0.988,mirror
2021,760120,"Ligas de alumínio, em bruto",792,Turquia,2236630,0.518,mirror
2021,760120,"Ligas de alumínio, em bruto",528,Países Baixos,1753087,0.406,mirror
2021,840820,Motores diesel para veículos,616,Polónia,123606574,60.169,mirror
2021,840820,Motores diesel para veículos,380,Itália,48457147,23.588,mirror
2021,840820,Motores diesel para veículos,251,França,23835454,11.603,mirror
2021,840820,Motores diesel para veículos,724,Espanha,7656122,3.727,mirror
2021,840820,Motores diesel para veículos,276,Alemanha,699012,0.34,mirror
2021,840820,Motores diesel para veículos,826,Reino Unido,614736,0.299,mirror
2021,840820,Motores diesel para veículos,528,Países Baixos,333752,0.162,mirror
2021,840820,Motores diesel para veículos,752,Suécia,131055,0.064,mirror
2021,847130,Computadores portáteis,156,China,247610814,31.101,mirror
2021,847130,Computadores portáteis,724,Espanha,194522755,24.433,mirror
2021,847130,Computadores portáteis,276,Alemanha,149705958,18.804,mirror
2021,847130,Computadores portáteis,528,Países Baixos,73787089,9.268,mirror
2021,847130,Computadores portáteis,380,Itália,34209630,4.297,mirror
2021,847130,Computadores portáteis,344,Hong Kong (RAEHK),27731299,3.483,mirror
2021,847130,Computadores portáteis,300,Grécia,26996853,3.391,mirror
2021,847130,Computadores portáteis,704,Vietname,16850265,2.116,mirror
2021,851712,Telemóveis,724,Espanha,229999466,29.946,mirror
2021,851712,Telemóveis,704,Vietname,194557841,25.332,mirror
2021,851712,Telemóveis,156,China,105180535,13.695,mirror
2021,851712,Telemóveis,344,Hong Kong (RAEHK),61206692,7.969,mirror
2021,851712,Telemóveis,380,Itália,54671938,7.118,mirror
2021,851712,Telemóveis,251,França,37907355,4.936,mirror
2021,851712,Telemóveis,616,Polónia,21252891,2.767,mirror
2021,851712,Telemóveis,528,Países Baixos,16733395,2.179,mirror
2021,852990,Outras partes de aparelhos de rádio e TV,276,Alemanha,116173192,53.445,mirror
2021,852990,Outras partes de aparelhos de rádio e TV,156,China,26778430,12.319,mirror
2021,852990,Outras partes de aparelhos de rádio e TV,490,Taiwan (Prov. China),21662268,9.966,mirror
2021,852990,Outras partes de aparelhos de rádio e TV,616,Polónia,13095580,6.025,mirror
2021,852990,Outras partes de aparelhos de rádio e TV,724,Espanha,8181057,3.764,mirror
2021,852990,Outras partes de aparelhos de rádio e TV,458,Malásia,7460572,3.432,mirror
2021,852990,Outras partes de aparelhos de rádio e TV,344,Hong Kong (RAEHK),5542912,2.55,mirror
2021,852990,Outras partes de aparelhos de rádio e TV,528,Países Baixos,4398962,2.024,mirror
2021,854239,Outros circuitos integrados,490,Taiwan (Prov. China),177541084,45.275,mirror
2021,854239,Outros circuitos integrados,276,Alemanha,119000467,30.347,mirror
2021,854239,Outros circuitos integrados,251,França,26821508,6.84,mirror
2021,854239,Outros circuitos integrados,702,Singapura,23830366,6.077,mirror
2021,854239,Outros circuitos integrados,528,Países Baixos,14459926,3.687,mirror
2021,854239,Outros circuitos integrados,56,Bélgica,7072884,1.804,mirror
2021,854239,Outros circuitos integrados,203,Chéquia,6447301,1.644,mirror
2021,854239,Outros circuitos integrados,344,Hong Kong (RAEHK),4678829,1.193,mirror
2021,870322,Automóveis a gasolina 1.000–1.500 cm³,724,Espanha,162763091,39.298,mirror
2021,870322,Automóveis a gasolina 1.000–1.500 cm³,276,Alemanha,50703886,12.242,mirror
2021,870322,Automóveis a gasolina 1.000–1.500 cm³,251,França,44176828,10.666,mirror
2021,870322,Automóveis a gasolina 1.000–1.500 cm³,703,Eslováquia,34691300,8.376,mirror
2021,870322,Automóveis a gasolina 1.000–1.500 cm³,504,Marrocos,31946785,7.713,mirror
2021,870322,Automóveis a gasolina 1.000–1.500 cm³,348,Hungria,17665584,4.265,mirror
2021,870322,Automóveis a gasolina 1.000–1.500 cm³,826,Reino Unido,12712738,3.069,mirror
2021,870322,Automóveis a gasolina 1.000–1.500 cm³,792,Turquia,11835328,2.858,mirror
2021,870323,Automóveis a gasolina 1.500–3.000 cm³,276,Alemanha,114167875,27.612,mirror
2021,870323,Automóveis a gasolina 1.500–3.000 cm³,251,França,106449376,25.746,mirror
2021,870323,Automóveis a gasolina 1.500–3.000 cm³,56,Bélgica,62420547,15.097,mirror
2021,870323,Automóveis a gasolina 1.500–3.000 cm³,724,Espanha,55573797,13.441,mirror
2021,870323,Automóveis a gasolina 1.500–3.000 cm³,504,Marrocos,10844539,2.623,mirror
2021,870323,Automóveis a gasolina 1.500–3.000 cm³,208,Dinamarca,10581242,2.559,mirror
2021,870323,Automóveis a gasolina 1.500–3.000 cm³,348,Hungria,8995957,2.176,mirror
2021,870323,Automóveis a gasolina 1.500–3.000 cm³,528,Países Baixos,7871870,1.904,mirror
2021,870331,Automóveis diesel até 1.500 cm³,276,Alemanha,106908684,34.909,mirror
2021,870331,Automóveis diesel até 1.500 cm³,724,Espanha,53189820,17.368,mirror
2021,870331,Automóveis diesel até 1.500 cm³,251,França,50410138,16.46,mirror
2021,870331,Automóveis diesel até 1.500 cm³,56,Bélgica,33596920,10.97,mirror
2021,870331,Automóveis diesel até 1.500 cm³,504,Marrocos,20111071,6.567,mirror
2021,870331,Automóveis diesel até 1.500 cm³,792,Turquia,14438189,4.714,mirror
2021,870331,Automóveis diesel até 1.500 cm³,826,Reino Unido,9765473,3.189,mirror
2021,870331,Automóveis diesel até 1.500 cm³,642,Roménia,8814677,2.878,mirror
2021,870332,Automóveis diesel 1.500–2.500 cm³,276,Alemanha,220455394,35.316,mirror
2021,870332,Automóveis diesel 1.500–2.500 cm³,251,França,131869108,21.125,mirror
2021,870332,Automóveis diesel 1.500–2.500 cm³,724,Espanha,69181111,11.083,mirror
2021,870332,Automóveis diesel 1.500–2.500 cm³,56,Bélgica,65671140,10.52,mirror
2021,870332,Automóveis diesel 1.500–2.500 cm³,348,Hungria,48019287,7.693,mirror
2021,870332,Automóveis diesel 1.500–2.500 cm³,203,Chéquia,24151086,3.869,mirror
2021,870332,Automóveis diesel 1.500–2.500 cm³,528,Países Baixos,13364161,2.141,mirror
2021,870332,Automóveis diesel 1.500–2.500 cm³,703,Eslováquia,13122899,2.102,mirror
2021,870421,Camiões diesel até 5 t,251,França,81987324,19.331,mirror
2021,870421,Camiões diesel até 5 t,724,Espanha,70831758,16.701,mirror
2021,870421,Camiões diesel até 5 t,380,Itália,43845503,10.338,mirror
2021,870421,Camiões diesel até 5 t,276,Alemanha,41039468,9.676,mirror
2021,870421,Camiões diesel até 5 t,392,Japão,37075799,8.742,mirror
2021,870421,Camiões diesel até 5 t,764,Tailândia,37009107,8.726,mirror
2021,870421,Camiões diesel até 5 t,710,África do Sul,27998065,6.601,mirror
2021,870421,Camiões diesel até 5 t,792,Turquia,26557300,6.262,mirror
2021,870840,Caixas de velocidades e partes,276,Alemanha,210246237,58.988,mirror
2021,870840,Caixas de velocidades e partes,251,França,56573866,15.873,mirror
2021,870840,Caixas de velocidades e partes,724,Espanha,44200825,12.401,mirror
2021,870840,Caixas de velocidades e partes,56,Bélgica,16967744,4.761,mirror
2021,870840,Caixas de velocidades e partes,392,Japão,15277161,4.286,mirror
2021,870840,Caixas de velocidades e partes,380,Itália,5309725,1.49,mirror
2021,870840,Caixas de velocidades e partes,703,Eslováquia,4739236,1.33,mirror
2021,870840,Caixas de velocidades e partes,528,Países Baixos,791935,0.222,mirror
2021,870899,Outras partes de veículos,724,Espanha,362839158,56.979,mirror
2021,870899,Outras partes de veículos,251,França,53483006,8.399,mirror
2021,870899,Outras partes de veículos,380,Itália,50101276,7.868,mirror
2021,870899,Outras partes de veículos,276,Alemanha,44867673,7.046,mirror
2021,870899,Outras partes de veículos,392,Japão,23708630,3.723,mirror
2021,870899,Outras partes de veículos,203,Chéquia,18246615,2.865,mirror
2021,870899,Outras partes de veículos,156,China,13981821,2.196,mirror
2021,870899,Outras partes de veículos,528,Países Baixos,13153450,2.066,mirror
2021,880240,Aviões +15.000 kg,276,Alemanha,263728883,45.247,mirror
2021,880240,Aviões +15.000 kg,251,França,223128633,38.281,mirror
2021,880240,Aviões +15.000 kg,124,Canadá,93305912,16.008,mirror
2021,880240,Aviões +15.000 kg,376,Israel,2698000,0.463,mirror
2021,880240,Aviões +15.000 kg,372,Irlanda,1762,0.0,mirror
2021,999999,Mercadorias não especificadas,276,Alemanha,424500172,23.201,mirror
2021,999999,Mercadorias não especificadas,702,Singapura,319346834,17.454,mirror
2021,999999,Mercadorias não especificadas,842,EUA,214893545,11.745,mirror
2021,999999,Mercadorias não especificadas,724,Espanha,147530514,8.063,mirror
2021,999999,Mercadorias não especificadas,156,China,107924085,5.899,mirror
2021,999999,Mercadorias não especificadas,528,Países Baixos,91423702,4.997,mirror
2021,999999,Mercadorias não especificadas,32,Argentina,74210259,4.056,mirror
2021,999999,Mercadorias não especificadas,40,Áustria,66043622,3.61,mirror
2022,100590,Milho,76,Brasil,380331498,52.052,direct
2022,100590,Milho,804,Ucrânia,98327678,13.457,direct
2022,100590,Milho,642,Roménia,80116688,10.965,direct
2022,100590,Milho,124,Canadá,72191867,9.88,direct
2022,100590,Milho,710,África do Sul,18567537,2.541,direct
2022,100590,Milho,100,Bulgária,17072890,2.337,direct
2022,100590,Milho,643,Rússia,16358192,2.239,direct
2022,100590,Milho,724,Espanha,14102362,1.93,direct
2022,270900,Petróleo bruto,76,Brasil,2861759904,36.697,direct
2022,270900,Petróleo bruto,566,Nigéria,1105622723,14.178,direct
2022,270900,Petróleo bruto,12,Argélia,919215366,11.787,direct
2022,270900,Petróleo bruto,31,Azerbaijan,864580813,11.087,direct
2022,270900,Petróleo bruto,180,RD Congo,661536036,8.483,direct
2022,270900,Petróleo bruto,24,Angola,628515583,8.06,direct
2022,270900,Petróleo bruto,842,EUA,347504999,4.456,direct
2022,270900,Petróleo bruto,266,Gabão,125217007,1.606,direct
2022,271019,Gasóleo e combustíveis médios e pesados,724,Espanha,934932118,29.966,direct
2022,271019,Gasóleo e combustíveis médios e pesados,682,Arábia Saudita,340168323,10.903,direct
2022,271019,Gasóleo e combustíveis médios e pesados,528,Países Baixos,320867638,10.284,direct
2022,271019,Gasóleo e combustíveis médios e pesados,643,Rússia,292282431,9.368,direct
2022,271019,Gasóleo e combustíveis médios e pesados,410,Coreia do Sul,258848159,8.297,direct
2022,271019,Gasóleo e combustíveis médios e pesados,56,Bélgica,234520497,7.517,direct
2022,271019,Gasóleo e combustíveis médios e pesados,899,"Areas, nes",113844249,3.649,direct
2022,271019,Gasóleo e combustíveis médios e pesados,699,Índia,112320506,3.6,direct
2022,271111,Gás natural liquefeito (GNL),842,EUA,1912101442,47.946,direct
2022,271111,Gás natural liquefeito (GNL),566,Nigéria,934198627,23.425,direct
2022,271111,Gás natural liquefeito (GNL),780,Trinidad and Tobago,767164236,19.237,direct
2022,271111,Gás natural liquefeito (GNL),226,Guiné Equatorial,215052068,5.392,direct
2022,271111,Gás natural liquefeito (GNL),643,Rússia,137863853,3.457,direct
2022,271111,Gás natural liquefeito (GNL),634,Catar,21010550,0.527,direct
2022,271111,Gás natural liquefeito (GNL),724,Espanha,599032,0.015,direct
2022,271121,Gás natural em estado gasoso,724,Espanha,562076309,100.0,direct
2022,271600,Energia elétrica,724,Espanha,2240637231,100.0,direct
2022,300490,Medicamentos,276,Alemanha,484824357,22.707,direct
2022,300490,Medicamentos,724,Espanha,331018151,15.503,direct
2022,300490,Medicamentos,528,Países Baixos,206297418,9.662,direct
2022,300490,Medicamentos,380,Itália,179071592,8.387,direct
2022,300490,Medicamentos,56,Bélgica,178878516,8.378,direct
2022,300490,Medicamentos,251,França,173191821,8.111,direct
2022,300490,Medicamentos,372,Irlanda,127728813,5.982,direct
2022,300490,Medicamentos,752,Suécia,127285276,5.961,direct
2022,381512,Catalisadores,276,Alemanha,504358153,54.732,direct
2022,381512,Catalisadores,616,Polónia,394759925,42.838,direct
2022,381512,Catalisadores,826,Reino Unido,9086470,0.986,direct
2022,381512,Catalisadores,380,Itália,8823615,0.958,direct
2022,381512,Catalisadores,76,Brasil,3127079,0.339,direct
2022,381512,Catalisadores,251,França,752935,0.082,direct
2022,381512,Catalisadores,642,Roménia,494674,0.054,direct
2022,381512,Catalisadores,724,Espanha,78994,0.009,direct
2022,392690,Outros artigos de plástico,276,Alemanha,114064797,25.604,direct
2022,392690,Outros artigos de plástico,724,Espanha,111722756,25.078,direct
2022,392690,Outros artigos de plástico,156,China,43104061,9.676,direct
2022,392690,Outros artigos de plástico,380,Itália,38008847,8.532,direct
2022,392690,Outros artigos de plástico,251,França,32626922,7.324,direct
2022,392690,Outros artigos de plástico,528,Países Baixos,19858607,4.458,direct
2022,392690,Outros artigos de plástico,616,Polónia,9164470,2.057,direct
2022,392690,Outros artigos de plástico,348,Hungria,8747284,1.964,direct
2022,720449,Outra sucata ferrosa,724,Espanha,134034622,38.461,direct
2022,720449,Outra sucata ferrosa,826,Reino Unido,67329521,19.32,direct
2022,720449,Outra sucata ferrosa,372,Irlanda,62123956,17.826,direct
2022,720449,Outra sucata ferrosa,251,França,55287488,15.865,direct
2022,720449,Outra sucata ferrosa,752,Suécia,9686236,2.779,direct
2022,720449,Outra sucata ferrosa,352,Islândia,4473958,1.284,direct
2022,720449,Outra sucata ferrosa,528,Países Baixos,3914005,1.123,direct
2022,720449,Outra sucata ferrosa,208,Dinamarca,3303067,0.948,direct
2022,760120,"Ligas de alumínio, em bruto",724,Espanha,383374742,84.894,direct
2022,760120,"Ligas de alumínio, em bruto",528,Países Baixos,23106980,5.117,direct
2022,760120,"Ligas de alumínio, em bruto",251,França,22196261,4.915,direct
2022,760120,"Ligas de alumínio, em bruto",705,Eslovénia,11664631,2.583,direct
2022,760120,"Ligas de alumínio, em bruto",380,Itália,4288256,0.95,direct
2022,760120,"Ligas de alumínio, em bruto",792,Turquia,3609966,0.799,direct
2022,760120,"Ligas de alumínio, em bruto",276,Alemanha,930070,0.206,direct
2022,760120,"Ligas de alumínio, em bruto",752,Suécia,540710,0.12,direct
2022,840820,Motores diesel para veículos,251,França,108675756,40.322,direct
2022,840820,Motores diesel para veículos,616,Polónia,98575439,36.575,direct
2022,840820,Motores diesel para veículos,380,Itália,41602057,15.436,direct
2022,840820,Motores diesel para veículos,392,Japão,12437561,4.615,direct
2022,840820,Motores diesel para veículos,724,Espanha,5184125,1.923,direct
2022,840820,Motores diesel para veículos,826,Reino Unido,1184806,0.44,direct
2022,840820,Motores diesel para veículos,276,Alemanha,919598,0.341,direct
2022,840820,Motores diesel para veículos,348,Hungria,232569,0.086,direct
2022,847130,Computadores portáteis,528,Países Baixos,224617850,34.162,direct
2022,847130,Computadores portáteis,724,Espanha,197848813,30.091,direct
2022,847130,Computadores portáteis,276,Alemanha,59608680,9.066,direct
2022,847130,Computadores portáteis,156,China,55552477,8.449,direct
2022,847130,Computadores portáteis,380,Itália,39132713,5.952,direct
2022,847130,Computadores portáteis,704,Vietname,22281768,3.389,direct
2022,847130,Computadores portáteis,300,Grécia,19193419,2.919,direct
2022,847130,Computadores portáteis,372,Irlanda,12525592,1.905,direct
2022,852990,Outras partes de aparelhos de rádio e TV,276,Alemanha,301050571,53.737,direct
2022,852990,Outras partes de aparelhos de rádio e TV,156,China,55572024,9.919,direct
2022,852990,Outras partes de aparelhos de rádio e TV,724,Espanha,55567709,9.919,direct
2022,852990,Outras partes de aparelhos de rádio e TV,490,Taiwan (Prov. China),33737373,6.022,direct
2022,852990,Outras partes de aparelhos de rádio e TV,251,França,25033283,4.468,direct
2022,852990,Outras partes de aparelhos de rádio e TV,528,Países Baixos,18668624,3.332,direct
2022,852990,Outras partes de aparelhos de rádio e TV,56,Bélgica,14911469,2.662,direct
2022,852990,Outras partes de aparelhos de rádio e TV,392,Japão,8574671,1.531,direct
2022,854239,Outros circuitos integrados,276,Alemanha,214770860,36.557,direct
2022,854239,Outros circuitos integrados,490,Taiwan (Prov. China),74751214,12.724,direct
2022,854239,Outros circuitos integrados,528,Países Baixos,56501293,9.617,direct
2022,854239,Outros circuitos integrados,372,Irlanda,38749140,6.596,direct
2022,854239,Outros circuitos integrados,156,China,29428509,5.009,direct
2022,854239,Outros circuitos integrados,702,Singapura,29089507,4.951,direct
2022,854239,Outros circuitos integrados,842,EUA,27313749,4.649,direct
2022,854239,Outros circuitos integrados,251,França,22916867,3.901,direct
2022,870322,Automóveis a gasolina 1.000–1.500 cm³,724,Espanha,249263852,41.811,direct
2022,870322,Automóveis a gasolina 1.000–1.500 cm³,276,Alemanha,128882074,21.618,direct
2022,870322,Automóveis a gasolina 1.000–1.500 cm³,703,Eslováquia,41981726,7.042,direct
2022,870322,Automóveis a gasolina 1.000–1.500 cm³,251,França,37505255,6.291,direct
2022,870322,Automóveis a gasolina 1.000–1.500 cm³,203,Chéquia,30219484,5.069,direct
2022,870322,Automóveis a gasolina 1.000–1.500 cm³,348,Hungria,28814318,4.833,direct
2022,870322,Automóveis a gasolina 1.000–1.500 cm³,504,Marrocos,18512177,3.105,direct
2022,870322,Automóveis a gasolina 1.000–1.500 cm³,410,Coreia do Sul,14060699,2.359,direct
2022,870323,Automóveis a gasolina 1.500–3.000 cm³,251,França,266105983,34.878,direct
2022,870323,Automóveis a gasolina 1.500–3.000 cm³,276,Alemanha,246465939,32.304,direct
2022,870323,Automóveis a gasolina 1.500–3.000 cm³,56,Bélgica,117632287,15.418,direct
2022,870323,Automóveis a gasolina 1.500–3.000 cm³,724,Espanha,85387220,11.191,direct
2022,870323,Automóveis a gasolina 1.500–3.000 cm³,703,Eslováquia,19996327,2.621,direct
2022,870323,Automóveis a gasolina 1.500–3.000 cm³,380,Itália,16862818,2.21,direct
2022,870323,Automóveis a gasolina 1.500–3.000 cm³,348,Hungria,2608382,0.342,direct
2022,870323,Automóveis a gasolina 1.500–3.000 cm³,826,Reino Unido,2359979,0.309,direct
2022,870331,Automóveis diesel até 1.500 cm³,251,França,198799550,33.375,direct
2022,870331,Automóveis diesel até 1.500 cm³,276,Alemanha,162802186,27.331,direct
2022,870331,Automóveis diesel até 1.500 cm³,724,Espanha,121232666,20.353,direct
2022,870331,Automóveis diesel até 1.500 cm³,56,Bélgica,66202966,11.114,direct
2022,870331,Automóveis diesel até 1.500 cm³,792,Turquia,22484130,3.775,direct
2022,870331,Automóveis diesel até 1.500 cm³,504,Marrocos,13595526,2.282,direct
2022,870331,Automóveis diesel até 1.500 cm³,528,Países Baixos,6507269,1.092,direct
2022,870331,Automóveis diesel até 1.500 cm³,826,Reino Unido,1153227,0.194,direct
2022,870332,Automóveis diesel 1.500–2.500 cm³,276,Alemanha,451201761,53.922,direct
2022,870332,Automóveis diesel 1.500–2.500 cm³,251,França,197940073,23.655,direct
2022,870332,Automóveis diesel 1.500–2.500 cm³,724,Espanha,47604835,5.689,direct
2022,870332,Automóveis diesel 1.500–2.500 cm³,348,Hungria,41175070,4.921,direct
2022,870332,Automóveis diesel 1.500–2.500 cm³,203,Chéquia,21193396,2.533,direct
2022,870332,Automóveis diesel 1.500–2.500 cm³,616,Polónia,19355330,2.313,direct
2022,870332,Automóveis diesel 1.500–2.500 cm³,56,Bélgica,17245820,2.061,direct
2022,870332,Automóveis diesel 1.500–2.500 cm³,703,Eslováquia,8277686,0.989,direct
2022,870421,Camiões diesel até 5 t,251,França,92855204,25.826,direct
2022,870421,Camiões diesel até 5 t,724,Espanha,53278832,14.819,direct
2022,870421,Camiões diesel até 5 t,276,Alemanha,43514520,12.103,direct
2022,870421,Camiões diesel até 5 t,752,Suécia,36588123,10.176,direct
2022,870421,Camiões diesel até 5 t,792,Turquia,35672581,9.922,direct
2022,870421,Camiões diesel até 5 t,504,Marrocos,23952988,6.662,direct
2022,870421,Camiões diesel até 5 t,56,Bélgica,21254850,5.912,direct
2022,870421,Camiões diesel até 5 t,380,Itália,19163416,5.33,direct
2022,870840,Caixas de velocidades e partes,276,Alemanha,237159183,51.241,direct
2022,870840,Caixas de velocidades e partes,724,Espanha,74284125,16.05,direct
2022,870840,Caixas de velocidades e partes,251,França,70942552,15.328,direct
2022,870840,Caixas de velocidades e partes,392,Japão,30754462,6.645,direct
2022,870840,Caixas de velocidades e partes,203,Chéquia,18864485,4.076,direct
2022,870840,Caixas de velocidades e partes,32,Argentina,16167538,3.493,direct
2022,870840,Caixas de velocidades e partes,380,Itália,5317554,1.149,direct
2022,870840,Caixas de velocidades e partes,642,Roménia,4718631,1.02,direct
2022,870899,Outras partes de veículos,724,Espanha,682542081,43.774,direct
2022,870899,Outras partes de veículos,276,Alemanha,308428005,19.781,direct
2022,870899,Outras partes de veículos,251,França,203374214,13.043,direct
2022,870899,Outras partes de veículos,380,Itália,72898420,4.675,direct
2022,870899,Outras partes de veículos,392,Japão,59788756,3.835,direct
2022,870899,Outras partes de veículos,56,Bélgica,49778369,3.193,direct
2022,870899,Outras partes de veículos,528,Países Baixos,42955476,2.755,direct
2022,870899,Outras partes de veículos,203,Chéquia,25173320,1.614,direct
2022,880240,Aviões +15.000 kg,276,Alemanha,285358633,49.738,direct
2022,880240,Aviões +15.000 kg,124,Canadá,162933660,28.4,direct
2022,880240,Aviões +15.000 kg,76,Brasil,76234530,13.288,direct
2022,880240,Aviões +15.000 kg,724,Espanha,25809633,4.499,direct
2022,880240,Aviões +15.000 kg,380,Itália,14323483,2.497,direct
2022,880240,Aviões +15.000 kg,826,Reino Unido,9058006,1.579,direct
2022,999999,Mercadorias não especificadas,251,França,15536577,82.79,direct
2022,999999,Mercadorias não especificadas,380,Itália,3193758,17.019,direct
2022,999999,Mercadorias não especificadas,276,Alemanha,35970,0.192,direct
2022,100590,Milho,76,Brasil,275408389,49.349,mirror
2022,100590,Milho,642,Roménia,87921734,15.754,mirror
2022,100590,Milho,804,Ucrânia,72776523,13.041,mirror
2022,100590,Milho,124,Canadá,52108317,9.337,mirror
2022,100590,Milho,100,Bulgária,19443314,3.484,mirror
2022,100590,Milho,710,África do Sul,15385665,2.757,mirror
2022,100590,Milho,251,França,13333204,2.389,mirror
2022,100590,Milho,724,Espanha,13120667,2.351,mirror
2022,270900,Petróleo bruto,76,Brasil,2512284555,39.684,mirror
2022,270900,Petróleo bruto,566,Nigéria,974904567,15.4,mirror
2022,270900,Petróleo bruto,178,Congo,844382775,13.338,mirror
2022,270900,Petróleo bruto,31,Azerbaijan,742619118,11.731,mirror
2022,270900,Petróleo bruto,24,Angola,692759499,10.943,mirror
2022,270900,Petróleo bruto,842,EUA,299500647,4.731,mirror
2022,270900,Petróleo bruto,266,Gabão,110599385,1.747,mirror
2022,270900,Petróleo bruto,579,Noruega,77019012,1.217,mirror
2022,271019,Gasóleo e combustíveis médios e pesados,724,Espanha,725231206,29.252,mirror
2022,271019,Gasóleo e combustíveis médios e pesados,380,Itália,475360994,19.174,mirror
2022,271019,Gasóleo e combustíveis médios e pesados,528,Países Baixos,423301898,17.074,mirror
2022,271019,Gasóleo e combustíveis médios e pesados,76,Brasil,229076606,9.24,mirror
2022,271019,Gasóleo e combustíveis médios e pesados,156,China,153232582,6.181,mirror
2022,271019,Gasóleo e combustíveis médios e pesados,56,Bélgica,117934555,4.757,mirror
2022,271019,Gasóleo e combustíveis médios e pesados,300,Grécia,103900122,4.191,mirror
2022,271019,Gasóleo e combustíveis médios e pesados,699,Índia,70182442,2.831,mirror
2022,271111,Gás natural liquefeito (GNL),566,Nigéria,893000031,57.754,mirror
2022,271111,Gás natural liquefeito (GNL),842,EUA,644543319,41.685,mirror
2022,271111,Gás natural liquefeito (GNL),724,Espanha,7154871,0.463,mirror
2022,271111,Gás natural liquefeito (GNL),780,Trinidad and Tobago,1502864,0.097,mirror
2022,271111,Gás natural liquefeito (GNL),380,Itália,7200,0.0,mirror
2022,271111,Gás natural liquefeito (GNL),528,Países Baixos,1962,0.0,mirror
2022,271121,Gás natural em estado gasoso,724,Espanha,43395085,100.0,mirror
2022,271600,Energia elétrica,724,Espanha,2990364608,100.0,mirror
2022,300490,Medicamentos,276,Alemanha,339226015,19.207,mirror
2022,300490,Medicamentos,724,Espanha,284575363,16.112,mirror
2022,300490,Medicamentos,757,Suíça,202359881,11.457,mirror
2022,300490,Medicamentos,380,Itália,178935568,10.131,mirror
2022,300490,Medicamentos,251,França,173907376,9.846,mirror
2022,300490,Medicamentos,56,Bélgica,145125324,8.217,mirror
2022,300490,Medicamentos,528,Países Baixos,108478731,6.142,mirror
2022,300490,Medicamentos,372,Irlanda,93809435,5.311,mirror
2022,381512,Catalisadores,276,Alemanha,541852699,57.853,mirror
2022,381512,Catalisadores,616,Polónia,351242249,37.502,mirror
2022,381512,Catalisadores,380,Itália,19045975,2.034,mirror
2022,381512,Catalisadores,251,França,9946333,1.062,mirror
2022,381512,Catalisadores,826,Reino Unido,8878437,0.948,mirror
2022,381512,Catalisadores,76,Brasil,4103014,0.438,mirror
2022,381512,Catalisadores,528,Países Baixos,791230,0.084,mirror
2022,381512,Catalisadores,642,Roménia,513193,0.055,mirror
2022,392690,Outros artigos de plástico,724,Espanha,124242279,28.65,mirror
2022,392690,Outros artigos de plástico,276,Alemanha,99799059,23.014,mirror
2022,392690,Outros artigos de plástico,380,Itália,47163942,10.876,mirror
2022,392690,Outros artigos de plástico,251,França,41114258,9.481,mirror
2022,392690,Outros artigos de plástico,156,China,30601587,7.057,mirror
2022,392690,Outros artigos de plástico,528,Países Baixos,14582832,3.363,mirror
2022,392690,Outros artigos de plástico,203,Chéquia,8650642,1.995,mirror
2022,392690,Outros artigos de plástico,757,Suíça,8495702,1.959,mirror
2022,720449,Outra sucata ferrosa,724,Espanha,52252913,30.658,mirror
2022,720449,Outra sucata ferrosa,251,França,50724001,29.761,mirror
2022,720449,Outra sucata ferrosa,826,Reino Unido,38925227,22.839,mirror
2022,720449,Outra sucata ferrosa,372,Irlanda,9893446,5.805,mirror
2022,720449,Outra sucata ferrosa,208,Dinamarca,6855458,4.022,mirror
2022,720449,Outra sucata ferrosa,752,Suécia,5774921,3.388,mirror
2022,720449,Outra sucata ferrosa,246,Finlândia,3663972,2.15,mirror
2022,720449,Outra sucata ferrosa,276,Alemanha,1148426,0.674,mirror
2022,760120,"Ligas de alumínio, em bruto",724,Espanha,305804079,63.463,mirror
2022,760120,"Ligas de alumínio, em bruto",579,Noruega,129901436,26.958,mirror
2022,760120,"Ligas de alumínio, em bruto",70,Bosnia Herzegovina,20334632,4.22,mirror
2022,760120,"Ligas de alumínio, em bruto",48,Barém,8790682,1.824,mirror
2022,760120,"Ligas de alumínio, em bruto",380,Itália,6366865,1.321,mirror
2022,760120,"Ligas de alumínio, em bruto",528,Países Baixos,4451876,0.924,mirror
2022,760120,"Ligas de alumínio, em bruto",792,Turquia,2760729,0.573,mirror
2022,760120,"Ligas de alumínio, em bruto",251,França,2091862,0.434,mirror
2022,840820,Motores diesel para veículos,616,Polónia,101048915,55.383,mirror
2022,840820,Motores diesel para veículos,380,Itália,46113720,25.274,mirror
2022,840820,Motores diesel para veículos,251,França,24351929,13.347,mirror
2022,840820,Motores diesel para veículos,724,Espanha,7778589,4.263,mirror
2022,840820,Motores diesel para veículos,276,Alemanha,1175600,0.644,mirror
2022,840820,Motores diesel para veículos,826,Reino Unido,1027876,0.563,mirror
2022,840820,Motores diesel para veículos,56,Bélgica,409420,0.224,mirror
2022,840820,Motores diesel para veículos,528,Países Baixos,155072,0.085,mirror
2022,847130,Computadores portáteis,724,Espanha,167595654,31.575,mirror
2022,847130,Computadores portáteis,156,China,98438005,18.546,mirror
2022,847130,Computadores portáteis,276,Alemanha,82870185,15.613,mirror
2022,847130,Computadores portáteis,528,Países Baixos,72904543,13.735,mirror
2022,847130,Computadores portáteis,380,Itália,39023524,7.352,mirror
2022,847130,Computadores portáteis,704,Vietname,20753898,3.91,mirror
2022,847130,Computadores portáteis,300,Grécia,19089677,3.597,mirror
2022,847130,Computadores portáteis,251,França,6528296,1.23,mirror
2022,851712,Telemóveis,132,Cabo Verde,8358,79.029,mirror
2022,851712,Telemóveis,490,Taiwan (Prov. China),2218,20.971,mirror
2022,852990,Outras partes de aparelhos de rádio e TV,490,Taiwan (Prov. China),25662978,23.632,mirror
2022,852990,Outras partes de aparelhos de rádio e TV,276,Alemanha,24741060,22.783,mirror
2022,852990,Outras partes de aparelhos de rádio e TV,156,China,18752173,17.268,mirror
2022,852990,Outras partes de aparelhos de rádio e TV,251,França,6716238,6.185,mirror
2022,852990,Outras partes de aparelhos de rádio e TV,376,Israel,6520000,6.004,mirror
2022,852990,Outras partes de aparelhos de rádio e TV,458,Malásia,5518991,5.082,mirror
2022,852990,Outras partes de aparelhos de rádio e TV,724,Espanha,5339994,4.917,mirror
2022,852990,Outras partes de aparelhos de rádio e TV,528,Países Baixos,3366603,3.1,mirror
2022,854239,Outros circuitos integrados,490,Taiwan (Prov. China),166824714,32.063,mirror
2022,854239,Outros circuitos integrados,276,Alemanha,158741946,30.51,mirror
2022,854239,Outros circuitos integrados,702,Singapura,73630421,14.152,mirror
2022,854239,Outros circuitos integrados,251,França,35414479,6.807,mirror
2022,854239,Outros circuitos integrados,344,Hong Kong (RAEHK),27647599,5.314,mirror
2022,854239,Outros circuitos integrados,528,Países Baixos,22913275,4.404,mirror
2022,854239,Outros circuitos integrados,56,Bélgica,11490553,2.208,mirror
2022,854239,Outros circuitos integrados,842,EUA,9328857,1.793,mirror
2022,870322,Automóveis a gasolina 1.000–1.500 cm³,724,Espanha,170227216,30.951,mirror
2022,870322,Automóveis a gasolina 1.000–1.500 cm³,276,Alemanha,88431686,16.079,mirror
2022,870322,Automóveis a gasolina 1.000–1.500 cm³,504,Marrocos,64674965,11.759,mirror
2022,870322,Automóveis a gasolina 1.000–1.500 cm³,251,França,55185800,10.034,mirror
2022,870322,Automóveis a gasolina 1.000–1.500 cm³,703,Eslováquia,41564207,7.557,mirror
2022,870322,Automóveis a gasolina 1.000–1.500 cm³,380,Itália,20885984,3.797,mirror
2022,870322,Automóveis a gasolina 1.000–1.500 cm³,528,Países Baixos,18152262,3.3,mirror
2022,870322,Automóveis a gasolina 1.000–1.500 cm³,792,Turquia,17726335,3.223,mirror
2022,870323,Automóveis a gasolina 1.500–3.000 cm³,276,Alemanha,105437471,28.155,mirror
2022,870323,Automóveis a gasolina 1.500–3.000 cm³,251,França,92251157,24.634,mirror
2022,870323,Automóveis a gasolina 1.500–3.000 cm³,56,Bélgica,53279815,14.227,mirror
2022,870323,Automóveis a gasolina 1.500–3.000 cm³,724,Espanha,44110657,11.779,mirror
2022,870323,Automóveis a gasolina 1.500–3.000 cm³,504,Marrocos,17959334,4.796,mirror
2022,870323,Automóveis a gasolina 1.500–3.000 cm³,203,Chéquia,8978951,2.398,mirror
2022,870323,Automóveis a gasolina 1.500–3.000 cm³,528,Países Baixos,8852399,2.364,mirror
2022,870323,Automóveis a gasolina 1.500–3.000 cm³,392,Japão,7190535,1.92,mirror
2022,870331,Automóveis diesel até 1.500 cm³,276,Alemanha,125506335,31.484,mirror
2022,870331,Automóveis diesel até 1.500 cm³,251,França,79634116,19.977,mirror
2022,870331,Automóveis diesel até 1.500 cm³,724,Espanha,53841975,13.507,mirror
2022,870331,Automóveis diesel até 1.500 cm³,56,Bélgica,52160530,13.085,mirror
2022,870331,Automóveis diesel até 1.500 cm³,792,Turquia,35322946,8.861,mirror
2022,870331,Automóveis diesel até 1.500 cm³,504,Marrocos,34641495,8.69,mirror
2022,870331,Automóveis diesel até 1.500 cm³,642,Roménia,8812434,2.211,mirror
2022,870331,Automóveis diesel até 1.500 cm³,528,Países Baixos,2706621,0.679,mirror
2022,870332,Automóveis diesel 1.500–2.500 cm³,276,Alemanha,206612988,35.524,mirror
2022,870332,Automóveis diesel 1.500–2.500 cm³,251,França,140540159,24.164,mirror
2022,870332,Automóveis diesel 1.500–2.500 cm³,724,Espanha,68716548,11.815,mirror
2022,870332,Automóveis diesel 1.500–2.500 cm³,56,Bélgica,49230474,8.465,mirror
2022,870332,Automóveis diesel 1.500–2.500 cm³,348,Hungria,36824362,6.331,mirror
2022,870332,Automóveis diesel 1.500–2.500 cm³,203,Chéquia,22485171,3.866,mirror
2022,870332,Automóveis diesel 1.500–2.500 cm³,528,Países Baixos,12513939,2.152,mirror
2022,870332,Automóveis diesel 1.500–2.500 cm³,380,Itália,10390832,1.787,mirror
2022,870421,Camiões diesel até 5 t,251,França,42716821,15.162,mirror
2022,870421,Camiões diesel até 5 t,724,Espanha,42483704,15.08,mirror
2022,870421,Camiões diesel até 5 t,392,Japão,40458175,14.361,mirror
2022,870421,Camiões diesel até 5 t,380,Itália,33779017,11.99,mirror
2022,870421,Camiões diesel até 5 t,792,Turquia,32965724,11.701,mirror
2022,870421,Camiões diesel até 5 t,276,Alemanha,26830766,9.524,mirror
2022,870421,Camiões diesel até 5 t,616,Polónia,19759248,7.014,mirror
2022,870421,Camiões diesel até 5 t,528,Países Baixos,14255031,5.06,mirror
2022,870840,Caixas de velocidades e partes,276,Alemanha,190678622,50.97,mirror
2022,870840,Caixas de velocidades e partes,251,França,59948189,16.025,mirror
2022,870840,Caixas de velocidades e partes,724,Espanha,57542188,15.381,mirror
2022,870840,Caixas de velocidades e partes,203,Chéquia,19753581,5.28,mirror
2022,870840,Caixas de velocidades e partes,392,Japão,15426552,4.124,mirror
2022,870840,Caixas de velocidades e partes,56,Bélgica,14392642,3.847,mirror
2022,870840,Caixas de velocidades e partes,380,Itália,7082712,1.893,mirror
2022,870840,Caixas de velocidades e partes,703,Eslováquia,4567875,1.221,mirror
2022,870899,Outras partes de veículos,724,Espanha,334183736,56.128,mirror
2022,870899,Outras partes de veículos,251,França,51189204,8.598,mirror
2022,870899,Outras partes de veículos,276,Alemanha,47534208,7.984,mirror
2022,870899,Outras partes de veículos,380,Itália,45907819,7.71,mirror
2022,870899,Outras partes de veículos,392,Japão,23342344,3.92,mirror
2022,870899,Outras partes de veículos,156,China,17062420,2.866,mirror
2022,870899,Outras partes de veículos,203,Chéquia,15034361,2.525,mirror
2022,870899,Outras partes de veículos,528,Países Baixos,11755653,1.974,mirror
2022,880240,Aviões +15.000 kg,276,Alemanha,280393078,87.014,mirror
2022,880240,Aviões +15.000 kg,124,Canadá,41847700,12.986,mirror
2022,880240,Aviões +15.000 kg,528,Países Baixos,1,0.0,mirror
2022,999999,Mercadorias não especificadas,842,EUA,532390214,22.77,mirror
2022,999999,Mercadorias não especificadas,702,Singapura,486252309,20.796,mirror
2022,999999,Mercadorias não especificadas,276,Alemanha,477823432,20.436,mirror
2022,999999,Mercadorias não especificadas,724,Espanha,168690031,7.215,mirror
2022,999999,Mercadorias não especificadas,156,China,112494154,4.811,mirror
2022,999999,Mercadorias não especificadas,528,Países Baixos,96612369,4.132,mirror
2022,999999,Mercadorias não especificadas,380,Itália,82270794,3.519,mirror
2022,999999,Mercadorias não especificadas,634,Catar,55928669,2.392,mirror
2023,100590,Milho,804,Ucrânia,232420788,39.51,direct
2023,100590,Milho,76,Brasil,151883612,25.819,direct
2023,100590,Milho,124,Canadá,53959255,9.173,direct
2023,100590,Milho,616,Polónia,39153753,6.656,direct
2023,100590,Milho,642,Roménia,36669985,6.234,direct
2023,100590,Milho,724,Espanha,19295785,3.28,direct
2023,100590,Milho,428,Letónia,19165930,3.258,direct
2023,100590,Milho,251,França,11649266,1.98,direct
2023,270900,Petróleo bruto,76,Brasil,2497856324,42.157,direct
2023,270900,Petróleo bruto,12,Argélia,889553606,15.013,direct
2023,270900,Petróleo bruto,566,Nigéria,797152319,13.454,direct
2023,270900,Petróleo bruto,31,Azerbaijan,437519628,7.384,direct
2023,270900,Petróleo bruto,842,EUA,346255702,5.844,direct
2023,270900,Petróleo bruto,178,Congo,317207183,5.354,direct
2023,270900,Petróleo bruto,24,Angola,251411113,4.243,direct
2023,270900,Petróleo bruto,288,Gana,232658993,3.927,direct
2023,271019,Gasóleo e combustíveis médios e pesados,724,Espanha,863352008,32.99,direct
2023,271019,Gasóleo e combustíveis médios e pesados,682,Arábia Saudita,364151932,13.915,direct
2023,271019,Gasóleo e combustíveis médios e pesados,156,China,234453355,8.959,direct
2023,271019,Gasóleo e combustíveis médios e pesados,528,Países Baixos,221519631,8.465,direct
2023,271019,Gasóleo e combustíveis médios e pesados,699,Índia,203378668,7.771,direct
2023,271019,Gasóleo e combustíveis médios e pesados,842,EUA,132422980,5.06,direct
2023,271019,Gasóleo e combustíveis médios e pesados,784,Emirados Árabes Unidos,100583044,3.843,direct
2023,271019,Gasóleo e combustíveis médios e pesados,410,Coreia do Sul,95677187,3.656,direct
2023,271111,Gás natural liquefeito (GNL),842,EUA,737184472,44.413,direct
2023,271111,Gás natural liquefeito (GNL),566,Nigéria,612733056,36.915,direct
2023,271111,Gás natural liquefeito (GNL),643,Rússia,206567184,12.445,direct
2023,271111,Gás natural liquefeito (GNL),780,Trinidad and Tobago,98606794,5.941,direct
2023,271111,Gás natural liquefeito (GNL),724,Espanha,4765674,0.287,direct
2023,271121,Gás natural em estado gasoso,724,Espanha,447410886,100.0,direct
2023,271600,Energia elétrica,724,Espanha,1295730714,100.0,direct
2023,300490,Medicamentos,276,Alemanha,494646362,21.966,direct
2023,300490,Medicamentos,724,Espanha,277754716,12.334,direct
2023,300490,Medicamentos,56,Bélgica,253447108,11.255,direct
2023,300490,Medicamentos,251,França,210029221,9.327,direct
2023,300490,Medicamentos,380,Itália,184461056,8.191,direct
2023,300490,Medicamentos,528,Países Baixos,174937919,7.768,direct
2023,300490,Medicamentos,757,Suíça,153111703,6.799,direct
2023,300490,Medicamentos,372,Irlanda,151240995,6.716,direct
2023,381512,Catalisadores,616,Polónia,447187932,53.004,direct
2023,381512,Catalisadores,276,Alemanha,386064690,45.759,direct
2023,381512,Catalisadores,826,Reino Unido,5952762,0.706,direct
2023,381512,Catalisadores,76,Brasil,1628322,0.193,direct
2023,381512,Catalisadores,56,Bélgica,975743,0.116,direct
2023,381512,Catalisadores,380,Itália,944359,0.112,direct
2023,381512,Catalisadores,251,França,294403,0.035,direct
2023,381512,Catalisadores,203,Chéquia,288115,0.034,direct
2023,392690,Outros artigos de plástico,724,Espanha,152081802,32.238,direct
2023,392690,Outros artigos de plástico,276,Alemanha,106588816,22.594,direct
2023,392690,Outros artigos de plástico,251,França,44595796,9.453,direct
2023,392690,Outros artigos de plástico,380,Itália,38523180,8.166,direct
2023,392690,Outros artigos de plástico,156,China,35658590,7.559,direct
2023,392690,Outros artigos de plástico,528,Países Baixos,15295353,3.242,direct
2023,392690,Outros artigos de plástico,616,Polónia,10231178,2.169,direct
2023,392690,Outros artigos de plástico,348,Hungria,9710936,2.058,direct
2023,720449,Outra sucata ferrosa,724,Espanha,134197530,33.112,direct
2023,720449,Outra sucata ferrosa,826,Reino Unido,94397598,23.292,direct
2023,720449,Outra sucata ferrosa,251,França,67175572,16.575,direct
2023,720449,Outra sucata ferrosa,372,Irlanda,55081718,13.591,direct
2023,720449,Outra sucata ferrosa,276,Alemanha,11313747,2.792,direct
2023,720449,Outra sucata ferrosa,752,Suécia,10436764,2.575,direct
2023,720449,Outra sucata ferrosa,579,Noruega,10130769,2.5,direct
2023,720449,Outra sucata ferrosa,616,Polónia,8219589,2.028,direct
2023,760120,"Ligas de alumínio, em bruto",724,Espanha,301522150,85.11,direct
2023,760120,"Ligas de alumínio, em bruto",251,França,20558728,5.803,direct
2023,760120,"Ligas de alumínio, em bruto",528,Países Baixos,19794954,5.587,direct
2023,760120,"Ligas de alumínio, em bruto",792,Turquia,4938771,1.394,direct
2023,760120,"Ligas de alumínio, em bruto",380,Itália,3807687,1.075,direct
2023,760120,"Ligas de alumínio, em bruto",348,Hungria,1789039,0.505,direct
2023,760120,"Ligas de alumínio, em bruto",752,Suécia,802034,0.226,direct
2023,760120,"Ligas de alumínio, em bruto",276,Alemanha,353497,0.1,direct
2023,840820,Motores diesel para veículos,251,França,124933807,40.519,direct
2023,840820,Motores diesel para veículos,616,Polónia,111652384,36.211,direct
2023,840820,Motores diesel para veículos,380,Itália,47488246,15.401,direct
2023,840820,Motores diesel para veículos,724,Espanha,10810647,3.506,direct
2023,840820,Motores diesel para veículos,392,Japão,9167258,2.973,direct
2023,840820,Motores diesel para veículos,276,Alemanha,1716039,0.557,direct
2023,840820,Motores diesel para veículos,826,Reino Unido,1440750,0.467,direct
2023,840820,Motores diesel para veículos,528,Países Baixos,580057,0.188,direct
2023,847130,Computadores portáteis,724,Espanha,150868799,31.148,direct
2023,847130,Computadores portáteis,528,Países Baixos,149466155,30.858,direct
2023,847130,Computadores portáteis,276,Alemanha,57511168,11.873,direct
2023,847130,Computadores portáteis,380,Itália,37650592,7.773,direct
2023,847130,Computadores portáteis,156,China,23815597,4.917,direct
2023,847130,Computadores portáteis,704,Vietname,22009012,4.544,direct
2023,847130,Computadores portáteis,300,Grécia,17258676,3.563,direct
2023,847130,Computadores portáteis,372,Irlanda,7092198,1.464,direct
2023,852990,Outras partes de aparelhos de rádio e TV,276,Alemanha,281438177,52.635,direct
2023,852990,Outras partes de aparelhos de rádio e TV,724,Espanha,51768775,9.682,direct
2023,852990,Outras partes de aparelhos de rádio e TV,156,China,41435882,7.749,direct
2023,852990,Outras partes de aparelhos de rádio e TV,490,Taiwan (Prov. China),30282809,5.664,direct
2023,852990,Outras partes de aparelhos de rádio e TV,251,França,26630799,4.981,direct
2023,852990,Outras partes de aparelhos de rádio e TV,702,Singapura,24778142,4.634,direct
2023,852990,Outras partes de aparelhos de rádio e TV,528,Países Baixos,16331825,3.054,direct
2023,852990,Outras partes de aparelhos de rádio e TV,56,Bélgica,14313140,2.677,direct
2023,854239,Outros circuitos integrados,276,Alemanha,217853500,48.285,direct
2023,854239,Outros circuitos integrados,528,Países Baixos,45313873,10.043,direct
2023,854239,Outros circuitos integrados,372,Irlanda,38071239,8.438,direct
2023,854239,Outros circuitos integrados,490,Taiwan (Prov. China),34324337,7.608,direct
2023,854239,Outros circuitos integrados,702,Singapura,17869093,3.961,direct
2023,854239,Outros circuitos integrados,56,Bélgica,16845308,3.734,direct
2023,854239,Outros circuitos integrados,40,Áustria,15560563,3.449,direct
2023,854239,Outros circuitos integrados,842,EUA,15169032,3.362,direct
2023,870322,Automóveis a gasolina 1.000–1.500 cm³,724,Espanha,291433601,37.437,direct
2023,870322,Automóveis a gasolina 1.000–1.500 cm³,276,Alemanha,145683913,18.714,direct
2023,870322,Automóveis a gasolina 1.000–1.500 cm³,251,França,68432960,8.791,direct
2023,870322,Automóveis a gasolina 1.000–1.500 cm³,348,Hungria,62852400,8.074,direct
2023,870322,Automóveis a gasolina 1.000–1.500 cm³,504,Marrocos,49055811,6.302,direct
2023,870322,Automóveis a gasolina 1.000–1.500 cm³,203,Chéquia,43854576,5.634,direct
2023,870322,Automóveis a gasolina 1.000–1.500 cm³,703,Eslováquia,28985907,3.723,direct
2023,870322,Automóveis a gasolina 1.000–1.500 cm³,380,Itália,21367207,2.745,direct
2023,870323,Automóveis a gasolina 1.500–3.000 cm³,251,França,379875825,35.935,direct
2023,870323,Automóveis a gasolina 1.500–3.000 cm³,276,Alemanha,264905986,25.059,direct
2023,870323,Automóveis a gasolina 1.500–3.000 cm³,56,Bélgica,157418311,14.891,direct
2023,870323,Automóveis a gasolina 1.500–3.000 cm³,724,Espanha,121139889,11.459,direct
2023,870323,Automóveis a gasolina 1.500–3.000 cm³,528,Países Baixos,98552497,9.323,direct
2023,870323,Automóveis a gasolina 1.500–3.000 cm³,703,Eslováquia,14217137,1.345,direct
2023,870323,Automóveis a gasolina 1.500–3.000 cm³,380,Itália,11055659,1.046,direct
2023,870323,Automóveis a gasolina 1.500–3.000 cm³,348,Hungria,2106026,0.199,direct
2023,870331,Automóveis diesel até 1.500 cm³,251,França,198894219,32.551,direct
2023,870331,Automóveis diesel até 1.500 cm³,276,Alemanha,161772454,26.475,direct
2023,870331,Automóveis diesel até 1.500 cm³,724,Espanha,134358740,21.989,direct
2023,870331,Automóveis diesel até 1.500 cm³,56,Bélgica,70503165,11.538,direct
2023,870331,Automóveis diesel até 1.500 cm³,504,Marrocos,17958653,2.939,direct
2023,870331,Automóveis diesel até 1.500 cm³,642,Roménia,8374990,1.371,direct
2023,870331,Automóveis diesel até 1.500 cm³,792,Turquia,6460589,1.057,direct
2023,870331,Automóveis diesel até 1.500 cm³,380,Itália,5068121,0.829,direct
2023,870332,Automóveis diesel 1.500–2.500 cm³,276,Alemanha,421395485,43.961,direct
2023,870332,Automóveis diesel 1.500–2.500 cm³,251,França,229328809,23.924,direct
2023,870332,Automóveis diesel 1.500–2.500 cm³,528,Países Baixos,86418361,9.015,direct
2023,870332,Automóveis diesel 1.500–2.500 cm³,724,Espanha,68158877,7.11,direct
2023,870332,Automóveis diesel 1.500–2.500 cm³,348,Hungria,32940793,3.436,direct
2023,870332,Automóveis diesel 1.500–2.500 cm³,616,Polónia,28869869,3.012,direct
2023,870332,Automóveis diesel 1.500–2.500 cm³,203,Chéquia,27089745,2.826,direct
2023,870332,Automóveis diesel 1.500–2.500 cm³,56,Bélgica,20924753,2.183,direct
2023,870421,Camiões diesel até 5 t,251,França,165633340,28.448,direct
2023,870421,Camiões diesel até 5 t,724,Espanha,92567389,15.899,direct
2023,870421,Camiões diesel até 5 t,752,Suécia,63763320,10.952,direct
2023,870421,Camiões diesel até 5 t,276,Alemanha,57051244,9.799,direct
2023,870421,Camiões diesel até 5 t,792,Turquia,44546691,7.651,direct
2023,870421,Camiões diesel até 5 t,504,Marrocos,37425358,6.428,direct
2023,870421,Camiões diesel até 5 t,380,Itália,29812870,5.121,direct
2023,870421,Camiões diesel até 5 t,56,Bélgica,25367753,4.357,direct
2023,870840,Caixas de velocidades e partes,276,Alemanha,196556236,41.669,direct
2023,870840,Caixas de velocidades e partes,724,Espanha,94727334,20.082,direct
2023,870840,Caixas de velocidades e partes,251,França,85799507,18.189,direct
2023,870840,Caixas de velocidades e partes,392,Japão,29216344,6.194,direct
2023,870840,Caixas de velocidades e partes,203,Chéquia,27426182,5.814,direct
2023,870840,Caixas de velocidades e partes,32,Argentina,13782198,2.922,direct
2023,870840,Caixas de velocidades e partes,642,Roménia,7404027,1.57,direct
2023,870840,Caixas de velocidades e partes,380,Itália,5525216,1.171,direct
2023,870899,Outras partes de veículos,724,Espanha,722038093,45.874,direct
2023,870899,Outras partes de veículos,276,Alemanha,271326355,17.238,direct
2023,870899,Outras partes de veículos,251,França,237609418,15.096,direct
2023,870899,Outras partes de veículos,380,Itália,59787815,3.799,direct
2023,870899,Outras partes de veículos,528,Países Baixos,52008559,3.304,direct
2023,870899,Outras partes de veículos,56,Bélgica,50992443,3.24,direct
2023,870899,Outras partes de veículos,392,Japão,41649343,2.646,direct
2023,870899,Outras partes de veículos,348,Hungria,22970320,1.459,direct
2023,880240,Aviões +15.000 kg,276,Alemanha,194674268,35.952,direct
2023,880240,Aviões +15.000 kg,251,França,151492493,27.977,direct
2023,880240,Aviões +15.000 kg,76,Brasil,125455515,23.169,direct
2023,880240,Aviões +15.000 kg,124,Canadá,51325327,9.479,direct
2023,880240,Aviões +15.000 kg,724,Espanha,18538805,3.424,direct
2023,999999,Mercadorias não especificadas,724,Espanha,371283,57.973,direct
2023,999999,Mercadorias não especificadas,380,Itália,269159,42.027,direct
2023,100590,Milho,804,Ucrânia,158903357,45.214,mirror
2023,100590,Milho,76,Brasil,62797040,17.868,mirror
2023,100590,Milho,642,Roménia,42679360,12.144,mirror
2023,100590,Milho,124,Canadá,27464885,7.815,mirror
2023,100590,Milho,842,EUA,25019715,7.119,mirror
2023,100590,Milho,251,França,10596909,3.015,mirror
2023,100590,Milho,724,Espanha,9166510,2.608,mirror
2023,100590,Milho,428,Letónia,8636220,2.457,mirror
2023,270900,Petróleo bruto,76,Brasil,2136485765,47.385,mirror
2023,270900,Petróleo bruto,566,Nigéria,1042243531,23.116,mirror
2023,270900,Petróleo bruto,31,Azerbaijan,299575753,6.644,mirror
2023,270900,Petróleo bruto,842,EUA,265905052,5.898,mirror
2023,270900,Petróleo bruto,178,Congo,222045251,4.925,mirror
2023,270900,Petróleo bruto,288,Gana,209032883,4.636,mirror
2023,270900,Petróleo bruto,24,Angola,155097491,3.44,mirror
2023,270900,Petróleo bruto,579,Noruega,151052539,3.35,mirror
2023,271019,Gasóleo e combustíveis médios e pesados,724,Espanha,681176957,35.357,mirror
2023,271019,Gasóleo e combustíveis médios e pesados,699,Índia,259556965,13.473,mirror
2023,271019,Gasóleo e combustíveis médios e pesados,76,Brasil,234763924,12.186,mirror
2023,271019,Gasóleo e combustíveis médios e pesados,528,Países Baixos,209016525,10.849,mirror
2023,271019,Gasóleo e combustíveis médios e pesados,842,EUA,127549523,6.621,mirror
2023,271019,Gasóleo e combustíveis médios e pesados,156,China,121977868,6.331,mirror
2023,271019,Gasóleo e combustíveis médios e pesados,380,Itália,82170111,4.265,mirror
2023,271019,Gasóleo e combustíveis médios e pesados,300,Grécia,52279729,2.714,mirror
2023,271111,Gás natural liquefeito (GNL),566,Nigéria,650235421,61.432,mirror
2023,271111,Gás natural liquefeito (GNL),842,EUA,406152932,38.372,mirror
2023,271111,Gás natural liquefeito (GNL),724,Espanha,1494303,0.141,mirror
2023,271111,Gás natural liquefeito (GNL),752,Suécia,579256,0.055,mirror
2023,271111,Gás natural liquefeito (GNL),372,Irlanda,324,0.0,mirror
2023,271121,Gás natural em estado gasoso,724,Espanha,61223985,100.0,mirror
2023,271600,Energia elétrica,724,Espanha,1531885751,100.0,mirror
2023,300490,Medicamentos,276,Alemanha,349124629,19.282,mirror
2023,300490,Medicamentos,724,Espanha,253085847,13.978,mirror
2023,300490,Medicamentos,251,França,208984502,11.542,mirror
2023,300490,Medicamentos,757,Suíça,182253807,10.066,mirror
2023,300490,Medicamentos,56,Bélgica,180453543,9.966,mirror
2023,300490,Medicamentos,380,Itália,163179186,9.012,mirror
2023,300490,Medicamentos,528,Países Baixos,103977255,5.743,mirror
2023,300490,Medicamentos,372,Irlanda,90880813,5.019,mirror
2023,381512,Catalisadores,276,Alemanha,498744224,58.467,mirror
2023,381512,Catalisadores,616,Polónia,323095398,37.876,mirror
2023,381512,Catalisadores,380,Itália,11699197,1.371,mirror
2023,381512,Catalisadores,251,França,11287774,1.323,mirror
2023,381512,Catalisadores,826,Reino Unido,6086852,0.714,mirror
2023,381512,Catalisadores,76,Brasil,1575581,0.185,mirror
2023,381512,Catalisadores,203,Chéquia,299742,0.035,mirror
2023,381512,Catalisadores,528,Países Baixos,196553,0.023,mirror
2023,392690,Outros artigos de plástico,724,Espanha,109626247,25.75,mirror
2023,392690,Outros artigos de plástico,276,Alemanha,87944428,20.657,mirror
2023,392690,Outros artigos de plástico,380,Itália,48586877,11.412,mirror
2023,392690,Outros artigos de plástico,251,França,44829320,10.53,mirror
2023,392690,Outros artigos de plástico,156,China,31358339,7.366,mirror
2023,392690,Outros artigos de plástico,528,Países Baixos,12283513,2.885,mirror
2023,392690,Outros artigos de plástico,757,Suíça,9661669,2.269,mirror
2023,392690,Outros artigos de plástico,203,Chéquia,9010623,2.116,mirror
2023,720449,Outra sucata ferrosa,826,Reino Unido,76313646,37.234,mirror
2023,720449,Outra sucata ferrosa,724,Espanha,48334962,23.583,mirror
2023,720449,Outra sucata ferrosa,251,França,27900012,13.613,mirror
2023,720449,Outra sucata ferrosa,276,Alemanha,12821410,6.256,mirror
2023,720449,Outra sucata ferrosa,579,Noruega,10311377,5.031,mirror
2023,720449,Outra sucata ferrosa,616,Polónia,8089442,3.947,mirror
2023,720449,Outra sucata ferrosa,372,Irlanda,7140312,3.484,mirror
2023,720449,Outra sucata ferrosa,208,Dinamarca,6497646,3.17,mirror
2023,760120,"Ligas de alumínio, em bruto",724,Espanha,238124266,71.341,mirror
2023,760120,"Ligas de alumínio, em bruto",579,Noruega,78723717,23.585,mirror
2023,760120,"Ligas de alumínio, em bruto",380,Itália,6251090,1.873,mirror
2023,760120,"Ligas de alumínio, em bruto",792,Turquia,3769316,1.129,mirror
2023,760120,"Ligas de alumínio, em bruto",528,Países Baixos,2986792,0.895,mirror
2023,760120,"Ligas de alumínio, em bruto",48,Barém,1674818,0.502,mirror
2023,760120,"Ligas de alumínio, em bruto",752,Suécia,1154177,0.346,mirror
2023,760120,"Ligas de alumínio, em bruto",251,França,547142,0.164,mirror
2023,840820,Motores diesel para veículos,616,Polónia,111790024,58.643,mirror
2023,840820,Motores diesel para veículos,380,Itália,48364622,25.371,mirror
2023,840820,Motores diesel para veículos,251,França,16923151,8.878,mirror
2023,840820,Motores diesel para veículos,724,Espanha,8832606,4.633,mirror
2023,840820,Motores diesel para veículos,276,Alemanha,2488925,1.306,mirror
2023,840820,Motores diesel para veículos,826,Reino Unido,1477554,0.775,mirror
2023,840820,Motores diesel para veículos,56,Bélgica,417683,0.219,mirror
2023,840820,Motores diesel para veículos,752,Suécia,160035,0.084,mirror
2023,847130,Computadores portáteis,724,Espanha,150157841,33.267,mirror
2023,847130,Computadores portáteis,276,Alemanha,82452656,18.267,mirror
2023,847130,Computadores portáteis,528,Países Baixos,61763142,13.684,mirror
2023,847130,Computadores portáteis,156,China,59925576,13.276,mirror
2023,847130,Computadores portáteis,380,Itália,32427371,7.184,mirror
2023,847130,Computadores portáteis,704,Vietname,21026117,4.658,mirror
2023,847130,Computadores portáteis,300,Grécia,16711558,3.702,mirror
2023,847130,Computadores portáteis,251,França,6166720,1.366,mirror
2023,851712,Telemóveis,24,Angola,1234,83.043,mirror
2023,851712,Telemóveis,626,Timor-Leste,252,16.957,mirror
2023,852990,Outras partes de aparelhos de rádio e TV,156,China,19303866,19.466,mirror
2023,852990,Outras partes de aparelhos de rádio e TV,276,Alemanha,18725611,18.883,mirror
2023,852990,Outras partes de aparelhos de rádio e TV,490,Taiwan (Prov. China),14530916,14.653,mirror
2023,852990,Outras partes de aparelhos de rádio e TV,458,Malásia,9152222,9.229,mirror
2023,852990,Outras partes de aparelhos de rádio e TV,724,Espanha,7000968,7.06,mirror
2023,852990,Outras partes de aparelhos de rádio e TV,608,Filipinas,6194080,6.246,mirror
2023,852990,Outras partes de aparelhos de rádio e TV,826,Reino Unido,5469411,5.515,mirror
2023,852990,Outras partes de aparelhos de rádio e TV,251,França,3635699,3.666,mirror
2023,854239,Outros circuitos integrados,276,Alemanha,188672544,43.493,mirror
2023,854239,Outros circuitos integrados,490,Taiwan (Prov. China),138054982,31.825,mirror
2023,854239,Outros circuitos integrados,702,Singapura,27341989,6.303,mirror
2023,854239,Outros circuitos integrados,251,França,21023287,4.846,mirror
2023,854239,Outros circuitos integrados,528,Países Baixos,18559577,4.278,mirror
2023,854239,Outros circuitos integrados,56,Bélgica,10289579,2.372,mirror
2023,854239,Outros circuitos integrados,344,Hong Kong (RAEHK),5414849,1.248,mirror
2023,854239,Outros circuitos integrados,348,Hungria,4488839,1.035,mirror
2023,870322,Automóveis a gasolina 1.000–1.500 cm³,724,Espanha,236056959,33.604,mirror
2023,870322,Automóveis a gasolina 1.000–1.500 cm³,504,Marrocos,109671478,15.612,mirror
2023,870322,Automóveis a gasolina 1.000–1.500 cm³,276,Alemanha,104213167,14.835,mirror
2023,870322,Automóveis a gasolina 1.000–1.500 cm³,251,França,80498606,11.459,mirror
2023,870322,Automóveis a gasolina 1.000–1.500 cm³,380,Itália,44935684,6.397,mirror
2023,870322,Automóveis a gasolina 1.000–1.500 cm³,703,Eslováquia,23276232,3.313,mirror
2023,870322,Automóveis a gasolina 1.000–1.500 cm³,348,Hungria,17150423,2.441,mirror
2023,870322,Automóveis a gasolina 1.000–1.500 cm³,528,Países Baixos,17126926,2.438,mirror
2023,870323,Automóveis a gasolina 1.500–3.000 cm³,251,França,166121053,28.566,mirror
2023,870323,Automóveis a gasolina 1.500–3.000 cm³,276,Alemanha,129146696,22.208,mirror
2023,870323,Automóveis a gasolina 1.500–3.000 cm³,724,Espanha,79339247,13.643,mirror
2023,870323,Automóveis a gasolina 1.500–3.000 cm³,56,Bélgica,73819030,12.694,mirror
2023,870323,Automóveis a gasolina 1.500–3.000 cm³,504,Marrocos,25555577,4.394,mirror
2023,870323,Automóveis a gasolina 1.500–3.000 cm³,203,Chéquia,17554922,3.019,mirror
2023,870323,Automóveis a gasolina 1.500–3.000 cm³,348,Hungria,15333802,2.637,mirror
2023,870323,Automóveis a gasolina 1.500–3.000 cm³,703,Eslováquia,13691296,2.354,mirror
2023,870331,Automóveis diesel até 1.500 cm³,276,Alemanha,128158505,31.715,mirror
2023,870331,Automóveis diesel até 1.500 cm³,251,França,112106942,27.743,mirror
2023,870331,Automóveis diesel até 1.500 cm³,724,Espanha,50936875,12.605,mirror
2023,870331,Automóveis diesel até 1.500 cm³,56,Bélgica,44308740,10.965,mirror
2023,870331,Automóveis diesel até 1.500 cm³,504,Marrocos,37234401,9.214,mirror
2023,870331,Automóveis diesel até 1.500 cm³,792,Turquia,13400733,3.316,mirror
2023,870331,Automóveis diesel até 1.500 cm³,642,Roménia,11128935,2.754,mirror
2023,870331,Automóveis diesel até 1.500 cm³,380,Itália,2821024,0.698,mirror
2023,870332,Automóveis diesel 1.500–2.500 cm³,276,Alemanha,245446140,39.546,mirror
2023,870332,Automóveis diesel 1.500–2.500 cm³,251,França,117773342,18.975,mirror
2023,870332,Automóveis diesel 1.500–2.500 cm³,56,Bélgica,71598111,11.536,mirror
2023,870332,Automóveis diesel 1.500–2.500 cm³,724,Espanha,69695312,11.229,mirror
2023,870332,Automóveis diesel 1.500–2.500 cm³,203,Chéquia,30704080,4.947,mirror
2023,870332,Automóveis diesel 1.500–2.500 cm³,348,Hungria,26670344,4.297,mirror
2023,870332,Automóveis diesel 1.500–2.500 cm³,528,Países Baixos,12600414,2.03,mirror
2023,870332,Automóveis diesel 1.500–2.500 cm³,208,Dinamarca,8397733,1.353,mirror
2023,870421,Camiões diesel até 5 t,251,França,87380161,20.342,mirror
2023,870421,Camiões diesel até 5 t,724,Espanha,74913623,17.44,mirror
2023,870421,Camiões diesel até 5 t,276,Alemanha,52858804,12.306,mirror
2023,870421,Camiões diesel até 5 t,380,Itália,48827021,11.367,mirror
2023,870421,Camiões diesel até 5 t,616,Polónia,34593975,8.054,mirror
2023,870421,Camiões diesel até 5 t,392,Japão,33581339,7.818,mirror
2023,870421,Camiões diesel até 5 t,792,Turquia,30853887,7.183,mirror
2023,870421,Camiões diesel até 5 t,528,Países Baixos,21180338,4.931,mirror
2023,870840,Caixas de velocidades e partes,276,Alemanha,185523690,47.898,mirror
2023,870840,Caixas de velocidades e partes,251,França,65556365,16.925,mirror
2023,870840,Caixas de velocidades e partes,724,Espanha,58837314,15.19,mirror
2023,870840,Caixas de velocidades e partes,203,Chéquia,31528572,8.14,mirror
2023,870840,Caixas de velocidades e partes,392,Japão,17973700,4.64,mirror
2023,870840,Caixas de velocidades e partes,380,Itália,8366187,2.16,mirror
2023,870840,Caixas de velocidades e partes,703,Eslováquia,4958783,1.28,mirror
2023,870840,Caixas de velocidades e partes,642,Roménia,3669494,0.947,mirror
2023,870899,Outras partes de veículos,724,Espanha,450764136,57.121,mirror
2023,870899,Outras partes de veículos,251,França,104766212,13.276,mirror
2023,870899,Outras partes de veículos,380,Itália,50299865,6.374,mirror
2023,870899,Outras partes de veículos,276,Alemanha,48133917,6.1,mirror
2023,870899,Outras partes de veículos,156,China,29298797,3.713,mirror
2023,870899,Outras partes de veículos,392,Japão,20481621,2.595,mirror
2023,870899,Outras partes de veículos,203,Chéquia,12719121,1.612,mirror
2023,870899,Outras partes de veículos,528,Países Baixos,11979060,1.518,mirror
2023,880240,Aviões +15.000 kg,76,Brasil,246181479,36.834,mirror
2023,880240,Aviões +15.000 kg,276,Alemanha,203251220,30.41,mirror
2023,880240,Aviões +15.000 kg,251,França,167440365,25.052,mirror
2023,880240,Aviões +15.000 kg,124,Canadá,51488984,7.704,mirror
2023,999999,Mercadorias não especificadas,276,Alemanha,443291544,20.4,mirror
2023,999999,Mercadorias não especificadas,842,EUA,406510667,18.707,mirror
2023,999999,Mercadorias não especificadas,702,Singapura,343505414,15.808,mirror
2023,999999,Mercadorias não especificadas,156,China,224392221,10.326,mirror
2023,999999,Mercadorias não especificadas,724,Espanha,174125536,8.013,mirror
2023,999999,Mercadorias não especificadas,380,Itália,115368785,5.309,mirror
2023,999999,Mercadorias não especificadas,792,Turquia,109360759,5.033,mirror
2023,999999,Mercadorias não especificadas,348,Hungria,57361168,2.64,mirror
2024,100590,Milho,804,Ucrânia,175642009,44.244,direct
2024,100590,Milho,842,EUA,73304245,18.465,direct
2024,100590,Milho,76,Brasil,32653887,8.225,direct
2024,100590,Milho,642,Roménia,27680363,6.973,direct
2024,100590,Milho,124,Canadá,25366840,6.39,direct
2024,100590,Milho,724,Espanha,14425849,3.634,direct
2024,100590,Milho,251,França,14210587,3.58,direct
2024,100590,Milho,428,Letónia,10492983,2.643,direct
2024,270900,Petróleo bruto,76,Brasil,2650947960,41.328,direct
2024,270900,Petróleo bruto,12,Argélia,1121057620,17.477,direct
2024,270900,Petróleo bruto,31,Azerbaijan,723161293,11.274,direct
2024,270900,Petróleo bruto,842,EUA,707317753,11.027,direct
2024,270900,Petróleo bruto,566,Nigéria,556211416,8.671,direct
2024,270900,Petróleo bruto,579,Noruega,366752040,5.718,direct
2024,270900,Petróleo bruto,288,Gana,151503285,2.362,direct
2024,270900,Petróleo bruto,24,Angola,73678441,1.149,direct
2024,271019,Gasóleo e combustíveis médios e pesados,724,Espanha,763501773,38.06,direct
2024,271019,Gasóleo e combustíveis médios e pesados,682,Arábia Saudita,420918892,20.983,direct
2024,271019,Gasóleo e combustíveis médios e pesados,528,Países Baixos,111874701,5.577,direct
2024,271019,Gasóleo e combustíveis médios e pesados,414,Kuwait,93785995,4.675,direct
2024,271019,Gasóleo e combustíveis médios e pesados,380,Itália,93267878,4.649,direct
2024,271019,Gasóleo e combustíveis médios e pesados,699,Índia,81488835,4.062,direct
2024,271019,Gasóleo e combustíveis médios e pesados,792,Turquia,52453555,2.615,direct
2024,271019,Gasóleo e combustíveis médios e pesados,410,Coreia do Sul,51462844,2.565,direct
2024,271111,Gás natural liquefeito (GNL),566,Nigéria,637977407,49.362,direct
2024,271111,Gás natural liquefeito (GNL),842,EUA,524235380,40.561,direct
2024,271111,Gás natural liquefeito (GNL),643,Rússia,107484059,8.316,direct
2024,271111,Gás natural liquefeito (GNL),780,Trinidad and Tobago,22752702,1.76,direct
2024,271121,Gás natural em estado gasoso,724,Espanha,133035517,100.0,direct
2024,271600,Energia elétrica,724,Espanha,1083845353,100.0,direct
2024,300490,Medicamentos,276,Alemanha,516654704,22.496,direct
2024,300490,Medicamentos,724,Espanha,329937652,14.366,direct
2024,300490,Medicamentos,56,Bélgica,293652201,12.786,direct
2024,300490,Medicamentos,251,França,223313698,9.724,direct
2024,300490,Medicamentos,757,Suíça,165163305,7.192,direct
2024,300490,Medicamentos,528,Países Baixos,165058754,7.187,direct
2024,300490,Medicamentos,372,Irlanda,142565853,6.208,direct
2024,300490,Medicamentos,380,Itália,111419059,4.851,direct
2024,381512,Catalisadores,276,Alemanha,300672565,60.216,direct
2024,381512,Catalisadores,616,Polónia,194207219,38.894,direct
2024,381512,Catalisadores,56,Bélgica,1551079,0.311,direct
2024,381512,Catalisadores,76,Brasil,1097126,0.22,direct
2024,381512,Catalisadores,380,Itália,599083,0.12,direct
2024,381512,Catalisadores,724,Espanha,452594,0.091,direct
2024,381512,Catalisadores,826,Reino Unido,282771,0.057,direct
2024,381512,Catalisadores,528,Países Baixos,227639,0.046,direct
2024,392690,Outros artigos de plástico,724,Espanha,142561433,31.054,direct
2024,392690,Outros artigos de plástico,276,Alemanha,93022670,20.263,direct
2024,392690,Outros artigos de plástico,251,França,51695392,11.261,direct
2024,392690,Outros artigos de plástico,156,China,39356635,8.573,direct
2024,392690,Outros artigos de plástico,380,Itália,34395946,7.492,direct
2024,392690,Outros artigos de plástico,528,Países Baixos,18529366,4.036,direct
2024,392690,Outros artigos de plástico,616,Polónia,8652101,1.885,direct
2024,392690,Outros artigos de plástico,826,Reino Unido,7562969,1.647,direct
2024,720449,Outra sucata ferrosa,724,Espanha,120927969,34.356,direct
2024,720449,Outra sucata ferrosa,826,Reino Unido,87913394,24.977,direct
2024,720449,Outra sucata ferrosa,251,França,58835873,16.716,direct
2024,720449,Outra sucata ferrosa,372,Irlanda,55765825,15.843,direct
2024,720449,Outra sucata ferrosa,528,Países Baixos,5888929,1.673,direct
2024,720449,Outra sucata ferrosa,352,Islândia,5166537,1.468,direct
2024,720449,Outra sucata ferrosa,579,Noruega,3710859,1.054,direct
2024,720449,Outra sucata ferrosa,616,Polónia,3484086,0.99,direct
2024,760120,"Ligas de alumínio, em bruto",724,Espanha,291646649,83.537,direct
2024,760120,"Ligas de alumínio, em bruto",528,Países Baixos,33503816,9.597,direct
2024,760120,"Ligas de alumínio, em bruto",251,França,13308820,3.812,direct
2024,760120,"Ligas de alumínio, em bruto",380,Itália,3296528,0.944,direct
2024,760120,"Ligas de alumínio, em bruto",792,Turquia,3012030,0.863,direct
2024,760120,"Ligas de alumínio, em bruto",752,Suécia,2386495,0.684,direct
2024,760120,"Ligas de alumínio, em bruto",40,Áustria,919018,0.263,direct
2024,760120,"Ligas de alumínio, em bruto",276,Alemanha,724688,0.208,direct
2024,840820,Motores diesel para veículos,251,França,122909947,44.516,direct
2024,840820,Motores diesel para veículos,616,Polónia,98536272,35.688,direct
2024,840820,Motores diesel para veículos,380,Itália,32481697,11.764,direct
2024,840820,Motores diesel para veículos,392,Japão,8449835,3.06,direct
2024,840820,Motores diesel para veículos,724,Espanha,7662334,2.775,direct
2024,840820,Motores diesel para veículos,56,Bélgica,2105174,0.762,direct
2024,840820,Motores diesel para veículos,276,Alemanha,2023724,0.733,direct
2024,840820,Motores diesel para veículos,826,Reino Unido,1577623,0.571,direct
2024,847130,Computadores portáteis,724,Espanha,192155333,32.838,direct
2024,847130,Computadores portáteis,528,Países Baixos,183933357,31.433,direct
2024,847130,Computadores portáteis,276,Alemanha,68903057,11.775,direct
2024,847130,Computadores portáteis,380,Itália,45328290,7.746,direct
2024,847130,Computadores portáteis,156,China,37557802,6.418,direct
2024,847130,Computadores portáteis,704,Vietname,20436103,3.492,direct
2024,847130,Computadores portáteis,300,Grécia,16199293,2.768,direct
2024,847130,Computadores portáteis,372,Irlanda,4959458,0.848,direct
2024,852990,Outras partes de aparelhos de rádio e TV,276,Alemanha,199074278,49.708,direct
2024,852990,Outras partes de aparelhos de rádio e TV,156,China,35531999,8.872,direct
2024,852990,Outras partes de aparelhos de rádio e TV,702,Singapura,34708886,8.667,direct
2024,852990,Outras partes de aparelhos de rádio e TV,724,Espanha,31366477,7.832,direct
2024,852990,Outras partes de aparelhos de rádio e TV,490,Taiwan (Prov. China),30440843,7.601,direct
2024,852990,Outras partes de aparelhos de rádio e TV,528,Países Baixos,16530688,4.128,direct
2024,852990,Outras partes de aparelhos de rádio e TV,251,França,9806101,2.449,direct
2024,852990,Outras partes de aparelhos de rádio e TV,56,Bélgica,7498396,1.872,direct
2024,854239,Outros circuitos integrados,276,Alemanha,235029646,33.378,direct
2024,854239,Outros circuitos integrados,702,Singapura,119984260,17.04,direct
2024,854239,Outros circuitos integrados,490,Taiwan (Prov. China),104391731,14.825,direct
2024,854239,Outros circuitos integrados,372,Irlanda,69045651,9.806,direct
2024,854239,Outros circuitos integrados,528,Países Baixos,57305183,8.138,direct
2024,854239,Outros circuitos integrados,56,Bélgica,19278190,2.738,direct
2024,854239,Outros circuitos integrados,156,China,15990705,2.271,direct
2024,854239,Outros circuitos integrados,724,Espanha,15559443,2.21,direct
2024,870322,Automóveis a gasolina 1.000–1.500 cm³,724,Espanha,404604037,42.096,direct
2024,870322,Automóveis a gasolina 1.000–1.500 cm³,276,Alemanha,163921474,17.055,direct
2024,870322,Automóveis a gasolina 1.000–1.500 cm³,251,França,118685939,12.348,direct
2024,870322,Automóveis a gasolina 1.000–1.500 cm³,504,Marrocos,57437962,5.976,direct
2024,870322,Automóveis a gasolina 1.000–1.500 cm³,348,Hungria,38711881,4.028,direct
2024,870322,Automóveis a gasolina 1.000–1.500 cm³,616,Polónia,37414990,3.893,direct
2024,870322,Automóveis a gasolina 1.000–1.500 cm³,203,Chéquia,33513098,3.487,direct
2024,870322,Automóveis a gasolina 1.000–1.500 cm³,703,Eslováquia,31953250,3.324,direct
2024,870323,Automóveis a gasolina 1.500–3.000 cm³,276,Alemanha,318664627,39.141,direct
2024,870323,Automóveis a gasolina 1.500–3.000 cm³,251,França,228368039,28.05,direct
2024,870323,Automóveis a gasolina 1.500–3.000 cm³,56,Bélgica,126990681,15.598,direct
2024,870323,Automóveis a gasolina 1.500–3.000 cm³,724,Espanha,115299100,14.162,direct
2024,870323,Automóveis a gasolina 1.500–3.000 cm³,703,Eslováquia,15505427,1.904,direct
2024,870323,Automóveis a gasolina 1.500–3.000 cm³,380,Itália,1803458,0.222,direct
2024,870323,Automóveis a gasolina 1.500–3.000 cm³,528,Países Baixos,1476189,0.181,direct
2024,870323,Automóveis a gasolina 1.500–3.000 cm³,826,Reino Unido,1313175,0.161,direct
2024,870331,Automóveis diesel até 1.500 cm³,251,França,246361720,48.696,direct
2024,870331,Automóveis diesel até 1.500 cm³,724,Espanha,123622341,24.435,direct
2024,870331,Automóveis diesel até 1.500 cm³,56,Bélgica,76346939,15.091,direct
2024,870331,Automóveis diesel até 1.500 cm³,276,Alemanha,35657336,7.048,direct
2024,870331,Automóveis diesel até 1.500 cm³,792,Turquia,9149395,1.808,direct
2024,870331,Automóveis diesel até 1.500 cm³,642,Roménia,7126692,1.409,direct
2024,870331,Automóveis diesel até 1.500 cm³,442,Luxemburgo,3668315,0.725,direct
2024,870331,Automóveis diesel até 1.500 cm³,528,Países Baixos,3051846,0.603,direct
2024,870332,Automóveis diesel 1.500–2.500 cm³,276,Alemanha,528572226,49.2,direct
2024,870332,Automóveis diesel 1.500–2.500 cm³,251,França,197849693,18.416,direct
2024,870332,Automóveis diesel 1.500–2.500 cm³,724,Espanha,182164016,16.956,direct
2024,870332,Automóveis diesel 1.500–2.500 cm³,616,Polónia,44473191,4.14,direct
2024,870332,Automóveis diesel 1.500–2.500 cm³,56,Bélgica,33656050,3.133,direct
2024,870332,Automóveis diesel 1.500–2.500 cm³,203,Chéquia,28386787,2.642,direct
2024,870332,Automóveis diesel 1.500–2.500 cm³,348,Hungria,17896183,1.666,direct
2024,870332,Automóveis diesel 1.500–2.500 cm³,792,Turquia,13410773,1.248,direct
2024,870421,Camiões diesel até 5 t,251,França,177613165,29.215,direct
2024,870421,Camiões diesel até 5 t,724,Espanha,116609495,19.181,direct
2024,870421,Camiões diesel até 5 t,380,Itália,69031247,11.355,direct
2024,870421,Camiões diesel até 5 t,276,Alemanha,60569177,9.963,direct
2024,870421,Camiões diesel até 5 t,792,Turquia,39591845,6.512,direct
2024,870421,Camiões diesel até 5 t,752,Suécia,30285790,4.982,direct
2024,870421,Camiões diesel até 5 t,528,Países Baixos,22613150,3.72,direct
2024,870421,Camiões diesel até 5 t,764,Tailândia,21405355,3.521,direct
2024,870840,Caixas de velocidades e partes,276,Alemanha,144584570,34.916,direct
2024,870840,Caixas de velocidades e partes,724,Espanha,101585770,24.532,direct
2024,870840,Caixas de velocidades e partes,203,Chéquia,56905225,13.742,direct
2024,870840,Caixas de velocidades e partes,251,França,38090792,9.199,direct
2024,870840,Caixas de velocidades e partes,392,Japão,26315207,6.355,direct
2024,870840,Caixas de velocidades e partes,642,Roménia,22690441,5.479,direct
2024,870840,Caixas de velocidades e partes,32,Argentina,11540740,2.787,direct
2024,870840,Caixas de velocidades e partes,699,Índia,3972150,0.959,direct
2024,870899,Outras partes de veículos,724,Espanha,713772025,46.495,direct
2024,870899,Outras partes de veículos,276,Alemanha,259837761,16.926,direct
2024,870899,Outras partes de veículos,251,França,247859604,16.145,direct
2024,870899,Outras partes de veículos,380,Itália,56486757,3.68,direct
2024,870899,Outras partes de veículos,528,Países Baixos,39190614,2.553,direct
2024,870899,Outras partes de veículos,56,Bélgica,32118371,2.092,direct
2024,870899,Outras partes de veículos,203,Chéquia,31348508,2.042,direct
2024,870899,Outras partes de veículos,616,Polónia,26560570,1.73,direct
2024,880240,Aviões +15.000 kg,251,França,317158849,44.024,direct
2024,880240,Aviões +15.000 kg,76,Brasil,125909315,17.477,direct
2024,880240,Aviões +15.000 kg,40,Áustria,114902788,15.949,direct
2024,880240,Aviões +15.000 kg,124,Canadá,89095096,12.367,direct
2024,880240,Aviões +15.000 kg,470,Malta,63933130,8.874,direct
2024,880240,Aviões +15.000 kg,276,Alemanha,9430875,1.309,direct
2024,999999,Mercadorias não especificadas,251,França,451674,100.0,direct
2024,100590,Milho,804,Ucrânia,102647655,33.593,mirror
2024,100590,Milho,842,EUA,62966575,20.607,mirror
2024,100590,Milho,642,Roménia,37689956,12.335,mirror
2024,100590,Milho,76,Brasil,37129934,12.151,mirror
2024,100590,Milho,124,Canadá,25407177,8.315,mirror
2024,100590,Milho,251,França,14205315,4.649,mirror
2024,100590,Milho,724,Espanha,12105669,3.962,mirror
2024,100590,Milho,428,Letónia,6964701,2.279,mirror
2024,270900,Petróleo bruto,76,Brasil,2209304935,39.954,mirror
2024,270900,Petróleo bruto,12,Argélia,969105597,17.526,mirror
2024,270900,Petróleo bruto,842,EUA,777643666,14.063,mirror
2024,270900,Petróleo bruto,31,Azerbaijan,631169311,11.414,mirror
2024,270900,Petróleo bruto,566,Nigéria,452573290,8.185,mirror
2024,270900,Petróleo bruto,579,Noruega,211776965,3.83,mirror
2024,270900,Petróleo bruto,24,Angola,148632841,2.688,mirror
2024,270900,Petróleo bruto,288,Gana,68648816,1.241,mirror
2024,271019,Gasóleo e combustíveis médios e pesados,724,Espanha,633106817,36.511,mirror
2024,271019,Gasóleo e combustíveis médios e pesados,76,Brasil,234712981,13.536,mirror
2024,271019,Gasóleo e combustíveis médios e pesados,156,China,189938848,10.954,mirror
2024,271019,Gasóleo e combustíveis médios e pesados,528,Países Baixos,168185081,9.699,mirror
2024,271019,Gasóleo e combustíveis médios e pesados,380,Itália,82418369,4.753,mirror
2024,271019,Gasóleo e combustíveis médios e pesados,56,Bélgica,62628242,3.612,mirror
2024,271019,Gasóleo e combustíveis médios e pesados,792,Turquia,58189461,3.356,mirror
2024,271019,Gasóleo e combustíveis médios e pesados,12,Argélia,57095374,3.293,mirror
2024,271111,Gás natural liquefeito (GNL),566,Nigéria,391109359,50.901,mirror
2024,271111,Gás natural liquefeito (GNL),842,EUA,375190797,48.83,mirror
2024,271111,Gás natural liquefeito (GNL),724,Espanha,2061093,0.268,mirror
2024,271111,Gás natural liquefeito (GNL),380,Itália,7592,0.001,mirror
2024,271121,Gás natural em estado gasoso,724,Espanha,39577535,100.0,mirror
2024,271121,Gás natural em estado gasoso,56,Bélgica,15,0.0,mirror
2024,271600,Energia elétrica,724,Espanha,1179203251,100.0,mirror
2024,300490,Medicamentos,276,Alemanha,389308364,20.884,mirror
2024,300490,Medicamentos,724,Espanha,280575573,15.051,mirror
2024,300490,Medicamentos,251,França,234931089,12.603,mirror
2024,300490,Medicamentos,56,Bélgica,169235065,9.078,mirror
2024,300490,Medicamentos,757,Suíça,164105452,8.803,mirror
2024,300490,Medicamentos,372,Irlanda,110102156,5.906,mirror
2024,300490,Medicamentos,380,Itália,107519502,5.768,mirror
2024,300490,Medicamentos,528,Países Baixos,102817806,5.516,mirror
2024,381512,Catalisadores,276,Alemanha,302024076,62.397,mirror
2024,381512,Catalisadores,616,Polónia,156638481,32.361,mirror
2024,381512,Catalisadores,251,França,11413595,2.358,mirror
2024,381512,Catalisadores,380,Itália,9949687,2.056,mirror
2024,381512,Catalisadores,203,Chéquia,2376945,0.491,mirror
2024,381512,Catalisadores,76,Brasil,1139794,0.235,mirror
2024,381512,Catalisadores,826,Reino Unido,298855,0.062,mirror
2024,381512,Catalisadores,752,Suécia,104565,0.022,mirror
2024,392690,Outros artigos de plástico,724,Espanha,119591095,25.72,mirror
2024,392690,Outros artigos de plástico,276,Alemanha,87932441,18.912,mirror
2024,392690,Outros artigos de plástico,251,França,45633871,9.814,mirror
2024,392690,Outros artigos de plástico,380,Itália,44564331,9.584,mirror
2024,392690,Outros artigos de plástico,156,China,33658815,7.239,mirror
2024,392690,Outros artigos de plástico,528,Países Baixos,16516661,3.552,mirror
2024,392690,Outros artigos de plástico,504,Marrocos,15767327,3.391,mirror
2024,392690,Outros artigos de plástico,757,Suíça,11002873,2.366,mirror
2024,720449,Outra sucata ferrosa,826,Reino Unido,98902160,52.461,mirror
2024,720449,Outra sucata ferrosa,724,Espanha,42520109,22.554,mirror
2024,720449,Outra sucata ferrosa,251,França,28349633,15.038,mirror
2024,720449,Outra sucata ferrosa,372,Irlanda,4634436,2.458,mirror
2024,720449,Outra sucata ferrosa,579,Noruega,4378250,2.322,mirror
2024,720449,Outra sucata ferrosa,56,Bélgica,4037223,2.141,mirror
2024,720449,Outra sucata ferrosa,276,Alemanha,2227694,1.182,mirror
2024,720449,Outra sucata ferrosa,616,Polónia,1740549,0.923,mirror
2024,760120,"Ligas de alumínio, em bruto",724,Espanha,232275623,65.949,mirror
2024,760120,"Ligas de alumínio, em bruto",579,Noruega,107002720,30.381,mirror
2024,760120,"Ligas de alumínio, em bruto",380,Itália,4752464,1.349,mirror
2024,760120,"Ligas de alumínio, em bruto",792,Turquia,2978100,0.846,mirror
2024,760120,"Ligas de alumínio, em bruto",528,Países Baixos,1858349,0.528,mirror
2024,760120,"Ligas de alumínio, em bruto",251,França,1328251,0.377,mirror
2024,760120,"Ligas de alumínio, em bruto",752,Suécia,859227,0.244,mirror
2024,760120,"Ligas de alumínio, em bruto",276,Alemanha,688519,0.195,mirror
2024,840820,Motores diesel para veículos,616,Polónia,101208231,56.11,mirror
2024,840820,Motores diesel para veículos,380,Itália,41926855,23.244,mirror
2024,840820,Motores diesel para veículos,251,França,19029169,10.55,mirror
2024,840820,Motores diesel para veículos,724,Espanha,9237685,5.121,mirror
2024,840820,Motores diesel para veículos,56,Bélgica,3087229,1.712,mirror
2024,840820,Motores diesel para veículos,348,Hungria,1810556,1.004,mirror
2024,840820,Motores diesel para veículos,276,Alemanha,1638240,0.908,mirror
2024,840820,Motores diesel para veículos,826,Reino Unido,1616149,0.896,mirror
2024,847130,Computadores portáteis,724,Espanha,193667132,37.701,mirror
2024,847130,Computadores portáteis,276,Alemanha,86480299,16.835,mirror
2024,847130,Computadores portáteis,156,China,76295007,14.852,mirror
2024,847130,Computadores portáteis,528,Países Baixos,69839754,13.596,mirror
2024,847130,Computadores portáteis,380,Itália,40051415,7.797,mirror
2024,847130,Computadores portáteis,300,Grécia,16714930,3.254,mirror
2024,847130,Computadores portáteis,251,França,8879754,1.729,mirror
2024,847130,Computadores portáteis,344,Hong Kong (RAEHK),3792561,0.738,mirror
2024,852990,Outras partes de aparelhos de rádio e TV,276,Alemanha,20073968,18.433,mirror
2024,852990,Outras partes de aparelhos de rádio e TV,156,China,18328706,16.831,mirror
2024,852990,Outras partes de aparelhos de rádio e TV,490,Taiwan (Prov. China),15378382,14.122,mirror
2024,852990,Outras partes de aparelhos de rádio e TV,724,Espanha,12995989,11.934,mirror
2024,852990,Outras partes de aparelhos de rádio e TV,251,França,7429984,6.823,mirror
2024,852990,Outras partes de aparelhos de rádio e TV,608,Filipinas,6483838,5.954,mirror
2024,852990,Outras partes de aparelhos de rádio e TV,458,Malásia,5407301,4.965,mirror
2024,852990,Outras partes de aparelhos de rádio e TV,528,Países Baixos,5299934,4.867,mirror
2024,854239,Outros circuitos integrados,276,Alemanha,243810168,48.026,mirror
2024,854239,Outros circuitos integrados,490,Taiwan (Prov. China),175363800,34.543,mirror
2024,854239,Outros circuitos integrados,702,Singapura,15735938,3.1,mirror
2024,854239,Outros circuitos integrados,528,Países Baixos,11941772,2.352,mirror
2024,854239,Outros circuitos integrados,56,Bélgica,9902224,1.951,mirror
2024,854239,Outros circuitos integrados,724,Espanha,9125356,1.798,mirror
2024,854239,Outros circuitos integrados,688,Sérvia,8907006,1.755,mirror
2024,854239,Outros circuitos integrados,251,França,7888784,1.554,mirror
2024,870322,Automóveis a gasolina 1.000–1.500 cm³,504,Marrocos,328551079,33.437,mirror
2024,870322,Automóveis a gasolina 1.000–1.500 cm³,724,Espanha,243559934,24.788,mirror
2024,870322,Automóveis a gasolina 1.000–1.500 cm³,251,França,129743089,13.204,mirror
2024,870322,Automóveis a gasolina 1.000–1.500 cm³,276,Alemanha,119768056,12.189,mirror
2024,870322,Automóveis a gasolina 1.000–1.500 cm³,703,Eslováquia,41474276,4.221,mirror
2024,870322,Automóveis a gasolina 1.000–1.500 cm³,380,Itália,27704631,2.82,mirror
2024,870322,Automóveis a gasolina 1.000–1.500 cm³,56,Bélgica,15325162,1.56,mirror
2024,870322,Automóveis a gasolina 1.000–1.500 cm³,616,Polónia,13843585,1.409,mirror
2024,870323,Automóveis a gasolina 1.500–3.000 cm³,251,França,108849344,24.066,mirror
2024,870323,Automóveis a gasolina 1.500–3.000 cm³,276,Alemanha,107139841,23.688,mirror
2024,870323,Automóveis a gasolina 1.500–3.000 cm³,724,Espanha,84745952,18.737,mirror
2024,870323,Automóveis a gasolina 1.500–3.000 cm³,56,Bélgica,59415425,13.136,mirror
2024,870323,Automóveis a gasolina 1.500–3.000 cm³,504,Marrocos,27012429,5.972,mirror
2024,870323,Automóveis a gasolina 1.500–3.000 cm³,642,Roménia,10483602,2.318,mirror
2024,870323,Automóveis a gasolina 1.500–3.000 cm³,348,Hungria,10281392,2.273,mirror
2024,870323,Automóveis a gasolina 1.500–3.000 cm³,203,Chéquia,8329413,1.842,mirror
2024,870331,Automóveis diesel até 1.500 cm³,251,França,83641743,31.505,mirror
2024,870331,Automóveis diesel até 1.500 cm³,276,Alemanha,78061651,29.403,mirror
2024,870331,Automóveis diesel até 1.500 cm³,56,Bélgica,32829890,12.366,mirror
2024,870331,Automóveis diesel até 1.500 cm³,724,Espanha,27588417,10.392,mirror
2024,870331,Automóveis diesel até 1.500 cm³,504,Marrocos,21252902,8.005,mirror
2024,870331,Automóveis diesel até 1.500 cm³,792,Turquia,11740749,4.422,mirror
2024,870331,Automóveis diesel até 1.500 cm³,642,Roménia,6673871,2.514,mirror
2024,870331,Automóveis diesel até 1.500 cm³,380,Itália,1180219,0.445,mirror
2024,870332,Automóveis diesel 1.500–2.500 cm³,276,Alemanha,258643592,40.337,mirror
2024,870332,Automóveis diesel 1.500–2.500 cm³,251,França,133333082,20.794,mirror
2024,870332,Automóveis diesel 1.500–2.500 cm³,56,Bélgica,87324598,13.619,mirror
2024,870332,Automóveis diesel 1.500–2.500 cm³,724,Espanha,68893605,10.744,mirror
2024,870332,Automóveis diesel 1.500–2.500 cm³,203,Chéquia,25353981,3.954,mirror
2024,870332,Automóveis diesel 1.500–2.500 cm³,348,Hungria,13800874,2.152,mirror
2024,870332,Automóveis diesel 1.500–2.500 cm³,528,Países Baixos,12541763,1.956,mirror
2024,870332,Automóveis diesel 1.500–2.500 cm³,792,Turquia,11393620,1.777,mirror
2024,870421,Camiões diesel até 5 t,251,França,95511985,18.481,mirror
2024,870421,Camiões diesel até 5 t,724,Espanha,85711309,16.584,mirror
2024,870421,Camiões diesel até 5 t,380,Itália,60442684,11.695,mirror
2024,870421,Camiões diesel até 5 t,616,Polónia,52533242,10.165,mirror
2024,870421,Camiões diesel até 5 t,276,Alemanha,48811391,9.445,mirror
2024,870421,Camiões diesel até 5 t,392,Japão,40256667,7.789,mirror
2024,870421,Camiões diesel até 5 t,528,Países Baixos,40217712,7.782,mirror
2024,870421,Camiões diesel até 5 t,792,Turquia,32201486,6.231,mirror
2024,870840,Caixas de velocidades e partes,276,Alemanha,161071186,40.975,mirror
2024,870840,Caixas de velocidades e partes,724,Espanha,66019975,16.795,mirror
2024,870840,Caixas de velocidades e partes,251,França,61342763,15.605,mirror
2024,870840,Caixas de velocidades e partes,203,Chéquia,61188500,15.566,mirror
2024,870840,Caixas de velocidades e partes,392,Japão,13090562,3.33,mirror
2024,870840,Caixas de velocidades e partes,826,Reino Unido,11877045,3.021,mirror
2024,870840,Caixas de velocidades e partes,380,Itália,8379951,2.132,mirror
2024,870840,Caixas de velocidades e partes,642,Roménia,1678028,0.427,mirror
2024,870899,Outras partes de veículos,724,Espanha,416242496,49.245,mirror
2024,870899,Outras partes de veículos,251,França,187769785,22.215,mirror
2024,870899,Outras partes de veículos,276,Alemanha,47123254,5.575,mirror
2024,870899,Outras partes de veículos,380,Itália,45856053,5.425,mirror
2024,870899,Outras partes de veículos,156,China,37357059,4.42,mirror
2024,870899,Outras partes de veículos,528,Países Baixos,16335734,1.933,mirror
2024,870899,Outras partes de veículos,203,Chéquia,15096180,1.786,mirror
2024,870899,Outras partes de veículos,616,Polónia,12752658,1.509,mirror
2024,880240,Aviões +15.000 kg,251,França,332110389,54.509,mirror
2024,880240,Aviões +15.000 kg,124,Canadá,144011587,23.636,mirror
2024,880240,Aviões +15.000 kg,76,Brasil,129372835,21.234,mirror
2024,880240,Aviões +15.000 kg,276,Alemanha,3783653,0.621,mirror
2024,999999,Mercadorias não especificadas,842,EUA,516352812,21.393,mirror
2024,999999,Mercadorias não especificadas,276,Alemanha,471949552,19.553,mirror
2024,999999,Mercadorias não especificadas,702,Singapura,394195258,16.332,mirror
2024,999999,Mercadorias não especificadas,156,China,299883383,12.424,mirror
2024,999999,Mercadorias não especificadas,724,Espanha,169944264,7.041,mirror
2024,999999,Mercadorias não especificadas,380,Itália,128675765,5.331,mirror
2024,999999,Mercadorias não especificadas,32,Argentina,77541244,3.213,mirror
2024,999999,Mercadorias não especificadas,792,Turquia,59891442,2.481,mirror
