year,hs6,description_pt,partner_code,partner,value,share_pct,basis
2003,220421,Vinho tranquilo até 2 L,251,França,114269840,20.987,direct
2003,220421,Vinho tranquilo até 2 L,826,Reino Unido,86792843,15.94,direct
2003,220421,Vinho tranquilo até 2 L,528,Países Baixos,61211580,11.242,direct
2003,220421,Vinho tranquilo até 2 L,56,Bélgica,50197105,9.219,direct
2003,220421,Vinho tranquilo até 2 L,842,EUA,42866103,7.873,direct
2003,220421,Vinho tranquilo até 2 L,124,Canadá,33610998,6.173,direct
2003,220421,Vinho tranquilo até 2 L,276,Alemanha,26330640,4.836,direct
2003,220421,Vinho tranquilo até 2 L,24,Angola,16818859,3.089,direct
2003,240220,Cigarros,380,Itália,29954844,35.34,direct
2003,240220,Cigarros,528,Países Baixos,24109801,28.444,direct
2003,240220,Cigarros,724,Espanha,12735627,15.025,direct
2003,240220,Cigarros,826,Reino Unido,10491802,12.378,direct
2003,240220,Cigarros,56,Bélgica,2030723,2.396,direct
2003,240220,Cigarros,251,França,1955648,2.307,direct
2003,240220,Cigarros,579,Noruega,1083560,1.278,direct
2003,240220,Cigarros,372,Irlanda,804362,0.949,direct
2003,271019,Gasóleo e combustíveis médios e pesados,837,Bunkers,116128770,42.047,direct
2003,271019,Gasóleo e combustíveis médios e pesados,899,"Areas, nes",38734191,14.025,direct
2003,271019,Gasóleo e combustíveis médios e pesados,826,Reino Unido,28898904,10.464,direct
2003,271019,Gasóleo e combustíveis médios e pesados,842,EUA,26143338,9.466,direct
2003,271019,Gasóleo e combustíveis médios e pesados,380,Itália,12834554,4.647,direct
2003,271019,Gasóleo e combustíveis médios e pesados,76,Brasil,12496809,4.525,direct
2003,271019,Gasóleo e combustíveis médios e pesados,724,Espanha,12484012,4.52,direct
2003,271019,Gasóleo e combustíveis médios e pesados,292,Gibraltar,4914189,1.779,direct
2003,300490,Medicamentos,826,Reino Unido,32408897,17.139,direct
2003,300490,Medicamentos,276,Alemanha,28148333,14.886,direct
2003,300490,Medicamentos,724,Espanha,22790989,12.053,direct
2003,300490,Medicamentos,251,França,16366920,8.656,direct
2003,300490,Medicamentos,528,Países Baixos,9149491,4.839,direct
2003,300490,Medicamentos,616,Polónia,6878966,3.638,direct
2003,300490,Medicamentos,56,Bélgica,6504726,3.44,direct
2003,300490,Medicamentos,757,Suíça,5747811,3.04,direct
2003,401110,Pneus novos,276,Alemanha,119080636,32.22,direct
2003,401110,Pneus novos,724,Espanha,66481864,17.988,direct
2003,401110,Pneus novos,251,França,45079751,12.197,direct
2003,401110,Pneus novos,380,Itália,22293813,6.032,direct
2003,401110,Pneus novos,826,Reino Unido,21624243,5.851,direct
2003,401110,Pneus novos,757,Suíça,14749978,3.991,direct
2003,401110,Pneus novos,528,Países Baixos,13972406,3.781,direct
2003,401110,Pneus novos,56,Bélgica,13810899,3.737,direct
2003,450310,Rolhas de cortiça,251,França,158198727,28.789,direct
2003,450310,Rolhas de cortiça,842,EUA,92919503,16.909,direct
2003,450310,Rolhas de cortiça,724,Espanha,59188136,10.771,direct
2003,450310,Rolhas de cortiça,36,Austrália,53891081,9.807,direct
2003,450310,Rolhas de cortiça,276,Alemanha,45807937,8.336,direct
2003,450310,Rolhas de cortiça,380,Itália,23920924,4.353,direct
2003,450310,Rolhas de cortiça,152,Chile,22286915,4.056,direct
2003,450310,Rolhas de cortiça,32,Argentina,16155533,2.94,direct
2003,450410,Cortiça aglomerada,842,EUA,54994023,18.394,direct
2003,450410,Cortiça aglomerada,251,França,47415389,15.86,direct
2003,450410,Cortiça aglomerada,276,Alemanha,43507201,14.552,direct
2003,450410,Cortiça aglomerada,724,Espanha,26579133,8.89,direct
2003,450410,Cortiça aglomerada,380,Itália,23361102,7.814,direct
2003,450410,Cortiça aglomerada,36,Austrália,12947386,4.331,direct
2003,450410,Cortiça aglomerada,40,Áustria,8032183,2.687,direct
2003,450410,Cortiça aglomerada,392,Japão,7830529,2.619,direct
2003,470329,Pasta de madeira química,276,Alemanha,103379540,28.448,direct
2003,470329,Pasta de madeira química,528,Países Baixos,75730504,20.839,direct
2003,470329,Pasta de madeira química,724,Espanha,44904691,12.357,direct
2003,470329,Pasta de madeira química,251,França,27903359,7.678,direct
2003,470329,Pasta de madeira química,380,Itália,27194200,7.483,direct
2003,470329,Pasta de madeira química,246,Finlândia,24456620,6.73,direct
2003,470329,Pasta de madeira química,826,Reino Unido,24280851,6.681,direct
2003,470329,Pasta de madeira química,752,Suécia,7670564,2.111,direct
2003,480256,Papel para escrita e impressão,251,França,69515504,20.225,direct
2003,480256,Papel para escrita e impressão,276,Alemanha,57187190,16.638,direct
2003,480256,Papel para escrita e impressão,724,Espanha,52860600,15.38,direct
2003,480256,Papel para escrita e impressão,380,Itália,50205622,14.607,direct
2003,480256,Papel para escrita e impressão,826,Reino Unido,27032406,7.865,direct
2003,480256,Papel para escrita e impressão,528,Países Baixos,16315949,4.747,direct
2003,480256,Papel para escrita e impressão,842,EUA,10791003,3.14,direct
2003,480256,Papel para escrita e impressão,757,Suíça,10774688,3.135,direct
2003,610910,T-shirts de algodão,826,Reino Unido,141029276,24.293,direct
2003,610910,T-shirts de algodão,724,Espanha,114986708,19.807,direct
2003,610910,T-shirts de algodão,251,França,94727434,16.317,direct
2003,610910,T-shirts de algodão,276,Alemanha,63537921,10.945,direct
2003,610910,T-shirts de algodão,380,Itália,40171972,6.92,direct
2003,610910,T-shirts de algodão,528,Países Baixos,35677679,6.146,direct
2003,610910,T-shirts de algodão,56,Bélgica,17589945,3.03,direct
2003,610910,T-shirts de algodão,757,Suíça,13728841,2.365,direct
2003,640391,Calçado de couro a cobrir o tornozelo,276,Alemanha,39213375,22.782,direct
2003,640391,Calçado de couro a cobrir o tornozelo,251,França,26354506,15.311,direct
2003,640391,Calçado de couro a cobrir o tornozelo,826,Reino Unido,25664641,14.91,direct
2003,640391,Calçado de couro a cobrir o tornozelo,528,Países Baixos,24428793,14.192,direct
2003,640391,Calçado de couro a cobrir o tornozelo,724,Espanha,13540141,7.866,direct
2003,640391,Calçado de couro a cobrir o tornozelo,208,Dinamarca,10830730,6.292,direct
2003,640391,Calçado de couro a cobrir o tornozelo,752,Suécia,7255759,4.215,direct
2003,640391,Calçado de couro a cobrir o tornozelo,579,Noruega,5470093,3.178,direct
2003,640399,Calçado de couro sem cobrir o tornozelo,276,Alemanha,212967192,28.532,direct
2003,640399,Calçado de couro sem cobrir o tornozelo,826,Reino Unido,165073183,22.116,direct
2003,640399,Calçado de couro sem cobrir o tornozelo,251,França,139878217,18.74,direct
2003,640399,Calçado de couro sem cobrir o tornozelo,528,Países Baixos,47322634,6.34,direct
2003,640399,Calçado de couro sem cobrir o tornozelo,208,Dinamarca,38844107,5.204,direct
2003,640399,Calçado de couro sem cobrir o tornozelo,842,EUA,31526053,4.224,direct
2003,640399,Calçado de couro sem cobrir o tornozelo,724,Espanha,29200045,3.912,direct
2003,640399,Calçado de couro sem cobrir o tornozelo,752,Suécia,12819552,1.718,direct
2003,721420,Varões de ferro com saliências (betão armado),724,Espanha,120683169,93.899,direct
2003,721420,Varões de ferro com saliências (betão armado),826,Reino Unido,6887673,5.359,direct
2003,721420,Varões de ferro com saliências (betão armado),372,Irlanda,793289,0.617,direct
2003,721420,Varões de ferro com saliências (betão armado),132,Cabo Verde,131017,0.102,direct
2003,721420,Varões de ferro com saliências (betão armado),24,Angola,14216,0.011,direct
2003,721420,Varões de ferro com saliências (betão armado),678,São Tomé e Príncipe,9945,0.008,direct
2003,721420,Varões de ferro com saliências (betão armado),508,Moçambique,5575,0.004,direct
2003,848071,Moldes para borracha ou plástico,276,Alemanha,65564152,20.472,direct
2003,848071,Moldes para borracha ou plástico,251,França,63763037,19.909,direct
2003,848071,Moldes para borracha ou plástico,842,EUA,46801757,14.613,direct
2003,848071,Moldes para borracha ou plástico,724,Espanha,40989048,12.798,direct
2003,848071,Moldes para borracha ou plástico,826,Reino Unido,17517081,5.47,direct
2003,848071,Moldes para borracha ou plástico,752,Suécia,16644368,5.197,direct
2003,848071,Moldes para borracha ou plástico,528,Países Baixos,8711445,2.72,direct
2003,848071,Moldes para borracha ou plástico,56,Bélgica,6641474,2.074,direct
2003,852721,Autorrádios,276,Alemanha,346630877,45.243,direct
2003,852721,Autorrádios,724,Espanha,161454841,21.073,direct
2003,852721,Autorrádios,380,Itália,94606483,12.348,direct
2003,852721,Autorrádios,56,Bélgica,88350292,11.532,direct
2003,852721,Autorrádios,826,Reino Unido,46879437,6.119,direct
2003,852721,Autorrádios,842,EUA,20313590,2.651,direct
2003,852721,Autorrádios,792,Turquia,2219355,0.29,direct
2003,852721,Autorrádios,616,Polónia,1846110,0.241,direct
2003,870322,Automóveis a gasolina 1.000–1.500 cm³,56,Bélgica,12051391,35.915,direct
2003,870322,Automóveis a gasolina 1.000–1.500 cm³,251,França,7783808,23.197,direct
2003,870322,Automóveis a gasolina 1.000–1.500 cm³,276,Alemanha,5126530,15.278,direct
2003,870322,Automóveis a gasolina 1.000–1.500 cm³,724,Espanha,4582361,13.656,direct
2003,870322,Automóveis a gasolina 1.000–1.500 cm³,24,Angola,1098828,3.275,direct
2003,870322,Automóveis a gasolina 1.000–1.500 cm³,380,Itália,810894,2.417,direct
2003,870322,Automóveis a gasolina 1.000–1.500 cm³,300,Grécia,706117,2.104,direct
2003,870322,Automóveis a gasolina 1.000–1.500 cm³,132,Cabo Verde,398287,1.187,direct
2003,870323,Automóveis a gasolina 1.500–3.000 cm³,56,Bélgica,110618632,30.471,direct
2003,870323,Automóveis a gasolina 1.500–3.000 cm³,276,Alemanha,101069316,27.841,direct
2003,870323,Automóveis a gasolina 1.500–3.000 cm³,826,Reino Unido,93781792,25.833,direct
2003,870323,Automóveis a gasolina 1.500–3.000 cm³,251,França,16058058,4.423,direct
2003,870323,Automóveis a gasolina 1.500–3.000 cm³,724,Espanha,13894570,3.827,direct
2003,870323,Automóveis a gasolina 1.500–3.000 cm³,380,Itália,9646342,2.657,direct
2003,870323,Automóveis a gasolina 1.500–3.000 cm³,484,México,5388586,1.484,direct
2003,870323,Automóveis a gasolina 1.500–3.000 cm³,292,Gibraltar,3329559,0.917,direct
2003,870332,Automóveis diesel 1.500–2.500 cm³,276,Alemanha,451627881,24.548,direct
2003,870332,Automóveis diesel 1.500–2.500 cm³,56,Bélgica,385842586,20.972,direct
2003,870332,Automóveis diesel 1.500–2.500 cm³,826,Reino Unido,381984196,20.762,direct
2003,870332,Automóveis diesel 1.500–2.500 cm³,724,Espanha,344324899,18.715,direct
2003,870332,Automóveis diesel 1.500–2.500 cm³,380,Itália,155673079,8.461,direct
2003,870332,Automóveis diesel 1.500–2.500 cm³,251,França,98163217,5.336,direct
2003,870332,Automóveis diesel 1.500–2.500 cm³,616,Polónia,7189477,0.391,direct
2003,870332,Automóveis diesel 1.500–2.500 cm³,24,Angola,6444452,0.35,direct
2003,870421,Camiões diesel até 5 t,826,Reino Unido,178092702,28.093,direct
2003,870421,Camiões diesel até 5 t,724,Espanha,96343722,15.197,direct
2003,870421,Camiões diesel até 5 t,276,Alemanha,68196841,10.757,direct
2003,870421,Camiões diesel até 5 t,380,Itália,52430506,8.27,direct
2003,870421,Camiões diesel até 5 t,56,Bélgica,48347679,7.626,direct
2003,870421,Camiões diesel até 5 t,792,Turquia,32039974,5.054,direct
2003,870421,Camiões diesel até 5 t,251,França,31968462,5.043,direct
2003,870421,Camiões diesel até 5 t,528,Países Baixos,23253422,3.668,direct
2003,870892,Silenciadores e tubos de escape,724,Espanha,11182528,36.905,direct
2003,870892,Silenciadores e tubos de escape,251,França,8280176,27.327,direct
2003,870892,Silenciadores e tubos de escape,380,Itália,5787339,19.1,direct
2003,870892,Silenciadores e tubos de escape,276,Alemanha,2666911,8.802,direct
2003,870892,Silenciadores e tubos de escape,376,Israel,358988,1.185,direct
2003,870892,Silenciadores e tubos de escape,826,Reino Unido,353814,1.168,direct
2003,870892,Silenciadores e tubos de escape,788,Tunisia,245971,0.812,direct
2003,870892,Silenciadores e tubos de escape,203,Chéquia,227031,0.749,direct
2003,870899,Outras partes de veículos,724,Espanha,274186500,43.988,direct
2003,870899,Outras partes de veículos,276,Alemanha,96138841,15.424,direct
2003,870899,Outras partes de veículos,251,França,93975024,15.077,direct
2003,870899,Outras partes de veículos,826,Reino Unido,48341951,7.756,direct
2003,870899,Outras partes de veículos,842,EUA,25746708,4.131,direct
2003,870899,Outras partes de veículos,752,Suécia,23893451,3.833,direct
2003,870899,Outras partes de veículos,56,Bélgica,15824337,2.539,direct
2003,870899,Outras partes de veículos,24,Angola,12690208,2.036,direct
2003,902920,Contadores e tacómetros,724,Espanha,17606505,48.771,direct
2003,902920,Contadores e tacómetros,380,Itália,10809263,29.942,direct
2003,902920,Contadores e tacómetros,56,Bélgica,4210498,11.663,direct
2003,902920,Contadores e tacómetros,792,Turquia,2905430,8.048,direct
2003,902920,Contadores e tacómetros,251,França,353888,0.98,direct
2003,902920,Contadores e tacómetros,276,Alemanha,152271,0.422,direct
2003,902920,Contadores e tacómetros,826,Reino Unido,33526,0.093,direct
2003,902920,Contadores e tacómetros,757,Suíça,22969,0.064,direct
2003,940190,Assentos e partes,724,Espanha,183596447,36.654,direct
2003,940190,Assentos e partes,251,França,142664568,28.482,direct
2003,940190,Assentos e partes,752,Suécia,72729188,14.52,direct
2003,940190,Assentos e partes,276,Alemanha,30276407,6.045,direct
2003,940190,Assentos e partes,826,Reino Unido,28766630,5.743,direct
2003,940190,Assentos e partes,40,Áustria,14032051,2.801,direct
2003,940190,Assentos e partes,56,Bélgica,9005892,1.798,direct
2003,940190,Assentos e partes,380,Itália,5538674,1.106,direct
2003,999999,Mercadorias não especificadas,837,Bunkers,16778548,20.18,direct
2003,999999,Mercadorias não especificadas,792,Turquia,12630663,15.191,direct
2003,999999,Mercadorias não especificadas,76,Brasil,9814500,11.804,direct
2003,999999,Mercadorias não especificadas,380,Itália,8826532,10.616,direct
2003,999999,Mercadorias não especificadas,504,Marrocos,7562941,9.096,direct
2003,999999,Mercadorias não especificadas,156,China,6920320,8.323,direct
2003,999999,Mercadorias não especificadas,724,Espanha,3813581,4.587,direct
2003,999999,Mercadorias não especificadas,24,Angola,3497953,4.207,direct
2003,220421,Vinho tranquilo até 2 L,251,França,108145740,20.973,mirror
2003,220421,Vinho tranquilo até 2 L,826,Reino Unido,79430519,15.404,mirror
2003,220421,Vinho tranquilo até 2 L,842,EUA,53226898,10.323,mirror
2003,220421,Vinho tranquilo até 2 L,528,Países Baixos,51791053,10.044,mirror
2003,220421,Vinho tranquilo até 2 L,56,Bélgica,45203244,8.767,mirror
2003,220421,Vinho tranquilo até 2 L,124,Canadá,35252034,6.837,mirror
2003,220421,Vinho tranquilo até 2 L,276,Alemanha,29376000,5.697,mirror
2003,220421,Vinho tranquilo até 2 L,208,Dinamarca,15825308,3.069,mirror
2003,240220,Cigarros,826,Reino Unido,56541224,49.821,mirror
2003,240220,Cigarros,724,Espanha,27757355,24.458,mirror
2003,240220,Cigarros,528,Países Baixos,23495624,20.703,mirror
2003,240220,Cigarros,251,França,2624984,2.313,mirror
2003,240220,Cigarros,372,Irlanda,2154427,1.898,mirror
2003,240220,Cigarros,428,Letónia,178437,0.157,mirror
2003,240220,Cigarros,392,Japão,161971,0.143,mirror
2003,240220,Cigarros,208,Dinamarca,158264,0.139,mirror
2003,271019,Gasóleo e combustíveis médios e pesados,724,Espanha,32339277,36.535,mirror
2003,271019,Gasóleo e combustíveis médios e pesados,842,EUA,15110000,17.071,mirror
2003,271019,Gasóleo e combustíveis médios e pesados,76,Brasil,13677805,15.453,mirror
2003,271019,Gasóleo e combustíveis médios e pesados,380,Itália,10277345,11.611,mirror
2003,271019,Gasóleo e combustíveis médios e pesados,826,Reino Unido,7428743,8.393,mirror
2003,271019,Gasóleo e combustíveis médios e pesados,251,França,4629066,5.23,mirror
2003,271019,Gasóleo e combustíveis médios e pesados,528,Países Baixos,3038481,3.433,mirror
2003,271019,Gasóleo e combustíveis médios e pesados,508,Moçambique,1143399,1.292,mirror
2003,300490,Medicamentos,276,Alemanha,36713000,19.507,mirror
2003,300490,Medicamentos,826,Reino Unido,30854246,16.394,mirror
2003,300490,Medicamentos,724,Espanha,18529669,9.845,mirror
2003,300490,Medicamentos,251,França,14815724,7.872,mirror
2003,300490,Medicamentos,616,Polónia,12044000,6.399,mirror
2003,300490,Medicamentos,56,Bélgica,9581443,5.091,mirror
2003,300490,Medicamentos,208,Dinamarca,9394920,4.992,mirror
2003,300490,Medicamentos,203,Chéquia,5276173,2.803,mirror
2003,401110,Pneus novos,276,Alemanha,129767000,37.927,mirror
2003,401110,Pneus novos,724,Espanha,54968506,16.066,mirror
2003,401110,Pneus novos,251,França,36217095,10.585,mirror
2003,401110,Pneus novos,826,Reino Unido,22241905,6.501,mirror
2003,401110,Pneus novos,380,Itália,21609697,6.316,mirror
2003,401110,Pneus novos,56,Bélgica,13986813,4.088,mirror
2003,401110,Pneus novos,757,Suíça,12698624,3.711,mirror
2003,401110,Pneus novos,203,Chéquia,9423398,2.754,mirror
2003,450310,Rolhas de cortiça,251,França,161706279,27.048,mirror
2003,450310,Rolhas de cortiça,842,EUA,120286551,20.12,mirror
2003,450310,Rolhas de cortiça,36,Austrália,73728459,12.333,mirror
2003,450310,Rolhas de cortiça,724,Espanha,51298666,8.581,mirror
2003,450310,Rolhas de cortiça,276,Alemanha,40283000,6.738,mirror
2003,450310,Rolhas de cortiça,152,Chile,24683872,4.129,mirror
2003,450310,Rolhas de cortiça,380,Itália,21914919,3.666,mirror
2003,450310,Rolhas de cortiça,710,África do Sul,20692677,3.461,mirror
2003,450410,Cortiça aglomerada,276,Alemanha,55076000,21.247,mirror
2003,450410,Cortiça aglomerada,251,França,47213529,18.214,mirror
2003,450410,Cortiça aglomerada,842,EUA,40157365,15.492,mirror
2003,450410,Cortiça aglomerada,380,Itália,18397210,7.097,mirror
2003,450410,Cortiça aglomerada,724,Espanha,12352606,4.765,mirror
2003,450410,Cortiça aglomerada,392,Japão,11849532,4.571,mirror
2003,450410,Cortiça aglomerada,40,Áustria,11369165,4.386,mirror
2003,450410,Cortiça aglomerada,208,Dinamarca,5583590,2.154,mirror
2003,470329,Pasta de madeira química,276,Alemanha,160922000,35.609,mirror
2003,470329,Pasta de madeira química,528,Países Baixos,89395365,19.782,mirror
2003,470329,Pasta de madeira química,724,Espanha,44156124,9.771,mirror
2003,470329,Pasta de madeira química,246,Finlândia,33441307,7.4,mirror
2003,470329,Pasta de madeira química,380,Itália,28366702,6.277,mirror
2003,470329,Pasta de madeira química,251,França,25019348,5.536,mirror
2003,470329,Pasta de madeira química,826,Reino Unido,23333112,5.163,mirror
2003,470329,Pasta de madeira química,752,Suécia,9444136,2.09,mirror
2003,480256,Papel para escrita e impressão,251,França,60822507,18.697,mirror
2003,480256,Papel para escrita e impressão,276,Alemanha,58735000,18.055,mirror
2003,480256,Papel para escrita e impressão,842,EUA,51811834,15.927,mirror
2003,480256,Papel para escrita e impressão,724,Espanha,40864332,12.562,mirror
2003,480256,Papel para escrita e impressão,380,Itália,39170680,12.041,mirror
2003,480256,Papel para escrita e impressão,56,Bélgica,17292227,5.316,mirror
2003,480256,Papel para escrita e impressão,528,Países Baixos,17055538,5.243,mirror
2003,480256,Papel para escrita e impressão,757,Suíça,10390471,3.194,mirror
2003,610910,T-shirts de algodão,724,Espanha,127883778,22.897,mirror
2003,610910,T-shirts de algodão,826,Reino Unido,113234764,20.274,mirror
2003,610910,T-shirts de algodão,251,França,84152183,15.067,mirror
2003,610910,T-shirts de algodão,276,Alemanha,66180000,11.849,mirror
2003,610910,T-shirts de algodão,380,Itália,33854101,6.062,mirror
2003,610910,T-shirts de algodão,56,Bélgica,26272717,4.704,mirror
2003,610910,T-shirts de algodão,528,Países Baixos,21833849,3.909,mirror
2003,610910,T-shirts de algodão,208,Dinamarca,11510646,2.061,mirror
2003,640391,Calçado de couro a cobrir o tornozelo,826,Reino Unido,55225512,20.799,mirror
2003,640391,Calçado de couro a cobrir o tornozelo,251,França,43458704,16.367,mirror
2003,640391,Calçado de couro a cobrir o tornozelo,276,Alemanha,43096000,16.231,mirror
2003,640391,Calçado de couro a cobrir o tornozelo,528,Países Baixos,39358847,14.823,mirror
2003,640391,Calçado de couro a cobrir o tornozelo,724,Espanha,15222000,5.733,mirror
2003,640391,Calçado de couro a cobrir o tornozelo,208,Dinamarca,13656209,5.143,mirror
2003,640391,Calçado de couro a cobrir o tornozelo,752,Suécia,10041313,3.782,mirror
2003,640391,Calçado de couro a cobrir o tornozelo,842,EUA,6828822,2.572,mirror
2003,640399,Calçado de couro sem cobrir o tornozelo,276,Alemanha,228609000,24.354,mirror
2003,640399,Calçado de couro sem cobrir o tornozelo,826,Reino Unido,186549099,19.874,mirror
2003,640399,Calçado de couro sem cobrir o tornozelo,251,França,181360299,19.321,mirror
2003,640399,Calçado de couro sem cobrir o tornozelo,842,EUA,79987973,8.521,mirror
2003,640399,Calçado de couro sem cobrir o tornozelo,528,Países Baixos,56091986,5.976,mirror
2003,640399,Calçado de couro sem cobrir o tornozelo,208,Dinamarca,42669893,4.546,mirror
2003,640399,Calçado de couro sem cobrir o tornozelo,724,Espanha,26419489,2.815,mirror
2003,640399,Calçado de couro sem cobrir o tornozelo,579,Noruega,21801439,2.323,mirror
2003,721420,Varões de ferro com saliências (betão armado),724,Espanha,115849830,97.833,mirror
2003,721420,Varões de ferro com saliências (betão armado),826,Reino Unido,1833938,1.549,mirror
2003,721420,Varões de ferro com saliências (betão armado),132,Cabo Verde,729026,0.616,mirror
2003,721420,Varões de ferro com saliências (betão armado),579,Noruega,2313,0.002,mirror
2003,721420,Varões de ferro com saliências (betão armado),624,Guiné-Bissau,348,0.0,mirror
2003,721420,Varões de ferro com saliências (betão armado),792,Turquia,275,0.0,mirror
2003,721420,Varões de ferro com saliências (betão armado),428,Letónia,62,0.0,mirror
2003,848071,Moldes para borracha ou plástico,842,EUA,45880138,27.769,mirror
2003,848071,Moldes para borracha ou plástico,276,Alemanha,20156000,12.199,mirror
2003,848071,Moldes para borracha ou plástico,251,França,14263810,8.633,mirror
2003,848071,Moldes para borracha ou plástico,724,Espanha,10332010,6.253,mirror
2003,848071,Moldes para borracha ou plástico,616,Polónia,7725000,4.676,mirror
2003,848071,Moldes para borracha ou plástico,484,México,6822197,4.129,mirror
2003,848071,Moldes para borracha ou plástico,752,Suécia,6240108,3.777,mirror
2003,848071,Moldes para borracha ou plástico,56,Bélgica,5585905,3.381,mirror
2003,852721,Autorrádios,276,Alemanha,362816000,47.421,mirror
2003,852721,Autorrádios,56,Bélgica,125296198,16.377,mirror
2003,852721,Autorrádios,724,Espanha,78292222,10.233,mirror
2003,852721,Autorrádios,380,Itália,62968888,8.23,mirror
2003,852721,Autorrádios,842,EUA,37619176,4.917,mirror
2003,852721,Autorrádios,251,França,29805618,3.896,mirror
2003,852721,Autorrádios,826,Reino Unido,29792470,3.894,mirror
2003,852721,Autorrádios,616,Polónia,9547000,1.248,mirror
2003,870322,Automóveis a gasolina 1.000–1.500 cm³,276,Alemanha,14346000,45.959,mirror
2003,870322,Automóveis a gasolina 1.000–1.500 cm³,56,Bélgica,9573256,30.669,mirror
2003,870322,Automóveis a gasolina 1.000–1.500 cm³,826,Reino Unido,2493708,7.989,mirror
2003,870322,Automóveis a gasolina 1.000–1.500 cm³,251,França,1932830,6.192,mirror
2003,870322,Automóveis a gasolina 1.000–1.500 cm³,380,Itália,1203617,3.856,mirror
2003,870322,Automóveis a gasolina 1.000–1.500 cm³,724,Espanha,831872,2.665,mirror
2003,870322,Automóveis a gasolina 1.000–1.500 cm³,678,São Tomé e Príncipe,154525,0.495,mirror
2003,870322,Automóveis a gasolina 1.000–1.500 cm³,624,Guiné-Bissau,130527,0.418,mirror
2003,870323,Automóveis a gasolina 1.500–3.000 cm³,276,Alemanha,307040000,42.779,mirror
2003,870323,Automóveis a gasolina 1.500–3.000 cm³,826,Reino Unido,167500674,23.338,mirror
2003,870323,Automóveis a gasolina 1.500–3.000 cm³,56,Bélgica,105414755,14.687,mirror
2003,870323,Automóveis a gasolina 1.500–3.000 cm³,380,Itália,32972819,4.594,mirror
2003,870323,Automóveis a gasolina 1.500–3.000 cm³,528,Países Baixos,32406315,4.515,mirror
2003,870323,Automóveis a gasolina 1.500–3.000 cm³,40,Áustria,20543642,2.862,mirror
2003,870323,Automóveis a gasolina 1.500–3.000 cm³,372,Irlanda,11714170,1.632,mirror
2003,870323,Automóveis a gasolina 1.500–3.000 cm³,490,Taiwan (Prov. China),4943800,0.689,mirror
2003,870332,Automóveis diesel 1.500–2.500 cm³,56,Bélgica,638499919,28.867,mirror
2003,870332,Automóveis diesel 1.500–2.500 cm³,276,Alemanha,541982000,24.504,mirror
2003,870332,Automóveis diesel 1.500–2.500 cm³,826,Reino Unido,400495902,18.107,mirror
2003,870332,Automóveis diesel 1.500–2.500 cm³,40,Áustria,202094789,9.137,mirror
2003,870332,Automóveis diesel 1.500–2.500 cm³,380,Itália,168335634,7.611,mirror
2003,870332,Automóveis diesel 1.500–2.500 cm³,724,Espanha,130911233,5.919,mirror
2003,870332,Automóveis diesel 1.500–2.500 cm³,251,França,53012019,2.397,mirror
2003,870332,Automóveis diesel 1.500–2.500 cm³,528,Países Baixos,20333840,0.919,mirror
2003,870421,Camiões diesel até 5 t,251,França,180421593,45.502,mirror
2003,870421,Camiões diesel até 5 t,724,Espanha,86424664,21.796,mirror
2003,870421,Camiões diesel até 5 t,56,Bélgica,32317550,8.15,mirror
2003,870421,Camiões diesel até 5 t,826,Reino Unido,22957398,5.79,mirror
2003,870421,Camiões diesel até 5 t,528,Países Baixos,22832724,5.758,mirror
2003,870421,Camiões diesel até 5 t,579,Noruega,6091650,1.536,mirror
2003,870421,Camiões diesel até 5 t,703,Eslováquia,6055340,1.527,mirror
2003,870421,Camiões diesel até 5 t,380,Itália,5714513,1.441,mirror
2003,870892,Silenciadores e tubos de escape,724,Espanha,13960659,59.216,mirror
2003,870892,Silenciadores e tubos de escape,380,Itália,4485411,19.026,mirror
2003,870892,Silenciadores e tubos de escape,276,Alemanha,1217000,5.162,mirror
2003,870892,Silenciadores e tubos de escape,251,França,1213532,5.147,mirror
2003,870892,Silenciadores e tubos de escape,826,Reino Unido,542303,2.3,mirror
2003,870892,Silenciadores e tubos de escape,376,Israel,370000,1.569,mirror
2003,870892,Silenciadores e tubos de escape,203,Chéquia,248364,1.053,mirror
2003,870892,Silenciadores e tubos de escape,300,Grécia,222786,0.945,mirror
2003,870899,Outras partes de veículos,724,Espanha,407653642,60.476,mirror
2003,870899,Outras partes de veículos,251,França,86891396,12.89,mirror
2003,870899,Outras partes de veículos,826,Reino Unido,57585085,8.543,mirror
2003,870899,Outras partes de veículos,276,Alemanha,50914000,7.553,mirror
2003,870899,Outras partes de veículos,842,EUA,19536124,2.898,mirror
2003,870899,Outras partes de veículos,380,Itália,14623705,2.169,mirror
2003,870899,Outras partes de veículos,203,Chéquia,8004087,1.187,mirror
2003,870899,Outras partes de veículos,56,Bélgica,7997078,1.186,mirror
2003,902920,Contadores e tacómetros,380,Itália,5387852,47.452,mirror
2003,902920,Contadores e tacómetros,276,Alemanha,4810000,42.363,mirror
2003,902920,Contadores e tacómetros,842,EUA,985703,8.681,mirror
2003,902920,Contadores e tacómetros,251,França,37322,0.329,mirror
2003,902920,Contadores e tacómetros,724,Espanha,36093,0.318,mirror
2003,902920,Contadores e tacómetros,528,Países Baixos,33937,0.299,mirror
2003,902920,Contadores e tacómetros,826,Reino Unido,31010,0.273,mirror
2003,902920,Contadores e tacómetros,40,Áustria,12667,0.112,mirror
2003,940190,Assentos e partes,251,França,101981946,36.081,mirror
2003,940190,Assentos e partes,724,Espanha,75128721,26.58,mirror
2003,940190,Assentos e partes,826,Reino Unido,23837572,8.434,mirror
2003,940190,Assentos e partes,752,Suécia,22586725,7.991,mirror
2003,940190,Assentos e partes,276,Alemanha,14966000,5.295,mirror
2003,940190,Assentos e partes,40,Áustria,12677905,4.485,mirror
2003,940190,Assentos e partes,380,Itália,7971924,2.82,mirror
2003,940190,Assentos e partes,203,Chéquia,4879317,1.726,mirror
2003,999999,Mercadorias não especificadas,276,Alemanha,800484000,77.965,mirror
2003,999999,Mercadorias não especificadas,380,Itália,78566500,7.652,mirror
2003,999999,Mercadorias não especificadas,842,EUA,54917997,5.349,mirror
2003,999999,Mercadorias não especificadas,752,Suécia,22822720,2.223,mirror
2003,999999,Mercadorias não especificadas,414,Kuwait,11219603,1.093,mirror
2003,999999,Mercadorias não especificadas,246,Finlândia,8773473,0.855,mirror
2003,999999,Mercadorias não especificadas,724,Espanha,8379509,0.816,mirror
2003,999999,Mercadorias não especificadas,372,Irlanda,7259097,0.707,mirror
2004,220421,Vinho tranquilo até 2 L,251,França,126840182,21.269,direct
2004,220421,Vinho tranquilo até 2 L,826,Reino Unido,91887824,15.408,direct
2004,220421,Vinho tranquilo até 2 L,528,Países Baixos,62504625,10.481,direct
2004,220421,Vinho tranquilo até 2 L,56,Bélgica,54048681,9.063,direct
2004,220421,Vinho tranquilo até 2 L,842,EUA,48838446,8.189,direct
2004,220421,Vinho tranquilo até 2 L,124,Canadá,31801873,5.333,direct
2004,220421,Vinho tranquilo até 2 L,276,Alemanha,31570468,5.294,direct
2004,220421,Vinho tranquilo até 2 L,24,Angola,19287361,3.234,direct
2004,240220,Cigarros,380,Itália,69692905,64.204,direct
2004,240220,Cigarros,826,Reino Unido,10349855,9.535,direct
2004,240220,Cigarros,724,Espanha,9561011,8.808,direct
2004,240220,Cigarros,528,Países Baixos,7738058,7.129,direct
2004,240220,Cigarros,710,África do Sul,4850417,4.468,direct
2004,240220,Cigarros,251,França,1534440,1.414,direct
2004,240220,Cigarros,579,Noruega,1206797,1.112,direct
2004,240220,Cigarros,276,Alemanha,1132833,1.044,direct
2004,271019,Gasóleo e combustíveis médios e pesados,837,Bunkers,163936302,43.474,direct
2004,271019,Gasóleo e combustíveis médios e pesados,899,"Areas, nes",34335262,9.105,direct
2004,271019,Gasóleo e combustíveis médios e pesados,842,EUA,31324740,8.307,direct
2004,271019,Gasóleo e combustíveis médios e pesados,724,Espanha,30793029,8.166,direct
2004,271019,Gasóleo e combustíveis médios e pesados,826,Reino Unido,30539908,8.099,direct
2004,271019,Gasóleo e combustíveis médios e pesados,251,França,19235671,5.101,direct
2004,271019,Gasóleo e combustíveis médios e pesados,528,Países Baixos,15358987,4.073,direct
2004,271019,Gasóleo e combustíveis médios e pesados,76,Brasil,13028575,3.455,direct
2004,300490,Medicamentos,826,Reino Unido,37528543,16.628,direct
2004,300490,Medicamentos,276,Alemanha,31327133,13.88,direct
2004,300490,Medicamentos,724,Espanha,22052784,9.771,direct
2004,300490,Medicamentos,56,Bélgica,16923288,7.498,direct
2004,300490,Medicamentos,251,França,15812295,7.006,direct
2004,300490,Medicamentos,757,Suíça,9930694,4.4,direct
2004,300490,Medicamentos,208,Dinamarca,9929588,4.399,direct
2004,300490,Medicamentos,528,Países Baixos,9605053,4.256,direct
2004,401110,Pneus novos,276,Alemanha,130659973,29.02,direct
2004,401110,Pneus novos,724,Espanha,78796188,17.501,direct
2004,401110,Pneus novos,251,França,51794923,11.504,direct
2004,401110,Pneus novos,842,EUA,27901278,6.197,direct
2004,401110,Pneus novos,826,Reino Unido,25343495,5.629,direct
2004,401110,Pneus novos,56,Bélgica,24753997,5.498,direct
2004,401110,Pneus novos,380,Itália,23960250,5.322,direct
2004,401110,Pneus novos,528,Países Baixos,19260831,4.278,direct
2004,450310,Rolhas de cortiça,251,França,154675881,27.148,direct
2004,450310,Rolhas de cortiça,842,EUA,91922367,16.134,direct
2004,450310,Rolhas de cortiça,724,Espanha,60080395,10.545,direct
2004,450310,Rolhas de cortiça,36,Austrália,54716824,9.603,direct
2004,450310,Rolhas de cortiça,276,Alemanha,52763117,9.261,direct
2004,450310,Rolhas de cortiça,380,Itália,29183185,5.122,direct
2004,450310,Rolhas de cortiça,152,Chile,25821760,4.532,direct
2004,450310,Rolhas de cortiça,710,África do Sul,18152447,3.186,direct
2004,450410,Cortiça aglomerada,251,França,59710698,17.665,direct
2004,450410,Cortiça aglomerada,842,EUA,52930509,15.659,direct
2004,450410,Cortiça aglomerada,276,Alemanha,51505477,15.237,direct
2004,450410,Cortiça aglomerada,724,Espanha,29079460,8.603,direct
2004,450410,Cortiça aglomerada,380,Itália,24268381,7.179,direct
2004,450410,Cortiça aglomerada,36,Austrália,10938018,3.236,direct
2004,450410,Cortiça aglomerada,40,Áustria,10285086,3.043,direct
2004,450410,Cortiça aglomerada,643,Rússia,8977118,2.656,direct
2004,470329,Pasta de madeira química,276,Alemanha,101439295,25.243,direct
2004,470329,Pasta de madeira química,528,Países Baixos,89346114,22.234,direct
2004,470329,Pasta de madeira química,724,Espanha,51296722,12.765,direct
2004,470329,Pasta de madeira química,246,Finlândia,46073563,11.466,direct
2004,470329,Pasta de madeira química,380,Itália,26392982,6.568,direct
2004,470329,Pasta de madeira química,826,Reino Unido,25389072,6.318,direct
2004,470329,Pasta de madeira química,251,França,23678053,5.892,direct
2004,470329,Pasta de madeira química,156,China,12747013,3.172,direct
2004,480256,Papel para escrita e impressão,251,França,69001770,16.123,direct
2004,480256,Papel para escrita e impressão,842,EUA,68613121,16.032,direct
2004,480256,Papel para escrita e impressão,276,Alemanha,55314043,12.925,direct
2004,480256,Papel para escrita e impressão,380,Itália,54002589,12.618,direct
2004,480256,Papel para escrita e impressão,724,Espanha,44257759,10.341,direct
2004,480256,Papel para escrita e impressão,826,Reino Unido,26671619,6.232,direct
2004,480256,Papel para escrita e impressão,528,Países Baixos,19234138,4.494,direct
2004,480256,Papel para escrita e impressão,674,San Marino,12188434,2.848,direct
2004,610910,T-shirts de algodão,724,Espanha,162372215,24.319,direct
2004,610910,T-shirts de algodão,826,Reino Unido,155139723,23.236,direct
2004,610910,T-shirts de algodão,251,França,96106762,14.394,direct
2004,610910,T-shirts de algodão,276,Alemanha,62147947,9.308,direct
2004,610910,T-shirts de algodão,528,Países Baixos,41398806,6.201,direct
2004,610910,T-shirts de algodão,380,Itália,39879433,5.973,direct
2004,610910,T-shirts de algodão,56,Bélgica,26423312,3.958,direct
2004,610910,T-shirts de algodão,752,Suécia,15660248,2.346,direct
2004,640391,Calçado de couro a cobrir o tornozelo,276,Alemanha,40898645,22.827,direct
2004,640391,Calçado de couro a cobrir o tornozelo,251,França,33968309,18.959,direct
2004,640391,Calçado de couro a cobrir o tornozelo,528,Países Baixos,27536516,15.369,direct
2004,640391,Calçado de couro a cobrir o tornozelo,826,Reino Unido,24553549,13.704,direct
2004,640391,Calçado de couro a cobrir o tornozelo,724,Espanha,8385946,4.68,direct
2004,640391,Calçado de couro a cobrir o tornozelo,208,Dinamarca,6788873,3.789,direct
2004,640391,Calçado de couro a cobrir o tornozelo,752,Suécia,6477217,3.615,direct
2004,640391,Calçado de couro a cobrir o tornozelo,579,Noruega,4247603,2.371,direct
2004,640399,Calçado de couro sem cobrir o tornozelo,276,Alemanha,208056531,27.004,direct
2004,640399,Calçado de couro sem cobrir o tornozelo,251,França,158375015,20.556,direct
2004,640399,Calçado de couro sem cobrir o tornozelo,826,Reino Unido,151980441,19.726,direct
2004,640399,Calçado de couro sem cobrir o tornozelo,528,Países Baixos,55912346,7.257,direct
2004,640399,Calçado de couro sem cobrir o tornozelo,724,Espanha,42842819,5.561,direct
2004,640399,Calçado de couro sem cobrir o tornozelo,208,Dinamarca,29952920,3.888,direct
2004,640399,Calçado de couro sem cobrir o tornozelo,842,EUA,22883825,2.97,direct
2004,640399,Calçado de couro sem cobrir o tornozelo,752,Suécia,14221169,1.846,direct
2004,721420,Varões de ferro com saliências (betão armado),724,Espanha,151778224,98.49,direct
2004,721420,Varões de ferro com saliências (betão armado),826,Reino Unido,1191350,0.773,direct
2004,721420,Varões de ferro com saliências (betão armado),276,Alemanha,980651,0.636,direct
2004,721420,Varões de ferro com saliências (betão armado),24,Angola,83744,0.054,direct
2004,721420,Varões de ferro com saliências (betão armado),180,RD Congo,34578,0.022,direct
2004,721420,Varões de ferro com saliências (betão armado),624,Guiné-Bissau,15187,0.01,direct
2004,721420,Varões de ferro com saliências (betão armado),251,França,14559,0.009,direct
2004,721420,Varões de ferro com saliências (betão armado),678,São Tomé e Príncipe,5870,0.004,direct
2004,848071,Moldes para borracha ou plástico,251,França,84596601,22.822,direct
2004,848071,Moldes para borracha ou plástico,276,Alemanha,65474211,17.663,direct
2004,848071,Moldes para borracha ou plástico,724,Espanha,45519167,12.28,direct
2004,848071,Moldes para borracha ou plástico,826,Reino Unido,38916013,10.499,direct
2004,848071,Moldes para borracha ou plástico,842,EUA,32272580,8.706,direct
2004,848071,Moldes para borracha ou plástico,458,Malásia,19528166,5.268,direct
2004,848071,Moldes para borracha ou plástico,752,Suécia,16185627,4.366,direct
2004,848071,Moldes para borracha ou plástico,616,Polónia,7744198,2.089,direct
2004,852721,Autorrádios,276,Alemanha,388888044,41.541,direct
2004,852721,Autorrádios,724,Espanha,174955335,18.689,direct
2004,852721,Autorrádios,56,Bélgica,173056304,18.486,direct
2004,852721,Autorrádios,380,Itália,90232014,9.639,direct
2004,852721,Autorrádios,826,Reino Unido,58690540,6.269,direct
2004,852721,Autorrádios,251,França,33250095,3.552,direct
2004,852721,Autorrádios,203,Chéquia,3881865,0.415,direct
2004,852721,Autorrádios,616,Polónia,2358036,0.252,direct
2004,870322,Automóveis a gasolina 1.000–1.500 cm³,56,Bélgica,3305381,26.095,direct
2004,870322,Automóveis a gasolina 1.000–1.500 cm³,251,França,2856655,22.553,direct
2004,870322,Automóveis a gasolina 1.000–1.500 cm³,276,Alemanha,2151718,16.987,direct
2004,870322,Automóveis a gasolina 1.000–1.500 cm³,724,Espanha,1452561,11.468,direct
2004,870322,Automóveis a gasolina 1.000–1.500 cm³,24,Angola,962434,7.598,direct
2004,870322,Automóveis a gasolina 1.000–1.500 cm³,300,Grécia,411945,3.252,direct
2004,870322,Automóveis a gasolina 1.000–1.500 cm³,132,Cabo Verde,308828,2.438,direct
2004,870322,Automóveis a gasolina 1.000–1.500 cm³,528,Países Baixos,276855,2.186,direct
2004,870323,Automóveis a gasolina 1.500–3.000 cm³,276,Alemanha,107248679,31.226,direct
2004,870323,Automóveis a gasolina 1.500–3.000 cm³,56,Bélgica,97478171,28.381,direct
2004,870323,Automóveis a gasolina 1.500–3.000 cm³,826,Reino Unido,57756310,16.816,direct
2004,870323,Automóveis a gasolina 1.500–3.000 cm³,251,França,32896408,9.578,direct
2004,870323,Automóveis a gasolina 1.500–3.000 cm³,724,Espanha,20641647,6.01,direct
2004,870323,Automóveis a gasolina 1.500–3.000 cm³,380,Itália,15242805,4.438,direct
2004,870323,Automóveis a gasolina 1.500–3.000 cm³,484,México,4235801,1.233,direct
2004,870323,Automóveis a gasolina 1.500–3.000 cm³,616,Polónia,1190992,0.347,direct
2004,870332,Automóveis diesel 1.500–2.500 cm³,251,França,440379913,20.797,direct
2004,870332,Automóveis diesel 1.500–2.500 cm³,276,Alemanha,427879212,20.207,direct
2004,870332,Automóveis diesel 1.500–2.500 cm³,56,Bélgica,423253802,19.988,direct
2004,870332,Automóveis diesel 1.500–2.500 cm³,826,Reino Unido,405514654,19.151,direct
2004,870332,Automóveis diesel 1.500–2.500 cm³,724,Espanha,238621970,11.269,direct
2004,870332,Automóveis diesel 1.500–2.500 cm³,380,Itália,147944139,6.987,direct
2004,870332,Automóveis diesel 1.500–2.500 cm³,792,Turquia,7150170,0.338,direct
2004,870332,Automóveis diesel 1.500–2.500 cm³,616,Polónia,5756911,0.272,direct
2004,870421,Camiões diesel até 5 t,826,Reino Unido,171029156,34.194,direct
2004,870421,Camiões diesel até 5 t,724,Espanha,54644621,10.925,direct
2004,870421,Camiões diesel até 5 t,276,Alemanha,44379317,8.873,direct
2004,870421,Camiões diesel até 5 t,251,França,39045268,7.806,direct
2004,870421,Camiões diesel até 5 t,380,Itália,25942129,5.187,direct
2004,870421,Camiões diesel até 5 t,56,Bélgica,23823948,4.763,direct
2004,870421,Camiões diesel até 5 t,792,Turquia,20371434,4.073,direct
2004,870421,Camiões diesel até 5 t,528,Países Baixos,19245515,3.848,direct
2004,870892,Silenciadores e tubos de escape,724,Espanha,13715151,41.772,direct
2004,870892,Silenciadores e tubos de escape,380,Itália,6218824,18.94,direct
2004,870892,Silenciadores e tubos de escape,251,França,5282641,16.089,direct
2004,870892,Silenciadores e tubos de escape,276,Alemanha,4252294,12.951,direct
2004,870892,Silenciadores e tubos de escape,528,Países Baixos,785911,2.394,direct
2004,870892,Silenciadores e tubos de escape,12,Argélia,418481,1.275,direct
2004,870892,Silenciadores e tubos de escape,842,EUA,312286,0.951,direct
2004,870892,Silenciadores e tubos de escape,826,Reino Unido,297919,0.907,direct
2004,870899,Outras partes de veículos,724,Espanha,327501449,43.264,direct
2004,870899,Outras partes de veículos,251,França,127614884,16.858,direct
2004,870899,Outras partes de veículos,276,Alemanha,106113384,14.018,direct
2004,870899,Outras partes de veículos,826,Reino Unido,65519777,8.655,direct
2004,870899,Outras partes de veículos,752,Suécia,28060328,3.707,direct
2004,870899,Outras partes de veículos,842,EUA,22439813,2.964,direct
2004,870899,Outras partes de veículos,56,Bélgica,22085996,2.918,direct
2004,870899,Outras partes de veículos,24,Angola,14577679,1.926,direct
2004,902920,Contadores e tacómetros,724,Espanha,9838982,31.91,direct
2004,902920,Contadores e tacómetros,380,Itália,7627209,24.737,direct
2004,902920,Contadores e tacómetros,792,Turquia,6629268,21.5,direct
2004,902920,Contadores e tacómetros,56,Bélgica,6390708,20.726,direct
2004,902920,Contadores e tacómetros,757,Suíça,151052,0.49,direct
2004,902920,Contadores e tacómetros,826,Reino Unido,56500,0.183,direct
2004,902920,Contadores e tacómetros,276,Alemanha,48245,0.156,direct
2004,902920,Contadores e tacómetros,251,França,44643,0.145,direct
2004,940190,Assentos e partes,251,França,211633021,36.056,direct
2004,940190,Assentos e partes,724,Espanha,211479894,36.03,direct
2004,940190,Assentos e partes,752,Suécia,62786937,10.697,direct
2004,940190,Assentos e partes,276,Alemanha,35800016,6.099,direct
2004,940190,Assentos e partes,826,Reino Unido,27178687,4.63,direct
2004,940190,Assentos e partes,40,Áustria,15295533,2.606,direct
2004,940190,Assentos e partes,380,Itália,6203156,1.057,direct
2004,940190,Assentos e partes,348,Hungria,6033062,1.028,direct
2004,999999,Mercadorias não especificadas,899,"Areas, nes",7621391944,98.67,direct
2004,999999,Mercadorias não especificadas,837,Bunkers,13594144,0.176,direct
2004,999999,Mercadorias não especificadas,792,Turquia,12812083,0.166,direct
2004,999999,Mercadorias não especificadas,504,Marrocos,11566759,0.15,direct
2004,999999,Mercadorias não especificadas,76,Brasil,11444183,0.148,direct
2004,999999,Mercadorias não especificadas,380,Itália,9904462,0.128,direct
2004,999999,Mercadorias não especificadas,156,China,8827396,0.114,direct
2004,999999,Mercadorias não especificadas,724,Espanha,6247381,0.081,direct
2004,220421,Vinho tranquilo até 2 L,251,França,121408481,21.432,mirror
2004,220421,Vinho tranquilo até 2 L,826,Reino Unido,78666778,13.887,mirror
2004,220421,Vinho tranquilo até 2 L,842,EUA,60026371,10.596,mirror
2004,220421,Vinho tranquilo até 2 L,56,Bélgica,52252316,9.224,mirror
2004,220421,Vinho tranquilo até 2 L,528,Países Baixos,45402778,8.015,mirror
2004,220421,Vinho tranquilo até 2 L,124,Canadá,35747764,6.31,mirror
2004,220421,Vinho tranquilo até 2 L,276,Alemanha,26771000,4.726,mirror
2004,220421,Vinho tranquilo até 2 L,24,Angola,21483421,3.792,mirror
2004,240220,Cigarros,826,Reino Unido,60446905,60.794,mirror
2004,240220,Cigarros,724,Espanha,25126364,25.27,mirror
2004,240220,Cigarros,710,África do Sul,4694609,4.722,mirror
2004,240220,Cigarros,372,Irlanda,2176006,2.188,mirror
2004,240220,Cigarros,579,Noruega,2155863,2.168,mirror
2004,240220,Cigarros,251,França,1755198,1.765,mirror
2004,240220,Cigarros,392,Japão,668026,0.672,mirror
2004,240220,Cigarros,428,Letónia,590933,0.594,mirror
2004,271019,Gasóleo e combustíveis médios e pesados,842,EUA,57939846,31.493,mirror
2004,271019,Gasóleo e combustíveis médios e pesados,724,Espanha,49778212,27.057,mirror
2004,271019,Gasóleo e combustíveis médios e pesados,826,Reino Unido,40395822,21.957,mirror
2004,271019,Gasóleo e combustíveis médios e pesados,76,Brasil,14500080,7.881,mirror
2004,271019,Gasóleo e combustíveis médios e pesados,251,França,7683813,4.176,mirror
2004,271019,Gasóleo e combustíveis médios e pesados,380,Itália,6827296,3.711,mirror
2004,271019,Gasóleo e combustíveis médios e pesados,56,Bélgica,2594755,1.41,mirror
2004,271019,Gasóleo e combustíveis médios e pesados,504,Marrocos,2059057,1.119,mirror
2004,300490,Medicamentos,826,Reino Unido,48020502,18.827,mirror
2004,300490,Medicamentos,276,Alemanha,36908000,14.471,mirror
2004,300490,Medicamentos,724,Espanha,21360737,8.375,mirror
2004,300490,Medicamentos,56,Bélgica,19791933,7.76,mirror
2004,300490,Medicamentos,251,França,19174081,7.518,mirror
2004,300490,Medicamentos,24,Angola,17086940,6.699,mirror
2004,300490,Medicamentos,208,Dinamarca,14073020,5.518,mirror
2004,300490,Medicamentos,757,Suíça,8874480,3.479,mirror
2004,401110,Pneus novos,276,Alemanha,135652000,32.111,mirror
2004,401110,Pneus novos,724,Espanha,45770506,10.835,mirror
2004,401110,Pneus novos,251,França,42218058,9.994,mirror
2004,401110,Pneus novos,380,Itália,29962407,7.093,mirror
2004,401110,Pneus novos,124,Canadá,29204542,6.913,mirror
2004,401110,Pneus novos,826,Reino Unido,27021799,6.397,mirror
2004,401110,Pneus novos,842,EUA,24481654,5.795,mirror
2004,401110,Pneus novos,56,Bélgica,22361923,5.293,mirror
2004,450310,Rolhas de cortiça,251,França,159071232,25.501,mirror
2004,450310,Rolhas de cortiça,842,EUA,129911244,20.827,mirror
2004,450310,Rolhas de cortiça,36,Austrália,69655545,11.167,mirror
2004,450310,Rolhas de cortiça,724,Espanha,57489419,9.216,mirror
2004,450310,Rolhas de cortiça,276,Alemanha,39028000,6.257,mirror
2004,450310,Rolhas de cortiça,380,Itália,26837628,4.302,mirror
2004,450310,Rolhas de cortiça,152,Chile,24770778,3.971,mirror
2004,450310,Rolhas de cortiça,710,África do Sul,22554727,3.616,mirror
2004,450410,Cortiça aglomerada,276,Alemanha,66069000,22.594,mirror
2004,450410,Cortiça aglomerada,251,França,61134643,20.907,mirror
2004,450410,Cortiça aglomerada,842,EUA,36567820,12.505,mirror
2004,450410,Cortiça aglomerada,380,Itália,19404455,6.636,mirror
2004,450410,Cortiça aglomerada,40,Áustria,12547972,4.291,mirror
2004,450410,Cortiça aglomerada,392,Japão,11461157,3.919,mirror
2004,450410,Cortiça aglomerada,724,Espanha,10629996,3.635,mirror
2004,450410,Cortiça aglomerada,757,Suíça,7578295,2.592,mirror
2004,470329,Pasta de madeira química,276,Alemanha,189177000,34.526,mirror
2004,470329,Pasta de madeira química,528,Países Baixos,134674045,24.579,mirror
2004,470329,Pasta de madeira química,724,Espanha,50876210,9.285,mirror
2004,470329,Pasta de madeira química,246,Finlândia,43803958,7.994,mirror
2004,470329,Pasta de madeira química,251,França,26075457,4.759,mirror
2004,470329,Pasta de madeira química,826,Reino Unido,23794558,4.343,mirror
2004,470329,Pasta de madeira química,380,Itália,23694952,4.324,mirror
2004,470329,Pasta de madeira química,156,China,12738095,2.325,mirror
2004,480256,Papel para escrita e impressão,842,EUA,76666197,19.74,mirror
2004,480256,Papel para escrita e impressão,276,Alemanha,67575000,17.399,mirror
2004,480256,Papel para escrita e impressão,251,França,66083034,17.015,mirror
2004,480256,Papel para escrita e impressão,380,Itália,49056380,12.631,mirror
2004,480256,Papel para escrita e impressão,724,Espanha,42484503,10.939,mirror
2004,480256,Papel para escrita e impressão,528,Países Baixos,24521258,6.314,mirror
2004,480256,Papel para escrita e impressão,56,Bélgica,15209732,3.916,mirror
2004,480256,Papel para escrita e impressão,757,Suíça,10978013,2.827,mirror
2004,610910,T-shirts de algodão,724,Espanha,155690243,25.124,mirror
2004,610910,T-shirts de algodão,826,Reino Unido,123377085,19.91,mirror
2004,610910,T-shirts de algodão,251,França,99169333,16.003,mirror
2004,610910,T-shirts de algodão,276,Alemanha,58785000,9.486,mirror
2004,610910,T-shirts de algodão,380,Itália,36774708,5.934,mirror
2004,610910,T-shirts de algodão,56,Bélgica,23875075,3.853,mirror
2004,610910,T-shirts de algodão,528,Países Baixos,21931756,3.539,mirror
2004,610910,T-shirts de algodão,752,Suécia,13585282,2.192,mirror
2004,640391,Calçado de couro a cobrir o tornozelo,826,Reino Unido,61107922,23.664,mirror
2004,640391,Calçado de couro a cobrir o tornozelo,251,França,50831094,19.684,mirror
2004,640391,Calçado de couro a cobrir o tornozelo,528,Países Baixos,42565649,16.483,mirror
2004,640391,Calçado de couro a cobrir o tornozelo,276,Alemanha,39272000,15.208,mirror
2004,640391,Calçado de couro a cobrir o tornozelo,208,Dinamarca,9001355,3.486,mirror
2004,640391,Calçado de couro a cobrir o tornozelo,752,Suécia,8580745,3.323,mirror
2004,640391,Calçado de couro a cobrir o tornozelo,724,Espanha,8174870,3.166,mirror
2004,640391,Calçado de couro a cobrir o tornozelo,842,EUA,6894448,2.67,mirror
2004,640399,Calçado de couro sem cobrir o tornozelo,251,França,198064999,23.062,mirror
2004,640399,Calçado de couro sem cobrir o tornozelo,276,Alemanha,183903000,21.413,mirror
2004,640399,Calçado de couro sem cobrir o tornozelo,826,Reino Unido,171521077,19.971,mirror
2004,640399,Calçado de couro sem cobrir o tornozelo,528,Países Baixos,59910712,6.976,mirror
2004,640399,Calçado de couro sem cobrir o tornozelo,842,EUA,58565009,6.819,mirror
2004,640399,Calçado de couro sem cobrir o tornozelo,208,Dinamarca,30093100,3.504,mirror
2004,640399,Calçado de couro sem cobrir o tornozelo,724,Espanha,24536718,2.857,mirror
2004,640399,Calçado de couro sem cobrir o tornozelo,752,Suécia,19140634,2.229,mirror
2004,721420,Varões de ferro com saliências (betão armado),724,Espanha,141655893,95.336,mirror
2004,721420,Varões de ferro com saliências (betão armado),826,Reino Unido,5323867,3.583,mirror
2004,721420,Varões de ferro com saliências (betão armado),24,Angola,891883,0.6,mirror
2004,721420,Varões de ferro com saliências (betão armado),132,Cabo Verde,686755,0.462,mirror
2004,721420,Varões de ferro com saliências (betão armado),624,Guiné-Bissau,17355,0.012,mirror
2004,721420,Varões de ferro com saliências (betão armado),678,São Tomé e Príncipe,6080,0.004,mirror
2004,721420,Varões de ferro com saliências (betão armado),540,New Caledonia,4542,0.003,mirror
2004,721420,Varões de ferro com saliências (betão armado),508,Moçambique,343,0.0,mirror
2004,848071,Moldes para borracha ou plástico,842,EUA,32404777,20.391,mirror
2004,848071,Moldes para borracha ou plástico,251,França,30699179,19.318,mirror
2004,848071,Moldes para borracha ou plástico,276,Alemanha,22636000,14.244,mirror
2004,848071,Moldes para borracha ou plástico,484,México,12261781,7.716,mirror
2004,848071,Moldes para borracha ou plástico,724,Espanha,10925595,6.875,mirror
2004,848071,Moldes para borracha ou plástico,752,Suécia,9039485,5.688,mirror
2004,848071,Moldes para borracha ou plástico,56,Bélgica,5422415,3.412,mirror
2004,848071,Moldes para borracha ou plástico,156,China,3484504,2.193,mirror
2004,852721,Autorrádios,276,Alemanha,431130000,48.596,mirror
2004,852721,Autorrádios,56,Bélgica,146794250,16.546,mirror
2004,852721,Autorrádios,724,Espanha,64588044,7.28,mirror
2004,852721,Autorrádios,380,Itália,64415285,7.261,mirror
2004,852721,Autorrádios,251,França,63749404,7.186,mirror
2004,852721,Autorrádios,826,Reino Unido,37522629,4.229,mirror
2004,852721,Autorrádios,616,Polónia,24028295,2.708,mirror
2004,852721,Autorrádios,792,Turquia,20497765,2.31,mirror
2004,870322,Automóveis a gasolina 1.000–1.500 cm³,56,Bélgica,4074501,18.489,mirror
2004,870322,Automóveis a gasolina 1.000–1.500 cm³,380,Itália,3699674,16.788,mirror
2004,870322,Automóveis a gasolina 1.000–1.500 cm³,826,Reino Unido,3455280,15.679,mirror
2004,870322,Automóveis a gasolina 1.000–1.500 cm³,251,França,3259121,14.789,mirror
2004,870322,Automóveis a gasolina 1.000–1.500 cm³,724,Espanha,1732226,7.86,mirror
2004,870322,Automóveis a gasolina 1.000–1.500 cm³,203,Chéquia,1466122,6.653,mirror
2004,870322,Automóveis a gasolina 1.000–1.500 cm³,24,Angola,949072,4.307,mirror
2004,870322,Automóveis a gasolina 1.000–1.500 cm³,276,Alemanha,923000,4.188,mirror
2004,870323,Automóveis a gasolina 1.500–3.000 cm³,826,Reino Unido,199460788,44.525,mirror
2004,870323,Automóveis a gasolina 1.500–3.000 cm³,56,Bélgica,78242519,17.466,mirror
2004,870323,Automóveis a gasolina 1.500–3.000 cm³,276,Alemanha,48745000,10.881,mirror
2004,870323,Automóveis a gasolina 1.500–3.000 cm³,528,Países Baixos,22478027,5.018,mirror
2004,870323,Automóveis a gasolina 1.500–3.000 cm³,372,Irlanda,21711491,4.847,mirror
2004,870323,Automóveis a gasolina 1.500–3.000 cm³,40,Áustria,13802130,3.081,mirror
2004,870323,Automóveis a gasolina 1.500–3.000 cm³,724,Espanha,11874685,2.651,mirror
2004,870323,Automóveis a gasolina 1.500–3.000 cm³,251,França,7407659,1.654,mirror
2004,870332,Automóveis diesel 1.500–2.500 cm³,56,Bélgica,609550191,29.51,mirror
2004,870332,Automóveis diesel 1.500–2.500 cm³,276,Alemanha,394262000,19.087,mirror
2004,870332,Automóveis diesel 1.500–2.500 cm³,826,Reino Unido,281473662,13.627,mirror
2004,870332,Automóveis diesel 1.500–2.500 cm³,40,Áustria,247664526,11.99,mirror
2004,870332,Automóveis diesel 1.500–2.500 cm³,724,Espanha,244107048,11.818,mirror
2004,870332,Automóveis diesel 1.500–2.500 cm³,380,Itália,163289763,7.905,mirror
2004,870332,Automóveis diesel 1.500–2.500 cm³,251,França,58741304,2.844,mirror
2004,870332,Automóveis diesel 1.500–2.500 cm³,528,Países Baixos,17616333,0.853,mirror
2004,870421,Camiões diesel até 5 t,251,França,191801764,35.852,mirror
2004,870421,Camiões diesel até 5 t,826,Reino Unido,137177686,25.641,mirror
2004,870421,Camiões diesel até 5 t,724,Espanha,61771020,11.546,mirror
2004,870421,Camiões diesel até 5 t,56,Bélgica,28239223,5.278,mirror
2004,870421,Camiões diesel até 5 t,528,Países Baixos,23805754,4.45,mirror
2004,870421,Camiões diesel até 5 t,372,Irlanda,14137575,2.643,mirror
2004,870421,Camiões diesel até 5 t,24,Angola,11082412,2.072,mirror
2004,870421,Camiões diesel até 5 t,348,Hungria,10042000,1.877,mirror
2004,870892,Silenciadores e tubos de escape,724,Espanha,13808288,50.494,mirror
2004,870892,Silenciadores e tubos de escape,380,Itália,6552355,23.961,mirror
2004,870892,Silenciadores e tubos de escape,251,França,1635780,5.982,mirror
2004,870892,Silenciadores e tubos de escape,276,Alemanha,1159000,4.238,mirror
2004,870892,Silenciadores e tubos de escape,826,Reino Unido,1050929,3.843,mirror
2004,870892,Silenciadores e tubos de escape,788,Tunisia,371880,1.36,mirror
2004,870892,Silenciadores e tubos de escape,528,Países Baixos,370818,1.356,mirror
2004,870892,Silenciadores e tubos de escape,376,Israel,362000,1.324,mirror
2004,870899,Outras partes de veículos,724,Espanha,396862027,53.361,mirror
2004,870899,Outras partes de veículos,251,França,116618070,15.68,mirror
2004,870899,Outras partes de veículos,276,Alemanha,86410000,11.618,mirror
2004,870899,Outras partes de veículos,826,Reino Unido,73141708,9.834,mirror
2004,870899,Outras partes de veículos,842,EUA,18948951,2.548,mirror
2004,870899,Outras partes de veículos,56,Bélgica,9656394,1.298,mirror
2004,870899,Outras partes de veículos,203,Chéquia,9238370,1.242,mirror
2004,870899,Outras partes de veículos,380,Itália,6618512,0.89,mirror
2004,902920,Contadores e tacómetros,380,Itália,7645607,40.553,mirror
2004,902920,Contadores e tacómetros,276,Alemanha,6572000,34.858,mirror
2004,902920,Contadores e tacómetros,251,França,3439492,18.243,mirror
2004,902920,Contadores e tacómetros,842,EUA,592524,3.143,mirror
2004,902920,Contadores e tacómetros,724,Espanha,446128,2.366,mirror
2004,902920,Contadores e tacómetros,826,Reino Unido,63405,0.336,mirror
2004,902920,Contadores e tacómetros,40,Áustria,30065,0.159,mirror
2004,902920,Contadores e tacómetros,792,Turquia,15595,0.083,mirror
2004,940190,Assentos e partes,251,França,191092719,45.739,mirror
2004,940190,Assentos e partes,724,Espanha,105268259,25.196,mirror
2004,940190,Assentos e partes,276,Alemanha,24993000,5.982,mirror
2004,940190,Assentos e partes,752,Suécia,22467216,5.378,mirror
2004,940190,Assentos e partes,826,Reino Unido,20963863,5.018,mirror
2004,940190,Assentos e partes,40,Áustria,16993037,4.067,mirror
2004,940190,Assentos e partes,203,Chéquia,13103113,3.136,mirror
2004,940190,Assentos e partes,380,Itália,8338926,1.996,mirror
2004,999999,Mercadorias não especificadas,276,Alemanha,842551000,77.705,mirror
2004,999999,Mercadorias não especificadas,380,Itália,88156690,8.13,mirror
2004,999999,Mercadorias não especificadas,842,EUA,44650449,4.118,mirror
2004,999999,Mercadorias não especificadas,752,Suécia,24811115,2.288,mirror
2004,999999,Mercadorias não especificadas,414,Kuwait,16565189,1.528,mirror
2004,999999,Mercadorias não especificadas,724,Espanha,12371774,1.141,mirror
2004,999999,Mercadorias não especificadas,826,Reino Unido,9318237,0.859,mirror
2004,999999,Mercadorias não especificadas,372,Irlanda,8726247,0.805,mirror
2005,220421,Vinho tranquilo até 2 L,251,França,125202271,19.999,direct
2005,220421,Vinho tranquilo até 2 L,826,Reino Unido,96782201,15.46,direct
2005,220421,Vinho tranquilo até 2 L,528,Países Baixos,62015244,9.906,direct
2005,220421,Vinho tranquilo até 2 L,56,Bélgica,57351115,9.161,direct
2005,220421,Vinho tranquilo até 2 L,842,EUA,55532587,8.871,direct
2005,220421,Vinho tranquilo até 2 L,124,Canadá,33260972,5.313,direct
2005,220421,Vinho tranquilo até 2 L,276,Alemanha,32341714,5.166,direct
2005,220421,Vinho tranquilo até 2 L,24,Angola,27683495,4.422,direct
2005,240220,Cigarros,380,Itália,210862391,76.893,direct
2005,240220,Cigarros,724,Espanha,28369822,10.345,direct
2005,240220,Cigarros,826,Reino Unido,7403937,2.7,direct
2005,240220,Cigarros,528,Países Baixos,6498074,2.37,direct
2005,240220,Cigarros,276,Alemanha,6382986,2.328,direct
2005,240220,Cigarros,710,África do Sul,4397351,1.604,direct
2005,240220,Cigarros,300,Grécia,1863847,0.68,direct
2005,240220,Cigarros,251,França,1522345,0.555,direct
2005,271019,Gasóleo e combustíveis médios e pesados,837,Bunkers,171630603,21.749,direct
2005,271019,Gasóleo e combustíveis médios e pesados,899,"Areas, nes",164431844,20.837,direct
2005,271019,Gasóleo e combustíveis médios e pesados,724,Espanha,121525217,15.399,direct
2005,271019,Gasóleo e combustíveis médios e pesados,826,Reino Unido,110172542,13.961,direct
2005,271019,Gasóleo e combustíveis médios e pesados,528,Países Baixos,81163897,10.285,direct
2005,271019,Gasóleo e combustíveis médios e pesados,251,França,30724170,3.893,direct
2005,271019,Gasóleo e combustíveis médios e pesados,380,Itália,20563044,2.606,direct
2005,271019,Gasóleo e combustíveis médios e pesados,292,Gibraltar,19193838,2.432,direct
2005,300490,Medicamentos,276,Alemanha,41424431,14.881,direct
2005,300490,Medicamentos,826,Reino Unido,35970932,12.922,direct
2005,300490,Medicamentos,251,França,30624402,11.002,direct
2005,300490,Medicamentos,56,Bélgica,29200876,10.49,direct
2005,300490,Medicamentos,24,Angola,21213207,7.621,direct
2005,300490,Medicamentos,724,Espanha,19470654,6.995,direct
2005,300490,Medicamentos,842,EUA,16931684,6.083,direct
2005,300490,Medicamentos,528,Países Baixos,11129127,3.998,direct
2005,401110,Pneus novos,276,Alemanha,141549823,29.593,direct
2005,401110,Pneus novos,724,Espanha,77218921,16.144,direct
2005,401110,Pneus novos,251,França,42492589,8.884,direct
2005,401110,Pneus novos,842,EUA,39395863,8.236,direct
2005,401110,Pneus novos,826,Reino Unido,34376545,7.187,direct
2005,401110,Pneus novos,528,Países Baixos,21529094,4.501,direct
2005,401110,Pneus novos,380,Itália,20531379,4.292,direct
2005,401110,Pneus novos,56,Bélgica,19137077,4.001,direct
2005,450310,Rolhas de cortiça,251,França,148459662,28.688,direct
2005,450310,Rolhas de cortiça,842,EUA,92991455,17.97,direct
2005,450310,Rolhas de cortiça,724,Espanha,58853904,11.373,direct
2005,450310,Rolhas de cortiça,276,Alemanha,39318582,7.598,direct
2005,450310,Rolhas de cortiça,380,Itália,30811861,5.954,direct
2005,450310,Rolhas de cortiça,36,Austrália,30469524,5.888,direct
2005,450310,Rolhas de cortiça,152,Chile,24337933,4.703,direct
2005,450310,Rolhas de cortiça,32,Argentina,15489249,2.993,direct
2005,450410,Cortiça aglomerada,251,França,56858491,16.778,direct
2005,450410,Cortiça aglomerada,842,EUA,55903131,16.496,direct
2005,450410,Cortiça aglomerada,276,Alemanha,50706285,14.963,direct
2005,450410,Cortiça aglomerada,724,Espanha,34028940,10.041,direct
2005,450410,Cortiça aglomerada,380,Itália,22635899,6.68,direct
2005,450410,Cortiça aglomerada,36,Austrália,14358164,4.237,direct
2005,450410,Cortiça aglomerada,40,Áustria,9086388,2.681,direct
2005,450410,Cortiça aglomerada,124,Canadá,7310044,2.157,direct
2005,470329,Pasta de madeira química,528,Países Baixos,129769318,31.34,direct
2005,470329,Pasta de madeira química,276,Alemanha,92497875,22.339,direct
2005,470329,Pasta de madeira química,724,Espanha,61533576,14.861,direct
2005,470329,Pasta de madeira química,826,Reino Unido,24300261,5.869,direct
2005,470329,Pasta de madeira química,251,França,23717222,5.728,direct
2005,470329,Pasta de madeira química,246,Finlândia,22303956,5.387,direct
2005,470329,Pasta de madeira química,752,Suécia,13702675,3.309,direct
2005,470329,Pasta de madeira química,380,Itália,12194641,2.945,direct
2005,480256,Papel para escrita e impressão,842,EUA,73271666,16.302,direct
2005,480256,Papel para escrita e impressão,251,França,73092960,16.262,direct
2005,480256,Papel para escrita e impressão,276,Alemanha,55009752,12.239,direct
2005,480256,Papel para escrita e impressão,380,Itália,51577603,11.475,direct
2005,480256,Papel para escrita e impressão,724,Espanha,45025864,10.018,direct
2005,480256,Papel para escrita e impressão,826,Reino Unido,27803972,6.186,direct
2005,480256,Papel para escrita e impressão,528,Países Baixos,24437408,5.437,direct
2005,480256,Papel para escrita e impressão,674,San Marino,16532399,3.678,direct
2005,610910,T-shirts de algodão,724,Espanha,172894590,28.343,direct
2005,610910,T-shirts de algodão,826,Reino Unido,107202709,17.574,direct
2005,610910,T-shirts de algodão,251,França,94705107,15.525,direct
2005,610910,T-shirts de algodão,276,Alemanha,64071782,10.504,direct
2005,610910,T-shirts de algodão,380,Itália,35984799,5.899,direct
2005,610910,T-shirts de algodão,56,Bélgica,32406896,5.313,direct
2005,610910,T-shirts de algodão,528,Países Baixos,29171461,4.782,direct
2005,610910,T-shirts de algodão,752,Suécia,14690323,2.408,direct
2005,640391,Calçado de couro a cobrir o tornozelo,251,França,46232745,24.663,direct
2005,640391,Calçado de couro a cobrir o tornozelo,528,Países Baixos,30574212,16.31,direct
2005,640391,Calçado de couro a cobrir o tornozelo,276,Alemanha,28990313,15.465,direct
2005,640391,Calçado de couro a cobrir o tornozelo,826,Reino Unido,25096053,13.387,direct
2005,640391,Calçado de couro a cobrir o tornozelo,208,Dinamarca,11705102,6.244,direct
2005,640391,Calçado de couro a cobrir o tornozelo,724,Espanha,11115661,5.93,direct
2005,640391,Calçado de couro a cobrir o tornozelo,579,Noruega,4820950,2.572,direct
2005,640391,Calçado de couro a cobrir o tornozelo,380,Itália,4716335,2.516,direct
2005,640399,Calçado de couro sem cobrir o tornozelo,276,Alemanha,176841722,24.317,direct
2005,640399,Calçado de couro sem cobrir o tornozelo,251,França,166710495,22.924,direct
2005,640399,Calçado de couro sem cobrir o tornozelo,826,Reino Unido,126789244,17.434,direct
2005,640399,Calçado de couro sem cobrir o tornozelo,528,Países Baixos,50174213,6.899,direct
2005,640399,Calçado de couro sem cobrir o tornozelo,724,Espanha,48630864,6.687,direct
2005,640399,Calçado de couro sem cobrir o tornozelo,208,Dinamarca,42436143,5.835,direct
2005,640399,Calçado de couro sem cobrir o tornozelo,842,EUA,18485350,2.542,direct
2005,640399,Calçado de couro sem cobrir o tornozelo,56,Bélgica,12865021,1.769,direct
2005,721420,Varões de ferro com saliências (betão armado),724,Espanha,237215698,94.212,direct
2005,721420,Varões de ferro com saliências (betão armado),372,Irlanda,8176498,3.247,direct
2005,721420,Varões de ferro com saliências (betão armado),826,Reino Unido,6248524,2.482,direct
2005,721420,Varões de ferro com saliências (betão armado),132,Cabo Verde,97175,0.039,direct
2005,721420,Varões de ferro com saliências (betão armado),24,Angola,31518,0.013,direct
2005,721420,Varões de ferro com saliências (betão armado),251,França,14541,0.006,direct
2005,721420,Varões de ferro com saliências (betão armado),490,Taiwan (Prov. China),3157,0.001,direct
2005,721420,Varões de ferro com saliências (betão armado),678,São Tomé e Príncipe,1130,0.0,direct
2005,848071,Moldes para borracha ou plástico,251,França,84564641,25.386,direct
2005,848071,Moldes para borracha ou plástico,276,Alemanha,56306895,16.903,direct
2005,848071,Moldes para borracha ou plástico,724,Espanha,47434096,14.239,direct
2005,848071,Moldes para borracha ou plástico,842,EUA,22360956,6.713,direct
2005,848071,Moldes para borracha ou plástico,826,Reino Unido,19422913,5.831,direct
2005,848071,Moldes para borracha ou plástico,752,Suécia,14879258,4.467,direct
2005,848071,Moldes para borracha ou plástico,56,Bélgica,10477859,3.145,direct
2005,848071,Moldes para borracha ou plástico,792,Turquia,8706281,2.614,direct
2005,852721,Autorrádios,276,Alemanha,423464665,39.544,direct
2005,852721,Autorrádios,56,Bélgica,180731644,16.877,direct
2005,852721,Autorrádios,724,Espanha,175406503,16.38,direct
2005,852721,Autorrádios,380,Itália,90311667,8.434,direct
2005,852721,Autorrádios,251,França,89972381,8.402,direct
2005,852721,Autorrádios,826,Reino Unido,87352986,8.157,direct
2005,852721,Autorrádios,616,Polónia,8996019,0.84,direct
2005,852721,Autorrádios,203,Chéquia,5715309,0.534,direct
2005,870322,Automóveis a gasolina 1.000–1.500 cm³,251,França,3169276,26.548,direct
2005,870322,Automóveis a gasolina 1.000–1.500 cm³,56,Bélgica,2878020,24.109,direct
2005,870322,Automóveis a gasolina 1.000–1.500 cm³,276,Alemanha,1786690,14.967,direct
2005,870322,Automóveis a gasolina 1.000–1.500 cm³,757,Suíça,940364,7.877,direct
2005,870322,Automóveis a gasolina 1.000–1.500 cm³,24,Angola,775206,6.494,direct
2005,870322,Automóveis a gasolina 1.000–1.500 cm³,132,Cabo Verde,540804,4.53,direct
2005,870322,Automóveis a gasolina 1.000–1.500 cm³,724,Espanha,539227,4.517,direct
2005,870322,Automóveis a gasolina 1.000–1.500 cm³,36,Austrália,364200,3.051,direct
2005,870323,Automóveis a gasolina 1.500–3.000 cm³,276,Alemanha,76587658,23.069,direct
2005,870323,Automóveis a gasolina 1.500–3.000 cm³,826,Reino Unido,68223872,20.55,direct
2005,870323,Automóveis a gasolina 1.500–3.000 cm³,56,Bélgica,65637004,19.771,direct
2005,870323,Automóveis a gasolina 1.500–3.000 cm³,251,França,58457905,17.608,direct
2005,870323,Automóveis a gasolina 1.500–3.000 cm³,724,Espanha,29210985,8.799,direct
2005,870323,Automóveis a gasolina 1.500–3.000 cm³,380,Itália,27850756,8.389,direct
2005,870323,Automóveis a gasolina 1.500–3.000 cm³,484,México,2057192,0.62,direct
2005,870323,Automóveis a gasolina 1.500–3.000 cm³,24,Angola,1335318,0.402,direct
2005,870332,Automóveis diesel 1.500–2.500 cm³,251,França,534833713,29.945,direct
2005,870332,Automóveis diesel 1.500–2.500 cm³,276,Alemanha,370911954,20.767,direct
2005,870332,Automóveis diesel 1.500–2.500 cm³,56,Bélgica,273482185,15.312,direct
2005,870332,Automóveis diesel 1.500–2.500 cm³,826,Reino Unido,252203616,14.121,direct
2005,870332,Automóveis diesel 1.500–2.500 cm³,724,Espanha,181185463,10.145,direct
2005,870332,Automóveis diesel 1.500–2.500 cm³,380,Itália,141467683,7.921,direct
2005,870332,Automóveis diesel 1.500–2.500 cm³,752,Suécia,8237708,0.461,direct
2005,870332,Automóveis diesel 1.500–2.500 cm³,24,Angola,4717554,0.264,direct
2005,870421,Camiões diesel até 5 t,826,Reino Unido,68899408,31.811,direct
2005,870421,Camiões diesel até 5 t,251,França,21850489,10.088,direct
2005,870421,Camiões diesel até 5 t,724,Espanha,21554593,9.952,direct
2005,870421,Camiões diesel até 5 t,792,Turquia,10711483,4.946,direct
2005,870421,Camiões diesel até 5 t,152,Chile,10333218,4.771,direct
2005,870421,Camiões diesel até 5 t,579,Noruega,10175208,4.698,direct
2005,870421,Camiões diesel até 5 t,56,Bélgica,8257157,3.812,direct
2005,870421,Camiões diesel até 5 t,276,Alemanha,7131249,3.293,direct
2005,870892,Silenciadores e tubos de escape,724,Espanha,16142056,47.063,direct
2005,870892,Silenciadores e tubos de escape,380,Itália,6193629,18.058,direct
2005,870892,Silenciadores e tubos de escape,251,França,5597255,16.319,direct
2005,870892,Silenciadores e tubos de escape,276,Alemanha,2827435,8.244,direct
2005,870892,Silenciadores e tubos de escape,528,Países Baixos,1793069,5.228,direct
2005,870892,Silenciadores e tubos de escape,376,Israel,310027,0.904,direct
2005,870892,Silenciadores e tubos de escape,12,Argélia,272421,0.794,direct
2005,870892,Silenciadores e tubos de escape,788,Tunisia,213324,0.622,direct
2005,870899,Outras partes de veículos,724,Espanha,366390663,44.044,direct
2005,870899,Outras partes de veículos,251,França,143819951,17.289,direct
2005,870899,Outras partes de veículos,276,Alemanha,123780522,14.88,direct
2005,870899,Outras partes de veículos,826,Reino Unido,49865082,5.994,direct
2005,870899,Outras partes de veículos,56,Bélgica,28262376,3.397,direct
2005,870899,Outras partes de veículos,752,Suécia,25024438,3.008,direct
2005,870899,Outras partes de veículos,842,EUA,24928886,2.997,direct
2005,870899,Outras partes de veículos,24,Angola,15079831,1.813,direct
2005,902920,Contadores e tacómetros,56,Bélgica,14346499,45.654,direct
2005,902920,Contadores e tacómetros,380,Itália,10622878,33.805,direct
2005,902920,Contadores e tacómetros,792,Turquia,5784039,18.406,direct
2005,902920,Contadores e tacómetros,276,Alemanha,250854,0.798,direct
2005,902920,Contadores e tacómetros,826,Reino Unido,234647,0.747,direct
2005,902920,Contadores e tacómetros,251,França,72231,0.23,direct
2005,902920,Contadores e tacómetros,757,Suíça,43609,0.139,direct
2005,902920,Contadores e tacómetros,724,Espanha,40000,0.127,direct
2005,940190,Assentos e partes,251,França,218470212,40.413,direct
2005,940190,Assentos e partes,724,Espanha,191110957,35.352,direct
2005,940190,Assentos e partes,752,Suécia,50813267,9.4,direct
2005,940190,Assentos e partes,276,Alemanha,28366990,5.247,direct
2005,940190,Assentos e partes,826,Reino Unido,11622664,2.15,direct
2005,940190,Assentos e partes,40,Áustria,11564894,2.139,direct
2005,940190,Assentos e partes,203,Chéquia,7890591,1.46,direct
2005,940190,Assentos e partes,380,Itália,6597600,1.22,direct
2005,999999,Mercadorias não especificadas,568,"Other Europe, nes",310080260,36.54,direct
2005,999999,Mercadorias não especificadas,276,Alemanha,114035326,13.438,direct
2005,999999,Mercadorias não especificadas,724,Espanha,99309331,11.703,direct
2005,999999,Mercadorias não especificadas,528,Países Baixos,81775355,9.636,direct
2005,999999,Mercadorias não especificadas,839,Special Categories,72242237,8.513,direct
2005,999999,Mercadorias não especificadas,842,EUA,29187242,3.439,direct
2005,999999,Mercadorias não especificadas,251,França,14286746,1.684,direct
2005,999999,Mercadorias não especificadas,837,Bunkers,12239133,1.442,direct
2005,220421,Vinho tranquilo até 2 L,251,França,118831801,19.302,mirror
2005,220421,Vinho tranquilo até 2 L,826,Reino Unido,85606820,13.905,mirror
2005,220421,Vinho tranquilo até 2 L,842,EUA,70789212,11.498,mirror
2005,220421,Vinho tranquilo até 2 L,56,Bélgica,56955067,9.251,mirror
2005,220421,Vinho tranquilo até 2 L,528,Países Baixos,47403314,7.7,mirror
2005,220421,Vinho tranquilo até 2 L,124,Canadá,34912822,5.671,mirror
2005,220421,Vinho tranquilo até 2 L,276,Alemanha,33814000,5.492,mirror
2005,220421,Vinho tranquilo até 2 L,24,Angola,31060722,5.045,mirror
2005,240220,Cigarros,380,Itália,191634577,66.881,mirror
2005,240220,Cigarros,826,Reino Unido,42917818,14.978,mirror
2005,240220,Cigarros,724,Espanha,31806655,11.101,mirror
2005,240220,Cigarros,372,Irlanda,4995035,1.743,mirror
2005,240220,Cigarros,579,Noruega,3774934,1.317,mirror
2005,240220,Cigarros,710,África do Sul,3636151,1.269,mirror
2005,240220,Cigarros,300,Grécia,1864628,0.651,mirror
2005,240220,Cigarros,251,França,1698433,0.593,mirror
2005,271019,Gasóleo e combustíveis médios e pesados,826,Reino Unido,87911686,29.344,mirror
2005,271019,Gasóleo e combustíveis médios e pesados,724,Espanha,86421771,28.846,mirror
2005,271019,Gasóleo e combustíveis médios e pesados,251,França,43988782,14.683,mirror
2005,271019,Gasóleo e combustíveis médios e pesados,380,Itália,22880352,7.637,mirror
2005,271019,Gasóleo e combustíveis médios e pesados,76,Brasil,20108013,6.712,mirror
2005,271019,Gasóleo e combustíveis médios e pesados,124,Canadá,16276319,5.433,mirror
2005,271019,Gasóleo e combustíveis médios e pesados,56,Bélgica,11143021,3.719,mirror
2005,271019,Gasóleo e combustíveis médios e pesados,276,Alemanha,4755000,1.587,mirror
2005,300490,Medicamentos,276,Alemanha,47880000,18.979,mirror
2005,300490,Medicamentos,826,Reino Unido,41679496,16.521,mirror
2005,300490,Medicamentos,251,França,20299069,8.046,mirror
2005,300490,Medicamentos,56,Bélgica,20038862,7.943,mirror
2005,300490,Medicamentos,24,Angola,19505560,7.732,mirror
2005,300490,Medicamentos,724,Espanha,15457507,6.127,mirror
2005,300490,Medicamentos,208,Dinamarca,13514028,5.357,mirror
2005,300490,Medicamentos,643,Rússia,8569492,3.397,mirror
2005,401110,Pneus novos,276,Alemanha,150175000,33.921,mirror
2005,401110,Pneus novos,842,EUA,42644991,9.633,mirror
2005,401110,Pneus novos,251,França,36789419,8.31,mirror
2005,401110,Pneus novos,724,Espanha,32404468,7.319,mirror
2005,401110,Pneus novos,380,Itália,27644810,6.244,mirror
2005,401110,Pneus novos,826,Reino Unido,26173650,5.912,mirror
2005,401110,Pneus novos,124,Canadá,24785742,5.599,mirror
2005,401110,Pneus novos,56,Bélgica,19382125,4.378,mirror
2005,450310,Rolhas de cortiça,251,França,149666130,25.607,mirror
2005,450310,Rolhas de cortiça,842,EUA,130300495,22.293,mirror
2005,450310,Rolhas de cortiça,724,Espanha,52831307,9.039,mirror
2005,450310,Rolhas de cortiça,36,Austrália,49709124,8.505,mirror
2005,450310,Rolhas de cortiça,276,Alemanha,40530000,6.934,mirror
2005,450310,Rolhas de cortiça,380,Itália,28276337,4.838,mirror
2005,450310,Rolhas de cortiça,152,Chile,27464901,4.699,mirror
2005,450310,Rolhas de cortiça,710,África do Sul,20540329,3.514,mirror
2005,450410,Cortiça aglomerada,276,Alemanha,79259000,25.009,mirror
2005,450410,Cortiça aglomerada,251,França,61296619,19.341,mirror
2005,450410,Cortiça aglomerada,842,EUA,37902802,11.96,mirror
2005,450410,Cortiça aglomerada,380,Itália,20340277,6.418,mirror
2005,450410,Cortiça aglomerada,724,Espanha,15369036,4.849,mirror
2005,450410,Cortiça aglomerada,40,Áustria,13775086,4.346,mirror
2005,450410,Cortiça aglomerada,392,Japão,9064336,2.86,mirror
2005,450410,Cortiça aglomerada,757,Suíça,7262386,2.292,mirror
2005,470329,Pasta de madeira química,276,Alemanha,203002000,33.456,mirror
2005,470329,Pasta de madeira química,528,Países Baixos,169189217,27.883,mirror
2005,470329,Pasta de madeira química,724,Espanha,63721709,10.502,mirror
2005,470329,Pasta de madeira química,251,França,28266149,4.658,mirror
2005,470329,Pasta de madeira química,380,Itália,27981288,4.611,mirror
2005,470329,Pasta de madeira química,246,Finlândia,26330338,4.339,mirror
2005,470329,Pasta de madeira química,826,Reino Unido,23128534,3.812,mirror
2005,470329,Pasta de madeira química,616,Polónia,12638588,2.083,mirror
2005,480256,Papel para escrita e impressão,842,EUA,80319093,20.222,mirror
2005,480256,Papel para escrita e impressão,251,França,71316750,17.955,mirror
2005,480256,Papel para escrita e impressão,276,Alemanha,62175000,15.653,mirror
2005,480256,Papel para escrita e impressão,380,Itália,44189401,11.125,mirror
2005,480256,Papel para escrita e impressão,724,Espanha,38189165,9.615,mirror
2005,480256,Papel para escrita e impressão,528,Países Baixos,23249765,5.853,mirror
2005,480256,Papel para escrita e impressão,56,Bélgica,16259611,4.094,mirror
2005,480256,Papel para escrita e impressão,826,Reino Unido,13450640,3.386,mirror
2005,610910,T-shirts de algodão,724,Espanha,160588635,26.188,mirror
2005,610910,T-shirts de algodão,826,Reino Unido,92585584,15.098,mirror
2005,610910,T-shirts de algodão,251,França,88791319,14.48,mirror
2005,610910,T-shirts de algodão,276,Alemanha,66633000,10.866,mirror
2005,610910,T-shirts de algodão,380,Itália,38782636,6.324,mirror
2005,610910,T-shirts de algodão,56,Bélgica,29220885,4.765,mirror
2005,610910,T-shirts de algodão,528,Países Baixos,24127443,3.935,mirror
2005,610910,T-shirts de algodão,752,Suécia,12978854,2.117,mirror
2005,640391,Calçado de couro a cobrir o tornozelo,251,França,50160376,20.559,mirror
2005,640391,Calçado de couro a cobrir o tornozelo,528,Países Baixos,44848600,18.382,mirror
2005,640391,Calçado de couro a cobrir o tornozelo,826,Reino Unido,41115424,16.852,mirror
2005,640391,Calçado de couro a cobrir o tornozelo,276,Alemanha,37058000,15.189,mirror
2005,640391,Calçado de couro a cobrir o tornozelo,208,Dinamarca,9981128,4.091,mirror
2005,640391,Calçado de couro a cobrir o tornozelo,752,Suécia,8755667,3.589,mirror
2005,640391,Calçado de couro a cobrir o tornozelo,724,Espanha,8111212,3.325,mirror
2005,640391,Calçado de couro a cobrir o tornozelo,579,Noruega,7638321,3.131,mirror
2005,640399,Calçado de couro sem cobrir o tornozelo,251,França,193124852,23.443,mirror
2005,640399,Calçado de couro sem cobrir o tornozelo,276,Alemanha,186173000,22.599,mirror
2005,640399,Calçado de couro sem cobrir o tornozelo,826,Reino Unido,135160136,16.406,mirror
2005,640399,Calçado de couro sem cobrir o tornozelo,528,Países Baixos,61635124,7.482,mirror
2005,640399,Calçado de couro sem cobrir o tornozelo,842,EUA,50050857,6.075,mirror
2005,640399,Calçado de couro sem cobrir o tornozelo,208,Dinamarca,39391953,4.782,mirror
2005,640399,Calçado de couro sem cobrir o tornozelo,724,Espanha,26255884,3.187,mirror
2005,640399,Calçado de couro sem cobrir o tornozelo,579,Noruega,18696944,2.27,mirror
2005,721420,Varões de ferro com saliências (betão armado),724,Espanha,168135584,94.973,mirror
2005,721420,Varões de ferro com saliências (betão armado),826,Reino Unido,6457142,3.647,mirror
2005,721420,Varões de ferro com saliências (betão armado),372,Irlanda,1686321,0.953,mirror
2005,721420,Varões de ferro com saliências (betão armado),24,Angola,422309,0.239,mirror
2005,721420,Varões de ferro com saliências (betão armado),132,Cabo Verde,329139,0.186,mirror
2005,721420,Varões de ferro com saliências (betão armado),380,Itália,3797,0.002,mirror
2005,721420,Varões de ferro com saliências (betão armado),508,Moçambique,461,0.0,mirror
2005,721420,Varões de ferro com saliências (betão armado),428,Letónia,373,0.0,mirror
2005,848071,Moldes para borracha ou plástico,251,França,44816224,26.179,mirror
2005,848071,Moldes para borracha ou plástico,842,EUA,21530038,12.576,mirror
2005,848071,Moldes para borracha ou plástico,276,Alemanha,19182000,11.205,mirror
2005,848071,Moldes para borracha ou plástico,724,Espanha,13226452,7.726,mirror
2005,848071,Moldes para borracha ou plástico,484,México,13085775,7.644,mirror
2005,848071,Moldes para borracha ou plástico,752,Suécia,6882638,4.02,mirror
2005,848071,Moldes para borracha ou plástico,528,Países Baixos,6397353,3.737,mirror
2005,848071,Moldes para borracha ou plástico,56,Bélgica,6136526,3.585,mirror
2005,852721,Autorrádios,276,Alemanha,380343000,40.349,mirror
2005,852721,Autorrádios,56,Bélgica,164352149,17.435,mirror
2005,852721,Autorrádios,251,França,111866361,11.867,mirror
2005,852721,Autorrádios,724,Espanha,84514345,8.966,mirror
2005,852721,Autorrádios,380,Itália,66543611,7.059,mirror
2005,852721,Autorrádios,826,Reino Unido,57491854,6.099,mirror
2005,852721,Autorrádios,792,Turquia,20684592,2.194,mirror
2005,852721,Autorrádios,616,Polónia,18117048,1.922,mirror
2005,870322,Automóveis a gasolina 1.000–1.500 cm³,56,Bélgica,9991136,27.908,mirror
2005,870322,Automóveis a gasolina 1.000–1.500 cm³,276,Alemanha,8724000,24.368,mirror
2005,870322,Automóveis a gasolina 1.000–1.500 cm³,251,França,4037666,11.278,mirror
2005,870322,Automóveis a gasolina 1.000–1.500 cm³,724,Espanha,3596908,10.047,mirror
2005,870322,Automóveis a gasolina 1.000–1.500 cm³,792,Turquia,2940727,8.214,mirror
2005,870322,Automóveis a gasolina 1.000–1.500 cm³,757,Suíça,1216810,3.399,mirror
2005,870322,Automóveis a gasolina 1.000–1.500 cm³,24,Angola,1172713,3.276,mirror
2005,870322,Automóveis a gasolina 1.000–1.500 cm³,300,Grécia,982036,2.743,mirror
2005,870323,Automóveis a gasolina 1.500–3.000 cm³,56,Bélgica,132451985,37.23,mirror
2005,870323,Automóveis a gasolina 1.500–3.000 cm³,826,Reino Unido,107564840,30.235,mirror
2005,870323,Automóveis a gasolina 1.500–3.000 cm³,276,Alemanha,38688000,10.875,mirror
2005,870323,Automóveis a gasolina 1.500–3.000 cm³,528,Países Baixos,14623408,4.11,mirror
2005,870323,Automóveis a gasolina 1.500–3.000 cm³,40,Áustria,11403010,3.205,mirror
2005,870323,Automóveis a gasolina 1.500–3.000 cm³,724,Espanha,9568199,2.689,mirror
2005,870323,Automóveis a gasolina 1.500–3.000 cm³,251,França,7429554,2.088,mirror
2005,870323,Automóveis a gasolina 1.500–3.000 cm³,710,África do Sul,6008984,1.689,mirror
2005,870332,Automóveis diesel 1.500–2.500 cm³,56,Bélgica,466505940,28.506,mirror
2005,870332,Automóveis diesel 1.500–2.500 cm³,724,Espanha,347765382,21.25,mirror
2005,870332,Automóveis diesel 1.500–2.500 cm³,276,Alemanha,219143000,13.391,mirror
2005,870332,Automóveis diesel 1.500–2.500 cm³,826,Reino Unido,217912419,13.316,mirror
2005,870332,Automóveis diesel 1.500–2.500 cm³,40,Áustria,176083382,10.76,mirror
2005,870332,Automóveis diesel 1.500–2.500 cm³,380,Itália,112313804,6.863,mirror
2005,870332,Automóveis diesel 1.500–2.500 cm³,251,França,53325807,3.258,mirror
2005,870332,Automóveis diesel 1.500–2.500 cm³,528,Países Baixos,9152217,0.559,mirror
2005,870421,Camiões diesel até 5 t,826,Reino Unido,186320107,33.089,mirror
2005,870421,Camiões diesel até 5 t,251,França,178152515,31.638,mirror
2005,870421,Camiões diesel até 5 t,56,Bélgica,38793172,6.889,mirror
2005,870421,Camiões diesel até 5 t,724,Espanha,36180091,6.425,mirror
2005,870421,Camiões diesel até 5 t,792,Turquia,28147084,4.999,mirror
2005,870421,Camiões diesel até 5 t,24,Angola,12715990,2.258,mirror
2005,870421,Camiões diesel até 5 t,380,Itália,12296712,2.184,mirror
2005,870421,Camiões diesel até 5 t,579,Noruega,10816057,1.921,mirror
2005,870892,Silenciadores e tubos de escape,724,Espanha,19952213,58.564,mirror
2005,870892,Silenciadores e tubos de escape,380,Itália,5404115,15.862,mirror
2005,870892,Silenciadores e tubos de escape,251,França,2607996,7.655,mirror
2005,870892,Silenciadores e tubos de escape,826,Reino Unido,1876081,5.507,mirror
2005,870892,Silenciadores e tubos de escape,276,Alemanha,1685000,4.946,mirror
2005,870892,Silenciadores e tubos de escape,376,Israel,326000,0.957,mirror
2005,870892,Silenciadores e tubos de escape,788,Tunisia,323772,0.95,mirror
2005,870892,Silenciadores e tubos de escape,300,Grécia,249180,0.731,mirror
2005,870899,Outras partes de veículos,724,Espanha,422334250,53.528,mirror
2005,870899,Outras partes de veículos,251,França,111517965,14.134,mirror
2005,870899,Outras partes de veículos,826,Reino Unido,90283012,11.443,mirror
2005,870899,Outras partes de veículos,276,Alemanha,80332000,10.182,mirror
2005,870899,Outras partes de veículos,842,EUA,17229857,2.184,mirror
2005,870899,Outras partes de veículos,203,Chéquia,12929409,1.639,mirror
2005,870899,Outras partes de veículos,380,Itália,11483630,1.455,mirror
2005,870899,Outras partes de veículos,56,Bélgica,10827765,1.372,mirror
2005,902920,Contadores e tacómetros,276,Alemanha,6571000,35.815,mirror
2005,902920,Contadores e tacómetros,251,França,4826535,26.307,mirror
2005,902920,Contadores e tacómetros,380,Itália,4605404,25.101,mirror
2005,902920,Contadores e tacómetros,203,Chéquia,1119428,6.101,mirror
2005,902920,Contadores e tacómetros,842,EUA,967964,5.276,mirror
2005,902920,Contadores e tacómetros,826,Reino Unido,112753,0.615,mirror
2005,902920,Contadores e tacómetros,792,Turquia,51113,0.279,mirror
2005,902920,Contadores e tacómetros,132,Cabo Verde,32354,0.176,mirror
2005,940190,Assentos e partes,251,França,183706950,51.99,mirror
2005,940190,Assentos e partes,724,Espanha,85559722,24.214,mirror
2005,940190,Assentos e partes,752,Suécia,18793774,5.319,mirror
2005,940190,Assentos e partes,203,Chéquia,17340742,4.908,mirror
2005,940190,Assentos e partes,276,Alemanha,14254000,4.034,mirror
2005,940190,Assentos e partes,826,Reino Unido,9135020,2.585,mirror
2005,940190,Assentos e partes,380,Itália,7349758,2.08,mirror
2005,940190,Assentos e partes,40,Áustria,4663270,1.32,mirror
2005,999999,Mercadorias não especificadas,276,Alemanha,460645000,49.264,mirror
2005,999999,Mercadorias não especificadas,702,Singapura,210322867,22.493,mirror
2005,999999,Mercadorias não especificadas,380,Itália,91892805,9.828,mirror
2005,999999,Mercadorias não especificadas,842,EUA,64568191,6.905,mirror
2005,999999,Mercadorias não especificadas,752,Suécia,26668985,2.852,mirror
2005,999999,Mercadorias não especificadas,724,Espanha,17077128,1.826,mirror
2005,999999,Mercadorias não especificadas,372,Irlanda,10506797,1.124,mirror
2005,999999,Mercadorias não especificadas,246,Finlândia,8460437,0.905,mirror
2006,220421,Vinho tranquilo até 2 L,251,França,122830175,19.044,direct
2006,220421,Vinho tranquilo até 2 L,826,Reino Unido,86429085,13.4,direct
2006,220421,Vinho tranquilo até 2 L,528,Países Baixos,60076398,9.314,direct
2006,220421,Vinho tranquilo até 2 L,56,Bélgica,57382160,8.897,direct
2006,220421,Vinho tranquilo até 2 L,842,EUA,56764753,8.801,direct
2006,220421,Vinho tranquilo até 2 L,276,Alemanha,36527719,5.663,direct
2006,220421,Vinho tranquilo até 2 L,24,Angola,36335004,5.633,direct
2006,220421,Vinho tranquilo até 2 L,124,Canadá,35909768,5.568,direct
2006,240220,Cigarros,380,Itália,281972052,82.752,direct
2006,240220,Cigarros,724,Espanha,13658351,4.008,direct
2006,240220,Cigarros,251,França,13011806,3.819,direct
2006,240220,Cigarros,478,Mauritânia,7947713,2.332,direct
2006,240220,Cigarros,826,Reino Unido,6741023,1.978,direct
2006,240220,Cigarros,710,África do Sul,4669544,1.37,direct
2006,240220,Cigarros,440,Lituânia,2429514,0.713,direct
2006,240220,Cigarros,400,Jordânia,2154206,0.632,direct
2006,271019,Gasóleo e combustíveis médios e pesados,724,Espanha,277603537,26.527,direct
2006,271019,Gasóleo e combustíveis médios e pesados,837,Bunkers,242419423,23.165,direct
2006,271019,Gasóleo e combustíveis médios e pesados,899,"Areas, nes",181274085,17.322,direct
2006,271019,Gasóleo e combustíveis médios e pesados,528,Países Baixos,88186345,8.427,direct
2006,271019,Gasóleo e combustíveis médios e pesados,826,Reino Unido,73676315,7.04,direct
2006,271019,Gasóleo e combustíveis médios e pesados,76,Brasil,27340917,2.613,direct
2006,271019,Gasóleo e combustíveis médios e pesados,292,Gibraltar,26084821,2.493,direct
2006,271019,Gasóleo e combustíveis médios e pesados,577,"Other Africa, nes",23338039,2.23,direct
2006,300490,Medicamentos,276,Alemanha,67909875,20.57,direct
2006,300490,Medicamentos,826,Reino Unido,53155747,16.101,direct
2006,300490,Medicamentos,24,Angola,29907619,9.059,direct
2006,300490,Medicamentos,251,França,28023919,8.488,direct
2006,300490,Medicamentos,56,Bélgica,20391484,6.176,direct
2006,300490,Medicamentos,724,Espanha,19663320,5.956,direct
2006,300490,Medicamentos,528,Países Baixos,14223543,4.308,direct
2006,300490,Medicamentos,842,EUA,14081508,4.265,direct
2006,401110,Pneus novos,276,Alemanha,169763377,29.642,direct
2006,401110,Pneus novos,724,Espanha,84498565,14.754,direct
2006,401110,Pneus novos,251,França,56366918,9.842,direct
2006,401110,Pneus novos,826,Reino Unido,40379994,7.051,direct
2006,401110,Pneus novos,842,EUA,34529621,6.029,direct
2006,401110,Pneus novos,528,Países Baixos,28463610,4.97,direct
2006,401110,Pneus novos,380,Itália,26966614,4.709,direct
2006,401110,Pneus novos,56,Bélgica,19327978,3.375,direct
2006,450310,Rolhas de cortiça,251,França,146379646,27.817,direct
2006,450310,Rolhas de cortiça,842,EUA,98937404,18.801,direct
2006,450310,Rolhas de cortiça,724,Espanha,72441751,13.766,direct
2006,450310,Rolhas de cortiça,380,Itália,39127842,7.436,direct
2006,450310,Rolhas de cortiça,276,Alemanha,35427761,6.732,direct
2006,450310,Rolhas de cortiça,36,Austrália,22237467,4.226,direct
2006,450310,Rolhas de cortiça,152,Chile,20836404,3.96,direct
2006,450310,Rolhas de cortiça,32,Argentina,16063644,3.053,direct
2006,450410,Cortiça aglomerada,842,EUA,62937865,17.545,direct
2006,450410,Cortiça aglomerada,251,França,57460292,16.018,direct
2006,450410,Cortiça aglomerada,276,Alemanha,51050635,14.231,direct
2006,450410,Cortiça aglomerada,724,Espanha,30343082,8.459,direct
2006,450410,Cortiça aglomerada,380,Itália,27874670,7.771,direct
2006,450410,Cortiça aglomerada,643,Rússia,16463803,4.59,direct
2006,450410,Cortiça aglomerada,36,Austrália,11494164,3.204,direct
2006,450410,Cortiça aglomerada,40,Áustria,8469827,2.361,direct
2006,470329,Pasta de madeira química,528,Países Baixos,146789517,31.683,direct
2006,470329,Pasta de madeira química,724,Espanha,73366065,15.835,direct
2006,470329,Pasta de madeira química,276,Alemanha,73133856,15.785,direct
2006,470329,Pasta de madeira química,380,Itália,30366637,6.554,direct
2006,470329,Pasta de madeira química,251,França,29820904,6.436,direct
2006,470329,Pasta de madeira química,826,Reino Unido,28722476,6.199,direct
2006,470329,Pasta de madeira química,616,Polónia,18567005,4.007,direct
2006,470329,Pasta de madeira química,752,Suécia,15996712,3.453,direct
2006,480256,Papel para escrita e impressão,842,EUA,93197804,17.785,direct
2006,480256,Papel para escrita e impressão,251,França,79328870,15.138,direct
2006,480256,Papel para escrita e impressão,276,Alemanha,66975295,12.781,direct
2006,480256,Papel para escrita e impressão,380,Itália,54855384,10.468,direct
2006,480256,Papel para escrita e impressão,724,Espanha,54735813,10.445,direct
2006,480256,Papel para escrita e impressão,826,Reino Unido,38869457,7.417,direct
2006,480256,Papel para escrita e impressão,528,Países Baixos,30970334,5.91,direct
2006,480256,Papel para escrita e impressão,56,Bélgica,13254901,2.529,direct
2006,610910,T-shirts de algodão,724,Espanha,204925570,31.516,direct
2006,610910,T-shirts de algodão,251,França,96898807,14.902,direct
2006,610910,T-shirts de algodão,826,Reino Unido,91301280,14.041,direct
2006,610910,T-shirts de algodão,276,Alemanha,78096056,12.01,direct
2006,610910,T-shirts de algodão,380,Itália,50669770,7.793,direct
2006,610910,T-shirts de algodão,56,Bélgica,30898361,4.752,direct
2006,610910,T-shirts de algodão,528,Países Baixos,24631363,3.788,direct
2006,610910,T-shirts de algodão,752,Suécia,14670670,2.256,direct
2006,640391,Calçado de couro a cobrir o tornozelo,251,França,53762094,25.92,direct
2006,640391,Calçado de couro a cobrir o tornozelo,276,Alemanha,39359822,18.976,direct
2006,640391,Calçado de couro a cobrir o tornozelo,528,Países Baixos,26125073,12.596,direct
2006,640391,Calçado de couro a cobrir o tornozelo,826,Reino Unido,16311931,7.864,direct
2006,640391,Calçado de couro a cobrir o tornozelo,208,Dinamarca,16055231,7.741,direct
2006,640391,Calçado de couro a cobrir o tornozelo,724,Espanha,15636653,7.539,direct
2006,640391,Calçado de couro a cobrir o tornozelo,380,Itália,5395877,2.601,direct
2006,640391,Calçado de couro a cobrir o tornozelo,372,Irlanda,4836776,2.332,direct
2006,640399,Calçado de couro sem cobrir o tornozelo,251,França,177606050,25.524,direct
2006,640399,Calçado de couro sem cobrir o tornozelo,276,Alemanha,175913523,25.28,direct
2006,640399,Calçado de couro sem cobrir o tornozelo,826,Reino Unido,103146354,14.823,direct
2006,640399,Calçado de couro sem cobrir o tornozelo,528,Países Baixos,66806096,9.601,direct
2006,640399,Calçado de couro sem cobrir o tornozelo,724,Espanha,44771440,6.434,direct
2006,640399,Calçado de couro sem cobrir o tornozelo,208,Dinamarca,27306122,3.924,direct
2006,640399,Calçado de couro sem cobrir o tornozelo,56,Bélgica,11928018,1.714,direct
2006,640399,Calçado de couro sem cobrir o tornozelo,842,EUA,9985526,1.435,direct
2006,721420,Varões de ferro com saliências (betão armado),724,Espanha,305516870,96.558,direct
2006,721420,Varões de ferro com saliências (betão armado),826,Reino Unido,7445417,2.353,direct
2006,721420,Varões de ferro com saliências (betão armado),372,Irlanda,2725649,0.861,direct
2006,721420,Varões de ferro com saliências (betão armado),132,Cabo Verde,483101,0.153,direct
2006,721420,Varões de ferro com saliências (betão armado),233,Estónia,166268,0.053,direct
2006,721420,Varões de ferro com saliências (betão armado),24,Angola,61558,0.019,direct
2006,721420,Varões de ferro com saliências (betão armado),624,Guiné-Bissau,7412,0.002,direct
2006,721420,Varões de ferro com saliências (betão armado),678,São Tomé e Príncipe,2429,0.001,direct
2006,848071,Moldes para borracha ou plástico,251,França,85465617,22.099,direct
2006,848071,Moldes para borracha ou plástico,276,Alemanha,60962896,15.763,direct
2006,848071,Moldes para borracha ou plástico,724,Espanha,52604995,13.602,direct
2006,848071,Moldes para borracha ou plástico,826,Reino Unido,34628015,8.954,direct
2006,848071,Moldes para borracha ou plástico,842,EUA,32069685,8.292,direct
2006,848071,Moldes para borracha ou plástico,752,Suécia,11497688,2.973,direct
2006,848071,Moldes para borracha ou plástico,32,Argentina,10353471,2.677,direct
2006,848071,Moldes para borracha ou plástico,642,Roménia,10311319,2.666,direct
2006,852721,Autorrádios,276,Alemanha,434101497,40.956,direct
2006,852721,Autorrádios,724,Espanha,184830490,17.438,direct
2006,852721,Autorrádios,56,Bélgica,157153964,14.827,direct
2006,852721,Autorrádios,251,França,86023214,8.116,direct
2006,852721,Autorrádios,380,Itália,83783915,7.905,direct
2006,852721,Autorrádios,826,Reino Unido,76360677,7.204,direct
2006,852721,Autorrádios,616,Polónia,14386238,1.357,direct
2006,852721,Autorrádios,203,Chéquia,7519086,0.709,direct
2006,870322,Automóveis a gasolina 1.000–1.500 cm³,276,Alemanha,6214437,32.144,direct
2006,870322,Automóveis a gasolina 1.000–1.500 cm³,724,Espanha,4049460,20.946,direct
2006,870322,Automóveis a gasolina 1.000–1.500 cm³,24,Angola,1894202,9.798,direct
2006,870322,Automóveis a gasolina 1.000–1.500 cm³,757,Suíça,1341919,6.941,direct
2006,870322,Automóveis a gasolina 1.000–1.500 cm³,300,Grécia,1273976,6.59,direct
2006,870322,Automóveis a gasolina 1.000–1.500 cm³,792,Turquia,945024,4.888,direct
2006,870322,Automóveis a gasolina 1.000–1.500 cm³,251,França,739986,3.828,direct
2006,870322,Automóveis a gasolina 1.000–1.500 cm³,56,Bélgica,725669,3.754,direct
2006,870323,Automóveis a gasolina 1.500–3.000 cm³,276,Alemanha,906958715,85.29,direct
2006,870323,Automóveis a gasolina 1.500–3.000 cm³,251,França,59636822,5.608,direct
2006,870323,Automóveis a gasolina 1.500–3.000 cm³,826,Reino Unido,33395794,3.141,direct
2006,870323,Automóveis a gasolina 1.500–3.000 cm³,56,Bélgica,23260924,2.187,direct
2006,870323,Automóveis a gasolina 1.500–3.000 cm³,380,Itália,15795815,1.485,direct
2006,870323,Automóveis a gasolina 1.500–3.000 cm³,724,Espanha,13673316,1.286,direct
2006,870323,Automóveis a gasolina 1.500–3.000 cm³,24,Angola,3453471,0.325,direct
2006,870323,Automóveis a gasolina 1.500–3.000 cm³,792,Turquia,3004029,0.282,direct
2006,870332,Automóveis diesel 1.500–2.500 cm³,251,França,520881130,38.246,direct
2006,870332,Automóveis diesel 1.500–2.500 cm³,276,Alemanha,323861187,23.78,direct
2006,870332,Automóveis diesel 1.500–2.500 cm³,56,Bélgica,183663814,13.486,direct
2006,870332,Automóveis diesel 1.500–2.500 cm³,826,Reino Unido,168224959,12.352,direct
2006,870332,Automóveis diesel 1.500–2.500 cm³,724,Espanha,96697528,7.1,direct
2006,870332,Automóveis diesel 1.500–2.500 cm³,380,Itália,37098402,2.724,direct
2006,870332,Automóveis diesel 1.500–2.500 cm³,348,Hungria,7368722,0.541,direct
2006,870332,Automóveis diesel 1.500–2.500 cm³,24,Angola,7227822,0.531,direct
2006,870421,Camiões diesel até 5 t,826,Reino Unido,66811363,25.595,direct
2006,870421,Camiões diesel até 5 t,251,França,28204339,10.805,direct
2006,870421,Camiões diesel até 5 t,724,Espanha,24534164,9.399,direct
2006,870421,Camiões diesel até 5 t,792,Turquia,23513836,9.008,direct
2006,870421,Camiões diesel até 5 t,579,Noruega,14878294,5.7,direct
2006,870421,Camiões diesel até 5 t,56,Bélgica,11311961,4.334,direct
2006,870421,Camiões diesel até 5 t,380,Itália,10978021,4.206,direct
2006,870421,Camiões diesel até 5 t,24,Angola,9659674,3.701,direct
2006,870892,Silenciadores e tubos de escape,251,França,26337916,40.27,direct
2006,870892,Silenciadores e tubos de escape,724,Espanha,23006282,35.176,direct
2006,870892,Silenciadores e tubos de escape,276,Alemanha,6664259,10.19,direct
2006,870892,Silenciadores e tubos de escape,380,Itália,5214509,7.973,direct
2006,870892,Silenciadores e tubos de escape,528,Países Baixos,1827094,2.794,direct
2006,870892,Silenciadores e tubos de escape,376,Israel,445596,0.681,direct
2006,870892,Silenciadores e tubos de escape,12,Argélia,303848,0.465,direct
2006,870892,Silenciadores e tubos de escape,208,Dinamarca,239989,0.367,direct
2006,870899,Outras partes de veículos,724,Espanha,431587058,40.435,direct
2006,870899,Outras partes de veículos,251,França,204848788,19.192,direct
2006,870899,Outras partes de veículos,276,Alemanha,149725305,14.028,direct
2006,870899,Outras partes de veículos,826,Reino Unido,65832635,6.168,direct
2006,870899,Outras partes de veículos,842,EUA,43071627,4.035,direct
2006,870899,Outras partes de veículos,380,Itália,28130357,2.636,direct
2006,870899,Outras partes de veículos,56,Bélgica,27753454,2.6,direct
2006,870899,Outras partes de veículos,616,Polónia,23777974,2.228,direct
2006,902920,Contadores e tacómetros,56,Bélgica,11945458,54.196,direct
2006,902920,Contadores e tacómetros,792,Turquia,9380701,42.56,direct
2006,902920,Contadores e tacómetros,276,Alemanha,222375,1.009,direct
2006,902920,Contadores e tacómetros,528,Países Baixos,142619,0.647,direct
2006,902920,Contadores e tacómetros,392,Japão,127034,0.576,direct
2006,902920,Contadores e tacómetros,826,Reino Unido,83252,0.378,direct
2006,902920,Contadores e tacómetros,724,Espanha,42833,0.194,direct
2006,902920,Contadores e tacómetros,348,Hungria,41262,0.187,direct
2006,940190,Assentos e partes,724,Espanha,211362507,40.388,direct
2006,940190,Assentos e partes,251,França,194758633,37.215,direct
2006,940190,Assentos e partes,752,Suécia,52417405,10.016,direct
2006,940190,Assentos e partes,203,Chéquia,17820726,3.405,direct
2006,940190,Assentos e partes,276,Alemanha,13806983,2.638,direct
2006,940190,Assentos e partes,40,Áustria,7208570,1.377,direct
2006,940190,Assentos e partes,380,Itália,7181880,1.372,direct
2006,940190,Assentos e partes,348,Hungria,5137718,0.982,direct
2006,999999,Mercadorias não especificadas,568,"Other Europe, nes",330283146,34.776,direct
2006,999999,Mercadorias não especificadas,276,Alemanha,157791365,16.614,direct
2006,999999,Mercadorias não especificadas,839,Special Categories,93668215,9.863,direct
2006,999999,Mercadorias não especificadas,528,Países Baixos,84466359,8.894,direct
2006,999999,Mercadorias não especificadas,724,Espanha,69012308,7.266,direct
2006,999999,Mercadorias não especificadas,251,França,38454116,4.049,direct
2006,999999,Mercadorias não especificadas,842,EUA,26179825,2.757,direct
2006,999999,Mercadorias não especificadas,826,Reino Unido,17766739,1.871,direct
2006,220421,Vinho tranquilo até 2 L,251,França,119300895,18.703,mirror
2006,220421,Vinho tranquilo até 2 L,826,Reino Unido,86284755,13.527,mirror
2006,220421,Vinho tranquilo até 2 L,842,EUA,70736065,11.089,mirror
2006,220421,Vinho tranquilo até 2 L,56,Bélgica,53466448,8.382,mirror
2006,220421,Vinho tranquilo até 2 L,528,Países Baixos,46518215,7.293,mirror
2006,220421,Vinho tranquilo até 2 L,24,Angola,41657331,6.531,mirror
2006,220421,Vinho tranquilo até 2 L,124,Canadá,39493621,6.191,mirror
2006,220421,Vinho tranquilo até 2 L,276,Alemanha,30850000,4.836,mirror
2006,240220,Cigarros,380,Itália,377549328,82.637,mirror
2006,240220,Cigarros,826,Reino Unido,33016704,7.227,mirror
2006,240220,Cigarros,724,Espanha,15865882,3.473,mirror
2006,240220,Cigarros,251,França,14122401,3.091,mirror
2006,240220,Cigarros,372,Irlanda,2677449,0.586,mirror
2006,240220,Cigarros,132,Cabo Verde,2523402,0.552,mirror
2006,240220,Cigarros,579,Noruega,2454462,0.537,mirror
2006,240220,Cigarros,710,África do Sul,2076085,0.454,mirror
2006,271019,Gasóleo e combustíveis médios e pesados,724,Espanha,238769933,55.636,mirror
2006,271019,Gasóleo e combustíveis médios e pesados,826,Reino Unido,79302287,18.478,mirror
2006,271019,Gasóleo e combustíveis médios e pesados,76,Brasil,23245868,5.417,mirror
2006,271019,Gasóleo e combustíveis médios e pesados,24,Angola,22778503,5.308,mirror
2006,271019,Gasóleo e combustíveis médios e pesados,686,Senegal,19670775,4.583,mirror
2006,271019,Gasóleo e combustíveis médios e pesados,251,França,15310150,3.567,mirror
2006,271019,Gasóleo e combustíveis médios e pesados,894,Zâmbia,8441254,1.967,mirror
2006,271019,Gasóleo e combustíveis médios e pesados,208,Dinamarca,5506950,1.283,mirror
2006,300490,Medicamentos,276,Alemanha,71110000,23.445,mirror
2006,300490,Medicamentos,826,Reino Unido,50433366,16.628,mirror
2006,300490,Medicamentos,24,Angola,28729354,9.472,mirror
2006,300490,Medicamentos,56,Bélgica,22171035,7.31,mirror
2006,300490,Medicamentos,208,Dinamarca,15721471,5.183,mirror
2006,300490,Medicamentos,251,França,15305127,5.046,mirror
2006,300490,Medicamentos,724,Espanha,15203361,5.012,mirror
2006,300490,Medicamentos,616,Polónia,10904586,3.595,mirror
2006,401110,Pneus novos,276,Alemanha,169128000,34.474,mirror
2006,401110,Pneus novos,251,França,45866416,9.349,mirror
2006,401110,Pneus novos,826,Reino Unido,41303846,8.419,mirror
2006,401110,Pneus novos,842,EUA,39213084,7.993,mirror
2006,401110,Pneus novos,724,Espanha,28493337,5.808,mirror
2006,401110,Pneus novos,380,Itália,26508846,5.403,mirror
2006,401110,Pneus novos,56,Bélgica,19179412,3.909,mirror
2006,401110,Pneus novos,757,Suíça,17655592,3.599,mirror
2006,450310,Rolhas de cortiça,251,França,140443064,24.669,mirror
2006,450310,Rolhas de cortiça,842,EUA,134174020,23.568,mirror
2006,450310,Rolhas de cortiça,724,Espanha,59062668,10.374,mirror
2006,450310,Rolhas de cortiça,380,Itália,36565774,6.423,mirror
2006,450310,Rolhas de cortiça,36,Austrália,35210054,6.185,mirror
2006,450310,Rolhas de cortiça,276,Alemanha,32841000,5.769,mirror
2006,450310,Rolhas de cortiça,152,Chile,21393973,3.758,mirror
2006,450310,Rolhas de cortiça,710,África do Sul,18019514,3.165,mirror
2006,450410,Cortiça aglomerada,276,Alemanha,69402000,21.7,mirror
2006,450410,Cortiça aglomerada,251,França,58160740,18.185,mirror
2006,450410,Cortiça aglomerada,842,EUA,39006989,12.197,mirror
2006,450410,Cortiça aglomerada,724,Espanha,24995318,7.815,mirror
2006,450410,Cortiça aglomerada,380,Itália,21555495,6.74,mirror
2006,450410,Cortiça aglomerada,40,Áustria,12577328,3.933,mirror
2006,450410,Cortiça aglomerada,643,Rússia,12150281,3.799,mirror
2006,450410,Cortiça aglomerada,124,Canadá,7833331,2.449,mirror
2006,470329,Pasta de madeira química,276,Alemanha,191702000,29.633,mirror
2006,470329,Pasta de madeira química,528,Países Baixos,156569951,24.202,mirror
2006,470329,Pasta de madeira química,724,Espanha,76726705,11.86,mirror
2006,470329,Pasta de madeira química,251,França,41003679,6.338,mirror
2006,470329,Pasta de madeira química,380,Itália,31767983,4.911,mirror
2006,470329,Pasta de madeira química,826,Reino Unido,28724855,4.44,mirror
2006,470329,Pasta de madeira química,40,Áustria,27269536,4.215,mirror
2006,470329,Pasta de madeira química,616,Polónia,18630376,2.88,mirror
2006,480256,Papel para escrita e impressão,842,EUA,94698470,20.512,mirror
2006,480256,Papel para escrita e impressão,251,França,82109058,17.785,mirror
2006,480256,Papel para escrita e impressão,276,Alemanha,73335000,15.884,mirror
2006,480256,Papel para escrita e impressão,380,Itália,47879823,10.371,mirror
2006,480256,Papel para escrita e impressão,724,Espanha,41849213,9.065,mirror
2006,480256,Papel para escrita e impressão,528,Países Baixos,28450132,6.162,mirror
2006,480256,Papel para escrita e impressão,56,Bélgica,20118686,4.358,mirror
2006,480256,Papel para escrita e impressão,826,Reino Unido,17443463,3.778,mirror
2006,610910,T-shirts de algodão,724,Espanha,197553837,29.03,mirror
2006,610910,T-shirts de algodão,251,França,87401192,12.843,mirror
2006,610910,T-shirts de algodão,826,Reino Unido,84741439,12.452,mirror
2006,610910,T-shirts de algodão,276,Alemanha,79685000,11.709,mirror
2006,610910,T-shirts de algodão,380,Itália,51891411,7.625,mirror
2006,610910,T-shirts de algodão,56,Bélgica,32281268,4.744,mirror
2006,610910,T-shirts de algodão,40,Áustria,14688295,2.158,mirror
2006,610910,T-shirts de algodão,842,EUA,14505109,2.131,mirror
2006,640391,Calçado de couro a cobrir o tornozelo,276,Alemanha,57711000,20.269,mirror
2006,640391,Calçado de couro a cobrir o tornozelo,251,França,56202085,19.739,mirror
2006,640391,Calçado de couro a cobrir o tornozelo,528,Países Baixos,47053398,16.526,mirror
2006,640391,Calçado de couro a cobrir o tornozelo,826,Reino Unido,33260754,11.682,mirror
2006,640391,Calçado de couro a cobrir o tornozelo,208,Dinamarca,14292629,5.02,mirror
2006,640391,Calçado de couro a cobrir o tornozelo,752,Suécia,10256379,3.602,mirror
2006,640391,Calçado de couro a cobrir o tornozelo,579,Noruega,8586406,3.016,mirror
2006,640391,Calçado de couro a cobrir o tornozelo,724,Espanha,7481913,2.628,mirror
2006,640399,Calçado de couro sem cobrir o tornozelo,251,França,208710963,25.871,mirror
2006,640399,Calçado de couro sem cobrir o tornozelo,276,Alemanha,192804000,23.899,mirror
2006,640399,Calçado de couro sem cobrir o tornozelo,826,Reino Unido,112209435,13.909,mirror
2006,640399,Calçado de couro sem cobrir o tornozelo,528,Países Baixos,66656678,8.262,mirror
2006,640399,Calçado de couro sem cobrir o tornozelo,842,EUA,37442250,4.641,mirror
2006,640399,Calçado de couro sem cobrir o tornozelo,208,Dinamarca,32152289,3.985,mirror
2006,640399,Calçado de couro sem cobrir o tornozelo,724,Espanha,25792343,3.197,mirror
2006,640399,Calçado de couro sem cobrir o tornozelo,579,Noruega,13244052,1.642,mirror
2006,721420,Varões de ferro com saliências (betão armado),724,Espanha,265876566,96.961,mirror
2006,721420,Varões de ferro com saliências (betão armado),826,Reino Unido,7532933,2.747,mirror
2006,721420,Varões de ferro com saliências (betão armado),132,Cabo Verde,446594,0.163,mirror
2006,721420,Varões de ferro com saliências (betão armado),24,Angola,322540,0.118,mirror
2006,721420,Varões de ferro com saliências (betão armado),251,França,15067,0.005,mirror
2006,721420,Varões de ferro com saliências (betão armado),616,Polónia,14459,0.005,mirror
2006,721420,Varões de ferro com saliências (betão armado),508,Moçambique,351,0.0,mirror
2006,848071,Moldes para borracha ou plástico,251,França,43300076,22.035,mirror
2006,848071,Moldes para borracha ou plástico,842,EUA,27275676,13.88,mirror
2006,848071,Moldes para borracha ou plástico,276,Alemanha,23003000,11.706,mirror
2006,848071,Moldes para borracha ou plástico,484,México,18610089,9.47,mirror
2006,848071,Moldes para borracha ou plástico,724,Espanha,11028958,5.612,mirror
2006,848071,Moldes para borracha ou plástico,792,Turquia,7672041,3.904,mirror
2006,848071,Moldes para borracha ou plástico,56,Bélgica,6254669,3.183,mirror
2006,848071,Moldes para borracha ou plástico,643,Rússia,6239421,3.175,mirror
2006,852721,Autorrádios,276,Alemanha,374915000,39.696,mirror
2006,852721,Autorrádios,56,Bélgica,129406008,13.702,mirror
2006,852721,Autorrádios,251,França,94862913,10.044,mirror
2006,852721,Autorrádios,380,Itália,84817664,8.981,mirror
2006,852721,Autorrádios,724,Espanha,83510170,8.842,mirror
2006,852721,Autorrádios,826,Reino Unido,67023472,7.097,mirror
2006,852721,Autorrádios,616,Polónia,31232636,3.307,mirror
2006,852721,Autorrádios,792,Turquia,22487509,2.381,mirror
2006,870322,Automóveis a gasolina 1.000–1.500 cm³,276,Alemanha,32468000,50.583,mirror
2006,870322,Automóveis a gasolina 1.000–1.500 cm³,56,Bélgica,10828379,16.87,mirror
2006,870322,Automóveis a gasolina 1.000–1.500 cm³,724,Espanha,5583683,8.699,mirror
2006,870322,Automóveis a gasolina 1.000–1.500 cm³,380,Itália,5420053,8.444,mirror
2006,870322,Automóveis a gasolina 1.000–1.500 cm³,24,Angola,2317970,3.611,mirror
2006,870322,Automóveis a gasolina 1.000–1.500 cm³,246,Finlândia,2024350,3.154,mirror
2006,870322,Automóveis a gasolina 1.000–1.500 cm³,757,Suíça,1459115,2.273,mirror
2006,870322,Automóveis a gasolina 1.000–1.500 cm³,300,Grécia,783052,1.22,mirror
2006,870323,Automóveis a gasolina 1.500–3.000 cm³,826,Reino Unido,216272100,35.978,mirror
2006,870323,Automóveis a gasolina 1.500–3.000 cm³,842,EUA,120963514,20.123,mirror
2006,870323,Automóveis a gasolina 1.500–3.000 cm³,276,Alemanha,66589000,11.077,mirror
2006,870323,Automóveis a gasolina 1.500–3.000 cm³,251,França,52579830,8.747,mirror
2006,870323,Automóveis a gasolina 1.500–3.000 cm³,380,Itália,23746291,3.95,mirror
2006,870323,Automóveis a gasolina 1.500–3.000 cm³,40,Áustria,22887107,3.807,mirror
2006,870323,Automóveis a gasolina 1.500–3.000 cm³,392,Japão,16850202,2.803,mirror
2006,870323,Automóveis a gasolina 1.500–3.000 cm³,56,Bélgica,15055403,2.505,mirror
2006,870332,Automóveis diesel 1.500–2.500 cm³,724,Espanha,354078912,31.464,mirror
2006,870332,Automóveis diesel 1.500–2.500 cm³,276,Alemanha,207760000,18.462,mirror
2006,870332,Automóveis diesel 1.500–2.500 cm³,40,Áustria,130235689,11.573,mirror
2006,870332,Automóveis diesel 1.500–2.500 cm³,56,Bélgica,123474384,10.972,mirror
2006,870332,Automóveis diesel 1.500–2.500 cm³,826,Reino Unido,101931394,9.058,mirror
2006,870332,Automóveis diesel 1.500–2.500 cm³,251,França,92044208,8.179,mirror
2006,870332,Automóveis diesel 1.500–2.500 cm³,380,Itália,67445237,5.993,mirror
2006,870332,Automóveis diesel 1.500–2.500 cm³,528,Países Baixos,14671052,1.304,mirror
2006,870421,Camiões diesel até 5 t,251,França,241868724,40.365,mirror
2006,870421,Camiões diesel até 5 t,826,Reino Unido,143005482,23.866,mirror
2006,870421,Camiões diesel até 5 t,724,Espanha,46395227,7.743,mirror
2006,870421,Camiões diesel até 5 t,56,Bélgica,39955895,6.668,mirror
2006,870421,Camiões diesel até 5 t,380,Itália,21222908,3.542,mirror
2006,870421,Camiões diesel até 5 t,24,Angola,18510849,3.089,mirror
2006,870421,Camiões diesel até 5 t,579,Noruega,14211005,2.372,mirror
2006,870421,Camiões diesel até 5 t,372,Irlanda,11369582,1.897,mirror
2006,870892,Silenciadores e tubos de escape,724,Espanha,28715701,47.447,mirror
2006,870892,Silenciadores e tubos de escape,251,França,15767169,26.052,mirror
2006,870892,Silenciadores e tubos de escape,380,Itália,5501137,9.09,mirror
2006,870892,Silenciadores e tubos de escape,276,Alemanha,2405000,3.974,mirror
2006,870892,Silenciadores e tubos de escape,826,Reino Unido,2187342,3.614,mirror
2006,870892,Silenciadores e tubos de escape,528,Países Baixos,2061586,3.406,mirror
2006,870892,Silenciadores e tubos de escape,703,Eslováquia,960311,1.587,mirror
2006,870892,Silenciadores e tubos de escape,392,Japão,502388,0.83,mirror
2006,870899,Outras partes de veículos,724,Espanha,526369670,54.743,mirror
2006,870899,Outras partes de veículos,826,Reino Unido,111191424,11.564,mirror
2006,870899,Outras partes de veículos,251,França,110608737,11.503,mirror
2006,870899,Outras partes de veículos,276,Alemanha,72407000,7.53,mirror
2006,870899,Outras partes de veículos,842,EUA,33508826,3.485,mirror
2006,870899,Outras partes de veículos,380,Itália,33413163,3.475,mirror
2006,870899,Outras partes de veículos,56,Bélgica,15702587,1.633,mirror
2006,870899,Outras partes de veículos,203,Chéquia,14542649,1.512,mirror
2006,902920,Contadores e tacómetros,203,Chéquia,12966379,39.902,mirror
2006,902920,Contadores e tacómetros,276,Alemanha,11665000,35.897,mirror
2006,902920,Contadores e tacómetros,251,França,3669966,11.294,mirror
2006,902920,Contadores e tacómetros,792,Turquia,1983553,6.104,mirror
2006,902920,Contadores e tacómetros,842,EUA,1320741,4.064,mirror
2006,902920,Contadores e tacómetros,380,Itália,600473,1.848,mirror
2006,902920,Contadores e tacómetros,724,Espanha,126566,0.389,mirror
2006,902920,Contadores e tacómetros,826,Reino Unido,98124,0.302,mirror
2006,940190,Assentos e partes,251,França,190651164,48.738,mirror
2006,940190,Assentos e partes,724,Espanha,142140658,36.337,mirror
2006,940190,Assentos e partes,752,Suécia,14585981,3.729,mirror
2006,940190,Assentos e partes,276,Alemanha,9506000,2.43,mirror
2006,940190,Assentos e partes,380,Itália,9096225,2.325,mirror
2006,940190,Assentos e partes,203,Chéquia,4415711,1.129,mirror
2006,940190,Assentos e partes,40,Áustria,4125308,1.055,mirror
2006,940190,Assentos e partes,703,Eslováquia,3073185,0.786,mirror
2006,999999,Mercadorias não especificadas,276,Alemanha,544472000,56.323,mirror
2006,999999,Mercadorias não especificadas,702,Singapura,121923753,12.612,mirror
2006,999999,Mercadorias não especificadas,380,Itália,85973897,8.894,mirror
2006,999999,Mercadorias não especificadas,842,EUA,81311052,8.411,mirror
2006,999999,Mercadorias não especificadas,752,Suécia,29838766,3.087,mirror
2006,999999,Mercadorias não especificadas,724,Espanha,26707184,2.763,mirror
2006,999999,Mercadorias não especificadas,372,Irlanda,12100626,1.252,mirror
2006,999999,Mercadorias não especificadas,528,Países Baixos,8706148,0.901,mirror
2007,220421,Vinho tranquilo até 2 L,251,França,146253313,18.917,direct
2007,220421,Vinho tranquilo até 2 L,826,Reino Unido,104353609,13.497,direct
2007,220421,Vinho tranquilo até 2 L,528,Países Baixos,81268425,10.512,direct
2007,220421,Vinho tranquilo até 2 L,56,Bélgica,66704454,8.628,direct
2007,220421,Vinho tranquilo até 2 L,842,EUA,60988703,7.888,direct
2007,220421,Vinho tranquilo até 2 L,24,Angola,50248965,6.499,direct
2007,220421,Vinho tranquilo até 2 L,124,Canadá,42454730,5.491,direct
2007,220421,Vinho tranquilo até 2 L,276,Alemanha,34383088,4.447,direct
2007,240220,Cigarros,380,Itália,319512065,67.263,direct
2007,240220,Cigarros,724,Espanha,101487488,21.365,direct
2007,240220,Cigarros,251,França,30712954,6.466,direct
2007,240220,Cigarros,710,África do Sul,8320151,1.752,direct
2007,240220,Cigarros,276,Alemanha,3715806,0.782,direct
2007,240220,Cigarros,899,"Areas, nes",2657140,0.559,direct
2007,240220,Cigarros,24,Angola,1186406,0.25,direct
2007,240220,Cigarros,440,Lituânia,1160219,0.244,direct
2007,271019,Gasóleo e combustíveis médios e pesados,837,Bunkers,376868359,37.39,direct
2007,271019,Gasóleo e combustíveis médios e pesados,899,"Areas, nes",221232780,21.949,direct
2007,271019,Gasóleo e combustíveis médios e pesados,724,Espanha,177084367,17.569,direct
2007,271019,Gasóleo e combustíveis médios e pesados,826,Reino Unido,96460587,9.57,direct
2007,271019,Gasóleo e combustíveis médios e pesados,24,Angola,24444096,2.425,direct
2007,271019,Gasóleo e combustíveis médios e pesados,887,Yemen,19554731,1.94,direct
2007,271019,Gasóleo e combustíveis médios e pesados,842,EUA,18830907,1.868,direct
2007,271019,Gasóleo e combustíveis médios e pesados,76,Brasil,14843842,1.473,direct
2007,300490,Medicamentos,276,Alemanha,90549005,21.234,direct
2007,300490,Medicamentos,826,Reino Unido,72234744,16.939,direct
2007,300490,Medicamentos,24,Angola,40978164,9.61,direct
2007,300490,Medicamentos,251,França,36906718,8.655,direct
2007,300490,Medicamentos,724,Espanha,23985578,5.625,direct
2007,300490,Medicamentos,56,Bélgica,21879096,5.131,direct
2007,300490,Medicamentos,528,Países Baixos,21433555,5.026,direct
2007,300490,Medicamentos,842,EUA,19033119,4.463,direct
2007,401110,Pneus novos,276,Alemanha,183622528,27.534,direct
2007,401110,Pneus novos,724,Espanha,104106792,15.61,direct
2007,401110,Pneus novos,842,EUA,53353339,8.0,direct
2007,401110,Pneus novos,251,França,52234196,7.832,direct
2007,401110,Pneus novos,826,Reino Unido,43056789,6.456,direct
2007,401110,Pneus novos,528,Países Baixos,35521000,5.326,direct
2007,401110,Pneus novos,380,Itália,33276978,4.99,direct
2007,401110,Pneus novos,56,Bélgica,25641718,3.845,direct
2007,450310,Rolhas de cortiça,251,França,172557568,29.317,direct
2007,450310,Rolhas de cortiça,842,EUA,104562569,17.765,direct
2007,450310,Rolhas de cortiça,724,Espanha,72120378,12.253,direct
2007,450310,Rolhas de cortiça,380,Itália,44033341,7.481,direct
2007,450310,Rolhas de cortiça,276,Alemanha,32682435,5.553,direct
2007,450310,Rolhas de cortiça,152,Chile,31830221,5.408,direct
2007,450310,Rolhas de cortiça,32,Argentina,18970282,3.223,direct
2007,450310,Rolhas de cortiça,36,Austrália,16469409,2.798,direct
2007,450410,Cortiça aglomerada,251,França,66393097,16.916,direct
2007,450410,Cortiça aglomerada,842,EUA,62897402,16.025,direct
2007,450410,Cortiça aglomerada,276,Alemanha,51492314,13.119,direct
2007,450410,Cortiça aglomerada,380,Itália,34646636,8.827,direct
2007,450410,Cortiça aglomerada,724,Espanha,34477433,8.784,direct
2007,450410,Cortiça aglomerada,643,Rússia,21466251,5.469,direct
2007,450410,Cortiça aglomerada,124,Canadá,11367888,2.896,direct
2007,450410,Cortiça aglomerada,36,Austrália,9380385,2.39,direct
2007,470329,Pasta de madeira química,528,Países Baixos,153368920,29.36,direct
2007,470329,Pasta de madeira química,276,Alemanha,90663801,17.356,direct
2007,470329,Pasta de madeira química,724,Espanha,82343257,15.763,direct
2007,470329,Pasta de madeira química,752,Suécia,34116099,6.531,direct
2007,470329,Pasta de madeira química,251,França,27713159,5.305,direct
2007,470329,Pasta de madeira química,380,Itália,26283387,5.031,direct
2007,470329,Pasta de madeira química,826,Reino Unido,25298754,4.843,direct
2007,470329,Pasta de madeira química,616,Polónia,23729309,4.543,direct
2007,480256,Papel para escrita e impressão,251,França,94512457,16.819,direct
2007,480256,Papel para escrita e impressão,276,Alemanha,70589899,12.562,direct
2007,480256,Papel para escrita e impressão,724,Espanha,69571765,12.381,direct
2007,480256,Papel para escrita e impressão,842,EUA,65395857,11.637,direct
2007,480256,Papel para escrita e impressão,380,Itália,64243202,11.432,direct
2007,480256,Papel para escrita e impressão,826,Reino Unido,47010295,8.366,direct
2007,480256,Papel para escrita e impressão,528,Países Baixos,35992868,6.405,direct
2007,480256,Papel para escrita e impressão,56,Bélgica,17573593,3.127,direct
2007,610910,T-shirts de algodão,724,Espanha,241090221,33.006,direct
2007,610910,T-shirts de algodão,251,França,118570938,16.233,direct
2007,610910,T-shirts de algodão,276,Alemanha,99079679,13.564,direct
2007,610910,T-shirts de algodão,826,Reino Unido,80340723,10.999,direct
2007,610910,T-shirts de algodão,380,Itália,59059595,8.085,direct
2007,610910,T-shirts de algodão,56,Bélgica,29826212,4.083,direct
2007,610910,T-shirts de algodão,528,Países Baixos,24009828,3.287,direct
2007,610910,T-shirts de algodão,752,Suécia,16731138,2.291,direct
2007,640391,Calçado de couro a cobrir o tornozelo,251,França,50743473,22.574,direct
2007,640391,Calçado de couro a cobrir o tornozelo,276,Alemanha,46453520,20.666,direct
2007,640391,Calçado de couro a cobrir o tornozelo,528,Países Baixos,34161587,15.198,direct
2007,640391,Calçado de couro a cobrir o tornozelo,826,Reino Unido,19992701,8.894,direct
2007,640391,Calçado de couro a cobrir o tornozelo,724,Espanha,18259021,8.123,direct
2007,640391,Calçado de couro a cobrir o tornozelo,208,Dinamarca,18106798,8.055,direct
2007,640391,Calçado de couro a cobrir o tornozelo,752,Suécia,6234632,2.774,direct
2007,640391,Calçado de couro a cobrir o tornozelo,372,Irlanda,5506653,2.45,direct
2007,640399,Calçado de couro sem cobrir o tornozelo,276,Alemanha,201359434,25.657,direct
2007,640399,Calçado de couro sem cobrir o tornozelo,251,França,193057943,24.6,direct
2007,640399,Calçado de couro sem cobrir o tornozelo,826,Reino Unido,94033623,11.982,direct
2007,640399,Calçado de couro sem cobrir o tornozelo,528,Países Baixos,80016897,10.196,direct
2007,640399,Calçado de couro sem cobrir o tornozelo,724,Espanha,53772076,6.852,direct
2007,640399,Calçado de couro sem cobrir o tornozelo,208,Dinamarca,36737516,4.681,direct
2007,640399,Calçado de couro sem cobrir o tornozelo,56,Bélgica,13165215,1.678,direct
2007,640399,Calçado de couro sem cobrir o tornozelo,380,Itália,12844798,1.637,direct
2007,721420,Varões de ferro com saliências (betão armado),724,Espanha,354314591,95.844,direct
2007,721420,Varões de ferro com saliências (betão armado),826,Reino Unido,8114710,2.195,direct
2007,721420,Varões de ferro com saliências (betão armado),372,Irlanda,5536018,1.498,direct
2007,721420,Varões de ferro com saliências (betão armado),251,França,1216637,0.329,direct
2007,721420,Varões de ferro com saliências (betão armado),624,Guiné-Bissau,327729,0.089,direct
2007,721420,Varões de ferro com saliências (betão armado),132,Cabo Verde,156711,0.042,direct
2007,721420,Varões de ferro com saliências (betão armado),24,Angola,8020,0.002,direct
2007,721420,Varões de ferro com saliências (betão armado),226,Guiné Equatorial,2103,0.001,direct
2007,848071,Moldes para borracha ou plástico,276,Alemanha,70400593,22.638,direct
2007,848071,Moldes para borracha ou plástico,251,França,68920598,22.162,direct
2007,848071,Moldes para borracha ou plástico,724,Espanha,46763572,15.037,direct
2007,848071,Moldes para borracha ou plástico,842,EUA,21553530,6.931,direct
2007,848071,Moldes para borracha ou plástico,826,Reino Unido,12171628,3.914,direct
2007,848071,Moldes para borracha ou plástico,56,Bélgica,9662187,3.107,direct
2007,848071,Moldes para borracha ou plástico,616,Polónia,9219970,2.965,direct
2007,848071,Moldes para borracha ou plástico,752,Suécia,8140146,2.618,direct
2007,852721,Autorrádios,276,Alemanha,522177017,44.832,direct
2007,852721,Autorrádios,724,Espanha,203322034,17.457,direct
2007,852721,Autorrádios,56,Bélgica,114162637,9.802,direct
2007,852721,Autorrádios,380,Itália,87253914,7.491,direct
2007,852721,Autorrádios,251,França,65423449,5.617,direct
2007,852721,Autorrádios,826,Reino Unido,56681201,4.866,direct
2007,852721,Autorrádios,442,Luxemburgo,39169335,3.363,direct
2007,852721,Autorrádios,616,Polónia,19676841,1.689,direct
2007,870322,Automóveis a gasolina 1.000–1.500 cm³,251,França,68217972,88.397,direct
2007,870322,Automóveis a gasolina 1.000–1.500 cm³,276,Alemanha,3243230,4.203,direct
2007,870322,Automóveis a gasolina 1.000–1.500 cm³,24,Angola,1240839,1.608,direct
2007,870322,Automóveis a gasolina 1.000–1.500 cm³,300,Grécia,1158554,1.501,direct
2007,870322,Automóveis a gasolina 1.000–1.500 cm³,757,Suíça,872653,1.131,direct
2007,870322,Automóveis a gasolina 1.000–1.500 cm³,12,Argélia,774504,1.004,direct
2007,870322,Automóveis a gasolina 1.000–1.500 cm³,428,Letónia,343268,0.445,direct
2007,870322,Automóveis a gasolina 1.000–1.500 cm³,788,Tunisia,286112,0.371,direct
2007,870323,Automóveis a gasolina 1.500–3.000 cm³,276,Alemanha,1356651099,88.87,direct
2007,870323,Automóveis a gasolina 1.500–3.000 cm³,251,França,39874128,2.612,direct
2007,870323,Automóveis a gasolina 1.500–3.000 cm³,380,Itália,33732548,2.21,direct
2007,870323,Automóveis a gasolina 1.500–3.000 cm³,724,Espanha,31840389,2.086,direct
2007,870323,Automóveis a gasolina 1.500–3.000 cm³,826,Reino Unido,23843808,1.562,direct
2007,870323,Automóveis a gasolina 1.500–3.000 cm³,56,Bélgica,21934283,1.437,direct
2007,870323,Automóveis a gasolina 1.500–3.000 cm³,792,Turquia,5926352,0.388,direct
2007,870323,Automóveis a gasolina 1.500–3.000 cm³,818,Egito,4580209,0.3,direct
2007,870332,Automóveis diesel 1.500–2.500 cm³,276,Alemanha,402109290,39.818,direct
2007,870332,Automóveis diesel 1.500–2.500 cm³,251,França,392269854,38.844,direct
2007,870332,Automóveis diesel 1.500–2.500 cm³,826,Reino Unido,62017001,6.141,direct
2007,870332,Automóveis diesel 1.500–2.500 cm³,56,Bélgica,58953125,5.838,direct
2007,870332,Automóveis diesel 1.500–2.500 cm³,724,Espanha,28675811,2.84,direct
2007,870332,Automóveis diesel 1.500–2.500 cm³,380,Itália,28223586,2.795,direct
2007,870332,Automóveis diesel 1.500–2.500 cm³,376,Israel,10228556,1.013,direct
2007,870332,Automóveis diesel 1.500–2.500 cm³,24,Angola,7164297,0.709,direct
2007,870421,Camiões diesel até 5 t,251,França,237999131,49.707,direct
2007,870421,Camiões diesel até 5 t,826,Reino Unido,55991326,11.694,direct
2007,870421,Camiões diesel até 5 t,724,Espanha,35294314,7.371,direct
2007,870421,Camiões diesel até 5 t,380,Itália,15094851,3.153,direct
2007,870421,Camiões diesel até 5 t,56,Bélgica,13814036,2.885,direct
2007,870421,Camiões diesel até 5 t,24,Angola,11405764,2.382,direct
2007,870421,Camiões diesel até 5 t,528,Países Baixos,10021839,2.093,direct
2007,870421,Camiões diesel até 5 t,348,Hungria,9810330,2.049,direct
2007,870892,Silenciadores e tubos de escape,724,Espanha,98473115,65.472,direct
2007,870892,Silenciadores e tubos de escape,251,França,37608132,25.005,direct
2007,870892,Silenciadores e tubos de escape,380,Itália,5027761,3.343,direct
2007,870892,Silenciadores e tubos de escape,276,Alemanha,3992074,2.654,direct
2007,870892,Silenciadores e tubos de escape,528,Países Baixos,2188940,1.455,direct
2007,870892,Silenciadores e tubos de escape,376,Israel,466212,0.31,direct
2007,870892,Silenciadores e tubos de escape,203,Chéquia,383749,0.255,direct
2007,870892,Silenciadores e tubos de escape,392,Japão,346662,0.23,direct
2007,870899,Outras partes de veículos,724,Espanha,385438139,41.222,direct
2007,870899,Outras partes de veículos,251,França,165210757,17.669,direct
2007,870899,Outras partes de veículos,276,Alemanha,151582234,16.212,direct
2007,870899,Outras partes de veículos,826,Reino Unido,51215425,5.477,direct
2007,870899,Outras partes de veículos,842,EUA,42484333,4.544,direct
2007,870899,Outras partes de veículos,24,Angola,30838680,3.298,direct
2007,870899,Outras partes de veículos,56,Bélgica,25688650,2.747,direct
2007,870899,Outras partes de veículos,616,Polónia,16863590,1.804,direct
2007,902920,Contadores e tacómetros,792,Turquia,11067400,42.283,direct
2007,902920,Contadores e tacómetros,442,Luxemburgo,7997726,30.555,direct
2007,902920,Contadores e tacómetros,56,Bélgica,6536596,24.973,direct
2007,902920,Contadores e tacómetros,276,Alemanha,372480,1.423,direct
2007,902920,Contadores e tacómetros,724,Espanha,60480,0.231,direct
2007,902920,Contadores e tacómetros,826,Reino Unido,55392,0.212,direct
2007,902920,Contadores e tacómetros,24,Angola,29208,0.112,direct
2007,902920,Contadores e tacómetros,528,Países Baixos,27223,0.104,direct
2007,940190,Assentos e partes,724,Espanha,273971022,45.769,direct
2007,940190,Assentos e partes,251,França,196491622,32.825,direct
2007,940190,Assentos e partes,752,Suécia,68159587,11.387,direct
2007,940190,Assentos e partes,203,Chéquia,18030341,3.012,direct
2007,940190,Assentos e partes,348,Hungria,14264048,2.383,direct
2007,940190,Assentos e partes,276,Alemanha,6470528,1.081,direct
2007,940190,Assentos e partes,380,Itália,5965457,0.997,direct
2007,940190,Assentos e partes,40,Áustria,4842059,0.809,direct
2007,999999,Mercadorias não especificadas,568,"Other Europe, nes",335753074,30.832,direct
2007,999999,Mercadorias não especificadas,839,Special Categories,218775549,20.09,direct
2007,999999,Mercadorias não especificadas,276,Alemanha,179189847,16.455,direct
2007,999999,Mercadorias não especificadas,528,Países Baixos,112487533,10.33,direct
2007,999999,Mercadorias não especificadas,724,Espanha,92362306,8.482,direct
2007,999999,Mercadorias não especificadas,251,França,42966443,3.946,direct
2007,999999,Mercadorias não especificadas,826,Reino Unido,26459363,2.43,direct
2007,999999,Mercadorias não especificadas,837,Bunkers,18182992,1.67,direct
2007,220421,Vinho tranquilo até 2 L,251,França,142709681,19.022,mirror
2007,220421,Vinho tranquilo até 2 L,826,Reino Unido,101149753,13.482,mirror
2007,220421,Vinho tranquilo até 2 L,842,EUA,74201036,9.89,mirror
2007,220421,Vinho tranquilo até 2 L,528,Países Baixos,58391236,7.783,mirror
2007,220421,Vinho tranquilo até 2 L,24,Angola,58324438,7.774,mirror
2007,220421,Vinho tranquilo até 2 L,56,Bélgica,57689384,7.689,mirror
2007,220421,Vinho tranquilo até 2 L,124,Canadá,44654158,5.952,mirror
2007,220421,Vinho tranquilo até 2 L,276,Alemanha,34831000,4.643,mirror
2007,240220,Cigarros,380,Itália,277121661,62.389,mirror
2007,240220,Cigarros,724,Espanha,119656664,26.939,mirror
2007,240220,Cigarros,251,França,28882048,6.502,mirror
2007,240220,Cigarros,710,África do Sul,6348783,1.429,mirror
2007,240220,Cigarros,440,Lituânia,1904299,0.429,mirror
2007,240220,Cigarros,24,Angola,1680739,0.378,mirror
2007,240220,Cigarros,20,Andorra,1498266,0.337,mirror
2007,240220,Cigarros,132,Cabo Verde,1415829,0.319,mirror
2007,271019,Gasóleo e combustíveis médios e pesados,724,Espanha,218890954,53.155,mirror
2007,271019,Gasóleo e combustíveis médios e pesados,826,Reino Unido,90499117,21.976,mirror
2007,271019,Gasóleo e combustíveis médios e pesados,24,Angola,28650921,6.957,mirror
2007,271019,Gasóleo e combustíveis médios e pesados,842,EUA,20150734,4.893,mirror
2007,271019,Gasóleo e combustíveis médios e pesados,76,Brasil,14505902,3.523,mirror
2007,271019,Gasóleo e combustíveis médios e pesados,251,França,13029382,3.164,mirror
2007,271019,Gasóleo e combustíveis médios e pesados,686,Senegal,8434785,2.048,mirror
2007,271019,Gasóleo e combustíveis médios e pesados,56,Bélgica,6203152,1.506,mirror
2007,300490,Medicamentos,826,Reino Unido,90786954,22.404,mirror
2007,300490,Medicamentos,276,Alemanha,86595000,21.369,mirror
2007,300490,Medicamentos,24,Angola,36297848,8.957,mirror
2007,300490,Medicamentos,56,Bélgica,23472981,5.793,mirror
2007,300490,Medicamentos,724,Espanha,23026323,5.682,mirror
2007,300490,Medicamentos,251,França,20671602,5.101,mirror
2007,300490,Medicamentos,208,Dinamarca,18631623,4.598,mirror
2007,300490,Medicamentos,757,Suíça,16548174,4.084,mirror
2007,401110,Pneus novos,276,Alemanha,197924000,33.813,mirror
2007,401110,Pneus novos,842,EUA,53456331,9.132,mirror
2007,401110,Pneus novos,724,Espanha,49627468,8.478,mirror
2007,401110,Pneus novos,251,França,45746265,7.815,mirror
2007,401110,Pneus novos,826,Reino Unido,39470738,6.743,mirror
2007,401110,Pneus novos,380,Itália,32875803,5.616,mirror
2007,401110,Pneus novos,56,Bélgica,26204069,4.477,mirror
2007,401110,Pneus novos,757,Suíça,19054239,3.255,mirror
2007,450310,Rolhas de cortiça,251,França,175805382,28.077,mirror
2007,450310,Rolhas de cortiça,842,EUA,133573733,21.332,mirror
2007,450310,Rolhas de cortiça,724,Espanha,66295005,10.588,mirror
2007,450310,Rolhas de cortiça,380,Itália,40688935,6.498,mirror
2007,450310,Rolhas de cortiça,152,Chile,29700760,4.743,mirror
2007,450310,Rolhas de cortiça,276,Alemanha,28001000,4.472,mirror
2007,450310,Rolhas de cortiça,36,Austrália,25142499,4.015,mirror
2007,450310,Rolhas de cortiça,710,África do Sul,18265028,2.917,mirror
2007,450410,Cortiça aglomerada,276,Alemanha,70430000,19.385,mirror
2007,450410,Cortiça aglomerada,251,França,66703353,18.359,mirror
2007,450410,Cortiça aglomerada,842,EUA,52134754,14.349,mirror
2007,450410,Cortiça aglomerada,380,Itália,26979026,7.426,mirror
2007,450410,Cortiça aglomerada,724,Espanha,21032932,5.789,mirror
2007,450410,Cortiça aglomerada,40,Áustria,12311189,3.388,mirror
2007,450410,Cortiça aglomerada,156,China,11432441,3.147,mirror
2007,450410,Cortiça aglomerada,124,Canadá,11181640,3.078,mirror
2007,470329,Pasta de madeira química,528,Países Baixos,212500838,29.071,mirror
2007,470329,Pasta de madeira química,276,Alemanha,186714000,25.543,mirror
2007,470329,Pasta de madeira química,724,Espanha,81152652,11.102,mirror
2007,470329,Pasta de madeira química,40,Áustria,65595216,8.974,mirror
2007,470329,Pasta de madeira química,752,Suécia,29426537,4.026,mirror
2007,470329,Pasta de madeira química,251,França,25707397,3.517,mirror
2007,470329,Pasta de madeira química,826,Reino Unido,24331405,3.329,mirror
2007,470329,Pasta de madeira química,616,Polónia,22541357,3.084,mirror
2007,480256,Papel para escrita e impressão,842,EUA,100288655,18.89,mirror
2007,480256,Papel para escrita e impressão,251,França,92316046,17.388,mirror
2007,480256,Papel para escrita e impressão,276,Alemanha,82276000,15.497,mirror
2007,480256,Papel para escrita e impressão,380,Itália,61409105,11.567,mirror
2007,480256,Papel para escrita e impressão,724,Espanha,48884183,9.208,mirror
2007,480256,Papel para escrita e impressão,826,Reino Unido,29001724,5.463,mirror
2007,480256,Papel para escrita e impressão,528,Países Baixos,24255222,4.569,mirror
2007,480256,Papel para escrita e impressão,56,Bélgica,21781634,4.103,mirror
2007,610910,T-shirts de algodão,724,Espanha,216353899,30.346,mirror
2007,610910,T-shirts de algodão,251,França,90964108,12.759,mirror
2007,610910,T-shirts de algodão,276,Alemanha,90934000,12.754,mirror
2007,610910,T-shirts de algodão,826,Reino Unido,72656445,10.191,mirror
2007,610910,T-shirts de algodão,380,Itália,59127938,8.293,mirror
2007,610910,T-shirts de algodão,56,Bélgica,30961411,4.343,mirror
2007,610910,T-shirts de algodão,484,México,14423603,2.023,mirror
2007,610910,T-shirts de algodão,842,EUA,13865214,1.945,mirror
2007,640391,Calçado de couro a cobrir o tornozelo,276,Alemanha,65350000,22.537,mirror
2007,640391,Calçado de couro a cobrir o tornozelo,251,França,61303839,21.142,mirror
2007,640391,Calçado de couro a cobrir o tornozelo,528,Países Baixos,50803930,17.521,mirror
2007,640391,Calçado de couro a cobrir o tornozelo,826,Reino Unido,28428359,9.804,mirror
2007,640391,Calçado de couro a cobrir o tornozelo,752,Suécia,10592556,3.653,mirror
2007,640391,Calçado de couro a cobrir o tornozelo,579,Noruega,10033324,3.46,mirror
2007,640391,Calçado de couro a cobrir o tornozelo,208,Dinamarca,7963177,2.746,mirror
2007,640391,Calçado de couro a cobrir o tornozelo,380,Itália,7759170,2.676,mirror
2007,640399,Calçado de couro sem cobrir o tornozelo,251,França,257579061,28.078,mirror
2007,640399,Calçado de couro sem cobrir o tornozelo,276,Alemanha,203071000,22.136,mirror
2007,640399,Calçado de couro sem cobrir o tornozelo,826,Reino Unido,108416555,11.818,mirror
2007,640399,Calçado de couro sem cobrir o tornozelo,528,Países Baixos,79359267,8.651,mirror
2007,640399,Calçado de couro sem cobrir o tornozelo,208,Dinamarca,42669438,4.651,mirror
2007,640399,Calçado de couro sem cobrir o tornozelo,724,Espanha,35069475,3.823,mirror
2007,640399,Calçado de couro sem cobrir o tornozelo,842,EUA,29772437,3.245,mirror
2007,640399,Calçado de couro sem cobrir o tornozelo,752,Suécia,13861496,1.511,mirror
2007,721420,Varões de ferro com saliências (betão armado),724,Espanha,332053301,93.387,mirror
2007,721420,Varões de ferro com saliências (betão armado),826,Reino Unido,15154834,4.262,mirror
2007,721420,Varões de ferro com saliências (betão armado),372,Irlanda,6792099,1.91,mirror
2007,721420,Varões de ferro com saliências (betão armado),132,Cabo Verde,960488,0.27,mirror
2007,721420,Varões de ferro com saliências (betão armado),24,Angola,448607,0.126,mirror
2007,721420,Varões de ferro com saliências (betão armado),508,Moçambique,157425,0.044,mirror
2007,721420,Varões de ferro com saliências (betão armado),276,Alemanha,1000,0.0,mirror
2007,848071,Moldes para borracha ou plástico,251,França,36285449,20.752,mirror
2007,848071,Moldes para borracha ou plástico,276,Alemanha,27811000,15.906,mirror
2007,848071,Moldes para borracha ou plástico,842,EUA,20663515,11.818,mirror
2007,848071,Moldes para borracha ou plástico,724,Espanha,13147368,7.519,mirror
2007,848071,Moldes para borracha ou plástico,484,México,12742180,7.288,mirror
2007,848071,Moldes para borracha ou plástico,752,Suécia,7636874,4.368,mirror
2007,848071,Moldes para borracha ou plástico,32,Argentina,7574602,4.332,mirror
2007,848071,Moldes para borracha ou plástico,616,Polónia,5613250,3.21,mirror
2007,852721,Autorrádios,276,Alemanha,371157000,42.085,mirror
2007,852721,Autorrádios,724,Espanha,102845479,11.662,mirror
2007,852721,Autorrádios,56,Bélgica,89314103,10.127,mirror
2007,852721,Autorrádios,251,França,56274906,6.381,mirror
2007,852721,Autorrádios,826,Reino Unido,43337492,4.914,mirror
2007,852721,Autorrádios,203,Chéquia,40319046,4.572,mirror
2007,852721,Autorrádios,792,Turquia,36741489,4.166,mirror
2007,852721,Autorrádios,380,Itália,36192123,4.104,mirror
2007,870322,Automóveis a gasolina 1.000–1.500 cm³,724,Espanha,5825879,22.401,mirror
2007,870322,Automóveis a gasolina 1.000–1.500 cm³,380,Itália,5343776,20.548,mirror
2007,870322,Automóveis a gasolina 1.000–1.500 cm³,276,Alemanha,2993000,11.509,mirror
2007,870322,Automóveis a gasolina 1.000–1.500 cm³,348,Hungria,2888000,11.105,mirror
2007,870322,Automóveis a gasolina 1.000–1.500 cm³,203,Chéquia,1890793,7.27,mirror
2007,870322,Automóveis a gasolina 1.000–1.500 cm³,24,Angola,1669359,6.419,mirror
2007,870322,Automóveis a gasolina 1.000–1.500 cm³,56,Bélgica,1509149,5.803,mirror
2007,870322,Automóveis a gasolina 1.000–1.500 cm³,246,Finlândia,919470,3.536,mirror
2007,870323,Automóveis a gasolina 1.500–3.000 cm³,842,EUA,329360874,57.362,mirror
2007,870323,Automóveis a gasolina 1.500–3.000 cm³,251,França,40677530,7.084,mirror
2007,870323,Automóveis a gasolina 1.500–3.000 cm³,124,Canadá,33146978,5.773,mirror
2007,870323,Automóveis a gasolina 1.500–3.000 cm³,36,Austrália,31960890,5.566,mirror
2007,870323,Automóveis a gasolina 1.500–3.000 cm³,276,Alemanha,23666000,4.122,mirror
2007,870323,Automóveis a gasolina 1.500–3.000 cm³,40,Áustria,16204659,2.822,mirror
2007,870323,Automóveis a gasolina 1.500–3.000 cm³,826,Reino Unido,11492785,2.002,mirror
2007,870323,Automóveis a gasolina 1.500–3.000 cm³,380,Itália,10970930,1.911,mirror
2007,870332,Automóveis diesel 1.500–2.500 cm³,724,Espanha,191614318,20.238,mirror
2007,870332,Automóveis diesel 1.500–2.500 cm³,251,França,173424050,18.317,mirror
2007,870332,Automóveis diesel 1.500–2.500 cm³,56,Bélgica,165502936,17.48,mirror
2007,870332,Automóveis diesel 1.500–2.500 cm³,40,Áustria,130729696,13.808,mirror
2007,870332,Automóveis diesel 1.500–2.500 cm³,276,Alemanha,114897000,12.135,mirror
2007,870332,Automóveis diesel 1.500–2.500 cm³,380,Itália,62459455,6.597,mirror
2007,870332,Automóveis diesel 1.500–2.500 cm³,826,Reino Unido,33291131,3.516,mirror
2007,870332,Automóveis diesel 1.500–2.500 cm³,36,Austrália,18471868,1.951,mirror
2007,870421,Camiões diesel até 5 t,251,França,189282207,44.394,mirror
2007,870421,Camiões diesel até 5 t,56,Bélgica,57040183,13.378,mirror
2007,870421,Camiões diesel até 5 t,724,Espanha,47045338,11.034,mirror
2007,870421,Camiões diesel até 5 t,380,Itália,43424356,10.185,mirror
2007,870421,Camiões diesel até 5 t,24,Angola,22337812,5.239,mirror
2007,870421,Camiões diesel até 5 t,826,Reino Unido,19797672,4.643,mirror
2007,870421,Camiões diesel até 5 t,528,Países Baixos,10700188,2.51,mirror
2007,870421,Camiões diesel até 5 t,579,Noruega,5833457,1.368,mirror
2007,870892,Silenciadores e tubos de escape,724,Espanha,40946491,47.698,mirror
2007,870892,Silenciadores e tubos de escape,251,França,25667594,29.9,mirror
2007,870892,Silenciadores e tubos de escape,380,Itália,4316686,5.028,mirror
2007,870892,Silenciadores e tubos de escape,826,Reino Unido,2987333,3.48,mirror
2007,870892,Silenciadores e tubos de escape,276,Alemanha,2851000,3.321,mirror
2007,870892,Silenciadores e tubos de escape,528,Países Baixos,2842495,3.311,mirror
2007,870892,Silenciadores e tubos de escape,392,Japão,1676628,1.953,mirror
2007,870892,Silenciadores e tubos de escape,703,Eslováquia,958241,1.116,mirror
2007,870899,Outras partes de veículos,724,Espanha,576002231,63.586,mirror
2007,870899,Outras partes de veículos,251,França,93438771,10.315,mirror
2007,870899,Outras partes de veículos,276,Alemanha,74467000,8.221,mirror
2007,870899,Outras partes de veículos,826,Reino Unido,62531770,6.903,mirror
2007,870899,Outras partes de veículos,842,EUA,23524888,2.597,mirror
2007,870899,Outras partes de veículos,56,Bélgica,17266473,1.906,mirror
2007,870899,Outras partes de veículos,24,Angola,11428022,1.262,mirror
2007,870899,Outras partes de veículos,380,Itália,8072237,0.891,mirror
2007,902920,Contadores e tacómetros,203,Chéquia,15863866,46.143,mirror
2007,902920,Contadores e tacómetros,276,Alemanha,11063000,32.179,mirror
2007,902920,Contadores e tacómetros,251,França,3008575,8.751,mirror
2007,902920,Contadores e tacómetros,792,Turquia,1915628,5.572,mirror
2007,902920,Contadores e tacómetros,724,Espanha,839594,2.442,mirror
2007,902920,Contadores e tacómetros,826,Reino Unido,792855,2.306,mirror
2007,902920,Contadores e tacómetros,842,EUA,733988,2.135,mirror
2007,902920,Contadores e tacómetros,132,Cabo Verde,36687,0.107,mirror
2007,940190,Assentos e partes,724,Espanha,216561244,44.589,mirror
2007,940190,Assentos e partes,251,França,180463732,37.157,mirror
2007,940190,Assentos e partes,752,Suécia,26008019,5.355,mirror
2007,940190,Assentos e partes,203,Chéquia,15833849,3.26,mirror
2007,940190,Assentos e partes,348,Hungria,10548000,2.172,mirror
2007,940190,Assentos e partes,380,Itália,8893714,1.831,mirror
2007,940190,Assentos e partes,276,Alemanha,7076000,1.457,mirror
2007,940190,Assentos e partes,40,Áustria,4523087,0.931,mirror
2007,999999,Mercadorias não especificadas,276,Alemanha,908988000,74.367,mirror
2007,999999,Mercadorias não especificadas,842,EUA,79000806,6.463,mirror
2007,999999,Mercadorias não especificadas,380,Itália,69525589,5.688,mirror
2007,999999,Mercadorias não especificadas,752,Suécia,26796725,2.192,mirror
2007,999999,Mercadorias não especificadas,826,Reino Unido,23888177,1.954,mirror
2007,999999,Mercadorias não especificadas,724,Espanha,19713804,1.613,mirror
2007,999999,Mercadorias não especificadas,372,Irlanda,15413858,1.261,mirror
2007,999999,Mercadorias não especificadas,484,México,11838174,0.969,mirror
2008,220421,Vinho tranquilo até 2 L,251,França,153540234,18.71,direct
2008,220421,Vinho tranquilo até 2 L,826,Reino Unido,99395181,12.112,direct
2008,220421,Vinho tranquilo até 2 L,528,Países Baixos,81530531,9.935,direct
2008,220421,Vinho tranquilo até 2 L,56,Bélgica,72900315,8.883,direct
2008,220421,Vinho tranquilo até 2 L,24,Angola,64540315,7.865,direct
2008,220421,Vinho tranquilo até 2 L,842,EUA,59066531,7.198,direct
2008,220421,Vinho tranquilo até 2 L,276,Alemanha,47390576,5.775,direct
2008,220421,Vinho tranquilo até 2 L,124,Canadá,43868497,5.346,direct
2008,240220,Cigarros,380,Itália,213584283,46.276,direct
2008,240220,Cigarros,724,Espanha,197914556,42.881,direct
2008,240220,Cigarros,251,França,16096276,3.487,direct
2008,240220,Cigarros,246,Finlândia,11865881,2.571,direct
2008,240220,Cigarros,276,Alemanha,4700803,1.018,direct
2008,240220,Cigarros,899,"Areas, nes",4265542,0.924,direct
2008,240220,Cigarros,710,África do Sul,3193037,0.692,direct
2008,240220,Cigarros,56,Bélgica,2646970,0.574,direct
2008,271019,Gasóleo e combustíveis médios e pesados,837,Bunkers,803859130,43.067,direct
2008,271019,Gasóleo e combustíveis médios e pesados,899,"Areas, nes",222542107,11.923,direct
2008,271019,Gasóleo e combustíveis médios e pesados,826,Reino Unido,214262478,11.479,direct
2008,271019,Gasóleo e combustíveis médios e pesados,724,Espanha,198396040,10.629,direct
2008,271019,Gasóleo e combustíveis médios e pesados,528,Países Baixos,87580395,4.692,direct
2008,271019,Gasóleo e combustíveis médios e pesados,842,EUA,67089636,3.594,direct
2008,271019,Gasóleo e combustíveis médios e pesados,56,Bélgica,43350914,2.323,direct
2008,271019,Gasóleo e combustíveis médios e pesados,251,França,32373415,1.734,direct
2008,300490,Medicamentos,276,Alemanha,134801698,28.319,direct
2008,300490,Medicamentos,826,Reino Unido,50697692,10.651,direct
2008,300490,Medicamentos,251,França,49452699,10.389,direct
2008,300490,Medicamentos,24,Angola,49232544,10.343,direct
2008,300490,Medicamentos,757,Suíça,24438368,5.134,direct
2008,300490,Medicamentos,842,EUA,23880520,5.017,direct
2008,300490,Medicamentos,724,Espanha,23875762,5.016,direct
2008,300490,Medicamentos,56,Bélgica,22801811,4.79,direct
2008,401110,Pneus novos,276,Alemanha,208588033,28.584,direct
2008,401110,Pneus novos,724,Espanha,117403165,16.088,direct
2008,401110,Pneus novos,842,EUA,54657168,7.49,direct
2008,401110,Pneus novos,826,Reino Unido,49353260,6.763,direct
2008,401110,Pneus novos,528,Países Baixos,33269336,4.559,direct
2008,401110,Pneus novos,251,França,32964402,4.517,direct
2008,401110,Pneus novos,56,Bélgica,32874098,4.505,direct
2008,401110,Pneus novos,380,Itália,32347037,4.433,direct
2008,450310,Rolhas de cortiça,251,França,160772040,27.492,direct
2008,450310,Rolhas de cortiça,842,EUA,118219792,20.215,direct
2008,450310,Rolhas de cortiça,724,Espanha,65701841,11.235,direct
2008,450310,Rolhas de cortiça,380,Itália,44122921,7.545,direct
2008,450310,Rolhas de cortiça,276,Alemanha,34222363,5.852,direct
2008,450310,Rolhas de cortiça,152,Chile,30686661,5.247,direct
2008,450310,Rolhas de cortiça,32,Argentina,18063177,3.089,direct
2008,450310,Rolhas de cortiça,484,México,15101307,2.582,direct
2008,450410,Cortiça aglomerada,251,França,79159710,18.073,direct
2008,450410,Cortiça aglomerada,842,EUA,66533667,15.19,direct
2008,450410,Cortiça aglomerada,276,Alemanha,48624994,11.101,direct
2008,450410,Cortiça aglomerada,380,Itália,40800807,9.315,direct
2008,450410,Cortiça aglomerada,724,Espanha,37662046,8.599,direct
2008,450410,Cortiça aglomerada,643,Rússia,33116666,7.561,direct
2008,450410,Cortiça aglomerada,124,Canadá,12701784,2.9,direct
2008,450410,Cortiça aglomerada,36,Austrália,10735699,2.451,direct
2008,470329,Pasta de madeira química,528,Países Baixos,128863036,23.123,direct
2008,470329,Pasta de madeira química,724,Espanha,122730735,22.023,direct
2008,470329,Pasta de madeira química,276,Alemanha,108958622,19.551,direct
2008,470329,Pasta de madeira química,826,Reino Unido,35305650,6.335,direct
2008,470329,Pasta de madeira química,752,Suécia,30155482,5.411,direct
2008,470329,Pasta de madeira química,616,Polónia,27715468,4.973,direct
2008,470329,Pasta de madeira química,251,França,23142399,4.153,direct
2008,470329,Pasta de madeira química,792,Turquia,16825778,3.019,direct
2008,480256,Papel para escrita e impressão,251,França,102741831,16.387,direct
2008,480256,Papel para escrita e impressão,724,Espanha,82567923,13.169,direct
2008,480256,Papel para escrita e impressão,276,Alemanha,82425244,13.146,direct
2008,480256,Papel para escrita e impressão,380,Itália,69229550,11.042,direct
2008,480256,Papel para escrita e impressão,842,EUA,61275065,9.773,direct
2008,480256,Papel para escrita e impressão,826,Reino Unido,46948834,7.488,direct
2008,480256,Papel para escrita e impressão,528,Países Baixos,32891728,5.246,direct
2008,480256,Papel para escrita e impressão,56,Bélgica,24436296,3.897,direct
2008,610910,T-shirts de algodão,724,Espanha,269493225,34.137,direct
2008,610910,T-shirts de algodão,251,França,136517734,17.293,direct
2008,610910,T-shirts de algodão,276,Alemanha,106737167,13.52,direct
2008,610910,T-shirts de algodão,826,Reino Unido,72658102,9.204,direct
2008,610910,T-shirts de algodão,380,Itália,50816247,6.437,direct
2008,610910,T-shirts de algodão,56,Bélgica,31551267,3.997,direct
2008,610910,T-shirts de algodão,528,Países Baixos,24494142,3.103,direct
2008,610910,T-shirts de algodão,752,Suécia,19502085,2.47,direct
2008,640391,Calçado de couro a cobrir o tornozelo,276,Alemanha,59827518,19.858,direct
2008,640391,Calçado de couro a cobrir o tornozelo,251,França,55560528,18.442,direct
2008,640391,Calçado de couro a cobrir o tornozelo,528,Países Baixos,54029213,17.934,direct
2008,640391,Calçado de couro a cobrir o tornozelo,826,Reino Unido,29344186,9.74,direct
2008,640391,Calçado de couro a cobrir o tornozelo,724,Espanha,26467745,8.785,direct
2008,640391,Calçado de couro a cobrir o tornozelo,208,Dinamarca,24206334,8.035,direct
2008,640391,Calçado de couro a cobrir o tornozelo,752,Suécia,7994445,2.654,direct
2008,640391,Calçado de couro a cobrir o tornozelo,372,Irlanda,6349340,2.107,direct
2008,640399,Calçado de couro sem cobrir o tornozelo,276,Alemanha,225640680,28.004,direct
2008,640399,Calçado de couro sem cobrir o tornozelo,251,França,189352891,23.5,direct
2008,640399,Calçado de couro sem cobrir o tornozelo,528,Países Baixos,86512992,10.737,direct
2008,640399,Calçado de couro sem cobrir o tornozelo,826,Reino Unido,82297789,10.214,direct
2008,640399,Calçado de couro sem cobrir o tornozelo,724,Espanha,55322411,6.866,direct
2008,640399,Calçado de couro sem cobrir o tornozelo,208,Dinamarca,37119809,4.607,direct
2008,640399,Calçado de couro sem cobrir o tornozelo,56,Bélgica,18159881,2.254,direct
2008,640399,Calçado de couro sem cobrir o tornozelo,380,Itália,13056913,1.62,direct
2008,721420,Varões de ferro com saliências (betão armado),724,Espanha,360502982,74.306,direct
2008,721420,Varões de ferro com saliências (betão armado),12,Argélia,37438549,7.717,direct
2008,721420,Varões de ferro com saliências (betão armado),372,Irlanda,20053081,4.133,direct
2008,721420,Varões de ferro com saliências (betão armado),24,Angola,16105602,3.32,direct
2008,721420,Varões de ferro com saliências (betão armado),826,Reino Unido,13087069,2.697,direct
2008,721420,Varões de ferro com saliências (betão armado),566,Nigéria,12446164,2.565,direct
2008,721420,Varões de ferro com saliências (betão armado),231,Etiópia,10878245,2.242,direct
2008,721420,Varões de ferro com saliências (betão armado),132,Cabo Verde,4697576,0.968,direct
2008,848071,Moldes para borracha ou plástico,276,Alemanha,104832668,23.894,direct
2008,848071,Moldes para borracha ou plástico,251,França,98464137,22.443,direct
2008,848071,Moldes para borracha ou plástico,724,Espanha,83907993,19.125,direct
2008,848071,Moldes para borracha ou plástico,616,Polónia,14493042,3.303,direct
2008,848071,Moldes para borracha ou plástico,56,Bélgica,13088107,2.983,direct
2008,848071,Moldes para borracha ou plástico,842,EUA,12080977,2.754,direct
2008,848071,Moldes para borracha ou plástico,826,Reino Unido,11771878,2.683,direct
2008,848071,Moldes para borracha ou plástico,752,Suécia,9860222,2.247,direct
2008,852721,Autorrádios,276,Alemanha,467089029,43.907,direct
2008,852721,Autorrádios,724,Espanha,192432342,18.089,direct
2008,852721,Autorrádios,56,Bélgica,115783086,10.884,direct
2008,852721,Autorrádios,380,Itália,66088684,6.212,direct
2008,852721,Autorrádios,251,França,52986467,4.981,direct
2008,852721,Autorrádios,826,Reino Unido,50155699,4.715,direct
2008,852721,Autorrádios,616,Polónia,27428320,2.578,direct
2008,852721,Autorrádios,203,Chéquia,24622503,2.315,direct
2008,870322,Automóveis a gasolina 1.000–1.500 cm³,251,França,48304119,51.403,direct
2008,870322,Automóveis a gasolina 1.000–1.500 cm³,643,Rússia,23188148,24.676,direct
2008,870322,Automóveis a gasolina 1.000–1.500 cm³,12,Argélia,7461139,7.94,direct
2008,870322,Automóveis a gasolina 1.000–1.500 cm³,276,Alemanha,4090328,4.353,direct
2008,870322,Automóveis a gasolina 1.000–1.500 cm³,757,Suíça,1847448,1.966,direct
2008,870322,Automóveis a gasolina 1.000–1.500 cm³,191,Croácia,1541904,1.641,direct
2008,870322,Automóveis a gasolina 1.000–1.500 cm³,788,Tunisia,1372780,1.461,direct
2008,870322,Automóveis a gasolina 1.000–1.500 cm³,380,Itália,1250206,1.33,direct
2008,870323,Automóveis a gasolina 1.500–3.000 cm³,276,Alemanha,1150145624,84.452,direct
2008,870323,Automóveis a gasolina 1.500–3.000 cm³,251,França,40431172,2.969,direct
2008,870323,Automóveis a gasolina 1.500–3.000 cm³,826,Reino Unido,38568830,2.832,direct
2008,870323,Automóveis a gasolina 1.500–3.000 cm³,724,Espanha,37943346,2.786,direct
2008,870323,Automóveis a gasolina 1.500–3.000 cm³,380,Itália,36901046,2.71,direct
2008,870323,Automóveis a gasolina 1.500–3.000 cm³,56,Bélgica,35899712,2.636,direct
2008,870323,Automóveis a gasolina 1.500–3.000 cm³,792,Turquia,7528657,0.553,direct
2008,870323,Automóveis a gasolina 1.500–3.000 cm³,484,México,4406189,0.324,direct
2008,870332,Automóveis diesel 1.500–2.500 cm³,276,Alemanha,621287164,52.582,direct
2008,870332,Automóveis diesel 1.500–2.500 cm³,251,França,295025171,24.969,direct
2008,870332,Automóveis diesel 1.500–2.500 cm³,826,Reino Unido,45639958,3.863,direct
2008,870332,Automóveis diesel 1.500–2.500 cm³,56,Bélgica,43945105,3.719,direct
2008,870332,Automóveis diesel 1.500–2.500 cm³,724,Espanha,43699392,3.698,direct
2008,870332,Automóveis diesel 1.500–2.500 cm³,380,Itália,40676730,3.443,direct
2008,870332,Automóveis diesel 1.500–2.500 cm³,376,Israel,21311436,1.804,direct
2008,870332,Automóveis diesel 1.500–2.500 cm³,504,Marrocos,17606420,1.49,direct
2008,870421,Camiões diesel até 5 t,251,França,204647137,42.144,direct
2008,870421,Camiões diesel até 5 t,826,Reino Unido,58936084,12.137,direct
2008,870421,Camiões diesel até 5 t,724,Espanha,22956133,4.727,direct
2008,870421,Camiões diesel até 5 t,24,Angola,15084655,3.106,direct
2008,870421,Camiões diesel até 5 t,380,Itália,14544867,2.995,direct
2008,870421,Camiões diesel até 5 t,616,Polónia,14166694,2.917,direct
2008,870421,Camiões diesel até 5 t,348,Hungria,13875689,2.857,direct
2008,870421,Camiões diesel até 5 t,56,Bélgica,12769839,2.63,direct
2008,870892,Silenciadores e tubos de escape,724,Espanha,111690466,62.627,direct
2008,870892,Silenciadores e tubos de escape,251,França,48865068,27.4,direct
2008,870892,Silenciadores e tubos de escape,276,Alemanha,4185354,2.347,direct
2008,870892,Silenciadores e tubos de escape,380,Itália,3411560,1.913,direct
2008,870892,Silenciadores e tubos de escape,392,Japão,2585770,1.45,direct
2008,870892,Silenciadores e tubos de escape,826,Reino Unido,1963847,1.101,direct
2008,870892,Silenciadores e tubos de escape,528,Países Baixos,1936273,1.086,direct
2008,870892,Silenciadores e tubos de escape,208,Dinamarca,751859,0.422,direct
2008,870899,Outras partes de veículos,724,Espanha,407564494,40.054,direct
2008,870899,Outras partes de veículos,251,França,181939991,17.88,direct
2008,870899,Outras partes de veículos,276,Alemanha,173669721,17.068,direct
2008,870899,Outras partes de veículos,826,Reino Unido,57110674,5.613,direct
2008,870899,Outras partes de veículos,24,Angola,38974906,3.83,direct
2008,870899,Outras partes de veículos,842,EUA,38884361,3.821,direct
2008,870899,Outras partes de veículos,203,Chéquia,24513039,2.409,direct
2008,870899,Outras partes de veículos,56,Bélgica,22224716,2.184,direct
2008,902920,Contadores e tacómetros,792,Turquia,12909728,30.308,direct
2008,902920,Contadores e tacómetros,276,Alemanha,11962144,28.083,direct
2008,902920,Contadores e tacómetros,251,França,6592773,15.478,direct
2008,902920,Contadores e tacómetros,724,Espanha,5759575,13.522,direct
2008,902920,Contadores e tacómetros,56,Bélgica,3993887,9.376,direct
2008,902920,Contadores e tacómetros,826,Reino Unido,1061818,2.493,direct
2008,902920,Contadores e tacómetros,442,Luxemburgo,160703,0.377,direct
2008,902920,Contadores e tacómetros,752,Suécia,36818,0.086,direct
2008,940190,Assentos e partes,724,Espanha,241973271,43.412,direct
2008,940190,Assentos e partes,251,França,168346170,30.203,direct
2008,940190,Assentos e partes,752,Suécia,62287524,11.175,direct
2008,940190,Assentos e partes,276,Alemanha,46657177,8.371,direct
2008,940190,Assentos e partes,203,Chéquia,15515874,2.784,direct
2008,940190,Assentos e partes,348,Hungria,7737992,1.388,direct
2008,940190,Assentos e partes,380,Itália,5236464,0.939,direct
2008,940190,Assentos e partes,40,Áustria,3210004,0.576,direct
2008,999999,Mercadorias não especificadas,568,"Other Europe, nes",354980851,29.709,direct
2008,999999,Mercadorias não especificadas,839,Special Categories,274183226,22.947,direct
2008,999999,Mercadorias não especificadas,276,Alemanha,188405538,15.768,direct
2008,999999,Mercadorias não especificadas,528,Países Baixos,109307798,9.148,direct
2008,999999,Mercadorias não especificadas,724,Espanha,101198902,8.47,direct
2008,999999,Mercadorias não especificadas,251,França,41427409,3.467,direct
2008,999999,Mercadorias não especificadas,826,Reino Unido,29852702,2.498,direct
2008,999999,Mercadorias não especificadas,837,Bunkers,29403442,2.461,direct
2008,220421,Vinho tranquilo até 2 L,251,França,146590163,18.743,mirror
2008,220421,Vinho tranquilo até 2 L,826,Reino Unido,92520843,11.83,mirror
2008,220421,Vinho tranquilo até 2 L,842,EUA,70990664,9.077,mirror
2008,220421,Vinho tranquilo até 2 L,24,Angola,70802322,9.053,mirror
2008,220421,Vinho tranquilo até 2 L,56,Bélgica,64418962,8.237,mirror
2008,220421,Vinho tranquilo até 2 L,528,Países Baixos,55439939,7.089,mirror
2008,220421,Vinho tranquilo até 2 L,276,Alemanha,49656162,6.349,mirror
2008,220421,Vinho tranquilo até 2 L,124,Canadá,44191317,5.65,mirror
2008,240220,Cigarros,724,Espanha,239311356,46.603,mirror
2008,240220,Cigarros,380,Itália,211707237,41.228,mirror
2008,240220,Cigarros,251,França,31442805,6.123,mirror
2008,240220,Cigarros,246,Finlândia,11997475,2.336,mirror
2008,240220,Cigarros,276,Alemanha,3319862,0.647,mirror
2008,240220,Cigarros,710,África do Sul,2652927,0.517,mirror
2008,240220,Cigarros,56,Bélgica,2571410,0.501,mirror
2008,240220,Cigarros,24,Angola,2341147,0.456,mirror
2008,271019,Gasóleo e combustíveis médios e pesados,724,Espanha,188530240,31.344,mirror
2008,271019,Gasóleo e combustíveis médios e pesados,826,Reino Unido,179068046,29.77,mirror
2008,271019,Gasóleo e combustíveis médios e pesados,842,EUA,91886514,15.276,mirror
2008,271019,Gasóleo e combustíveis médios e pesados,24,Angola,45986997,7.645,mirror
2008,271019,Gasóleo e combustíveis médios e pesados,56,Bélgica,26801100,4.456,mirror
2008,271019,Gasóleo e combustíveis médios e pesados,251,França,16643071,2.767,mirror
2008,271019,Gasóleo e combustíveis médios e pesados,76,Brasil,16276057,2.706,mirror
2008,271019,Gasóleo e combustíveis médios e pesados,699,Índia,11524908,1.916,mirror
2008,300490,Medicamentos,276,Alemanha,121571885,26.203,mirror
2008,300490,Medicamentos,826,Reino Unido,55568252,11.977,mirror
2008,300490,Medicamentos,24,Angola,49018838,10.565,mirror
2008,300490,Medicamentos,251,França,32567078,7.019,mirror
2008,300490,Medicamentos,724,Espanha,28760024,6.199,mirror
2008,300490,Medicamentos,56,Bélgica,26546385,5.722,mirror
2008,300490,Medicamentos,757,Suíça,24048063,5.183,mirror
2008,300490,Medicamentos,208,Dinamarca,23090420,4.977,mirror
2008,401110,Pneus novos,276,Alemanha,224691081,34.058,mirror
2008,401110,Pneus novos,842,EUA,62768787,9.514,mirror
2008,401110,Pneus novos,826,Reino Unido,52017710,7.885,mirror
2008,401110,Pneus novos,724,Espanha,47440521,7.191,mirror
2008,401110,Pneus novos,56,Bélgica,33116499,5.02,mirror
2008,401110,Pneus novos,251,França,31321979,4.748,mirror
2008,401110,Pneus novos,380,Itália,29633262,4.492,mirror
2008,401110,Pneus novos,757,Suíça,25754114,3.904,mirror
2008,450310,Rolhas de cortiça,251,França,155895253,24.985,mirror
2008,450310,Rolhas de cortiça,842,EUA,153930371,24.67,mirror
2008,450310,Rolhas de cortiça,724,Espanha,60695780,9.728,mirror
2008,450310,Rolhas de cortiça,380,Itália,42089309,6.746,mirror
2008,450310,Rolhas de cortiça,152,Chile,29644463,4.751,mirror
2008,450310,Rolhas de cortiça,276,Alemanha,26062870,4.177,mirror
2008,450310,Rolhas de cortiça,36,Austrália,22341563,3.581,mirror
2008,450310,Rolhas de cortiça,32,Argentina,18756157,3.006,mirror
2008,450410,Cortiça aglomerada,276,Alemanha,78470572,20.516,mirror
2008,450410,Cortiça aglomerada,251,França,65928368,17.237,mirror
2008,450410,Cortiça aglomerada,842,EUA,45502767,11.897,mirror
2008,450410,Cortiça aglomerada,380,Itália,30537749,7.984,mirror
2008,450410,Cortiça aglomerada,643,Rússia,23277628,6.086,mirror
2008,450410,Cortiça aglomerada,724,Espanha,19373642,5.065,mirror
2008,450410,Cortiça aglomerada,156,China,14116018,3.691,mirror
2008,450410,Cortiça aglomerada,124,Canadá,12096312,3.163,mirror
2008,470329,Pasta de madeira química,276,Alemanha,211276346,26.399,mirror
2008,470329,Pasta de madeira química,528,Países Baixos,190126942,23.756,mirror
2008,470329,Pasta de madeira química,724,Espanha,112640030,14.074,mirror
2008,470329,Pasta de madeira química,40,Áustria,70177505,8.769,mirror
2008,470329,Pasta de madeira química,826,Reino Unido,37598169,4.698,mirror
2008,470329,Pasta de madeira química,251,França,33647146,4.204,mirror
2008,470329,Pasta de madeira química,752,Suécia,27720092,3.464,mirror
2008,470329,Pasta de madeira química,616,Polónia,23705207,2.962,mirror
2008,480256,Papel para escrita e impressão,842,EUA,108305022,17.782,mirror
2008,480256,Papel para escrita e impressão,276,Alemanha,102881285,16.891,mirror
2008,480256,Papel para escrita e impressão,251,França,102133493,16.769,mirror
2008,480256,Papel para escrita e impressão,724,Espanha,68157131,11.19,mirror
2008,480256,Papel para escrita e impressão,380,Itália,66929337,10.989,mirror
2008,480256,Papel para escrita e impressão,826,Reino Unido,32610069,5.354,mirror
2008,480256,Papel para escrita e impressão,528,Países Baixos,21101804,3.465,mirror
2008,480256,Papel para escrita e impressão,56,Bélgica,20234182,3.322,mirror
2008,610910,T-shirts de algodão,724,Espanha,212616293,29.323,mirror
2008,610910,T-shirts de algodão,251,França,113296654,15.625,mirror
2008,610910,T-shirts de algodão,276,Alemanha,99989023,13.79,mirror
2008,610910,T-shirts de algodão,826,Reino Unido,52117003,7.188,mirror
2008,610910,T-shirts de algodão,380,Itália,48692603,6.715,mirror
2008,610910,T-shirts de algodão,56,Bélgica,24064821,3.319,mirror
2008,610910,T-shirts de algodão,40,Áustria,14365555,1.981,mirror
2008,610910,T-shirts de algodão,484,México,13038845,1.798,mirror
2008,640391,Calçado de couro a cobrir o tornozelo,276,Alemanha,77263462,21.554,mirror
2008,640391,Calçado de couro a cobrir o tornozelo,251,França,72125867,20.121,mirror
2008,640391,Calçado de couro a cobrir o tornozelo,528,Países Baixos,68091296,18.995,mirror
2008,640391,Calçado de couro a cobrir o tornozelo,826,Reino Unido,35420712,9.881,mirror
2008,640391,Calçado de couro a cobrir o tornozelo,208,Dinamarca,14471666,4.037,mirror
2008,640391,Calçado de couro a cobrir o tornozelo,724,Espanha,12387234,3.456,mirror
2008,640391,Calçado de couro a cobrir o tornozelo,579,Noruega,12263794,3.421,mirror
2008,640391,Calçado de couro a cobrir o tornozelo,752,Suécia,10394592,2.9,mirror
2008,640399,Calçado de couro sem cobrir o tornozelo,251,França,256189830,27.137,mirror
2008,640399,Calçado de couro sem cobrir o tornozelo,276,Alemanha,231505205,24.522,mirror
2008,640399,Calçado de couro sem cobrir o tornozelo,826,Reino Unido,86328381,9.144,mirror
2008,640399,Calçado de couro sem cobrir o tornozelo,528,Países Baixos,76304511,8.083,mirror
2008,640399,Calçado de couro sem cobrir o tornozelo,208,Dinamarca,47736958,5.057,mirror
2008,640399,Calçado de couro sem cobrir o tornozelo,724,Espanha,46842859,4.962,mirror
2008,640399,Calçado de couro sem cobrir o tornozelo,842,EUA,22363426,2.369,mirror
2008,640399,Calçado de couro sem cobrir o tornozelo,752,Suécia,15808339,1.674,mirror
2008,721420,Varões de ferro com saliências (betão armado),724,Espanha,371358342,80.55,mirror
2008,721420,Varões de ferro com saliências (betão armado),826,Reino Unido,24739586,5.366,mirror
2008,721420,Varões de ferro com saliências (betão armado),12,Argélia,20522512,4.451,mirror
2008,721420,Varões de ferro com saliências (betão armado),231,Etiópia,15263493,3.311,mirror
2008,721420,Varões de ferro com saliências (betão armado),372,Irlanda,12413791,2.693,mirror
2008,721420,Varões de ferro com saliências (betão armado),24,Angola,7646500,1.659,mirror
2008,721420,Varões de ferro com saliências (betão armado),100,Bulgária,4809799,1.043,mirror
2008,721420,Varões de ferro com saliências (betão armado),132,Cabo Verde,3335594,0.724,mirror
2008,848071,Moldes para borracha ou plástico,251,França,46961603,21.01,mirror
2008,848071,Moldes para borracha ou plástico,276,Alemanha,41816705,18.708,mirror
2008,848071,Moldes para borracha ou plástico,724,Espanha,27304691,12.216,mirror
2008,848071,Moldes para borracha ou plástico,484,México,14653401,6.556,mirror
2008,848071,Moldes para borracha ou plástico,842,EUA,12612596,5.643,mirror
2008,848071,Moldes para borracha ou plástico,643,Rússia,7897843,3.533,mirror
2008,848071,Moldes para borracha ou plástico,376,Israel,7315000,3.273,mirror
2008,848071,Moldes para borracha ou plástico,826,Reino Unido,6287176,2.813,mirror
2008,852721,Autorrádios,276,Alemanha,263344949,35.37,mirror
2008,852721,Autorrádios,724,Espanha,104555065,14.043,mirror
2008,852721,Autorrádios,56,Bélgica,87854470,11.8,mirror
2008,852721,Autorrádios,380,Itália,44798880,6.017,mirror
2008,852721,Autorrádios,251,França,43861380,5.891,mirror
2008,852721,Autorrádios,792,Turquia,41901673,5.628,mirror
2008,852721,Autorrádios,616,Polónia,36462657,4.897,mirror
2008,852721,Autorrádios,826,Reino Unido,30122173,4.046,mirror
2008,870322,Automóveis a gasolina 1.000–1.500 cm³,251,França,35643726,23.477,mirror
2008,870322,Automóveis a gasolina 1.000–1.500 cm³,380,Itália,21444064,14.124,mirror
2008,870322,Automóveis a gasolina 1.000–1.500 cm³,56,Bélgica,15672572,10.323,mirror
2008,870322,Automóveis a gasolina 1.000–1.500 cm³,40,Áustria,15539064,10.235,mirror
2008,870322,Automóveis a gasolina 1.000–1.500 cm³,276,Alemanha,14091211,9.281,mirror
2008,870322,Automóveis a gasolina 1.000–1.500 cm³,203,Chéquia,8646239,5.695,mirror
2008,870322,Automóveis a gasolina 1.000–1.500 cm³,724,Espanha,6499656,4.281,mirror
2008,870322,Automóveis a gasolina 1.000–1.500 cm³,826,Reino Unido,5624606,3.705,mirror
2008,870323,Automóveis a gasolina 1.500–3.000 cm³,842,EUA,332459482,35.702,mirror
2008,870323,Automóveis a gasolina 1.500–3.000 cm³,826,Reino Unido,232467351,24.964,mirror
2008,870323,Automóveis a gasolina 1.500–3.000 cm³,276,Alemanha,128011615,13.747,mirror
2008,870323,Automóveis a gasolina 1.500–3.000 cm³,124,Canadá,34760093,3.733,mirror
2008,870323,Automóveis a gasolina 1.500–3.000 cm³,40,Áustria,34574820,3.713,mirror
2008,870323,Automóveis a gasolina 1.500–3.000 cm³,36,Austrália,30534407,3.279,mirror
2008,870323,Automóveis a gasolina 1.500–3.000 cm³,251,França,29916270,3.213,mirror
2008,870323,Automóveis a gasolina 1.500–3.000 cm³,380,Itália,13710790,1.472,mirror
2008,870332,Automóveis diesel 1.500–2.500 cm³,251,França,160309829,18.458,mirror
2008,870332,Automóveis diesel 1.500–2.500 cm³,276,Alemanha,147911496,17.03,mirror
2008,870332,Automóveis diesel 1.500–2.500 cm³,40,Áustria,137494978,15.831,mirror
2008,870332,Automóveis diesel 1.500–2.500 cm³,56,Bélgica,126979709,14.62,mirror
2008,870332,Automóveis diesel 1.500–2.500 cm³,724,Espanha,116322551,13.393,mirror
2008,870332,Automóveis diesel 1.500–2.500 cm³,380,Itália,52809545,6.08,mirror
2008,870332,Automóveis diesel 1.500–2.500 cm³,826,Reino Unido,33065751,3.807,mirror
2008,870332,Automóveis diesel 1.500–2.500 cm³,36,Austrália,16976719,1.955,mirror
2008,870421,Camiões diesel até 5 t,251,França,191391629,40.422,mirror
2008,870421,Camiões diesel até 5 t,56,Bélgica,84418887,17.83,mirror
2008,870421,Camiões diesel até 5 t,724,Espanha,40938921,8.646,mirror
2008,870421,Camiões diesel até 5 t,826,Reino Unido,32930607,6.955,mirror
2008,870421,Camiões diesel até 5 t,24,Angola,32868661,6.942,mirror
2008,870421,Camiões diesel até 5 t,380,Itália,25114217,5.304,mirror
2008,870421,Camiões diesel até 5 t,528,Países Baixos,12059016,2.547,mirror
2008,870421,Camiões diesel até 5 t,616,Polónia,7711970,1.629,mirror
2008,870892,Silenciadores e tubos de escape,724,Espanha,38736648,41.535,mirror
2008,870892,Silenciadores e tubos de escape,251,França,30104876,32.28,mirror
2008,870892,Silenciadores e tubos de escape,392,Japão,3954179,4.24,mirror
2008,870892,Silenciadores e tubos de escape,705,Eslovénia,3951349,4.237,mirror
2008,870892,Silenciadores e tubos de escape,380,Itália,3632296,3.895,mirror
2008,870892,Silenciadores e tubos de escape,276,Alemanha,3161660,3.39,mirror
2008,870892,Silenciadores e tubos de escape,826,Reino Unido,2946078,3.159,mirror
2008,870892,Silenciadores e tubos de escape,528,Países Baixos,2129188,2.283,mirror
2008,870899,Outras partes de veículos,724,Espanha,663489716,65.475,mirror
2008,870899,Outras partes de veículos,251,França,96877554,9.56,mirror
2008,870899,Outras partes de veículos,276,Alemanha,93513509,9.228,mirror
2008,870899,Outras partes de veículos,826,Reino Unido,54070944,5.336,mirror
2008,870899,Outras partes de veículos,842,EUA,18839583,1.859,mirror
2008,870899,Outras partes de veículos,56,Bélgica,15592141,1.539,mirror
2008,870899,Outras partes de veículos,380,Itália,14980119,1.478,mirror
2008,870899,Outras partes de veículos,24,Angola,11783480,1.163,mirror
2008,902920,Contadores e tacómetros,203,Chéquia,17931356,79.552,mirror
2008,902920,Contadores e tacómetros,276,Alemanha,1734111,7.693,mirror
2008,902920,Contadores e tacómetros,251,França,956295,4.243,mirror
2008,902920,Contadores e tacómetros,724,Espanha,928645,4.12,mirror
2008,902920,Contadores e tacómetros,842,EUA,433272,1.922,mirror
2008,902920,Contadores e tacómetros,792,Turquia,376855,1.672,mirror
2008,902920,Contadores e tacómetros,392,Japão,31968,0.142,mirror
2008,902920,Contadores e tacómetros,24,Angola,27766,0.123,mirror
2008,940190,Assentos e partes,724,Espanha,194150187,37.445,mirror
2008,940190,Assentos e partes,251,França,173462202,33.455,mirror
2008,940190,Assentos e partes,752,Suécia,58506989,11.284,mirror
2008,940190,Assentos e partes,276,Alemanha,45920495,8.857,mirror
2008,940190,Assentos e partes,203,Chéquia,15542358,2.998,mirror
2008,940190,Assentos e partes,348,Hungria,7360000,1.42,mirror
2008,940190,Assentos e partes,380,Itália,6721797,1.296,mirror
2008,940190,Assentos e partes,826,Reino Unido,3443332,0.664,mirror
2008,999999,Mercadorias não especificadas,276,Alemanha,458046593,51.404,mirror
2008,999999,Mercadorias não especificadas,380,Itália,94568557,10.613,mirror
2008,999999,Mercadorias não especificadas,842,EUA,90393937,10.144,mirror
2008,999999,Mercadorias não especificadas,24,Angola,47046421,5.28,mirror
2008,999999,Mercadorias não especificadas,458,Malásia,35686947,4.005,mirror
2008,999999,Mercadorias não especificadas,752,Suécia,32222465,3.616,mirror
2008,999999,Mercadorias não especificadas,724,Espanha,28412390,3.189,mirror
2008,999999,Mercadorias não especificadas,826,Reino Unido,25280349,2.837,mirror
2009,220421,Vinho tranquilo até 2 L,251,França,142932876,18.966,direct
2009,220421,Vinho tranquilo até 2 L,826,Reino Unido,89374401,11.859,direct
2009,220421,Vinho tranquilo até 2 L,56,Bélgica,69490149,9.221,direct
2009,220421,Vinho tranquilo até 2 L,528,Países Baixos,65610253,8.706,direct
2009,220421,Vinho tranquilo até 2 L,24,Angola,62511758,8.295,direct
2009,220421,Vinho tranquilo até 2 L,842,EUA,52277507,6.937,direct
2009,220421,Vinho tranquilo até 2 L,276,Alemanha,42139211,5.591,direct
2009,220421,Vinho tranquilo até 2 L,124,Canadá,40662175,5.395,direct
2009,240220,Cigarros,724,Espanha,226160917,53.497,direct
2009,240220,Cigarros,380,Itália,151716510,35.887,direct
2009,240220,Cigarros,251,França,22296841,5.274,direct
2009,240220,Cigarros,276,Alemanha,5871938,1.389,direct
2009,240220,Cigarros,899,"Areas, nes",4051455,0.958,direct
2009,240220,Cigarros,826,Reino Unido,2773591,0.656,direct
2009,240220,Cigarros,246,Finlândia,2161181,0.511,direct
2009,240220,Cigarros,56,Bélgica,2068476,0.489,direct
2009,271019,Gasóleo e combustíveis médios e pesados,837,Bunkers,715174970,58.466,direct
2009,271019,Gasóleo e combustíveis médios e pesados,899,"Areas, nes",121157057,9.905,direct
2009,271019,Gasóleo e combustíveis médios e pesados,292,Gibraltar,118301565,9.671,direct
2009,271019,Gasóleo e combustíveis médios e pesados,724,Espanha,87744474,7.173,direct
2009,271019,Gasóleo e combustíveis médios e pesados,826,Reino Unido,80658145,6.594,direct
2009,271019,Gasóleo e combustíveis médios e pesados,566,Nigéria,17566226,1.436,direct
2009,271019,Gasóleo e combustíveis médios e pesados,24,Angola,16690006,1.364,direct
2009,271019,Gasóleo e combustíveis médios e pesados,251,França,9879849,0.808,direct
2009,300490,Medicamentos,276,Alemanha,155997794,31.571,direct
2009,300490,Medicamentos,24,Angola,50384548,10.197,direct
2009,300490,Medicamentos,251,França,46138140,9.338,direct
2009,300490,Medicamentos,826,Reino Unido,38349161,7.761,direct
2009,300490,Medicamentos,724,Espanha,30421732,6.157,direct
2009,300490,Medicamentos,208,Dinamarca,27493304,5.564,direct
2009,300490,Medicamentos,757,Suíça,25824350,5.226,direct
2009,300490,Medicamentos,842,EUA,21693363,4.39,direct
2009,401110,Pneus novos,276,Alemanha,217741556,32.245,direct
2009,401110,Pneus novos,724,Espanha,74434021,11.023,direct
2009,401110,Pneus novos,826,Reino Unido,54486030,8.069,direct
2009,401110,Pneus novos,56,Bélgica,41219652,6.104,direct
2009,401110,Pneus novos,842,EUA,37849917,5.605,direct
2009,401110,Pneus novos,380,Itália,34142321,5.056,direct
2009,401110,Pneus novos,528,Países Baixos,32539391,4.819,direct
2009,401110,Pneus novos,251,França,31434787,4.655,direct
2009,450310,Rolhas de cortiça,251,França,128472761,28.357,direct
2009,450310,Rolhas de cortiça,842,EUA,88256986,19.48,direct
2009,450310,Rolhas de cortiça,724,Espanha,50678269,11.186,direct
2009,450310,Rolhas de cortiça,380,Itália,39535264,8.726,direct
2009,450310,Rolhas de cortiça,276,Alemanha,26399575,5.827,direct
2009,450310,Rolhas de cortiça,152,Chile,20893565,4.612,direct
2009,450310,Rolhas de cortiça,32,Argentina,14502855,3.201,direct
2009,450310,Rolhas de cortiça,826,Reino Unido,10857842,2.397,direct
2009,450410,Cortiça aglomerada,251,França,64934203,17.601,direct
2009,450410,Cortiça aglomerada,842,EUA,54326646,14.726,direct
2009,450410,Cortiça aglomerada,276,Alemanha,49661777,13.462,direct
2009,450410,Cortiça aglomerada,380,Itália,35768162,9.695,direct
2009,450410,Cortiça aglomerada,724,Espanha,33335825,9.036,direct
2009,450410,Cortiça aglomerada,643,Rússia,16610832,4.503,direct
2009,450410,Cortiça aglomerada,124,Canadá,12583750,3.411,direct
2009,450410,Cortiça aglomerada,757,Suíça,8438611,2.287,direct
2009,470329,Pasta de madeira química,276,Alemanha,90756366,18.741,direct
2009,470329,Pasta de madeira química,724,Espanha,87418482,18.051,direct
2009,470329,Pasta de madeira química,528,Países Baixos,58098691,11.997,direct
2009,470329,Pasta de madeira química,792,Turquia,47354905,9.779,direct
2009,470329,Pasta de madeira química,826,Reino Unido,43140461,8.908,direct
2009,470329,Pasta de madeira química,156,China,30217490,6.24,direct
2009,470329,Pasta de madeira química,251,França,26076120,5.385,direct
2009,470329,Pasta de madeira química,380,Itália,24264307,5.01,direct
2009,480256,Papel para escrita e impressão,251,França,95874383,16.92,direct
2009,480256,Papel para escrita e impressão,724,Espanha,84344296,14.885,direct
2009,480256,Papel para escrita e impressão,276,Alemanha,72341797,12.767,direct
2009,480256,Papel para escrita e impressão,380,Itália,60815054,10.732,direct
2009,480256,Papel para escrita e impressão,842,EUA,59163382,10.441,direct
2009,480256,Papel para escrita e impressão,826,Reino Unido,40594276,7.164,direct
2009,480256,Papel para escrita e impressão,56,Bélgica,26955421,4.757,direct
2009,480256,Papel para escrita e impressão,528,Países Baixos,26123451,4.61,direct
2009,610910,T-shirts de algodão,724,Espanha,260025995,39.791,direct
2009,610910,T-shirts de algodão,251,França,111512051,17.064,direct
2009,610910,T-shirts de algodão,276,Alemanha,88565324,13.553,direct
2009,610910,T-shirts de algodão,826,Reino Unido,54864002,8.396,direct
2009,610910,T-shirts de algodão,380,Itália,33247567,5.088,direct
2009,610910,T-shirts de algodão,56,Bélgica,24261189,3.713,direct
2009,610910,T-shirts de algodão,528,Países Baixos,20987207,3.212,direct
2009,610910,T-shirts de algodão,752,Suécia,16051125,2.456,direct
2009,640391,Calçado de couro a cobrir o tornozelo,276,Alemanha,62722827,21.211,direct
2009,640391,Calçado de couro a cobrir o tornozelo,251,França,60332689,20.403,direct
2009,640391,Calçado de couro a cobrir o tornozelo,528,Países Baixos,52482709,17.748,direct
2009,640391,Calçado de couro a cobrir o tornozelo,724,Espanha,27362123,9.253,direct
2009,640391,Calçado de couro a cobrir o tornozelo,826,Reino Unido,22629749,7.653,direct
2009,640391,Calçado de couro a cobrir o tornozelo,208,Dinamarca,21441942,7.251,direct
2009,640391,Calçado de couro a cobrir o tornozelo,752,Suécia,7305970,2.471,direct
2009,640391,Calçado de couro a cobrir o tornozelo,372,Irlanda,6382520,2.158,direct
2009,640399,Calçado de couro sem cobrir o tornozelo,276,Alemanha,177714471,26.05,direct
2009,640399,Calçado de couro sem cobrir o tornozelo,251,França,176558011,25.88,direct
2009,640399,Calçado de couro sem cobrir o tornozelo,528,Países Baixos,80744545,11.836,direct
2009,640399,Calçado de couro sem cobrir o tornozelo,724,Espanha,56538568,8.288,direct
2009,640399,Calçado de couro sem cobrir o tornozelo,826,Reino Unido,56112712,8.225,direct
2009,640399,Calçado de couro sem cobrir o tornozelo,208,Dinamarca,25318406,3.711,direct
2009,640399,Calçado de couro sem cobrir o tornozelo,56,Bélgica,16994807,2.491,direct
2009,640399,Calçado de couro sem cobrir o tornozelo,757,Suíça,14006180,2.053,direct
2009,721420,Varões de ferro com saliências (betão armado),724,Espanha,195774273,75.093,direct
2009,721420,Varões de ferro com saliências (betão armado),12,Argélia,42814066,16.422,direct
2009,721420,Varões de ferro com saliências (betão armado),826,Reino Unido,6541371,2.509,direct
2009,721420,Varões de ferro com saliências (betão armado),504,Marrocos,3478379,1.334,direct
2009,721420,Varões de ferro com saliências (betão armado),686,Senegal,2936242,1.126,direct
2009,721420,Varões de ferro com saliências (betão armado),132,Cabo Verde,2634671,1.011,direct
2009,721420,Varões de ferro com saliências (betão armado),478,Mauritânia,2203009,0.845,direct
2009,721420,Varões de ferro com saliências (betão armado),372,Irlanda,2155496,0.827,direct
2009,848071,Moldes para borracha ou plástico,276,Alemanha,106211882,26.868,direct
2009,848071,Moldes para borracha ou plástico,724,Espanha,79757037,20.176,direct
2009,848071,Moldes para borracha ou plástico,251,França,70261910,17.774,direct
2009,848071,Moldes para borracha ou plástico,752,Suécia,14952186,3.782,direct
2009,848071,Moldes para borracha ou plástico,842,EUA,12942401,3.274,direct
2009,848071,Moldes para borracha ou plástico,56,Bélgica,10378461,2.625,direct
2009,848071,Moldes para borracha ou plástico,203,Chéquia,9954680,2.518,direct
2009,848071,Moldes para borracha ou plástico,484,México,7548910,1.91,direct
2009,852721,Autorrádios,276,Alemanha,389502772,42.922,direct
2009,852721,Autorrádios,724,Espanha,140415522,15.473,direct
2009,852721,Autorrádios,826,Reino Unido,76859126,8.47,direct
2009,852721,Autorrádios,380,Itália,58079711,6.4,direct
2009,852721,Autorrádios,56,Bélgica,55833896,6.153,direct
2009,852721,Autorrádios,251,França,49276360,5.43,direct
2009,852721,Autorrádios,616,Polónia,42287444,4.66,direct
2009,852721,Autorrádios,203,Chéquia,38633662,4.257,direct
2009,870322,Automóveis a gasolina 1.000–1.500 cm³,276,Alemanha,23125622,41.096,direct
2009,870322,Automóveis a gasolina 1.000–1.500 cm³,251,França,7195291,12.787,direct
2009,870322,Automóveis a gasolina 1.000–1.500 cm³,788,Tunisia,3856658,6.854,direct
2009,870322,Automóveis a gasolina 1.000–1.500 cm³,203,Chéquia,3733633,6.635,direct
2009,870322,Automóveis a gasolina 1.000–1.500 cm³,826,Reino Unido,3000189,5.332,direct
2009,870322,Automóveis a gasolina 1.000–1.500 cm³,233,Estónia,2836455,5.041,direct
2009,870322,Automóveis a gasolina 1.000–1.500 cm³,56,Bélgica,2609682,4.638,direct
2009,870322,Automóveis a gasolina 1.000–1.500 cm³,616,Polónia,1888413,3.356,direct
2009,870323,Automóveis a gasolina 1.500–3.000 cm³,276,Alemanha,688758688,65.226,direct
2009,870323,Automóveis a gasolina 1.500–3.000 cm³,826,Reino Unido,115901622,10.976,direct
2009,870323,Automóveis a gasolina 1.500–3.000 cm³,251,França,98669659,9.344,direct
2009,870323,Automóveis a gasolina 1.500–3.000 cm³,724,Espanha,65688692,6.221,direct
2009,870323,Automóveis a gasolina 1.500–3.000 cm³,380,Itália,45473198,4.306,direct
2009,870323,Automóveis a gasolina 1.500–3.000 cm³,792,Turquia,10800709,1.023,direct
2009,870323,Automóveis a gasolina 1.500–3.000 cm³,442,Luxemburgo,7093620,0.672,direct
2009,870323,Automóveis a gasolina 1.500–3.000 cm³,56,Bélgica,4289959,0.406,direct
2009,870332,Automóveis diesel 1.500–2.500 cm³,276,Alemanha,494325597,58.429,direct
2009,870332,Automóveis diesel 1.500–2.500 cm³,724,Espanha,90661072,10.716,direct
2009,870332,Automóveis diesel 1.500–2.500 cm³,826,Reino Unido,73918361,8.737,direct
2009,870332,Automóveis diesel 1.500–2.500 cm³,251,França,60937254,7.203,direct
2009,870332,Automóveis diesel 1.500–2.500 cm³,56,Bélgica,29728646,3.514,direct
2009,870332,Automóveis diesel 1.500–2.500 cm³,380,Itália,25784640,3.048,direct
2009,870332,Automóveis diesel 1.500–2.500 cm³,504,Marrocos,19188134,2.268,direct
2009,870332,Automóveis diesel 1.500–2.500 cm³,40,Áustria,18874881,2.231,direct
2009,870421,Camiões diesel até 5 t,251,França,89947895,33.021,direct
2009,870421,Camiões diesel até 5 t,826,Reino Unido,36159918,13.275,direct
2009,870421,Camiões diesel até 5 t,788,Tunisia,26340086,9.67,direct
2009,870421,Camiões diesel até 5 t,56,Bélgica,21412226,7.861,direct
2009,870421,Camiões diesel até 5 t,724,Espanha,17219207,6.321,direct
2009,870421,Camiões diesel até 5 t,24,Angola,14270689,5.239,direct
2009,870421,Camiões diesel até 5 t,380,Itália,9796908,3.597,direct
2009,870421,Camiões diesel até 5 t,276,Alemanha,8709448,3.197,direct
2009,870892,Silenciadores e tubos de escape,724,Espanha,84276602,56.668,direct
2009,870892,Silenciadores e tubos de escape,251,França,47790796,32.135,direct
2009,870892,Silenciadores e tubos de escape,276,Alemanha,5237072,3.521,direct
2009,870892,Silenciadores e tubos de escape,826,Reino Unido,3184238,2.141,direct
2009,870892,Silenciadores e tubos de escape,528,Países Baixos,2916078,1.961,direct
2009,870892,Silenciadores e tubos de escape,380,Itália,2555941,1.719,direct
2009,870892,Silenciadores e tubos de escape,376,Israel,410288,0.276,direct
2009,870892,Silenciadores e tubos de escape,208,Dinamarca,375784,0.253,direct
2009,870899,Outras partes de veículos,724,Espanha,377214913,42.723,direct
2009,870899,Outras partes de veículos,276,Alemanha,165131399,18.702,direct
2009,870899,Outras partes de veículos,251,França,143144026,16.212,direct
2009,870899,Outras partes de veículos,826,Reino Unido,43165140,4.889,direct
2009,870899,Outras partes de veículos,24,Angola,36081398,4.087,direct
2009,870899,Outras partes de veículos,203,Chéquia,26927781,3.05,direct
2009,870899,Outras partes de veículos,56,Bélgica,12624926,1.43,direct
2009,870899,Outras partes de veículos,616,Polónia,12543465,1.421,direct
2009,902920,Contadores e tacómetros,792,Turquia,10503230,34.198,direct
2009,902920,Contadores e tacómetros,251,França,9321679,30.351,direct
2009,902920,Contadores e tacómetros,276,Alemanha,5242356,17.069,direct
2009,902920,Contadores e tacómetros,724,Espanha,2761045,8.99,direct
2009,902920,Contadores e tacómetros,826,Reino Unido,1777508,5.788,direct
2009,902920,Contadores e tacómetros,56,Bélgica,664807,2.165,direct
2009,902920,Contadores e tacómetros,752,Suécia,161273,0.525,direct
2009,902920,Contadores e tacómetros,380,Itália,130734,0.426,direct
2009,940190,Assentos e partes,724,Espanha,188126179,45.223,direct
2009,940190,Assentos e partes,251,França,139229448,33.469,direct
2009,940190,Assentos e partes,276,Alemanha,36118547,8.682,direct
2009,940190,Assentos e partes,752,Suécia,28933714,6.955,direct
2009,940190,Assentos e partes,203,Chéquia,9712477,2.335,direct
2009,940190,Assentos e partes,380,Itália,2844787,0.684,direct
2009,940190,Assentos e partes,348,Hungria,2797232,0.672,direct
2009,940190,Assentos e partes,616,Polónia,2425372,0.583,direct
2009,999999,Mercadorias não especificadas,568,"Other Europe, nes",127616662,48.017,direct
2009,999999,Mercadorias não especificadas,839,Special Categories,79968072,30.089,direct
2009,999999,Mercadorias não especificadas,837,Bunkers,26738751,10.061,direct
2009,999999,Mercadorias não especificadas,724,Espanha,14547774,5.474,direct
2009,999999,Mercadorias não especificadas,251,França,4129339,1.554,direct
2009,999999,Mercadorias não especificadas,276,Alemanha,3533542,1.33,direct
2009,999999,Mercadorias não especificadas,842,EUA,2529251,0.952,direct
2009,999999,Mercadorias não especificadas,826,Reino Unido,1344795,0.506,direct
2009,220421,Vinho tranquilo até 2 L,251,França,139238438,19.014,mirror
2009,220421,Vinho tranquilo até 2 L,826,Reino Unido,83076591,11.345,mirror
2009,220421,Vinho tranquilo até 2 L,24,Angola,72114211,9.848,mirror
2009,220421,Vinho tranquilo até 2 L,842,EUA,62132325,8.485,mirror
2009,220421,Vinho tranquilo até 2 L,56,Bélgica,60128199,8.211,mirror
2009,220421,Vinho tranquilo até 2 L,528,Países Baixos,53730519,7.337,mirror
2009,220421,Vinho tranquilo até 2 L,124,Canadá,44916730,6.134,mirror
2009,220421,Vinho tranquilo até 2 L,276,Alemanha,44644516,6.097,mirror
2009,240220,Cigarros,724,Espanha,264267494,56.168,mirror
2009,240220,Cigarros,380,Itália,151641906,32.23,mirror
2009,240220,Cigarros,251,França,34429656,7.318,mirror
2009,240220,Cigarros,276,Alemanha,3855184,0.819,mirror
2009,240220,Cigarros,24,Angola,2719153,0.578,mirror
2009,240220,Cigarros,246,Finlândia,2498237,0.531,mirror
2009,240220,Cigarros,372,Irlanda,2340699,0.497,mirror
2009,240220,Cigarros,56,Bélgica,1811595,0.385,mirror
2009,271019,Gasóleo e combustíveis médios e pesados,724,Espanha,104190646,36.746,mirror
2009,271019,Gasóleo e combustíveis médios e pesados,826,Reino Unido,81023031,28.575,mirror
2009,271019,Gasóleo e combustíveis médios e pesados,528,Países Baixos,12830044,4.525,mirror
2009,271019,Gasóleo e combustíveis médios e pesados,56,Bélgica,11476948,4.048,mirror
2009,271019,Gasóleo e combustíveis médios e pesados,24,Angola,11036120,3.892,mirror
2009,271019,Gasóleo e combustíveis médios e pesados,566,Nigéria,9610323,3.389,mirror
2009,271019,Gasóleo e combustíveis médios e pesados,251,França,9252120,3.263,mirror
2009,271019,Gasóleo e combustíveis médios e pesados,686,Senegal,8104161,2.858,mirror
2009,300490,Medicamentos,276,Alemanha,133415604,27.956,mirror
2009,300490,Medicamentos,24,Angola,43785104,9.175,mirror
2009,300490,Medicamentos,826,Reino Unido,37412871,7.84,mirror
2009,300490,Medicamentos,251,França,36368632,7.621,mirror
2009,300490,Medicamentos,724,Espanha,33849637,7.093,mirror
2009,300490,Medicamentos,56,Bélgica,26329680,5.517,mirror
2009,300490,Medicamentos,208,Dinamarca,23388019,4.901,mirror
2009,300490,Medicamentos,757,Suíça,20541382,4.304,mirror
2009,401110,Pneus novos,276,Alemanha,233589358,38.163,mirror
2009,401110,Pneus novos,56,Bélgica,42580467,6.957,mirror
2009,401110,Pneus novos,842,EUA,38524164,6.294,mirror
2009,401110,Pneus novos,724,Espanha,35614251,5.818,mirror
2009,401110,Pneus novos,251,França,35029254,5.723,mirror
2009,401110,Pneus novos,380,Itália,33819816,5.525,mirror
2009,401110,Pneus novos,757,Suíça,28582045,4.67,mirror
2009,401110,Pneus novos,203,Chéquia,24670922,4.031,mirror
2009,450310,Rolhas de cortiça,251,França,122945213,27.139,mirror
2009,450310,Rolhas de cortiça,842,EUA,117349648,25.903,mirror
2009,450310,Rolhas de cortiça,724,Espanha,33472629,7.389,mirror
2009,450310,Rolhas de cortiça,380,Itália,31615744,6.979,mirror
2009,450310,Rolhas de cortiça,152,Chile,21935905,4.842,mirror
2009,450310,Rolhas de cortiça,276,Alemanha,18888539,4.169,mirror
2009,450310,Rolhas de cortiça,32,Argentina,14959463,3.302,mirror
2009,450310,Rolhas de cortiça,710,África do Sul,11000501,2.428,mirror
2009,450410,Cortiça aglomerada,251,França,58242831,18.995,mirror
2009,450410,Cortiça aglomerada,276,Alemanha,57375597,18.712,mirror
2009,450410,Cortiça aglomerada,380,Itália,30605312,9.981,mirror
2009,450410,Cortiça aglomerada,842,EUA,30567176,9.969,mirror
2009,450410,Cortiça aglomerada,643,Rússia,20794758,6.782,mirror
2009,450410,Cortiça aglomerada,724,Espanha,16427327,5.357,mirror
2009,450410,Cortiça aglomerada,124,Canadá,12548504,4.092,mirror
2009,450410,Cortiça aglomerada,40,Áustria,11524449,3.758,mirror
2009,470329,Pasta de madeira química,276,Alemanha,137191126,24.371,mirror
2009,470329,Pasta de madeira química,724,Espanha,76765587,13.637,mirror
2009,470329,Pasta de madeira química,528,Países Baixos,68288811,12.131,mirror
2009,470329,Pasta de madeira química,40,Áustria,44498112,7.905,mirror
2009,470329,Pasta de madeira química,792,Turquia,43129997,7.662,mirror
2009,470329,Pasta de madeira química,251,França,40306265,7.16,mirror
2009,470329,Pasta de madeira química,826,Reino Unido,32901775,5.845,mirror
2009,470329,Pasta de madeira química,156,China,27709896,4.922,mirror
2009,480256,Papel para escrita e impressão,842,EUA,93220204,16.905,mirror
2009,480256,Papel para escrita e impressão,251,França,91971569,16.678,mirror
2009,480256,Papel para escrita e impressão,276,Alemanha,87618174,15.889,mirror
2009,480256,Papel para escrita e impressão,724,Espanha,62863288,11.4,mirror
2009,480256,Papel para escrita e impressão,380,Itália,58624010,10.631,mirror
2009,480256,Papel para escrita e impressão,826,Reino Unido,28769916,5.217,mirror
2009,480256,Papel para escrita e impressão,56,Bélgica,22623831,4.103,mirror
2009,480256,Papel para escrita e impressão,528,Países Baixos,18889374,3.425,mirror
2009,610910,T-shirts de algodão,724,Espanha,213940433,33.107,mirror
2009,610910,T-shirts de algodão,276,Alemanha,99826082,15.448,mirror
2009,610910,T-shirts de algodão,251,França,99363827,15.377,mirror
2009,610910,T-shirts de algodão,826,Reino Unido,38032200,5.886,mirror
2009,610910,T-shirts de algodão,380,Itália,27680962,4.284,mirror
2009,610910,T-shirts de algodão,56,Bélgica,19783223,3.061,mirror
2009,610910,T-shirts de algodão,40,Áustria,12338085,1.909,mirror
2009,610910,T-shirts de algodão,484,México,12192749,1.887,mirror
2009,640391,Calçado de couro a cobrir o tornozelo,251,França,84479379,21.386,mirror
2009,640391,Calçado de couro a cobrir o tornozelo,528,Países Baixos,80163367,20.293,mirror
2009,640391,Calçado de couro a cobrir o tornozelo,276,Alemanha,78353581,19.835,mirror
2009,640391,Calçado de couro a cobrir o tornozelo,826,Reino Unido,31997494,8.1,mirror
2009,640391,Calçado de couro a cobrir o tornozelo,724,Espanha,31778299,8.045,mirror
2009,640391,Calçado de couro a cobrir o tornozelo,208,Dinamarca,19043989,4.821,mirror
2009,640391,Calçado de couro a cobrir o tornozelo,579,Noruega,9446265,2.391,mirror
2009,640391,Calçado de couro a cobrir o tornozelo,752,Suécia,8178533,2.07,mirror
2009,640399,Calçado de couro sem cobrir o tornozelo,251,França,224514504,28.114,mirror
2009,640399,Calçado de couro sem cobrir o tornozelo,276,Alemanha,191712428,24.007,mirror
2009,640399,Calçado de couro sem cobrir o tornozelo,528,Países Baixos,84929649,10.635,mirror
2009,640399,Calçado de couro sem cobrir o tornozelo,826,Reino Unido,56674476,7.097,mirror
2009,640399,Calçado de couro sem cobrir o tornozelo,724,Espanha,54710410,6.851,mirror
2009,640399,Calçado de couro sem cobrir o tornozelo,208,Dinamarca,29870567,3.74,mirror
2009,640399,Calçado de couro sem cobrir o tornozelo,842,EUA,15716658,1.968,mirror
2009,640399,Calçado de couro sem cobrir o tornozelo,56,Bélgica,13376512,1.675,mirror
2009,721420,Varões de ferro com saliências (betão armado),724,Espanha,191583528,76.783,mirror
2009,721420,Varões de ferro com saliências (betão armado),12,Argélia,46452613,18.617,mirror
2009,721420,Varões de ferro com saliências (betão armado),826,Reino Unido,6285145,2.519,mirror
2009,721420,Varões de ferro com saliências (betão armado),132,Cabo Verde,2755667,1.104,mirror
2009,721420,Varões de ferro com saliências (betão armado),24,Angola,1211650,0.486,mirror
2009,721420,Varões de ferro com saliências (betão armado),372,Irlanda,517714,0.207,mirror
2009,721420,Varões de ferro com saliências (betão armado),266,Gabão,381567,0.153,mirror
2009,721420,Varões de ferro com saliências (betão armado),854,Burkina Faso,169261,0.068,mirror
2009,848071,Moldes para borracha ou plástico,276,Alemanha,52107714,27.073,mirror
2009,848071,Moldes para borracha ou plástico,251,França,25567552,13.284,mirror
2009,848071,Moldes para borracha ou plástico,724,Espanha,18025887,9.365,mirror
2009,848071,Moldes para borracha ou plástico,842,EUA,13346185,6.934,mirror
2009,848071,Moldes para borracha ou plástico,484,México,10960771,5.695,mirror
2009,848071,Moldes para borracha ou plástico,792,Turquia,9373875,4.87,mirror
2009,848071,Moldes para borracha ou plástico,32,Argentina,8276861,4.3,mirror
2009,848071,Moldes para borracha ou plástico,76,Brasil,5956449,3.095,mirror
2009,852721,Autorrádios,276,Alemanha,168817710,33.445,mirror
2009,852721,Autorrádios,724,Espanha,65695179,13.015,mirror
2009,852721,Autorrádios,56,Bélgica,63933312,12.666,mirror
2009,852721,Autorrádios,251,França,39397154,7.805,mirror
2009,852721,Autorrádios,792,Turquia,39105768,7.747,mirror
2009,852721,Autorrádios,380,Itália,35589523,7.051,mirror
2009,852721,Autorrádios,616,Polónia,28492403,5.645,mirror
2009,852721,Autorrádios,826,Reino Unido,16753780,3.319,mirror
2009,870322,Automóveis a gasolina 1.000–1.500 cm³,251,França,50863065,18.767,mirror
2009,870322,Automóveis a gasolina 1.000–1.500 cm³,276,Alemanha,40143692,14.812,mirror
2009,870322,Automóveis a gasolina 1.000–1.500 cm³,380,Itália,36299242,13.393,mirror
2009,870322,Automóveis a gasolina 1.000–1.500 cm³,156,China,31875199,11.761,mirror
2009,870322,Automóveis a gasolina 1.000–1.500 cm³,56,Bélgica,19323050,7.13,mirror
2009,870322,Automóveis a gasolina 1.000–1.500 cm³,392,Japão,16778149,6.191,mirror
2009,870322,Automóveis a gasolina 1.000–1.500 cm³,792,Turquia,11671662,4.306,mirror
2009,870322,Automóveis a gasolina 1.000–1.500 cm³,40,Áustria,10906670,4.024,mirror
2009,870323,Automóveis a gasolina 1.500–3.000 cm³,826,Reino Unido,199420549,33.6,mirror
2009,870323,Automóveis a gasolina 1.500–3.000 cm³,276,Alemanha,147008067,24.769,mirror
2009,870323,Automóveis a gasolina 1.500–3.000 cm³,842,EUA,75208999,12.672,mirror
2009,870323,Automóveis a gasolina 1.500–3.000 cm³,251,França,32110381,5.41,mirror
2009,870323,Automóveis a gasolina 1.500–3.000 cm³,392,Japão,19707916,3.321,mirror
2009,870323,Automóveis a gasolina 1.500–3.000 cm³,36,Austrália,17171203,2.893,mirror
2009,870323,Automóveis a gasolina 1.500–3.000 cm³,124,Canadá,17117827,2.884,mirror
2009,870323,Automóveis a gasolina 1.500–3.000 cm³,40,Áustria,17093692,2.88,mirror
2009,870332,Automóveis diesel 1.500–2.500 cm³,251,França,155301262,26.106,mirror
2009,870332,Automóveis diesel 1.500–2.500 cm³,276,Alemanha,103736583,17.438,mirror
2009,870332,Automóveis diesel 1.500–2.500 cm³,56,Bélgica,91315622,15.35,mirror
2009,870332,Automóveis diesel 1.500–2.500 cm³,40,Áustria,82930984,13.94,mirror
2009,870332,Automóveis diesel 1.500–2.500 cm³,724,Espanha,50212785,8.441,mirror
2009,870332,Automóveis diesel 1.500–2.500 cm³,380,Itália,39456440,6.633,mirror
2009,870332,Automóveis diesel 1.500–2.500 cm³,826,Reino Unido,14176288,2.383,mirror
2009,870332,Automóveis diesel 1.500–2.500 cm³,24,Angola,12941631,2.175,mirror
2009,870421,Camiões diesel até 5 t,251,França,90138078,37.152,mirror
2009,870421,Camiões diesel até 5 t,56,Bélgica,39565759,16.308,mirror
2009,870421,Camiões diesel até 5 t,24,Angola,38725279,15.961,mirror
2009,870421,Camiões diesel até 5 t,788,Tunisia,16602999,6.843,mirror
2009,870421,Camiões diesel até 5 t,826,Reino Unido,14271770,5.882,mirror
2009,870421,Camiões diesel até 5 t,724,Espanha,7930380,3.269,mirror
2009,870421,Camiões diesel até 5 t,528,Países Baixos,5681319,2.342,mirror
2009,870421,Camiões diesel até 5 t,276,Alemanha,5180655,2.135,mirror
2009,870892,Silenciadores e tubos de escape,724,Espanha,19661432,43.393,mirror
2009,870892,Silenciadores e tubos de escape,251,França,7876655,17.384,mirror
2009,870892,Silenciadores e tubos de escape,826,Reino Unido,3054891,6.742,mirror
2009,870892,Silenciadores e tubos de escape,566,Nigéria,2964796,6.543,mirror
2009,870892,Silenciadores e tubos de escape,528,Países Baixos,2944577,6.499,mirror
2009,870892,Silenciadores e tubos de escape,276,Alemanha,2831348,6.249,mirror
2009,870892,Silenciadores e tubos de escape,380,Itália,1933253,4.267,mirror
2009,870892,Silenciadores e tubos de escape,24,Angola,554921,1.225,mirror
2009,870899,Outras partes de veículos,724,Espanha,472348697,61.712,mirror
2009,870899,Outras partes de veículos,276,Alemanha,89265528,11.662,mirror
2009,870899,Outras partes de veículos,251,França,60696739,7.93,mirror
2009,870899,Outras partes de veículos,826,Reino Unido,60391298,7.89,mirror
2009,870899,Outras partes de veículos,24,Angola,14372659,1.878,mirror
2009,870899,Outras partes de veículos,752,Suécia,13976781,1.826,mirror
2009,870899,Outras partes de veículos,380,Itália,8651386,1.13,mirror
2009,870899,Outras partes de veículos,56,Bélgica,7566032,0.988,mirror
2009,902920,Contadores e tacómetros,203,Chéquia,14648103,83.542,mirror
2009,902920,Contadores e tacómetros,724,Espanha,1414647,8.068,mirror
2009,902920,Contadores e tacómetros,792,Turquia,749979,4.277,mirror
2009,902920,Contadores e tacómetros,276,Alemanha,253731,1.447,mirror
2009,902920,Contadores e tacómetros,251,França,185986,1.061,mirror
2009,902920,Contadores e tacómetros,842,EUA,176852,1.009,mirror
2009,902920,Contadores e tacómetros,24,Angola,26615,0.152,mirror
2009,902920,Contadores e tacómetros,56,Bélgica,15265,0.087,mirror
2009,940190,Assentos e partes,724,Espanha,173062604,45.655,mirror
2009,940190,Assentos e partes,251,França,119845906,31.616,mirror
2009,940190,Assentos e partes,276,Alemanha,44112452,11.637,mirror
2009,940190,Assentos e partes,752,Suécia,11655901,3.075,mirror
2009,940190,Assentos e partes,203,Chéquia,10072540,2.657,mirror
2009,940190,Assentos e partes,710,África do Sul,3867728,1.02,mirror
2009,940190,Assentos e partes,380,Itália,3857784,1.018,mirror
2009,940190,Assentos e partes,348,Hungria,2457000,0.648,mirror
2009,999999,Mercadorias não especificadas,276,Alemanha,340299727,52.305,mirror
2009,999999,Mercadorias não especificadas,380,Itália,69418523,10.67,mirror
2009,999999,Mercadorias não especificadas,826,Reino Unido,63035142,9.689,mirror
2009,999999,Mercadorias não especificadas,752,Suécia,40374747,6.206,mirror
2009,999999,Mercadorias não especificadas,842,EUA,35829242,5.507,mirror
2009,999999,Mercadorias não especificadas,724,Espanha,18230268,2.802,mirror
2009,999999,Mercadorias não especificadas,246,Finlândia,13055974,2.007,mirror
2009,999999,Mercadorias não especificadas,372,Irlanda,10233747,1.573,mirror
2010,220421,Vinho tranquilo até 2 L,251,França,135228753,18.038,direct
2010,220421,Vinho tranquilo até 2 L,826,Reino Unido,85403063,11.392,direct
2010,220421,Vinho tranquilo até 2 L,528,Países Baixos,65292107,8.709,direct
2010,220421,Vinho tranquilo até 2 L,56,Bélgica,64844642,8.649,direct
2010,220421,Vinho tranquilo até 2 L,842,EUA,58381662,7.787,direct
2010,220421,Vinho tranquilo até 2 L,24,Angola,52865829,7.052,direct
2010,220421,Vinho tranquilo até 2 L,124,Canadá,45000548,6.002,direct
2010,220421,Vinho tranquilo até 2 L,276,Alemanha,40949531,5.462,direct
2010,240220,Cigarros,724,Espanha,247624589,65.264,direct
2010,240220,Cigarros,380,Itália,82690578,21.794,direct
2010,240220,Cigarros,251,França,13220638,3.484,direct
2010,240220,Cigarros,246,Finlândia,8552752,2.254,direct
2010,240220,Cigarros,300,Grécia,5912360,1.558,direct
2010,240220,Cigarros,276,Alemanha,5130417,1.352,direct
2010,240220,Cigarros,899,"Areas, nes",4159649,1.096,direct
2010,240220,Cigarros,826,Reino Unido,3627262,0.956,direct
2010,271019,Gasóleo e combustíveis médios e pesados,837,Bunkers,983272480,58.056,direct
2010,271019,Gasóleo e combustíveis médios e pesados,292,Gibraltar,272345600,16.08,direct
2010,271019,Gasóleo e combustíveis médios e pesados,826,Reino Unido,98389145,5.809,direct
2010,271019,Gasóleo e combustíveis médios e pesados,899,"Areas, nes",96497871,5.698,direct
2010,271019,Gasóleo e combustíveis médios e pesados,724,Espanha,72214048,4.264,direct
2010,271019,Gasóleo e combustíveis médios e pesados,24,Angola,24227923,1.431,direct
2010,271019,Gasóleo e combustíveis médios e pesados,276,Alemanha,20408736,1.205,direct
2010,271019,Gasóleo e combustíveis médios e pesados,208,Dinamarca,18257761,1.078,direct
2010,300490,Medicamentos,276,Alemanha,150272705,31.061,direct
2010,300490,Medicamentos,24,Angola,46775715,9.668,direct
2010,300490,Medicamentos,826,Reino Unido,45109214,9.324,direct
2010,300490,Medicamentos,251,França,39802626,8.227,direct
2010,300490,Medicamentos,56,Bélgica,28603237,5.912,direct
2010,300490,Medicamentos,757,Suíça,28515274,5.894,direct
2010,300490,Medicamentos,724,Espanha,25883968,5.35,direct
2010,300490,Medicamentos,842,EUA,19017446,3.931,direct
2010,401110,Pneus novos,276,Alemanha,236095728,30.452,direct
2010,401110,Pneus novos,724,Espanha,90473264,11.669,direct
2010,401110,Pneus novos,826,Reino Unido,69787455,9.001,direct
2010,401110,Pneus novos,56,Bélgica,58406570,7.533,direct
2010,401110,Pneus novos,842,EUA,47631615,6.144,direct
2010,401110,Pneus novos,251,França,38289739,4.939,direct
2010,401110,Pneus novos,528,Países Baixos,35068937,4.523,direct
2010,401110,Pneus novos,380,Itália,33382098,4.306,direct
2010,450310,Rolhas de cortiça,251,França,130910532,29.276,direct
2010,450310,Rolhas de cortiça,842,EUA,84985236,19.005,direct
2010,450310,Rolhas de cortiça,724,Espanha,50527777,11.3,direct
2010,450310,Rolhas de cortiça,380,Itália,35430517,7.923,direct
2010,450310,Rolhas de cortiça,276,Alemanha,23880831,5.341,direct
2010,450310,Rolhas de cortiça,152,Chile,18679313,4.177,direct
2010,450310,Rolhas de cortiça,32,Argentina,15477927,3.461,direct
2010,450310,Rolhas de cortiça,826,Reino Unido,12278965,2.746,direct
2010,450410,Cortiça aglomerada,251,França,67520427,15.604,direct
2010,450410,Cortiça aglomerada,842,EUA,65191243,15.066,direct
2010,450410,Cortiça aglomerada,276,Alemanha,62480621,14.439,direct
2010,450410,Cortiça aglomerada,380,Itália,42979600,9.932,direct
2010,450410,Cortiça aglomerada,724,Espanha,38792886,8.965,direct
2010,450410,Cortiça aglomerada,643,Rússia,25991142,6.006,direct
2010,450410,Cortiça aglomerada,156,China,12024288,2.779,direct
2010,450410,Cortiça aglomerada,124,Canadá,10390999,2.401,direct
2010,470329,Pasta de madeira química,724,Espanha,155935337,27.43,direct
2010,470329,Pasta de madeira química,276,Alemanha,108405099,19.069,direct
2010,470329,Pasta de madeira química,528,Países Baixos,91221646,16.046,direct
2010,470329,Pasta de madeira química,380,Itália,37833933,6.655,direct
2010,470329,Pasta de madeira química,251,França,35775306,6.293,direct
2010,470329,Pasta de madeira química,752,Suécia,28862188,5.077,direct
2010,470329,Pasta de madeira química,616,Polónia,28590565,5.029,direct
2010,470329,Pasta de madeira química,792,Turquia,25095613,4.414,direct
2010,480256,Papel para escrita e impressão,251,França,122474700,16.57,direct
2010,480256,Papel para escrita e impressão,724,Espanha,101691022,13.758,direct
2010,480256,Papel para escrita e impressão,842,EUA,91641225,12.399,direct
2010,480256,Papel para escrita e impressão,380,Itália,87348287,11.818,direct
2010,480256,Papel para escrita e impressão,276,Alemanha,81519674,11.029,direct
2010,480256,Papel para escrita e impressão,826,Reino Unido,42427861,5.74,direct
2010,480256,Papel para escrita e impressão,528,Países Baixos,31087256,4.206,direct
2010,480256,Papel para escrita e impressão,56,Bélgica,26267058,3.554,direct
2010,610910,T-shirts de algodão,724,Espanha,240535950,37.641,direct
2010,610910,T-shirts de algodão,251,França,113790342,17.807,direct
2010,610910,T-shirts de algodão,276,Alemanha,81909605,12.818,direct
2010,610910,T-shirts de algodão,826,Reino Unido,59769717,9.353,direct
2010,610910,T-shirts de algodão,380,Itália,33437721,5.233,direct
2010,610910,T-shirts de algodão,56,Bélgica,24427578,3.823,direct
2010,610910,T-shirts de algodão,528,Países Baixos,21867819,3.422,direct
2010,610910,T-shirts de algodão,752,Suécia,15287762,2.392,direct
2010,640391,Calçado de couro a cobrir o tornozelo,251,França,77589373,22.774,direct
2010,640391,Calçado de couro a cobrir o tornozelo,276,Alemanha,76612741,22.488,direct
2010,640391,Calçado de couro a cobrir o tornozelo,528,Países Baixos,49676869,14.581,direct
2010,640391,Calçado de couro a cobrir o tornozelo,724,Espanha,29890696,8.774,direct
2010,640391,Calçado de couro a cobrir o tornozelo,826,Reino Unido,27385458,8.038,direct
2010,640391,Calçado de couro a cobrir o tornozelo,208,Dinamarca,19458214,5.711,direct
2010,640391,Calçado de couro a cobrir o tornozelo,380,Itália,8257980,2.424,direct
2010,640391,Calçado de couro a cobrir o tornozelo,56,Bélgica,7534749,2.212,direct
2010,640399,Calçado de couro sem cobrir o tornozelo,251,França,167738987,26.14,direct
2010,640399,Calçado de couro sem cobrir o tornozelo,276,Alemanha,156374038,24.369,direct
2010,640399,Calçado de couro sem cobrir o tornozelo,528,Países Baixos,87535970,13.641,direct
2010,640399,Calçado de couro sem cobrir o tornozelo,826,Reino Unido,52611364,8.199,direct
2010,640399,Calçado de couro sem cobrir o tornozelo,724,Espanha,51015865,7.95,direct
2010,640399,Calçado de couro sem cobrir o tornozelo,208,Dinamarca,19692264,3.069,direct
2010,640399,Calçado de couro sem cobrir o tornozelo,380,Itália,17931056,2.794,direct
2010,640399,Calçado de couro sem cobrir o tornozelo,56,Bélgica,17786956,2.772,direct
2010,721420,Varões de ferro com saliências (betão armado),724,Espanha,174410779,60.798,direct
2010,721420,Varões de ferro com saliências (betão armado),12,Argélia,56256083,19.611,direct
2010,721420,Varões de ferro com saliências (betão armado),124,Canadá,16987764,5.922,direct
2010,721420,Varões de ferro com saliências (betão armado),24,Angola,9730744,3.392,direct
2010,721420,Varões de ferro com saliências (betão armado),826,Reino Unido,6824078,2.379,direct
2010,721420,Varões de ferro com saliências (betão armado),478,Mauritânia,5035591,1.755,direct
2010,721420,Varões de ferro com saliências (betão armado),686,Senegal,3594240,1.253,direct
2010,721420,Varões de ferro com saliências (betão armado),276,Alemanha,3328215,1.16,direct
2010,848071,Moldes para borracha ou plástico,276,Alemanha,106768654,30.061,direct
2010,848071,Moldes para borracha ou plástico,724,Espanha,52967219,14.913,direct
2010,848071,Moldes para borracha ou plástico,251,França,52058833,14.657,direct
2010,848071,Moldes para borracha ou plástico,484,México,14838157,4.178,direct
2010,848071,Moldes para borracha ou plástico,826,Reino Unido,14497178,4.082,direct
2010,848071,Moldes para borracha ou plástico,842,EUA,14374407,4.047,direct
2010,848071,Moldes para borracha ou plástico,203,Chéquia,14334011,4.036,direct
2010,848071,Moldes para borracha ou plástico,32,Argentina,12656205,3.563,direct
2010,852721,Autorrádios,276,Alemanha,405759536,36.948,direct
2010,852721,Autorrádios,724,Espanha,163950757,14.929,direct
2010,852721,Autorrádios,826,Reino Unido,96482124,8.786,direct
2010,852721,Autorrádios,203,Chéquia,71641937,6.524,direct
2010,852721,Autorrádios,380,Itália,68376393,6.226,direct
2010,852721,Autorrádios,56,Bélgica,66126402,6.021,direct
2010,852721,Autorrádios,251,França,66046702,6.014,direct
2010,852721,Autorrádios,616,Polónia,50742151,4.621,direct
2010,870322,Automóveis a gasolina 1.000–1.500 cm³,251,França,4763773,29.271,direct
2010,870322,Automóveis a gasolina 1.000–1.500 cm³,233,Estónia,1887109,11.595,direct
2010,870322,Automóveis a gasolina 1.000–1.500 cm³,203,Chéquia,1813007,11.14,direct
2010,870322,Automóveis a gasolina 1.000–1.500 cm³,788,Tunisia,1418936,8.719,direct
2010,870322,Automóveis a gasolina 1.000–1.500 cm³,276,Alemanha,1341366,8.242,direct
2010,870322,Automóveis a gasolina 1.000–1.500 cm³,56,Bélgica,1313897,8.073,direct
2010,870322,Automóveis a gasolina 1.000–1.500 cm³,24,Angola,931735,5.725,direct
2010,870322,Automóveis a gasolina 1.000–1.500 cm³,724,Espanha,834804,5.129,direct
2010,870323,Automóveis a gasolina 1.500–3.000 cm³,276,Alemanha,698069488,63.052,direct
2010,870323,Automóveis a gasolina 1.500–3.000 cm³,826,Reino Unido,152835329,13.805,direct
2010,870323,Automóveis a gasolina 1.500–3.000 cm³,251,França,87680233,7.92,direct
2010,870323,Automóveis a gasolina 1.500–3.000 cm³,724,Espanha,63126670,5.702,direct
2010,870323,Automóveis a gasolina 1.500–3.000 cm³,380,Itália,36784123,3.322,direct
2010,870323,Automóveis a gasolina 1.500–3.000 cm³,24,Angola,15962961,1.442,direct
2010,870323,Automóveis a gasolina 1.500–3.000 cm³,792,Turquia,15739826,1.422,direct
2010,870323,Automóveis a gasolina 1.500–3.000 cm³,484,México,9896004,0.894,direct
2010,870332,Automóveis diesel 1.500–2.500 cm³,276,Alemanha,704084845,59.904,direct
2010,870332,Automóveis diesel 1.500–2.500 cm³,724,Espanha,142377725,12.114,direct
2010,870332,Automóveis diesel 1.500–2.500 cm³,826,Reino Unido,97844187,8.325,direct
2010,870332,Automóveis diesel 1.500–2.500 cm³,251,França,79541149,6.767,direct
2010,870332,Automóveis diesel 1.500–2.500 cm³,380,Itália,44493221,3.786,direct
2010,870332,Automóveis diesel 1.500–2.500 cm³,40,Áustria,32900220,2.799,direct
2010,870332,Automóveis diesel 1.500–2.500 cm³,504,Marrocos,20578497,1.751,direct
2010,870332,Automóveis diesel 1.500–2.500 cm³,56,Bélgica,16438547,1.399,direct
2010,870421,Camiões diesel até 5 t,251,França,131000789,31.834,direct
2010,870421,Camiões diesel até 5 t,152,Chile,58676687,14.259,direct
2010,870421,Camiões diesel até 5 t,826,Reino Unido,56133949,13.641,direct
2010,870421,Camiões diesel até 5 t,788,Tunisia,30492209,7.41,direct
2010,870421,Camiões diesel até 5 t,724,Espanha,29850225,7.254,direct
2010,870421,Camiões diesel até 5 t,56,Bélgica,15876536,3.858,direct
2010,870421,Camiões diesel até 5 t,380,Itália,13481253,3.276,direct
2010,870421,Camiões diesel até 5 t,24,Angola,9877235,2.4,direct
2010,870892,Silenciadores e tubos de escape,251,França,150874496,48.354,direct
2010,870892,Silenciadores e tubos de escape,724,Espanha,126405746,40.512,direct
2010,870892,Silenciadores e tubos de escape,826,Reino Unido,13820894,4.429,direct
2010,870892,Silenciadores e tubos de escape,703,Eslováquia,6913548,2.216,direct
2010,870892,Silenciadores e tubos de escape,276,Alemanha,5765903,1.848,direct
2010,870892,Silenciadores e tubos de escape,380,Itália,2412762,0.773,direct
2010,870892,Silenciadores e tubos de escape,203,Chéquia,1738045,0.557,direct
2010,870892,Silenciadores e tubos de escape,528,Países Baixos,1690610,0.542,direct
2010,870899,Outras partes de veículos,724,Espanha,368333958,38.751,direct
2010,870899,Outras partes de veículos,276,Alemanha,219118374,23.052,direct
2010,870899,Outras partes de veículos,251,França,140344823,14.765,direct
2010,870899,Outras partes de veículos,826,Reino Unido,61238129,6.443,direct
2010,870899,Outras partes de veículos,24,Angola,24264118,2.553,direct
2010,870899,Outras partes de veículos,616,Polónia,21634193,2.276,direct
2010,870899,Outras partes de veículos,203,Chéquia,20690868,2.177,direct
2010,870899,Outras partes de veículos,56,Bélgica,11495246,1.209,direct
2010,902920,Contadores e tacómetros,251,França,11234138,61.537,direct
2010,902920,Contadores e tacómetros,724,Espanha,5688958,31.162,direct
2010,902920,Contadores e tacómetros,276,Alemanha,482831,2.645,direct
2010,902920,Contadores e tacómetros,826,Reino Unido,218836,1.199,direct
2010,902920,Contadores e tacómetros,792,Turquia,195105,1.069,direct
2010,902920,Contadores e tacómetros,752,Suécia,162052,0.888,direct
2010,902920,Contadores e tacómetros,56,Bélgica,94645,0.518,direct
2010,902920,Contadores e tacómetros,372,Irlanda,51170,0.28,direct
2010,940190,Assentos e partes,724,Espanha,195667626,42.961,direct
2010,940190,Assentos e partes,251,França,131988541,28.98,direct
2010,940190,Assentos e partes,276,Alemanha,46455264,10.2,direct
2010,940190,Assentos e partes,752,Suécia,37806267,8.301,direct
2010,940190,Assentos e partes,203,Chéquia,12380013,2.718,direct
2010,940190,Assentos e partes,528,Países Baixos,11618423,2.551,direct
2010,940190,Assentos e partes,642,Roménia,5143535,1.129,direct
2010,940190,Assentos e partes,616,Polónia,4089484,0.898,direct
2010,999999,Mercadorias não especificadas,568,"Other Europe, nes",120562376,44.403,direct
2010,999999,Mercadorias não especificadas,839,Special Categories,72341417,26.643,direct
2010,999999,Mercadorias não especificadas,837,Bunkers,39411869,14.515,direct
2010,999999,Mercadorias não especificadas,724,Espanha,14142046,5.209,direct
2010,999999,Mercadorias não especificadas,251,França,8329626,3.068,direct
2010,999999,Mercadorias não especificadas,842,EUA,4100487,1.51,direct
2010,999999,Mercadorias não especificadas,826,Reino Unido,3677598,1.354,direct
2010,999999,Mercadorias não especificadas,276,Alemanha,2602804,0.959,direct
2010,220421,Vinho tranquilo até 2 L,251,França,122682127,17.12,mirror
2010,220421,Vinho tranquilo até 2 L,826,Reino Unido,80570022,11.243,mirror
2010,220421,Vinho tranquilo até 2 L,842,EUA,71269445,9.945,mirror
2010,220421,Vinho tranquilo até 2 L,24,Angola,56163822,7.837,mirror
2010,220421,Vinho tranquilo até 2 L,56,Bélgica,55094582,7.688,mirror
2010,220421,Vinho tranquilo até 2 L,124,Canadá,48612082,6.784,mirror
2010,220421,Vinho tranquilo até 2 L,276,Alemanha,44157819,6.162,mirror
2010,220421,Vinho tranquilo até 2 L,528,Países Baixos,43479918,6.067,mirror
2010,240220,Cigarros,724,Espanha,291389899,68.93,mirror
2010,240220,Cigarros,380,Itália,77533123,18.341,mirror
2010,240220,Cigarros,251,França,22203057,5.252,mirror
2010,240220,Cigarros,246,Finlândia,8552047,2.023,mirror
2010,240220,Cigarros,300,Grécia,5574455,1.319,mirror
2010,240220,Cigarros,276,Alemanha,4948405,1.171,mirror
2010,240220,Cigarros,826,Reino Unido,3571772,0.845,mirror
2010,240220,Cigarros,24,Angola,2139366,0.506,mirror
2010,271019,Gasóleo e combustíveis médios e pesados,826,Reino Unido,102453894,31.084,mirror
2010,271019,Gasóleo e combustíveis médios e pesados,724,Espanha,100916908,30.618,mirror
2010,271019,Gasóleo e combustíveis médios e pesados,24,Angola,22548763,6.841,mirror
2010,271019,Gasóleo e combustíveis médios e pesados,276,Alemanha,20333778,6.169,mirror
2010,271019,Gasóleo e combustíveis médios e pesados,251,França,18432076,5.592,mirror
2010,271019,Gasóleo e combustíveis médios e pesados,196,Chipre,16305987,4.947,mirror
2010,271019,Gasóleo e combustíveis médios e pesados,842,EUA,16273675,4.937,mirror
2010,271019,Gasóleo e combustíveis médios e pesados,76,Brasil,10356916,3.142,mirror
2010,300490,Medicamentos,276,Alemanha,127073372,25.417,mirror
2010,300490,Medicamentos,826,Reino Unido,42736203,8.548,mirror
2010,300490,Medicamentos,724,Espanha,39500298,7.901,mirror
2010,300490,Medicamentos,24,Angola,38361487,7.673,mirror
2010,300490,Medicamentos,251,França,31364750,6.273,mirror
2010,300490,Medicamentos,757,Suíça,28079858,5.616,mirror
2010,300490,Medicamentos,56,Bélgica,19154790,3.831,mirror
2010,300490,Medicamentos,380,Itália,14440276,2.888,mirror
2010,401110,Pneus novos,276,Alemanha,277423395,38.225,mirror
2010,401110,Pneus novos,56,Bélgica,61160605,8.427,mirror
2010,401110,Pneus novos,842,EUA,46689107,6.433,mirror
2010,401110,Pneus novos,251,França,44777247,6.17,mirror
2010,401110,Pneus novos,724,Espanha,39987851,5.51,mirror
2010,401110,Pneus novos,380,Itália,32825672,4.523,mirror
2010,401110,Pneus novos,826,Reino Unido,26753465,3.686,mirror
2010,401110,Pneus novos,757,Suíça,24632666,3.394,mirror
2010,450310,Rolhas de cortiça,251,França,133039401,27.692,mirror
2010,450310,Rolhas de cortiça,842,EUA,122055476,25.405,mirror
2010,450310,Rolhas de cortiça,724,Espanha,33356884,6.943,mirror
2010,450310,Rolhas de cortiça,380,Itália,32451997,6.755,mirror
2010,450310,Rolhas de cortiça,152,Chile,20800187,4.329,mirror
2010,450310,Rolhas de cortiça,276,Alemanha,18993072,3.953,mirror
2010,450310,Rolhas de cortiça,32,Argentina,15722150,3.273,mirror
2010,450310,Rolhas de cortiça,36,Austrália,15028487,3.128,mirror
2010,450410,Cortiça aglomerada,276,Alemanha,68448305,19.296,mirror
2010,450410,Cortiça aglomerada,251,França,59769711,16.85,mirror
2010,450410,Cortiça aglomerada,643,Rússia,37927460,10.692,mirror
2010,450410,Cortiça aglomerada,380,Itália,35548042,10.021,mirror
2010,450410,Cortiça aglomerada,842,EUA,32303962,9.107,mirror
2010,450410,Cortiça aglomerada,156,China,19494005,5.496,mirror
2010,450410,Cortiça aglomerada,724,Espanha,16011088,4.514,mirror
2010,450410,Cortiça aglomerada,124,Canadá,10688558,3.013,mirror
2010,470329,Pasta de madeira química,276,Alemanha,219577099,28.959,mirror
2010,470329,Pasta de madeira química,724,Espanha,117981884,15.56,mirror
2010,470329,Pasta de madeira química,528,Países Baixos,113695291,14.994,mirror
2010,470329,Pasta de madeira química,251,França,87226957,11.504,mirror
2010,470329,Pasta de madeira química,752,Suécia,42360264,5.587,mirror
2010,470329,Pasta de madeira química,792,Turquia,29393736,3.877,mirror
2010,470329,Pasta de madeira química,616,Polónia,27307368,3.601,mirror
2010,470329,Pasta de madeira química,40,Áustria,24143222,3.184,mirror
2010,480256,Papel para escrita e impressão,842,EUA,145583329,21.845,mirror
2010,480256,Papel para escrita e impressão,251,França,96013541,14.407,mirror
2010,480256,Papel para escrita e impressão,276,Alemanha,83272456,12.495,mirror
2010,480256,Papel para escrita e impressão,724,Espanha,68226705,10.237,mirror
2010,480256,Papel para escrita e impressão,380,Itália,66197943,9.933,mirror
2010,480256,Papel para escrita e impressão,826,Reino Unido,30897034,4.636,mirror
2010,480256,Papel para escrita e impressão,757,Suíça,24305857,3.647,mirror
2010,480256,Papel para escrita e impressão,528,Países Baixos,23699445,3.556,mirror
2010,610910,T-shirts de algodão,724,Espanha,221487016,34.88,mirror
2010,610910,T-shirts de algodão,251,França,101470527,15.979,mirror
2010,610910,T-shirts de algodão,276,Alemanha,78220592,12.318,mirror
2010,610910,T-shirts de algodão,826,Reino Unido,39581236,6.233,mirror
2010,610910,T-shirts de algodão,380,Itália,30175378,4.752,mirror
2010,610910,T-shirts de algodão,56,Bélgica,18956128,2.985,mirror
2010,610910,T-shirts de algodão,484,México,11294624,1.779,mirror
2010,610910,T-shirts de algodão,40,Áustria,10419173,1.641,mirror
2010,640391,Calçado de couro a cobrir o tornozelo,276,Alemanha,109250793,22.233,mirror
2010,640391,Calçado de couro a cobrir o tornozelo,251,França,87824747,17.873,mirror
2010,640391,Calçado de couro a cobrir o tornozelo,528,Países Baixos,85899220,17.481,mirror
2010,640391,Calçado de couro a cobrir o tornozelo,826,Reino Unido,57047700,11.61,mirror
2010,640391,Calçado de couro a cobrir o tornozelo,724,Espanha,26069203,5.305,mirror
2010,640391,Calçado de couro a cobrir o tornozelo,208,Dinamarca,19246162,3.917,mirror
2010,640391,Calçado de couro a cobrir o tornozelo,579,Noruega,15034748,3.06,mirror
2010,640391,Calçado de couro a cobrir o tornozelo,752,Suécia,13565469,2.761,mirror
2010,640399,Calçado de couro sem cobrir o tornozelo,251,França,206175217,28.04,mirror
2010,640399,Calçado de couro sem cobrir o tornozelo,276,Alemanha,152822147,20.784,mirror
2010,640399,Calçado de couro sem cobrir o tornozelo,528,Países Baixos,83353744,11.336,mirror
2010,640399,Calçado de couro sem cobrir o tornozelo,724,Espanha,61542358,8.37,mirror
2010,640399,Calçado de couro sem cobrir o tornozelo,826,Reino Unido,52014462,7.074,mirror
2010,640399,Calçado de couro sem cobrir o tornozelo,208,Dinamarca,16970247,2.308,mirror
2010,640399,Calçado de couro sem cobrir o tornozelo,842,EUA,16702673,2.272,mirror
2010,640399,Calçado de couro sem cobrir o tornozelo,643,Rússia,13675408,1.86,mirror
2010,721420,Varões de ferro com saliências (betão armado),724,Espanha,170664258,71.444,mirror
2010,721420,Varões de ferro com saliências (betão armado),12,Argélia,47005403,19.678,mirror
2010,721420,Varões de ferro com saliências (betão armado),826,Reino Unido,4587139,1.92,mirror
2010,721420,Varões de ferro com saliências (betão armado),686,Senegal,4011334,1.679,mirror
2010,721420,Varões de ferro com saliências (betão armado),132,Cabo Verde,3674167,1.538,mirror
2010,721420,Varões de ferro com saliências (betão armado),24,Angola,2708611,1.134,mirror
2010,721420,Varões de ferro com saliências (betão armado),372,Irlanda,2201874,0.922,mirror
2010,721420,Varões de ferro com saliências (betão armado),508,Moçambique,1490723,0.624,mirror
2010,848071,Moldes para borracha ou plástico,276,Alemanha,50599647,27.382,mirror
2010,848071,Moldes para borracha ou plástico,32,Argentina,14481684,7.837,mirror
2010,848071,Moldes para borracha ou plástico,724,Espanha,13682625,7.404,mirror
2010,848071,Moldes para borracha ou plástico,842,EUA,13366206,7.233,mirror
2010,848071,Moldes para borracha ou plástico,251,França,13142099,7.112,mirror
2010,848071,Moldes para borracha ou plástico,643,Rússia,12507082,6.768,mirror
2010,848071,Moldes para borracha ou plástico,76,Brasil,9723037,5.262,mirror
2010,848071,Moldes para borracha ou plástico,484,México,9311194,5.039,mirror
2010,852721,Autorrádios,276,Alemanha,196314557,29.379,mirror
2010,852721,Autorrádios,724,Espanha,98249312,14.703,mirror
2010,852721,Autorrádios,56,Bélgica,82425306,12.335,mirror
2010,852721,Autorrádios,380,Itália,50937175,7.623,mirror
2010,852721,Autorrádios,616,Polónia,48272344,7.224,mirror
2010,852721,Autorrádios,792,Turquia,45333310,6.784,mirror
2010,852721,Autorrádios,251,França,35306717,5.284,mirror
2010,852721,Autorrádios,826,Reino Unido,27325728,4.089,mirror
2010,870322,Automóveis a gasolina 1.000–1.500 cm³,156,China,73803924,22.661,mirror
2010,870322,Automóveis a gasolina 1.000–1.500 cm³,276,Alemanha,57750848,17.732,mirror
2010,870322,Automóveis a gasolina 1.000–1.500 cm³,251,França,33888457,10.405,mirror
2010,870322,Automóveis a gasolina 1.000–1.500 cm³,380,Itália,33282112,10.219,mirror
2010,870322,Automóveis a gasolina 1.000–1.500 cm³,792,Turquia,17935175,5.507,mirror
2010,870322,Automóveis a gasolina 1.000–1.500 cm³,40,Áustria,13787836,4.233,mirror
2010,870322,Automóveis a gasolina 1.000–1.500 cm³,826,Reino Unido,13543331,4.158,mirror
2010,870322,Automóveis a gasolina 1.000–1.500 cm³,702,Singapura,11295278,3.468,mirror
2010,870323,Automóveis a gasolina 1.500–3.000 cm³,826,Reino Unido,204054631,29.819,mirror
2010,870323,Automóveis a gasolina 1.500–3.000 cm³,842,EUA,170752295,24.952,mirror
2010,870323,Automóveis a gasolina 1.500–3.000 cm³,156,China,86707910,12.671,mirror
2010,870323,Automóveis a gasolina 1.500–3.000 cm³,276,Alemanha,46866679,6.849,mirror
2010,870323,Automóveis a gasolina 1.500–3.000 cm³,251,França,39698021,5.801,mirror
2010,870323,Automóveis a gasolina 1.500–3.000 cm³,40,Áustria,38403107,5.612,mirror
2010,870323,Automóveis a gasolina 1.500–3.000 cm³,124,Canadá,21270450,3.108,mirror
2010,870323,Automóveis a gasolina 1.500–3.000 cm³,36,Austrália,15848322,2.316,mirror
2010,870332,Automóveis diesel 1.500–2.500 cm³,251,França,185405000,23.041,mirror
2010,870332,Automóveis diesel 1.500–2.500 cm³,40,Áustria,138892739,17.261,mirror
2010,870332,Automóveis diesel 1.500–2.500 cm³,276,Alemanha,110518904,13.735,mirror
2010,870332,Automóveis diesel 1.500–2.500 cm³,826,Reino Unido,92188473,11.457,mirror
2010,870332,Automóveis diesel 1.500–2.500 cm³,56,Bélgica,79640519,9.897,mirror
2010,870332,Automóveis diesel 1.500–2.500 cm³,724,Espanha,66894805,8.313,mirror
2010,870332,Automóveis diesel 1.500–2.500 cm³,380,Itália,65188829,8.101,mirror
2010,870332,Automóveis diesel 1.500–2.500 cm³,36,Austrália,10903313,1.355,mirror
2010,870421,Camiões diesel até 5 t,251,França,129219378,42.956,mirror
2010,870421,Camiões diesel até 5 t,56,Bélgica,34654398,11.52,mirror
2010,870421,Camiões diesel até 5 t,826,Reino Unido,33151929,11.021,mirror
2010,870421,Camiões diesel até 5 t,24,Angola,23811335,7.916,mirror
2010,870421,Camiões diesel até 5 t,724,Espanha,20231192,6.725,mirror
2010,870421,Camiões diesel até 5 t,788,Tunisia,20208934,6.718,mirror
2010,870421,Camiões diesel até 5 t,380,Itália,10804658,3.592,mirror
2010,870421,Camiões diesel até 5 t,528,Países Baixos,5134703,1.707,mirror
2010,870892,Silenciadores e tubos de escape,251,França,65275741,66.485,mirror
2010,870892,Silenciadores e tubos de escape,724,Espanha,18876261,19.226,mirror
2010,870892,Silenciadores e tubos de escape,826,Reino Unido,3517881,3.583,mirror
2010,870892,Silenciadores e tubos de escape,276,Alemanha,2406984,2.452,mirror
2010,870892,Silenciadores e tubos de escape,380,Itália,2376531,2.421,mirror
2010,870892,Silenciadores e tubos de escape,528,Países Baixos,1438459,1.465,mirror
2010,870892,Silenciadores e tubos de escape,392,Japão,1151295,1.173,mirror
2010,870892,Silenciadores e tubos de escape,208,Dinamarca,418327,0.426,mirror
2010,870899,Outras partes de veículos,724,Espanha,458597075,55.148,mirror
2010,870899,Outras partes de veículos,276,Alemanha,101215752,12.172,mirror
2010,870899,Outras partes de veículos,826,Reino Unido,81535019,9.805,mirror
2010,870899,Outras partes de veículos,251,França,75927270,9.131,mirror
2010,870899,Outras partes de veículos,752,Suécia,41484718,4.989,mirror
2010,870899,Outras partes de veículos,24,Angola,8393810,1.009,mirror
2010,870899,Outras partes de veículos,380,Itália,6261363,0.753,mirror
2010,870899,Outras partes de veículos,56,Bélgica,6224696,0.749,mirror
2010,902920,Contadores e tacómetros,251,França,14390698,49.358,mirror
2010,902920,Contadores e tacómetros,203,Chéquia,12702465,43.568,mirror
2010,902920,Contadores e tacómetros,276,Alemanha,1228540,4.214,mirror
2010,902920,Contadores e tacómetros,724,Espanha,400671,1.374,mirror
2010,902920,Contadores e tacómetros,792,Turquia,230332,0.79,mirror
2010,902920,Contadores e tacómetros,842,EUA,60188,0.206,mirror
2010,902920,Contadores e tacómetros,56,Bélgica,34825,0.119,mirror
2010,902920,Contadores e tacómetros,414,Kuwait,21649,0.074,mirror
2010,940190,Assentos e partes,724,Espanha,195375527,44.534,mirror
2010,940190,Assentos e partes,251,França,132914806,30.297,mirror
2010,940190,Assentos e partes,276,Alemanha,56692491,12.923,mirror
2010,940190,Assentos e partes,203,Chéquia,12607699,2.874,mirror
2010,940190,Assentos e partes,528,Países Baixos,12321696,2.809,mirror
2010,940190,Assentos e partes,752,Suécia,7295429,1.663,mirror
2010,940190,Assentos e partes,710,África do Sul,5053715,1.152,mirror
2010,940190,Assentos e partes,348,Hungria,2974000,0.678,mirror
2010,999999,Mercadorias não especificadas,276,Alemanha,439932884,52.017,mirror
2010,999999,Mercadorias não especificadas,528,Países Baixos,100812794,11.92,mirror
2010,999999,Mercadorias não especificadas,842,EUA,59120704,6.99,mirror
2010,999999,Mercadorias não especificadas,380,Itália,53299431,6.302,mirror
2010,999999,Mercadorias não especificadas,752,Suécia,41079432,4.857,mirror
2010,999999,Mercadorias não especificadas,484,México,22047107,2.607,mirror
2010,999999,Mercadorias não especificadas,724,Espanha,20081575,2.374,mirror
2010,999999,Mercadorias não especificadas,246,Finlândia,17813512,2.106,mirror
2011,220421,Vinho tranquilo até 2 L,251,França,138980968,16.869,direct
2011,220421,Vinho tranquilo até 2 L,826,Reino Unido,89723446,10.89,direct
2011,220421,Vinho tranquilo até 2 L,24,Angola,70289060,8.531,direct
2011,220421,Vinho tranquilo até 2 L,56,Bélgica,68013001,8.255,direct
2011,220421,Vinho tranquilo até 2 L,528,Países Baixos,67564865,8.201,direct
2011,220421,Vinho tranquilo até 2 L,842,EUA,64914561,7.879,direct
2011,220421,Vinho tranquilo até 2 L,124,Canadá,47081953,5.715,direct
2011,220421,Vinho tranquilo até 2 L,276,Alemanha,41596265,5.049,direct
2011,240220,Cigarros,724,Espanha,287403467,68.364,direct
2011,240220,Cigarros,380,Itália,70965804,16.88,direct
2011,240220,Cigarros,251,França,18882569,4.492,direct
2011,240220,Cigarros,246,Finlândia,10813034,2.572,direct
2011,240220,Cigarros,276,Alemanha,8124567,1.933,direct
2011,240220,Cigarros,899,"Areas, nes",5022462,1.195,direct
2011,240220,Cigarros,826,Reino Unido,5015232,1.193,direct
2011,240220,Cigarros,300,Grécia,4299695,1.023,direct
2011,271019,Gasóleo e combustíveis médios e pesados,837,Bunkers,1357252180,51.727,direct
2011,271019,Gasóleo e combustíveis médios e pesados,292,Gibraltar,351294727,13.388,direct
2011,271019,Gasóleo e combustíveis médios e pesados,724,Espanha,242586934,9.245,direct
2011,271019,Gasóleo e combustíveis médios e pesados,899,"Areas, nes",130482722,4.973,direct
2011,271019,Gasóleo e combustíveis médios e pesados,842,EUA,87868064,3.349,direct
2011,271019,Gasóleo e combustíveis médios e pesados,56,Bélgica,57437114,2.189,direct
2011,271019,Gasóleo e combustíveis médios e pesados,24,Angola,45388337,1.73,direct
2011,271019,Gasóleo e combustíveis médios e pesados,528,Países Baixos,45255709,1.725,direct
2011,300490,Medicamentos,276,Alemanha,186539111,29.249,direct
2011,300490,Medicamentos,826,Reino Unido,72320585,11.34,direct
2011,300490,Medicamentos,24,Angola,69087842,10.833,direct
2011,300490,Medicamentos,724,Espanha,46045637,7.22,direct
2011,300490,Medicamentos,251,França,45143746,7.079,direct
2011,300490,Medicamentos,56,Bélgica,38224611,5.994,direct
2011,300490,Medicamentos,842,EUA,32001286,5.018,direct
2011,300490,Medicamentos,757,Suíça,21847959,3.426,direct
2011,401110,Pneus novos,276,Alemanha,294559987,29.917,direct
2011,401110,Pneus novos,724,Espanha,99536446,10.109,direct
2011,401110,Pneus novos,826,Reino Unido,94831522,9.632,direct
2011,401110,Pneus novos,56,Bélgica,85183559,8.652,direct
2011,401110,Pneus novos,528,Países Baixos,58678457,5.96,direct
2011,401110,Pneus novos,203,Chéquia,57382573,5.828,direct
2011,401110,Pneus novos,251,França,50658489,5.145,direct
2011,401110,Pneus novos,842,EUA,49489800,5.026,direct
2011,450310,Rolhas de cortiça,251,França,140674854,28.271,direct
2011,450310,Rolhas de cortiça,842,EUA,94802799,19.053,direct
2011,450310,Rolhas de cortiça,724,Espanha,63024875,12.666,direct
2011,450310,Rolhas de cortiça,380,Itália,46102466,9.265,direct
2011,450310,Rolhas de cortiça,152,Chile,21021149,4.225,direct
2011,450310,Rolhas de cortiça,276,Alemanha,20214189,4.062,direct
2011,450310,Rolhas de cortiça,32,Argentina,16439747,3.304,direct
2011,450310,Rolhas de cortiça,484,México,14530502,2.92,direct
2011,450410,Cortiça aglomerada,251,França,78371100,15.17,direct
2011,450410,Cortiça aglomerada,276,Alemanha,78368155,15.17,direct
2011,450410,Cortiça aglomerada,842,EUA,76680417,14.843,direct
2011,450410,Cortiça aglomerada,380,Itália,53059961,10.271,direct
2011,450410,Cortiça aglomerada,643,Rússia,40195109,7.781,direct
2011,450410,Cortiça aglomerada,724,Espanha,37163125,7.194,direct
2011,450410,Cortiça aglomerada,156,China,15579853,3.016,direct
2011,450410,Cortiça aglomerada,36,Austrália,10547125,2.042,direct
2011,470329,Pasta de madeira química,724,Espanha,147856812,27.509,direct
2011,470329,Pasta de madeira química,276,Alemanha,110245384,20.511,direct
2011,470329,Pasta de madeira química,528,Países Baixos,72075225,13.41,direct
2011,470329,Pasta de madeira química,380,Itália,38924489,7.242,direct
2011,470329,Pasta de madeira química,251,França,37833066,7.039,direct
2011,470329,Pasta de madeira química,752,Suécia,28403359,5.285,direct
2011,470329,Pasta de madeira química,616,Polónia,25980901,4.834,direct
2011,470329,Pasta de madeira química,826,Reino Unido,20099249,3.74,direct
2011,480256,Papel para escrita e impressão,251,França,121576611,14.749,direct
2011,480256,Papel para escrita e impressão,724,Espanha,106855104,12.963,direct
2011,480256,Papel para escrita e impressão,842,EUA,100934651,12.245,direct
2011,480256,Papel para escrita e impressão,380,Itália,97615998,11.842,direct
2011,480256,Papel para escrita e impressão,276,Alemanha,81202381,9.851,direct
2011,480256,Papel para escrita e impressão,528,Países Baixos,55887117,6.78,direct
2011,480256,Papel para escrita e impressão,826,Reino Unido,54865072,6.656,direct
2011,480256,Papel para escrita e impressão,757,Suíça,23835251,2.892,direct
2011,610910,T-shirts de algodão,724,Espanha,234243878,34.866,direct
2011,610910,T-shirts de algodão,251,França,129439967,19.266,direct
2011,610910,T-shirts de algodão,276,Alemanha,72030990,10.721,direct
2011,610910,T-shirts de algodão,826,Reino Unido,70891709,10.552,direct
2011,610910,T-shirts de algodão,380,Itália,39411152,5.866,direct
2011,610910,T-shirts de algodão,528,Países Baixos,29797673,4.435,direct
2011,610910,T-shirts de algodão,56,Bélgica,21492691,3.199,direct
2011,610910,T-shirts de algodão,752,Suécia,12438919,1.851,direct
2011,640391,Calçado de couro a cobrir o tornozelo,276,Alemanha,105479189,23.456,direct
2011,640391,Calçado de couro a cobrir o tornozelo,251,França,84949499,18.891,direct
2011,640391,Calçado de couro a cobrir o tornozelo,528,Países Baixos,77557395,17.247,direct
2011,640391,Calçado de couro a cobrir o tornozelo,724,Espanha,42265880,9.399,direct
2011,640391,Calçado de couro a cobrir o tornozelo,826,Reino Unido,28098351,6.248,direct
2011,640391,Calçado de couro a cobrir o tornozelo,208,Dinamarca,26726620,5.943,direct
2011,640391,Calçado de couro a cobrir o tornozelo,380,Itália,12823215,2.852,direct
2011,640391,Calçado de couro a cobrir o tornozelo,372,Irlanda,11969040,2.662,direct
2011,640399,Calçado de couro sem cobrir o tornozelo,251,França,193710760,24.944,direct
2011,640399,Calçado de couro sem cobrir o tornozelo,276,Alemanha,192262720,24.758,direct
2011,640399,Calçado de couro sem cobrir o tornozelo,528,Países Baixos,102552006,13.206,direct
2011,640399,Calçado de couro sem cobrir o tornozelo,724,Espanha,70424493,9.069,direct
2011,640399,Calçado de couro sem cobrir o tornozelo,826,Reino Unido,51084686,6.578,direct
2011,640399,Calçado de couro sem cobrir o tornozelo,208,Dinamarca,30331887,3.906,direct
2011,640399,Calçado de couro sem cobrir o tornozelo,380,Itália,27897198,3.592,direct
2011,640399,Calçado de couro sem cobrir o tornozelo,56,Bélgica,19773455,2.546,direct
2011,721420,Varões de ferro com saliências (betão armado),724,Espanha,224866576,40.455,direct
2011,721420,Varões de ferro com saliências (betão armado),12,Argélia,145439374,26.166,direct
2011,721420,Varões de ferro com saliências (betão armado),24,Angola,51545057,9.273,direct
2011,721420,Varões de ferro com saliências (betão armado),124,Canadá,43337417,7.797,direct
2011,721420,Varões de ferro com saliências (betão armado),826,Reino Unido,21462813,3.861,direct
2011,721420,Varões de ferro com saliências (betão armado),372,Irlanda,17279817,3.109,direct
2011,721420,Varões de ferro com saliências (betão armado),504,Marrocos,10816860,1.946,direct
2011,721420,Varões de ferro com saliências (betão armado),276,Alemanha,6949794,1.25,direct
2011,848071,Moldes para borracha ou plástico,276,Alemanha,108056574,25.816,direct
2011,848071,Moldes para borracha ou plástico,251,França,82860563,19.797,direct
2011,848071,Moldes para borracha ou plástico,724,Espanha,62373745,14.902,direct
2011,848071,Moldes para borracha ou plástico,76,Brasil,18158747,4.338,direct
2011,848071,Moldes para borracha ou plástico,826,Reino Unido,13381415,3.197,direct
2011,848071,Moldes para borracha ou plástico,703,Eslováquia,12542486,2.997,direct
2011,848071,Moldes para borracha ou plástico,484,México,11400759,2.724,direct
2011,848071,Moldes para borracha ou plástico,842,EUA,10867761,2.596,direct
2011,852721,Autorrádios,276,Alemanha,464384570,36.726,direct
2011,852721,Autorrádios,724,Espanha,195390605,15.452,direct
2011,852721,Autorrádios,826,Reino Unido,109201301,8.636,direct
2011,852721,Autorrádios,203,Chéquia,85899329,6.793,direct
2011,852721,Autorrádios,56,Bélgica,85314867,6.747,direct
2011,852721,Autorrádios,251,França,81482077,6.444,direct
2011,852721,Autorrádios,380,Itália,68628030,5.427,direct
2011,852721,Autorrádios,616,Polónia,49926796,3.948,direct
2011,870322,Automóveis a gasolina 1.000–1.500 cm³,276,Alemanha,10887294,33.83,direct
2011,870322,Automóveis a gasolina 1.000–1.500 cm³,724,Espanha,5978541,18.577,direct
2011,870322,Automóveis a gasolina 1.000–1.500 cm³,12,Argélia,4832647,15.016,direct
2011,870322,Automóveis a gasolina 1.000–1.500 cm³,788,Tunisia,3817986,11.863,direct
2011,870322,Automóveis a gasolina 1.000–1.500 cm³,251,França,3019621,9.383,direct
2011,870322,Automóveis a gasolina 1.000–1.500 cm³,792,Turquia,1293970,4.021,direct
2011,870322,Automóveis a gasolina 1.000–1.500 cm³,380,Itália,441382,1.371,direct
2011,870322,Automóveis a gasolina 1.000–1.500 cm³,132,Cabo Verde,378080,1.175,direct
2011,870323,Automóveis a gasolina 1.500–3.000 cm³,276,Alemanha,843356692,62.317,direct
2011,870323,Automóveis a gasolina 1.500–3.000 cm³,826,Reino Unido,170392451,12.591,direct
2011,870323,Automóveis a gasolina 1.500–3.000 cm³,251,França,93709693,6.924,direct
2011,870323,Automóveis a gasolina 1.500–3.000 cm³,156,China,82516713,6.097,direct
2011,870323,Automóveis a gasolina 1.500–3.000 cm³,724,Espanha,61026618,4.509,direct
2011,870323,Automóveis a gasolina 1.500–3.000 cm³,380,Itália,29353456,2.169,direct
2011,870323,Automóveis a gasolina 1.500–3.000 cm³,792,Turquia,23357320,1.726,direct
2011,870323,Automóveis a gasolina 1.500–3.000 cm³,392,Japão,11295130,0.835,direct
2011,870332,Automóveis diesel 1.500–2.500 cm³,276,Alemanha,1250367828,67.031,direct
2011,870332,Automóveis diesel 1.500–2.500 cm³,724,Espanha,153216750,8.214,direct
2011,870332,Automóveis diesel 1.500–2.500 cm³,826,Reino Unido,147714041,7.919,direct
2011,870332,Automóveis diesel 1.500–2.500 cm³,251,França,102462550,5.493,direct
2011,870332,Automóveis diesel 1.500–2.500 cm³,380,Itália,63793703,3.42,direct
2011,870332,Automóveis diesel 1.500–2.500 cm³,40,Áustria,50362004,2.7,direct
2011,870332,Automóveis diesel 1.500–2.500 cm³,504,Marrocos,30843666,1.654,direct
2011,870332,Automóveis diesel 1.500–2.500 cm³,56,Bélgica,24590419,1.318,direct
2011,870421,Camiões diesel até 5 t,251,França,355320456,54.532,direct
2011,870421,Camiões diesel até 5 t,724,Espanha,43520185,6.679,direct
2011,870421,Camiões diesel até 5 t,826,Reino Unido,42350742,6.5,direct
2011,870421,Camiões diesel até 5 t,56,Bélgica,34641485,5.317,direct
2011,870421,Camiões diesel até 5 t,788,Tunisia,29050903,4.459,direct
2011,870421,Camiões diesel até 5 t,152,Chile,26973638,4.14,direct
2011,870421,Camiões diesel até 5 t,276,Alemanha,19735312,3.029,direct
2011,870421,Camiões diesel até 5 t,380,Itália,18288287,2.807,direct
2011,870892,Silenciadores e tubos de escape,251,França,219986459,49.113,direct
2011,870892,Silenciadores e tubos de escape,724,Espanha,183972799,41.073,direct
2011,870892,Silenciadores e tubos de escape,826,Reino Unido,21191278,4.731,direct
2011,870892,Silenciadores e tubos de escape,203,Chéquia,9065422,2.024,direct
2011,870892,Silenciadores e tubos de escape,276,Alemanha,5946986,1.328,direct
2011,870892,Silenciadores e tubos de escape,380,Itália,2116939,0.473,direct
2011,870892,Silenciadores e tubos de escape,528,Países Baixos,1888377,0.422,direct
2011,870892,Silenciadores e tubos de escape,410,Coreia do Sul,749181,0.167,direct
2011,870899,Outras partes de veículos,724,Espanha,319237759,32.778,direct
2011,870899,Outras partes de veículos,276,Alemanha,221209186,22.713,direct
2011,870899,Outras partes de veículos,251,França,162442613,16.679,direct
2011,870899,Outras partes de veículos,826,Reino Unido,89279827,9.167,direct
2011,870899,Outras partes de veículos,24,Angola,29246844,3.003,direct
2011,870899,Outras partes de veículos,616,Polónia,24631948,2.529,direct
2011,870899,Outras partes de veículos,203,Chéquia,20114851,2.065,direct
2011,870899,Outras partes de veículos,703,Eslováquia,14252132,1.463,direct
2011,902920,Contadores e tacómetros,203,Chéquia,13981024,39.35,direct
2011,902920,Contadores e tacómetros,251,França,12020460,33.832,direct
2011,902920,Contadores e tacómetros,724,Espanha,8764783,24.669,direct
2011,902920,Contadores e tacómetros,276,Alemanha,362525,1.02,direct
2011,902920,Contadores e tacómetros,826,Reino Unido,93482,0.263,direct
2011,902920,Contadores e tacómetros,528,Países Baixos,79292,0.223,direct
2011,902920,Contadores e tacómetros,764,Tailândia,51059,0.144,direct
2011,902920,Contadores e tacómetros,56,Bélgica,47020,0.132,direct
2011,940190,Assentos e partes,724,Espanha,199442113,39.341,direct
2011,940190,Assentos e partes,251,França,149566496,29.503,direct
2011,940190,Assentos e partes,276,Alemanha,56421220,11.13,direct
2011,940190,Assentos e partes,752,Suécia,45494938,8.974,direct
2011,940190,Assentos e partes,528,Países Baixos,24420455,4.817,direct
2011,940190,Assentos e partes,203,Chéquia,12513860,2.468,direct
2011,940190,Assentos e partes,710,África do Sul,4129799,0.815,direct
2011,940190,Assentos e partes,348,Hungria,4052858,0.799,direct
2011,999999,Mercadorias não especificadas,837,Bunkers,39026503,86.495,direct
2011,999999,Mercadorias não especificadas,440,Lituânia,2010461,4.456,direct
2011,999999,Mercadorias não especificadas,76,Brasil,598169,1.326,direct
2011,999999,Mercadorias não especificadas,568,"Other Europe, nes",587655,1.302,direct
2011,999999,Mercadorias não especificadas,132,Cabo Verde,487275,1.08,direct
2011,999999,Mercadorias não especificadas,392,Japão,389754,0.864,direct
2011,999999,Mercadorias não especificadas,591,Panamá,355237,0.787,direct
2011,999999,Mercadorias não especificadas,262,Djibouti,251099,0.557,direct
2011,220421,Vinho tranquilo até 2 L,251,França,132672657,16.729,mirror
2011,220421,Vinho tranquilo até 2 L,826,Reino Unido,87655193,11.053,mirror
2011,220421,Vinho tranquilo até 2 L,24,Angola,77441032,9.765,mirror
2011,220421,Vinho tranquilo até 2 L,842,EUA,75170436,9.479,mirror
2011,220421,Vinho tranquilo até 2 L,56,Bélgica,58079369,7.323,mirror
2011,220421,Vinho tranquilo até 2 L,124,Canadá,51353039,6.475,mirror
2011,220421,Vinho tranquilo até 2 L,276,Alemanha,45254779,5.706,mirror
2011,220421,Vinho tranquilo até 2 L,528,Países Baixos,40261163,5.077,mirror
2011,240220,Cigarros,724,Espanha,350391636,71.686,mirror
2011,240220,Cigarros,380,Itália,71371866,14.602,mirror
2011,240220,Cigarros,392,Japão,14289239,2.923,mirror
2011,240220,Cigarros,251,França,13668690,2.796,mirror
2011,240220,Cigarros,246,Finlândia,11291179,2.31,mirror
2011,240220,Cigarros,826,Reino Unido,5339281,1.092,mirror
2011,240220,Cigarros,528,Países Baixos,4473030,0.915,mirror
2011,240220,Cigarros,300,Grécia,4194827,0.858,mirror
2011,271019,Gasóleo e combustíveis médios e pesados,724,Espanha,189270325,28.774,mirror
2011,271019,Gasóleo e combustíveis médios e pesados,842,EUA,116819711,17.759,mirror
2011,271019,Gasóleo e combustíveis médios e pesados,528,Países Baixos,66551938,10.118,mirror
2011,271019,Gasóleo e combustíveis médios e pesados,826,Reino Unido,53586195,8.146,mirror
2011,271019,Gasóleo e combustíveis médios e pesados,24,Angola,37176252,5.652,mirror
2011,271019,Gasóleo e combustíveis médios e pesados,76,Brasil,32164085,4.89,mirror
2011,271019,Gasóleo e combustíveis médios e pesados,56,Bélgica,31857656,4.843,mirror
2011,271019,Gasóleo e combustíveis médios e pesados,300,Grécia,26341882,4.005,mirror
2011,300490,Medicamentos,276,Alemanha,122837765,20.661,mirror
2011,300490,Medicamentos,24,Angola,60286645,10.14,mirror
2011,300490,Medicamentos,826,Reino Unido,58071176,9.768,mirror
2011,300490,Medicamentos,724,Espanha,54094003,9.099,mirror
2011,300490,Medicamentos,251,França,34744601,5.844,mirror
2011,300490,Medicamentos,757,Suíça,20973075,3.528,mirror
2011,300490,Medicamentos,56,Bélgica,20338330,3.421,mirror
2011,300490,Medicamentos,842,EUA,16009084,2.693,mirror
2011,401110,Pneus novos,276,Alemanha,348465816,39.038,mirror
2011,401110,Pneus novos,56,Bélgica,81145426,9.091,mirror
2011,401110,Pneus novos,251,França,57448665,6.436,mirror
2011,401110,Pneus novos,842,EUA,50555530,5.664,mirror
2011,401110,Pneus novos,724,Espanha,44785392,5.017,mirror
2011,401110,Pneus novos,40,Áustria,37395200,4.189,mirror
2011,401110,Pneus novos,826,Reino Unido,33193997,3.719,mirror
2011,401110,Pneus novos,380,Itália,30075487,3.369,mirror
2011,450310,Rolhas de cortiça,251,França,138483366,26.857,mirror
2011,450310,Rolhas de cortiça,842,EUA,128788727,24.977,mirror
2011,450310,Rolhas de cortiça,724,Espanha,43479658,8.432,mirror
2011,450310,Rolhas de cortiça,380,Itália,40279138,7.812,mirror
2011,450310,Rolhas de cortiça,152,Chile,22735071,4.409,mirror
2011,450310,Rolhas de cortiça,276,Alemanha,18301522,3.549,mirror
2011,450310,Rolhas de cortiça,484,México,16945723,3.286,mirror
2011,450310,Rolhas de cortiça,826,Reino Unido,15410558,2.989,mirror
2011,450410,Cortiça aglomerada,251,França,65899470,17.071,mirror
2011,450410,Cortiça aglomerada,276,Alemanha,58700949,15.206,mirror
2011,450410,Cortiça aglomerada,643,Rússia,46754681,12.111,mirror
2011,450410,Cortiça aglomerada,380,Itália,39259388,10.17,mirror
2011,450410,Cortiça aglomerada,842,EUA,38310852,9.924,mirror
2011,450410,Cortiça aglomerada,156,China,20594858,5.335,mirror
2011,450410,Cortiça aglomerada,724,Espanha,19064969,4.939,mirror
2011,450410,Cortiça aglomerada,124,Canadá,10337546,2.678,mirror
2011,470329,Pasta de madeira química,276,Alemanha,188077775,27.33,mirror
2011,470329,Pasta de madeira química,724,Espanha,101061997,14.686,mirror
2011,470329,Pasta de madeira química,528,Países Baixos,83805369,12.178,mirror
2011,470329,Pasta de madeira química,251,França,82811554,12.034,mirror
2011,470329,Pasta de madeira química,752,Suécia,67214954,9.767,mirror
2011,470329,Pasta de madeira química,616,Polónia,28340596,4.118,mirror
2011,470329,Pasta de madeira química,40,Áustria,21356499,3.103,mirror
2011,470329,Pasta de madeira química,156,China,19627521,2.852,mirror
2011,480256,Papel para escrita e impressão,842,EUA,166249604,17.959,mirror
2011,480256,Papel para escrita e impressão,251,França,132752551,14.34,mirror
2011,480256,Papel para escrita e impressão,724,Espanha,126021252,13.613,mirror
2011,480256,Papel para escrita e impressão,276,Alemanha,125941305,13.605,mirror
2011,480256,Papel para escrita e impressão,380,Itália,99201605,10.716,mirror
2011,480256,Papel para escrita e impressão,528,Países Baixos,55979259,6.047,mirror
2011,480256,Papel para escrita e impressão,826,Reino Unido,34677975,3.746,mirror
2011,480256,Papel para escrita e impressão,757,Suíça,26712693,2.886,mirror
2011,610910,T-shirts de algodão,724,Espanha,204526862,31.358,mirror
2011,610910,T-shirts de algodão,251,França,97726321,14.983,mirror
2011,610910,T-shirts de algodão,276,Alemanha,78196957,11.989,mirror
2011,610910,T-shirts de algodão,826,Reino Unido,46687074,7.158,mirror
2011,610910,T-shirts de algodão,380,Itália,36623213,5.615,mirror
2011,610910,T-shirts de algodão,56,Bélgica,17794859,2.728,mirror
2011,610910,T-shirts de algodão,528,Países Baixos,17015215,2.609,mirror
2011,610910,T-shirts de algodão,484,México,12666920,1.942,mirror
2011,640391,Calçado de couro a cobrir o tornozelo,276,Alemanha,156718653,23.003,mirror
2011,640391,Calçado de couro a cobrir o tornozelo,528,Países Baixos,154149325,22.626,mirror
2011,640391,Calçado de couro a cobrir o tornozelo,251,França,112812087,16.558,mirror
2011,640391,Calçado de couro a cobrir o tornozelo,826,Reino Unido,50458250,7.406,mirror
2011,640391,Calçado de couro a cobrir o tornozelo,724,Espanha,31687189,4.651,mirror
2011,640391,Calçado de couro a cobrir o tornozelo,208,Dinamarca,24537082,3.602,mirror
2011,640391,Calçado de couro a cobrir o tornozelo,752,Suécia,19838472,2.912,mirror
2011,640391,Calçado de couro a cobrir o tornozelo,643,Rússia,19240070,2.824,mirror
2011,640399,Calçado de couro sem cobrir o tornozelo,251,França,230574348,25.655,mirror
2011,640399,Calçado de couro sem cobrir o tornozelo,276,Alemanha,182847007,20.344,mirror
2011,640399,Calçado de couro sem cobrir o tornozelo,528,Países Baixos,106068786,11.802,mirror
2011,640399,Calçado de couro sem cobrir o tornozelo,724,Espanha,88844922,9.885,mirror
2011,640399,Calçado de couro sem cobrir o tornozelo,826,Reino Unido,50850785,5.658,mirror
2011,640399,Calçado de couro sem cobrir o tornozelo,208,Dinamarca,24814336,2.761,mirror
2011,640399,Calçado de couro sem cobrir o tornozelo,380,Itália,23311305,2.594,mirror
2011,640399,Calçado de couro sem cobrir o tornozelo,643,Rússia,22028679,2.451,mirror
2011,721420,Varões de ferro com saliências (betão armado),724,Espanha,229176132,44.422,mirror
2011,721420,Varões de ferro com saliências (betão armado),12,Argélia,156844936,30.402,mirror
2011,721420,Varões de ferro com saliências (betão armado),24,Angola,51780121,10.037,mirror
2011,721420,Varões de ferro com saliências (betão armado),124,Canadá,34967836,6.778,mirror
2011,721420,Varões de ferro com saliências (betão armado),372,Irlanda,16785897,3.254,mirror
2011,721420,Varões de ferro com saliências (betão armado),826,Reino Unido,14738806,2.857,mirror
2011,721420,Varões de ferro com saliências (betão armado),266,Gabão,2908716,0.564,mirror
2011,721420,Varões de ferro com saliências (betão armado),132,Cabo Verde,2789372,0.541,mirror
2011,848071,Moldes para borracha ou plástico,276,Alemanha,67209080,29.274,mirror
2011,848071,Moldes para borracha ou plástico,251,França,32369381,14.099,mirror
2011,848071,Moldes para borracha ou plástico,724,Espanha,22067328,9.612,mirror
2011,848071,Moldes para borracha ou plástico,76,Brasil,19450200,8.472,mirror
2011,848071,Moldes para borracha ou plástico,484,México,17033070,7.419,mirror
2011,848071,Moldes para borracha ou plástico,842,EUA,12089410,5.266,mirror
2011,848071,Moldes para borracha ou plástico,643,Rússia,10678722,4.651,mirror
2011,848071,Moldes para borracha ou plástico,757,Suíça,5884905,2.563,mirror
2011,852721,Autorrádios,276,Alemanha,285477988,36.944,mirror
2011,852721,Autorrádios,724,Espanha,114960310,14.877,mirror
2011,852721,Autorrádios,56,Bélgica,88132748,11.405,mirror
2011,852721,Autorrádios,792,Turquia,45992176,5.952,mirror
2011,852721,Autorrádios,616,Polónia,45608871,5.902,mirror
2011,852721,Autorrádios,826,Reino Unido,36908988,4.776,mirror
2011,852721,Autorrádios,380,Itália,33474082,4.332,mirror
2011,852721,Autorrádios,251,França,31428599,4.067,mirror
2011,870322,Automóveis a gasolina 1.000–1.500 cm³,392,Japão,116440948,23.864,mirror
2011,870322,Automóveis a gasolina 1.000–1.500 cm³,156,China,85184157,17.458,mirror
2011,870322,Automóveis a gasolina 1.000–1.500 cm³,276,Alemanha,54890522,11.25,mirror
2011,870322,Automóveis a gasolina 1.000–1.500 cm³,376,Israel,42872000,8.787,mirror
2011,870322,Automóveis a gasolina 1.000–1.500 cm³,251,França,26994544,5.532,mirror
2011,870322,Automóveis a gasolina 1.000–1.500 cm³,826,Reino Unido,22631548,4.638,mirror
2011,870322,Automóveis a gasolina 1.000–1.500 cm³,380,Itália,21299216,4.365,mirror
2011,870322,Automóveis a gasolina 1.000–1.500 cm³,792,Turquia,19842892,4.067,mirror
2011,870323,Automóveis a gasolina 1.500–3.000 cm³,842,EUA,237299158,31.072,mirror
2011,870323,Automóveis a gasolina 1.500–3.000 cm³,156,China,203643895,26.665,mirror
2011,870323,Automóveis a gasolina 1.500–3.000 cm³,276,Alemanha,64050827,8.387,mirror
2011,870323,Automóveis a gasolina 1.500–3.000 cm³,40,Áustria,51594851,6.756,mirror
2011,870323,Automóveis a gasolina 1.500–3.000 cm³,826,Reino Unido,51003340,6.678,mirror
2011,870323,Automóveis a gasolina 1.500–3.000 cm³,251,França,38547829,5.048,mirror
2011,870323,Automóveis a gasolina 1.500–3.000 cm³,36,Austrália,28063761,3.675,mirror
2011,870323,Automóveis a gasolina 1.500–3.000 cm³,124,Canadá,27378683,3.585,mirror
2011,870332,Automóveis diesel 1.500–2.500 cm³,826,Reino Unido,275532708,18.622,mirror
2011,870332,Automóveis diesel 1.500–2.500 cm³,251,França,257790183,17.423,mirror
2011,870332,Automóveis diesel 1.500–2.500 cm³,276,Alemanha,247960368,16.758,mirror
2011,870332,Automóveis diesel 1.500–2.500 cm³,40,Áustria,240756924,16.271,mirror
2011,870332,Automóveis diesel 1.500–2.500 cm³,56,Bélgica,149805348,10.124,mirror
2011,870332,Automóveis diesel 1.500–2.500 cm³,380,Itália,110393743,7.461,mirror
2011,870332,Automóveis diesel 1.500–2.500 cm³,724,Espanha,50545766,3.416,mirror
2011,870332,Automóveis diesel 1.500–2.500 cm³,579,Noruega,25299210,1.71,mirror
2011,870421,Camiões diesel até 5 t,251,França,345491757,61.929,mirror
2011,870421,Camiões diesel até 5 t,56,Bélgica,46449561,8.326,mirror
2011,870421,Camiões diesel até 5 t,724,Espanha,42755734,7.664,mirror
2011,870421,Camiões diesel até 5 t,24,Angola,24119408,4.323,mirror
2011,870421,Camiões diesel até 5 t,826,Reino Unido,19976331,3.581,mirror
2011,870421,Camiões diesel até 5 t,380,Itália,19855879,3.559,mirror
2011,870421,Camiões diesel até 5 t,788,Tunisia,15352935,2.752,mirror
2011,870421,Camiões diesel até 5 t,528,Países Baixos,10266565,1.84,mirror
2011,870892,Silenciadores e tubos de escape,251,França,85470620,65.266,mirror
2011,870892,Silenciadores e tubos de escape,724,Espanha,28935039,22.095,mirror
2011,870892,Silenciadores e tubos de escape,826,Reino Unido,3564246,2.722,mirror
2011,870892,Silenciadores e tubos de escape,276,Alemanha,2828914,2.16,mirror
2011,870892,Silenciadores e tubos de escape,380,Itália,2043223,1.56,mirror
2011,870892,Silenciadores e tubos de escape,392,Japão,1908604,1.457,mirror
2011,870892,Silenciadores e tubos de escape,528,Países Baixos,1638002,1.251,mirror
2011,870892,Silenciadores e tubos de escape,348,Hungria,850000,0.649,mirror
2011,870899,Outras partes de veículos,724,Espanha,531462115,57.933,mirror
2011,870899,Outras partes de veículos,251,França,97466857,10.625,mirror
2011,870899,Outras partes de veículos,276,Alemanha,87835695,9.575,mirror
2011,870899,Outras partes de veículos,826,Reino Unido,68345897,7.45,mirror
2011,870899,Outras partes de veículos,752,Suécia,44654174,4.868,mirror
2011,870899,Outras partes de veículos,24,Angola,12204473,1.33,mirror
2011,870899,Outras partes de veículos,40,Áustria,6696203,0.73,mirror
2011,870899,Outras partes de veículos,380,Itália,5891977,0.642,mirror
2011,902920,Contadores e tacómetros,251,França,14871562,50.703,mirror
2011,902920,Contadores e tacómetros,203,Chéquia,12238939,41.728,mirror
2011,902920,Contadores e tacómetros,276,Alemanha,1153385,3.932,mirror
2011,902920,Contadores e tacómetros,724,Espanha,408510,1.393,mirror
2011,902920,Contadores e tacómetros,616,Polónia,341277,1.164,mirror
2011,902920,Contadores e tacómetros,792,Turquia,126803,0.432,mirror
2011,902920,Contadores e tacómetros,24,Angola,83795,0.286,mirror
2011,902920,Contadores e tacómetros,56,Bélgica,32865,0.112,mirror
2011,940190,Assentos e partes,724,Espanha,190786567,37.422,mirror
2011,940190,Assentos e partes,251,França,157074608,30.809,mirror
2011,940190,Assentos e partes,276,Alemanha,102901954,20.184,mirror
2011,940190,Assentos e partes,528,Países Baixos,25530634,5.008,mirror
2011,940190,Assentos e partes,710,África do Sul,9261752,1.817,mirror
2011,940190,Assentos e partes,203,Chéquia,4576872,0.898,mirror
2011,940190,Assentos e partes,348,Hungria,3163000,0.62,mirror
2011,940190,Assentos e partes,752,Suécia,2913455,0.571,mirror
2011,999999,Mercadorias não especificadas,276,Alemanha,417834592,47.019,mirror
2011,999999,Mercadorias não especificadas,842,EUA,105797515,11.905,mirror
2011,999999,Mercadorias não especificadas,699,Índia,58334497,6.564,mirror
2011,999999,Mercadorias não especificadas,380,Itália,56095588,6.312,mirror
2011,999999,Mercadorias não especificadas,752,Suécia,47064171,5.296,mirror
2011,999999,Mercadorias não especificadas,484,México,29403404,3.309,mirror
2011,999999,Mercadorias não especificadas,724,Espanha,28444114,3.201,mirror
2011,999999,Mercadorias não especificadas,246,Finlândia,22945957,2.582,mirror
2012,220421,Vinho tranquilo até 2 L,251,França,125129939,15.823,direct
2012,220421,Vinho tranquilo até 2 L,826,Reino Unido,90646870,11.463,direct
2012,220421,Vinho tranquilo até 2 L,24,Angola,73748845,9.326,direct
2012,220421,Vinho tranquilo até 2 L,842,EUA,64786613,8.193,direct
2012,220421,Vinho tranquilo até 2 L,528,Países Baixos,63623562,8.046,direct
2012,220421,Vinho tranquilo até 2 L,56,Bélgica,59480119,7.522,direct
2012,220421,Vinho tranquilo até 2 L,124,Canadá,46879733,5.928,direct
2012,220421,Vinho tranquilo até 2 L,276,Alemanha,41216581,5.212,direct
2012,240220,Cigarros,724,Espanha,287751264,70.554,direct
2012,240220,Cigarros,380,Itália,78264668,19.19,direct
2012,240220,Cigarros,251,França,13680166,3.354,direct
2012,240220,Cigarros,528,Países Baixos,5106206,1.252,direct
2012,240220,Cigarros,899,"Areas, nes",4641636,1.138,direct
2012,240220,Cigarros,246,Finlândia,4307279,1.056,direct
2012,240220,Cigarros,56,Bélgica,3055476,0.749,direct
2012,240220,Cigarros,826,Reino Unido,1998928,0.49,direct
2012,271012,Gasolinas e destilados leves,842,EUA,799739136,58.079,direct
2012,271012,Gasolinas e destilados leves,528,Países Baixos,281735274,20.46,direct
2012,271012,Gasolinas e destilados leves,566,Nigéria,72778062,5.285,direct
2012,271012,Gasolinas e destilados leves,251,França,32868584,2.387,direct
2012,271012,Gasolinas e destilados leves,826,Reino Unido,31592646,2.294,direct
2012,271012,Gasolinas e destilados leves,682,Arábia Saudita,30611118,2.223,direct
2012,271012,Gasolinas e destilados leves,292,Gibraltar,30306217,2.201,direct
2012,271012,Gasolinas e destilados leves,768,Togo,29412266,2.136,direct
2012,271019,Gasóleo e combustíveis médios e pesados,837,Bunkers,1433554247,48.381,direct
2012,271019,Gasóleo e combustíveis médios e pesados,292,Gibraltar,370251432,12.496,direct
2012,271019,Gasóleo e combustíveis médios e pesados,724,Espanha,294810016,9.95,direct
2012,271019,Gasóleo e combustíveis médios e pesados,528,Países Baixos,128878133,4.35,direct
2012,271019,Gasóleo e combustíveis médios e pesados,899,"Areas, nes",127055335,4.288,direct
2012,271019,Gasóleo e combustíveis médios e pesados,300,Grécia,119610761,4.037,direct
2012,271019,Gasóleo e combustíveis médios e pesados,842,EUA,86779737,2.929,direct
2012,271019,Gasóleo e combustíveis médios e pesados,826,Reino Unido,75971847,2.564,direct
2012,300490,Medicamentos,276,Alemanha,176506434,25.035,direct
2012,300490,Medicamentos,826,Reino Unido,84524674,11.989,direct
2012,300490,Medicamentos,24,Angola,84208883,11.944,direct
2012,300490,Medicamentos,251,França,57546815,8.162,direct
2012,300490,Medicamentos,842,EUA,48056981,6.816,direct
2012,300490,Medicamentos,56,Bélgica,39520359,5.605,direct
2012,300490,Medicamentos,724,Espanha,33052816,4.688,direct
2012,300490,Medicamentos,528,Países Baixos,22209611,3.15,direct
2012,401110,Pneus novos,276,Alemanha,314000891,30.561,direct
2012,401110,Pneus novos,826,Reino Unido,126766749,12.338,direct
2012,401110,Pneus novos,724,Espanha,83350065,8.112,direct
2012,401110,Pneus novos,56,Bélgica,75261773,7.325,direct
2012,401110,Pneus novos,528,Países Baixos,57246926,5.572,direct
2012,401110,Pneus novos,251,França,46127355,4.489,direct
2012,401110,Pneus novos,842,EUA,44645266,4.345,direct
2012,401110,Pneus novos,203,Chéquia,41533116,4.042,direct
2012,450310,Rolhas de cortiça,251,França,123592797,27.262,direct
2012,450310,Rolhas de cortiça,842,EUA,94849004,20.922,direct
2012,450310,Rolhas de cortiça,724,Espanha,51062856,11.264,direct
2012,450310,Rolhas de cortiça,380,Itália,38846785,8.569,direct
2012,450310,Rolhas de cortiça,276,Alemanha,19728689,4.352,direct
2012,450310,Rolhas de cortiça,484,México,18437846,4.067,direct
2012,450310,Rolhas de cortiça,152,Chile,18305139,4.038,direct
2012,450310,Rolhas de cortiça,32,Argentina,15546144,3.429,direct
2012,450410,Cortiça aglomerada,842,EUA,79952944,16.062,direct
2012,450410,Cortiça aglomerada,251,França,76204142,15.309,direct
2012,450410,Cortiça aglomerada,276,Alemanha,72070773,14.478,direct
2012,450410,Cortiça aglomerada,380,Itália,51462930,10.338,direct
2012,450410,Cortiça aglomerada,643,Rússia,49727838,9.99,direct
2012,450410,Cortiça aglomerada,724,Espanha,26176180,5.258,direct
2012,450410,Cortiça aglomerada,156,China,12302522,2.471,direct
2012,450410,Cortiça aglomerada,36,Austrália,10094402,2.028,direct
2012,470329,Pasta de madeira química,724,Espanha,157749321,29.682,direct
2012,470329,Pasta de madeira química,276,Alemanha,106865707,20.107,direct
2012,470329,Pasta de madeira química,528,Países Baixos,79986449,15.05,direct
2012,470329,Pasta de madeira química,752,Suécia,35281482,6.638,direct
2012,470329,Pasta de madeira química,616,Polónia,33947501,6.387,direct
2012,470329,Pasta de madeira química,251,França,33921164,6.382,direct
2012,470329,Pasta de madeira química,380,Itália,31107266,5.853,direct
2012,470329,Pasta de madeira química,826,Reino Unido,17384625,3.271,direct
2012,480256,Papel para escrita e impressão,251,França,119154777,14.888,direct
2012,480256,Papel para escrita e impressão,724,Espanha,93916743,11.735,direct
2012,480256,Papel para escrita e impressão,276,Alemanha,92974771,11.617,direct
2012,480256,Papel para escrita e impressão,842,EUA,92210792,11.521,direct
2012,480256,Papel para escrita e impressão,380,Itália,80966309,10.116,direct
2012,480256,Papel para escrita e impressão,826,Reino Unido,55856411,6.979,direct
2012,480256,Papel para escrita e impressão,528,Países Baixos,30214757,3.775,direct
2012,480256,Papel para escrita e impressão,56,Bélgica,28685584,3.584,direct
2012,610910,T-shirts de algodão,724,Espanha,238670405,38.74,direct
2012,610910,T-shirts de algodão,251,França,106968169,17.363,direct
2012,610910,T-shirts de algodão,826,Reino Unido,64781532,10.515,direct
2012,610910,T-shirts de algodão,276,Alemanha,59797361,9.706,direct
2012,610910,T-shirts de algodão,380,Itália,34349926,5.576,direct
2012,610910,T-shirts de algodão,528,Países Baixos,23388640,3.796,direct
2012,610910,T-shirts de algodão,56,Bélgica,16210337,2.631,direct
2012,610910,T-shirts de algodão,752,Suécia,9439565,1.532,direct
2012,640391,Calçado de couro a cobrir o tornozelo,251,França,104927508,23.965,direct
2012,640391,Calçado de couro a cobrir o tornozelo,276,Alemanha,94751161,21.641,direct
2012,640391,Calçado de couro a cobrir o tornozelo,528,Países Baixos,70400056,16.079,direct
2012,640391,Calçado de couro a cobrir o tornozelo,724,Espanha,35504627,8.109,direct
2012,640391,Calçado de couro a cobrir o tornozelo,208,Dinamarca,22989843,5.251,direct
2012,640391,Calçado de couro a cobrir o tornozelo,826,Reino Unido,21300609,4.865,direct
2012,640391,Calçado de couro a cobrir o tornozelo,380,Itália,14780614,3.376,direct
2012,640391,Calçado de couro a cobrir o tornozelo,643,Rússia,13263315,3.029,direct
2012,640399,Calçado de couro sem cobrir o tornozelo,251,França,195445783,24.592,direct
2012,640399,Calçado de couro sem cobrir o tornozelo,276,Alemanha,189680621,23.867,direct
2012,640399,Calçado de couro sem cobrir o tornozelo,528,Países Baixos,88521161,11.138,direct
2012,640399,Calçado de couro sem cobrir o tornozelo,724,Espanha,69135551,8.699,direct
2012,640399,Calçado de couro sem cobrir o tornozelo,208,Dinamarca,58130001,7.314,direct
2012,640399,Calçado de couro sem cobrir o tornozelo,826,Reino Unido,50729034,6.383,direct
2012,640399,Calçado de couro sem cobrir o tornozelo,56,Bélgica,22142916,2.786,direct
2012,640399,Calçado de couro sem cobrir o tornozelo,380,Itália,19295424,2.428,direct
2012,721420,Varões de ferro com saliências (betão armado),12,Argélia,164573925,28.525,direct
2012,721420,Varões de ferro com saliências (betão armado),724,Espanha,139637318,24.203,direct
2012,721420,Varões de ferro com saliências (betão armado),24,Angola,83542194,14.48,direct
2012,721420,Varões de ferro com saliências (betão armado),76,Brasil,32888220,5.7,direct
2012,721420,Varões de ferro com saliências (betão armado),826,Reino Unido,30794682,5.338,direct
2012,721420,Varões de ferro com saliências (betão armado),372,Irlanda,29114487,5.046,direct
2012,721420,Varões de ferro com saliências (betão armado),504,Marrocos,23835957,4.131,direct
2012,721420,Varões de ferro com saliências (betão armado),124,Canadá,20843383,3.613,direct
2012,848071,Moldes para borracha ou plástico,276,Alemanha,110693428,20.892,direct
2012,848071,Moldes para borracha ou plástico,251,França,102167397,19.283,direct
2012,848071,Moldes para borracha ou plástico,724,Espanha,93370452,17.622,direct
2012,848071,Moldes para borracha ou plástico,203,Chéquia,27298549,5.152,direct
2012,848071,Moldes para borracha ou plástico,76,Brasil,25834136,4.876,direct
2012,848071,Moldes para borracha ou plástico,826,Reino Unido,20955450,3.955,direct
2012,848071,Moldes para borracha ou plástico,616,Polónia,17990804,3.396,direct
2012,848071,Moldes para borracha ou plástico,842,EUA,10952943,2.067,direct
2012,852721,Autorrádios,276,Alemanha,364531620,36.907,direct
2012,852721,Autorrádios,724,Espanha,139392315,14.113,direct
2012,852721,Autorrádios,826,Reino Unido,100918842,10.218,direct
2012,852721,Autorrádios,203,Chéquia,72776950,7.368,direct
2012,852721,Autorrádios,56,Bélgica,67321607,6.816,direct
2012,852721,Autorrádios,380,Itália,47569314,4.816,direct
2012,852721,Autorrádios,251,França,36467728,3.692,direct
2012,852721,Autorrádios,484,México,36440287,3.689,direct
2012,870322,Automóveis a gasolina 1.000–1.500 cm³,276,Alemanha,13651553,33.825,direct
2012,870322,Automóveis a gasolina 1.000–1.500 cm³,380,Itália,9602561,23.793,direct
2012,870322,Automóveis a gasolina 1.000–1.500 cm³,24,Angola,5962063,14.773,direct
2012,870322,Automóveis a gasolina 1.000–1.500 cm³,724,Espanha,4091672,10.138,direct
2012,870322,Automóveis a gasolina 1.000–1.500 cm³,56,Bélgica,3335082,8.264,direct
2012,870322,Automóveis a gasolina 1.000–1.500 cm³,251,França,1138091,2.82,direct
2012,870322,Automóveis a gasolina 1.000–1.500 cm³,348,Hungria,809286,2.005,direct
2012,870322,Automóveis a gasolina 1.000–1.500 cm³,528,Países Baixos,557203,1.381,direct
2012,870323,Automóveis a gasolina 1.500–3.000 cm³,156,China,522283108,41.97,direct
2012,870323,Automóveis a gasolina 1.500–3.000 cm³,276,Alemanha,411430695,33.062,direct
2012,870323,Automóveis a gasolina 1.500–3.000 cm³,826,Reino Unido,110857104,8.908,direct
2012,870323,Automóveis a gasolina 1.500–3.000 cm³,251,França,52133028,4.189,direct
2012,870323,Automóveis a gasolina 1.500–3.000 cm³,724,Espanha,32883301,2.642,direct
2012,870323,Automóveis a gasolina 1.500–3.000 cm³,56,Bélgica,30009679,2.412,direct
2012,870323,Automóveis a gasolina 1.500–3.000 cm³,380,Itália,19199582,1.543,direct
2012,870323,Automóveis a gasolina 1.500–3.000 cm³,792,Turquia,19041841,1.53,direct
2012,870332,Automóveis diesel 1.500–2.500 cm³,276,Alemanha,1007433885,73.592,direct
2012,870332,Automóveis diesel 1.500–2.500 cm³,826,Reino Unido,87202874,6.37,direct
2012,870332,Automóveis diesel 1.500–2.500 cm³,251,França,76877291,5.616,direct
2012,870332,Automóveis diesel 1.500–2.500 cm³,40,Áustria,60790848,4.441,direct
2012,870332,Automóveis diesel 1.500–2.500 cm³,724,Espanha,50348612,3.678,direct
2012,870332,Automóveis diesel 1.500–2.500 cm³,56,Bélgica,39054585,2.853,direct
2012,870332,Automóveis diesel 1.500–2.500 cm³,380,Itália,25197393,1.841,direct
2012,870332,Automóveis diesel 1.500–2.500 cm³,442,Luxemburgo,6356318,0.464,direct
2012,870421,Camiões diesel até 5 t,251,França,450918255,60.481,direct
2012,870421,Camiões diesel até 5 t,56,Bélgica,44099317,5.915,direct
2012,870421,Camiões diesel até 5 t,276,Alemanha,40026622,5.369,direct
2012,870421,Camiões diesel até 5 t,724,Espanha,35611129,4.776,direct
2012,870421,Camiões diesel até 5 t,826,Reino Unido,33277307,4.463,direct
2012,870421,Camiões diesel até 5 t,528,Países Baixos,27595692,3.701,direct
2012,870421,Camiões diesel até 5 t,380,Itália,23509577,3.153,direct
2012,870421,Camiões diesel até 5 t,752,Suécia,14736279,1.977,direct
2012,870892,Silenciadores e tubos de escape,251,França,154446158,48.671,direct
2012,870892,Silenciadores e tubos de escape,724,Espanha,118566215,37.364,direct
2012,870892,Silenciadores e tubos de escape,826,Reino Unido,16792674,5.292,direct
2012,870892,Silenciadores e tubos de escape,203,Chéquia,11390000,3.589,direct
2012,870892,Silenciadores e tubos de escape,276,Alemanha,4929783,1.554,direct
2012,870892,Silenciadores e tubos de escape,642,Roménia,4634783,1.461,direct
2012,870892,Silenciadores e tubos de escape,380,Itália,1796853,0.566,direct
2012,870892,Silenciadores e tubos de escape,528,Países Baixos,1469848,0.463,direct
2012,870899,Outras partes de veículos,724,Espanha,264378912,34.712,direct
2012,870899,Outras partes de veículos,276,Alemanha,158446415,20.803,direct
2012,870899,Outras partes de veículos,251,França,122394807,16.07,direct
2012,870899,Outras partes de veículos,826,Reino Unido,60769524,7.979,direct
2012,870899,Outras partes de veículos,24,Angola,28965260,3.803,direct
2012,870899,Outras partes de veículos,203,Chéquia,17547572,2.304,direct
2012,870899,Outras partes de veículos,616,Polónia,13810009,1.813,direct
2012,870899,Outras partes de veículos,703,Eslováquia,13096802,1.72,direct
2012,902920,Contadores e tacómetros,251,França,7835537,26.63,direct
2012,902920,Contadores e tacómetros,203,Chéquia,7807923,26.536,direct
2012,902920,Contadores e tacómetros,724,Espanha,7644858,25.982,direct
2012,902920,Contadores e tacómetros,826,Reino Unido,1586969,5.393,direct
2012,902920,Contadores e tacómetros,348,Hungria,1232406,4.188,direct
2012,902920,Contadores e tacómetros,276,Alemanha,759920,2.583,direct
2012,902920,Contadores e tacómetros,642,Roménia,738309,2.509,direct
2012,902920,Contadores e tacómetros,56,Bélgica,621168,2.111,direct
2012,940190,Assentos e partes,724,Espanha,143626688,34.948,direct
2012,940190,Assentos e partes,251,França,104575874,25.446,direct
2012,940190,Assentos e partes,276,Alemanha,71107086,17.302,direct
2012,940190,Assentos e partes,752,Suécia,42235242,10.277,direct
2012,940190,Assentos e partes,528,Países Baixos,22335054,5.435,direct
2012,940190,Assentos e partes,203,Chéquia,9913405,2.412,direct
2012,940190,Assentos e partes,56,Bélgica,3479661,0.847,direct
2012,940190,Assentos e partes,348,Hungria,2956527,0.719,direct
2012,999999,Mercadorias não especificadas,837,Bunkers,31671696,94.323,direct
2012,999999,Mercadorias não especificadas,440,Lituânia,793776,2.364,direct
2012,999999,Mercadorias não especificadas,132,Cabo Verde,198885,0.592,direct
2012,999999,Mercadorias não especificadas,76,Brasil,164902,0.491,direct
2012,999999,Mercadorias não especificadas,702,Singapura,114288,0.34,direct
2012,999999,Mercadorias não especificadas,842,EUA,96413,0.287,direct
2012,999999,Mercadorias não especificadas,24,Angola,86274,0.257,direct
2012,999999,Mercadorias não especificadas,690,Seychelles,84946,0.253,direct
2012,220421,Vinho tranquilo até 2 L,251,França,125180683,15.618,mirror
2012,220421,Vinho tranquilo até 2 L,24,Angola,101883067,12.711,mirror
2012,220421,Vinho tranquilo até 2 L,826,Reino Unido,96048742,11.984,mirror
2012,220421,Vinho tranquilo até 2 L,842,EUA,75874256,9.466,mirror
2012,220421,Vinho tranquilo até 2 L,56,Bélgica,53750537,6.706,mirror
2012,220421,Vinho tranquilo até 2 L,124,Canadá,48416820,6.041,mirror
2012,220421,Vinho tranquilo até 2 L,276,Alemanha,42287175,5.276,mirror
2012,220421,Vinho tranquilo até 2 L,76,Brasil,37367051,4.662,mirror
2012,240220,Cigarros,724,Espanha,366140502,75.187,mirror
2012,240220,Cigarros,380,Itália,78391109,16.098,mirror
2012,240220,Cigarros,251,França,13660517,2.805,mirror
2012,240220,Cigarros,24,Angola,5064507,1.04,mirror
2012,240220,Cigarros,528,Países Baixos,4708122,0.967,mirror
2012,240220,Cigarros,246,Finlândia,4189656,0.86,mirror
2012,240220,Cigarros,392,Japão,3867214,0.794,mirror
2012,240220,Cigarros,826,Reino Unido,2927760,0.601,mirror
2012,271012,Gasolinas e destilados leves,842,EUA,671267501,61.537,mirror
2012,271012,Gasolinas e destilados leves,528,Países Baixos,195134691,17.889,mirror
2012,271012,Gasolinas e destilados leves,251,França,72253467,6.624,mirror
2012,271012,Gasolinas e destilados leves,76,Brasil,34138659,3.13,mirror
2012,271012,Gasolinas e destilados leves,56,Bélgica,30955193,2.838,mirror
2012,271012,Gasolinas e destilados leves,826,Reino Unido,25365544,2.325,mirror
2012,271012,Gasolinas e destilados leves,752,Suécia,16580111,1.52,mirror
2012,271012,Gasolinas e destilados leves,792,Turquia,15626384,1.433,mirror
2012,271019,Gasóleo e combustíveis médios e pesados,724,Espanha,261801061,26.912,mirror
2012,271019,Gasóleo e combustíveis médios e pesados,300,Grécia,136688602,14.051,mirror
2012,271019,Gasóleo e combustíveis médios e pesados,842,EUA,113884412,11.707,mirror
2012,271019,Gasóleo e combustíveis médios e pesados,528,Países Baixos,113062051,11.622,mirror
2012,271019,Gasóleo e combustíveis médios e pesados,826,Reino Unido,76102079,7.823,mirror
2012,271019,Gasóleo e combustíveis médios e pesados,792,Turquia,66744270,6.861,mirror
2012,271019,Gasóleo e combustíveis médios e pesados,504,Marrocos,60010287,6.169,mirror
2012,271019,Gasóleo e combustíveis médios e pesados,24,Angola,31879725,3.277,mirror
2012,300490,Medicamentos,276,Alemanha,113736070,17.334,mirror
2012,300490,Medicamentos,24,Angola,79658953,12.14,mirror
2012,300490,Medicamentos,826,Reino Unido,62717069,9.558,mirror
2012,300490,Medicamentos,643,Rússia,47378289,7.221,mirror
2012,300490,Medicamentos,724,Espanha,42381414,6.459,mirror
2012,300490,Medicamentos,251,França,36903955,5.624,mirror
2012,300490,Medicamentos,682,Arábia Saudita,26466166,4.034,mirror
2012,300490,Medicamentos,56,Bélgica,25120665,3.828,mirror
2012,401110,Pneus novos,276,Alemanha,376605768,40.832,mirror
2012,401110,Pneus novos,56,Bélgica,73886467,8.011,mirror
2012,401110,Pneus novos,251,França,56636887,6.141,mirror
2012,401110,Pneus novos,724,Espanha,52188537,5.658,mirror
2012,401110,Pneus novos,842,EUA,47404949,5.14,mirror
2012,401110,Pneus novos,616,Polónia,31666558,3.433,mirror
2012,401110,Pneus novos,40,Áustria,31167107,3.379,mirror
2012,401110,Pneus novos,826,Reino Unido,29152972,3.161,mirror
2012,450310,Rolhas de cortiça,842,EUA,134489670,26.84,mirror
2012,450310,Rolhas de cortiça,251,França,123639017,24.674,mirror
2012,450310,Rolhas de cortiça,380,Itália,45831139,9.146,mirror
2012,450310,Rolhas de cortiça,724,Espanha,35923425,7.169,mirror
2012,450310,Rolhas de cortiça,484,México,20805564,4.152,mirror
2012,450310,Rolhas de cortiça,152,Chile,19582927,3.908,mirror
2012,450310,Rolhas de cortiça,276,Alemanha,17591403,3.511,mirror
2012,450310,Rolhas de cortiça,826,Reino Unido,16004799,3.194,mirror
2012,450410,Cortiça aglomerada,251,França,62756779,16.309,mirror
2012,450410,Cortiça aglomerada,276,Alemanha,53993760,14.032,mirror
2012,450410,Cortiça aglomerada,643,Rússia,51710635,13.439,mirror
2012,450410,Cortiça aglomerada,842,EUA,50677376,13.17,mirror
2012,450410,Cortiça aglomerada,380,Itália,38454690,9.994,mirror
2012,450410,Cortiça aglomerada,156,China,18638247,4.844,mirror
2012,450410,Cortiça aglomerada,724,Espanha,15431207,4.01,mirror
2012,450410,Cortiça aglomerada,804,Ucrânia,12193234,3.169,mirror
2012,470329,Pasta de madeira química,276,Alemanha,172394843,25.509,mirror
2012,470329,Pasta de madeira química,724,Espanha,112953925,16.714,mirror
2012,470329,Pasta de madeira química,528,Países Baixos,105812500,15.657,mirror
2012,470329,Pasta de madeira química,752,Suécia,80760761,11.95,mirror
2012,470329,Pasta de madeira química,251,França,67617236,10.005,mirror
2012,470329,Pasta de madeira química,616,Polónia,31958222,4.729,mirror
2012,470329,Pasta de madeira química,40,Áustria,21762902,3.22,mirror
2012,470329,Pasta de madeira química,826,Reino Unido,17340006,2.566,mirror
2012,480256,Papel para escrita e impressão,842,EUA,156283019,19.356,mirror
2012,480256,Papel para escrita e impressão,251,França,123554599,15.302,mirror
2012,480256,Papel para escrita e impressão,276,Alemanha,110854630,13.729,mirror
2012,480256,Papel para escrita e impressão,380,Itália,83249437,10.31,mirror
2012,480256,Papel para escrita e impressão,724,Espanha,68899171,8.533,mirror
2012,480256,Papel para escrita e impressão,826,Reino Unido,32379037,4.01,mirror
2012,480256,Papel para escrita e impressão,528,Países Baixos,28189492,3.491,mirror
2012,480256,Papel para escrita e impressão,56,Bélgica,26408054,3.271,mirror
2012,610910,T-shirts de algodão,724,Espanha,180680206,30.223,mirror
2012,610910,T-shirts de algodão,251,França,90817733,15.191,mirror
2012,610910,T-shirts de algodão,276,Alemanha,59495244,9.952,mirror
2012,610910,T-shirts de algodão,826,Reino Unido,41052573,6.867,mirror
2012,610910,T-shirts de algodão,380,Itália,28539478,4.774,mirror
2012,610910,T-shirts de algodão,156,China,16077142,2.689,mirror
2012,610910,T-shirts de algodão,56,Bélgica,14075014,2.354,mirror
2012,610910,T-shirts de algodão,784,Emirados Árabes Unidos,12059300,2.017,mirror
2012,640391,Calçado de couro a cobrir o tornozelo,276,Alemanha,134356504,21.094,mirror
2012,640391,Calçado de couro a cobrir o tornozelo,251,França,129076327,20.265,mirror
2012,640391,Calçado de couro a cobrir o tornozelo,528,Países Baixos,123561058,19.399,mirror
2012,640391,Calçado de couro a cobrir o tornozelo,826,Reino Unido,35850463,5.628,mirror
2012,640391,Calçado de couro a cobrir o tornozelo,724,Espanha,30022015,4.713,mirror
2012,640391,Calçado de couro a cobrir o tornozelo,643,Rússia,24197136,3.799,mirror
2012,640391,Calçado de couro a cobrir o tornozelo,208,Dinamarca,16239607,2.55,mirror
2012,640391,Calçado de couro a cobrir o tornozelo,842,EUA,16118268,2.531,mirror
2012,640399,Calçado de couro sem cobrir o tornozelo,251,França,226036501,24.566,mirror
2012,640399,Calçado de couro sem cobrir o tornozelo,276,Alemanha,184278229,20.027,mirror
2012,640399,Calçado de couro sem cobrir o tornozelo,528,Países Baixos,83568334,9.082,mirror
2012,640399,Calçado de couro sem cobrir o tornozelo,724,Espanha,71263035,7.745,mirror
2012,640399,Calçado de couro sem cobrir o tornozelo,208,Dinamarca,53010536,5.761,mirror
2012,640399,Calçado de couro sem cobrir o tornozelo,826,Reino Unido,43253446,4.701,mirror
2012,640399,Calçado de couro sem cobrir o tornozelo,842,EUA,25155940,2.734,mirror
2012,640399,Calçado de couro sem cobrir o tornozelo,643,Rússia,24424599,2.654,mirror
2012,721420,Varões de ferro com saliências (betão armado),12,Argélia,162078177,26.986,mirror
2012,721420,Varões de ferro com saliências (betão armado),24,Angola,159877772,26.62,mirror
2012,721420,Varões de ferro com saliências (betão armado),724,Espanha,147611234,24.577,mirror
2012,721420,Varões de ferro com saliências (betão armado),76,Brasil,31824099,5.299,mirror
2012,721420,Varões de ferro com saliências (betão armado),504,Marrocos,24212101,4.031,mirror
2012,721420,Varões de ferro com saliências (betão armado),826,Reino Unido,20282229,3.377,mirror
2012,721420,Varões de ferro com saliências (betão armado),124,Canadá,17358996,2.89,mirror
2012,721420,Varões de ferro com saliências (betão armado),372,Irlanda,15883147,2.645,mirror
2012,848071,Moldes para borracha ou plástico,276,Alemanha,60712480,21.888,mirror
2012,848071,Moldes para borracha ou plástico,251,França,36354296,13.107,mirror
2012,848071,Moldes para borracha ou plástico,76,Brasil,29615084,10.677,mirror
2012,848071,Moldes para borracha ou plástico,724,Espanha,25499261,9.193,mirror
2012,848071,Moldes para borracha ou plástico,643,Rússia,18622337,6.714,mirror
2012,848071,Moldes para borracha ou plástico,484,México,15053506,5.427,mirror
2012,848071,Moldes para borracha ou plástico,842,EUA,13324256,4.804,mirror
2012,848071,Moldes para borracha ou plástico,203,Chéquia,12620820,4.55,mirror
2012,852721,Autorrádios,276,Alemanha,243863083,39.287,mirror
2012,852721,Autorrádios,724,Espanha,94179974,15.173,mirror
2012,852721,Autorrádios,56,Bélgica,70372232,11.337,mirror
2012,852721,Autorrádios,616,Polónia,35415472,5.705,mirror
2012,852721,Autorrádios,792,Turquia,33106391,5.333,mirror
2012,852721,Autorrádios,826,Reino Unido,29615811,4.771,mirror
2012,852721,Autorrádios,380,Itália,23090093,3.72,mirror
2012,852721,Autorrádios,643,Rússia,21220945,3.419,mirror
2012,870322,Automóveis a gasolina 1.000–1.500 cm³,156,China,118631498,25.353,mirror
2012,870322,Automóveis a gasolina 1.000–1.500 cm³,392,Japão,108901096,23.273,mirror
2012,870322,Automóveis a gasolina 1.000–1.500 cm³,276,Alemanha,50317889,10.754,mirror
2012,870322,Automóveis a gasolina 1.000–1.500 cm³,757,Suíça,27789316,5.939,mirror
2012,870322,Automóveis a gasolina 1.000–1.500 cm³,792,Turquia,23036648,4.923,mirror
2012,870322,Automóveis a gasolina 1.000–1.500 cm³,376,Israel,17418000,3.722,mirror
2012,870322,Automóveis a gasolina 1.000–1.500 cm³,724,Espanha,16057306,3.432,mirror
2012,870322,Automóveis a gasolina 1.000–1.500 cm³,251,França,13279159,2.838,mirror
2012,870323,Automóveis a gasolina 1.500–3.000 cm³,156,China,495726166,57.619,mirror
2012,870323,Automóveis a gasolina 1.500–3.000 cm³,842,EUA,119474365,13.887,mirror
2012,870323,Automóveis a gasolina 1.500–3.000 cm³,36,Austrália,39177454,4.554,mirror
2012,870323,Automóveis a gasolina 1.500–3.000 cm³,276,Alemanha,33371517,3.879,mirror
2012,870323,Automóveis a gasolina 1.500–3.000 cm³,251,França,27329165,3.177,mirror
2012,870323,Automóveis a gasolina 1.500–3.000 cm³,40,Áustria,27034601,3.142,mirror
2012,870323,Automóveis a gasolina 1.500–3.000 cm³,826,Reino Unido,24725945,2.874,mirror
2012,870323,Automóveis a gasolina 1.500–3.000 cm³,757,Suíça,16480557,1.916,mirror
2012,870332,Automóveis diesel 1.500–2.500 cm³,276,Alemanha,247879863,17.619,mirror
2012,870332,Automóveis diesel 1.500–2.500 cm³,40,Áustria,231022267,16.421,mirror
2012,870332,Automóveis diesel 1.500–2.500 cm³,826,Reino Unido,199481684,14.179,mirror
2012,870332,Automóveis diesel 1.500–2.500 cm³,251,França,168538397,11.979,mirror
2012,870332,Automóveis diesel 1.500–2.500 cm³,56,Bélgica,146058883,10.382,mirror
2012,870332,Automóveis diesel 1.500–2.500 cm³,757,Suíça,141400651,10.051,mirror
2012,870332,Automóveis diesel 1.500–2.500 cm³,724,Espanha,95686758,6.801,mirror
2012,870332,Automóveis diesel 1.500–2.500 cm³,380,Itália,49288321,3.503,mirror
2012,870421,Camiões diesel até 5 t,251,França,409587749,64.657,mirror
2012,870421,Camiões diesel até 5 t,56,Bélgica,43555646,6.876,mirror
2012,870421,Camiões diesel até 5 t,724,Espanha,33924365,5.355,mirror
2012,870421,Camiões diesel até 5 t,276,Alemanha,31271636,4.937,mirror
2012,870421,Camiões diesel até 5 t,380,Itália,23767046,3.752,mirror
2012,870421,Camiões diesel até 5 t,528,Países Baixos,22910523,3.617,mirror
2012,870421,Camiões diesel até 5 t,24,Angola,21614469,3.412,mirror
2012,870421,Camiões diesel até 5 t,40,Áustria,8431744,1.331,mirror
2012,870892,Silenciadores e tubos de escape,251,França,60690880,54.709,mirror
2012,870892,Silenciadores e tubos de escape,724,Espanha,25398809,22.895,mirror
2012,870892,Silenciadores e tubos de escape,826,Reino Unido,5924652,5.341,mirror
2012,870892,Silenciadores e tubos de escape,276,Alemanha,4544126,4.096,mirror
2012,870892,Silenciadores e tubos de escape,392,Japão,4053762,3.654,mirror
2012,870892,Silenciadores e tubos de escape,528,Países Baixos,1710690,1.542,mirror
2012,870892,Silenciadores e tubos de escape,380,Itália,1693296,1.526,mirror
2012,870892,Silenciadores e tubos de escape,348,Hungria,1537129,1.386,mirror
2012,870899,Outras partes de veículos,724,Espanha,438878953,54.966,mirror
2012,870899,Outras partes de veículos,251,França,81810359,10.246,mirror
2012,870899,Outras partes de veículos,276,Alemanha,67689300,8.477,mirror
2012,870899,Outras partes de veículos,752,Suécia,60593459,7.589,mirror
2012,870899,Outras partes de veículos,826,Reino Unido,53060300,6.645,mirror
2012,870899,Outras partes de veículos,24,Angola,15175634,1.901,mirror
2012,870899,Outras partes de veículos,764,Tailândia,10917369,1.367,mirror
2012,870899,Outras partes de veículos,699,Índia,7971095,0.998,mirror
2012,902920,Contadores e tacómetros,203,Chéquia,11813959,75.22,mirror
2012,902920,Contadores e tacómetros,276,Alemanha,1699477,10.821,mirror
2012,902920,Contadores e tacómetros,616,Polónia,773783,4.927,mirror
2012,902920,Contadores e tacómetros,842,EUA,481449,3.065,mirror
2012,902920,Contadores e tacómetros,724,Espanha,378246,2.408,mirror
2012,902920,Contadores e tacómetros,24,Angola,187708,1.195,mirror
2012,902920,Contadores e tacómetros,826,Reino Unido,96780,0.616,mirror
2012,902920,Contadores e tacómetros,76,Brasil,65427,0.417,mirror
2012,940190,Assentos e partes,724,Espanha,149782907,34.0,mirror
2012,940190,Assentos e partes,251,França,120107232,27.264,mirror
2012,940190,Assentos e partes,276,Alemanha,110561733,25.097,mirror
2012,940190,Assentos e partes,528,Países Baixos,21810312,4.951,mirror
2012,940190,Assentos e partes,203,Chéquia,9612598,2.182,mirror
2012,940190,Assentos e partes,826,Reino Unido,5098441,1.157,mirror
2012,940190,Assentos e partes,56,Bélgica,4440702,1.008,mirror
2012,940190,Assentos e partes,710,África do Sul,3829354,0.869,mirror
2012,999999,Mercadorias não especificadas,276,Alemanha,469835122,49.528,mirror
2012,999999,Mercadorias não especificadas,724,Espanha,93926129,9.901,mirror
2012,999999,Mercadorias não especificadas,842,EUA,90825949,9.575,mirror
2012,999999,Mercadorias não especificadas,380,Itália,49397555,5.207,mirror
2012,999999,Mercadorias não especificadas,752,Suécia,48120020,5.073,mirror
2012,999999,Mercadorias não especificadas,24,Angola,33791726,3.562,mirror
2012,999999,Mercadorias não especificadas,484,México,29782155,3.14,mirror
2012,999999,Mercadorias não especificadas,246,Finlândia,23476162,2.475,mirror
2013,220421,Vinho tranquilo até 2 L,251,França,131893428,15.486,direct
2013,220421,Vinho tranquilo até 2 L,826,Reino Unido,93903497,11.025,direct
2013,220421,Vinho tranquilo até 2 L,24,Angola,87747753,10.303,direct
2013,220421,Vinho tranquilo até 2 L,842,EUA,72736458,8.54,direct
2013,220421,Vinho tranquilo até 2 L,528,Países Baixos,64358157,7.556,direct
2013,220421,Vinho tranquilo até 2 L,56,Bélgica,61077949,7.171,direct
2013,220421,Vinho tranquilo até 2 L,124,Canadá,50337992,5.91,direct
2013,220421,Vinho tranquilo até 2 L,276,Alemanha,45323182,5.321,direct
2013,240220,Cigarros,724,Espanha,370165080,80.363,direct
2013,240220,Cigarros,380,Itália,43279402,9.396,direct
2013,240220,Cigarros,251,França,10923321,2.371,direct
2013,240220,Cigarros,246,Finlândia,8659398,1.88,direct
2013,240220,Cigarros,528,Países Baixos,5801600,1.26,direct
2013,240220,Cigarros,899,"Areas, nes",4828520,1.048,direct
2013,240220,Cigarros,56,Bélgica,4584190,0.995,direct
2013,240220,Cigarros,203,Chéquia,4444750,0.965,direct
2013,271012,Gasolinas e destilados leves,842,EUA,834065293,53.383,direct
2013,271012,Gasolinas e destilados leves,528,Países Baixos,274897850,17.594,direct
2013,271012,Gasolinas e destilados leves,56,Bélgica,85211723,5.454,direct
2013,271012,Gasolinas e destilados leves,788,Tunisia,46507728,2.977,direct
2013,271012,Gasolinas e destilados leves,384,Costa do Marfim,32001598,2.048,direct
2013,271012,Gasolinas e destilados leves,826,Reino Unido,31888933,2.041,direct
2013,271012,Gasolinas e destilados leves,12,Argélia,31390832,2.009,direct
2013,271012,Gasolinas e destilados leves,768,Togo,31032351,1.986,direct
2013,271019,Gasóleo e combustíveis médios e pesados,837,Bunkers,1382951405,32.618,direct
2013,271019,Gasóleo e combustíveis médios e pesados,724,Espanha,1199273671,28.286,direct
2013,271019,Gasóleo e combustíveis médios e pesados,292,Gibraltar,451992147,10.661,direct
2013,271019,Gasóleo e combustíveis médios e pesados,504,Marrocos,327155345,7.716,direct
2013,271019,Gasóleo e combustíveis médios e pesados,251,França,294100822,6.937,direct
2013,271019,Gasóleo e combustíveis médios e pesados,899,"Areas, nes",128455343,3.03,direct
2013,271019,Gasóleo e combustíveis médios e pesados,300,Grécia,105689100,2.493,direct
2013,271019,Gasóleo e combustíveis médios e pesados,826,Reino Unido,97572172,2.301,direct
2013,300490,Medicamentos,276,Alemanha,181872978,24.64,direct
2013,300490,Medicamentos,826,Reino Unido,92750307,12.566,direct
2013,300490,Medicamentos,24,Angola,87759184,11.889,direct
2013,300490,Medicamentos,251,França,70196416,9.51,direct
2013,300490,Medicamentos,56,Bélgica,57113437,7.738,direct
2013,300490,Medicamentos,842,EUA,47447100,6.428,direct
2013,300490,Medicamentos,724,Espanha,33347330,4.518,direct
2013,300490,Medicamentos,528,Países Baixos,20143508,2.729,direct
2013,401110,Pneus novos,276,Alemanha,330829751,30.854,direct
2013,401110,Pneus novos,826,Reino Unido,118031208,11.008,direct
2013,401110,Pneus novos,724,Espanha,91986662,8.579,direct
2013,401110,Pneus novos,842,EUA,81779887,7.627,direct
2013,401110,Pneus novos,56,Bélgica,61175933,5.705,direct
2013,401110,Pneus novos,251,França,52831446,4.927,direct
2013,401110,Pneus novos,528,Países Baixos,45321064,4.227,direct
2013,401110,Pneus novos,410,Coreia do Sul,44645360,4.164,direct
2013,450310,Rolhas de cortiça,251,França,125694577,26.962,direct
2013,450310,Rolhas de cortiça,842,EUA,99904811,21.43,direct
2013,450310,Rolhas de cortiça,724,Espanha,55929189,11.997,direct
2013,450310,Rolhas de cortiça,380,Itália,34879640,7.482,direct
2013,450310,Rolhas de cortiça,152,Chile,18874440,4.049,direct
2013,450310,Rolhas de cortiça,32,Argentina,18752522,4.022,direct
2013,450310,Rolhas de cortiça,276,Alemanha,17568453,3.769,direct
2013,450310,Rolhas de cortiça,826,Reino Unido,16516389,3.543,direct
2013,450410,Cortiça aglomerada,842,EUA,83024179,16.089,direct
2013,450410,Cortiça aglomerada,251,França,82086138,15.908,direct
2013,450410,Cortiça aglomerada,276,Alemanha,72417579,14.034,direct
2013,450410,Cortiça aglomerada,380,Itália,58740006,11.383,direct
2013,450410,Cortiça aglomerada,643,Rússia,45934121,8.902,direct
2013,450410,Cortiça aglomerada,724,Espanha,29777524,5.771,direct
2013,450410,Cortiça aglomerada,156,China,10812660,2.095,direct
2013,450410,Cortiça aglomerada,36,Austrália,8995939,1.743,direct
2013,470329,Pasta de madeira química,724,Espanha,149392043,25.944,direct
2013,470329,Pasta de madeira química,276,Alemanha,118127229,20.515,direct
2013,470329,Pasta de madeira química,528,Países Baixos,85155099,14.789,direct
2013,470329,Pasta de madeira química,380,Itália,39740565,6.902,direct
2013,470329,Pasta de madeira química,752,Suécia,36816874,6.394,direct
2013,470329,Pasta de madeira química,616,Polónia,34520554,5.995,direct
2013,470329,Pasta de madeira química,251,França,32032235,5.563,direct
2013,470329,Pasta de madeira química,792,Turquia,20016237,3.476,direct
2013,480256,Papel para escrita e impressão,842,EUA,105647147,12.711,direct
2013,480256,Papel para escrita e impressão,724,Espanha,105522466,12.696,direct
2013,480256,Papel para escrita e impressão,276,Alemanha,103946609,12.506,direct
2013,480256,Papel para escrita e impressão,251,França,102216529,12.298,direct
2013,480256,Papel para escrita e impressão,380,Itália,87070184,10.476,direct
2013,480256,Papel para escrita e impressão,826,Reino Unido,58314148,7.016,direct
2013,480256,Papel para escrita e impressão,528,Países Baixos,28720433,3.455,direct
2013,480256,Papel para escrita e impressão,56,Bélgica,26302047,3.164,direct
2013,610910,T-shirts de algodão,724,Espanha,273116215,40.406,direct
2013,610910,T-shirts de algodão,251,França,109760569,16.238,direct
2013,610910,T-shirts de algodão,826,Reino Unido,79245616,11.724,direct
2013,610910,T-shirts de algodão,276,Alemanha,67621964,10.004,direct
2013,610910,T-shirts de algodão,380,Itália,35687958,5.28,direct
2013,610910,T-shirts de algodão,528,Países Baixos,22406075,3.315,direct
2013,610910,T-shirts de algodão,56,Bélgica,15609879,2.309,direct
2013,610910,T-shirts de algodão,757,Suíça,10491766,1.552,direct
2013,640391,Calçado de couro a cobrir o tornozelo,251,França,121347009,21.585,direct
2013,640391,Calçado de couro a cobrir o tornozelo,276,Alemanha,111349514,19.806,direct
2013,640391,Calçado de couro a cobrir o tornozelo,528,Países Baixos,98113108,17.452,direct
2013,640391,Calçado de couro a cobrir o tornozelo,724,Espanha,35516544,6.318,direct
2013,640391,Calçado de couro a cobrir o tornozelo,643,Rússia,33847111,6.021,direct
2013,640391,Calçado de couro a cobrir o tornozelo,826,Reino Unido,28924227,5.145,direct
2013,640391,Calçado de couro a cobrir o tornozelo,208,Dinamarca,27004890,4.804,direct
2013,640391,Calçado de couro a cobrir o tornozelo,380,Itália,21937991,3.902,direct
2013,640399,Calçado de couro sem cobrir o tornozelo,276,Alemanha,197155386,23.301,direct
2013,640399,Calçado de couro sem cobrir o tornozelo,251,França,191630285,22.648,direct
2013,640399,Calçado de couro sem cobrir o tornozelo,528,Países Baixos,93411515,11.04,direct
2013,640399,Calçado de couro sem cobrir o tornozelo,724,Espanha,82175430,9.712,direct
2013,640399,Calçado de couro sem cobrir o tornozelo,826,Reino Unido,53540409,6.328,direct
2013,640399,Calçado de couro sem cobrir o tornozelo,208,Dinamarca,39689507,4.691,direct
2013,640399,Calçado de couro sem cobrir o tornozelo,56,Bélgica,24604814,2.908,direct
2013,640399,Calçado de couro sem cobrir o tornozelo,643,Rússia,24559690,2.903,direct
2013,721420,Varões de ferro com saliências (betão armado),12,Argélia,195840860,34.04,direct
2013,721420,Varões de ferro com saliências (betão armado),724,Espanha,116314030,20.217,direct
2013,721420,Varões de ferro com saliências (betão armado),842,EUA,45890924,7.976,direct
2013,721420,Varões de ferro com saliências (betão armado),24,Angola,44485975,7.732,direct
2013,721420,Varões de ferro com saliências (betão armado),504,Marrocos,40677401,7.07,direct
2013,721420,Varões de ferro com saliências (betão armado),826,Reino Unido,35621776,6.192,direct
2013,721420,Varões de ferro com saliências (betão armado),226,Guiné Equatorial,25857326,4.494,direct
2013,721420,Varões de ferro com saliências (betão armado),372,Irlanda,24540258,4.265,direct
2013,848071,Moldes para borracha ou plástico,724,Espanha,147465564,24.273,direct
2013,848071,Moldes para borracha ou plástico,276,Alemanha,131738498,21.684,direct
2013,848071,Moldes para borracha ou plástico,251,França,96161350,15.828,direct
2013,848071,Moldes para borracha ou plástico,616,Polónia,30918787,5.089,direct
2013,848071,Moldes para borracha ou plástico,203,Chéquia,23527043,3.873,direct
2013,848071,Moldes para borracha ou plástico,842,EUA,21838983,3.595,direct
2013,848071,Moldes para borracha ou plástico,826,Reino Unido,17414254,2.866,direct
2013,848071,Moldes para borracha ou plástico,484,México,14375842,2.366,direct
2013,852721,Autorrádios,276,Alemanha,224881186,32.439,direct
2013,852721,Autorrádios,724,Espanha,127352394,18.371,direct
2013,852721,Autorrádios,826,Reino Unido,93028743,13.42,direct
2013,852721,Autorrádios,56,Bélgica,50883346,7.34,direct
2013,852721,Autorrádios,203,Chéquia,40884042,5.898,direct
2013,852721,Autorrádios,616,Polónia,38758823,5.591,direct
2013,852721,Autorrádios,380,Itália,37608144,5.425,direct
2013,852721,Autorrádios,484,México,24390394,3.518,direct
2013,870322,Automóveis a gasolina 1.000–1.500 cm³,156,China,100672816,61.599,direct
2013,870322,Automóveis a gasolina 1.000–1.500 cm³,792,Turquia,23155366,14.168,direct
2013,870322,Automóveis a gasolina 1.000–1.500 cm³,380,Itália,7756573,4.746,direct
2013,870322,Automóveis a gasolina 1.000–1.500 cm³,276,Alemanha,7311936,4.474,direct
2013,870322,Automóveis a gasolina 1.000–1.500 cm³,528,Países Baixos,6385879,3.907,direct
2013,870322,Automóveis a gasolina 1.000–1.500 cm³,724,Espanha,4711279,2.883,direct
2013,870322,Automóveis a gasolina 1.000–1.500 cm³,56,Bélgica,4520047,2.766,direct
2013,870322,Automóveis a gasolina 1.000–1.500 cm³,710,África do Sul,2240632,1.371,direct
2013,870323,Automóveis a gasolina 1.500–3.000 cm³,276,Alemanha,288664745,34.635,direct
2013,870323,Automóveis a gasolina 1.500–3.000 cm³,156,China,247255322,29.667,direct
2013,870323,Automóveis a gasolina 1.500–3.000 cm³,826,Reino Unido,124034518,14.882,direct
2013,870323,Automóveis a gasolina 1.500–3.000 cm³,251,França,36307618,4.356,direct
2013,870323,Automóveis a gasolina 1.500–3.000 cm³,380,Itália,33928325,4.071,direct
2013,870323,Automóveis a gasolina 1.500–3.000 cm³,724,Espanha,28697504,3.443,direct
2013,870323,Automóveis a gasolina 1.500–3.000 cm³,56,Bélgica,24375859,2.925,direct
2013,870323,Automóveis a gasolina 1.500–3.000 cm³,36,Austrália,14799262,1.776,direct
2013,870332,Automóveis diesel 1.500–2.500 cm³,276,Alemanha,944272400,65.916,direct
2013,870332,Automóveis diesel 1.500–2.500 cm³,826,Reino Unido,103582063,7.231,direct
2013,870332,Automóveis diesel 1.500–2.500 cm³,251,França,100447247,7.012,direct
2013,870332,Automóveis diesel 1.500–2.500 cm³,724,Espanha,84325822,5.886,direct
2013,870332,Automóveis diesel 1.500–2.500 cm³,40,Áustria,60558270,4.227,direct
2013,870332,Automóveis diesel 1.500–2.500 cm³,380,Itália,44247342,3.089,direct
2013,870332,Automóveis diesel 1.500–2.500 cm³,56,Bélgica,30573960,2.134,direct
2013,870332,Automóveis diesel 1.500–2.500 cm³,792,Turquia,19705002,1.376,direct
2013,870421,Camiões diesel até 5 t,251,França,426097161,61.368,direct
2013,870421,Camiões diesel até 5 t,826,Reino Unido,43958807,6.331,direct
2013,870421,Camiões diesel até 5 t,724,Espanha,37561678,5.41,direct
2013,870421,Camiões diesel até 5 t,276,Alemanha,31290053,4.506,direct
2013,870421,Camiões diesel até 5 t,56,Bélgica,30697834,4.421,direct
2013,870421,Camiões diesel até 5 t,380,Itália,28782685,4.145,direct
2013,870421,Camiões diesel até 5 t,528,Países Baixos,22636177,3.26,direct
2013,870421,Camiões diesel até 5 t,24,Angola,9683722,1.395,direct
2013,870892,Silenciadores e tubos de escape,724,Espanha,137135826,41.448,direct
2013,870892,Silenciadores e tubos de escape,251,França,135895984,41.073,direct
2013,870892,Silenciadores e tubos de escape,642,Roménia,17049887,5.153,direct
2013,870892,Silenciadores e tubos de escape,203,Chéquia,15892230,4.803,direct
2013,870892,Silenciadores e tubos de escape,826,Reino Unido,15150336,4.579,direct
2013,870892,Silenciadores e tubos de escape,276,Alemanha,3010770,0.91,direct
2013,870892,Silenciadores e tubos de escape,380,Itália,1453355,0.439,direct
2013,870892,Silenciadores e tubos de escape,528,Países Baixos,1293660,0.391,direct
2013,870899,Outras partes de veículos,724,Espanha,312069356,36.776,direct
2013,870899,Outras partes de veículos,276,Alemanha,168948717,19.91,direct
2013,870899,Outras partes de veículos,251,França,116328260,13.709,direct
2013,870899,Outras partes de veículos,826,Reino Unido,55123423,6.496,direct
2013,870899,Outras partes de veículos,24,Angola,34508709,4.067,direct
2013,870899,Outras partes de veículos,203,Chéquia,22211268,2.618,direct
2013,870899,Outras partes de veículos,616,Polónia,21173535,2.495,direct
2013,870899,Outras partes de veículos,703,Eslováquia,16238792,1.914,direct
2013,902920,Contadores e tacómetros,276,Alemanha,45894313,51.674,direct
2013,902920,Contadores e tacómetros,724,Espanha,15618219,17.585,direct
2013,902920,Contadores e tacómetros,826,Reino Unido,14379080,16.19,direct
2013,902920,Contadores e tacómetros,251,França,6166757,6.943,direct
2013,902920,Contadores e tacómetros,642,Roménia,2405839,2.709,direct
2013,902920,Contadores e tacómetros,56,Bélgica,1572605,1.771,direct
2013,902920,Contadores e tacómetros,752,Suécia,649318,0.731,direct
2013,902920,Contadores e tacómetros,842,EUA,507440,0.571,direct
2013,940190,Assentos e partes,724,Espanha,157221711,34.991,direct
2013,940190,Assentos e partes,276,Alemanha,105941070,23.578,direct
2013,940190,Assentos e partes,251,França,93200062,20.743,direct
2013,940190,Assentos e partes,752,Suécia,32945425,7.332,direct
2013,940190,Assentos e partes,528,Países Baixos,22530271,5.014,direct
2013,940190,Assentos e partes,348,Hungria,10085255,2.245,direct
2013,940190,Assentos e partes,203,Chéquia,8028884,1.787,direct
2013,940190,Assentos e partes,826,Reino Unido,7344228,1.635,direct
2013,999999,Mercadorias não especificadas,837,Bunkers,37386611,94.174,direct
2013,999999,Mercadorias não especificadas,440,Lituânia,1073906,2.705,direct
2013,999999,Mercadorias não especificadas,24,Angola,225844,0.569,direct
2013,999999,Mercadorias não especificadas,591,Panamá,201525,0.508,direct
2013,999999,Mercadorias não especificadas,512,Omã,145533,0.367,direct
2013,999999,Mercadorias não especificadas,826,Reino Unido,111925,0.282,direct
2013,999999,Mercadorias não especificadas,44,Bahamas,99124,0.25,direct
2013,999999,Mercadorias não especificadas,276,Alemanha,69784,0.176,direct
2013,220421,Vinho tranquilo até 2 L,251,França,124265421,14.799,mirror
2013,220421,Vinho tranquilo até 2 L,826,Reino Unido,93419378,11.126,mirror
2013,220421,Vinho tranquilo até 2 L,24,Angola,90312019,10.756,mirror
2013,220421,Vinho tranquilo até 2 L,842,EUA,85966284,10.238,mirror
2013,220421,Vinho tranquilo até 2 L,56,Bélgica,54821833,6.529,mirror
2013,220421,Vinho tranquilo até 2 L,124,Canadá,52273995,6.226,mirror
2013,220421,Vinho tranquilo até 2 L,276,Alemanha,47168878,5.618,mirror
2013,220421,Vinho tranquilo até 2 L,528,Países Baixos,42860142,5.104,mirror
2013,240220,Cigarros,724,Espanha,467526924,84.885,mirror
2013,240220,Cigarros,380,Itália,43716078,7.937,mirror
2013,240220,Cigarros,251,França,10945130,1.987,mirror
2013,240220,Cigarros,246,Finlândia,10281064,1.867,mirror
2013,240220,Cigarros,56,Bélgica,4461070,0.81,mirror
2013,240220,Cigarros,826,Reino Unido,3623967,0.658,mirror
2013,240220,Cigarros,203,Chéquia,3217751,0.584,mirror
2013,240220,Cigarros,24,Angola,3017625,0.548,mirror
2013,271012,Gasolinas e destilados leves,842,EUA,744135936,57.414,mirror
2013,271012,Gasolinas e destilados leves,528,Países Baixos,202066636,15.59,mirror
2013,271012,Gasolinas e destilados leves,826,Reino Unido,84617154,6.529,mirror
2013,271012,Gasolinas e destilados leves,56,Bélgica,74027554,5.712,mirror
2013,271012,Gasolinas e destilados leves,724,Espanha,44662007,3.446,mirror
2013,271012,Gasolinas e destilados leves,76,Brasil,35447964,2.735,mirror
2013,271012,Gasolinas e destilados leves,12,Argélia,33323743,2.571,mirror
2013,271012,Gasolinas e destilados leves,124,Canadá,31543040,2.434,mirror
2013,271019,Gasóleo e combustíveis médios e pesados,724,Espanha,1000154633,47.077,mirror
2013,271019,Gasóleo e combustíveis médios e pesados,251,França,581203488,27.357,mirror
2013,271019,Gasóleo e combustíveis médios e pesados,504,Marrocos,195444659,9.2,mirror
2013,271019,Gasóleo e combustíveis médios e pesados,528,Países Baixos,92254482,4.342,mirror
2013,271019,Gasóleo e combustíveis médios e pesados,826,Reino Unido,61276455,2.884,mirror
2013,271019,Gasóleo e combustíveis médios e pesados,56,Bélgica,42831271,2.016,mirror
2013,271019,Gasóleo e combustíveis médios e pesados,842,EUA,29306077,1.379,mirror
2013,271019,Gasóleo e combustíveis médios e pesados,24,Angola,27830865,1.31,mirror
2013,300490,Medicamentos,276,Alemanha,102913605,15.33,mirror
2013,300490,Medicamentos,24,Angola,83542965,12.445,mirror
2013,300490,Medicamentos,826,Reino Unido,64254498,9.571,mirror
2013,300490,Medicamentos,643,Rússia,52942603,7.886,mirror
2013,300490,Medicamentos,251,França,50806553,7.568,mirror
2013,300490,Medicamentos,56,Bélgica,41359557,6.161,mirror
2013,300490,Medicamentos,724,Espanha,39795866,5.928,mirror
2013,300490,Medicamentos,682,Arábia Saudita,24073897,3.586,mirror
2013,401110,Pneus novos,276,Alemanha,402503540,40.541,mirror
2013,401110,Pneus novos,842,EUA,85502737,8.612,mirror
2013,401110,Pneus novos,251,França,63694904,6.415,mirror
2013,401110,Pneus novos,56,Bélgica,62571911,6.302,mirror
2013,401110,Pneus novos,724,Espanha,56677654,5.709,mirror
2013,401110,Pneus novos,410,Coreia do Sul,50831920,5.12,mirror
2013,401110,Pneus novos,826,Reino Unido,36853565,3.712,mirror
2013,401110,Pneus novos,616,Polónia,29382761,2.959,mirror
2013,450310,Rolhas de cortiça,842,EUA,121101304,24.794,mirror
2013,450310,Rolhas de cortiça,251,França,119484943,24.463,mirror
2013,450310,Rolhas de cortiça,724,Espanha,42527049,8.707,mirror
2013,450310,Rolhas de cortiça,380,Itália,42398910,8.681,mirror
2013,450310,Rolhas de cortiça,32,Argentina,21017552,4.303,mirror
2013,450310,Rolhas de cortiça,152,Chile,19667054,4.027,mirror
2013,450310,Rolhas de cortiça,826,Reino Unido,17314361,3.545,mirror
2013,450310,Rolhas de cortiça,484,México,16685094,3.416,mirror
2013,450410,Cortiça aglomerada,251,França,65959213,16.488,mirror
2013,450410,Cortiça aglomerada,276,Alemanha,60993614,15.246,mirror
2013,450410,Cortiça aglomerada,842,EUA,60406767,15.1,mirror
2013,450410,Cortiça aglomerada,643,Rússia,46366736,11.59,mirror
2013,450410,Cortiça aglomerada,380,Itália,42156781,10.538,mirror
2013,450410,Cortiça aglomerada,724,Espanha,15733764,3.933,mirror
2013,450410,Cortiça aglomerada,156,China,13216731,3.304,mirror
2013,450410,Cortiça aglomerada,124,Canadá,10078591,2.519,mirror
2013,470329,Pasta de madeira química,276,Alemanha,223437680,29.082,mirror
2013,470329,Pasta de madeira química,724,Espanha,125863644,16.382,mirror
2013,470329,Pasta de madeira química,528,Países Baixos,103718651,13.5,mirror
2013,470329,Pasta de madeira química,251,França,70724626,9.205,mirror
2013,470329,Pasta de madeira química,752,Suécia,62302793,8.109,mirror
2013,470329,Pasta de madeira química,616,Polónia,47269852,6.153,mirror
2013,470329,Pasta de madeira química,380,Itália,26441374,3.442,mirror
2013,470329,Pasta de madeira química,156,China,22765926,2.963,mirror
2013,480256,Papel para escrita e impressão,842,EUA,176351364,22.736,mirror
2013,480256,Papel para escrita e impressão,276,Alemanha,109190347,14.077,mirror
2013,480256,Papel para escrita e impressão,251,França,85961935,11.083,mirror
2013,480256,Papel para escrita e impressão,380,Itália,84192768,10.855,mirror
2013,480256,Papel para escrita e impressão,724,Espanha,63701664,8.213,mirror
2013,480256,Papel para escrita e impressão,826,Reino Unido,23860902,3.076,mirror
2013,480256,Papel para escrita e impressão,56,Bélgica,23369931,3.013,mirror
2013,480256,Papel para escrita e impressão,792,Turquia,22695831,2.926,mirror
2013,610910,T-shirts de algodão,724,Espanha,194815041,29.888,mirror
2013,610910,T-shirts de algodão,251,França,98823005,15.161,mirror
2013,610910,T-shirts de algodão,276,Alemanha,75296286,11.552,mirror
2013,610910,T-shirts de algodão,826,Reino Unido,42317757,6.492,mirror
2013,610910,T-shirts de algodão,380,Itália,30929825,4.745,mirror
2013,610910,T-shirts de algodão,156,China,21952522,3.368,mirror
2013,610910,T-shirts de algodão,842,EUA,13370811,2.051,mirror
2013,610910,T-shirts de algodão,56,Bélgica,13108786,2.011,mirror
2013,640391,Calçado de couro a cobrir o tornozelo,528,Países Baixos,170994020,20.79,mirror
2013,640391,Calçado de couro a cobrir o tornozelo,276,Alemanha,163806635,19.916,mirror
2013,640391,Calçado de couro a cobrir o tornozelo,251,França,141814327,17.242,mirror
2013,640391,Calçado de couro a cobrir o tornozelo,826,Reino Unido,46256532,5.624,mirror
2013,640391,Calçado de couro a cobrir o tornozelo,724,Espanha,42535192,5.171,mirror
2013,640391,Calçado de couro a cobrir o tornozelo,643,Rússia,31014644,3.771,mirror
2013,640391,Calçado de couro a cobrir o tornozelo,842,EUA,26712328,3.248,mirror
2013,640391,Calçado de couro a cobrir o tornozelo,757,Suíça,19878920,2.417,mirror
2013,640399,Calçado de couro sem cobrir o tornozelo,251,França,233309965,23.508,mirror
2013,640399,Calçado de couro sem cobrir o tornozelo,276,Alemanha,179877071,18.124,mirror
2013,640399,Calçado de couro sem cobrir o tornozelo,528,Países Baixos,101186172,10.195,mirror
2013,640399,Calçado de couro sem cobrir o tornozelo,724,Espanha,87655826,8.832,mirror
2013,640399,Calçado de couro sem cobrir o tornozelo,826,Reino Unido,43789051,4.412,mirror
2013,640399,Calçado de couro sem cobrir o tornozelo,643,Rússia,38689956,3.898,mirror
2013,640399,Calçado de couro sem cobrir o tornozelo,842,EUA,32921235,3.317,mirror
2013,640399,Calçado de couro sem cobrir o tornozelo,208,Dinamarca,30089824,3.032,mirror
2013,721420,Varões de ferro com saliências (betão armado),12,Argélia,202884322,39.661,mirror
2013,721420,Varões de ferro com saliências (betão armado),724,Espanha,120378535,23.532,mirror
2013,721420,Varões de ferro com saliências (betão armado),504,Marrocos,61047093,11.934,mirror
2013,721420,Varões de ferro com saliências (betão armado),24,Angola,47418787,9.27,mirror
2013,721420,Varões de ferro com saliências (betão armado),826,Reino Unido,21695285,4.241,mirror
2013,721420,Varões de ferro com saliências (betão armado),76,Brasil,21593213,4.221,mirror
2013,721420,Varões de ferro com saliências (betão armado),372,Irlanda,16915684,3.307,mirror
2013,721420,Varões de ferro com saliências (betão armado),132,Cabo Verde,6227524,1.217,mirror
2013,848071,Moldes para borracha ou plástico,276,Alemanha,71751062,24.072,mirror
2013,848071,Moldes para borracha ou plástico,251,França,45827039,15.375,mirror
2013,848071,Moldes para borracha ou plástico,643,Rússia,28835838,9.674,mirror
2013,848071,Moldes para borracha ou plástico,724,Espanha,23577637,7.91,mirror
2013,848071,Moldes para borracha ou plástico,842,EUA,22538328,7.562,mirror
2013,848071,Moldes para borracha ou plástico,484,México,21324665,7.154,mirror
2013,848071,Moldes para borracha ou plástico,616,Polónia,9848480,3.304,mirror
2013,848071,Moldes para borracha ou plástico,203,Chéquia,7945852,2.666,mirror
2013,852721,Autorrádios,276,Alemanha,195009367,32.034,mirror
2013,852721,Autorrádios,724,Espanha,94468452,15.518,mirror
2013,852721,Autorrádios,56,Bélgica,55251676,9.076,mirror
2013,852721,Autorrádios,616,Polónia,40507596,6.654,mirror
2013,852721,Autorrádios,792,Turquia,38928316,6.395,mirror
2013,852721,Autorrádios,156,China,32831030,5.393,mirror
2013,852721,Autorrádios,203,Chéquia,28064101,4.61,mirror
2013,852721,Autorrádios,826,Reino Unido,27029703,4.44,mirror
2013,870322,Automóveis a gasolina 1.000–1.500 cm³,156,China,94802232,26.919,mirror
2013,870322,Automóveis a gasolina 1.000–1.500 cm³,392,Japão,60051349,17.051,mirror
2013,870322,Automóveis a gasolina 1.000–1.500 cm³,276,Alemanha,37927163,10.769,mirror
2013,870322,Automóveis a gasolina 1.000–1.500 cm³,757,Suíça,26176541,7.433,mirror
2013,870322,Automóveis a gasolina 1.000–1.500 cm³,724,Espanha,24993014,7.097,mirror
2013,870322,Automóveis a gasolina 1.000–1.500 cm³,792,Turquia,24225245,6.879,mirror
2013,870322,Automóveis a gasolina 1.000–1.500 cm³,32,Argentina,15101222,4.288,mirror
2013,870322,Automóveis a gasolina 1.000–1.500 cm³,376,Israel,12849000,3.648,mirror
2013,870323,Automóveis a gasolina 1.500–3.000 cm³,156,China,266090943,45.512,mirror
2013,870323,Automóveis a gasolina 1.500–3.000 cm³,842,EUA,100978530,17.271,mirror
2013,870323,Automóveis a gasolina 1.500–3.000 cm³,276,Alemanha,35891680,6.139,mirror
2013,870323,Automóveis a gasolina 1.500–3.000 cm³,251,França,31528358,5.393,mirror
2013,870323,Automóveis a gasolina 1.500–3.000 cm³,826,Reino Unido,26918797,4.604,mirror
2013,870323,Automóveis a gasolina 1.500–3.000 cm³,724,Espanha,16872951,2.886,mirror
2013,870323,Automóveis a gasolina 1.500–3.000 cm³,36,Austrália,15466864,2.645,mirror
2013,870323,Automóveis a gasolina 1.500–3.000 cm³,124,Canadá,14963534,2.559,mirror
2013,870332,Automóveis diesel 1.500–2.500 cm³,276,Alemanha,327959374,22.002,mirror
2013,870332,Automóveis diesel 1.500–2.500 cm³,826,Reino Unido,224133410,15.036,mirror
2013,870332,Automóveis diesel 1.500–2.500 cm³,40,Áustria,220964490,14.824,mirror
2013,870332,Automóveis diesel 1.500–2.500 cm³,251,França,152670087,10.242,mirror
2013,870332,Automóveis diesel 1.500–2.500 cm³,724,Espanha,148032759,9.931,mirror
2013,870332,Automóveis diesel 1.500–2.500 cm³,757,Suíça,117442004,7.879,mirror
2013,870332,Automóveis diesel 1.500–2.500 cm³,56,Bélgica,105546597,7.081,mirror
2013,870332,Automóveis diesel 1.500–2.500 cm³,380,Itália,77641289,5.209,mirror
2013,870421,Camiões diesel até 5 t,251,França,395172417,65.403,mirror
2013,870421,Camiões diesel até 5 t,724,Espanha,36514612,6.043,mirror
2013,870421,Camiões diesel até 5 t,380,Itália,36178462,5.988,mirror
2013,870421,Camiões diesel até 5 t,56,Bélgica,32355063,5.355,mirror
2013,870421,Camiões diesel até 5 t,276,Alemanha,22061109,3.651,mirror
2013,870421,Camiões diesel até 5 t,528,Países Baixos,20826483,3.447,mirror
2013,870421,Camiões diesel até 5 t,826,Reino Unido,11992534,1.985,mirror
2013,870421,Camiões diesel até 5 t,24,Angola,11747872,1.944,mirror
2013,870892,Silenciadores e tubos de escape,251,França,45868087,46.857,mirror
2013,870892,Silenciadores e tubos de escape,724,Espanha,30010138,30.657,mirror
2013,870892,Silenciadores e tubos de escape,826,Reino Unido,6412012,6.55,mirror
2013,870892,Silenciadores e tubos de escape,276,Alemanha,2888215,2.95,mirror
2013,870892,Silenciadores e tubos de escape,203,Chéquia,2185636,2.233,mirror
2013,870892,Silenciadores e tubos de escape,392,Japão,1657965,1.694,mirror
2013,870892,Silenciadores e tubos de escape,528,Países Baixos,1556238,1.59,mirror
2013,870892,Silenciadores e tubos de escape,380,Itália,1393413,1.423,mirror
2013,870899,Outras partes de veículos,724,Espanha,511764999,60.731,mirror
2013,870899,Outras partes de veículos,251,França,78192512,9.279,mirror
2013,870899,Outras partes de veículos,276,Alemanha,72860721,8.646,mirror
2013,870899,Outras partes de veículos,752,Suécia,39152166,4.646,mirror
2013,870899,Outras partes de veículos,826,Reino Unido,27065283,3.212,mirror
2013,870899,Outras partes de veículos,24,Angola,15567972,1.847,mirror
2013,870899,Outras partes de veículos,76,Brasil,13873024,1.646,mirror
2013,870899,Outras partes de veículos,764,Tailândia,11727116,1.392,mirror
2013,902920,Contadores e tacómetros,276,Alemanha,24006347,26.521,mirror
2013,902920,Contadores e tacómetros,826,Reino Unido,21872509,24.164,mirror
2013,902920,Contadores e tacómetros,56,Bélgica,15526534,17.153,mirror
2013,902920,Contadores e tacómetros,724,Espanha,12278189,13.564,mirror
2013,902920,Contadores e tacómetros,203,Chéquia,9911860,10.95,mirror
2013,902920,Contadores e tacómetros,752,Suécia,2574237,2.844,mirror
2013,902920,Contadores e tacómetros,642,Roménia,1945979,2.15,mirror
2013,902920,Contadores e tacómetros,842,EUA,1024183,1.131,mirror
2013,940190,Assentos e partes,724,Espanha,163486347,32.667,mirror
2013,940190,Assentos e partes,276,Alemanha,158513729,31.673,mirror
2013,940190,Assentos e partes,251,França,94345955,18.852,mirror
2013,940190,Assentos e partes,826,Reino Unido,21746558,4.345,mirror
2013,940190,Assentos e partes,528,Países Baixos,20363241,4.069,mirror
2013,940190,Assentos e partes,203,Chéquia,7866715,1.572,mirror
2013,940190,Assentos e partes,348,Hungria,7444355,1.487,mirror
2013,940190,Assentos e partes,703,Eslováquia,4748807,0.949,mirror
2013,999999,Mercadorias não especificadas,276,Alemanha,403610078,46.415,mirror
2013,999999,Mercadorias não especificadas,842,EUA,130710450,15.032,mirror
2013,999999,Mercadorias não especificadas,752,Suécia,50602499,5.819,mirror
2013,999999,Mercadorias não especificadas,380,Itália,44087168,5.07,mirror
2013,999999,Mercadorias não especificadas,528,Países Baixos,36731325,4.224,mirror
2013,999999,Mercadorias não especificadas,24,Angola,35010862,4.026,mirror
2013,999999,Mercadorias não especificadas,484,México,24814819,2.854,mirror
2013,999999,Mercadorias não especificadas,246,Finlândia,19487568,2.241,mirror
2014,220421,Vinho tranquilo até 2 L,251,França,137197381,15.522,direct
2014,220421,Vinho tranquilo até 2 L,24,Angola,94720504,10.716,direct
2014,220421,Vinho tranquilo até 2 L,826,Reino Unido,94351603,10.675,direct
2014,220421,Vinho tranquilo até 2 L,842,EUA,77132861,8.727,direct
2014,220421,Vinho tranquilo até 2 L,56,Bélgica,61797162,6.992,direct
2014,220421,Vinho tranquilo até 2 L,528,Países Baixos,59826986,6.769,direct
2014,220421,Vinho tranquilo até 2 L,276,Alemanha,53770484,6.083,direct
2014,220421,Vinho tranquilo até 2 L,124,Canadá,45330401,5.129,direct
2014,240220,Cigarros,724,Espanha,358352108,59.727,direct
2014,240220,Cigarros,380,Itália,74550024,12.425,direct
2014,240220,Cigarros,826,Reino Unido,62036255,10.34,direct
2014,240220,Cigarros,579,Noruega,34787283,5.798,direct
2014,240220,Cigarros,246,Finlândia,27747296,4.625,direct
2014,240220,Cigarros,372,Irlanda,13319772,2.22,direct
2014,240220,Cigarros,251,França,10042030,1.674,direct
2014,240220,Cigarros,899,"Areas, nes",4990876,0.832,direct
2014,271012,Gasolinas e destilados leves,842,EUA,707413350,56.497,direct
2014,271012,Gasolinas e destilados leves,528,Países Baixos,290826305,23.227,direct
2014,271012,Gasolinas e destilados leves,44,Bahamas,94601429,7.555,direct
2014,271012,Gasolinas e destilados leves,292,Gibraltar,36295164,2.899,direct
2014,271012,Gasolinas e destilados leves,56,Bélgica,26872318,2.146,direct
2014,271012,Gasolinas e destilados leves,380,Itália,19259037,1.538,direct
2014,271012,Gasolinas e destilados leves,724,Espanha,18700336,1.493,direct
2014,271012,Gasolinas e destilados leves,862,Venezuela,16177216,1.292,direct
2014,271019,Gasóleo e combustíveis médios e pesados,837,Bunkers,1332801015,39.045,direct
2014,271019,Gasóleo e combustíveis médios e pesados,724,Espanha,661526519,19.38,direct
2014,271019,Gasóleo e combustíveis médios e pesados,251,França,348215492,10.201,direct
2014,271019,Gasóleo e combustíveis médios e pesados,292,Gibraltar,337322879,9.882,direct
2014,271019,Gasóleo e combustíveis médios e pesados,56,Bélgica,206219354,6.041,direct
2014,271019,Gasóleo e combustíveis médios e pesados,504,Marrocos,162520279,4.761,direct
2014,271019,Gasóleo e combustíveis médios e pesados,300,Grécia,75298533,2.206,direct
2014,271019,Gasóleo e combustíveis médios e pesados,792,Turquia,56388845,1.652,direct
2014,300490,Medicamentos,276,Alemanha,186252088,21.535,direct
2014,300490,Medicamentos,842,EUA,170806695,19.749,direct
2014,300490,Medicamentos,826,Reino Unido,100737255,11.647,direct
2014,300490,Medicamentos,24,Angola,100279064,11.594,direct
2014,300490,Medicamentos,251,França,52986176,6.126,direct
2014,300490,Medicamentos,56,Bélgica,48820994,5.645,direct
2014,300490,Medicamentos,724,Espanha,31936737,3.693,direct
2014,300490,Medicamentos,203,Chéquia,24262658,2.805,direct
2014,401110,Pneus novos,276,Alemanha,333779637,31.635,direct
2014,401110,Pneus novos,724,Espanha,106297030,10.075,direct
2014,401110,Pneus novos,826,Reino Unido,87387864,8.282,direct
2014,401110,Pneus novos,842,EUA,75282205,7.135,direct
2014,401110,Pneus novos,56,Bélgica,60610947,5.745,direct
2014,401110,Pneus novos,251,França,47035281,4.458,direct
2014,401110,Pneus novos,528,Países Baixos,45470906,4.31,direct
2014,401110,Pneus novos,380,Itália,31356370,2.972,direct
2014,450310,Rolhas de cortiça,842,EUA,119294725,24.582,direct
2014,450310,Rolhas de cortiça,251,França,119140409,24.55,direct
2014,450310,Rolhas de cortiça,724,Espanha,60758232,12.52,direct
2014,450310,Rolhas de cortiça,380,Itália,39263948,8.091,direct
2014,450310,Rolhas de cortiça,152,Chile,21262412,4.381,direct
2014,450310,Rolhas de cortiça,826,Reino Unido,17825629,3.673,direct
2014,450310,Rolhas de cortiça,32,Argentina,17240693,3.553,direct
2014,450310,Rolhas de cortiça,276,Alemanha,17203452,3.545,direct
2014,450410,Cortiça aglomerada,251,França,83694930,16.517,direct
2014,450410,Cortiça aglomerada,842,EUA,78137071,15.42,direct
2014,450410,Cortiça aglomerada,276,Alemanha,64195841,12.669,direct
2014,450410,Cortiça aglomerada,380,Itália,63180544,12.468,direct
2014,450410,Cortiça aglomerada,643,Rússia,39007768,7.698,direct
2014,450410,Cortiça aglomerada,724,Espanha,30687338,6.056,direct
2014,450410,Cortiça aglomerada,156,China,13049994,2.575,direct
2014,450410,Cortiça aglomerada,124,Canadá,8894148,1.755,direct
2014,470329,Pasta de madeira química,724,Espanha,120248997,21.697,direct
2014,470329,Pasta de madeira química,276,Alemanha,118380272,21.36,direct
2014,470329,Pasta de madeira química,528,Países Baixos,71158230,12.839,direct
2014,470329,Pasta de madeira química,792,Turquia,53004360,9.564,direct
2014,470329,Pasta de madeira química,616,Polónia,47957285,8.653,direct
2014,470329,Pasta de madeira química,251,França,38142518,6.882,direct
2014,470329,Pasta de madeira química,752,Suécia,34541174,6.232,direct
2014,470329,Pasta de madeira química,380,Itália,24225776,4.371,direct
2014,480256,Papel para escrita e impressão,251,França,110011922,13.424,direct
2014,480256,Papel para escrita e impressão,724,Espanha,104545995,12.757,direct
2014,480256,Papel para escrita e impressão,842,EUA,99868576,12.186,direct
2014,480256,Papel para escrita e impressão,276,Alemanha,96676402,11.797,direct
2014,480256,Papel para escrita e impressão,380,Itália,83875370,10.235,direct
2014,480256,Papel para escrita e impressão,826,Reino Unido,62037397,7.57,direct
2014,480256,Papel para escrita e impressão,528,Países Baixos,27434980,3.348,direct
2014,480256,Papel para escrita e impressão,56,Bélgica,26868250,3.279,direct
2014,610910,T-shirts de algodão,724,Espanha,314422794,43.287,direct
2014,610910,T-shirts de algodão,251,França,111616442,15.366,direct
2014,610910,T-shirts de algodão,276,Alemanha,78320127,10.783,direct
2014,610910,T-shirts de algodão,826,Reino Unido,71771843,9.881,direct
2014,610910,T-shirts de algodão,380,Itália,36151247,4.977,direct
2014,610910,T-shirts de algodão,528,Países Baixos,21050734,2.898,direct
2014,610910,T-shirts de algodão,56,Bélgica,15208067,2.094,direct
2014,610910,T-shirts de algodão,752,Suécia,11743870,1.617,direct
2014,640391,Calçado de couro a cobrir o tornozelo,276,Alemanha,136505826,20.818,direct
2014,640391,Calçado de couro a cobrir o tornozelo,251,França,128606300,19.613,direct
2014,640391,Calçado de couro a cobrir o tornozelo,528,Países Baixos,118912702,18.135,direct
2014,640391,Calçado de couro a cobrir o tornozelo,826,Reino Unido,49699483,7.58,direct
2014,640391,Calçado de couro a cobrir o tornozelo,724,Espanha,46257086,7.055,direct
2014,640391,Calçado de couro a cobrir o tornozelo,208,Dinamarca,37507816,5.72,direct
2014,640391,Calçado de couro a cobrir o tornozelo,643,Rússia,25468883,3.884,direct
2014,640391,Calçado de couro a cobrir o tornozelo,380,Itália,20584671,3.139,direct
2014,640399,Calçado de couro sem cobrir o tornozelo,276,Alemanha,206068338,22.113,direct
2014,640399,Calçado de couro sem cobrir o tornozelo,251,França,186752532,20.04,direct
2014,640399,Calçado de couro sem cobrir o tornozelo,528,Países Baixos,104055188,11.166,direct
2014,640399,Calçado de couro sem cobrir o tornozelo,724,Espanha,88860608,9.535,direct
2014,640399,Calçado de couro sem cobrir o tornozelo,826,Reino Unido,58116471,6.236,direct
2014,640399,Calçado de couro sem cobrir o tornozelo,208,Dinamarca,47161795,5.061,direct
2014,640399,Calçado de couro sem cobrir o tornozelo,842,EUA,34017008,3.65,direct
2014,640399,Calçado de couro sem cobrir o tornozelo,643,Rússia,27486730,2.95,direct
2014,721420,Varões de ferro com saliências (betão armado),12,Argélia,238167646,39.816,direct
2014,721420,Varões de ferro com saliências (betão armado),724,Espanha,133131535,22.257,direct
2014,721420,Varões de ferro com saliências (betão armado),504,Marrocos,44261776,7.4,direct
2014,721420,Varões de ferro com saliências (betão armado),826,Reino Unido,36269450,6.063,direct
2014,721420,Varões de ferro com saliências (betão armado),372,Irlanda,29719989,4.969,direct
2014,721420,Varões de ferro com saliências (betão armado),24,Angola,26331757,4.402,direct
2014,721420,Varões de ferro com saliências (betão armado),842,EUA,23290085,3.894,direct
2014,721420,Varões de ferro com saliências (betão armado),124,Canadá,15107729,2.526,direct
2014,848071,Moldes para borracha ou plástico,724,Espanha,147938299,23.059,direct
2014,848071,Moldes para borracha ou plástico,276,Alemanha,138029712,21.515,direct
2014,848071,Moldes para borracha ou plástico,251,França,102811295,16.025,direct
2014,848071,Moldes para borracha ou plástico,203,Chéquia,47695482,7.434,direct
2014,848071,Moldes para borracha ou plástico,826,Reino Unido,23255487,3.625,direct
2014,848071,Moldes para borracha ou plástico,616,Polónia,21793373,3.397,direct
2014,848071,Moldes para borracha ou plástico,842,EUA,19620846,3.058,direct
2014,848071,Moldes para borracha ou plástico,752,Suécia,19159865,2.986,direct
2014,852721,Autorrádios,276,Alemanha,186357328,36.641,direct
2014,852721,Autorrádios,724,Espanha,110336695,21.694,direct
2014,852721,Autorrádios,56,Bélgica,43837970,8.619,direct
2014,852721,Autorrádios,203,Chéquia,41866302,8.232,direct
2014,852721,Autorrádios,616,Polónia,34121864,6.709,direct
2014,852721,Autorrádios,380,Itália,24332820,4.784,direct
2014,852721,Autorrádios,484,México,20683542,4.067,direct
2014,852721,Autorrádios,826,Reino Unido,19478178,3.83,direct
2014,870322,Automóveis a gasolina 1.000–1.500 cm³,156,China,152512703,77.29,direct
2014,870322,Automóveis a gasolina 1.000–1.500 cm³,792,Turquia,12278439,6.222,direct
2014,870322,Automóveis a gasolina 1.000–1.500 cm³,344,Hong Kong (RAEHK),6320018,3.203,direct
2014,870322,Automóveis a gasolina 1.000–1.500 cm³,528,Países Baixos,5197684,2.634,direct
2014,870322,Automóveis a gasolina 1.000–1.500 cm³,276,Alemanha,4638540,2.351,direct
2014,870322,Automóveis a gasolina 1.000–1.500 cm³,380,Itália,4105798,2.081,direct
2014,870322,Automóveis a gasolina 1.000–1.500 cm³,96,Brunei Darussalam,3745433,1.898,direct
2014,870322,Automóveis a gasolina 1.000–1.500 cm³,56,Bélgica,3560702,1.804,direct
2014,870323,Automóveis a gasolina 1.500–3.000 cm³,156,China,412681911,41.481,direct
2014,870323,Automóveis a gasolina 1.500–3.000 cm³,276,Alemanha,273100569,27.451,direct
2014,870323,Automóveis a gasolina 1.500–3.000 cm³,826,Reino Unido,123216680,12.385,direct
2014,870323,Automóveis a gasolina 1.500–3.000 cm³,251,França,40890142,4.11,direct
2014,870323,Automóveis a gasolina 1.500–3.000 cm³,724,Espanha,36332350,3.652,direct
2014,870323,Automóveis a gasolina 1.500–3.000 cm³,380,Itália,31213893,3.137,direct
2014,870323,Automóveis a gasolina 1.500–3.000 cm³,56,Bélgica,19306553,1.941,direct
2014,870323,Automóveis a gasolina 1.500–3.000 cm³,40,Áustria,16575400,1.666,direct
2014,870332,Automóveis diesel 1.500–2.500 cm³,276,Alemanha,930278250,65.983,direct
2014,870332,Automóveis diesel 1.500–2.500 cm³,724,Espanha,124379688,8.822,direct
2014,870332,Automóveis diesel 1.500–2.500 cm³,826,Reino Unido,123965580,8.793,direct
2014,870332,Automóveis diesel 1.500–2.500 cm³,251,França,82687838,5.865,direct
2014,870332,Automóveis diesel 1.500–2.500 cm³,40,Áustria,59978015,4.254,direct
2014,870332,Automóveis diesel 1.500–2.500 cm³,380,Itália,38147857,2.706,direct
2014,870332,Automóveis diesel 1.500–2.500 cm³,56,Bélgica,18345938,1.301,direct
2014,870332,Automóveis diesel 1.500–2.500 cm³,442,Luxemburgo,6067711,0.43,direct
2014,870421,Camiões diesel até 5 t,251,França,332582046,59.202,direct
2014,870421,Camiões diesel até 5 t,724,Espanha,55296086,9.843,direct
2014,870421,Camiões diesel até 5 t,826,Reino Unido,50557167,9.0,direct
2014,870421,Camiões diesel até 5 t,380,Itália,27791214,4.947,direct
2014,870421,Camiões diesel até 5 t,56,Bélgica,18747012,3.337,direct
2014,870421,Camiões diesel até 5 t,276,Alemanha,18684592,3.326,direct
2014,870421,Camiões diesel até 5 t,528,Países Baixos,12053686,2.146,direct
2014,870421,Camiões diesel até 5 t,757,Suíça,7114367,1.266,direct
2014,870892,Silenciadores e tubos de escape,251,França,192847214,44.531,direct
2014,870892,Silenciadores e tubos de escape,724,Espanha,170934912,39.471,direct
2014,870892,Silenciadores e tubos de escape,826,Reino Unido,33020111,7.625,direct
2014,870892,Silenciadores e tubos de escape,203,Chéquia,18957839,4.378,direct
2014,870892,Silenciadores e tubos de escape,276,Alemanha,5230270,1.208,direct
2014,870892,Silenciadores e tubos de escape,703,Eslováquia,4608709,1.064,direct
2014,870892,Silenciadores e tubos de escape,642,Roménia,2397351,0.554,direct
2014,870892,Silenciadores e tubos de escape,380,Itália,1276671,0.295,direct
2014,870899,Outras partes de veículos,724,Espanha,336316434,34.957,direct
2014,870899,Outras partes de veículos,276,Alemanha,195459905,20.316,direct
2014,870899,Outras partes de veículos,251,França,131508045,13.669,direct
2014,870899,Outras partes de veículos,826,Reino Unido,65063946,6.763,direct
2014,870899,Outras partes de veículos,203,Chéquia,34219756,3.557,direct
2014,870899,Outras partes de veículos,24,Angola,30491162,3.169,direct
2014,870899,Outras partes de veículos,348,Hungria,24529089,2.55,direct
2014,870899,Outras partes de veículos,616,Polónia,20917149,2.174,direct
2014,902920,Contadores e tacómetros,276,Alemanha,53132437,33.793,direct
2014,902920,Contadores e tacómetros,826,Reino Unido,44115732,28.059,direct
2014,902920,Contadores e tacómetros,724,Espanha,32715276,20.808,direct
2014,902920,Contadores e tacómetros,251,França,15723892,10.001,direct
2014,902920,Contadores e tacómetros,56,Bélgica,6951799,4.422,direct
2014,902920,Contadores e tacómetros,642,Roménia,3287884,2.091,direct
2014,902920,Contadores e tacómetros,643,Rússia,556377,0.354,direct
2014,902920,Contadores e tacómetros,842,EUA,333783,0.212,direct
2014,940190,Assentos e partes,724,Espanha,207781362,35.439,direct
2014,940190,Assentos e partes,276,Alemanha,120170828,20.496,direct
2014,940190,Assentos e partes,251,França,88169886,15.038,direct
2014,940190,Assentos e partes,826,Reino Unido,51425515,8.771,direct
2014,940190,Assentos e partes,348,Hungria,39223597,6.69,direct
2014,940190,Assentos e partes,752,Suécia,32392098,5.525,direct
2014,940190,Assentos e partes,528,Países Baixos,20449226,3.488,direct
2014,940190,Assentos e partes,56,Bélgica,8741600,1.491,direct
2014,999999,Mercadorias não especificadas,837,Bunkers,32653763,94.639,direct
2014,999999,Mercadorias não especificadas,44,Bahamas,446397,1.294,direct
2014,999999,Mercadorias não especificadas,478,Mauritânia,405954,1.177,direct
2014,999999,Mercadorias não especificadas,470,Malta,187647,0.544,direct
2014,999999,Mercadorias não especificadas,702,Singapura,163755,0.475,direct
2014,999999,Mercadorias não especificadas,132,Cabo Verde,105900,0.307,direct
2014,999999,Mercadorias não especificadas,862,Venezuela,86037,0.249,direct
2014,999999,Mercadorias não especificadas,251,França,81234,0.235,direct
2014,220421,Vinho tranquilo até 2 L,251,França,132222677,15.351,mirror
2014,220421,Vinho tranquilo até 2 L,826,Reino Unido,98967244,11.49,mirror
2014,220421,Vinho tranquilo até 2 L,842,EUA,92518083,10.741,mirror
2014,220421,Vinho tranquilo até 2 L,24,Angola,84885363,9.855,mirror
2014,220421,Vinho tranquilo até 2 L,56,Bélgica,58079532,6.743,mirror
2014,220421,Vinho tranquilo até 2 L,276,Alemanha,50267791,5.836,mirror
2014,220421,Vinho tranquilo até 2 L,124,Canadá,47328660,5.495,mirror
2014,220421,Vinho tranquilo até 2 L,528,Países Baixos,41764835,4.849,mirror
2014,240220,Cigarros,724,Espanha,458798019,59.286,mirror
2014,240220,Cigarros,826,Reino Unido,139179845,17.985,mirror
2014,240220,Cigarros,380,Itália,74427893,9.618,mirror
2014,240220,Cigarros,579,Noruega,35187874,4.547,mirror
2014,240220,Cigarros,246,Finlândia,27845570,3.598,mirror
2014,240220,Cigarros,372,Irlanda,11969550,1.547,mirror
2014,240220,Cigarros,251,França,10863012,1.404,mirror
2014,240220,Cigarros,24,Angola,2347157,0.303,mirror
2014,271012,Gasolinas e destilados leves,842,EUA,810917486,73.767,mirror
2014,271012,Gasolinas e destilados leves,528,Países Baixos,219719194,19.987,mirror
2014,271012,Gasolinas e destilados leves,380,Itália,21025982,1.913,mirror
2014,271012,Gasolinas e destilados leves,208,Dinamarca,11288218,1.027,mirror
2014,271012,Gasolinas e destilados leves,826,Reino Unido,9677757,0.88,mirror
2014,271012,Gasolinas e destilados leves,724,Espanha,9342874,0.85,mirror
2014,271012,Gasolinas e destilados leves,792,Turquia,6435589,0.585,mirror
2014,271012,Gasolinas e destilados leves,276,Alemanha,5439942,0.495,mirror
2014,271019,Gasóleo e combustíveis médios e pesados,724,Espanha,763433828,50.103,mirror
2014,271019,Gasóleo e combustíveis médios e pesados,251,França,376998322,24.742,mirror
2014,271019,Gasóleo e combustíveis médios e pesados,792,Turquia,64247281,4.216,mirror
2014,271019,Gasóleo e combustíveis médios e pesados,504,Marrocos,63876195,4.192,mirror
2014,271019,Gasóleo e combustíveis médios e pesados,752,Suécia,46189951,3.031,mirror
2014,271019,Gasóleo e combustíveis médios e pesados,842,EUA,39268074,2.577,mirror
2014,271019,Gasóleo e combustíveis médios e pesados,56,Bélgica,27399396,1.798,mirror
2014,271019,Gasóleo e combustíveis médios e pesados,24,Angola,26721199,1.754,mirror
2014,300490,Medicamentos,842,EUA,167211006,20.35,mirror
2014,300490,Medicamentos,276,Alemanha,92055178,11.203,mirror
2014,300490,Medicamentos,24,Angola,84731473,10.312,mirror
2014,300490,Medicamentos,826,Reino Unido,79931002,9.728,mirror
2014,300490,Medicamentos,643,Rússia,53071660,6.459,mirror
2014,300490,Medicamentos,251,França,45755884,5.569,mirror
2014,300490,Medicamentos,724,Espanha,41360838,5.034,mirror
2014,300490,Medicamentos,203,Chéquia,34503792,4.199,mirror
2014,401110,Pneus novos,276,Alemanha,403696830,40.349,mirror
2014,401110,Pneus novos,842,EUA,75457014,7.542,mirror
2014,401110,Pneus novos,56,Bélgica,62513828,6.248,mirror
2014,401110,Pneus novos,724,Espanha,58960064,5.893,mirror
2014,401110,Pneus novos,251,França,56059362,5.603,mirror
2014,401110,Pneus novos,826,Reino Unido,50570996,5.054,mirror
2014,401110,Pneus novos,410,Coreia do Sul,38625836,3.861,mirror
2014,401110,Pneus novos,380,Itália,30692720,3.068,mirror
2014,450310,Rolhas de cortiça,842,EUA,157526677,29.709,mirror
2014,450310,Rolhas de cortiça,251,França,117844119,22.225,mirror
2014,450310,Rolhas de cortiça,380,Itália,46414838,8.754,mirror
2014,450310,Rolhas de cortiça,724,Espanha,43123903,8.133,mirror
2014,450310,Rolhas de cortiça,826,Reino Unido,26173315,4.936,mirror
2014,450310,Rolhas de cortiça,152,Chile,21746674,4.101,mirror
2014,450310,Rolhas de cortiça,32,Argentina,17945579,3.385,mirror
2014,450310,Rolhas de cortiça,484,México,17893809,3.375,mirror
2014,450410,Cortiça aglomerada,251,França,67956274,17.693,mirror
2014,450410,Cortiça aglomerada,276,Alemanha,53044113,13.81,mirror
2014,450410,Cortiça aglomerada,380,Itália,50050263,13.031,mirror
2014,450410,Cortiça aglomerada,842,EUA,48012499,12.5,mirror
2014,450410,Cortiça aglomerada,643,Rússia,41752416,10.87,mirror
2014,450410,Cortiça aglomerada,724,Espanha,16786509,4.37,mirror
2014,450410,Cortiça aglomerada,156,China,13835075,3.602,mirror
2014,450410,Cortiça aglomerada,757,Suíça,9073964,2.362,mirror
2014,470329,Pasta de madeira química,276,Alemanha,213782036,28.756,mirror
2014,470329,Pasta de madeira química,724,Espanha,107731278,14.491,mirror
2014,470329,Pasta de madeira química,528,Países Baixos,97327766,13.092,mirror
2014,470329,Pasta de madeira química,251,França,66900982,8.999,mirror
2014,470329,Pasta de madeira química,616,Polónia,61334897,8.25,mirror
2014,470329,Pasta de madeira química,792,Turquia,57467558,7.73,mirror
2014,470329,Pasta de madeira química,752,Suécia,53788658,7.235,mirror
2014,470329,Pasta de madeira química,826,Reino Unido,24206395,3.256,mirror
2014,480256,Papel para escrita e impressão,842,EUA,171158089,21.712,mirror
2014,480256,Papel para escrita e impressão,276,Alemanha,121824655,15.454,mirror
2014,480256,Papel para escrita e impressão,251,França,84405997,10.707,mirror
2014,480256,Papel para escrita e impressão,380,Itália,83410899,10.581,mirror
2014,480256,Papel para escrita e impressão,724,Espanha,64129424,8.135,mirror
2014,480256,Papel para escrita e impressão,826,Reino Unido,25746020,3.266,mirror
2014,480256,Papel para escrita e impressão,56,Bélgica,23698955,3.006,mirror
2014,480256,Papel para escrita e impressão,818,Egito,22128400,2.807,mirror
2014,610910,T-shirts de algodão,724,Espanha,199420926,28.828,mirror
2014,610910,T-shirts de algodão,251,França,105763920,15.289,mirror
2014,610910,T-shirts de algodão,276,Alemanha,79590597,11.505,mirror
2014,610910,T-shirts de algodão,826,Reino Unido,46437864,6.713,mirror
2014,610910,T-shirts de algodão,380,Itália,34725828,5.02,mirror
2014,610910,T-shirts de algodão,156,China,22459532,3.247,mirror
2014,610910,T-shirts de algodão,842,EUA,15686418,2.268,mirror
2014,610910,T-shirts de algodão,40,Áustria,13623701,1.969,mirror
2014,640391,Calçado de couro a cobrir o tornozelo,276,Alemanha,195894296,22.16,mirror
2014,640391,Calçado de couro a cobrir o tornozelo,528,Países Baixos,166362100,18.819,mirror
2014,640391,Calçado de couro a cobrir o tornozelo,251,França,132044712,14.937,mirror
2014,640391,Calçado de couro a cobrir o tornozelo,826,Reino Unido,50059595,5.663,mirror
2014,640391,Calçado de couro a cobrir o tornozelo,724,Espanha,47110491,5.329,mirror
2014,640391,Calçado de couro a cobrir o tornozelo,208,Dinamarca,35747637,4.044,mirror
2014,640391,Calçado de couro a cobrir o tornozelo,842,EUA,29603597,3.349,mirror
2014,640391,Calçado de couro a cobrir o tornozelo,643,Rússia,28842321,3.263,mirror
2014,640399,Calçado de couro sem cobrir o tornozelo,251,França,225162652,20.763,mirror
2014,640399,Calçado de couro sem cobrir o tornozelo,276,Alemanha,195923224,18.066,mirror
2014,640399,Calçado de couro sem cobrir o tornozelo,528,Países Baixos,115947693,10.692,mirror
2014,640399,Calçado de couro sem cobrir o tornozelo,724,Espanha,100286585,9.248,mirror
2014,640399,Calçado de couro sem cobrir o tornozelo,826,Reino Unido,55275855,5.097,mirror
2014,640399,Calçado de couro sem cobrir o tornozelo,842,EUA,48277427,4.452,mirror
2014,640399,Calçado de couro sem cobrir o tornozelo,643,Rússia,37449940,3.453,mirror
2014,640399,Calçado de couro sem cobrir o tornozelo,208,Dinamarca,37159051,3.426,mirror
2014,721420,Varões de ferro com saliências (betão armado),12,Argélia,238038010,47.439,mirror
2014,721420,Varões de ferro com saliências (betão armado),724,Espanha,131171482,26.141,mirror
2014,721420,Varões de ferro com saliências (betão armado),504,Marrocos,32520902,6.481,mirror
2014,721420,Varões de ferro com saliências (betão armado),372,Irlanda,24712972,4.925,mirror
2014,721420,Varões de ferro com saliências (betão armado),826,Reino Unido,24387747,4.86,mirror
2014,721420,Varões de ferro com saliências (betão armado),124,Canadá,14514572,2.893,mirror
2014,721420,Varões de ferro com saliências (betão armado),24,Angola,13409980,2.672,mirror
2014,721420,Varões de ferro com saliências (betão armado),132,Cabo Verde,9603008,1.914,mirror
2014,848071,Moldes para borracha ou plástico,276,Alemanha,79135718,29.692,mirror
2014,848071,Moldes para borracha ou plástico,251,França,32799563,12.307,mirror
2014,848071,Moldes para borracha ou plástico,842,EUA,23805427,8.932,mirror
2014,848071,Moldes para borracha ou plástico,724,Espanha,20343468,7.633,mirror
2014,848071,Moldes para borracha ou plástico,484,México,19904750,7.468,mirror
2014,848071,Moldes para borracha ou plástico,203,Chéquia,17856703,6.7,mirror
2014,848071,Moldes para borracha ou plástico,643,Rússia,16675048,6.257,mirror
2014,848071,Moldes para borracha ou plástico,56,Bélgica,6655078,2.497,mirror
2014,852721,Autorrádios,276,Alemanha,156856800,29.825,mirror
2014,852721,Autorrádios,724,Espanha,98244463,18.681,mirror
2014,852721,Autorrádios,156,China,58785515,11.178,mirror
2014,852721,Autorrádios,56,Bélgica,44819731,8.522,mirror
2014,852721,Autorrádios,792,Turquia,41341294,7.861,mirror
2014,852721,Autorrádios,616,Polónia,36244120,6.892,mirror
2014,852721,Autorrádios,203,Chéquia,31740624,6.035,mirror
2014,852721,Autorrádios,380,Itália,18515069,3.521,mirror
2014,870322,Automóveis a gasolina 1.000–1.500 cm³,156,China,155675216,43.987,mirror
2014,870322,Automóveis a gasolina 1.000–1.500 cm³,392,Japão,38873496,10.984,mirror
2014,870322,Automóveis a gasolina 1.000–1.500 cm³,276,Alemanha,28598484,8.081,mirror
2014,870322,Automóveis a gasolina 1.000–1.500 cm³,724,Espanha,22647673,6.399,mirror
2014,870322,Automóveis a gasolina 1.000–1.500 cm³,757,Suíça,21473064,6.067,mirror
2014,870322,Automóveis a gasolina 1.000–1.500 cm³,826,Reino Unido,17417224,4.921,mirror
2014,870322,Automóveis a gasolina 1.000–1.500 cm³,792,Turquia,13794903,3.898,mirror
2014,870322,Automóveis a gasolina 1.000–1.500 cm³,344,Hong Kong (RAEHK),6787560,1.918,mirror
2014,870323,Automóveis a gasolina 1.500–3.000 cm³,156,China,401461718,60.438,mirror
2014,870323,Automóveis a gasolina 1.500–3.000 cm³,842,EUA,85212018,12.828,mirror
2014,870323,Automóveis a gasolina 1.500–3.000 cm³,276,Alemanha,42267228,6.363,mirror
2014,870323,Automóveis a gasolina 1.500–3.000 cm³,251,França,32287228,4.861,mirror
2014,870323,Automóveis a gasolina 1.500–3.000 cm³,826,Reino Unido,19327661,2.91,mirror
2014,870323,Automóveis a gasolina 1.500–3.000 cm³,757,Suíça,14781453,2.225,mirror
2014,870323,Automóveis a gasolina 1.500–3.000 cm³,124,Canadá,10878746,1.638,mirror
2014,870323,Automóveis a gasolina 1.500–3.000 cm³,56,Bélgica,8012226,1.206,mirror
2014,870332,Automóveis diesel 1.500–2.500 cm³,276,Alemanha,343051240,20.379,mirror
2014,870332,Automóveis diesel 1.500–2.500 cm³,826,Reino Unido,274663412,16.316,mirror
2014,870332,Automóveis diesel 1.500–2.500 cm³,40,Áustria,268410364,15.945,mirror
2014,870332,Automóveis diesel 1.500–2.500 cm³,724,Espanha,224989961,13.365,mirror
2014,870332,Automóveis diesel 1.500–2.500 cm³,251,França,141320778,8.395,mirror
2014,870332,Automóveis diesel 1.500–2.500 cm³,757,Suíça,139240371,8.271,mirror
2014,870332,Automóveis diesel 1.500–2.500 cm³,56,Bélgica,91526884,5.437,mirror
2014,870332,Automóveis diesel 1.500–2.500 cm³,380,Itália,69879054,4.151,mirror
2014,870421,Camiões diesel até 5 t,251,França,309866502,57.004,mirror
2014,870421,Camiões diesel até 5 t,724,Espanha,51056785,9.393,mirror
2014,870421,Camiões diesel até 5 t,826,Reino Unido,47841579,8.801,mirror
2014,870421,Camiões diesel até 5 t,56,Bélgica,28683059,5.277,mirror
2014,870421,Camiões diesel até 5 t,380,Itália,27568410,5.072,mirror
2014,870421,Camiões diesel até 5 t,276,Alemanha,16191083,2.979,mirror
2014,870421,Camiões diesel até 5 t,528,Países Baixos,11890078,2.187,mirror
2014,870421,Camiões diesel até 5 t,372,Irlanda,9384574,1.726,mirror
2014,870892,Silenciadores e tubos de escape,251,França,59976247,49.632,mirror
2014,870892,Silenciadores e tubos de escape,724,Espanha,28873591,23.893,mirror
2014,870892,Silenciadores e tubos de escape,826,Reino Unido,17581237,14.549,mirror
2014,870892,Silenciadores e tubos de escape,203,Chéquia,3096258,2.562,mirror
2014,870892,Silenciadores e tubos de escape,276,Alemanha,2553390,2.113,mirror
2014,870892,Silenciadores e tubos de escape,392,Japão,1735244,1.436,mirror
2014,870892,Silenciadores e tubos de escape,348,Hungria,1115018,0.923,mirror
2014,870892,Silenciadores e tubos de escape,12,Argélia,1073245,0.888,mirror
2014,870899,Outras partes de veículos,724,Espanha,539368563,59.586,mirror
2014,870899,Outras partes de veículos,251,França,107197682,11.843,mirror
2014,870899,Outras partes de veículos,276,Alemanha,90097045,9.953,mirror
2014,870899,Outras partes de veículos,752,Suécia,37008898,4.089,mirror
2014,870899,Outras partes de veículos,826,Reino Unido,25673073,2.836,mirror
2014,870899,Outras partes de veículos,380,Itália,10893802,1.203,mirror
2014,870899,Outras partes de veículos,76,Brasil,10497836,1.16,mirror
2014,870899,Outras partes de veículos,24,Angola,10216883,1.129,mirror
2014,902920,Contadores e tacómetros,276,Alemanha,31243475,30.125,mirror
2014,902920,Contadores e tacómetros,724,Espanha,23665917,22.819,mirror
2014,902920,Contadores e tacómetros,826,Reino Unido,19905620,19.193,mirror
2014,902920,Contadores e tacómetros,56,Bélgica,16588648,15.995,mirror
2014,902920,Contadores e tacómetros,642,Roménia,3850579,3.713,mirror
2014,902920,Contadores e tacómetros,203,Chéquia,3488320,3.363,mirror
2014,902920,Contadores e tacómetros,792,Turquia,2724100,2.627,mirror
2014,902920,Contadores e tacómetros,842,EUA,1502362,1.449,mirror
2014,940190,Assentos e partes,724,Espanha,201102691,29.809,mirror
2014,940190,Assentos e partes,276,Alemanha,179935645,26.671,mirror
2014,940190,Assentos e partes,251,França,106318806,15.759,mirror
2014,940190,Assentos e partes,826,Reino Unido,68863836,10.207,mirror
2014,940190,Assentos e partes,348,Hungria,48453983,7.182,mirror
2014,940190,Assentos e partes,528,Países Baixos,19844446,2.941,mirror
2014,940190,Assentos e partes,56,Bélgica,9721172,1.441,mirror
2014,940190,Assentos e partes,203,Chéquia,9606361,1.424,mirror
2014,999999,Mercadorias não especificadas,276,Alemanha,433851670,37.224,mirror
2014,999999,Mercadorias não especificadas,484,México,230951906,19.815,mirror
2014,999999,Mercadorias não especificadas,24,Angola,187828347,16.115,mirror
2014,999999,Mercadorias não especificadas,842,EUA,114518783,9.825,mirror
2014,999999,Mercadorias não especificadas,380,Itália,47425548,4.069,mirror
2014,999999,Mercadorias não especificadas,246,Finlândia,24699940,2.119,mirror
2014,999999,Mercadorias não especificadas,710,África do Sul,16396159,1.407,mirror
2014,999999,Mercadorias não especificadas,752,Suécia,15368167,1.319,mirror
2015,220421,Vinho tranquilo até 2 L,251,França,115877879,15.393,direct
2015,220421,Vinho tranquilo até 2 L,826,Reino Unido,84482427,11.223,direct
2015,220421,Vinho tranquilo até 2 L,842,EUA,74734226,9.928,direct
2015,220421,Vinho tranquilo até 2 L,24,Angola,60234840,8.002,direct
2015,220421,Vinho tranquilo até 2 L,56,Bélgica,52338244,6.953,direct
2015,220421,Vinho tranquilo até 2 L,528,Países Baixos,51605257,6.855,direct
2015,220421,Vinho tranquilo até 2 L,276,Alemanha,43132292,5.73,direct
2015,220421,Vinho tranquilo até 2 L,124,Canadá,41622744,5.529,direct
2015,240220,Cigarros,724,Espanha,335363547,48.61,direct
2015,240220,Cigarros,251,França,152965594,22.172,direct
2015,240220,Cigarros,826,Reino Unido,72811793,10.554,direct
2015,240220,Cigarros,380,Itália,48670367,7.055,direct
2015,240220,Cigarros,579,Noruega,44071004,6.388,direct
2015,240220,Cigarros,372,Irlanda,9183458,1.331,direct
2015,240220,Cigarros,246,Finlândia,6536122,0.947,direct
2015,240220,Cigarros,528,Países Baixos,6049937,0.877,direct
2015,271012,Gasolinas e destilados leves,842,EUA,742357613,63.939,direct
2015,271012,Gasolinas e destilados leves,528,Países Baixos,264076567,22.745,direct
2015,271012,Gasolinas e destilados leves,56,Bélgica,39328515,3.387,direct
2015,271012,Gasolinas e destilados leves,724,Espanha,39069352,3.365,direct
2015,271012,Gasolinas e destilados leves,508,Moçambique,16962842,1.461,direct
2015,271012,Gasolinas e destilados leves,788,Tunisia,14998273,1.292,direct
2015,271012,Gasolinas e destilados leves,292,Gibraltar,8972225,0.773,direct
2015,271012,Gasolinas e destilados leves,826,Reino Unido,7510231,0.647,direct
2015,271019,Gasóleo e combustíveis médios e pesados,724,Espanha,850445346,32.787,direct
2015,271019,Gasóleo e combustíveis médios e pesados,837,Bunkers,849470369,32.749,direct
2015,271019,Gasóleo e combustíveis médios e pesados,251,França,261548141,10.083,direct
2015,271019,Gasóleo e combustíveis médios e pesados,504,Marrocos,231390281,8.921,direct
2015,271019,Gasóleo e combustíveis médios e pesados,292,Gibraltar,210115231,8.1,direct
2015,271019,Gasóleo e combustíveis médios e pesados,32,Argentina,32827906,1.266,direct
2015,271019,Gasóleo e combustíveis médios e pesados,624,Guiné-Bissau,22971892,0.886,direct
2015,271019,Gasóleo e combustíveis médios e pesados,24,Angola,18970762,0.731,direct
2015,300490,Medicamentos,276,Alemanha,123765414,17.935,direct
2015,300490,Medicamentos,842,EUA,122472867,17.748,direct
2015,300490,Medicamentos,826,Reino Unido,89254776,12.934,direct
2015,300490,Medicamentos,24,Angola,61347183,8.89,direct
2015,300490,Medicamentos,251,França,41428936,6.004,direct
2015,300490,Medicamentos,56,Bélgica,41027359,5.945,direct
2015,300490,Medicamentos,862,Venezuela,33153681,4.804,direct
2015,300490,Medicamentos,724,Espanha,26765582,3.879,direct
2015,401110,Pneus novos,276,Alemanha,279619547,28.481,direct
2015,401110,Pneus novos,842,EUA,112730993,11.482,direct
2015,401110,Pneus novos,724,Espanha,112570076,11.466,direct
2015,401110,Pneus novos,826,Reino Unido,68438646,6.971,direct
2015,401110,Pneus novos,251,França,48549112,4.945,direct
2015,401110,Pneus novos,528,Países Baixos,45870126,4.672,direct
2015,401110,Pneus novos,56,Bélgica,44601717,4.543,direct
2015,401110,Pneus novos,410,Coreia do Sul,34366197,3.5,direct
2015,450310,Rolhas de cortiça,842,EUA,114382179,26.069,direct
2015,450310,Rolhas de cortiça,251,França,100607976,22.93,direct
2015,450310,Rolhas de cortiça,724,Espanha,53198179,12.124,direct
2015,450310,Rolhas de cortiça,380,Itália,36818968,8.391,direct
2015,450310,Rolhas de cortiça,826,Reino Unido,17909961,4.082,direct
2015,450310,Rolhas de cortiça,152,Chile,16873378,3.846,direct
2015,450310,Rolhas de cortiça,484,México,16337964,3.724,direct
2015,450310,Rolhas de cortiça,32,Argentina,16174223,3.686,direct
2015,450410,Cortiça aglomerada,842,EUA,77222158,16.836,direct
2015,450410,Cortiça aglomerada,251,França,70922062,15.463,direct
2015,450410,Cortiça aglomerada,380,Itália,57927508,12.63,direct
2015,450410,Cortiça aglomerada,276,Alemanha,55338018,12.065,direct
2015,450410,Cortiça aglomerada,643,Rússia,31093663,6.779,direct
2015,450410,Cortiça aglomerada,724,Espanha,30815501,6.719,direct
2015,450410,Cortiça aglomerada,156,China,12978194,2.83,direct
2015,450410,Cortiça aglomerada,152,Chile,8697867,1.896,direct
2015,470329,Pasta de madeira química,724,Espanha,136954801,23.615,direct
2015,470329,Pasta de madeira química,276,Alemanha,123776874,21.343,direct
2015,470329,Pasta de madeira química,616,Polónia,69442894,11.974,direct
2015,470329,Pasta de madeira química,528,Países Baixos,65842620,11.353,direct
2015,470329,Pasta de madeira química,380,Itália,45679327,7.877,direct
2015,470329,Pasta de madeira química,792,Turquia,41072151,7.082,direct
2015,470329,Pasta de madeira química,752,Suécia,33569628,5.788,direct
2015,470329,Pasta de madeira química,251,França,22552125,3.889,direct
2015,480256,Papel para escrita e impressão,842,EUA,108101378,14.873,direct
2015,480256,Papel para escrita e impressão,251,França,90654809,12.472,direct
2015,480256,Papel para escrita e impressão,724,Espanha,89856578,12.363,direct
2015,480256,Papel para escrita e impressão,276,Alemanha,79674117,10.962,direct
2015,480256,Papel para escrita e impressão,380,Itália,69496409,9.561,direct
2015,480256,Papel para escrita e impressão,826,Reino Unido,62696587,8.626,direct
2015,480256,Papel para escrita e impressão,56,Bélgica,22116584,3.043,direct
2015,480256,Papel para escrita e impressão,818,Egito,17570312,2.417,direct
2015,610910,T-shirts de algodão,724,Espanha,284073859,46.264,direct
2015,610910,T-shirts de algodão,251,França,90443535,14.73,direct
2015,610910,T-shirts de algodão,276,Alemanha,65882330,10.73,direct
2015,610910,T-shirts de algodão,826,Reino Unido,56487112,9.2,direct
2015,610910,T-shirts de algodão,380,Itália,32705574,5.326,direct
2015,610910,T-shirts de algodão,528,Países Baixos,17328981,2.822,direct
2015,610910,T-shirts de algodão,752,Suécia,9628705,1.568,direct
2015,610910,T-shirts de algodão,842,EUA,8949139,1.457,direct
2015,640391,Calçado de couro a cobrir o tornozelo,276,Alemanha,94482087,19.973,direct
2015,640391,Calçado de couro a cobrir o tornozelo,251,França,87948880,18.592,direct
2015,640391,Calçado de couro a cobrir o tornozelo,528,Países Baixos,87092562,18.411,direct
2015,640391,Calçado de couro a cobrir o tornozelo,826,Reino Unido,40909996,8.648,direct
2015,640391,Calçado de couro a cobrir o tornozelo,724,Espanha,32785945,6.931,direct
2015,640391,Calçado de couro a cobrir o tornozelo,208,Dinamarca,23805108,5.032,direct
2015,640391,Calçado de couro a cobrir o tornozelo,842,EUA,13915987,2.942,direct
2015,640391,Calçado de couro a cobrir o tornozelo,380,Itália,11821665,2.499,direct
2015,640399,Calçado de couro sem cobrir o tornozelo,276,Alemanha,183511730,22.129,direct
2015,640399,Calçado de couro sem cobrir o tornozelo,251,França,152425141,18.38,direct
2015,640399,Calçado de couro sem cobrir o tornozelo,528,Países Baixos,106402764,12.831,direct
2015,640399,Calçado de couro sem cobrir o tornozelo,724,Espanha,77481786,9.343,direct
2015,640399,Calçado de couro sem cobrir o tornozelo,826,Reino Unido,51287449,6.185,direct
2015,640399,Calçado de couro sem cobrir o tornozelo,208,Dinamarca,41608200,5.017,direct
2015,640399,Calçado de couro sem cobrir o tornozelo,842,EUA,40150484,4.842,direct
2015,640399,Calçado de couro sem cobrir o tornozelo,56,Bélgica,23090656,2.784,direct
2015,721420,Varões de ferro com saliências (betão armado),12,Argélia,120656684,27.223,direct
2015,721420,Varões de ferro com saliências (betão armado),724,Espanha,100102179,22.585,direct
2015,721420,Varões de ferro com saliências (betão armado),124,Canadá,87447747,19.73,direct
2015,721420,Varões de ferro com saliências (betão armado),826,Reino Unido,31069822,7.01,direct
2015,721420,Varões de ferro com saliências (betão armado),372,Irlanda,22012505,4.967,direct
2015,721420,Varões de ferro com saliências (betão armado),504,Marrocos,20894968,4.714,direct
2015,721420,Varões de ferro com saliências (betão armado),24,Angola,13061410,2.947,direct
2015,721420,Varões de ferro com saliências (betão armado),226,Guiné Equatorial,8171283,1.844,direct
2015,848071,Moldes para borracha ou plástico,276,Alemanha,127876255,22.356,direct
2015,848071,Moldes para borracha ou plástico,251,França,106347148,18.593,direct
2015,848071,Moldes para borracha ou plástico,724,Espanha,96756186,16.916,direct
2015,848071,Moldes para borracha ou plástico,826,Reino Unido,34439084,6.021,direct
2015,848071,Moldes para borracha ou plástico,203,Chéquia,28158153,4.923,direct
2015,848071,Moldes para borracha ou plástico,616,Polónia,23395249,4.09,direct
2015,848071,Moldes para borracha ou plástico,484,México,16186976,2.83,direct
2015,848071,Moldes para borracha ou plástico,842,EUA,13859899,2.423,direct
2015,852721,Autorrádios,276,Alemanha,243381501,56.361,direct
2015,852721,Autorrádios,724,Espanha,64825799,15.012,direct
2015,852721,Autorrádios,56,Bélgica,35262902,8.166,direct
2015,852721,Autorrádios,616,Polónia,22434985,5.195,direct
2015,852721,Autorrádios,380,Itália,16000243,3.705,direct
2015,852721,Autorrádios,826,Reino Unido,11860992,2.747,direct
2015,852721,Autorrádios,792,Turquia,8429781,1.952,direct
2015,852721,Autorrádios,203,Chéquia,6830088,1.582,direct
2015,870322,Automóveis a gasolina 1.000–1.500 cm³,156,China,67542092,59.698,direct
2015,870322,Automóveis a gasolina 1.000–1.500 cm³,792,Turquia,10843969,9.585,direct
2015,870322,Automóveis a gasolina 1.000–1.500 cm³,380,Itália,6498123,5.743,direct
2015,870322,Automóveis a gasolina 1.000–1.500 cm³,276,Alemanha,5715880,5.052,direct
2015,870322,Automóveis a gasolina 1.000–1.500 cm³,442,Luxemburgo,5272996,4.661,direct
2015,870322,Automóveis a gasolina 1.000–1.500 cm³,528,Países Baixos,3371744,2.98,direct
2015,870322,Automóveis a gasolina 1.000–1.500 cm³,724,Espanha,3135438,2.771,direct
2015,870322,Automóveis a gasolina 1.000–1.500 cm³,96,Brunei Darussalam,2778947,2.456,direct
2015,870323,Automóveis a gasolina 1.500–3.000 cm³,156,China,305018350,34.617,direct
2015,870323,Automóveis a gasolina 1.500–3.000 cm³,276,Alemanha,289535884,32.86,direct
2015,870323,Automóveis a gasolina 1.500–3.000 cm³,826,Reino Unido,117877370,13.378,direct
2015,870323,Automóveis a gasolina 1.500–3.000 cm³,56,Bélgica,35871602,4.071,direct
2015,870323,Automóveis a gasolina 1.500–3.000 cm³,251,França,31253097,3.547,direct
2015,870323,Automóveis a gasolina 1.500–3.000 cm³,724,Espanha,30934600,3.511,direct
2015,870323,Automóveis a gasolina 1.500–3.000 cm³,380,Itália,28434806,3.227,direct
2015,870323,Automóveis a gasolina 1.500–3.000 cm³,528,Países Baixos,10574899,1.2,direct
2015,870332,Automóveis diesel 1.500–2.500 cm³,276,Alemanha,820309963,64.452,direct
2015,870332,Automóveis diesel 1.500–2.500 cm³,724,Espanha,161503834,12.689,direct
2015,870332,Automóveis diesel 1.500–2.500 cm³,826,Reino Unido,120413912,9.461,direct
2015,870332,Automóveis diesel 1.500–2.500 cm³,40,Áustria,57093802,4.486,direct
2015,870332,Automóveis diesel 1.500–2.500 cm³,251,França,53936271,4.238,direct
2015,870332,Automóveis diesel 1.500–2.500 cm³,380,Itália,32902956,2.585,direct
2015,870332,Automóveis diesel 1.500–2.500 cm³,56,Bélgica,11428108,0.898,direct
2015,870332,Automóveis diesel 1.500–2.500 cm³,442,Luxemburgo,4744546,0.373,direct
2015,870421,Camiões diesel até 5 t,251,França,202381007,49.344,direct
2015,870421,Camiões diesel até 5 t,724,Espanha,60331077,14.71,direct
2015,870421,Camiões diesel até 5 t,380,Itália,24061980,5.867,direct
2015,870421,Camiões diesel até 5 t,826,Reino Unido,20471691,4.991,direct
2015,870421,Camiões diesel até 5 t,276,Alemanha,18405838,4.488,direct
2015,870421,Camiões diesel até 5 t,56,Bélgica,17785633,4.336,direct
2015,870421,Camiões diesel até 5 t,710,África do Sul,14981090,3.653,direct
2015,870421,Camiões diesel até 5 t,528,Países Baixos,10448873,2.548,direct
2015,870892,Silenciadores e tubos de escape,251,França,284332438,46.274,direct
2015,870892,Silenciadores e tubos de escape,724,Espanha,214873915,34.97,direct
2015,870892,Silenciadores e tubos de escape,826,Reino Unido,87448575,14.232,direct
2015,870892,Silenciadores e tubos de escape,203,Chéquia,18602510,3.027,direct
2015,870892,Silenciadores e tubos de escape,484,México,3088604,0.503,direct
2015,870892,Silenciadores e tubos de escape,276,Alemanha,2271516,0.37,direct
2015,870892,Silenciadores e tubos de escape,12,Argélia,842976,0.137,direct
2015,870892,Silenciadores e tubos de escape,380,Itália,755652,0.123,direct
2015,870899,Outras partes de veículos,724,Espanha,328099283,40.18,direct
2015,870899,Outras partes de veículos,251,França,139881195,17.13,direct
2015,870899,Outras partes de veículos,276,Alemanha,126216334,15.457,direct
2015,870899,Outras partes de veículos,826,Reino Unido,39561835,4.845,direct
2015,870899,Outras partes de veículos,348,Hungria,20468499,2.507,direct
2015,870899,Outras partes de veículos,203,Chéquia,19431771,2.38,direct
2015,870899,Outras partes de veículos,380,Itália,18783035,2.3,direct
2015,870899,Outras partes de veículos,56,Bélgica,18156053,2.223,direct
2015,902920,Contadores e tacómetros,724,Espanha,55421210,36.522,direct
2015,902920,Contadores e tacómetros,826,Reino Unido,53850964,35.487,direct
2015,902920,Contadores e tacómetros,276,Alemanha,21268799,14.016,direct
2015,902920,Contadores e tacómetros,251,França,11147345,7.346,direct
2015,902920,Contadores e tacómetros,203,Chéquia,5911546,3.896,direct
2015,902920,Contadores e tacómetros,642,Roménia,2483362,1.636,direct
2015,902920,Contadores e tacómetros,124,Canadá,659764,0.435,direct
2015,902920,Contadores e tacómetros,643,Rússia,459976,0.303,direct
2015,940190,Assentos e partes,724,Espanha,199451723,33.248,direct
2015,940190,Assentos e partes,251,França,118513609,19.756,direct
2015,940190,Assentos e partes,276,Alemanha,98080329,16.35,direct
2015,940190,Assentos e partes,826,Reino Unido,47444702,7.909,direct
2015,940190,Assentos e partes,348,Hungria,37324296,6.222,direct
2015,940190,Assentos e partes,752,Suécia,24840354,4.141,direct
2015,940190,Assentos e partes,703,Eslováquia,24098575,4.017,direct
2015,940190,Assentos e partes,528,Países Baixos,17121174,2.854,direct
2015,999999,Mercadorias não especificadas,837,Bunkers,105633078,98.747,direct
2015,999999,Mercadorias não especificadas,478,Mauritânia,281212,0.263,direct
2015,999999,Mercadorias não especificadas,584,Marshall Isds,255094,0.238,direct
2015,999999,Mercadorias não especificadas,470,Malta,204675,0.191,direct
2015,999999,Mercadorias não especificadas,300,Grécia,139545,0.13,direct
2015,999999,Mercadorias não especificadas,276,Alemanha,101607,0.095,direct
2015,999999,Mercadorias não especificadas,132,Cabo Verde,39013,0.036,direct
2015,999999,Mercadorias não especificadas,430,Liberia,37391,0.035,direct
2015,220421,Vinho tranquilo até 2 L,251,França,108406684,14.502,mirror
2015,220421,Vinho tranquilo até 2 L,842,EUA,95989582,12.841,mirror
2015,220421,Vinho tranquilo até 2 L,826,Reino Unido,81838483,10.948,mirror
2015,220421,Vinho tranquilo até 2 L,24,Angola,65044562,8.701,mirror
2015,220421,Vinho tranquilo até 2 L,56,Bélgica,47782548,6.392,mirror
2015,220421,Vinho tranquilo até 2 L,124,Canadá,44599978,5.966,mirror
2015,220421,Vinho tranquilo até 2 L,276,Alemanha,41972949,5.615,mirror
2015,220421,Vinho tranquilo até 2 L,528,Países Baixos,37910221,5.071,mirror
2015,240220,Cigarros,724,Espanha,514415433,55.346,mirror
2015,240220,Cigarros,251,França,149888792,16.127,mirror
2015,240220,Cigarros,826,Reino Unido,113955597,12.261,mirror
2015,240220,Cigarros,380,Itália,48564791,5.225,mirror
2015,240220,Cigarros,579,Noruega,44081384,4.743,mirror
2015,240220,Cigarros,392,Japão,20001434,2.152,mirror
2015,240220,Cigarros,372,Irlanda,16871613,1.815,mirror
2015,240220,Cigarros,246,Finlândia,6958536,0.749,mirror
2015,271012,Gasolinas e destilados leves,842,EUA,752326481,74.874,mirror
2015,271012,Gasolinas e destilados leves,528,Países Baixos,184980545,18.41,mirror
2015,271012,Gasolinas e destilados leves,724,Espanha,41926563,4.173,mirror
2015,271012,Gasolinas e destilados leves,566,Nigéria,9159139,0.912,mirror
2015,271012,Gasolinas e destilados leves,504,Marrocos,5974866,0.595,mirror
2015,271012,Gasolinas e destilados leves,44,Bahamas,3939834,0.392,mirror
2015,271012,Gasolinas e destilados leves,792,Turquia,2296775,0.229,mirror
2015,271012,Gasolinas e destilados leves,124,Canadá,1682925,0.167,mirror
2015,271019,Gasóleo e combustíveis médios e pesados,724,Espanha,819890121,53.49,mirror
2015,271019,Gasóleo e combustíveis médios e pesados,251,França,347300473,22.658,mirror
2015,271019,Gasóleo e combustíveis médios e pesados,504,Marrocos,218577689,14.26,mirror
2015,271019,Gasóleo e combustíveis médios e pesados,24,Angola,23749486,1.549,mirror
2015,271019,Gasóleo e combustíveis médios e pesados,380,Itália,16256411,1.061,mirror
2015,271019,Gasóleo e combustíveis médios e pesados,124,Canadá,15580481,1.016,mirror
2015,271019,Gasóleo e combustíveis médios e pesados,624,Guiné-Bissau,15132078,0.987,mirror
2015,271019,Gasóleo e combustíveis médios e pesados,566,Nigéria,13090678,0.854,mirror
2015,300490,Medicamentos,842,EUA,133807751,19.468,mirror
2015,300490,Medicamentos,826,Reino Unido,92395706,13.443,mirror
2015,300490,Medicamentos,276,Alemanha,75146988,10.933,mirror
2015,300490,Medicamentos,24,Angola,60824705,8.85,mirror
2015,300490,Medicamentos,643,Rússia,34606480,5.035,mirror
2015,300490,Medicamentos,251,França,32494009,4.728,mirror
2015,300490,Medicamentos,724,Espanha,31894113,4.64,mirror
2015,300490,Medicamentos,56,Bélgica,27035729,3.934,mirror
2015,401110,Pneus novos,276,Alemanha,329929340,36.397,mirror
2015,401110,Pneus novos,842,EUA,112602251,12.422,mirror
2015,401110,Pneus novos,251,França,55581059,6.132,mirror
2015,401110,Pneus novos,724,Espanha,52672958,5.811,mirror
2015,401110,Pneus novos,56,Bélgica,46644543,5.146,mirror
2015,401110,Pneus novos,410,Coreia do Sul,41484617,4.576,mirror
2015,401110,Pneus novos,826,Reino Unido,38195852,4.214,mirror
2015,401110,Pneus novos,757,Suíça,26565649,2.931,mirror
2015,450310,Rolhas de cortiça,842,EUA,166357295,33.268,mirror
2015,450310,Rolhas de cortiça,251,França,100904996,20.179,mirror
2015,450310,Rolhas de cortiça,380,Itália,44715340,8.942,mirror
2015,450310,Rolhas de cortiça,724,Espanha,37126299,7.424,mirror
2015,450310,Rolhas de cortiça,826,Reino Unido,24389536,4.877,mirror
2015,450310,Rolhas de cortiça,152,Chile,18858163,3.771,mirror
2015,450310,Rolhas de cortiça,32,Argentina,18380671,3.676,mirror
2015,450310,Rolhas de cortiça,484,México,17463821,3.492,mirror
2015,450410,Cortiça aglomerada,251,França,60310941,17.417,mirror
2015,450410,Cortiça aglomerada,276,Alemanha,50332846,14.535,mirror
2015,450410,Cortiça aglomerada,842,EUA,47111388,13.605,mirror
2015,450410,Cortiça aglomerada,380,Itália,46606822,13.459,mirror
2015,450410,Cortiça aglomerada,643,Rússia,32548490,9.4,mirror
2015,450410,Cortiça aglomerada,156,China,15693758,4.532,mirror
2015,450410,Cortiça aglomerada,724,Espanha,14968332,4.323,mirror
2015,450410,Cortiça aglomerada,757,Suíça,8055507,2.326,mirror
2015,470329,Pasta de madeira química,276,Alemanha,223800812,30.986,mirror
2015,470329,Pasta de madeira química,724,Espanha,117455290,16.262,mirror
2015,470329,Pasta de madeira química,616,Polónia,76632011,10.61,mirror
2015,470329,Pasta de madeira química,528,Países Baixos,67237685,9.309,mirror
2015,470329,Pasta de madeira química,251,França,50283165,6.962,mirror
2015,470329,Pasta de madeira química,752,Suécia,50266799,6.96,mirror
2015,470329,Pasta de madeira química,792,Turquia,45388725,6.284,mirror
2015,470329,Pasta de madeira química,826,Reino Unido,22258097,3.082,mirror
2015,480256,Papel para escrita e impressão,842,EUA,179097212,27.627,mirror
2015,480256,Papel para escrita e impressão,276,Alemanha,69502977,10.721,mirror
2015,480256,Papel para escrita e impressão,251,França,67385265,10.395,mirror
2015,480256,Papel para escrita e impressão,380,Itália,64301214,9.919,mirror
2015,480256,Papel para escrita e impressão,724,Espanha,39869182,6.15,mirror
2015,480256,Papel para escrita e impressão,818,Egito,23648459,3.648,mirror
2015,480256,Papel para escrita e impressão,826,Reino Unido,18251990,2.816,mirror
2015,480256,Papel para escrita e impressão,56,Bélgica,17973304,2.773,mirror
2015,610910,T-shirts de algodão,724,Espanha,153814986,26.292,mirror
2015,610910,T-shirts de algodão,251,França,87894290,15.024,mirror
2015,610910,T-shirts de algodão,276,Alemanha,56714800,9.695,mirror
2015,610910,T-shirts de algodão,826,Reino Unido,47384742,8.1,mirror
2015,610910,T-shirts de algodão,380,Itália,27167248,4.644,mirror
2015,610910,T-shirts de algodão,156,China,25468276,4.353,mirror
2015,610910,T-shirts de algodão,842,EUA,15541442,2.657,mirror
2015,610910,T-shirts de algodão,528,Países Baixos,11886192,2.032,mirror
2015,640391,Calçado de couro a cobrir o tornozelo,276,Alemanha,136961674,20.455,mirror
2015,640391,Calçado de couro a cobrir o tornozelo,528,Países Baixos,123857103,18.498,mirror
2015,640391,Calçado de couro a cobrir o tornozelo,251,França,99399485,14.845,mirror
2015,640391,Calçado de couro a cobrir o tornozelo,724,Espanha,38955476,5.818,mirror
2015,640391,Calçado de couro a cobrir o tornozelo,842,EUA,35064729,5.237,mirror
2015,640391,Calçado de couro a cobrir o tornozelo,826,Reino Unido,34569550,5.163,mirror
2015,640391,Calçado de couro a cobrir o tornozelo,208,Dinamarca,21543521,3.218,mirror
2015,640391,Calçado de couro a cobrir o tornozelo,757,Suíça,18084408,2.701,mirror
2015,640399,Calçado de couro sem cobrir o tornozelo,251,França,189934933,19.985,mirror
2015,640399,Calçado de couro sem cobrir o tornozelo,276,Alemanha,181335284,19.08,mirror
2015,640399,Calçado de couro sem cobrir o tornozelo,528,Países Baixos,96234854,10.126,mirror
2015,640399,Calçado de couro sem cobrir o tornozelo,724,Espanha,78061181,8.214,mirror
2015,640399,Calçado de couro sem cobrir o tornozelo,826,Reino Unido,54977689,5.785,mirror
2015,640399,Calçado de couro sem cobrir o tornozelo,842,EUA,50356498,5.298,mirror
2015,640399,Calçado de couro sem cobrir o tornozelo,208,Dinamarca,31934615,3.36,mirror
2015,640399,Calçado de couro sem cobrir o tornozelo,757,Suíça,26266586,2.764,mirror
2015,721420,Varões de ferro com saliências (betão armado),12,Argélia,141678289,34.421,mirror
2015,721420,Varões de ferro com saliências (betão armado),724,Espanha,97566855,23.704,mirror
2015,721420,Varões de ferro com saliências (betão armado),124,Canadá,59273568,14.401,mirror
2015,721420,Varões de ferro com saliências (betão armado),504,Marrocos,37719612,9.164,mirror
2015,721420,Varões de ferro com saliências (betão armado),826,Reino Unido,24066532,5.847,mirror
2015,721420,Varões de ferro com saliências (betão armado),24,Angola,17521297,4.257,mirror
2015,721420,Varões de ferro com saliências (betão armado),372,Irlanda,16608481,4.035,mirror
2015,721420,Varões de ferro com saliências (betão armado),132,Cabo Verde,6477723,1.574,mirror
2015,848071,Moldes para borracha ou plástico,276,Alemanha,63092901,26.256,mirror
2015,848071,Moldes para borracha ou plástico,251,França,32159978,13.383,mirror
2015,848071,Moldes para borracha ou plástico,484,México,19614580,8.162,mirror
2015,848071,Moldes para borracha ou plástico,724,Espanha,16939881,7.049,mirror
2015,848071,Moldes para borracha ou plástico,643,Rússia,15660985,6.517,mirror
2015,848071,Moldes para borracha ou plástico,842,EUA,14202976,5.91,mirror
2015,848071,Moldes para borracha ou plástico,76,Brasil,11197756,4.66,mirror
2015,848071,Moldes para borracha ou plástico,203,Chéquia,10835916,4.509,mirror
2015,852721,Autorrádios,276,Alemanha,108949866,36.828,mirror
2015,852721,Autorrádios,792,Turquia,37473113,12.667,mirror
2015,852721,Autorrádios,156,China,36829958,12.45,mirror
2015,852721,Autorrádios,724,Espanha,34073285,11.518,mirror
2015,852721,Autorrádios,616,Polónia,20865749,7.053,mirror
2015,852721,Autorrádios,380,Itália,17379862,5.875,mirror
2015,852721,Autorrádios,56,Bélgica,14270285,4.824,mirror
2015,852721,Autorrádios,203,Chéquia,5083006,1.718,mirror
2015,870322,Automóveis a gasolina 1.000–1.500 cm³,156,China,72372072,27.122,mirror
2015,870322,Automóveis a gasolina 1.000–1.500 cm³,392,Japão,47508513,17.804,mirror
2015,870322,Automóveis a gasolina 1.000–1.500 cm³,826,Reino Unido,42627590,15.975,mirror
2015,870322,Automóveis a gasolina 1.000–1.500 cm³,276,Alemanha,21573513,8.085,mirror
2015,870322,Automóveis a gasolina 1.000–1.500 cm³,757,Suíça,19828199,7.431,mirror
2015,870322,Automóveis a gasolina 1.000–1.500 cm³,724,Espanha,17958782,6.73,mirror
2015,870322,Automóveis a gasolina 1.000–1.500 cm³,792,Turquia,12339932,4.625,mirror
2015,870322,Automóveis a gasolina 1.000–1.500 cm³,251,França,4649639,1.743,mirror
2015,870323,Automóveis a gasolina 1.500–3.000 cm³,156,China,336771068,59.195,mirror
2015,870323,Automóveis a gasolina 1.500–3.000 cm³,842,EUA,63703774,11.197,mirror
2015,870323,Automóveis a gasolina 1.500–3.000 cm³,251,França,38227902,6.719,mirror
2015,870323,Automóveis a gasolina 1.500–3.000 cm³,276,Alemanha,35483769,6.237,mirror
2015,870323,Automóveis a gasolina 1.500–3.000 cm³,826,Reino Unido,26307625,4.624,mirror
2015,870323,Automóveis a gasolina 1.500–3.000 cm³,757,Suíça,12728805,2.237,mirror
2015,870323,Automóveis a gasolina 1.500–3.000 cm³,724,Espanha,9307594,1.636,mirror
2015,870323,Automóveis a gasolina 1.500–3.000 cm³,124,Canadá,8327032,1.464,mirror
2015,870332,Automóveis diesel 1.500–2.500 cm³,276,Alemanha,372812862,23.227,mirror
2015,870332,Automóveis diesel 1.500–2.500 cm³,826,Reino Unido,262810970,16.373,mirror
2015,870332,Automóveis diesel 1.500–2.500 cm³,724,Espanha,230160082,14.339,mirror
2015,870332,Automóveis diesel 1.500–2.500 cm³,40,Áustria,206966051,12.894,mirror
2015,870332,Automóveis diesel 1.500–2.500 cm³,757,Suíça,142195820,8.859,mirror
2015,870332,Automóveis diesel 1.500–2.500 cm³,251,França,112787101,7.027,mirror
2015,870332,Automóveis diesel 1.500–2.500 cm³,56,Bélgica,90334426,5.628,mirror
2015,870332,Automóveis diesel 1.500–2.500 cm³,380,Itália,65950306,4.109,mirror
2015,870421,Camiões diesel até 5 t,251,França,178152324,44.444,mirror
2015,870421,Camiões diesel até 5 t,724,Espanha,70603752,17.613,mirror
2015,870421,Camiões diesel até 5 t,380,Itália,26981048,6.731,mirror
2015,870421,Camiões diesel até 5 t,710,África do Sul,22309357,5.565,mirror
2015,870421,Camiões diesel até 5 t,826,Reino Unido,20454221,5.103,mirror
2015,870421,Camiões diesel até 5 t,276,Alemanha,13956796,3.482,mirror
2015,870421,Camiões diesel até 5 t,372,Irlanda,12916912,3.222,mirror
2015,870421,Camiões diesel até 5 t,56,Bélgica,11103484,2.77,mirror
2015,870892,Silenciadores e tubos de escape,251,França,84369575,41.648,mirror
2015,870892,Silenciadores e tubos de escape,826,Reino Unido,42693235,21.075,mirror
2015,870892,Silenciadores e tubos de escape,724,Espanha,41491530,20.482,mirror
2015,870892,Silenciadores e tubos de escape,203,Chéquia,15302813,7.554,mirror
2015,870892,Silenciadores e tubos de escape,703,Eslováquia,11557951,5.705,mirror
2015,870892,Silenciadores e tubos de escape,276,Alemanha,1811275,0.894,mirror
2015,870892,Silenciadores e tubos de escape,12,Argélia,1149344,0.567,mirror
2015,870892,Silenciadores e tubos de escape,392,Japão,819533,0.405,mirror
2015,870899,Outras partes de veículos,724,Espanha,407421454,51.342,mirror
2015,870899,Outras partes de veículos,251,França,115969633,14.614,mirror
2015,870899,Outras partes de veículos,826,Reino Unido,75528646,9.518,mirror
2015,870899,Outras partes de veículos,276,Alemanha,67493916,8.505,mirror
2015,870899,Outras partes de veículos,752,Suécia,30800624,3.881,mirror
2015,870899,Outras partes de veículos,348,Hungria,18325636,2.309,mirror
2015,870899,Outras partes de veículos,40,Áustria,11548105,1.455,mirror
2015,870899,Outras partes de veículos,380,Itália,10236107,1.29,mirror
2015,902920,Contadores e tacómetros,724,Espanha,49097839,27.782,mirror
2015,902920,Contadores e tacómetros,826,Reino Unido,49002010,27.728,mirror
2015,902920,Contadores e tacómetros,276,Alemanha,47662061,26.969,mirror
2015,902920,Contadores e tacómetros,752,Suécia,20194794,11.427,mirror
2015,902920,Contadores e tacómetros,792,Turquia,3473303,1.965,mirror
2015,902920,Contadores e tacómetros,642,Roménia,2709010,1.533,mirror
2015,902920,Contadores e tacómetros,251,França,2646948,1.498,mirror
2015,902920,Contadores e tacómetros,842,EUA,1083189,0.613,mirror
2015,940190,Assentos e partes,724,Espanha,200850851,28.204,mirror
2015,940190,Assentos e partes,276,Alemanha,167211518,23.48,mirror
2015,940190,Assentos e partes,251,França,133399642,18.732,mirror
2015,940190,Assentos e partes,826,Reino Unido,70925480,9.96,mirror
2015,940190,Assentos e partes,348,Hungria,38088027,5.348,mirror
2015,940190,Assentos e partes,703,Eslováquia,34930498,4.905,mirror
2015,940190,Assentos e partes,528,Países Baixos,17381854,2.441,mirror
2015,940190,Assentos e partes,56,Bélgica,17295829,2.429,mirror
2015,999999,Mercadorias não especificadas,276,Alemanha,415477297,40.452,mirror
2015,999999,Mercadorias não especificadas,24,Angola,178456909,17.375,mirror
2015,999999,Mercadorias não especificadas,842,EUA,131124050,12.767,mirror
2015,999999,Mercadorias não especificadas,484,México,106774401,10.396,mirror
2015,999999,Mercadorias não especificadas,380,Itália,41648683,4.055,mirror
2015,999999,Mercadorias não especificadas,246,Finlândia,22818199,2.222,mirror
2015,999999,Mercadorias não especificadas,752,Suécia,21444771,2.088,mirror
2015,999999,Mercadorias não especificadas,682,Arábia Saudita,17020799,1.657,mirror
2016,220421,Vinho tranquilo até 2 L,251,França,115287627,15.509,direct
2016,220421,Vinho tranquilo até 2 L,826,Reino Unido,80441829,10.822,direct
2016,220421,Vinho tranquilo até 2 L,842,EUA,80402683,10.816,direct
2016,220421,Vinho tranquilo até 2 L,528,Países Baixos,55731681,7.497,direct
2016,220421,Vinho tranquilo até 2 L,56,Bélgica,49539957,6.664,direct
2016,220421,Vinho tranquilo até 2 L,124,Canadá,44004969,5.92,direct
2016,220421,Vinho tranquilo até 2 L,276,Alemanha,42979338,5.782,direct
2016,220421,Vinho tranquilo até 2 L,76,Brasil,30986071,4.168,direct
2016,240220,Cigarros,724,Espanha,337690438,51.434,direct
2016,240220,Cigarros,251,França,160515821,24.448,direct
2016,240220,Cigarros,380,Itália,58142084,8.856,direct
2016,240220,Cigarros,579,Noruega,42161183,6.422,direct
2016,240220,Cigarros,826,Reino Unido,32308429,4.921,direct
2016,240220,Cigarros,703,Eslováquia,4439523,0.676,direct
2016,240220,Cigarros,899,"Areas, nes",4316047,0.657,direct
2016,240220,Cigarros,372,Irlanda,3313480,0.505,direct
2016,271012,Gasolinas e destilados leves,842,EUA,541472767,59.102,direct
2016,271012,Gasolinas e destilados leves,528,Países Baixos,143486356,15.662,direct
2016,271012,Gasolinas e destilados leves,56,Bélgica,80358438,8.771,direct
2016,271012,Gasolinas e destilados leves,724,Espanha,39217271,4.281,direct
2016,271012,Gasolinas e destilados leves,292,Gibraltar,31073140,3.392,direct
2016,271012,Gasolinas e destilados leves,788,Tunisia,22519001,2.458,direct
2016,271012,Gasolinas e destilados leves,768,Togo,13874456,1.514,direct
2016,271012,Gasolinas e destilados leves,288,Gana,10502040,1.146,direct
2016,271019,Gasóleo e combustíveis médios e pesados,837,Bunkers,649397347,37.365,direct
2016,271019,Gasóleo e combustíveis médios e pesados,504,Marrocos,298128689,17.154,direct
2016,271019,Gasóleo e combustíveis médios e pesados,724,Espanha,296772163,17.076,direct
2016,271019,Gasóleo e combustíveis médios e pesados,292,Gibraltar,111331887,6.406,direct
2016,271019,Gasóleo e combustíveis médios e pesados,251,França,104610283,6.019,direct
2016,271019,Gasóleo e combustíveis médios e pesados,792,Turquia,48583383,2.795,direct
2016,271019,Gasóleo e combustíveis médios e pesados,842,EUA,42053075,2.42,direct
2016,271019,Gasóleo e combustíveis médios e pesados,32,Argentina,38112926,2.193,direct
2016,300490,Medicamentos,842,EUA,217419923,26.155,direct
2016,300490,Medicamentos,276,Alemanha,141779439,17.056,direct
2016,300490,Medicamentos,826,Reino Unido,103951873,12.505,direct
2016,300490,Medicamentos,251,França,51311430,6.173,direct
2016,300490,Medicamentos,24,Angola,50674435,6.096,direct
2016,300490,Medicamentos,56,Bélgica,41565208,5.0,direct
2016,300490,Medicamentos,724,Espanha,33818496,4.068,direct
2016,300490,Medicamentos,528,Países Baixos,23172299,2.788,direct
2016,401110,Pneus novos,276,Alemanha,263879057,26.842,direct
2016,401110,Pneus novos,842,EUA,122859244,12.497,direct
2016,401110,Pneus novos,724,Espanha,109915758,11.181,direct
2016,401110,Pneus novos,826,Reino Unido,64527682,6.564,direct
2016,401110,Pneus novos,251,França,43366463,4.411,direct
2016,401110,Pneus novos,410,Coreia do Sul,42039267,4.276,direct
2016,401110,Pneus novos,56,Bélgica,41992692,4.272,direct
2016,401110,Pneus novos,528,Países Baixos,41800692,4.252,direct
2016,450310,Rolhas de cortiça,251,França,113747113,25.027,direct
2016,450310,Rolhas de cortiça,842,EUA,104226525,22.932,direct
2016,450310,Rolhas de cortiça,724,Espanha,58133291,12.791,direct
2016,450310,Rolhas de cortiça,380,Itália,39650760,8.724,direct
2016,450310,Rolhas de cortiça,152,Chile,19600550,4.313,direct
2016,450310,Rolhas de cortiça,484,México,19062014,4.194,direct
2016,450310,Rolhas de cortiça,826,Reino Unido,16317902,3.59,direct
2016,450310,Rolhas de cortiça,276,Alemanha,15383191,3.385,direct
2016,450410,Cortiça aglomerada,251,França,74853654,15.755,direct
2016,450410,Cortiça aglomerada,842,EUA,73757202,15.524,direct
2016,450410,Cortiça aglomerada,380,Itália,62462113,13.147,direct
2016,450410,Cortiça aglomerada,276,Alemanha,58191863,12.248,direct
2016,450410,Cortiça aglomerada,724,Espanha,35267155,7.423,direct
2016,450410,Cortiça aglomerada,643,Rússia,28078778,5.91,direct
2016,450410,Cortiça aglomerada,156,China,16627133,3.5,direct
2016,450410,Cortiça aglomerada,152,Chile,8741000,1.84,direct
2016,470329,Pasta de madeira química,724,Espanha,123896691,22.602,direct
2016,470329,Pasta de madeira química,528,Países Baixos,90103868,16.438,direct
2016,470329,Pasta de madeira química,276,Alemanha,85880731,15.667,direct
2016,470329,Pasta de madeira química,616,Polónia,65814894,12.007,direct
2016,470329,Pasta de madeira química,792,Turquia,52296282,9.54,direct
2016,470329,Pasta de madeira química,752,Suécia,36354693,6.632,direct
2016,470329,Pasta de madeira química,380,Itália,29066058,5.303,direct
2016,470329,Pasta de madeira química,251,França,21289707,3.884,direct
2016,480256,Papel para escrita e impressão,251,França,101894252,13.926,direct
2016,480256,Papel para escrita e impressão,842,EUA,94356471,12.896,direct
2016,480256,Papel para escrita e impressão,724,Espanha,88136955,12.046,direct
2016,480256,Papel para escrita e impressão,276,Alemanha,82392926,11.261,direct
2016,480256,Papel para escrita e impressão,380,Itália,75638819,10.338,direct
2016,480256,Papel para escrita e impressão,826,Reino Unido,58874547,8.046,direct
2016,480256,Papel para escrita e impressão,56,Bélgica,24147504,3.3,direct
2016,480256,Papel para escrita e impressão,818,Egito,21854525,2.987,direct
2016,610910,T-shirts de algodão,724,Espanha,299319156,46.467,direct
2016,610910,T-shirts de algodão,251,França,87128412,13.526,direct
2016,610910,T-shirts de algodão,276,Alemanha,62683867,9.731,direct
2016,610910,T-shirts de algodão,826,Reino Unido,61857710,9.603,direct
2016,610910,T-shirts de algodão,380,Itália,39496685,6.132,direct
2016,610910,T-shirts de algodão,528,Países Baixos,23666561,3.674,direct
2016,610910,T-shirts de algodão,752,Suécia,9848262,1.529,direct
2016,610910,T-shirts de algodão,842,EUA,8502984,1.32,direct
2016,640391,Calçado de couro a cobrir o tornozelo,276,Alemanha,107058969,22.935,direct
2016,640391,Calçado de couro a cobrir o tornozelo,251,França,81696166,17.502,direct
2016,640391,Calçado de couro a cobrir o tornozelo,528,Países Baixos,72663808,15.567,direct
2016,640391,Calçado de couro a cobrir o tornozelo,826,Reino Unido,34386163,7.367,direct
2016,640391,Calçado de couro a cobrir o tornozelo,724,Espanha,33719947,7.224,direct
2016,640391,Calçado de couro a cobrir o tornozelo,208,Dinamarca,25205007,5.4,direct
2016,640391,Calçado de couro a cobrir o tornozelo,752,Suécia,15314126,3.281,direct
2016,640391,Calçado de couro a cobrir o tornozelo,842,EUA,13354315,2.861,direct
2016,640399,Calçado de couro sem cobrir o tornozelo,276,Alemanha,170441027,20.001,direct
2016,640399,Calçado de couro sem cobrir o tornozelo,251,França,163533740,19.19,direct
2016,640399,Calçado de couro sem cobrir o tornozelo,528,Países Baixos,118233488,13.874,direct
2016,640399,Calçado de couro sem cobrir o tornozelo,724,Espanha,72658131,8.526,direct
2016,640399,Calçado de couro sem cobrir o tornozelo,826,Reino Unido,52674306,6.181,direct
2016,640399,Calçado de couro sem cobrir o tornozelo,842,EUA,45920328,5.389,direct
2016,640399,Calçado de couro sem cobrir o tornozelo,208,Dinamarca,44318230,5.201,direct
2016,640399,Calçado de couro sem cobrir o tornozelo,56,Bélgica,26887078,3.155,direct
2016,721420,Varões de ferro com saliências (betão armado),12,Argélia,124506231,30.57,direct
2016,721420,Varões de ferro com saliências (betão armado),724,Espanha,102283454,25.114,direct
2016,721420,Varões de ferro com saliências (betão armado),826,Reino Unido,47792613,11.735,direct
2016,721420,Varões de ferro com saliências (betão armado),372,Irlanda,30715082,7.542,direct
2016,721420,Varões de ferro com saliências (betão armado),528,Países Baixos,17191303,4.221,direct
2016,721420,Varões de ferro com saliências (betão armado),484,México,13150092,3.229,direct
2016,721420,Varões de ferro com saliências (betão armado),504,Marrocos,12143142,2.982,direct
2016,721420,Varões de ferro com saliências (betão armado),124,Canadá,11228263,2.757,direct
2016,848071,Moldes para borracha ou plástico,724,Espanha,132164617,21.758,direct
2016,848071,Moldes para borracha ou plástico,276,Alemanha,127835524,21.045,direct
2016,848071,Moldes para borracha ou plástico,251,França,105504442,17.369,direct
2016,848071,Moldes para borracha ou plástico,616,Polónia,41003285,6.75,direct
2016,848071,Moldes para borracha ou plástico,203,Chéquia,34604293,5.697,direct
2016,848071,Moldes para borracha ou plástico,826,Reino Unido,24124663,3.972,direct
2016,848071,Moldes para borracha ou plástico,484,México,20245597,3.333,direct
2016,848071,Moldes para borracha ou plástico,703,Eslováquia,14691786,2.419,direct
2016,852721,Autorrádios,276,Alemanha,334698370,52.73,direct
2016,852721,Autorrádios,826,Reino Unido,98703983,15.55,direct
2016,852721,Autorrádios,724,Espanha,97274405,15.325,direct
2016,852721,Autorrádios,56,Bélgica,32999100,5.199,direct
2016,852721,Autorrádios,380,Itália,17719113,2.792,direct
2016,852721,Autorrádios,616,Polónia,15290417,2.409,direct
2016,852721,Autorrádios,348,Hungria,13744174,2.165,direct
2016,852721,Autorrádios,752,Suécia,6409650,1.01,direct
2016,870322,Automóveis a gasolina 1.000–1.500 cm³,156,China,26700306,32.626,direct
2016,870322,Automóveis a gasolina 1.000–1.500 cm³,757,Suíça,10930092,13.356,direct
2016,870322,Automóveis a gasolina 1.000–1.500 cm³,724,Espanha,9359016,11.436,direct
2016,870322,Automóveis a gasolina 1.000–1.500 cm³,792,Turquia,8111738,9.912,direct
2016,870322,Automóveis a gasolina 1.000–1.500 cm³,380,Itália,7551253,9.227,direct
2016,870322,Automóveis a gasolina 1.000–1.500 cm³,56,Bélgica,6196058,7.571,direct
2016,870322,Automóveis a gasolina 1.000–1.500 cm³,276,Alemanha,3630178,4.436,direct
2016,870322,Automóveis a gasolina 1.000–1.500 cm³,251,França,3108181,3.798,direct
2016,870323,Automóveis a gasolina 1.500–3.000 cm³,276,Alemanha,128880902,24.945,direct
2016,870323,Automóveis a gasolina 1.500–3.000 cm³,156,China,128308943,24.834,direct
2016,870323,Automóveis a gasolina 1.500–3.000 cm³,826,Reino Unido,111536760,21.588,direct
2016,870323,Automóveis a gasolina 1.500–3.000 cm³,724,Espanha,35070881,6.788,direct
2016,870323,Automóveis a gasolina 1.500–3.000 cm³,56,Bélgica,31519274,6.101,direct
2016,870323,Automóveis a gasolina 1.500–3.000 cm³,251,França,23182875,4.487,direct
2016,870323,Automóveis a gasolina 1.500–3.000 cm³,380,Itália,21791838,4.218,direct
2016,870323,Automóveis a gasolina 1.500–3.000 cm³,40,Áustria,11753587,2.275,direct
2016,870332,Automóveis diesel 1.500–2.500 cm³,276,Alemanha,755974473,57.114,direct
2016,870332,Automóveis diesel 1.500–2.500 cm³,724,Espanha,168387710,12.722,direct
2016,870332,Automóveis diesel 1.500–2.500 cm³,826,Reino Unido,138312948,10.45,direct
2016,870332,Automóveis diesel 1.500–2.500 cm³,757,Suíça,67501101,5.1,direct
2016,870332,Automóveis diesel 1.500–2.500 cm³,251,França,66564392,5.029,direct
2016,870332,Automóveis diesel 1.500–2.500 cm³,40,Áustria,60530760,4.573,direct
2016,870332,Automóveis diesel 1.500–2.500 cm³,380,Itália,36591873,2.765,direct
2016,870332,Automóveis diesel 1.500–2.500 cm³,56,Bélgica,12381291,0.935,direct
2016,870421,Camiões diesel até 5 t,251,França,201579322,47.518,direct
2016,870421,Camiões diesel até 5 t,724,Espanha,59649337,14.061,direct
2016,870421,Camiões diesel até 5 t,380,Itália,29437827,6.939,direct
2016,870421,Camiões diesel até 5 t,710,África do Sul,24519767,5.78,direct
2016,870421,Camiões diesel até 5 t,56,Bélgica,19935997,4.699,direct
2016,870421,Camiões diesel até 5 t,826,Reino Unido,19519007,4.601,direct
2016,870421,Camiões diesel até 5 t,276,Alemanha,18751443,4.42,direct
2016,870421,Camiões diesel até 5 t,528,Países Baixos,13150654,3.1,direct
2016,870892,Silenciadores e tubos de escape,724,Espanha,264215388,40.492,direct
2016,870892,Silenciadores e tubos de escape,251,França,257298623,39.432,direct
2016,870892,Silenciadores e tubos de escape,826,Reino Unido,114284454,17.514,direct
2016,870892,Silenciadores e tubos de escape,484,México,5561514,0.852,direct
2016,870892,Silenciadores e tubos de escape,203,Chéquia,4358431,0.668,direct
2016,870892,Silenciadores e tubos de escape,276,Alemanha,1993806,0.306,direct
2016,870892,Silenciadores e tubos de escape,642,Roménia,1439925,0.221,direct
2016,870892,Silenciadores e tubos de escape,12,Argélia,703736,0.108,direct
2016,870899,Outras partes de veículos,724,Espanha,384414621,42.616,direct
2016,870899,Outras partes de veículos,251,França,158889433,17.614,direct
2016,870899,Outras partes de veículos,276,Alemanha,127997633,14.19,direct
2016,870899,Outras partes de veículos,826,Reino Unido,51122009,5.667,direct
2016,870899,Outras partes de veículos,203,Chéquia,26747630,2.965,direct
2016,870899,Outras partes de veículos,703,Eslováquia,21293636,2.361,direct
2016,870899,Outras partes de veículos,380,Itália,20106926,2.229,direct
2016,870899,Outras partes de veículos,348,Hungria,16269392,1.804,direct
2016,902920,Contadores e tacómetros,826,Reino Unido,64951751,39.181,direct
2016,902920,Contadores e tacómetros,724,Espanha,59453258,35.864,direct
2016,902920,Contadores e tacómetros,276,Alemanha,20721143,12.5,direct
2016,902920,Contadores e tacómetros,251,França,9379839,5.658,direct
2016,902920,Contadores e tacómetros,124,Canadá,5077785,3.063,direct
2016,902920,Contadores e tacómetros,203,Chéquia,2355776,1.421,direct
2016,902920,Contadores e tacómetros,642,Roménia,1825426,1.101,direct
2016,902920,Contadores e tacómetros,156,China,611786,0.369,direct
2016,940190,Assentos e partes,724,Espanha,212327519,33.759,direct
2016,940190,Assentos e partes,251,França,149587058,23.784,direct
2016,940190,Assentos e partes,276,Alemanha,67334554,10.706,direct
2016,940190,Assentos e partes,703,Eslováquia,54513987,8.668,direct
2016,940190,Assentos e partes,826,Reino Unido,50607546,8.046,direct
2016,940190,Assentos e partes,348,Hungria,19806401,3.149,direct
2016,940190,Assentos e partes,528,Países Baixos,17763252,2.824,direct
2016,940190,Assentos e partes,752,Suécia,13405484,2.131,direct
2016,999999,Mercadorias não especificadas,837,Bunkers,84256649,98.653,direct
2016,999999,Mercadorias não especificadas,478,Mauritânia,334181,0.391,direct
2016,999999,Mercadorias não especificadas,702,Singapura,176127,0.206,direct
2016,999999,Mercadorias não especificadas,132,Cabo Verde,163743,0.192,direct
2016,999999,Mercadorias não especificadas,300,Grécia,159083,0.186,direct
2016,999999,Mercadorias não especificadas,480,Maurícias,117016,0.137,direct
2016,999999,Mercadorias não especificadas,710,África do Sul,76377,0.089,direct
2016,999999,Mercadorias não especificadas,430,Liberia,39303,0.046,direct
2016,220421,Vinho tranquilo até 2 L,251,França,107592366,14.708,mirror
2016,220421,Vinho tranquilo até 2 L,842,EUA,94183630,12.875,mirror
2016,220421,Vinho tranquilo até 2 L,826,Reino Unido,77197486,10.553,mirror
2016,220421,Vinho tranquilo até 2 L,276,Alemanha,46977723,6.422,mirror
2016,220421,Vinho tranquilo até 2 L,124,Canadá,44652688,6.104,mirror
2016,220421,Vinho tranquilo até 2 L,56,Bélgica,44297812,6.056,mirror
2016,220421,Vinho tranquilo até 2 L,528,Países Baixos,43361059,5.927,mirror
2016,220421,Vinho tranquilo até 2 L,757,Suíça,31925092,4.364,mirror
2016,240220,Cigarros,724,Espanha,337213028,52.999,mirror
2016,240220,Cigarros,251,França,157268956,24.718,mirror
2016,240220,Cigarros,380,Itália,58088214,9.13,mirror
2016,240220,Cigarros,579,Noruega,42386364,6.662,mirror
2016,240220,Cigarros,372,Irlanda,14812817,2.328,mirror
2016,240220,Cigarros,703,Eslováquia,6119048,0.962,mirror
2016,240220,Cigarros,392,Japão,4876623,0.766,mirror
2016,240220,Cigarros,246,Finlândia,3936435,0.619,mirror
2016,271012,Gasolinas e destilados leves,842,EUA,548859522,65.568,mirror
2016,271012,Gasolinas e destilados leves,528,Países Baixos,177542913,21.21,mirror
2016,271012,Gasolinas e destilados leves,724,Espanha,36737058,4.389,mirror
2016,271012,Gasolinas e destilados leves,170,Colômbia,18203654,2.175,mirror
2016,271012,Gasolinas e destilados leves,826,Reino Unido,13943167,1.666,mirror
2016,271012,Gasolinas e destilados leves,566,Nigéria,13047110,1.559,mirror
2016,271012,Gasolinas e destilados leves,251,França,8901577,1.063,mirror
2016,271012,Gasolinas e destilados leves,276,Alemanha,4686618,0.56,mirror
2016,271019,Gasóleo e combustíveis médios e pesados,724,Espanha,439542241,37.252,mirror
2016,271019,Gasóleo e combustíveis médios e pesados,504,Marrocos,283060911,23.99,mirror
2016,271019,Gasóleo e combustíveis médios e pesados,251,França,223843052,18.971,mirror
2016,271019,Gasóleo e combustíveis médios e pesados,842,EUA,64643290,5.479,mirror
2016,271019,Gasóleo e combustíveis médios e pesados,24,Angola,27182427,2.304,mirror
2016,271019,Gasóleo e combustíveis médios e pesados,528,Países Baixos,21019114,1.781,mirror
2016,271019,Gasóleo e combustíveis médios e pesados,792,Turquia,14501050,1.229,mirror
2016,271019,Gasóleo e combustíveis médios e pesados,76,Brasil,14335511,1.215,mirror
2016,300490,Medicamentos,842,EUA,207212889,25.657,mirror
2016,300490,Medicamentos,826,Reino Unido,98223089,12.162,mirror
2016,300490,Medicamentos,276,Alemanha,91058421,11.275,mirror
2016,300490,Medicamentos,24,Angola,47131717,5.836,mirror
2016,300490,Medicamentos,724,Espanha,36232489,4.486,mirror
2016,300490,Medicamentos,251,França,36209052,4.483,mirror
2016,300490,Medicamentos,56,Bélgica,32631061,4.04,mirror
2016,300490,Medicamentos,682,Arábia Saudita,26927500,3.334,mirror
2016,401110,Pneus novos,276,Alemanha,314720849,34.424,mirror
2016,401110,Pneus novos,842,EUA,121156104,13.252,mirror
2016,401110,Pneus novos,724,Espanha,58539214,6.403,mirror
2016,401110,Pneus novos,251,França,52762496,5.771,mirror
2016,401110,Pneus novos,56,Bélgica,45052895,4.928,mirror
2016,401110,Pneus novos,410,Coreia do Sul,42746330,4.676,mirror
2016,401110,Pneus novos,826,Reino Unido,34524963,3.776,mirror
2016,401110,Pneus novos,757,Suíça,26706086,2.921,mirror
2016,450310,Rolhas de cortiça,842,EUA,137305084,28.685,mirror
2016,450310,Rolhas de cortiça,251,França,111434243,23.28,mirror
2016,450310,Rolhas de cortiça,380,Itália,43078135,9.0,mirror
2016,450310,Rolhas de cortiça,724,Espanha,40535877,8.468,mirror
2016,450310,Rolhas de cortiça,484,México,20128549,4.205,mirror
2016,450310,Rolhas de cortiça,826,Reino Unido,19921228,4.162,mirror
2016,450310,Rolhas de cortiça,152,Chile,18545160,3.874,mirror
2016,450310,Rolhas de cortiça,32,Argentina,14123251,2.951,mirror
2016,450410,Cortiça aglomerada,251,França,60220315,16.355,mirror
2016,450410,Cortiça aglomerada,276,Alemanha,57503415,15.617,mirror
2016,450410,Cortiça aglomerada,380,Itália,52655232,14.3,mirror
2016,450410,Cortiça aglomerada,842,EUA,46464608,12.619,mirror
2016,450410,Cortiça aglomerada,643,Rússia,36547970,9.926,mirror
2016,450410,Cortiça aglomerada,724,Espanha,16957898,4.605,mirror
2016,450410,Cortiça aglomerada,156,China,14540245,3.949,mirror
2016,450410,Cortiça aglomerada,757,Suíça,7961059,2.162,mirror
2016,470329,Pasta de madeira química,276,Alemanha,183281104,28.319,mirror
2016,470329,Pasta de madeira química,724,Espanha,94474449,14.597,mirror
2016,470329,Pasta de madeira química,528,Países Baixos,94361338,14.58,mirror
2016,470329,Pasta de madeira química,616,Polónia,62990717,9.733,mirror
2016,470329,Pasta de madeira química,752,Suécia,56637142,8.751,mirror
2016,470329,Pasta de madeira química,792,Turquia,55923970,8.641,mirror
2016,470329,Pasta de madeira química,251,França,48575950,7.505,mirror
2016,470329,Pasta de madeira química,203,Chéquia,17186483,2.655,mirror
2016,480256,Papel para escrita e impressão,842,EUA,116328757,18.879,mirror
2016,480256,Papel para escrita e impressão,251,França,81057356,13.155,mirror
2016,480256,Papel para escrita e impressão,276,Alemanha,73144942,11.871,mirror
2016,480256,Papel para escrita e impressão,380,Itália,72577910,11.779,mirror
2016,480256,Papel para escrita e impressão,724,Espanha,36170965,5.87,mirror
2016,480256,Papel para escrita e impressão,818,Egito,22902239,3.717,mirror
2016,480256,Papel para escrita e impressão,792,Turquia,22104618,3.587,mirror
2016,480256,Papel para escrita e impressão,56,Bélgica,19861213,3.223,mirror
2016,610910,T-shirts de algodão,724,Espanha,165770504,26.659,mirror
2016,610910,T-shirts de algodão,251,França,80566901,12.957,mirror
2016,610910,T-shirts de algodão,276,Alemanha,60749417,9.77,mirror
2016,610910,T-shirts de algodão,826,Reino Unido,43797384,7.043,mirror
2016,610910,T-shirts de algodão,380,Itália,32497226,5.226,mirror
2016,610910,T-shirts de algodão,156,China,21987948,3.536,mirror
2016,610910,T-shirts de algodão,682,Arábia Saudita,20275759,3.261,mirror
2016,610910,T-shirts de algodão,842,EUA,16562126,2.663,mirror
2016,640391,Calçado de couro a cobrir o tornozelo,276,Alemanha,147297045,21.418,mirror
2016,640391,Calçado de couro a cobrir o tornozelo,528,Países Baixos,135049242,19.637,mirror
2016,640391,Calçado de couro a cobrir o tornozelo,251,França,93938991,13.659,mirror
2016,640391,Calçado de couro a cobrir o tornozelo,826,Reino Unido,36580779,5.319,mirror
2016,640391,Calçado de couro a cobrir o tornozelo,842,EUA,33979017,4.941,mirror
2016,640391,Calçado de couro a cobrir o tornozelo,724,Espanha,32380949,4.708,mirror
2016,640391,Calçado de couro a cobrir o tornozelo,757,Suíça,27303236,3.97,mirror
2016,640391,Calçado de couro a cobrir o tornozelo,208,Dinamarca,19879956,2.891,mirror
2016,640399,Calçado de couro sem cobrir o tornozelo,251,França,191796838,19.046,mirror
2016,640399,Calçado de couro sem cobrir o tornozelo,276,Alemanha,185232025,18.394,mirror
2016,640399,Calçado de couro sem cobrir o tornozelo,528,Países Baixos,109260950,10.85,mirror
2016,640399,Calçado de couro sem cobrir o tornozelo,724,Espanha,76649626,7.612,mirror
2016,640399,Calçado de couro sem cobrir o tornozelo,842,EUA,57459561,5.706,mirror
2016,640399,Calçado de couro sem cobrir o tornozelo,826,Reino Unido,53766189,5.339,mirror
2016,640399,Calçado de couro sem cobrir o tornozelo,208,Dinamarca,41667817,4.138,mirror
2016,640399,Calçado de couro sem cobrir o tornozelo,757,Suíça,28490470,2.829,mirror
2016,721420,Varões de ferro com saliências (betão armado),12,Argélia,128195841,35.321,mirror
2016,721420,Varões de ferro com saliências (betão armado),724,Espanha,98250751,27.071,mirror
2016,721420,Varões de ferro com saliências (betão armado),504,Marrocos,37222726,10.256,mirror
2016,721420,Varões de ferro com saliências (betão armado),826,Reino Unido,35760222,9.853,mirror
2016,721420,Varões de ferro com saliências (betão armado),372,Irlanda,24954248,6.876,mirror
2016,721420,Varões de ferro com saliências (betão armado),124,Canadá,10398357,2.865,mirror
2016,721420,Varões de ferro com saliências (betão armado),528,Países Baixos,9723586,2.679,mirror
2016,721420,Varões de ferro com saliências (betão armado),132,Cabo Verde,5488272,1.512,mirror
2016,848071,Moldes para borracha ou plástico,276,Alemanha,59269930,21.66,mirror
2016,848071,Moldes para borracha ou plástico,251,França,42709119,15.608,mirror
2016,848071,Moldes para borracha ou plástico,724,Espanha,30209969,11.04,mirror
2016,848071,Moldes para borracha ou plástico,484,México,26554037,9.704,mirror
2016,848071,Moldes para borracha ou plástico,203,Chéquia,19673886,7.19,mirror
2016,848071,Moldes para borracha ou plástico,842,EUA,13751074,5.025,mirror
2016,848071,Moldes para borracha ou plástico,616,Polónia,10820846,3.954,mirror
2016,848071,Moldes para borracha ou plástico,643,Rússia,9629302,3.519,mirror
2016,852721,Autorrádios,276,Alemanha,96888264,32.002,mirror
2016,852721,Autorrádios,724,Espanha,56855222,18.779,mirror
2016,852721,Autorrádios,156,China,53635611,17.716,mirror
2016,852721,Autorrádios,792,Turquia,35986010,11.886,mirror
2016,852721,Autorrádios,380,Itália,15858816,5.238,mirror
2016,852721,Autorrádios,56,Bélgica,9654104,3.189,mirror
2016,852721,Autorrádios,826,Reino Unido,7596663,2.509,mirror
2016,852721,Autorrádios,348,Hungria,6105859,2.017,mirror
2016,870322,Automóveis a gasolina 1.000–1.500 cm³,826,Reino Unido,65225649,28.063,mirror
2016,870322,Automóveis a gasolina 1.000–1.500 cm³,156,China,48006454,20.655,mirror
2016,870322,Automóveis a gasolina 1.000–1.500 cm³,276,Alemanha,22204866,9.554,mirror
2016,870322,Automóveis a gasolina 1.000–1.500 cm³,724,Espanha,19786582,8.513,mirror
2016,870322,Automóveis a gasolina 1.000–1.500 cm³,757,Suíça,14318520,6.161,mirror
2016,870322,Automóveis a gasolina 1.000–1.500 cm³,392,Japão,13504578,5.81,mirror
2016,870322,Automóveis a gasolina 1.000–1.500 cm³,792,Turquia,10443563,4.493,mirror
2016,870322,Automóveis a gasolina 1.000–1.500 cm³,251,França,7497220,3.226,mirror
2016,870323,Automóveis a gasolina 1.500–3.000 cm³,156,China,119307332,42.556,mirror
2016,870323,Automóveis a gasolina 1.500–3.000 cm³,251,França,37990613,13.551,mirror
2016,870323,Automóveis a gasolina 1.500–3.000 cm³,724,Espanha,36855424,13.146,mirror
2016,870323,Automóveis a gasolina 1.500–3.000 cm³,276,Alemanha,35989210,12.837,mirror
2016,870323,Automóveis a gasolina 1.500–3.000 cm³,757,Suíça,10548425,3.763,mirror
2016,870323,Automóveis a gasolina 1.500–3.000 cm³,826,Reino Unido,6750381,2.408,mirror
2016,870323,Automóveis a gasolina 1.500–3.000 cm³,36,Austrália,5519074,1.969,mirror
2016,870323,Automóveis a gasolina 1.500–3.000 cm³,100,Bulgária,5484613,1.956,mirror
2016,870332,Automóveis diesel 1.500–2.500 cm³,276,Alemanha,356054324,23.648,mirror
2016,870332,Automóveis diesel 1.500–2.500 cm³,40,Áustria,230841458,15.332,mirror
2016,870332,Automóveis diesel 1.500–2.500 cm³,826,Reino Unido,221309619,14.699,mirror
2016,870332,Automóveis diesel 1.500–2.500 cm³,724,Espanha,212318590,14.101,mirror
2016,870332,Automóveis diesel 1.500–2.500 cm³,757,Suíça,122745038,8.152,mirror
2016,870332,Automóveis diesel 1.500–2.500 cm³,251,França,121516090,8.071,mirror
2016,870332,Automóveis diesel 1.500–2.500 cm³,56,Bélgica,80112860,5.321,mirror
2016,870332,Automóveis diesel 1.500–2.500 cm³,380,Itália,57272886,3.804,mirror
2016,870421,Camiões diesel até 5 t,251,França,187328988,46.049,mirror
2016,870421,Camiões diesel até 5 t,724,Espanha,61265370,15.06,mirror
2016,870421,Camiões diesel até 5 t,710,África do Sul,37007796,9.097,mirror
2016,870421,Camiões diesel até 5 t,380,Itália,34122913,8.388,mirror
2016,870421,Camiões diesel até 5 t,826,Reino Unido,19223111,4.725,mirror
2016,870421,Camiões diesel até 5 t,276,Alemanha,13543658,3.329,mirror
2016,870421,Camiões diesel até 5 t,56,Bélgica,13306868,3.271,mirror
2016,870421,Camiões diesel até 5 t,528,Países Baixos,12853486,3.16,mirror
2016,870892,Silenciadores e tubos de escape,251,França,98166525,39.593,mirror
2016,870892,Silenciadores e tubos de escape,724,Espanha,68767729,27.736,mirror
2016,870892,Silenciadores e tubos de escape,826,Reino Unido,45368886,18.298,mirror
2016,870892,Silenciadores e tubos de escape,703,Eslováquia,19500725,7.865,mirror
2016,870892,Silenciadores e tubos de escape,484,México,5477304,2.209,mirror
2016,870892,Silenciadores e tubos de escape,276,Alemanha,2971133,1.198,mirror
2016,870892,Silenciadores e tubos de escape,203,Chéquia,2047047,0.826,mirror
2016,870892,Silenciadores e tubos de escape,76,Brasil,1877721,0.757,mirror
2016,870899,Outras partes de veículos,724,Espanha,289806409,41.236,mirror
2016,870899,Outras partes de veículos,826,Reino Unido,137280669,19.534,mirror
2016,870899,Outras partes de veículos,251,França,98224168,13.976,mirror
2016,870899,Outras partes de veículos,276,Alemanha,61692738,8.778,mirror
2016,870899,Outras partes de veículos,348,Hungria,21715465,3.09,mirror
2016,870899,Outras partes de veículos,752,Suécia,15861931,2.257,mirror
2016,870899,Outras partes de veículos,380,Itália,12835192,1.826,mirror
2016,870899,Outras partes de veículos,40,Áustria,8081206,1.15,mirror
2016,902920,Contadores e tacómetros,276,Alemanha,131041180,46.585,mirror
2016,902920,Contadores e tacómetros,724,Espanha,56479353,20.078,mirror
2016,902920,Contadores e tacómetros,826,Reino Unido,36605074,13.013,mirror
2016,902920,Contadores e tacómetros,752,Suécia,34157763,12.143,mirror
2016,902920,Contadores e tacómetros,484,México,7988816,2.84,mirror
2016,902920,Contadores e tacómetros,124,Canadá,5306625,1.886,mirror
2016,902920,Contadores e tacómetros,792,Turquia,3700005,1.315,mirror
2016,902920,Contadores e tacómetros,156,China,2242608,0.797,mirror
2016,940190,Assentos e partes,724,Espanha,259830652,33.115,mirror
2016,940190,Assentos e partes,251,França,169557298,21.61,mirror
2016,940190,Assentos e partes,276,Alemanha,109430465,13.947,mirror
2016,940190,Assentos e partes,826,Reino Unido,69321906,8.835,mirror
2016,940190,Assentos e partes,703,Eslováquia,64610655,8.235,mirror
2016,940190,Assentos e partes,348,Hungria,35663329,4.545,mirror
2016,940190,Assentos e partes,528,Países Baixos,18258493,2.327,mirror
2016,940190,Assentos e partes,203,Chéquia,10251837,1.307,mirror
2016,999999,Mercadorias não especificadas,276,Alemanha,479635782,45.114,mirror
2016,999999,Mercadorias não especificadas,24,Angola,172502047,16.226,mirror
2016,999999,Mercadorias não especificadas,842,EUA,97552639,9.176,mirror
2016,999999,Mercadorias não especificadas,484,México,87303883,8.212,mirror
2016,999999,Mercadorias não especificadas,752,Suécia,72937418,6.86,mirror
2016,999999,Mercadorias não especificadas,380,Itália,43763781,4.116,mirror
2016,999999,Mercadorias não especificadas,246,Finlândia,22192273,2.087,mirror
2016,999999,Mercadorias não especificadas,528,Países Baixos,12126606,1.141,mirror
2017,220421,Vinho tranquilo até 2 L,251,França,115800309,14.312,direct
2017,220421,Vinho tranquilo até 2 L,826,Reino Unido,87387483,10.8,direct
2017,220421,Vinho tranquilo até 2 L,842,EUA,86286041,10.664,direct
2017,220421,Vinho tranquilo até 2 L,528,Países Baixos,52008021,6.428,direct
2017,220421,Vinho tranquilo até 2 L,56,Bélgica,51345605,6.346,direct
2017,220421,Vinho tranquilo até 2 L,124,Canadá,48854745,6.038,direct
2017,220421,Vinho tranquilo até 2 L,76,Brasil,48134124,5.949,direct
2017,220421,Vinho tranquilo até 2 L,276,Alemanha,45905722,5.673,direct
2017,240220,Cigarros,724,Espanha,309337100,55.773,direct
2017,240220,Cigarros,251,França,107238153,19.335,direct
2017,240220,Cigarros,380,Itália,96416169,17.384,direct
2017,240220,Cigarros,292,Gibraltar,8773886,1.582,direct
2017,240220,Cigarros,703,Eslováquia,7732298,1.394,direct
2017,240220,Cigarros,899,"Areas, nes",5404849,0.974,direct
2017,240220,Cigarros,422,Líbano,4118254,0.743,direct
2017,240220,Cigarros,276,Alemanha,3184413,0.574,direct
2017,271012,Gasolinas e destilados leves,842,EUA,718345117,59.661,direct
2017,271012,Gasolinas e destilados leves,528,Países Baixos,216187578,17.955,direct
2017,271012,Gasolinas e destilados leves,56,Bélgica,62180996,5.164,direct
2017,271012,Gasolinas e destilados leves,788,Tunisia,57815179,4.802,direct
2017,271012,Gasolinas e destilados leves,292,Gibraltar,36892885,3.064,direct
2017,271012,Gasolinas e destilados leves,724,Espanha,30025423,2.494,direct
2017,271012,Gasolinas e destilados leves,484,México,19247617,1.599,direct
2017,271012,Gasolinas e destilados leves,384,Costa do Marfim,17422330,1.447,direct
2017,271019,Gasóleo e combustíveis médios e pesados,837,Bunkers,898870658,42.919,direct
2017,271019,Gasóleo e combustíveis médios e pesados,724,Espanha,310518057,14.826,direct
2017,271019,Gasóleo e combustíveis médios e pesados,504,Marrocos,214103951,10.223,direct
2017,271019,Gasóleo e combustíveis médios e pesados,76,Brasil,157155960,7.504,direct
2017,271019,Gasóleo e combustíveis médios e pesados,292,Gibraltar,154398158,7.372,direct
2017,271019,Gasóleo e combustíveis médios e pesados,288,Gana,75152677,3.588,direct
2017,271019,Gasóleo e combustíveis médios e pesados,422,Líbano,55039241,2.628,direct
2017,271019,Gasóleo e combustíveis médios e pesados,842,EUA,37569762,1.794,direct
2017,300490,Medicamentos,842,EUA,121122971,17.111,direct
2017,300490,Medicamentos,276,Alemanha,97478492,13.771,direct
2017,300490,Medicamentos,826,Reino Unido,92793509,13.109,direct
2017,300490,Medicamentos,24,Angola,70158468,9.911,direct
2017,300490,Medicamentos,56,Bélgica,51090070,7.218,direct
2017,300490,Medicamentos,251,França,50250639,7.099,direct
2017,300490,Medicamentos,724,Espanha,39826953,5.626,direct
2017,300490,Medicamentos,528,Países Baixos,17661368,2.495,direct
2017,401110,Pneus novos,276,Alemanha,272828631,26.802,direct
2017,401110,Pneus novos,724,Espanha,112714301,11.073,direct
2017,401110,Pneus novos,842,EUA,112181602,11.02,direct
2017,401110,Pneus novos,826,Reino Unido,76182458,7.484,direct
2017,401110,Pneus novos,528,Países Baixos,46500250,4.568,direct
2017,401110,Pneus novos,410,Coreia do Sul,44515527,4.373,direct
2017,401110,Pneus novos,56,Bélgica,41855104,4.112,direct
2017,401110,Pneus novos,251,França,40636331,3.992,direct
2017,450310,Rolhas de cortiça,251,França,120105269,24.858,direct
2017,450310,Rolhas de cortiça,842,EUA,104720395,21.674,direct
2017,450310,Rolhas de cortiça,724,Espanha,65640422,13.585,direct
2017,450310,Rolhas de cortiça,380,Itália,41629415,8.616,direct
2017,450310,Rolhas de cortiça,484,México,20181739,4.177,direct
2017,450310,Rolhas de cortiça,152,Chile,19374219,4.01,direct
2017,450310,Rolhas de cortiça,826,Reino Unido,17618658,3.646,direct
2017,450310,Rolhas de cortiça,276,Alemanha,16356726,3.385,direct
2017,450410,Cortiça aglomerada,251,França,81542267,15.901,direct
2017,450410,Cortiça aglomerada,842,EUA,79712376,15.544,direct
2017,450410,Cortiça aglomerada,380,Itália,67585145,13.179,direct
2017,450410,Cortiça aglomerada,276,Alemanha,57713013,11.254,direct
2017,450410,Cortiça aglomerada,724,Espanha,39400506,7.683,direct
2017,450410,Cortiça aglomerada,643,Rússia,29824049,5.816,direct
2017,450410,Cortiça aglomerada,156,China,18894956,3.685,direct
2017,450410,Cortiça aglomerada,36,Austrália,9341188,1.822,direct
2017,470329,Pasta de madeira química,528,Países Baixos,116388755,20.521,direct
2017,470329,Pasta de madeira química,724,Espanha,113642149,20.036,direct
2017,470329,Pasta de madeira química,276,Alemanha,88502775,15.604,direct
2017,470329,Pasta de madeira química,616,Polónia,55685258,9.818,direct
2017,470329,Pasta de madeira química,792,Turquia,53797082,9.485,direct
2017,470329,Pasta de madeira química,752,Suécia,35429174,6.247,direct
2017,470329,Pasta de madeira química,251,França,30155059,5.317,direct
2017,470329,Pasta de madeira química,380,Itália,28363462,5.001,direct
2017,480256,Papel para escrita e impressão,251,França,111286384,15.557,direct
2017,480256,Papel para escrita e impressão,724,Espanha,85606686,11.967,direct
2017,480256,Papel para escrita e impressão,842,EUA,77943549,10.896,direct
2017,480256,Papel para escrita e impressão,276,Alemanha,76726616,10.726,direct
2017,480256,Papel para escrita e impressão,380,Itália,70474249,9.852,direct
2017,480256,Papel para escrita e impressão,826,Reino Unido,51308251,7.172,direct
2017,480256,Papel para escrita e impressão,56,Bélgica,20037115,2.801,direct
2017,480256,Papel para escrita e impressão,818,Egito,19054994,2.664,direct
2017,610910,T-shirts de algodão,724,Espanha,338419979,46.276,direct
2017,610910,T-shirts de algodão,251,França,96152426,13.148,direct
2017,610910,T-shirts de algodão,276,Alemanha,70091110,9.584,direct
2017,610910,T-shirts de algodão,826,Reino Unido,63448046,8.676,direct
2017,610910,T-shirts de algodão,380,Itália,48666999,6.655,direct
2017,610910,T-shirts de algodão,528,Países Baixos,32361488,4.425,direct
2017,610910,T-shirts de algodão,752,Suécia,12526925,1.713,direct
2017,610910,T-shirts de algodão,842,EUA,11191874,1.53,direct
2017,640391,Calçado de couro a cobrir o tornozelo,276,Alemanha,124772479,24.258,direct
2017,640391,Calçado de couro a cobrir o tornozelo,528,Países Baixos,95056135,18.481,direct
2017,640391,Calçado de couro a cobrir o tornozelo,251,França,72851575,14.164,direct
2017,640391,Calçado de couro a cobrir o tornozelo,724,Espanha,33888476,6.589,direct
2017,640391,Calçado de couro a cobrir o tornozelo,826,Reino Unido,31060600,6.039,direct
2017,640391,Calçado de couro a cobrir o tornozelo,208,Dinamarca,29489447,5.733,direct
2017,640391,Calçado de couro a cobrir o tornozelo,842,EUA,17140898,3.333,direct
2017,640391,Calçado de couro a cobrir o tornozelo,643,Rússia,17140254,3.332,direct
2017,640399,Calçado de couro sem cobrir o tornozelo,276,Alemanha,184499262,21.203,direct
2017,640399,Calçado de couro sem cobrir o tornozelo,251,França,166045552,19.082,direct
2017,640399,Calçado de couro sem cobrir o tornozelo,528,Países Baixos,106344585,12.221,direct
2017,640399,Calçado de couro sem cobrir o tornozelo,724,Espanha,72951490,8.384,direct
2017,640399,Calçado de couro sem cobrir o tornozelo,826,Reino Unido,52667372,6.053,direct
2017,640399,Calçado de couro sem cobrir o tornozelo,208,Dinamarca,50660538,5.822,direct
2017,640399,Calçado de couro sem cobrir o tornozelo,842,EUA,41567835,4.777,direct
2017,640399,Calçado de couro sem cobrir o tornozelo,56,Bélgica,27876632,3.204,direct
2017,721420,Varões de ferro com saliências (betão armado),724,Espanha,99736713,25.998,direct
2017,721420,Varões de ferro com saliências (betão armado),826,Reino Unido,83277948,21.708,direct
2017,721420,Varões de ferro com saliências (betão armado),842,EUA,66272673,17.275,direct
2017,721420,Varões de ferro com saliências (betão armado),372,Irlanda,28645052,7.467,direct
2017,721420,Varões de ferro com saliências (betão armado),528,Países Baixos,27572879,7.187,direct
2017,721420,Varões de ferro com saliências (betão armado),12,Argélia,21985860,5.731,direct
2017,721420,Varões de ferro com saliências (betão armado),504,Marrocos,10742659,2.8,direct
2017,721420,Varões de ferro com saliências (betão armado),579,Noruega,9936413,2.59,direct
2017,848071,Moldes para borracha ou plástico,276,Alemanha,149165287,22.672,direct
2017,848071,Moldes para borracha ou plástico,724,Espanha,142503898,21.66,direct
2017,848071,Moldes para borracha ou plástico,251,França,79634380,12.104,direct
2017,848071,Moldes para borracha ou plástico,203,Chéquia,41684547,6.336,direct
2017,848071,Moldes para borracha ou plástico,616,Polónia,33318081,5.064,direct
2017,848071,Moldes para borracha ou plástico,842,EUA,28731520,4.367,direct
2017,848071,Moldes para borracha ou plástico,484,México,28393803,4.316,direct
2017,848071,Moldes para borracha ou plástico,826,Reino Unido,21694962,3.298,direct
2017,852721,Autorrádios,276,Alemanha,445328022,60.238,direct
2017,852721,Autorrádios,724,Espanha,115758714,15.658,direct
2017,852721,Autorrádios,826,Reino Unido,55569781,7.517,direct
2017,852721,Autorrádios,56,Bélgica,30177116,4.082,direct
2017,852721,Autorrádios,380,Itália,27338368,3.698,direct
2017,852721,Autorrádios,348,Hungria,17398349,2.353,direct
2017,852721,Autorrádios,251,França,13587702,1.838,direct
2017,852721,Autorrádios,616,Polónia,8362698,1.131,direct
2017,870322,Automóveis a gasolina 1.000–1.500 cm³,276,Alemanha,59355767,27.875,direct
2017,870322,Automóveis a gasolina 1.000–1.500 cm³,156,China,46712809,21.938,direct
2017,870322,Automóveis a gasolina 1.000–1.500 cm³,757,Suíça,15713574,7.38,direct
2017,870322,Automóveis a gasolina 1.000–1.500 cm³,251,França,13580270,6.378,direct
2017,870322,Automóveis a gasolina 1.000–1.500 cm³,724,Espanha,13212140,6.205,direct
2017,870322,Automóveis a gasolina 1.000–1.500 cm³,56,Bélgica,10168338,4.775,direct
2017,870322,Automóveis a gasolina 1.000–1.500 cm³,528,Países Baixos,10157087,4.77,direct
2017,870322,Automóveis a gasolina 1.000–1.500 cm³,380,Itália,9153607,4.299,direct
2017,870323,Automóveis a gasolina 1.500–3.000 cm³,156,China,264757258,35.542,direct
2017,870323,Automóveis a gasolina 1.500–3.000 cm³,276,Alemanha,192585098,25.853,direct
2017,870323,Automóveis a gasolina 1.500–3.000 cm³,826,Reino Unido,132977480,17.851,direct
2017,870323,Automóveis a gasolina 1.500–3.000 cm³,724,Espanha,47587483,6.388,direct
2017,870323,Automóveis a gasolina 1.500–3.000 cm³,251,França,21847877,2.933,direct
2017,870323,Automóveis a gasolina 1.500–3.000 cm³,40,Áustria,18740656,2.516,direct
2017,870323,Automóveis a gasolina 1.500–3.000 cm³,380,Itália,17858636,2.397,direct
2017,870323,Automóveis a gasolina 1.500–3.000 cm³,56,Bélgica,13770107,1.849,direct
2017,870332,Automóveis diesel 1.500–2.500 cm³,276,Alemanha,625441176,48.103,direct
2017,870332,Automóveis diesel 1.500–2.500 cm³,724,Espanha,162254493,12.479,direct
2017,870332,Automóveis diesel 1.500–2.500 cm³,826,Reino Unido,151189819,11.628,direct
2017,870332,Automóveis diesel 1.500–2.500 cm³,40,Áustria,80242305,6.172,direct
2017,870332,Automóveis diesel 1.500–2.500 cm³,380,Itália,72072530,5.543,direct
2017,870332,Automóveis diesel 1.500–2.500 cm³,251,França,71255992,5.48,direct
2017,870332,Automóveis diesel 1.500–2.500 cm³,757,Suíça,68719913,5.285,direct
2017,870332,Automóveis diesel 1.500–2.500 cm³,752,Suécia,11491295,0.884,direct
2017,870421,Camiões diesel até 5 t,251,França,280979136,54.435,direct
2017,870421,Camiões diesel até 5 t,724,Espanha,57958451,11.228,direct
2017,870421,Camiões diesel até 5 t,380,Itália,39861886,7.723,direct
2017,870421,Camiões diesel até 5 t,710,África do Sul,29077882,5.633,direct
2017,870421,Camiões diesel até 5 t,826,Reino Unido,16630532,3.222,direct
2017,870421,Camiões diesel até 5 t,276,Alemanha,15446513,2.992,direct
2017,870421,Camiões diesel até 5 t,56,Bélgica,14779762,2.863,direct
2017,870421,Camiões diesel até 5 t,528,Países Baixos,8174003,1.584,direct
2017,870892,Silenciadores e tubos de escape,724,Espanha,294573204,39.454,direct
2017,870892,Silenciadores e tubos de escape,251,França,294111053,39.392,direct
2017,870892,Silenciadores e tubos de escape,826,Reino Unido,131179444,17.57,direct
2017,870892,Silenciadores e tubos de escape,642,Roménia,6362506,0.852,direct
2017,870892,Silenciadores e tubos de escape,484,México,6181569,0.828,direct
2017,870892,Silenciadores e tubos de escape,40,Áustria,4837991,0.648,direct
2017,870892,Silenciadores e tubos de escape,203,Chéquia,4121019,0.552,direct
2017,870892,Silenciadores e tubos de escape,276,Alemanha,2058812,0.276,direct
2017,870899,Outras partes de veículos,724,Espanha,430574618,42.376,direct
2017,870899,Outras partes de veículos,251,França,188939209,18.595,direct
2017,870899,Outras partes de veículos,276,Alemanha,126605065,12.46,direct
2017,870899,Outras partes de veículos,826,Reino Unido,50647291,4.985,direct
2017,870899,Outras partes de veículos,203,Chéquia,39827915,3.92,direct
2017,870899,Outras partes de veículos,703,Eslováquia,28181122,2.774,direct
2017,870899,Outras partes de veículos,380,Itália,23590435,2.322,direct
2017,870899,Outras partes de veículos,616,Polónia,19261542,1.896,direct
2017,902920,Contadores e tacómetros,826,Reino Unido,88405896,25.437,direct
2017,902920,Contadores e tacómetros,724,Espanha,62859112,18.086,direct
2017,902920,Contadores e tacómetros,276,Alemanha,47248756,13.595,direct
2017,902920,Contadores e tacómetros,752,Suécia,37710383,10.85,direct
2017,902920,Contadores e tacómetros,842,EUA,32984183,9.49,direct
2017,902920,Contadores e tacómetros,703,Eslováquia,31893682,9.177,direct
2017,902920,Contadores e tacómetros,348,Hungria,18172752,5.229,direct
2017,902920,Contadores e tacómetros,40,Áustria,11895818,3.423,direct
2017,940190,Assentos e partes,251,França,198088122,29.897,direct
2017,940190,Assentos e partes,724,Espanha,192666068,29.078,direct
2017,940190,Assentos e partes,703,Eslováquia,81325757,12.274,direct
2017,940190,Assentos e partes,826,Reino Unido,56610773,8.544,direct
2017,940190,Assentos e partes,276,Alemanha,44131274,6.661,direct
2017,940190,Assentos e partes,203,Chéquia,35955097,5.427,direct
2017,940190,Assentos e partes,528,Países Baixos,18532958,2.797,direct
2017,940190,Assentos e partes,56,Bélgica,5798178,0.875,direct
2017,999999,Mercadorias não especificadas,837,Bunkers,88609959,99.146,direct
2017,999999,Mercadorias não especificadas,591,Panamá,130023,0.145,direct
2017,999999,Mercadorias não especificadas,643,Rússia,123743,0.138,direct
2017,999999,Mercadorias não especificadas,76,Brasil,120328,0.135,direct
2017,999999,Mercadorias não especificadas,702,Singapura,80455,0.09,direct
2017,999999,Mercadorias não especificadas,584,Marshall Isds,62085,0.069,direct
2017,999999,Mercadorias não especificadas,300,Grécia,36146,0.04,direct
2017,999999,Mercadorias não especificadas,568,"Other Europe, nes",29626,0.033,direct
2017,220421,Vinho tranquilo até 2 L,251,França,104916642,13.501,mirror
2017,220421,Vinho tranquilo até 2 L,842,EUA,102011121,13.127,mirror
2017,220421,Vinho tranquilo até 2 L,826,Reino Unido,70711952,9.099,mirror
2017,220421,Vinho tranquilo até 2 L,124,Canadá,49475041,6.367,mirror
2017,220421,Vinho tranquilo até 2 L,276,Alemanha,48061789,6.185,mirror
2017,220421,Vinho tranquilo até 2 L,528,Países Baixos,47157977,6.068,mirror
2017,220421,Vinho tranquilo até 2 L,76,Brasil,45295283,5.829,mirror
2017,220421,Vinho tranquilo até 2 L,56,Bélgica,42655810,5.489,mirror
2017,240220,Cigarros,724,Espanha,310481016,55.334,mirror
2017,240220,Cigarros,251,França,106454952,18.972,mirror
2017,240220,Cigarros,380,Itália,96059522,17.12,mirror
2017,240220,Cigarros,703,Eslováquia,15491061,2.761,mirror
2017,240220,Cigarros,682,Arábia Saudita,10531606,1.877,mirror
2017,240220,Cigarros,422,Líbano,4181232,0.745,mirror
2017,240220,Cigarros,276,Alemanha,3748102,0.668,mirror
2017,240220,Cigarros,579,Noruega,3244179,0.578,mirror
2017,271012,Gasolinas e destilados leves,842,EUA,763406079,70.647,mirror
2017,271012,Gasolinas e destilados leves,528,Países Baixos,198769387,18.394,mirror
2017,271012,Gasolinas e destilados leves,724,Espanha,24920237,2.306,mirror
2017,271012,Gasolinas e destilados leves,56,Bélgica,24767442,2.292,mirror
2017,271012,Gasolinas e destilados leves,516,Namíbia,19700497,1.823,mirror
2017,271012,Gasolinas e destilados leves,384,Costa do Marfim,16018156,1.482,mirror
2017,271012,Gasolinas e destilados leves,32,Argentina,11127583,1.03,mirror
2017,271012,Gasolinas e destilados leves,624,Guiné-Bissau,6548810,0.606,mirror
2017,271019,Gasóleo e combustíveis médios e pesados,724,Espanha,577682885,40.713,mirror
2017,271019,Gasóleo e combustíveis médios e pesados,504,Marrocos,274766425,19.365,mirror
2017,271019,Gasóleo e combustíveis médios e pesados,251,França,144408906,10.178,mirror
2017,271019,Gasóleo e combustíveis médios e pesados,76,Brasil,140107848,9.874,mirror
2017,271019,Gasóleo e combustíveis médios e pesados,380,Itália,70816382,4.991,mirror
2017,271019,Gasóleo e combustíveis médios e pesados,422,Líbano,40818780,2.877,mirror
2017,271019,Gasóleo e combustíveis médios e pesados,826,Reino Unido,35148169,2.477,mirror
2017,271019,Gasóleo e combustíveis médios e pesados,24,Angola,21020118,1.481,mirror
2017,300490,Medicamentos,842,EUA,160713519,18.331,mirror
2017,300490,Medicamentos,276,Alemanha,97284958,11.096,mirror
2017,300490,Medicamentos,826,Reino Unido,96140638,10.966,mirror
2017,300490,Medicamentos,24,Angola,74930190,8.546,mirror
2017,300490,Medicamentos,56,Bélgica,47990283,5.474,mirror
2017,300490,Medicamentos,724,Espanha,40215229,4.587,mirror
2017,300490,Medicamentos,251,França,38422472,4.382,mirror
2017,300490,Medicamentos,643,Rússia,36582720,4.173,mirror
2017,401110,Pneus novos,276,Alemanha,317455417,31.912,mirror
2017,401110,Pneus novos,842,EUA,114324745,11.492,mirror
2017,401110,Pneus novos,826,Reino Unido,80710696,8.113,mirror
2017,401110,Pneus novos,724,Espanha,61953032,6.228,mirror
2017,401110,Pneus novos,251,França,50016140,5.028,mirror
2017,401110,Pneus novos,56,Bélgica,47247355,4.749,mirror
2017,401110,Pneus novos,410,Coreia do Sul,47033882,4.728,mirror
2017,401110,Pneus novos,380,Itália,27837624,2.798,mirror
2017,450310,Rolhas de cortiça,842,EUA,142687140,28.093,mirror
2017,450310,Rolhas de cortiça,251,França,121524858,23.927,mirror
2017,450310,Rolhas de cortiça,380,Itália,43259108,8.517,mirror
2017,450310,Rolhas de cortiça,724,Espanha,41462618,8.163,mirror
2017,450310,Rolhas de cortiça,484,México,21548862,4.243,mirror
2017,450310,Rolhas de cortiça,826,Reino Unido,19565134,3.852,mirror
2017,450310,Rolhas de cortiça,152,Chile,19364422,3.813,mirror
2017,450310,Rolhas de cortiça,36,Austrália,18756027,3.693,mirror
2017,450410,Cortiça aglomerada,251,França,63193928,16.002,mirror
2017,450410,Cortiça aglomerada,380,Itália,59863414,15.159,mirror
2017,450410,Cortiça aglomerada,276,Alemanha,57115967,14.463,mirror
2017,450410,Cortiça aglomerada,842,EUA,52981876,13.416,mirror
2017,450410,Cortiça aglomerada,643,Rússia,33600337,8.508,mirror
2017,450410,Cortiça aglomerada,156,China,19377637,4.907,mirror
2017,450410,Cortiça aglomerada,724,Espanha,17103547,4.331,mirror
2017,450410,Cortiça aglomerada,757,Suíça,7802584,1.976,mirror
2017,470329,Pasta de madeira química,276,Alemanha,229882664,29.099,mirror
2017,470329,Pasta de madeira química,528,Países Baixos,132143148,16.727,mirror
2017,470329,Pasta de madeira química,724,Espanha,93308011,11.811,mirror
2017,470329,Pasta de madeira química,251,França,71490789,9.05,mirror
2017,470329,Pasta de madeira química,616,Polónia,69236801,8.764,mirror
2017,470329,Pasta de madeira química,792,Turquia,54974397,6.959,mirror
2017,470329,Pasta de madeira química,752,Suécia,54047649,6.842,mirror
2017,470329,Pasta de madeira química,156,China,33398029,4.228,mirror
2017,480256,Papel para escrita e impressão,842,EUA,92422834,15.444,mirror
2017,480256,Papel para escrita e impressão,251,França,90551877,15.131,mirror
2017,480256,Papel para escrita e impressão,276,Alemanha,67064106,11.206,mirror
2017,480256,Papel para escrita e impressão,380,Itália,66708620,11.147,mirror
2017,480256,Papel para escrita e impressão,724,Espanha,38209756,6.385,mirror
2017,480256,Papel para escrita e impressão,818,Egito,21504784,3.593,mirror
2017,480256,Papel para escrita e impressão,792,Turquia,20888293,3.49,mirror
2017,480256,Papel para escrita e impressão,826,Reino Unido,20394010,3.408,mirror
2017,610910,T-shirts de algodão,724,Espanha,120704241,18.054,mirror
2017,610910,T-shirts de algodão,251,França,96939361,14.5,mirror
2017,610910,T-shirts de algodão,276,Alemanha,68713917,10.278,mirror
2017,610910,T-shirts de algodão,380,Itália,42331183,6.332,mirror
2017,610910,T-shirts de algodão,826,Reino Unido,40464441,6.052,mirror
2017,610910,T-shirts de algodão,156,China,32902597,4.921,mirror
2017,610910,T-shirts de algodão,842,EUA,19850152,2.969,mirror
2017,610910,T-shirts de algodão,528,Países Baixos,16964143,2.537,mirror
2017,640391,Calçado de couro a cobrir o tornozelo,276,Alemanha,167646868,23.395,mirror
2017,640391,Calçado de couro a cobrir o tornozelo,528,Países Baixos,129285868,18.042,mirror
2017,640391,Calçado de couro a cobrir o tornozelo,251,França,92162001,12.861,mirror
2017,640391,Calçado de couro a cobrir o tornozelo,757,Suíça,33077750,4.616,mirror
2017,640391,Calçado de couro a cobrir o tornozelo,643,Rússia,32144796,4.486,mirror
2017,640391,Calçado de couro a cobrir o tornozelo,842,EUA,29446864,4.109,mirror
2017,640391,Calçado de couro a cobrir o tornozelo,724,Espanha,27551002,3.845,mirror
2017,640391,Calçado de couro a cobrir o tornozelo,826,Reino Unido,26168406,3.652,mirror
2017,640399,Calçado de couro sem cobrir o tornozelo,276,Alemanha,210273904,19.995,mirror
2017,640399,Calçado de couro sem cobrir o tornozelo,251,França,203624170,19.363,mirror
2017,640399,Calçado de couro sem cobrir o tornozelo,528,Países Baixos,101778363,9.678,mirror
2017,640399,Calçado de couro sem cobrir o tornozelo,724,Espanha,64614629,6.144,mirror
2017,640399,Calçado de couro sem cobrir o tornozelo,842,EUA,62497871,5.943,mirror
2017,640399,Calçado de couro sem cobrir o tornozelo,208,Dinamarca,47333676,4.501,mirror
2017,640399,Calçado de couro sem cobrir o tornozelo,826,Reino Unido,44846565,4.265,mirror
2017,640399,Calçado de couro sem cobrir o tornozelo,757,Suíça,29612660,2.816,mirror
2017,721420,Varões de ferro com saliências (betão armado),724,Espanha,100092168,30.008,mirror
2017,721420,Varões de ferro com saliências (betão armado),826,Reino Unido,60504888,18.14,mirror
2017,721420,Varões de ferro com saliências (betão armado),842,EUA,53149825,15.935,mirror
2017,721420,Varões de ferro com saliências (betão armado),504,Marrocos,29253045,8.77,mirror
2017,721420,Varões de ferro com saliências (betão armado),12,Argélia,27460349,8.233,mirror
2017,721420,Varões de ferro com saliências (betão armado),372,Irlanda,23711744,7.109,mirror
2017,721420,Varões de ferro com saliências (betão armado),528,Países Baixos,18398150,5.516,mirror
2017,721420,Varões de ferro com saliências (betão armado),132,Cabo Verde,8230279,2.468,mirror
2017,848071,Moldes para borracha ou plástico,276,Alemanha,80130127,25.449,mirror
2017,848071,Moldes para borracha ou plástico,484,México,45738695,14.526,mirror
2017,848071,Moldes para borracha ou plástico,724,Espanha,37062902,11.771,mirror
2017,848071,Moldes para borracha ou plástico,251,França,26274609,8.345,mirror
2017,848071,Moldes para borracha ou plástico,842,EUA,20371775,6.47,mirror
2017,848071,Moldes para borracha ou plástico,203,Chéquia,13702824,4.352,mirror
2017,848071,Moldes para borracha ou plástico,710,África do Sul,11695594,3.714,mirror
2017,848071,Moldes para borracha ou plástico,76,Brasil,6812651,2.164,mirror
2017,852721,Autorrádios,276,Alemanha,136789382,32.942,mirror
2017,852721,Autorrádios,156,China,85156832,20.508,mirror
2017,852721,Autorrádios,724,Espanha,68309935,16.451,mirror
2017,852721,Autorrádios,792,Turquia,36283138,8.738,mirror
2017,852721,Autorrádios,380,Itália,24117186,5.808,mirror
2017,852721,Autorrádios,826,Reino Unido,20101972,4.841,mirror
2017,852721,Autorrádios,348,Hungria,10328025,2.487,mirror
2017,852721,Autorrádios,40,Áustria,6715334,1.617,mirror
2017,870322,Automóveis a gasolina 1.000–1.500 cm³,826,Reino Unido,77939757,23.153,mirror
2017,870322,Automóveis a gasolina 1.000–1.500 cm³,251,França,53379743,15.857,mirror
2017,870322,Automóveis a gasolina 1.000–1.500 cm³,156,China,46040324,13.677,mirror
2017,870322,Automóveis a gasolina 1.000–1.500 cm³,724,Espanha,32074808,9.528,mirror
2017,870322,Automóveis a gasolina 1.000–1.500 cm³,392,Japão,31250816,9.283,mirror
2017,870322,Automóveis a gasolina 1.000–1.500 cm³,757,Suíça,19248293,5.718,mirror
2017,870322,Automóveis a gasolina 1.000–1.500 cm³,276,Alemanha,15733040,4.674,mirror
2017,870322,Automóveis a gasolina 1.000–1.500 cm³,56,Bélgica,13663447,4.059,mirror
2017,870323,Automóveis a gasolina 1.500–3.000 cm³,156,China,249917700,46.803,mirror
2017,870323,Automóveis a gasolina 1.500–3.000 cm³,276,Alemanha,152357062,28.532,mirror
2017,870323,Automóveis a gasolina 1.500–3.000 cm³,251,França,36659602,6.865,mirror
2017,870323,Automóveis a gasolina 1.500–3.000 cm³,826,Reino Unido,21818276,4.086,mirror
2017,870323,Automóveis a gasolina 1.500–3.000 cm³,724,Espanha,21408474,4.009,mirror
2017,870323,Automóveis a gasolina 1.500–3.000 cm³,757,Suíça,17164485,3.214,mirror
2017,870323,Automóveis a gasolina 1.500–3.000 cm³,702,Singapura,7071271,1.324,mirror
2017,870323,Automóveis a gasolina 1.500–3.000 cm³,320,Guatemala,3920732,0.734,mirror
2017,870332,Automóveis diesel 1.500–2.500 cm³,276,Alemanha,290786170,19.601,mirror
2017,870332,Automóveis diesel 1.500–2.500 cm³,826,Reino Unido,274165619,18.48,mirror
2017,870332,Automóveis diesel 1.500–2.500 cm³,40,Áustria,233622745,15.748,mirror
2017,870332,Automóveis diesel 1.500–2.500 cm³,724,Espanha,189512055,12.774,mirror
2017,870332,Automóveis diesel 1.500–2.500 cm³,251,França,120647106,8.132,mirror
2017,870332,Automóveis diesel 1.500–2.500 cm³,757,Suíça,111668495,7.527,mirror
2017,870332,Automóveis diesel 1.500–2.500 cm³,56,Bélgica,75062225,5.06,mirror
2017,870332,Automóveis diesel 1.500–2.500 cm³,380,Itália,52689754,3.552,mirror
2017,870421,Camiões diesel até 5 t,251,França,275315602,53.825,mirror
2017,870421,Camiões diesel até 5 t,724,Espanha,52915855,10.345,mirror
2017,870421,Camiões diesel até 5 t,710,África do Sul,42590509,8.327,mirror
2017,870421,Camiões diesel até 5 t,380,Itália,40577679,7.933,mirror
2017,870421,Camiões diesel até 5 t,826,Reino Unido,16395748,3.205,mirror
2017,870421,Camiões diesel até 5 t,276,Alemanha,12740013,2.491,mirror
2017,870421,Camiões diesel até 5 t,504,Marrocos,8094268,1.582,mirror
2017,870421,Camiões diesel até 5 t,528,Países Baixos,7886839,1.542,mirror
2017,870892,Silenciadores e tubos de escape,251,França,112786607,45.804,mirror
2017,870892,Silenciadores e tubos de escape,724,Espanha,63962968,25.976,mirror
2017,870892,Silenciadores e tubos de escape,826,Reino Unido,41989911,17.053,mirror
2017,870892,Silenciadores e tubos de escape,703,Eslováquia,16082955,6.531,mirror
2017,870892,Silenciadores e tubos de escape,203,Chéquia,3017050,1.225,mirror
2017,870892,Silenciadores e tubos de escape,276,Alemanha,2371474,0.963,mirror
2017,870892,Silenciadores e tubos de escape,392,Japão,1087982,0.442,mirror
2017,870892,Silenciadores e tubos de escape,76,Brasil,912802,0.371,mirror
2017,870899,Outras partes de veículos,724,Espanha,273325566,37.17,mirror
2017,870899,Outras partes de veículos,826,Reino Unido,151013995,20.536,mirror
2017,870899,Outras partes de veículos,251,França,108378724,14.738,mirror
2017,870899,Outras partes de veículos,276,Alemanha,60981788,8.293,mirror
2017,870899,Outras partes de veículos,156,China,39942692,5.432,mirror
2017,870899,Outras partes de veículos,203,Chéquia,19559402,2.66,mirror
2017,870899,Outras partes de veículos,380,Itália,17352616,2.36,mirror
2017,870899,Outras partes de veículos,348,Hungria,11100599,1.51,mirror
2017,902920,Contadores e tacómetros,276,Alemanha,281351033,50.114,mirror
2017,902920,Contadores e tacómetros,826,Reino Unido,66641237,11.87,mirror
2017,902920,Contadores e tacómetros,724,Espanha,60809727,10.831,mirror
2017,902920,Contadores e tacómetros,484,México,56395401,10.045,mirror
2017,902920,Contadores e tacómetros,842,EUA,37240121,6.633,mirror
2017,902920,Contadores e tacómetros,752,Suécia,35094319,6.251,mirror
2017,902920,Contadores e tacómetros,348,Hungria,5700141,1.015,mirror
2017,902920,Contadores e tacómetros,792,Turquia,3923951,0.699,mirror
2017,940190,Assentos e partes,724,Espanha,229590243,29.95,mirror
2017,940190,Assentos e partes,251,França,223563901,29.164,mirror
2017,940190,Assentos e partes,826,Reino Unido,71828058,9.37,mirror
2017,940190,Assentos e partes,703,Eslováquia,67622040,8.821,mirror
2017,940190,Assentos e partes,276,Alemanha,64945985,8.472,mirror
2017,940190,Assentos e partes,203,Chéquia,31352989,4.09,mirror
2017,940190,Assentos e partes,348,Hungria,18887600,2.464,mirror
2017,940190,Assentos e partes,528,Países Baixos,16816598,2.194,mirror
2017,999999,Mercadorias não especificadas,484,México,167633743,24.447,mirror
2017,999999,Mercadorias não especificadas,842,EUA,108831392,15.871,mirror
2017,999999,Mercadorias não especificadas,276,Alemanha,71627585,10.446,mirror
2017,999999,Mercadorias não especificadas,752,Suécia,65017853,9.482,mirror
2017,999999,Mercadorias não especificadas,24,Angola,59910675,8.737,mirror
2017,999999,Mercadorias não especificadas,380,Itália,46256996,6.746,mirror
2017,999999,Mercadorias não especificadas,246,Finlândia,25971725,3.788,mirror
2017,999999,Mercadorias não especificadas,348,Hungria,21130503,3.082,mirror
2018,220421,Vinho tranquilo até 2 L,251,França,135345281,14.659,direct
2018,220421,Vinho tranquilo até 2 L,842,EUA,97738229,10.586,direct
2018,220421,Vinho tranquilo até 2 L,826,Reino Unido,91482932,9.908,direct
2018,220421,Vinho tranquilo até 2 L,56,Bélgica,63257740,6.851,direct
2018,220421,Vinho tranquilo até 2 L,76,Brasil,62617144,6.782,direct
2018,220421,Vinho tranquilo até 2 L,124,Canadá,57498325,6.227,direct
2018,220421,Vinho tranquilo até 2 L,276,Alemanha,52902558,5.73,direct
2018,220421,Vinho tranquilo até 2 L,528,Países Baixos,51905662,5.622,direct
2018,240220,Cigarros,724,Espanha,363678288,52.792,direct
2018,240220,Cigarros,380,Itália,234828106,34.088,direct
2018,240220,Cigarros,251,França,53257682,7.731,direct
2018,240220,Cigarros,292,Gibraltar,10640410,1.545,direct
2018,240220,Cigarros,703,Eslováquia,7559594,1.097,direct
2018,240220,Cigarros,899,"Areas, nes",6741861,0.979,direct
2018,240220,Cigarros,246,Finlândia,2308514,0.335,direct
2018,240220,Cigarros,208,Dinamarca,1798331,0.261,direct
2018,271012,Gasolinas e destilados leves,842,EUA,901228494,62.16,direct
2018,271012,Gasolinas e destilados leves,528,Países Baixos,194348743,13.405,direct
2018,271012,Gasolinas e destilados leves,292,Gibraltar,107185534,7.393,direct
2018,271012,Gasolinas e destilados leves,788,Tunisia,77124421,5.319,direct
2018,271012,Gasolinas e destilados leves,56,Bélgica,62482173,4.31,direct
2018,271012,Gasolinas e destilados leves,724,Espanha,35926855,2.478,direct
2018,271012,Gasolinas e destilados leves,826,Reino Unido,24556325,1.694,direct
2018,271012,Gasolinas e destilados leves,251,França,16506119,1.138,direct
2018,271019,Gasóleo e combustíveis médios e pesados,837,Bunkers,1404542546,53.93,direct
2018,271019,Gasóleo e combustíveis médios e pesados,724,Espanha,524126306,20.125,direct
2018,271019,Gasóleo e combustíveis médios e pesados,504,Marrocos,203158697,7.801,direct
2018,271019,Gasóleo e combustíveis médios e pesados,76,Brasil,89842785,3.45,direct
2018,271019,Gasóleo e combustíveis médios e pesados,788,Tunisia,74121931,2.846,direct
2018,271019,Gasóleo e combustíveis médios e pesados,292,Gibraltar,55242143,2.121,direct
2018,271019,Gasóleo e combustíveis médios e pesados,624,Guiné-Bissau,42495882,1.632,direct
2018,271019,Gasóleo e combustíveis médios e pesados,32,Argentina,41056387,1.576,direct
2018,300490,Medicamentos,826,Reino Unido,102184386,14.885,direct
2018,300490,Medicamentos,276,Alemanha,93457244,13.614,direct
2018,300490,Medicamentos,24,Angola,65657237,9.564,direct
2018,300490,Medicamentos,56,Bélgica,65300040,9.512,direct
2018,300490,Medicamentos,251,França,57903502,8.435,direct
2018,300490,Medicamentos,842,EUA,48362117,7.045,direct
2018,300490,Medicamentos,724,Espanha,44622712,6.5,direct
2018,300490,Medicamentos,380,Itália,19953361,2.907,direct
2018,401110,Pneus novos,276,Alemanha,295530978,25.4,direct
2018,401110,Pneus novos,842,EUA,137312309,11.801,direct
2018,401110,Pneus novos,724,Espanha,134468197,11.557,direct
2018,401110,Pneus novos,826,Reino Unido,93694341,8.053,direct
2018,401110,Pneus novos,410,Coreia do Sul,48622322,4.179,direct
2018,401110,Pneus novos,56,Bélgica,47045660,4.043,direct
2018,401110,Pneus novos,251,França,47019688,4.041,direct
2018,401110,Pneus novos,380,Itália,40214399,3.456,direct
2018,450310,Rolhas de cortiça,842,EUA,137914085,24.408,direct
2018,450310,Rolhas de cortiça,251,França,137724686,24.374,direct
2018,450310,Rolhas de cortiça,724,Espanha,74333515,13.155,direct
2018,450310,Rolhas de cortiça,380,Itália,48178032,8.527,direct
2018,450310,Rolhas de cortiça,826,Reino Unido,23409224,4.143,direct
2018,450310,Rolhas de cortiça,152,Chile,23021367,4.074,direct
2018,450310,Rolhas de cortiça,484,México,19845142,3.512,direct
2018,450310,Rolhas de cortiça,276,Alemanha,17185311,3.041,direct
2018,450410,Cortiça aglomerada,251,França,101024417,16.635,direct
2018,450410,Cortiça aglomerada,842,EUA,90179244,14.849,direct
2018,450410,Cortiça aglomerada,380,Itália,78696971,12.958,direct
2018,450410,Cortiça aglomerada,276,Alemanha,67805374,11.165,direct
2018,450410,Cortiça aglomerada,724,Espanha,46491725,7.655,direct
2018,450410,Cortiça aglomerada,643,Rússia,33643951,5.54,direct
2018,450410,Cortiça aglomerada,156,China,22509186,3.706,direct
2018,450410,Cortiça aglomerada,152,Chile,11956876,1.969,direct
2018,470329,Pasta de madeira química,276,Alemanha,131254955,19.17,direct
2018,470329,Pasta de madeira química,724,Espanha,127317410,18.595,direct
2018,470329,Pasta de madeira química,528,Países Baixos,104900603,15.321,direct
2018,470329,Pasta de madeira química,616,Polónia,98436347,14.377,direct
2018,470329,Pasta de madeira química,792,Turquia,58740492,8.579,direct
2018,470329,Pasta de madeira química,752,Suécia,41348186,6.039,direct
2018,470329,Pasta de madeira química,251,França,39182424,5.723,direct
2018,470329,Pasta de madeira química,380,Itália,32340290,4.723,direct
2018,480256,Papel para escrita e impressão,251,França,123463924,15.006,direct
2018,480256,Papel para escrita e impressão,842,EUA,95637728,11.624,direct
2018,480256,Papel para escrita e impressão,724,Espanha,91408773,11.11,direct
2018,480256,Papel para escrita e impressão,276,Alemanha,89958954,10.934,direct
2018,480256,Papel para escrita e impressão,380,Itália,64376251,7.824,direct
2018,480256,Papel para escrita e impressão,826,Reino Unido,58324398,7.089,direct
2018,480256,Papel para escrita e impressão,56,Bélgica,25136872,3.055,direct
2018,480256,Papel para escrita e impressão,818,Egito,23856461,2.9,direct
2018,610910,T-shirts de algodão,724,Espanha,341301716,40.378,direct
2018,610910,T-shirts de algodão,251,França,114407093,13.535,direct
2018,610910,T-shirts de algodão,380,Itália,90191018,10.67,direct
2018,610910,T-shirts de algodão,276,Alemanha,79855508,9.447,direct
2018,610910,T-shirts de algodão,826,Reino Unido,71047990,8.405,direct
2018,610910,T-shirts de algodão,528,Países Baixos,47022615,5.563,direct
2018,610910,T-shirts de algodão,752,Suécia,18437964,2.181,direct
2018,610910,T-shirts de algodão,842,EUA,15416311,1.824,direct
2018,640391,Calçado de couro a cobrir o tornozelo,276,Alemanha,138522630,24.223,direct
2018,640391,Calçado de couro a cobrir o tornozelo,528,Países Baixos,92315795,16.143,direct
2018,640391,Calçado de couro a cobrir o tornozelo,251,França,82341381,14.399,direct
2018,640391,Calçado de couro a cobrir o tornozelo,724,Espanha,45727001,7.996,direct
2018,640391,Calçado de couro a cobrir o tornozelo,208,Dinamarca,40264469,7.041,direct
2018,640391,Calçado de couro a cobrir o tornozelo,826,Reino Unido,36845315,6.443,direct
2018,640391,Calçado de couro a cobrir o tornozelo,842,EUA,19953958,3.489,direct
2018,640391,Calçado de couro a cobrir o tornozelo,124,Canadá,16630419,2.908,direct
2018,640399,Calçado de couro sem cobrir o tornozelo,276,Alemanha,198570565,19.63,direct
2018,640399,Calçado de couro sem cobrir o tornozelo,251,França,186395846,18.426,direct
2018,640399,Calçado de couro sem cobrir o tornozelo,528,Países Baixos,128198279,12.673,direct
2018,640399,Calçado de couro sem cobrir o tornozelo,724,Espanha,82059149,8.112,direct
2018,640399,Calçado de couro sem cobrir o tornozelo,826,Reino Unido,58993951,5.832,direct
2018,640399,Calçado de couro sem cobrir o tornozelo,208,Dinamarca,55959058,5.532,direct
2018,640399,Calçado de couro sem cobrir o tornozelo,842,EUA,43056426,4.256,direct
2018,640399,Calçado de couro sem cobrir o tornozelo,56,Bélgica,33650864,3.327,direct
2018,721420,Varões de ferro com saliências (betão armado),724,Espanha,164850700,37.587,direct
2018,721420,Varões de ferro com saliências (betão armado),826,Reino Unido,84697871,19.312,direct
2018,721420,Varões de ferro com saliências (betão armado),372,Irlanda,39320150,8.965,direct
2018,721420,Varões de ferro com saliências (betão armado),842,EUA,38143547,8.697,direct
2018,721420,Varões de ferro com saliências (betão armado),124,Canadá,23630450,5.388,direct
2018,721420,Varões de ferro com saliências (betão armado),528,Países Baixos,16794922,3.829,direct
2018,721420,Varões de ferro com saliências (betão armado),56,Bélgica,12001614,2.736,direct
2018,721420,Varões de ferro com saliências (betão armado),132,Cabo Verde,10433168,2.379,direct
2018,848071,Moldes para borracha ou plástico,276,Alemanha,178305962,23.583,direct
2018,848071,Moldes para borracha ou plástico,724,Espanha,122744145,16.234,direct
2018,848071,Moldes para borracha ou plástico,251,França,99138659,13.112,direct
2018,848071,Moldes para borracha ou plástico,203,Chéquia,52777858,6.98,direct
2018,848071,Moldes para borracha ou plástico,842,EUA,43220311,5.716,direct
2018,848071,Moldes para borracha ou plástico,616,Polónia,35785521,4.733,direct
2018,848071,Moldes para borracha ou plástico,826,Reino Unido,35085383,4.64,direct
2018,848071,Moldes para borracha ou plástico,56,Bélgica,19705327,2.606,direct
2018,852721,Autorrádios,276,Alemanha,495316864,59.775,direct
2018,852721,Autorrádios,724,Espanha,142496269,17.196,direct
2018,852721,Autorrádios,826,Reino Unido,58761636,7.091,direct
2018,852721,Autorrádios,380,Itália,28827673,3.479,direct
2018,852721,Autorrádios,251,França,25600121,3.089,direct
2018,852721,Autorrádios,56,Bélgica,24569971,2.965,direct
2018,852721,Autorrádios,348,Hungria,17297035,2.087,direct
2018,852721,Autorrádios,616,Polónia,12319984,1.487,direct
2018,870322,Automóveis a gasolina 1.000–1.500 cm³,276,Alemanha,412879729,34.458,direct
2018,870322,Automóveis a gasolina 1.000–1.500 cm³,826,Reino Unido,174063636,14.527,direct
2018,870322,Automóveis a gasolina 1.000–1.500 cm³,251,França,137097870,11.442,direct
2018,870322,Automóveis a gasolina 1.000–1.500 cm³,724,Espanha,88172062,7.359,direct
2018,870322,Automóveis a gasolina 1.000–1.500 cm³,528,Países Baixos,62064234,5.18,direct
2018,870322,Automóveis a gasolina 1.000–1.500 cm³,380,Itália,51744993,4.319,direct
2018,870322,Automóveis a gasolina 1.000–1.500 cm³,56,Bélgica,43315388,3.615,direct
2018,870322,Automóveis a gasolina 1.000–1.500 cm³,616,Polónia,43138534,3.6,direct
2018,870323,Automóveis a gasolina 1.500–3.000 cm³,276,Alemanha,250683912,37.952,direct
2018,870323,Automóveis a gasolina 1.500–3.000 cm³,156,China,191128235,28.936,direct
2018,870323,Automóveis a gasolina 1.500–3.000 cm³,251,França,30281652,4.584,direct
2018,870323,Automóveis a gasolina 1.500–3.000 cm³,56,Bélgica,28757378,4.354,direct
2018,870323,Automóveis a gasolina 1.500–3.000 cm³,826,Reino Unido,27224841,4.122,direct
2018,870323,Automóveis a gasolina 1.500–3.000 cm³,752,Suécia,23842791,3.61,direct
2018,870323,Automóveis a gasolina 1.500–3.000 cm³,528,Países Baixos,16848717,2.551,direct
2018,870323,Automóveis a gasolina 1.500–3.000 cm³,724,Espanha,16625331,2.517,direct
2018,870332,Automóveis diesel 1.500–2.500 cm³,276,Alemanha,428345807,26.463,direct
2018,870332,Automóveis diesel 1.500–2.500 cm³,380,Itália,278586319,17.211,direct
2018,870332,Automóveis diesel 1.500–2.500 cm³,251,França,193494501,11.954,direct
2018,870332,Automóveis diesel 1.500–2.500 cm³,826,Reino Unido,178729173,11.042,direct
2018,870332,Automóveis diesel 1.500–2.500 cm³,724,Espanha,153743176,9.498,direct
2018,870332,Automóveis diesel 1.500–2.500 cm³,40,Áustria,143540791,8.868,direct
2018,870332,Automóveis diesel 1.500–2.500 cm³,757,Suíça,32999537,2.039,direct
2018,870332,Automóveis diesel 1.500–2.500 cm³,56,Bélgica,29542783,1.825,direct
2018,870421,Camiões diesel até 5 t,251,França,454297541,58.026,direct
2018,870421,Camiões diesel até 5 t,724,Espanha,84036692,10.734,direct
2018,870421,Camiões diesel até 5 t,826,Reino Unido,54751150,6.993,direct
2018,870421,Camiões diesel até 5 t,380,Itália,44874949,5.732,direct
2018,870421,Camiões diesel até 5 t,710,África do Sul,35154754,4.49,direct
2018,870421,Camiões diesel até 5 t,56,Bélgica,26842359,3.429,direct
2018,870421,Camiões diesel até 5 t,276,Alemanha,20460163,2.613,direct
2018,870421,Camiões diesel até 5 t,703,Eslováquia,7825129,0.999,direct
2018,870892,Silenciadores e tubos de escape,724,Espanha,451750450,47.262,direct
2018,870892,Silenciadores e tubos de escape,251,França,275995020,28.874,direct
2018,870892,Silenciadores e tubos de escape,826,Reino Unido,153745390,16.085,direct
2018,870892,Silenciadores e tubos de escape,40,Áustria,31336927,3.278,direct
2018,870892,Silenciadores e tubos de escape,642,Roménia,25753155,2.694,direct
2018,870892,Silenciadores e tubos de escape,276,Alemanha,4565517,0.478,direct
2018,870892,Silenciadores e tubos de escape,484,México,3291811,0.344,direct
2018,870892,Silenciadores e tubos de escape,203,Chéquia,3033877,0.317,direct
2018,870899,Outras partes de veículos,724,Espanha,528975043,42.225,direct
2018,870899,Outras partes de veículos,251,França,238483539,19.037,direct
2018,870899,Outras partes de veículos,276,Alemanha,140025352,11.177,direct
2018,870899,Outras partes de veículos,826,Reino Unido,59906409,4.782,direct
2018,870899,Outras partes de veículos,203,Chéquia,52565735,4.196,direct
2018,870899,Outras partes de veículos,703,Eslováquia,41588539,3.32,direct
2018,870899,Outras partes de veículos,842,EUA,27824365,2.221,direct
2018,870899,Outras partes de veículos,380,Itália,22416493,1.789,direct
2018,902920,Contadores e tacómetros,276,Alemanha,194027353,27.09,direct
2018,902920,Contadores e tacómetros,703,Eslováquia,105526500,14.734,direct
2018,902920,Contadores e tacómetros,724,Espanha,96760160,13.51,direct
2018,902920,Contadores e tacómetros,826,Reino Unido,94556880,13.202,direct
2018,902920,Contadores e tacómetros,842,EUA,60113065,8.393,direct
2018,902920,Contadores e tacómetros,752,Suécia,53382265,7.453,direct
2018,902920,Contadores e tacómetros,40,Áustria,47007918,6.563,direct
2018,902920,Contadores e tacómetros,348,Hungria,31677972,4.423,direct
2018,940190,Assentos e partes,251,França,232179991,31.375,direct
2018,940190,Assentos e partes,724,Espanha,187100261,25.283,direct
2018,940190,Assentos e partes,703,Eslováquia,132482506,17.903,direct
2018,940190,Assentos e partes,276,Alemanha,65775123,8.888,direct
2018,940190,Assentos e partes,826,Reino Unido,59097794,7.986,direct
2018,940190,Assentos e partes,528,Países Baixos,18252461,2.466,direct
2018,940190,Assentos e partes,643,Rússia,8135087,1.099,direct
2018,940190,Assentos e partes,203,Chéquia,8080984,1.092,direct
2018,999999,Mercadorias não especificadas,837,Bunkers,125803472,98.389,direct
2018,999999,Mercadorias não especificadas,643,Rússia,533652,0.417,direct
2018,999999,Mercadorias não especificadas,478,Mauritânia,285972,0.224,direct
2018,999999,Mercadorias não especificadas,504,Marrocos,267447,0.209,direct
2018,999999,Mercadorias não especificadas,410,Coreia do Sul,200930,0.157,direct
2018,999999,Mercadorias não especificadas,591,Panamá,136393,0.107,direct
2018,999999,Mercadorias não especificadas,899,"Areas, nes",125784,0.098,direct
2018,999999,Mercadorias não especificadas,24,Angola,122510,0.096,direct
2018,220421,Vinho tranquilo até 2 L,842,EUA,113428328,13.504,mirror
2018,220421,Vinho tranquilo até 2 L,251,França,112135352,13.35,mirror
2018,220421,Vinho tranquilo até 2 L,826,Reino Unido,73471962,8.747,mirror
2018,220421,Vinho tranquilo até 2 L,124,Canadá,54573924,6.497,mirror
2018,220421,Vinho tranquilo até 2 L,76,Brasil,53504042,6.37,mirror
2018,220421,Vinho tranquilo até 2 L,276,Alemanha,50514591,6.014,mirror
2018,220421,Vinho tranquilo até 2 L,56,Bélgica,48459894,5.769,mirror
2018,220421,Vinho tranquilo até 2 L,528,Países Baixos,39838827,4.743,mirror
2018,240220,Cigarros,724,Espanha,344601342,52.615,mirror
2018,240220,Cigarros,380,Itália,227578739,34.748,mirror
2018,240220,Cigarros,251,França,47703571,7.284,mirror
2018,240220,Cigarros,703,Eslováquia,19882079,3.036,mirror
2018,240220,Cigarros,203,Chéquia,3657612,0.558,mirror
2018,240220,Cigarros,422,Líbano,3468675,0.53,mirror
2018,240220,Cigarros,246,Finlândia,2364988,0.361,mirror
2018,240220,Cigarros,40,Áustria,1527496,0.233,mirror
2018,271012,Gasolinas e destilados leves,842,EUA,895693592,67.719,mirror
2018,271012,Gasolinas e destilados leves,528,Países Baixos,302466620,22.868,mirror
2018,271012,Gasolinas e destilados leves,724,Espanha,31869278,2.409,mirror
2018,271012,Gasolinas e destilados leves,56,Bélgica,27696490,2.094,mirror
2018,271012,Gasolinas e destilados leves,251,França,21089600,1.594,mirror
2018,271012,Gasolinas e destilados leves,818,Egito,15733925,1.19,mirror
2018,271012,Gasolinas e destilados leves,276,Alemanha,8559154,0.647,mirror
2018,271012,Gasolinas e destilados leves,504,Marrocos,5832351,0.441,mirror
2018,271019,Gasóleo e combustíveis médios e pesados,724,Espanha,627526188,54.685,mirror
2018,271019,Gasóleo e combustíveis médios e pesados,504,Marrocos,156755324,13.66,mirror
2018,271019,Gasóleo e combustíveis médios e pesados,76,Brasil,79575987,6.934,mirror
2018,271019,Gasóleo e combustíveis médios e pesados,251,França,60588336,5.28,mirror
2018,271019,Gasóleo e combustíveis médios e pesados,32,Argentina,31813151,2.772,mirror
2018,271019,Gasóleo e combustíveis médios e pesados,300,Grécia,29456519,2.567,mirror
2018,271019,Gasóleo e combustíveis médios e pesados,24,Angola,22037440,1.92,mirror
2018,271019,Gasóleo e combustíveis médios e pesados,826,Reino Unido,21539856,1.877,mirror
2018,300490,Medicamentos,842,EUA,142682108,16.364,mirror
2018,300490,Medicamentos,276,Alemanha,101829289,11.678,mirror
2018,300490,Medicamentos,826,Reino Unido,93756626,10.753,mirror
2018,300490,Medicamentos,24,Angola,68893311,7.901,mirror
2018,300490,Medicamentos,56,Bélgica,51857599,5.947,mirror
2018,300490,Medicamentos,724,Espanha,43204653,4.955,mirror
2018,300490,Medicamentos,251,França,40144843,4.604,mirror
2018,300490,Medicamentos,643,Rússia,35713674,4.096,mirror
2018,401110,Pneus novos,276,Alemanha,318660581,30.219,mirror
2018,401110,Pneus novos,842,EUA,127592332,12.1,mirror
2018,401110,Pneus novos,826,Reino Unido,87207011,8.27,mirror
2018,401110,Pneus novos,724,Espanha,71673397,6.797,mirror
2018,401110,Pneus novos,251,França,53450812,5.069,mirror
2018,401110,Pneus novos,56,Bélgica,47853217,4.538,mirror
2018,401110,Pneus novos,410,Coreia do Sul,42363177,4.017,mirror
2018,401110,Pneus novos,380,Itália,34070571,3.231,mirror
2018,450310,Rolhas de cortiça,842,EUA,161873574,29.462,mirror
2018,450310,Rolhas de cortiça,251,França,125194479,22.786,mirror
2018,450310,Rolhas de cortiça,724,Espanha,49016168,8.921,mirror
2018,450310,Rolhas de cortiça,380,Itália,45520749,8.285,mirror
2018,450310,Rolhas de cortiça,152,Chile,23045792,4.194,mirror
2018,450310,Rolhas de cortiça,826,Reino Unido,23020762,4.19,mirror
2018,450310,Rolhas de cortiça,484,México,22041976,4.012,mirror
2018,450310,Rolhas de cortiça,36,Austrália,20977593,3.818,mirror
2018,450410,Cortiça aglomerada,251,França,70261860,16.537,mirror
2018,450410,Cortiça aglomerada,380,Itália,61593235,14.497,mirror
2018,450410,Cortiça aglomerada,276,Alemanha,58178564,13.693,mirror
2018,450410,Cortiça aglomerada,842,EUA,56978742,13.411,mirror
2018,450410,Cortiça aglomerada,643,Rússia,37127496,8.738,mirror
2018,450410,Cortiça aglomerada,156,China,22701194,5.343,mirror
2018,450410,Cortiça aglomerada,724,Espanha,18304492,4.308,mirror
2018,450410,Cortiça aglomerada,616,Polónia,8787905,2.068,mirror
2018,470329,Pasta de madeira química,276,Alemanha,252078261,30.169,mirror
2018,470329,Pasta de madeira química,528,Países Baixos,101789413,12.182,mirror
2018,470329,Pasta de madeira química,616,Polónia,97003629,11.609,mirror
2018,470329,Pasta de madeira química,251,França,94156822,11.269,mirror
2018,470329,Pasta de madeira química,724,Espanha,94107719,11.263,mirror
2018,470329,Pasta de madeira química,752,Suécia,68994385,8.257,mirror
2018,470329,Pasta de madeira química,792,Turquia,42747339,5.116,mirror
2018,470329,Pasta de madeira química,203,Chéquia,21338154,2.554,mirror
2018,480256,Papel para escrita e impressão,251,França,99362803,15.606,mirror
2018,480256,Papel para escrita e impressão,842,EUA,97543559,15.32,mirror
2018,480256,Papel para escrita e impressão,276,Alemanha,74023671,11.626,mirror
2018,480256,Papel para escrita e impressão,380,Itália,53733213,8.439,mirror
2018,480256,Papel para escrita e impressão,724,Espanha,36750225,5.772,mirror
2018,480256,Papel para escrita e impressão,826,Reino Unido,26572023,4.173,mirror
2018,480256,Papel para escrita e impressão,818,Egito,23221871,3.647,mirror
2018,480256,Papel para escrita e impressão,56,Bélgica,22170463,3.482,mirror
2018,610910,T-shirts de algodão,251,França,100217537,13.223,mirror
2018,610910,T-shirts de algodão,724,Espanha,92624202,12.221,mirror
2018,610910,T-shirts de algodão,276,Alemanha,77031850,10.163,mirror
2018,610910,T-shirts de algodão,380,Itália,69784848,9.207,mirror
2018,610910,T-shirts de algodão,156,China,47821118,6.309,mirror
2018,610910,T-shirts de algodão,826,Reino Unido,36400131,4.803,mirror
2018,610910,T-shirts de algodão,842,EUA,27996931,3.694,mirror
2018,610910,T-shirts de algodão,528,Países Baixos,27610284,3.643,mirror
2018,640391,Calçado de couro a cobrir o tornozelo,276,Alemanha,175929764,23.307,mirror
2018,640391,Calçado de couro a cobrir o tornozelo,528,Países Baixos,141062999,18.688,mirror
2018,640391,Calçado de couro a cobrir o tornozelo,251,França,87624335,11.608,mirror
2018,640391,Calçado de couro a cobrir o tornozelo,842,EUA,35234345,4.668,mirror
2018,640391,Calçado de couro a cobrir o tornozelo,724,Espanha,32936672,4.363,mirror
2018,640391,Calçado de couro a cobrir o tornozelo,757,Suíça,30805370,4.081,mirror
2018,640391,Calçado de couro a cobrir o tornozelo,643,Rússia,26149244,3.464,mirror
2018,640391,Calçado de couro a cobrir o tornozelo,208,Dinamarca,25975787,3.441,mirror
2018,640399,Calçado de couro sem cobrir o tornozelo,276,Alemanha,204006007,19.004,mirror
2018,640399,Calçado de couro sem cobrir o tornozelo,251,França,198340163,18.476,mirror
2018,640399,Calçado de couro sem cobrir o tornozelo,528,Países Baixos,113554889,10.578,mirror
2018,640399,Calçado de couro sem cobrir o tornozelo,724,Espanha,65179833,6.072,mirror
2018,640399,Calçado de couro sem cobrir o tornozelo,842,EUA,60675614,5.652,mirror
2018,640399,Calçado de couro sem cobrir o tornozelo,826,Reino Unido,43071542,4.012,mirror
2018,640399,Calçado de couro sem cobrir o tornozelo,208,Dinamarca,41838341,3.897,mirror
2018,640399,Calçado de couro sem cobrir o tornozelo,156,China,32612885,3.038,mirror
2018,721420,Varões de ferro com saliências (betão armado),724,Espanha,154834182,47.932,mirror
2018,721420,Varões de ferro com saliências (betão armado),826,Reino Unido,68550962,21.221,mirror
2018,721420,Varões de ferro com saliências (betão armado),372,Irlanda,25460361,7.882,mirror
2018,721420,Varões de ferro com saliências (betão armado),842,EUA,25392161,7.861,mirror
2018,721420,Varões de ferro com saliências (betão armado),528,Países Baixos,11008742,3.408,mirror
2018,721420,Varões de ferro com saliências (betão armado),132,Cabo Verde,10582177,3.276,mirror
2018,721420,Varões de ferro com saliências (betão armado),504,Marrocos,8782089,2.719,mirror
2018,721420,Varões de ferro com saliências (betão armado),579,Noruega,7589167,2.349,mirror
2018,848071,Moldes para borracha ou plástico,276,Alemanha,73366598,23.997,mirror
2018,848071,Moldes para borracha ou plástico,724,Espanha,38217570,12.5,mirror
2018,848071,Moldes para borracha ou plástico,251,França,28783616,9.415,mirror
2018,848071,Moldes para borracha ou plástico,842,EUA,28463152,9.31,mirror
2018,848071,Moldes para borracha ou plástico,203,Chéquia,18020503,5.894,mirror
2018,848071,Moldes para borracha ou plástico,484,México,17673472,5.781,mirror
2018,848071,Moldes para borracha ou plástico,643,Rússia,14001229,4.58,mirror
2018,848071,Moldes para borracha ou plástico,76,Brasil,9268597,3.032,mirror
2018,852721,Autorrádios,276,Alemanha,172657106,30.549,mirror
2018,852721,Autorrádios,156,China,143525904,25.394,mirror
2018,852721,Autorrádios,724,Espanha,77893659,13.782,mirror
2018,852721,Autorrádios,792,Turquia,34141575,6.041,mirror
2018,852721,Autorrádios,752,Suécia,26657413,4.717,mirror
2018,852721,Autorrádios,380,Itália,20586794,3.642,mirror
2018,852721,Autorrádios,251,França,16410681,2.904,mirror
2018,852721,Autorrádios,826,Reino Unido,14613294,2.586,mirror
2018,870322,Automóveis a gasolina 1.000–1.500 cm³,251,França,329689958,29.345,mirror
2018,870322,Automóveis a gasolina 1.000–1.500 cm³,826,Reino Unido,246549934,21.945,mirror
2018,870322,Automóveis a gasolina 1.000–1.500 cm³,276,Alemanha,191271958,17.024,mirror
2018,870322,Automóveis a gasolina 1.000–1.500 cm³,724,Espanha,79248807,7.054,mirror
2018,870322,Automóveis a gasolina 1.000–1.500 cm³,56,Bélgica,43317346,3.856,mirror
2018,870322,Automóveis a gasolina 1.000–1.500 cm³,616,Polónia,42525054,3.785,mirror
2018,870322,Automóveis a gasolina 1.000–1.500 cm³,757,Suíça,35871003,3.193,mirror
2018,870322,Automóveis a gasolina 1.000–1.500 cm³,40,Áustria,30368835,2.703,mirror
2018,870323,Automóveis a gasolina 1.500–3.000 cm³,156,China,206702493,34.033,mirror
2018,870323,Automóveis a gasolina 1.500–3.000 cm³,276,Alemanha,123646864,20.358,mirror
2018,870323,Automóveis a gasolina 1.500–3.000 cm³,757,Suíça,93492404,15.393,mirror
2018,870323,Automóveis a gasolina 1.500–3.000 cm³,724,Espanha,66872894,11.01,mirror
2018,870323,Automóveis a gasolina 1.500–3.000 cm³,251,França,33898718,5.581,mirror
2018,870323,Automóveis a gasolina 1.500–3.000 cm³,826,Reino Unido,25922393,4.268,mirror
2018,870323,Automóveis a gasolina 1.500–3.000 cm³,616,Polónia,13313887,2.192,mirror
2018,870323,Automóveis a gasolina 1.500–3.000 cm³,442,Luxemburgo,7947274,1.308,mirror
2018,870332,Automóveis diesel 1.500–2.500 cm³,276,Alemanha,331230879,22.277,mirror
2018,870332,Automóveis diesel 1.500–2.500 cm³,251,França,248110410,16.687,mirror
2018,870332,Automóveis diesel 1.500–2.500 cm³,40,Áustria,188478853,12.676,mirror
2018,870332,Automóveis diesel 1.500–2.500 cm³,826,Reino Unido,171973736,11.566,mirror
2018,870332,Automóveis diesel 1.500–2.500 cm³,724,Espanha,160733183,10.81,mirror
2018,870332,Automóveis diesel 1.500–2.500 cm³,380,Itália,145342703,9.775,mirror
2018,870332,Automóveis diesel 1.500–2.500 cm³,757,Suíça,75858064,5.102,mirror
2018,870332,Automóveis diesel 1.500–2.500 cm³,56,Bélgica,45640021,3.07,mirror
2018,870421,Camiões diesel até 5 t,251,França,404575655,54.798,mirror
2018,870421,Camiões diesel até 5 t,724,Espanha,73288664,9.927,mirror
2018,870421,Camiões diesel até 5 t,826,Reino Unido,51216021,6.937,mirror
2018,870421,Camiões diesel até 5 t,710,África do Sul,47351198,6.414,mirror
2018,870421,Camiões diesel até 5 t,380,Itália,45691761,6.189,mirror
2018,870421,Camiões diesel até 5 t,616,Polónia,24264157,3.286,mirror
2018,870421,Camiões diesel até 5 t,56,Bélgica,17884962,2.422,mirror
2018,870421,Camiões diesel até 5 t,276,Alemanha,13141884,1.78,mirror
2018,870892,Silenciadores e tubos de escape,724,Espanha,46397783,30.074,mirror
2018,870892,Silenciadores e tubos de escape,251,França,42067082,27.267,mirror
2018,870892,Silenciadores e tubos de escape,826,Reino Unido,32815901,21.271,mirror
2018,870892,Silenciadores e tubos de escape,40,Áustria,12891868,8.356,mirror
2018,870892,Silenciadores e tubos de escape,203,Chéquia,5473808,3.548,mirror
2018,870892,Silenciadores e tubos de escape,276,Alemanha,3553548,2.303,mirror
2018,870892,Silenciadores e tubos de escape,484,México,3185386,2.065,mirror
2018,870892,Silenciadores e tubos de escape,392,Japão,1533239,0.994,mirror
2018,870899,Outras partes de veículos,724,Espanha,301643987,38.307,mirror
2018,870899,Outras partes de veículos,826,Reino Unido,133325420,16.932,mirror
2018,870899,Outras partes de veículos,251,França,127690700,16.216,mirror
2018,870899,Outras partes de veículos,276,Alemanha,59720959,7.584,mirror
2018,870899,Outras partes de veículos,156,China,33812611,4.294,mirror
2018,870899,Outras partes de veículos,842,EUA,31045107,3.943,mirror
2018,870899,Outras partes de veículos,203,Chéquia,23280822,2.957,mirror
2018,870899,Outras partes de veículos,380,Itália,16952725,2.153,mirror
2018,902920,Contadores e tacómetros,276,Alemanha,509468978,55.146,mirror
2018,902920,Contadores e tacómetros,724,Espanha,110718007,11.984,mirror
2018,902920,Contadores e tacómetros,826,Reino Unido,91349901,9.888,mirror
2018,902920,Contadores e tacómetros,842,EUA,84796841,9.179,mirror
2018,902920,Contadores e tacómetros,484,México,63093031,6.829,mirror
2018,902920,Contadores e tacómetros,251,França,16872949,1.826,mirror
2018,902920,Contadores e tacómetros,752,Suécia,13566084,1.468,mirror
2018,902920,Contadores e tacómetros,348,Hungria,9771498,1.058,mirror
2018,940190,Assentos e partes,251,França,251653645,29.164,mirror
2018,940190,Assentos e partes,724,Espanha,195507903,22.657,mirror
2018,940190,Assentos e partes,703,Eslováquia,133011078,15.415,mirror
2018,940190,Assentos e partes,276,Alemanha,98673560,11.435,mirror
2018,940190,Assentos e partes,826,Reino Unido,76519478,8.868,mirror
2018,940190,Assentos e partes,348,Hungria,26795138,3.105,mirror
2018,940190,Assentos e partes,528,Países Baixos,16868245,1.955,mirror
2018,940190,Assentos e partes,203,Chéquia,16368012,1.897,mirror
2018,999999,Mercadorias não especificadas,276,Alemanha,566076598,46.244,mirror
2018,999999,Mercadorias não especificadas,484,México,192514302,15.727,mirror
2018,999999,Mercadorias não especificadas,842,EUA,142577146,11.647,mirror
2018,999999,Mercadorias não especificadas,752,Suécia,71853736,5.87,mirror
2018,999999,Mercadorias não especificadas,24,Angola,51473903,4.205,mirror
2018,999999,Mercadorias não especificadas,380,Itália,40325381,3.294,mirror
2018,999999,Mercadorias não especificadas,710,África do Sul,28129678,2.298,mirror
2018,999999,Mercadorias não especificadas,246,Finlândia,27213534,2.223,mirror
2019,220421,Vinho tranquilo até 2 L,251,França,117366846,13.847,direct
2019,220421,Vinho tranquilo até 2 L,842,EUA,96686477,11.407,direct
2019,220421,Vinho tranquilo até 2 L,826,Reino Unido,85890630,10.133,direct
2019,220421,Vinho tranquilo até 2 L,76,Brasil,59304763,6.997,direct
2019,220421,Vinho tranquilo até 2 L,124,Canadá,51234019,6.045,direct
2019,220421,Vinho tranquilo até 2 L,56,Bélgica,50665178,5.977,direct
2019,220421,Vinho tranquilo até 2 L,528,Países Baixos,50372405,5.943,direct
2019,220421,Vinho tranquilo até 2 L,276,Alemanha,47978477,5.66,direct
2019,240220,Cigarros,724,Espanha,297053116,46.372,direct
2019,240220,Cigarros,380,Itália,238251856,37.193,direct
2019,240220,Cigarros,251,França,72412121,11.304,direct
2019,240220,Cigarros,292,Gibraltar,11398518,1.779,direct
2019,240220,Cigarros,703,Eslováquia,7721332,1.205,direct
2019,240220,Cigarros,899,"Areas, nes",5489414,0.857,direct
2019,240220,Cigarros,528,Países Baixos,2645536,0.413,direct
2019,240220,Cigarros,203,Chéquia,1432933,0.224,direct
2019,271012,Gasolinas e destilados leves,842,EUA,783531470,70.03,direct
2019,271012,Gasolinas e destilados leves,528,Países Baixos,196782669,17.588,direct
2019,271012,Gasolinas e destilados leves,292,Gibraltar,76984322,6.881,direct
2019,271012,Gasolinas e destilados leves,724,Espanha,19179966,1.714,direct
2019,271012,Gasolinas e destilados leves,56,Bélgica,14212997,1.27,direct
2019,271012,Gasolinas e destilados leves,251,França,7225212,0.646,direct
2019,271012,Gasolinas e destilados leves,624,Guiné-Bissau,6865215,0.614,direct
2019,271012,Gasolinas e destilados leves,826,Reino Unido,5296933,0.473,direct
2019,271019,Gasóleo e combustíveis médios e pesados,837,Bunkers,1278984937,61.633,direct
2019,271019,Gasóleo e combustíveis médios e pesados,724,Espanha,325215147,15.672,direct
2019,271019,Gasóleo e combustíveis médios e pesados,504,Marrocos,191696060,9.238,direct
2019,271019,Gasóleo e combustíveis médios e pesados,300,Grécia,49744956,2.397,direct
2019,271019,Gasóleo e combustíveis médios e pesados,56,Bélgica,31360602,1.511,direct
2019,271019,Gasóleo e combustíveis médios e pesados,624,Guiné-Bissau,29738814,1.433,direct
2019,271019,Gasóleo e combustíveis médios e pesados,768,Togo,23839214,1.149,direct
2019,271019,Gasóleo e combustíveis médios e pesados,784,Emirados Árabes Unidos,18106632,0.873,direct
2019,300490,Medicamentos,276,Alemanha,97082222,14.474,direct
2019,300490,Medicamentos,826,Reino Unido,90848554,13.545,direct
2019,300490,Medicamentos,842,EUA,69654582,10.385,direct
2019,300490,Medicamentos,56,Bélgica,58206372,8.678,direct
2019,300490,Medicamentos,251,França,45986656,6.856,direct
2019,300490,Medicamentos,24,Angola,44978348,6.706,direct
2019,300490,Medicamentos,724,Espanha,42881371,6.393,direct
2019,300490,Medicamentos,380,Itália,28216887,4.207,direct
2019,401110,Pneus novos,276,Alemanha,224731290,21.943,direct
2019,401110,Pneus novos,842,EUA,160811750,15.702,direct
2019,401110,Pneus novos,724,Espanha,122735061,11.984,direct
2019,401110,Pneus novos,826,Reino Unido,67537233,6.594,direct
2019,401110,Pneus novos,251,França,46518350,4.542,direct
2019,401110,Pneus novos,56,Bélgica,43272161,4.225,direct
2019,401110,Pneus novos,757,Suíça,37651060,3.676,direct
2019,401110,Pneus novos,528,Países Baixos,36562967,3.57,direct
2019,450310,Rolhas de cortiça,842,EUA,119977300,24.652,direct
2019,450310,Rolhas de cortiça,251,França,105767468,21.732,direct
2019,450310,Rolhas de cortiça,724,Espanha,59624696,12.251,direct
2019,450310,Rolhas de cortiça,380,Itália,42117716,8.654,direct
2019,450310,Rolhas de cortiça,826,Reino Unido,23429783,4.814,direct
2019,450310,Rolhas de cortiça,484,México,20515720,4.215,direct
2019,450310,Rolhas de cortiça,152,Chile,19661372,4.04,direct
2019,450310,Rolhas de cortiça,276,Alemanha,16773430,3.446,direct
2019,450410,Cortiça aglomerada,251,França,99503438,18.3,direct
2019,450410,Cortiça aglomerada,842,EUA,74198987,13.646,direct
2019,450410,Cortiça aglomerada,380,Itália,67906300,12.489,direct
2019,450410,Cortiça aglomerada,276,Alemanha,56290111,10.352,direct
2019,450410,Cortiça aglomerada,724,Espanha,50931950,9.367,direct
2019,450410,Cortiça aglomerada,643,Rússia,35949085,6.611,direct
2019,450410,Cortiça aglomerada,156,China,13200210,2.428,direct
2019,450410,Cortiça aglomerada,826,Reino Unido,10743796,1.976,direct
2019,470329,Pasta de madeira química,724,Espanha,110934360,18.219,direct
2019,470329,Pasta de madeira química,276,Alemanha,93119212,15.293,direct
2019,470329,Pasta de madeira química,528,Países Baixos,75516117,12.402,direct
2019,470329,Pasta de madeira química,616,Polónia,75329436,12.372,direct
2019,470329,Pasta de madeira química,792,Turquia,62342397,10.239,direct
2019,470329,Pasta de madeira química,752,Suécia,34983632,5.746,direct
2019,470329,Pasta de madeira química,380,Itália,29834513,4.9,direct
2019,470329,Pasta de madeira química,156,China,26747153,4.393,direct
2019,480256,Papel para escrita e impressão,251,França,110733130,16.025,direct
2019,480256,Papel para escrita e impressão,276,Alemanha,79518822,11.508,direct
2019,480256,Papel para escrita e impressão,724,Espanha,79005336,11.433,direct
2019,480256,Papel para escrita e impressão,842,EUA,74031861,10.714,direct
2019,480256,Papel para escrita e impressão,826,Reino Unido,53923462,7.804,direct
2019,480256,Papel para escrita e impressão,380,Itália,53495961,7.742,direct
2019,480256,Papel para escrita e impressão,56,Bélgica,21793748,3.154,direct
2019,480256,Papel para escrita e impressão,818,Egito,19681273,2.848,direct
2019,610910,T-shirts de algodão,724,Espanha,300915439,41.277,direct
2019,610910,T-shirts de algodão,251,França,107604329,14.76,direct
2019,610910,T-shirts de algodão,380,Itália,84879128,11.643,direct
2019,610910,T-shirts de algodão,276,Alemanha,62694956,8.6,direct
2019,610910,T-shirts de algodão,826,Reino Unido,51254612,7.031,direct
2019,610910,T-shirts de algodão,528,Países Baixos,43033125,5.903,direct
2019,610910,T-shirts de algodão,752,Suécia,12864401,1.765,direct
2019,610910,T-shirts de algodão,842,EUA,11853025,1.626,direct
2019,640391,Calçado de couro a cobrir o tornozelo,276,Alemanha,117028036,23.449,direct
2019,640391,Calçado de couro a cobrir o tornozelo,251,França,84477293,16.927,direct
2019,640391,Calçado de couro a cobrir o tornozelo,528,Países Baixos,76919861,15.413,direct
2019,640391,Calçado de couro a cobrir o tornozelo,724,Espanha,34868448,6.987,direct
2019,640391,Calçado de couro a cobrir o tornozelo,208,Dinamarca,34603804,6.934,direct
2019,640391,Calçado de couro a cobrir o tornozelo,826,Reino Unido,30507447,6.113,direct
2019,640391,Calçado de couro a cobrir o tornozelo,842,EUA,26892050,5.388,direct
2019,640391,Calçado de couro a cobrir o tornozelo,752,Suécia,13820943,2.769,direct
2019,640399,Calçado de couro sem cobrir o tornozelo,251,França,160028552,19.956,direct
2019,640399,Calçado de couro sem cobrir o tornozelo,276,Alemanha,155883571,19.439,direct
2019,640399,Calçado de couro sem cobrir o tornozelo,528,Países Baixos,96917374,12.086,direct
2019,640399,Calçado de couro sem cobrir o tornozelo,724,Espanha,67879887,8.465,direct
2019,640399,Calçado de couro sem cobrir o tornozelo,826,Reino Unido,49911518,6.224,direct
2019,640399,Calçado de couro sem cobrir o tornozelo,208,Dinamarca,42174713,5.259,direct
2019,640399,Calçado de couro sem cobrir o tornozelo,842,EUA,38784920,4.837,direct
2019,640399,Calçado de couro sem cobrir o tornozelo,380,Itália,24426514,3.046,direct
2019,721420,Varões de ferro com saliências (betão armado),724,Espanha,112235877,28.508,direct
2019,721420,Varões de ferro com saliências (betão armado),842,EUA,83485887,21.205,direct
2019,721420,Varões de ferro com saliências (betão armado),826,Reino Unido,73362320,18.634,direct
2019,721420,Varões de ferro com saliências (betão armado),372,Irlanda,38552498,9.792,direct
2019,721420,Varões de ferro com saliências (betão armado),528,Países Baixos,14056047,3.57,direct
2019,721420,Varões de ferro com saliências (betão armado),579,Noruega,12944459,3.288,direct
2019,721420,Varões de ferro com saliências (betão armado),132,Cabo Verde,10802911,2.744,direct
2019,721420,Varões de ferro com saliências (betão armado),124,Canadá,9994093,2.538,direct
2019,848071,Moldes para borracha ou plástico,724,Espanha,131550267,22.206,direct
2019,848071,Moldes para borracha ou plástico,276,Alemanha,117512345,19.836,direct
2019,848071,Moldes para borracha ou plástico,251,França,73775469,12.453,direct
2019,848071,Moldes para borracha ou plástico,203,Chéquia,45249993,7.638,direct
2019,848071,Moldes para borracha ou plástico,616,Polónia,28603586,4.828,direct
2019,848071,Moldes para borracha ou plástico,703,Eslováquia,20086151,3.391,direct
2019,848071,Moldes para borracha ou plástico,842,EUA,18210688,3.074,direct
2019,848071,Moldes para borracha ou plástico,826,Reino Unido,18026903,3.043,direct
2019,852721,Autorrádios,276,Alemanha,407143854,60.517,direct
2019,852721,Autorrádios,724,Espanha,99085651,14.728,direct
2019,852721,Autorrádios,826,Reino Unido,50630771,7.526,direct
2019,852721,Autorrádios,380,Itália,35402201,5.262,direct
2019,852721,Autorrádios,251,França,28986818,4.309,direct
2019,852721,Autorrádios,842,EUA,9517310,1.415,direct
2019,852721,Autorrádios,348,Hungria,9319384,1.385,direct
2019,852721,Autorrádios,703,Eslováquia,8668732,1.289,direct
2019,870322,Automóveis a gasolina 1.000–1.500 cm³,276,Alemanha,612242419,36.197,direct
2019,870322,Automóveis a gasolina 1.000–1.500 cm³,826,Reino Unido,201556325,11.917,direct
2019,870322,Automóveis a gasolina 1.000–1.500 cm³,251,França,169503872,10.021,direct
2019,870322,Automóveis a gasolina 1.000–1.500 cm³,724,Espanha,137709167,8.142,direct
2019,870322,Automóveis a gasolina 1.000–1.500 cm³,380,Itália,117741175,6.961,direct
2019,870322,Automóveis a gasolina 1.000–1.500 cm³,616,Polónia,69606416,4.115,direct
2019,870322,Automóveis a gasolina 1.000–1.500 cm³,56,Bélgica,62718313,3.708,direct
2019,870322,Automóveis a gasolina 1.000–1.500 cm³,528,Países Baixos,50189181,2.967,direct
2019,870323,Automóveis a gasolina 1.500–3.000 cm³,276,Alemanha,168016873,43.362,direct
2019,870323,Automóveis a gasolina 1.500–3.000 cm³,792,Turquia,57894820,14.941,direct
2019,870323,Automóveis a gasolina 1.500–3.000 cm³,156,China,34126983,8.807,direct
2019,870323,Automóveis a gasolina 1.500–3.000 cm³,528,Países Baixos,27989079,7.223,direct
2019,870323,Automóveis a gasolina 1.500–3.000 cm³,251,França,17132282,4.421,direct
2019,870323,Automóveis a gasolina 1.500–3.000 cm³,826,Reino Unido,16267453,4.198,direct
2019,870323,Automóveis a gasolina 1.500–3.000 cm³,724,Espanha,10720882,2.767,direct
2019,870323,Automóveis a gasolina 1.500–3.000 cm³,56,Bélgica,9917557,2.56,direct
2019,870332,Automóveis diesel 1.500–2.500 cm³,276,Alemanha,564691792,31.591,direct
2019,870332,Automóveis diesel 1.500–2.500 cm³,380,Itália,309917297,17.338,direct
2019,870332,Automóveis diesel 1.500–2.500 cm³,826,Reino Unido,214133227,11.979,direct
2019,870332,Automóveis diesel 1.500–2.500 cm³,251,França,177064516,9.906,direct
2019,870332,Automóveis diesel 1.500–2.500 cm³,40,Áustria,130569924,7.305,direct
2019,870332,Automóveis diesel 1.500–2.500 cm³,724,Espanha,130261678,7.287,direct
2019,870332,Automóveis diesel 1.500–2.500 cm³,757,Suíça,61397249,3.435,direct
2019,870332,Automóveis diesel 1.500–2.500 cm³,752,Suécia,32879586,1.839,direct
2019,870421,Camiões diesel até 5 t,251,França,529131728,65.259,direct
2019,870421,Camiões diesel até 5 t,380,Itália,63420732,7.822,direct
2019,870421,Camiões diesel até 5 t,724,Espanha,60510647,7.463,direct
2019,870421,Camiões diesel até 5 t,710,África do Sul,31371510,3.869,direct
2019,870421,Camiões diesel até 5 t,56,Bélgica,29803962,3.676,direct
2019,870421,Camiões diesel até 5 t,276,Alemanha,26427240,3.259,direct
2019,870421,Camiões diesel até 5 t,528,Países Baixos,18026243,2.223,direct
2019,870421,Camiões diesel até 5 t,504,Marrocos,8461695,1.044,direct
2019,870892,Silenciadores e tubos de escape,724,Espanha,501496020,55.977,direct
2019,870892,Silenciadores e tubos de escape,251,França,176163239,19.663,direct
2019,870892,Silenciadores e tubos de escape,826,Reino Unido,163177245,18.214,direct
2019,870892,Silenciadores e tubos de escape,40,Áustria,25409634,2.836,direct
2019,870892,Silenciadores e tubos de escape,642,Roménia,12099448,1.351,direct
2019,870892,Silenciadores e tubos de escape,276,Alemanha,8562655,0.956,direct
2019,870892,Silenciadores e tubos de escape,504,Marrocos,1966290,0.219,direct
2019,870892,Silenciadores e tubos de escape,484,México,1289306,0.144,direct
2019,870899,Outras partes de veículos,724,Espanha,544941438,45.629,direct
2019,870899,Outras partes de veículos,251,França,224565156,18.803,direct
2019,870899,Outras partes de veículos,276,Alemanha,154184865,12.91,direct
2019,870899,Outras partes de veículos,703,Eslováquia,49727698,4.164,direct
2019,870899,Outras partes de veículos,203,Chéquia,42278749,3.54,direct
2019,870899,Outras partes de veículos,826,Reino Unido,30607729,2.563,direct
2019,870899,Outras partes de veículos,842,EUA,30022514,2.514,direct
2019,870899,Outras partes de veículos,616,Polónia,19832640,1.661,direct
2019,902920,Contadores e tacómetros,276,Alemanha,346882854,37.369,direct
2019,902920,Contadores e tacómetros,703,Eslováquia,116645528,12.566,direct
2019,902920,Contadores e tacómetros,842,EUA,100977752,10.878,direct
2019,902920,Contadores e tacómetros,826,Reino Unido,94331460,10.162,direct
2019,902920,Contadores e tacómetros,724,Espanha,84282993,9.08,direct
2019,902920,Contadores e tacómetros,752,Suécia,49059481,5.285,direct
2019,902920,Contadores e tacómetros,348,Hungria,45540462,4.906,direct
2019,902920,Contadores e tacómetros,40,Áustria,24758363,2.667,direct
2019,940190,Assentos e partes,251,França,213963455,31.634,direct
2019,940190,Assentos e partes,724,Espanha,178880689,26.447,direct
2019,940190,Assentos e partes,276,Alemanha,89347143,13.21,direct
2019,940190,Assentos e partes,703,Eslováquia,75038536,11.094,direct
2019,940190,Assentos e partes,826,Reino Unido,42262247,6.248,direct
2019,940190,Assentos e partes,642,Roménia,21879857,3.235,direct
2019,940190,Assentos e partes,616,Polónia,12837197,1.898,direct
2019,940190,Assentos e partes,203,Chéquia,9391512,1.389,direct
2019,999999,Mercadorias não especificadas,837,Bunkers,102814574,99.326,direct
2019,999999,Mercadorias não especificadas,478,Mauritânia,178831,0.173,direct
2019,999999,Mercadorias não especificadas,132,Cabo Verde,165996,0.16,direct
2019,999999,Mercadorias não especificadas,591,Panamá,109033,0.105,direct
2019,999999,Mercadorias não especificadas,504,Marrocos,89544,0.087,direct
2019,999999,Mercadorias não especificadas,470,Malta,35336,0.034,direct
2019,999999,Mercadorias não especificadas,678,São Tomé e Príncipe,34525,0.033,direct
2019,999999,Mercadorias não especificadas,430,Liberia,21372,0.021,direct
2019,220421,Vinho tranquilo até 2 L,842,EUA,114910428,13.589,mirror
2019,220421,Vinho tranquilo até 2 L,251,França,104633976,12.373,mirror
2019,220421,Vinho tranquilo até 2 L,826,Reino Unido,81845549,9.679,mirror
2019,220421,Vinho tranquilo até 2 L,124,Canadá,52837523,6.248,mirror
2019,220421,Vinho tranquilo até 2 L,76,Brasil,51961622,6.145,mirror
2019,220421,Vinho tranquilo até 2 L,276,Alemanha,50827387,6.011,mirror
2019,220421,Vinho tranquilo até 2 L,528,Países Baixos,45048731,5.327,mirror
2019,220421,Vinho tranquilo até 2 L,56,Bélgica,44987806,5.32,mirror
2019,240220,Cigarros,724,Espanha,296458185,47.036,mirror
2019,240220,Cigarros,380,Itália,237274291,37.646,mirror
2019,240220,Cigarros,251,França,71587241,11.358,mirror
2019,240220,Cigarros,703,Eslováquia,19655071,3.118,mirror
2019,240220,Cigarros,203,Chéquia,1354583,0.215,mirror
2019,240220,Cigarros,616,Polónia,1211950,0.192,mirror
2019,240220,Cigarros,528,Países Baixos,1112809,0.177,mirror
2019,240220,Cigarros,826,Reino Unido,1053904,0.167,mirror
2019,271012,Gasolinas e destilados leves,842,EUA,824301840,65.484,mirror
2019,271012,Gasolinas e destilados leves,528,Países Baixos,214885059,17.071,mirror
2019,271012,Gasolinas e destilados leves,818,Egito,136457436,10.84,mirror
2019,271012,Gasolinas e destilados leves,251,França,25320190,2.011,mirror
2019,271012,Gasolinas e destilados leves,566,Nigéria,19739460,1.568,mirror
2019,271012,Gasolinas e destilados leves,724,Espanha,13894449,1.104,mirror
2019,271012,Gasolinas e destilados leves,752,Suécia,7815318,0.621,mirror
2019,271012,Gasolinas e destilados leves,826,Reino Unido,5437020,0.432,mirror
2019,271019,Gasóleo e combustíveis médios e pesados,724,Espanha,374956796,36.849,mirror
2019,271019,Gasóleo e combustíveis médios e pesados,504,Marrocos,193530196,19.019,mirror
2019,271019,Gasóleo e combustíveis médios e pesados,251,França,175008578,17.199,mirror
2019,271019,Gasóleo e combustíveis médios e pesados,528,Países Baixos,66605453,6.546,mirror
2019,271019,Gasóleo e combustíveis médios e pesados,300,Grécia,52393095,5.149,mirror
2019,271019,Gasóleo e combustíveis médios e pesados,705,Eslovénia,25326205,2.489,mirror
2019,271019,Gasóleo e combustíveis médios e pesados,826,Reino Unido,24496936,2.407,mirror
2019,271019,Gasóleo e combustíveis médios e pesados,76,Brasil,20460103,2.011,mirror
2019,300490,Medicamentos,842,EUA,139321514,15.698,mirror
2019,300490,Medicamentos,276,Alemanha,109634766,12.353,mirror
2019,300490,Medicamentos,826,Reino Unido,104169700,11.738,mirror
2019,300490,Medicamentos,24,Angola,48425323,5.456,mirror
2019,300490,Medicamentos,251,França,45868856,5.168,mirror
2019,300490,Medicamentos,56,Bélgica,43578455,4.91,mirror
2019,300490,Medicamentos,724,Espanha,42078980,4.741,mirror
2019,300490,Medicamentos,643,Rússia,38924039,4.386,mirror
2019,401110,Pneus novos,276,Alemanha,257384660,25.886,mirror
2019,401110,Pneus novos,842,EUA,169841828,17.082,mirror
2019,401110,Pneus novos,826,Reino Unido,70008997,7.041,mirror
2019,401110,Pneus novos,724,Espanha,64687264,6.506,mirror
2019,401110,Pneus novos,251,França,55680423,5.6,mirror
2019,401110,Pneus novos,56,Bélgica,47555190,4.783,mirror
2019,401110,Pneus novos,757,Suíça,38643440,3.887,mirror
2019,401110,Pneus novos,410,Coreia do Sul,33959344,3.415,mirror
2019,450310,Rolhas de cortiça,842,EUA,148073245,29.142,mirror
2019,450310,Rolhas de cortiça,251,França,108862812,21.425,mirror
2019,450310,Rolhas de cortiça,724,Espanha,41886344,8.244,mirror
2019,450310,Rolhas de cortiça,380,Itália,40814555,8.033,mirror
2019,450310,Rolhas de cortiça,484,México,26512732,5.218,mirror
2019,450310,Rolhas de cortiça,826,Reino Unido,24815129,4.884,mirror
2019,450310,Rolhas de cortiça,36,Austrália,20969920,4.127,mirror
2019,450310,Rolhas de cortiça,152,Chile,20630144,4.06,mirror
2019,450410,Cortiça aglomerada,251,França,68427614,16.515,mirror
2019,450410,Cortiça aglomerada,276,Alemanha,57433925,13.861,mirror
2019,450410,Cortiça aglomerada,380,Itália,57426250,13.86,mirror
2019,450410,Cortiça aglomerada,842,EUA,57060671,13.771,mirror
2019,450410,Cortiça aglomerada,643,Rússia,43192882,10.424,mirror
2019,450410,Cortiça aglomerada,724,Espanha,28301375,6.83,mirror
2019,450410,Cortiça aglomerada,156,China,12735165,3.074,mirror
2019,450410,Cortiça aglomerada,616,Polónia,8800431,2.124,mirror
2019,470329,Pasta de madeira química,276,Alemanha,155629667,22.203,mirror
2019,470329,Pasta de madeira química,724,Espanha,93587382,13.352,mirror
2019,470329,Pasta de madeira química,616,Polónia,88878703,12.68,mirror
2019,470329,Pasta de madeira química,528,Países Baixos,82248542,11.734,mirror
2019,470329,Pasta de madeira química,752,Suécia,63047897,8.995,mirror
2019,470329,Pasta de madeira química,792,Turquia,57310526,8.176,mirror
2019,470329,Pasta de madeira química,251,França,49707702,7.092,mirror
2019,470329,Pasta de madeira química,156,China,28693668,4.094,mirror
2019,480256,Papel para escrita e impressão,251,França,93292304,15.562,mirror
2019,480256,Papel para escrita e impressão,842,EUA,84532275,14.101,mirror
2019,480256,Papel para escrita e impressão,276,Alemanha,78421618,13.082,mirror
2019,480256,Papel para escrita e impressão,380,Itália,48919719,8.16,mirror
2019,480256,Papel para escrita e impressão,724,Espanha,35314650,5.891,mirror
2019,480256,Papel para escrita e impressão,826,Reino Unido,26232678,4.376,mirror
2019,480256,Papel para escrita e impressão,818,Egito,21327303,3.558,mirror
2019,480256,Papel para escrita e impressão,56,Bélgica,20100769,3.353,mirror
2019,610910,T-shirts de algodão,251,França,102755870,12.797,mirror
2019,610910,T-shirts de algodão,724,Espanha,82627467,10.29,mirror
2019,610910,T-shirts de algodão,380,Itália,78211731,9.74,mirror
2019,610910,T-shirts de algodão,276,Alemanha,74251259,9.247,mirror
2019,610910,T-shirts de algodão,156,China,71635087,8.921,mirror
2019,610910,T-shirts de algodão,842,EUA,30003984,3.737,mirror
2019,610910,T-shirts de algodão,826,Reino Unido,28677339,3.571,mirror
2019,610910,T-shirts de algodão,410,Coreia do Sul,28481983,3.547,mirror
2019,640391,Calçado de couro a cobrir o tornozelo,276,Alemanha,173808815,23.287,mirror
2019,640391,Calçado de couro a cobrir o tornozelo,528,Países Baixos,123582245,16.558,mirror
2019,640391,Calçado de couro a cobrir o tornozelo,251,França,92499078,12.393,mirror
2019,640391,Calçado de couro a cobrir o tornozelo,724,Espanha,49831571,6.677,mirror
2019,640391,Calçado de couro a cobrir o tornozelo,842,EUA,36892631,4.943,mirror
2019,640391,Calçado de couro a cobrir o tornozelo,208,Dinamarca,32109998,4.302,mirror
2019,640391,Calçado de couro a cobrir o tornozelo,757,Suíça,29027099,3.889,mirror
2019,640391,Calçado de couro a cobrir o tornozelo,616,Polónia,26863923,3.599,mirror
2019,640399,Calçado de couro sem cobrir o tornozelo,251,França,188857825,18.738,mirror
2019,640399,Calçado de couro sem cobrir o tornozelo,276,Alemanha,184756500,18.331,mirror
2019,640399,Calçado de couro sem cobrir o tornozelo,528,Países Baixos,105379021,10.456,mirror
2019,640399,Calçado de couro sem cobrir o tornozelo,842,EUA,61516796,6.104,mirror
2019,640399,Calçado de couro sem cobrir o tornozelo,724,Espanha,54689807,5.426,mirror
2019,640399,Calçado de couro sem cobrir o tornozelo,208,Dinamarca,45765297,4.541,mirror
2019,640399,Calçado de couro sem cobrir o tornozelo,826,Reino Unido,39852028,3.954,mirror
2019,640399,Calçado de couro sem cobrir o tornozelo,757,Suíça,34701628,3.443,mirror
2019,721420,Varões de ferro com saliências (betão armado),724,Espanha,114833728,41.595,mirror
2019,721420,Varões de ferro com saliências (betão armado),826,Reino Unido,58544184,21.206,mirror
2019,721420,Varões de ferro com saliências (betão armado),372,Irlanda,27563253,9.984,mirror
2019,721420,Varões de ferro com saliências (betão armado),504,Marrocos,18517490,6.707,mirror
2019,721420,Varões de ferro com saliências (betão armado),124,Canadá,17170832,6.22,mirror
2019,721420,Varões de ferro com saliências (betão armado),528,Países Baixos,13253707,4.801,mirror
2019,721420,Varões de ferro com saliências (betão armado),132,Cabo Verde,10580221,3.832,mirror
2019,721420,Varões de ferro com saliências (betão armado),579,Noruega,8987792,3.256,mirror
2019,848071,Moldes para borracha ou plástico,276,Alemanha,75293287,24.919,mirror
2019,848071,Moldes para borracha ou plástico,724,Espanha,46343953,15.338,mirror
2019,848071,Moldes para borracha ou plástico,251,França,24187505,8.005,mirror
2019,848071,Moldes para borracha ou plástico,203,Chéquia,21165454,7.005,mirror
2019,848071,Moldes para borracha ou plástico,643,Rússia,20531429,6.795,mirror
2019,848071,Moldes para borracha ou plástico,842,EUA,16263400,5.383,mirror
2019,848071,Moldes para borracha ou plástico,484,México,12172973,4.029,mirror
2019,848071,Moldes para borracha ou plástico,504,Marrocos,9485675,3.139,mirror
2019,852721,Autorrádios,276,Alemanha,130385779,30.325,mirror
2019,852721,Autorrádios,156,China,66759868,15.527,mirror
2019,852721,Autorrádios,724,Espanha,64405276,14.979,mirror
2019,852721,Autorrádios,251,França,42032219,9.776,mirror
2019,852721,Autorrádios,792,Turquia,27250178,6.338,mirror
2019,852721,Autorrádios,380,Itália,25781008,5.996,mirror
2019,852721,Autorrádios,703,Eslováquia,17941989,4.173,mirror
2019,852721,Autorrádios,642,Roménia,8839829,2.056,mirror
2019,870322,Automóveis a gasolina 1.000–1.500 cm³,276,Alemanha,573937600,30.646,mirror
2019,870322,Automóveis a gasolina 1.000–1.500 cm³,251,França,332849003,17.773,mirror
2019,870322,Automóveis a gasolina 1.000–1.500 cm³,826,Reino Unido,321308521,17.156,mirror
2019,870322,Automóveis a gasolina 1.000–1.500 cm³,724,Espanha,116478408,6.219,mirror
2019,870322,Automóveis a gasolina 1.000–1.500 cm³,56,Bélgica,94791997,5.061,mirror
2019,870322,Automóveis a gasolina 1.000–1.500 cm³,616,Polónia,87018988,4.646,mirror
2019,870322,Automóveis a gasolina 1.000–1.500 cm³,757,Suíça,66600304,3.556,mirror
2019,870322,Automóveis a gasolina 1.000–1.500 cm³,40,Áustria,52619206,2.81,mirror
2019,870323,Automóveis a gasolina 1.500–3.000 cm³,724,Espanha,117017301,25.837,mirror
2019,870323,Automóveis a gasolina 1.500–3.000 cm³,276,Alemanha,100061371,22.093,mirror
2019,870323,Automóveis a gasolina 1.500–3.000 cm³,757,Suíça,72823945,16.079,mirror
2019,870323,Automóveis a gasolina 1.500–3.000 cm³,156,China,41652095,9.197,mirror
2019,870323,Automóveis a gasolina 1.500–3.000 cm³,251,França,37502369,8.28,mirror
2019,870323,Automóveis a gasolina 1.500–3.000 cm³,826,Reino Unido,35153697,7.762,mirror
2019,870323,Automóveis a gasolina 1.500–3.000 cm³,616,Polónia,13549846,2.992,mirror
2019,870323,Automóveis a gasolina 1.500–3.000 cm³,442,Luxemburgo,6515666,1.439,mirror
2019,870332,Automóveis diesel 1.500–2.500 cm³,276,Alemanha,591584667,30.869,mirror
2019,870332,Automóveis diesel 1.500–2.500 cm³,251,França,274036897,14.299,mirror
2019,870332,Automóveis diesel 1.500–2.500 cm³,826,Reino Unido,253783075,13.243,mirror
2019,870332,Automóveis diesel 1.500–2.500 cm³,724,Espanha,233584420,12.189,mirror
2019,870332,Automóveis diesel 1.500–2.500 cm³,40,Áustria,209580160,10.936,mirror
2019,870332,Automóveis diesel 1.500–2.500 cm³,757,Suíça,112599559,5.876,mirror
2019,870332,Automóveis diesel 1.500–2.500 cm³,380,Itália,56473681,2.947,mirror
2019,870332,Automóveis diesel 1.500–2.500 cm³,56,Bélgica,50457897,2.633,mirror
2019,870421,Camiões diesel até 5 t,251,França,535925263,62.603,mirror
2019,870421,Camiões diesel até 5 t,724,Espanha,72706309,8.493,mirror
2019,870421,Camiões diesel até 5 t,380,Itália,68265422,7.974,mirror
2019,870421,Camiões diesel até 5 t,710,África do Sul,51384397,6.002,mirror
2019,870421,Camiões diesel até 5 t,56,Bélgica,22126875,2.585,mirror
2019,870421,Camiões diesel até 5 t,276,Alemanha,20145127,2.353,mirror
2019,870421,Camiões diesel até 5 t,528,Países Baixos,18146997,2.12,mirror
2019,870421,Camiões diesel até 5 t,642,Roménia,12567388,1.468,mirror
2019,870892,Silenciadores e tubos de escape,724,Espanha,35552912,27.242,mirror
2019,870892,Silenciadores e tubos de escape,826,Reino Unido,30275866,23.199,mirror
2019,870892,Silenciadores e tubos de escape,251,França,20925924,16.034,mirror
2019,870892,Silenciadores e tubos de escape,642,Roménia,10758237,8.243,mirror
2019,870892,Silenciadores e tubos de escape,40,Áustria,9924595,7.605,mirror
2019,870892,Silenciadores e tubos de escape,203,Chéquia,5984248,4.585,mirror
2019,870892,Silenciadores e tubos de escape,842,EUA,4271711,3.273,mirror
2019,870892,Silenciadores e tubos de escape,276,Alemanha,2525248,1.935,mirror
2019,870899,Outras partes de veículos,724,Espanha,348796517,38.319,mirror
2019,870899,Outras partes de veículos,251,França,172463964,18.947,mirror
2019,870899,Outras partes de veículos,826,Reino Unido,146373212,16.081,mirror
2019,870899,Outras partes de veículos,276,Alemanha,80510286,8.845,mirror
2019,870899,Outras partes de veículos,842,EUA,56243384,6.179,mirror
2019,870899,Outras partes de veículos,203,Chéquia,14923606,1.64,mirror
2019,870899,Outras partes de veículos,156,China,12438807,1.367,mirror
2019,870899,Outras partes de veículos,380,Itália,11588628,1.273,mirror
2019,902920,Contadores e tacómetros,276,Alemanha,567338896,57.159,mirror
2019,902920,Contadores e tacómetros,842,EUA,108711033,10.953,mirror
2019,902920,Contadores e tacómetros,484,México,66208863,6.67,mirror
2019,902920,Contadores e tacómetros,826,Reino Unido,60176802,6.063,mirror
2019,902920,Contadores e tacómetros,752,Suécia,55206148,5.562,mirror
2019,902920,Contadores e tacómetros,724,Espanha,35173355,3.544,mirror
2019,902920,Contadores e tacómetros,348,Hungria,20225764,2.038,mirror
2019,902920,Contadores e tacómetros,56,Bélgica,18314954,1.845,mirror
2019,940190,Assentos e partes,251,França,246988738,31.492,mirror
2019,940190,Assentos e partes,724,Espanha,181633873,23.159,mirror
2019,940190,Assentos e partes,276,Alemanha,97530028,12.436,mirror
2019,940190,Assentos e partes,703,Eslováquia,82027204,10.459,mirror
2019,940190,Assentos e partes,826,Reino Unido,65294735,8.325,mirror
2019,940190,Assentos e partes,203,Chéquia,32110300,4.094,mirror
2019,940190,Assentos e partes,642,Roménia,21986006,2.803,mirror
2019,940190,Assentos e partes,643,Rússia,9392418,1.198,mirror
2019,999999,Mercadorias não especificadas,276,Alemanha,491511022,44.982,mirror
2019,999999,Mercadorias não especificadas,484,México,157892640,14.45,mirror
2019,999999,Mercadorias não especificadas,842,EUA,141121813,12.915,mirror
2019,999999,Mercadorias não especificadas,752,Suécia,67012331,6.133,mirror
2019,999999,Mercadorias não especificadas,380,Itália,57617218,5.273,mirror
2019,999999,Mercadorias não especificadas,710,África do Sul,50198620,4.594,mirror
2019,999999,Mercadorias não especificadas,246,Finlândia,25950857,2.375,mirror
2019,999999,Mercadorias não especificadas,372,Irlanda,13256686,1.213,mirror
2020,220421,Vinho tranquilo até 2 L,251,França,114423345,12.777,direct
2020,220421,Vinho tranquilo até 2 L,826,Reino Unido,106271759,11.867,direct
2020,220421,Vinho tranquilo até 2 L,842,EUA,101351269,11.318,direct
2020,220421,Vinho tranquilo até 2 L,76,Brasil,75050568,8.381,direct
2020,220421,Vinho tranquilo até 2 L,124,Canadá,54544623,6.091,direct
2020,220421,Vinho tranquilo até 2 L,528,Países Baixos,53680014,5.994,direct
2020,220421,Vinho tranquilo até 2 L,56,Bélgica,52028818,5.81,direct
2020,220421,Vinho tranquilo até 2 L,276,Alemanha,50874277,5.681,direct
2020,240220,Cigarros,724,Espanha,299447964,39.957,direct
2020,240220,Cigarros,380,Itália,211928564,28.279,direct
2020,240220,Cigarros,251,França,197988201,26.419,direct
2020,240220,Cigarros,528,Países Baixos,16268988,2.171,direct
2020,240220,Cigarros,292,Gibraltar,7714773,1.029,direct
2020,240220,Cigarros,703,Eslováquia,6117389,0.816,direct
2020,240220,Cigarros,376,Israel,3259690,0.435,direct
2020,240220,Cigarros,899,"Areas, nes",1847412,0.247,direct
2020,271012,Gasolinas e destilados leves,842,EUA,443413629,70.696,direct
2020,271012,Gasolinas e destilados leves,528,Países Baixos,84001746,13.393,direct
2020,271012,Gasolinas e destilados leves,56,Bélgica,48937012,7.802,direct
2020,271012,Gasolinas e destilados leves,724,Espanha,21113902,3.366,direct
2020,271012,Gasolinas e destilados leves,372,Irlanda,10860215,1.732,direct
2020,271012,Gasolinas e destilados leves,624,Guiné-Bissau,4792083,0.764,direct
2020,271012,Gasolinas e destilados leves,380,Itália,4228294,0.674,direct
2020,271012,Gasolinas e destilados leves,251,França,4029158,0.642,direct
2020,271019,Gasóleo e combustíveis médios e pesados,837,Bunkers,555388942,33.134,direct
2020,271019,Gasóleo e combustíveis médios e pesados,724,Espanha,281247989,16.779,direct
2020,271019,Gasóleo e combustíveis médios e pesados,292,Gibraltar,202545417,12.084,direct
2020,271019,Gasóleo e combustíveis médios e pesados,504,Marrocos,135348015,8.075,direct
2020,271019,Gasóleo e combustíveis médios e pesados,251,França,75792515,4.522,direct
2020,271019,Gasóleo e combustíveis médios e pesados,842,EUA,58779509,3.507,direct
2020,271019,Gasóleo e combustíveis médios e pesados,132,Cabo Verde,47015743,2.805,direct
2020,271019,Gasóleo e combustíveis médios e pesados,380,Itália,44788704,2.672,direct
2020,300490,Medicamentos,276,Alemanha,117152167,15.434,direct
2020,300490,Medicamentos,826,Reino Unido,74854818,9.861,direct
2020,300490,Medicamentos,372,Irlanda,68231635,8.989,direct
2020,300490,Medicamentos,842,EUA,61757822,8.136,direct
2020,300490,Medicamentos,56,Bélgica,59005992,7.774,direct
2020,300490,Medicamentos,251,França,55093893,7.258,direct
2020,300490,Medicamentos,724,Espanha,54136634,7.132,direct
2020,300490,Medicamentos,24,Angola,42087921,5.545,direct
2020,401110,Pneus novos,276,Alemanha,179052615,20.152,direct
2020,401110,Pneus novos,842,EUA,176390637,19.852,direct
2020,401110,Pneus novos,724,Espanha,106339238,11.968,direct
2020,401110,Pneus novos,410,Coreia do Sul,49011494,5.516,direct
2020,401110,Pneus novos,826,Reino Unido,44694128,5.03,direct
2020,401110,Pneus novos,56,Bélgica,37946401,4.271,direct
2020,401110,Pneus novos,757,Suíça,32481753,3.656,direct
2020,401110,Pneus novos,251,França,29820893,3.356,direct
2020,450310,Rolhas de cortiça,842,EUA,133190305,27.768,direct
2020,450310,Rolhas de cortiça,251,França,103377158,21.552,direct
2020,450310,Rolhas de cortiça,724,Espanha,51354357,10.707,direct
2020,450310,Rolhas de cortiça,380,Itália,38364138,7.998,direct
2020,450310,Rolhas de cortiça,484,México,29213294,6.09,direct
2020,450310,Rolhas de cortiça,826,Reino Unido,22555493,4.702,direct
2020,450310,Rolhas de cortiça,152,Chile,16176980,3.373,direct
2020,450310,Rolhas de cortiça,276,Alemanha,13461509,2.807,direct
2020,450410,Cortiça aglomerada,251,França,92789747,16.891,direct
2020,450410,Cortiça aglomerada,842,EUA,82847878,15.082,direct
2020,450410,Cortiça aglomerada,380,Itália,64749400,11.787,direct
2020,450410,Cortiça aglomerada,276,Alemanha,61472680,11.19,direct
2020,450410,Cortiça aglomerada,724,Espanha,58283678,10.61,direct
2020,450410,Cortiça aglomerada,643,Rússia,26907692,4.898,direct
2020,450410,Cortiça aglomerada,826,Reino Unido,16483819,3.001,direct
2020,450410,Cortiça aglomerada,156,China,14767254,2.688,direct
2020,470329,Pasta de madeira química,724,Espanha,105324393,19.088,direct
2020,470329,Pasta de madeira química,792,Turquia,75773645,13.733,direct
2020,470329,Pasta de madeira química,616,Polónia,67539145,12.24,direct
2020,470329,Pasta de madeira química,276,Alemanha,61982311,11.233,direct
2020,470329,Pasta de madeira química,528,Países Baixos,49256494,8.927,direct
2020,470329,Pasta de madeira química,752,Suécia,43180905,7.826,direct
2020,470329,Pasta de madeira química,380,Itália,36959034,6.698,direct
2020,470329,Pasta de madeira química,156,China,31300596,5.673,direct
2020,480256,Papel para escrita e impressão,251,França,84734354,15.541,direct
2020,480256,Papel para escrita e impressão,724,Espanha,61095765,11.205,direct
2020,480256,Papel para escrita e impressão,276,Alemanha,61080259,11.202,direct
2020,480256,Papel para escrita e impressão,842,EUA,55964338,10.264,direct
2020,480256,Papel para escrita e impressão,380,Itália,48121158,8.826,direct
2020,480256,Papel para escrita e impressão,826,Reino Unido,44264428,8.118,direct
2020,480256,Papel para escrita e impressão,56,Bélgica,17239122,3.162,direct
2020,480256,Papel para escrita e impressão,818,Egito,16588439,3.042,direct
2020,610910,T-shirts de algodão,724,Espanha,226729287,36.012,direct
2020,610910,T-shirts de algodão,251,França,99099416,15.74,direct
2020,610910,T-shirts de algodão,380,Itália,78351108,12.445,direct
2020,610910,T-shirts de algodão,276,Alemanha,63420842,10.073,direct
2020,610910,T-shirts de algodão,826,Reino Unido,44394675,7.051,direct
2020,610910,T-shirts de algodão,528,Países Baixos,38493093,6.114,direct
2020,610910,T-shirts de algodão,752,Suécia,14414885,2.29,direct
2020,610910,T-shirts de algodão,208,Dinamarca,11006764,1.748,direct
2020,640391,Calçado de couro a cobrir o tornozelo,276,Alemanha,118791460,28.036,direct
2020,640391,Calçado de couro a cobrir o tornozelo,251,França,70515018,16.642,direct
2020,640391,Calçado de couro a cobrir o tornozelo,528,Países Baixos,64074193,15.122,direct
2020,640391,Calçado de couro a cobrir o tornozelo,208,Dinamarca,34762959,8.205,direct
2020,640391,Calçado de couro a cobrir o tornozelo,724,Espanha,27206460,6.421,direct
2020,640391,Calçado de couro a cobrir o tornozelo,826,Reino Unido,21950289,5.181,direct
2020,640391,Calçado de couro a cobrir o tornozelo,842,EUA,17800106,4.201,direct
2020,640391,Calçado de couro a cobrir o tornozelo,752,Suécia,10094443,2.382,direct
2020,640399,Calçado de couro sem cobrir o tornozelo,276,Alemanha,148497443,21.361,direct
2020,640399,Calçado de couro sem cobrir o tornozelo,251,França,133037159,19.137,direct
2020,640399,Calçado de couro sem cobrir o tornozelo,528,Países Baixos,99289302,14.283,direct
2020,640399,Calçado de couro sem cobrir o tornozelo,724,Espanha,51307152,7.381,direct
2020,640399,Calçado de couro sem cobrir o tornozelo,826,Reino Unido,39992384,5.753,direct
2020,640399,Calçado de couro sem cobrir o tornozelo,208,Dinamarca,37122800,5.34,direct
2020,640399,Calçado de couro sem cobrir o tornozelo,842,EUA,33167608,4.771,direct
2020,640399,Calçado de couro sem cobrir o tornozelo,380,Itália,22589338,3.249,direct
2020,721420,Varões de ferro com saliências (betão armado),724,Espanha,72801044,24.834,direct
2020,721420,Varões de ferro com saliências (betão armado),826,Reino Unido,58017668,19.791,direct
2020,721420,Varões de ferro com saliências (betão armado),842,EUA,37704720,12.862,direct
2020,721420,Varões de ferro com saliências (betão armado),372,Irlanda,30854706,10.525,direct
2020,721420,Varões de ferro com saliências (betão armado),528,Países Baixos,20524845,7.001,direct
2020,721420,Varões de ferro com saliências (betão armado),132,Cabo Verde,10807318,3.687,direct
2020,721420,Varões de ferro com saliências (betão armado),276,Alemanha,10219088,3.486,direct
2020,721420,Varões de ferro com saliências (betão armado),504,Marrocos,8962804,3.057,direct
2020,848071,Moldes para borracha ou plástico,724,Espanha,101751979,17.91,direct
2020,848071,Moldes para borracha ou plástico,276,Alemanha,98277745,17.298,direct
2020,848071,Moldes para borracha ou plástico,251,França,90008082,15.843,direct
2020,848071,Moldes para borracha ou plástico,203,Chéquia,42679851,7.512,direct
2020,848071,Moldes para borracha ou plástico,616,Polónia,21233641,3.737,direct
2020,848071,Moldes para borracha ou plástico,380,Itália,20724106,3.648,direct
2020,848071,Moldes para borracha ou plástico,826,Reino Unido,19530022,3.438,direct
2020,848071,Moldes para borracha ou plástico,642,Roménia,17705149,3.116,direct
2020,852721,Autorrádios,276,Alemanha,382350265,58.262,direct
2020,852721,Autorrádios,724,Espanha,100867443,15.37,direct
2020,852721,Autorrádios,826,Reino Unido,34410623,5.243,direct
2020,852721,Autorrádios,380,Itália,34146032,5.203,direct
2020,852721,Autorrádios,703,Eslováquia,29975852,4.568,direct
2020,852721,Autorrádios,251,França,19599791,2.987,direct
2020,852721,Autorrádios,348,Hungria,17958938,2.737,direct
2020,852721,Autorrádios,842,EUA,16333621,2.489,direct
2020,870322,Automóveis a gasolina 1.000–1.500 cm³,276,Alemanha,448509032,29.077,direct
2020,870322,Automóveis a gasolina 1.000–1.500 cm³,826,Reino Unido,167601143,10.866,direct
2020,870322,Automóveis a gasolina 1.000–1.500 cm³,251,França,152535152,9.889,direct
2020,870322,Automóveis a gasolina 1.000–1.500 cm³,792,Turquia,138155138,8.957,direct
2020,870322,Automóveis a gasolina 1.000–1.500 cm³,380,Itália,114264901,7.408,direct
2020,870322,Automóveis a gasolina 1.000–1.500 cm³,724,Espanha,100116913,6.491,direct
2020,870322,Automóveis a gasolina 1.000–1.500 cm³,616,Polónia,72754882,4.717,direct
2020,870322,Automóveis a gasolina 1.000–1.500 cm³,208,Dinamarca,39576261,2.566,direct
2020,870323,Automóveis a gasolina 1.500–3.000 cm³,276,Alemanha,99213567,43.753,direct
2020,870323,Automóveis a gasolina 1.500–3.000 cm³,36,Austrália,23831194,10.51,direct
2020,870323,Automóveis a gasolina 1.500–3.000 cm³,792,Turquia,16717330,7.372,direct
2020,870323,Automóveis a gasolina 1.500–3.000 cm³,826,Reino Unido,11798600,5.203,direct
2020,870323,Automóveis a gasolina 1.500–3.000 cm³,710,África do Sul,10141627,4.472,direct
2020,870323,Automóveis a gasolina 1.500–3.000 cm³,702,Singapura,9772602,4.31,direct
2020,870323,Automóveis a gasolina 1.500–3.000 cm³,490,Taiwan (Prov. China),8064189,3.556,direct
2020,870323,Automóveis a gasolina 1.500–3.000 cm³,251,França,7442423,3.282,direct
2020,870332,Automóveis diesel 1.500–2.500 cm³,276,Alemanha,322357192,29.689,direct
2020,870332,Automóveis diesel 1.500–2.500 cm³,380,Itália,162834587,14.997,direct
2020,870332,Automóveis diesel 1.500–2.500 cm³,392,Japão,113853953,10.486,direct
2020,870332,Automóveis diesel 1.500–2.500 cm³,40,Áustria,83582838,7.698,direct
2020,870332,Automóveis diesel 1.500–2.500 cm³,251,França,77848734,7.17,direct
2020,870332,Automóveis diesel 1.500–2.500 cm³,757,Suíça,74009548,6.816,direct
2020,870332,Automóveis diesel 1.500–2.500 cm³,724,Espanha,67857293,6.25,direct
2020,870332,Automóveis diesel 1.500–2.500 cm³,826,Reino Unido,44674164,4.114,direct
2020,870421,Camiões diesel até 5 t,251,França,532868563,66.743,direct
2020,870421,Camiões diesel até 5 t,724,Espanha,59241797,7.42,direct
2020,870421,Camiões diesel até 5 t,380,Itália,56717999,7.104,direct
2020,870421,Camiões diesel até 5 t,56,Bélgica,37361272,4.68,direct
2020,870421,Camiões diesel até 5 t,276,Alemanha,35974758,4.506,direct
2020,870421,Camiões diesel até 5 t,528,Países Baixos,22307305,2.794,direct
2020,870421,Camiões diesel até 5 t,710,África do Sul,17412715,2.181,direct
2020,870421,Camiões diesel até 5 t,703,Eslováquia,6298945,0.789,direct
2020,870892,Silenciadores e tubos de escape,724,Espanha,533985071,57.702,direct
2020,870892,Silenciadores e tubos de escape,251,França,201734030,21.799,direct
2020,870892,Silenciadores e tubos de escape,826,Reino Unido,137919642,14.904,direct
2020,870892,Silenciadores e tubos de escape,642,Roménia,14885177,1.608,direct
2020,870892,Silenciadores e tubos de escape,40,Áustria,11649764,1.259,direct
2020,870892,Silenciadores e tubos de escape,504,Marrocos,11053094,1.194,direct
2020,870892,Silenciadores e tubos de escape,276,Alemanha,8289891,0.896,direct
2020,870892,Silenciadores e tubos de escape,528,Países Baixos,1476559,0.16,direct
2020,870899,Outras partes de veículos,724,Espanha,569967111,51.508,direct
2020,870899,Outras partes de veículos,251,França,166837506,15.077,direct
2020,870899,Outras partes de veículos,276,Alemanha,135657355,12.259,direct
2020,870899,Outras partes de veículos,203,Chéquia,41547705,3.755,direct
2020,870899,Outras partes de veículos,703,Eslováquia,33997612,3.072,direct
2020,870899,Outras partes de veículos,826,Reino Unido,31610468,2.857,direct
2020,870899,Outras partes de veículos,616,Polónia,19209441,1.736,direct
2020,870899,Outras partes de veículos,380,Itália,15020522,1.357,direct
2020,902920,Contadores e tacómetros,276,Alemanha,421466773,40.682,direct
2020,902920,Contadores e tacómetros,724,Espanha,134905078,13.022,direct
2020,902920,Contadores e tacómetros,842,EUA,99188295,9.574,direct
2020,902920,Contadores e tacómetros,703,Eslováquia,93664007,9.041,direct
2020,902920,Contadores e tacómetros,348,Hungria,45769349,4.418,direct
2020,902920,Contadores e tacómetros,826,Reino Unido,45192034,4.362,direct
2020,902920,Contadores e tacómetros,752,Suécia,43508571,4.2,direct
2020,902920,Contadores e tacómetros,642,Roménia,42053087,4.059,direct
2020,940190,Assentos e partes,724,Espanha,204456112,36.105,direct
2020,940190,Assentos e partes,251,França,133679944,23.607,direct
2020,940190,Assentos e partes,703,Eslováquia,63862133,11.277,direct
2020,940190,Assentos e partes,276,Alemanha,51714298,9.132,direct
2020,940190,Assentos e partes,826,Reino Unido,31562851,5.574,direct
2020,940190,Assentos e partes,642,Roménia,18676276,3.298,direct
2020,940190,Assentos e partes,203,Chéquia,16206790,2.862,direct
2020,940190,Assentos e partes,616,Polónia,13192356,2.33,direct
2020,999999,Mercadorias não especificadas,837,Bunkers,62720027,98.751,direct
2020,999999,Mercadorias não especificadas,132,Cabo Verde,258731,0.407,direct
2020,999999,Mercadorias não especificadas,724,Espanha,178119,0.28,direct
2020,999999,Mercadorias não especificadas,842,EUA,86662,0.136,direct
2020,999999,Mercadorias não especificadas,478,Mauritânia,64083,0.101,direct
2020,999999,Mercadorias não especificadas,591,Panamá,56535,0.089,direct
2020,999999,Mercadorias não especificadas,504,Marrocos,48597,0.077,direct
2020,999999,Mercadorias não especificadas,24,Angola,22232,0.035,direct
2020,220421,Vinho tranquilo até 2 L,842,EUA,117217503,13.072,mirror
2020,220421,Vinho tranquilo até 2 L,251,França,101479148,11.316,mirror
2020,220421,Vinho tranquilo até 2 L,826,Reino Unido,90557631,10.099,mirror
2020,220421,Vinho tranquilo até 2 L,76,Brasil,66748776,7.443,mirror
2020,220421,Vinho tranquilo até 2 L,124,Canadá,55501986,6.189,mirror
2020,220421,Vinho tranquilo até 2 L,276,Alemanha,55071481,6.141,mirror
2020,220421,Vinho tranquilo até 2 L,528,Países Baixos,49722653,5.545,mirror
2020,220421,Vinho tranquilo até 2 L,56,Bélgica,47290315,5.274,mirror
2020,240220,Cigarros,724,Espanha,299546858,41.139,mirror
2020,240220,Cigarros,380,Itália,212087213,29.127,mirror
2020,240220,Cigarros,251,França,186836303,25.66,mirror
2020,240220,Cigarros,703,Eslováquia,18386446,2.525,mirror
2020,240220,Cigarros,528,Países Baixos,8356433,1.148,mirror
2020,240220,Cigarros,203,Chéquia,1460542,0.201,mirror
2020,240220,Cigarros,470,Malta,1342316,0.184,mirror
2020,240220,Cigarros,688,Sérvia,60579,0.008,mirror
2020,271012,Gasolinas e destilados leves,842,EUA,670550420,83.462,mirror
2020,271012,Gasolinas e destilados leves,528,Países Baixos,66383801,8.263,mirror
2020,271012,Gasolinas e destilados leves,56,Bélgica,22297467,2.775,mirror
2020,271012,Gasolinas e destilados leves,724,Espanha,18145237,2.258,mirror
2020,271012,Gasolinas e destilados leves,516,Namíbia,12352492,1.537,mirror
2020,271012,Gasolinas e destilados leves,251,França,2888250,0.359,mirror
2020,271012,Gasolinas e destilados leves,24,Angola,2659817,0.331,mirror
2020,271012,Gasolinas e destilados leves,504,Marrocos,2603735,0.324,mirror
2020,271019,Gasóleo e combustíveis médios e pesados,724,Espanha,305189884,37.643,mirror
2020,271019,Gasóleo e combustíveis médios e pesados,132,Cabo Verde,113736334,14.029,mirror
2020,271019,Gasóleo e combustíveis médios e pesados,251,França,92785580,11.445,mirror
2020,271019,Gasóleo e combustíveis médios e pesados,504,Marrocos,85440628,10.539,mirror
2020,271019,Gasóleo e combustíveis médios e pesados,842,EUA,46642519,5.753,mirror
2020,271019,Gasóleo e combustíveis médios e pesados,826,Reino Unido,36511409,4.503,mirror
2020,271019,Gasóleo e combustíveis médios e pesados,56,Bélgica,19615718,2.419,mirror
2020,271019,Gasóleo e combustíveis médios e pesados,528,Países Baixos,19219480,2.371,mirror
2020,300490,Medicamentos,276,Alemanha,110925201,12.707,mirror
2020,300490,Medicamentos,842,EUA,110758323,12.688,mirror
2020,300490,Medicamentos,826,Reino Unido,82215703,9.419,mirror
2020,300490,Medicamentos,251,França,54377130,6.229,mirror
2020,300490,Medicamentos,724,Espanha,48591788,5.567,mirror
2020,300490,Medicamentos,372,Irlanda,45159926,5.173,mirror
2020,300490,Medicamentos,24,Angola,42965013,4.922,mirror
2020,300490,Medicamentos,56,Bélgica,35208560,4.033,mirror
2020,401110,Pneus novos,276,Alemanha,183070876,21.884,mirror
2020,401110,Pneus novos,842,EUA,170888375,20.427,mirror
2020,401110,Pneus novos,724,Espanha,51272179,6.129,mirror
2020,401110,Pneus novos,410,Coreia do Sul,48248442,5.767,mirror
2020,401110,Pneus novos,826,Reino Unido,45534565,5.443,mirror
2020,401110,Pneus novos,56,Bélgica,42498035,5.08,mirror
2020,401110,Pneus novos,251,França,37187574,4.445,mirror
2020,401110,Pneus novos,757,Suíça,34225713,4.091,mirror
2020,450310,Rolhas de cortiça,842,EUA,154814447,33.147,mirror
2020,450310,Rolhas de cortiça,251,França,101031119,21.632,mirror
2020,450310,Rolhas de cortiça,380,Itália,35463469,7.593,mirror
2020,450310,Rolhas de cortiça,724,Espanha,34605436,7.409,mirror
2020,450310,Rolhas de cortiça,484,México,29863874,6.394,mirror
2020,450310,Rolhas de cortiça,36,Austrália,16081766,3.443,mirror
2020,450310,Rolhas de cortiça,152,Chile,15473750,3.313,mirror
2020,450310,Rolhas de cortiça,826,Reino Unido,12901154,2.762,mirror
2020,450410,Cortiça aglomerada,251,França,66119136,15.781,mirror
2020,450410,Cortiça aglomerada,842,EUA,63964436,15.267,mirror
2020,450410,Cortiça aglomerada,276,Alemanha,63014018,15.04,mirror
2020,450410,Cortiça aglomerada,380,Itália,52384348,12.503,mirror
2020,450410,Cortiça aglomerada,724,Espanha,39116985,9.336,mirror
2020,450410,Cortiça aglomerada,643,Rússia,34207015,8.164,mirror
2020,450410,Cortiça aglomerada,156,China,14269744,3.406,mirror
2020,450410,Cortiça aglomerada,616,Polónia,7105723,1.696,mirror
2020,470329,Pasta de madeira química,276,Alemanha,106839963,18.884,mirror
2020,470329,Pasta de madeira química,724,Espanha,87747763,15.509,mirror
2020,470329,Pasta de madeira química,616,Polónia,75556409,13.354,mirror
2020,470329,Pasta de madeira química,752,Suécia,63909696,11.296,mirror
2020,470329,Pasta de madeira química,792,Turquia,59773026,10.565,mirror
2020,470329,Pasta de madeira química,528,Países Baixos,53832873,9.515,mirror
2020,470329,Pasta de madeira química,156,China,31909322,5.64,mirror
2020,470329,Pasta de madeira química,251,França,17306825,3.059,mirror
2020,480256,Papel para escrita e impressão,251,França,68861927,14.602,mirror
2020,480256,Papel para escrita e impressão,276,Alemanha,66679522,14.139,mirror
2020,480256,Papel para escrita e impressão,842,EUA,58284805,12.359,mirror
2020,480256,Papel para escrita e impressão,380,Itália,39084277,8.288,mirror
2020,480256,Papel para escrita e impressão,724,Espanha,36278195,7.693,mirror
2020,480256,Papel para escrita e impressão,826,Reino Unido,26490680,5.617,mirror
2020,480256,Papel para escrita e impressão,818,Egito,16297524,3.456,mirror
2020,480256,Papel para escrita e impressão,56,Bélgica,16012054,3.395,mirror
2020,610910,T-shirts de algodão,724,Espanha,112085345,14.096,mirror
2020,610910,T-shirts de algodão,251,França,94491046,11.884,mirror
2020,610910,T-shirts de algodão,156,China,84923250,10.68,mirror
2020,610910,T-shirts de algodão,380,Itália,75981833,9.556,mirror
2020,610910,T-shirts de algodão,276,Alemanha,73618387,9.259,mirror
2020,610910,T-shirts de algodão,410,Coreia do Sul,38749211,4.873,mirror
2020,610910,T-shirts de algodão,842,EUA,24468698,3.077,mirror
2020,610910,T-shirts de algodão,528,Países Baixos,24413263,3.07,mirror
2020,640391,Calçado de couro a cobrir o tornozelo,276,Alemanha,162522063,26.566,mirror
2020,640391,Calçado de couro a cobrir o tornozelo,251,França,80121175,13.096,mirror
2020,640391,Calçado de couro a cobrir o tornozelo,528,Países Baixos,79125184,12.934,mirror
2020,640391,Calçado de couro a cobrir o tornozelo,757,Suíça,31568389,5.16,mirror
2020,640391,Calçado de couro a cobrir o tornozelo,208,Dinamarca,29258942,4.783,mirror
2020,640391,Calçado de couro a cobrir o tornozelo,724,Espanha,29191277,4.772,mirror
2020,640391,Calçado de couro a cobrir o tornozelo,842,EUA,26656304,4.357,mirror
2020,640391,Calçado de couro a cobrir o tornozelo,616,Polónia,25806570,4.218,mirror
2020,640399,Calçado de couro sem cobrir o tornozelo,276,Alemanha,165329298,19.742,mirror
2020,640399,Calçado de couro sem cobrir o tornozelo,251,França,152484245,18.208,mirror
2020,640399,Calçado de couro sem cobrir o tornozelo,528,Países Baixos,90593066,10.818,mirror
2020,640399,Calçado de couro sem cobrir o tornozelo,842,EUA,59208754,7.07,mirror
2020,640399,Calçado de couro sem cobrir o tornozelo,724,Espanha,36442878,4.352,mirror
2020,640399,Calçado de couro sem cobrir o tornozelo,208,Dinamarca,36016457,4.301,mirror
2020,640399,Calçado de couro sem cobrir o tornozelo,757,Suíça,30895932,3.689,mirror
2020,640399,Calçado de couro sem cobrir o tornozelo,156,China,27234200,3.252,mirror
2020,721420,Varões de ferro com saliências (betão armado),724,Espanha,72476422,38.904,mirror
2020,721420,Varões de ferro com saliências (betão armado),826,Reino Unido,53123126,28.516,mirror
2020,721420,Varões de ferro com saliências (betão armado),372,Irlanda,19213474,10.314,mirror
2020,721420,Varões de ferro com saliências (betão armado),504,Marrocos,14854854,7.974,mirror
2020,721420,Varões de ferro com saliências (betão armado),579,Noruega,8043954,4.318,mirror
2020,721420,Varões de ferro com saliências (betão armado),132,Cabo Verde,6132908,3.292,mirror
2020,721420,Varões de ferro com saliências (betão armado),528,Países Baixos,5342171,2.868,mirror
2020,721420,Varões de ferro com saliências (betão armado),251,França,2957470,1.588,mirror
2020,848071,Moldes para borracha ou plástico,276,Alemanha,54072351,20.152,mirror
2020,848071,Moldes para borracha ou plástico,724,Espanha,31227089,11.638,mirror
2020,848071,Moldes para borracha ou plástico,251,França,26558667,9.898,mirror
2020,848071,Moldes para borracha ou plástico,484,México,20434793,7.616,mirror
2020,848071,Moldes para borracha ou plástico,203,Chéquia,19668645,7.33,mirror
2020,848071,Moldes para borracha ou plástico,643,Rússia,13743380,5.122,mirror
2020,848071,Moldes para borracha ou plástico,504,Marrocos,11518711,4.293,mirror
2020,848071,Moldes para borracha ou plástico,710,África do Sul,11162388,4.16,mirror
2020,852721,Autorrádios,724,Espanha,66442725,23.604,mirror
2020,852721,Autorrádios,276,Alemanha,55322798,19.653,mirror
2020,852721,Autorrádios,251,França,38324693,13.615,mirror
2020,852721,Autorrádios,410,Coreia do Sul,24970984,8.871,mirror
2020,852721,Autorrádios,792,Turquia,22264831,7.91,mirror
2020,852721,Autorrádios,380,Itália,19266012,6.844,mirror
2020,852721,Autorrádios,705,Eslovénia,17943332,6.374,mirror
2020,852721,Autorrádios,842,EUA,7617139,2.706,mirror
2020,870322,Automóveis a gasolina 1.000–1.500 cm³,276,Alemanha,421787086,26.464,mirror
2020,870322,Automóveis a gasolina 1.000–1.500 cm³,251,França,281765581,17.679,mirror
2020,870322,Automóveis a gasolina 1.000–1.500 cm³,826,Reino Unido,241766162,15.169,mirror
2020,870322,Automóveis a gasolina 1.000–1.500 cm³,792,Turquia,166126448,10.423,mirror
2020,870322,Automóveis a gasolina 1.000–1.500 cm³,380,Itália,126777003,7.954,mirror
2020,870322,Automóveis a gasolina 1.000–1.500 cm³,724,Espanha,76919040,4.826,mirror
2020,870322,Automóveis a gasolina 1.000–1.500 cm³,56,Bélgica,65824290,4.13,mirror
2020,870322,Automóveis a gasolina 1.000–1.500 cm³,757,Suíça,39210426,2.46,mirror
2020,870323,Automóveis a gasolina 1.500–3.000 cm³,724,Espanha,82993781,24.963,mirror
2020,870323,Automóveis a gasolina 1.500–3.000 cm³,276,Alemanha,79125717,23.8,mirror
2020,870323,Automóveis a gasolina 1.500–3.000 cm³,757,Suíça,40317778,12.127,mirror
2020,870323,Automóveis a gasolina 1.500–3.000 cm³,251,França,36508187,10.981,mirror
2020,870323,Automóveis a gasolina 1.500–3.000 cm³,826,Reino Unido,23810015,7.162,mirror
2020,870323,Automóveis a gasolina 1.500–3.000 cm³,36,Austrália,23605868,7.1,mirror
2020,870323,Automóveis a gasolina 1.500–3.000 cm³,710,África do Sul,7616294,2.291,mirror
2020,870323,Automóveis a gasolina 1.500–3.000 cm³,702,Singapura,6997923,2.105,mirror
2020,870332,Automóveis diesel 1.500–2.500 cm³,276,Alemanha,373567740,26.873,mirror
2020,870332,Automóveis diesel 1.500–2.500 cm³,724,Espanha,170002913,12.229,mirror
2020,870332,Automóveis diesel 1.500–2.500 cm³,380,Itália,148420362,10.677,mirror
2020,870332,Automóveis diesel 1.500–2.500 cm³,40,Áustria,140900405,10.136,mirror
2020,870332,Automóveis diesel 1.500–2.500 cm³,251,França,121606710,8.748,mirror
2020,870332,Automóveis diesel 1.500–2.500 cm³,392,Japão,121085384,8.71,mirror
2020,870332,Automóveis diesel 1.500–2.500 cm³,757,Suíça,108646633,7.816,mirror
2020,870332,Automóveis diesel 1.500–2.500 cm³,826,Reino Unido,72516497,5.217,mirror
2020,870421,Camiões diesel até 5 t,251,França,534457451,66.696,mirror
2020,870421,Camiões diesel até 5 t,724,Espanha,68793595,8.585,mirror
2020,870421,Camiões diesel até 5 t,380,Itália,61596689,7.687,mirror
2020,870421,Camiões diesel até 5 t,56,Bélgica,31276713,3.903,mirror
2020,870421,Camiões diesel até 5 t,710,África do Sul,29777749,3.716,mirror
2020,870421,Camiões diesel até 5 t,528,Países Baixos,21686711,2.706,mirror
2020,870421,Camiões diesel até 5 t,276,Alemanha,13004927,1.623,mirror
2020,870421,Camiões diesel até 5 t,616,Polónia,9576360,1.195,mirror
2020,870892,Silenciadores e tubos de escape,724,Espanha,33665467,36.113,mirror
2020,870892,Silenciadores e tubos de escape,251,França,16018588,17.183,mirror
2020,870892,Silenciadores e tubos de escape,826,Reino Unido,14296981,15.336,mirror
2020,870892,Silenciadores e tubos de escape,642,Roménia,11622114,12.467,mirror
2020,870892,Silenciadores e tubos de escape,40,Áustria,4411810,4.733,mirror
2020,870892,Silenciadores e tubos de escape,528,Países Baixos,3305386,3.546,mirror
2020,870892,Silenciadores e tubos de escape,203,Chéquia,3236058,3.471,mirror
2020,870892,Silenciadores e tubos de escape,276,Alemanha,1324057,1.42,mirror
2020,870899,Outras partes de veículos,724,Espanha,350486032,42.128,mirror
2020,870899,Outras partes de veículos,251,França,191632432,23.034,mirror
2020,870899,Outras partes de veículos,826,Reino Unido,89511727,10.759,mirror
2020,870899,Outras partes de veículos,276,Alemanha,51337799,6.171,mirror
2020,870899,Outras partes de veículos,842,EUA,41310058,4.965,mirror
2020,870899,Outras partes de veículos,156,China,16964887,2.039,mirror
2020,870899,Outras partes de veículos,380,Itália,10771202,1.295,mirror
2020,870899,Outras partes de veículos,203,Chéquia,10767542,1.294,mirror
2020,902920,Contadores e tacómetros,276,Alemanha,557001386,57.293,mirror
2020,902920,Contadores e tacómetros,842,EUA,101799125,10.471,mirror
2020,902920,Contadores e tacómetros,752,Suécia,54892734,5.646,mirror
2020,902920,Contadores e tacómetros,724,Espanha,44853952,4.614,mirror
2020,902920,Contadores e tacómetros,642,Roménia,34215903,3.519,mirror
2020,902920,Contadores e tacómetros,826,Reino Unido,33617651,3.458,mirror
2020,902920,Contadores e tacómetros,484,México,29713771,3.056,mirror
2020,902920,Contadores e tacómetros,348,Hungria,22054377,2.269,mirror
2020,940190,Assentos e partes,724,Espanha,194571964,32.12,mirror
2020,940190,Assentos e partes,251,França,149418149,24.666,mirror
2020,940190,Assentos e partes,703,Eslováquia,74763903,12.342,mirror
2020,940190,Assentos e partes,276,Alemanha,59060168,9.75,mirror
2020,940190,Assentos e partes,826,Reino Unido,45138683,7.451,mirror
2020,940190,Assentos e partes,203,Chéquia,27583028,4.553,mirror
2020,940190,Assentos e partes,792,Turquia,7478226,1.235,mirror
2020,940190,Assentos e partes,643,Rússia,7187732,1.187,mirror
2020,999999,Mercadorias não especificadas,276,Alemanha,396302977,44.64,mirror
2020,999999,Mercadorias não especificadas,842,EUA,163908375,18.463,mirror
2020,999999,Mercadorias não especificadas,752,Suécia,73694602,8.301,mirror
2020,999999,Mercadorias não especificadas,484,México,68434930,7.709,mirror
2020,999999,Mercadorias não especificadas,380,Itália,35657202,4.016,mirror
2020,999999,Mercadorias não especificadas,710,África do Sul,27505635,3.098,mirror
2020,999999,Mercadorias não especificadas,246,Finlândia,27484523,3.096,mirror
2020,999999,Mercadorias não especificadas,372,Irlanda,13748242,1.549,mirror
2021,220421,Vinho tranquilo até 2 L,251,França,123544681,12.299,direct
2021,220421,Vinho tranquilo até 2 L,842,EUA,117061062,11.654,direct
2021,220421,Vinho tranquilo até 2 L,826,Reino Unido,113417607,11.291,direct
2021,220421,Vinho tranquilo até 2 L,76,Brasil,83823647,8.345,direct
2021,220421,Vinho tranquilo até 2 L,276,Alemanha,59175447,5.891,direct
2021,220421,Vinho tranquilo até 2 L,528,Países Baixos,59119511,5.886,direct
2021,220421,Vinho tranquilo até 2 L,124,Canadá,56735049,5.648,direct
2021,220421,Vinho tranquilo até 2 L,56,Bélgica,55796902,5.555,direct
2021,240220,Cigarros,724,Espanha,310337969,37.729,direct
2021,240220,Cigarros,380,Itália,290413920,35.306,direct
2021,240220,Cigarros,251,França,181789543,22.101,direct
2021,240220,Cigarros,528,Países Baixos,13206476,1.606,direct
2021,240220,Cigarros,292,Gibraltar,7170117,0.872,direct
2021,240220,Cigarros,703,Eslováquia,5917984,0.719,direct
2021,240220,Cigarros,376,Israel,4353888,0.529,direct
2021,240220,Cigarros,470,Malta,3360040,0.408,direct
2021,271012,Gasolinas e destilados leves,842,EUA,760509731,69.679,direct
2021,271012,Gasolinas e destilados leves,528,Países Baixos,195342367,17.898,direct
2021,271012,Gasolinas e destilados leves,56,Bélgica,67639802,6.197,direct
2021,271012,Gasolinas e destilados leves,724,Espanha,52494572,4.81,direct
2021,271012,Gasolinas e destilados leves,624,Guiné-Bissau,9647427,0.884,direct
2021,271012,Gasolinas e destilados leves,380,Itália,2606036,0.239,direct
2021,271012,Gasolinas e destilados leves,504,Marrocos,2215885,0.203,direct
2021,271012,Gasolinas e destilados leves,251,França,745841,0.068,direct
2021,271019,Gasóleo e combustíveis médios e pesados,837,Bunkers,703010599,30.867,direct
2021,271019,Gasóleo e combustíveis médios e pesados,724,Espanha,490691216,21.545,direct
2021,271019,Gasóleo e combustíveis médios e pesados,292,Gibraltar,473958870,20.81,direct
2021,271019,Gasóleo e combustíveis médios e pesados,504,Marrocos,150609823,6.613,direct
2021,271019,Gasóleo e combustíveis médios e pesados,251,França,86360349,3.792,direct
2021,271019,Gasóleo e combustíveis médios e pesados,380,Itália,61536786,2.702,direct
2021,271019,Gasóleo e combustíveis médios e pesados,842,EUA,48765315,2.141,direct
2021,271019,Gasóleo e combustíveis médios e pesados,702,Singapura,36397474,1.598,direct
2021,300490,Medicamentos,276,Alemanha,146893986,17.09,direct
2021,300490,Medicamentos,372,Irlanda,89629476,10.428,direct
2021,300490,Medicamentos,842,EUA,80807531,9.401,direct
2021,300490,Medicamentos,251,França,73911524,8.599,direct
2021,300490,Medicamentos,724,Espanha,62422692,7.262,direct
2021,300490,Medicamentos,56,Bélgica,59839907,6.962,direct
2021,300490,Medicamentos,24,Angola,38645992,4.496,direct
2021,300490,Medicamentos,380,Itália,28832870,3.354,direct
2021,401110,Pneus novos,842,EUA,277969010,23.591,direct
2021,401110,Pneus novos,276,Alemanha,198608338,16.856,direct
2021,401110,Pneus novos,724,Espanha,110172111,9.35,direct
2021,401110,Pneus novos,410,Coreia do Sul,68339905,5.8,direct
2021,401110,Pneus novos,251,França,54828178,4.653,direct
2021,401110,Pneus novos,56,Bélgica,51695360,4.387,direct
2021,401110,Pneus novos,826,Reino Unido,43428352,3.686,direct
2021,401110,Pneus novos,757,Suíça,39022747,3.312,direct
2021,450310,Rolhas de cortiça,842,EUA,133717451,25.244,direct
2021,450310,Rolhas de cortiça,251,França,110029356,20.772,direct
2021,450310,Rolhas de cortiça,724,Espanha,66524734,12.559,direct
2021,450310,Rolhas de cortiça,380,Itália,46689085,8.814,direct
2021,450310,Rolhas de cortiça,484,México,37534338,7.086,direct
2021,450310,Rolhas de cortiça,826,Reino Unido,25515175,4.817,direct
2021,450310,Rolhas de cortiça,152,Chile,20468406,3.864,direct
2021,450310,Rolhas de cortiça,276,Alemanha,14292499,2.698,direct
2021,450410,Cortiça aglomerada,251,França,114402799,17.816,direct
2021,450410,Cortiça aglomerada,842,EUA,91708495,14.282,direct
2021,450410,Cortiça aglomerada,380,Itália,83237955,12.963,direct
2021,450410,Cortiça aglomerada,724,Espanha,70137657,10.923,direct
2021,450410,Cortiça aglomerada,276,Alemanha,65375800,10.181,direct
2021,450410,Cortiça aglomerada,643,Rússia,29962352,4.666,direct
2021,450410,Cortiça aglomerada,826,Reino Unido,20979090,3.267,direct
2021,450410,Cortiça aglomerada,156,China,20115999,3.133,direct
2021,470329,Pasta de madeira química,724,Espanha,153839697,20.9,direct
2021,470329,Pasta de madeira química,528,Países Baixos,120485836,16.368,direct
2021,470329,Pasta de madeira química,616,Polónia,114336126,15.533,direct
2021,470329,Pasta de madeira química,276,Alemanha,80648337,10.956,direct
2021,470329,Pasta de madeira química,792,Turquia,57772475,7.849,direct
2021,470329,Pasta de madeira química,752,Suécia,35902433,4.877,direct
2021,470329,Pasta de madeira química,380,Itália,33684866,4.576,direct
2021,470329,Pasta de madeira química,12,Argélia,24101394,3.274,direct
2021,480256,Papel para escrita e impressão,251,França,89230794,14.244,direct
2021,480256,Papel para escrita e impressão,842,EUA,73913449,11.799,direct
2021,480256,Papel para escrita e impressão,724,Espanha,61057214,9.746,direct
2021,480256,Papel para escrita e impressão,380,Itália,56331443,8.992,direct
2021,480256,Papel para escrita e impressão,276,Alemanha,54706655,8.733,direct
2021,480256,Papel para escrita e impressão,826,Reino Unido,51255147,8.182,direct
2021,480256,Papel para escrita e impressão,818,Egito,21121669,3.372,direct
2021,480256,Papel para escrita e impressão,56,Bélgica,18398699,2.937,direct
2021,610910,T-shirts de algodão,724,Espanha,288873572,35.452,direct
2021,610910,T-shirts de algodão,251,França,131832982,16.179,direct
2021,610910,T-shirts de algodão,380,Itália,114811691,14.09,direct
2021,610910,T-shirts de algodão,276,Alemanha,82393383,10.112,direct
2021,610910,T-shirts de algodão,528,Países Baixos,45623945,5.599,direct
2021,610910,T-shirts de algodão,826,Reino Unido,43582942,5.349,direct
2021,610910,T-shirts de algodão,752,Suécia,19318246,2.371,direct
2021,610910,T-shirts de algodão,842,EUA,18208595,2.235,direct
2021,640391,Calçado de couro a cobrir o tornozelo,276,Alemanha,148660585,29.363,direct
2021,640391,Calçado de couro a cobrir o tornozelo,251,França,79300681,15.663,direct
2021,640391,Calçado de couro a cobrir o tornozelo,528,Países Baixos,74894937,14.793,direct
2021,640391,Calçado de couro a cobrir o tornozelo,826,Reino Unido,40740021,8.047,direct
2021,640391,Calçado de couro a cobrir o tornozelo,208,Dinamarca,39361858,7.775,direct
2021,640391,Calçado de couro a cobrir o tornozelo,842,EUA,23202234,4.583,direct
2021,640391,Calçado de couro a cobrir o tornozelo,724,Espanha,21178276,4.183,direct
2021,640391,Calçado de couro a cobrir o tornozelo,124,Canadá,10684942,2.11,direct
2021,640399,Calçado de couro sem cobrir o tornozelo,276,Alemanha,212023006,26.718,direct
2021,640399,Calçado de couro sem cobrir o tornozelo,251,França,134731471,16.978,direct
2021,640399,Calçado de couro sem cobrir o tornozelo,528,Países Baixos,112328606,14.155,direct
2021,640399,Calçado de couro sem cobrir o tornozelo,724,Espanha,60307000,7.6,direct
2021,640399,Calçado de couro sem cobrir o tornozelo,208,Dinamarca,43360698,5.464,direct
2021,640399,Calçado de couro sem cobrir o tornozelo,826,Reino Unido,42402436,5.343,direct
2021,640399,Calçado de couro sem cobrir o tornozelo,842,EUA,33081550,4.169,direct
2021,640399,Calçado de couro sem cobrir o tornozelo,752,Suécia,24932346,3.142,direct
2021,721420,Varões de ferro com saliências (betão armado),724,Espanha,202867077,39.421,direct
2021,721420,Varões de ferro com saliências (betão armado),826,Reino Unido,89873640,17.464,direct
2021,721420,Varões de ferro com saliências (betão armado),372,Irlanda,49702103,9.658,direct
2021,721420,Varões de ferro com saliências (betão armado),842,EUA,35180945,6.836,direct
2021,721420,Varões de ferro com saliências (betão armado),579,Noruega,25532893,4.962,direct
2021,721420,Varões de ferro com saliências (betão armado),246,Finlândia,23785718,4.622,direct
2021,721420,Varões de ferro com saliências (betão armado),528,Países Baixos,18804703,3.654,direct
2021,721420,Varões de ferro com saliências (betão armado),251,França,17312151,3.364,direct
2021,848071,Moldes para borracha ou plástico,276,Alemanha,92797951,18.833,direct
2021,848071,Moldes para borracha ou plástico,251,França,75085881,15.238,direct
2021,848071,Moldes para borracha ou plástico,724,Espanha,63948722,12.978,direct
2021,848071,Moldes para borracha ou plástico,203,Chéquia,38426278,7.798,direct
2021,848071,Moldes para borracha ou plástico,616,Polónia,29856369,6.059,direct
2021,848071,Moldes para borracha ou plástico,842,EUA,21352965,4.333,direct
2021,848071,Moldes para borracha ou plástico,826,Reino Unido,19469832,3.951,direct
2021,848071,Moldes para borracha ou plástico,642,Roménia,19021570,3.86,direct
2021,852721,Autorrádios,276,Alemanha,377792581,52.937,direct
2021,852721,Autorrádios,724,Espanha,97838076,13.709,direct
2021,852721,Autorrádios,703,Eslováquia,56507315,7.918,direct
2021,852721,Autorrádios,348,Hungria,48425468,6.785,direct
2021,852721,Autorrádios,380,Itália,44592262,6.248,direct
2021,852721,Autorrádios,56,Bélgica,33782364,4.734,direct
2021,852721,Autorrádios,251,França,22677631,3.178,direct
2021,852721,Autorrádios,752,Suécia,14269199,1.999,direct
2021,870322,Automóveis a gasolina 1.000–1.500 cm³,276,Alemanha,560047085,27.072,direct
2021,870322,Automóveis a gasolina 1.000–1.500 cm³,826,Reino Unido,304015996,14.696,direct
2021,870322,Automóveis a gasolina 1.000–1.500 cm³,724,Espanha,161123786,7.789,direct
2021,870322,Automóveis a gasolina 1.000–1.500 cm³,251,França,153264930,7.409,direct
2021,870322,Automóveis a gasolina 1.000–1.500 cm³,792,Turquia,133365419,6.447,direct
2021,870322,Automóveis a gasolina 1.000–1.500 cm³,380,Itália,110944149,5.363,direct
2021,870322,Automóveis a gasolina 1.000–1.500 cm³,616,Polónia,99276516,4.799,direct
2021,870322,Automóveis a gasolina 1.000–1.500 cm³,348,Hungria,62987419,3.045,direct
2021,870323,Automóveis a gasolina 1.500–3.000 cm³,276,Alemanha,106458744,35.23,direct
2021,870323,Automóveis a gasolina 1.500–3.000 cm³,36,Austrália,58151883,19.244,direct
2021,870323,Automóveis a gasolina 1.500–3.000 cm³,710,África do Sul,43000784,14.23,direct
2021,870323,Automóveis a gasolina 1.500–3.000 cm³,826,Reino Unido,31489065,10.421,direct
2021,870323,Automóveis a gasolina 1.500–3.000 cm³,490,Taiwan (Prov. China),8319457,2.753,direct
2021,870323,Automóveis a gasolina 1.500–3.000 cm³,251,França,7534795,2.493,direct
2021,870323,Automóveis a gasolina 1.500–3.000 cm³,554,Nova Zelândia,7319236,2.422,direct
2021,870323,Automóveis a gasolina 1.500–3.000 cm³,616,Polónia,7038683,2.329,direct
2021,870332,Automóveis diesel 1.500–2.500 cm³,276,Alemanha,154581903,18.52,direct
2021,870332,Automóveis diesel 1.500–2.500 cm³,380,Itália,148560377,17.799,direct
2021,870332,Automóveis diesel 1.500–2.500 cm³,392,Japão,130457027,15.63,direct
2021,870332,Automóveis diesel 1.500–2.500 cm³,251,França,107721067,12.906,direct
2021,870332,Automóveis diesel 1.500–2.500 cm³,724,Espanha,84898455,10.172,direct
2021,870332,Automóveis diesel 1.500–2.500 cm³,826,Reino Unido,65926301,7.898,direct
2021,870332,Automóveis diesel 1.500–2.500 cm³,504,Marrocos,38185893,4.575,direct
2021,870332,Automóveis diesel 1.500–2.500 cm³,410,Coreia do Sul,26981008,3.233,direct
2021,870421,Camiões diesel até 5 t,251,França,545754611,61.153,direct
2021,870421,Camiões diesel até 5 t,724,Espanha,88139222,9.876,direct
2021,870421,Camiões diesel até 5 t,380,Itália,75015123,8.406,direct
2021,870421,Camiões diesel até 5 t,276,Alemanha,42861772,4.803,direct
2021,870421,Camiões diesel até 5 t,56,Bélgica,38939539,4.363,direct
2021,870421,Camiões diesel até 5 t,710,África do Sul,26710096,2.993,direct
2021,870421,Camiões diesel até 5 t,528,Países Baixos,24581695,2.754,direct
2021,870421,Camiões diesel até 5 t,703,Eslováquia,6875323,0.77,direct
2021,870892,Silenciadores e tubos de escape,724,Espanha,541724038,57.259,direct
2021,870892,Silenciadores e tubos de escape,251,França,189919561,20.074,direct
2021,870892,Silenciadores e tubos de escape,826,Reino Unido,141185852,14.923,direct
2021,870892,Silenciadores e tubos de escape,504,Marrocos,27748573,2.933,direct
2021,870892,Silenciadores e tubos de escape,703,Eslováquia,14778726,1.562,direct
2021,870892,Silenciadores e tubos de escape,40,Áustria,12066451,1.275,direct
2021,870892,Silenciadores e tubos de escape,276,Alemanha,10954496,1.158,direct
2021,870892,Silenciadores e tubos de escape,642,Roménia,2113317,0.223,direct
2021,870899,Outras partes de veículos,724,Espanha,543536541,48.828,direct
2021,870899,Outras partes de veículos,251,França,188921857,16.972,direct
2021,870899,Outras partes de veículos,276,Alemanha,140427816,12.615,direct
2021,870899,Outras partes de veículos,203,Chéquia,37981278,3.412,direct
2021,870899,Outras partes de veículos,703,Eslováquia,32490321,2.919,direct
2021,870899,Outras partes de veículos,380,Itália,20432508,1.836,direct
2021,870899,Outras partes de veículos,616,Polónia,19974726,1.794,direct
2021,870899,Outras partes de veículos,842,EUA,19435028,1.746,direct
2021,902920,Contadores e tacómetros,276,Alemanha,479033613,42.755,direct
2021,902920,Contadores e tacómetros,724,Espanha,151906230,13.558,direct
2021,902920,Contadores e tacómetros,842,EUA,120896369,10.79,direct
2021,902920,Contadores e tacómetros,703,Eslováquia,80303382,7.167,direct
2021,902920,Contadores e tacómetros,826,Reino Unido,61729848,5.51,direct
2021,902920,Contadores e tacómetros,752,Suécia,45058575,4.022,direct
2021,902920,Contadores e tacómetros,348,Hungria,40443646,3.61,direct
2021,902920,Contadores e tacómetros,642,Roménia,38016010,3.393,direct
2021,940190,Assentos e partes,724,Espanha,182751050,34.032,direct
2021,940190,Assentos e partes,251,França,134760252,25.095,direct
2021,940190,Assentos e partes,703,Eslováquia,74168293,13.811,direct
2021,940190,Assentos e partes,276,Alemanha,39914673,7.433,direct
2021,940190,Assentos e partes,616,Polónia,30869540,5.748,direct
2021,940190,Assentos e partes,826,Reino Unido,24255218,4.517,direct
2021,940190,Assentos e partes,203,Chéquia,12772344,2.378,direct
2021,940190,Assentos e partes,643,Rússia,7304596,1.36,direct
2021,999999,Mercadorias não especificadas,837,Bunkers,80599054,99.398,direct
2021,999999,Mercadorias não especificadas,858,Uruguai,106382,0.131,direct
2021,999999,Mercadorias não especificadas,724,Espanha,105121,0.13,direct
2021,999999,Mercadorias não especificadas,430,Liberia,42639,0.053,direct
2021,999999,Mercadorias não especificadas,478,Mauritânia,39275,0.048,direct
2021,999999,Mercadorias não especificadas,470,Malta,31223,0.039,direct
2021,999999,Mercadorias não especificadas,702,Singapura,23364,0.029,direct
2021,999999,Mercadorias não especificadas,504,Marrocos,23120,0.029,direct
2021,220421,Vinho tranquilo até 2 L,842,EUA,138808322,13.263,mirror
2021,220421,Vinho tranquilo até 2 L,826,Reino Unido,118416798,11.315,mirror
2021,220421,Vinho tranquilo até 2 L,251,França,113756492,10.869,mirror
2021,220421,Vinho tranquilo até 2 L,76,Brasil,77412564,7.397,mirror
2021,220421,Vinho tranquilo até 2 L,276,Alemanha,63330619,6.051,mirror
2021,220421,Vinho tranquilo até 2 L,124,Canadá,59991755,5.732,mirror
2021,220421,Vinho tranquilo até 2 L,528,Países Baixos,56509895,5.399,mirror
2021,220421,Vinho tranquilo até 2 L,643,Rússia,53783402,5.139,mirror
2021,240220,Cigarros,724,Espanha,315422371,39.514,mirror
2021,240220,Cigarros,380,Itália,274415970,34.377,mirror
2021,240220,Cigarros,251,França,176712132,22.138,mirror
2021,240220,Cigarros,703,Eslováquia,18000515,2.255,mirror
2021,240220,Cigarros,528,Países Baixos,5692466,0.713,mirror
2021,240220,Cigarros,470,Malta,3006537,0.377,mirror
2021,240220,Cigarros,642,Roménia,1897143,0.238,mirror
2021,240220,Cigarros,203,Chéquia,1862060,0.233,mirror
2021,271012,Gasolinas e destilados leves,842,EUA,824435002,80.824,mirror
2021,271012,Gasolinas e destilados leves,528,Países Baixos,125931435,12.346,mirror
2021,271012,Gasolinas e destilados leves,724,Espanha,35992816,3.529,mirror
2021,271012,Gasolinas e destilados leves,56,Bélgica,15564672,1.526,mirror
2021,271012,Gasolinas e destilados leves,251,França,7257015,0.711,mirror
2021,271012,Gasolinas e destilados leves,24,Angola,5532991,0.542,mirror
2021,271012,Gasolinas e destilados leves,124,Canadá,2999377,0.294,mirror
2021,271012,Gasolinas e destilados leves,504,Marrocos,1927848,0.189,mirror
2021,271019,Gasóleo e combustíveis médios e pesados,724,Espanha,521738432,44.254,mirror
2021,271019,Gasóleo e combustíveis médios e pesados,504,Marrocos,184423903,15.643,mirror
2021,271019,Gasóleo e combustíveis médios e pesados,251,França,138604197,11.756,mirror
2021,271019,Gasóleo e combustíveis médios e pesados,132,Cabo Verde,69605377,5.904,mirror
2021,271019,Gasóleo e combustíveis médios e pesados,380,Itália,55411256,4.7,mirror
2021,271019,Gasóleo e combustíveis médios e pesados,842,EUA,46615658,3.954,mirror
2021,271019,Gasóleo e combustíveis médios e pesados,32,Argentina,41499500,3.52,mirror
2021,271019,Gasóleo e combustíveis médios e pesados,76,Brasil,21902202,1.858,mirror
2021,300490,Medicamentos,842,EUA,165371032,14.024,mirror
2021,300490,Medicamentos,276,Alemanha,147466510,12.505,mirror
2021,300490,Medicamentos,372,Irlanda,79515579,6.743,mirror
2021,300490,Medicamentos,251,França,72956544,6.187,mirror
2021,300490,Medicamentos,724,Espanha,69399917,5.885,mirror
2021,300490,Medicamentos,24,Angola,49062616,4.161,mirror
2021,300490,Medicamentos,826,Reino Unido,46944161,3.981,mirror
2021,300490,Medicamentos,56,Bélgica,41749213,3.54,mirror
2021,401110,Pneus novos,842,EUA,279180000,23.673,mirror
2021,401110,Pneus novos,276,Alemanha,201861106,17.117,mirror
2021,401110,Pneus novos,410,Coreia do Sul,84364494,7.154,mirror
2021,401110,Pneus novos,251,França,70712787,5.996,mirror
2021,401110,Pneus novos,724,Espanha,65744078,5.575,mirror
2021,401110,Pneus novos,56,Bélgica,57237642,4.853,mirror
2021,401110,Pneus novos,826,Reino Unido,45637413,3.87,mirror
2021,401110,Pneus novos,757,Suíça,40584533,3.441,mirror
2021,450310,Rolhas de cortiça,842,EUA,160677920,31.563,mirror
2021,450310,Rolhas de cortiça,251,França,111855375,21.973,mirror
2021,450310,Rolhas de cortiça,380,Itália,42815948,8.411,mirror
2021,450310,Rolhas de cortiça,724,Espanha,40672607,7.99,mirror
2021,450310,Rolhas de cortiça,484,México,25689268,5.046,mirror
2021,450310,Rolhas de cortiça,152,Chile,20087605,3.946,mirror
2021,450310,Rolhas de cortiça,826,Reino Unido,17849297,3.506,mirror
2021,450310,Rolhas de cortiça,32,Argentina,12061288,2.369,mirror
2021,450410,Cortiça aglomerada,251,França,83211497,17.191,mirror
2021,450410,Cortiça aglomerada,842,EUA,70126222,14.488,mirror
2021,450410,Cortiça aglomerada,380,Itália,67070586,13.857,mirror
2021,450410,Cortiça aglomerada,276,Alemanha,63919311,13.206,mirror
2021,450410,Cortiça aglomerada,724,Espanha,47858373,9.887,mirror
2021,450410,Cortiça aglomerada,643,Rússia,32584758,6.732,mirror
2021,450410,Cortiça aglomerada,156,China,20539190,4.243,mirror
2021,450410,Cortiça aglomerada,757,Suíça,8270426,1.709,mirror
2021,470329,Pasta de madeira química,276,Alemanha,173940508,21.135,mirror
2021,470329,Pasta de madeira química,528,Países Baixos,124684895,15.15,mirror
2021,470329,Pasta de madeira química,616,Polónia,120824852,14.681,mirror
2021,470329,Pasta de madeira química,724,Espanha,116399394,14.143,mirror
2021,470329,Pasta de madeira química,752,Suécia,62657122,7.613,mirror
2021,470329,Pasta de madeira química,792,Turquia,55745595,6.773,mirror
2021,470329,Pasta de madeira química,251,França,41821199,5.082,mirror
2021,470329,Pasta de madeira química,376,Israel,27450000,3.335,mirror
2021,480256,Papel para escrita e impressão,842,EUA,87772824,15.848,mirror
2021,480256,Papel para escrita e impressão,251,França,69503207,12.55,mirror
2021,480256,Papel para escrita e impressão,276,Alemanha,63856247,11.53,mirror
2021,480256,Papel para escrita e impressão,380,Itália,45820172,8.273,mirror
2021,480256,Papel para escrita e impressão,826,Reino Unido,40367585,7.289,mirror
2021,480256,Papel para escrita e impressão,724,Espanha,39120239,7.064,mirror
2021,480256,Papel para escrita e impressão,818,Egito,20665608,3.731,mirror
2021,480256,Papel para escrita e impressão,56,Bélgica,16741473,3.023,mirror
2021,610910,T-shirts de algodão,156,China,136527058,14.068,mirror
2021,610910,T-shirts de algodão,251,França,114618274,11.81,mirror
2021,610910,T-shirts de algodão,380,Itália,93931080,9.679,mirror
2021,610910,T-shirts de algodão,276,Alemanha,89367544,9.208,mirror
2021,610910,T-shirts de algodão,724,Espanha,66642584,6.867,mirror
2021,610910,T-shirts de algodão,410,Coreia do Sul,51461727,5.303,mirror
2021,610910,T-shirts de algodão,842,EUA,41408272,4.267,mirror
2021,610910,T-shirts de algodão,826,Reino Unido,37809904,3.896,mirror
2021,640391,Calçado de couro a cobrir o tornozelo,276,Alemanha,185295674,25.699,mirror
2021,640391,Calçado de couro a cobrir o tornozelo,528,Países Baixos,112146782,15.554,mirror
2021,640391,Calçado de couro a cobrir o tornozelo,251,França,95704847,13.273,mirror
2021,640391,Calçado de couro a cobrir o tornozelo,757,Suíça,39928600,5.538,mirror
2021,640391,Calçado de couro a cobrir o tornozelo,842,EUA,31982911,4.436,mirror
2021,640391,Calçado de couro a cobrir o tornozelo,724,Espanha,26220466,3.637,mirror
2021,640391,Calçado de couro a cobrir o tornozelo,208,Dinamarca,25779364,3.575,mirror
2021,640391,Calçado de couro a cobrir o tornozelo,643,Rússia,25494668,3.536,mirror
2021,640399,Calçado de couro sem cobrir o tornozelo,276,Alemanha,194033143,21.065,mirror
2021,640399,Calçado de couro sem cobrir o tornozelo,251,França,144927659,15.734,mirror
2021,640399,Calçado de couro sem cobrir o tornozelo,528,Países Baixos,109795286,11.92,mirror
2021,640399,Calçado de couro sem cobrir o tornozelo,842,EUA,94209208,10.228,mirror
2021,640399,Calçado de couro sem cobrir o tornozelo,724,Espanha,48535722,5.269,mirror
2021,640399,Calçado de couro sem cobrir o tornozelo,208,Dinamarca,32438317,3.522,mirror
2021,640399,Calçado de couro sem cobrir o tornozelo,757,Suíça,32386520,3.516,mirror
2021,640399,Calçado de couro sem cobrir o tornozelo,826,Reino Unido,29162290,3.166,mirror
2021,721420,Varões de ferro com saliências (betão armado),724,Espanha,208551895,54.398,mirror
2021,721420,Varões de ferro com saliências (betão armado),826,Reino Unido,94396116,24.622,mirror
2021,721420,Varões de ferro com saliências (betão armado),372,Irlanda,36403272,9.495,mirror
2021,721420,Varões de ferro com saliências (betão armado),579,Noruega,22837183,5.957,mirror
2021,721420,Varões de ferro com saliências (betão armado),132,Cabo Verde,11741668,3.063,mirror
2021,721420,Varões de ferro com saliências (betão armado),56,Bélgica,3514773,0.917,mirror
2021,721420,Varões de ferro com saliências (betão armado),251,França,2980722,0.777,mirror
2021,721420,Varões de ferro com saliências (betão armado),246,Finlândia,1444451,0.377,mirror
2021,848071,Moldes para borracha ou plástico,276,Alemanha,50297495,19.365,mirror
2021,848071,Moldes para borracha ou plástico,251,França,27524034,10.597,mirror
2021,848071,Moldes para borracha ou plástico,203,Chéquia,26945792,10.375,mirror
2021,848071,Moldes para borracha ou plástico,724,Espanha,26486528,10.198,mirror
2021,848071,Moldes para borracha ou plástico,842,EUA,24757692,9.532,mirror
2021,848071,Moldes para borracha ou plástico,757,Suíça,15317906,5.898,mirror
2021,848071,Moldes para borracha ou plástico,643,Rússia,12360086,4.759,mirror
2021,848071,Moldes para borracha ou plástico,616,Polónia,11327936,4.361,mirror
2021,852721,Autorrádios,724,Espanha,69606571,27.824,mirror
2021,852721,Autorrádios,752,Suécia,36594013,14.628,mirror
2021,852721,Autorrádios,380,Itália,35232449,14.083,mirror
2021,852721,Autorrádios,251,França,23520557,9.402,mirror
2021,852721,Autorrádios,792,Turquia,18598040,7.434,mirror
2021,852721,Autorrádios,276,Alemanha,18144468,7.253,mirror
2021,852721,Autorrádios,705,Eslovénia,14451879,5.777,mirror
2021,852721,Autorrádios,56,Bélgica,14160964,5.661,mirror
2021,870322,Automóveis a gasolina 1.000–1.500 cm³,276,Alemanha,548445268,26.578,mirror
2021,870322,Automóveis a gasolina 1.000–1.500 cm³,826,Reino Unido,300731857,14.574,mirror
2021,870322,Automóveis a gasolina 1.000–1.500 cm³,251,França,284920397,13.808,mirror
2021,870322,Automóveis a gasolina 1.000–1.500 cm³,724,Espanha,175038980,8.483,mirror
2021,870322,Automóveis a gasolina 1.000–1.500 cm³,792,Turquia,134207948,6.504,mirror
2021,870322,Automóveis a gasolina 1.000–1.500 cm³,616,Polónia,101232839,4.906,mirror
2021,870322,Automóveis a gasolina 1.000–1.500 cm³,380,Itália,100580555,4.874,mirror
2021,870322,Automóveis a gasolina 1.000–1.500 cm³,56,Bélgica,64205162,3.111,mirror
2021,870323,Automóveis a gasolina 1.500–3.000 cm³,724,Espanha,124910847,25.64,mirror
2021,870323,Automóveis a gasolina 1.500–3.000 cm³,276,Alemanha,78553083,16.124,mirror
2021,870323,Automóveis a gasolina 1.500–3.000 cm³,251,França,57849235,11.874,mirror
2021,870323,Automóveis a gasolina 1.500–3.000 cm³,757,Suíça,54641409,11.216,mirror
2021,870323,Automóveis a gasolina 1.500–3.000 cm³,36,Austrália,50661930,10.399,mirror
2021,870323,Automóveis a gasolina 1.500–3.000 cm³,710,África do Sul,42737642,8.772,mirror
2021,870323,Automóveis a gasolina 1.500–3.000 cm³,826,Reino Unido,29756170,6.108,mirror
2021,870323,Automóveis a gasolina 1.500–3.000 cm³,490,Taiwan (Prov. China),14035814,2.881,mirror
2021,870332,Automóveis diesel 1.500–2.500 cm³,724,Espanha,209298173,21.752,mirror
2021,870332,Automóveis diesel 1.500–2.500 cm³,251,França,163543156,16.997,mirror
2021,870332,Automóveis diesel 1.500–2.500 cm³,276,Alemanha,148487511,15.432,mirror
2021,870332,Automóveis diesel 1.500–2.500 cm³,380,Itália,138460250,14.39,mirror
2021,870332,Automóveis diesel 1.500–2.500 cm³,392,Japão,114635661,11.914,mirror
2021,870332,Automóveis diesel 1.500–2.500 cm³,826,Reino Unido,58205158,6.049,mirror
2021,870332,Automóveis diesel 1.500–2.500 cm³,504,Marrocos,38927107,4.046,mirror
2021,870332,Automóveis diesel 1.500–2.500 cm³,40,Áustria,27773812,2.886,mirror
2021,870421,Camiões diesel até 5 t,251,França,539958772,58.702,mirror
2021,870421,Camiões diesel até 5 t,724,Espanha,125567033,13.651,mirror
2021,870421,Camiões diesel até 5 t,380,Itália,94883605,10.315,mirror
2021,870421,Camiões diesel até 5 t,710,África do Sul,39452016,4.289,mirror
2021,870421,Camiões diesel até 5 t,56,Bélgica,27883232,3.031,mirror
2021,870421,Camiões diesel até 5 t,528,Países Baixos,27794836,3.022,mirror
2021,870421,Camiões diesel até 5 t,276,Alemanha,12947022,1.408,mirror
2021,870421,Camiões diesel até 5 t,616,Polónia,8432199,0.917,mirror
2021,870892,Silenciadores e tubos de escape,724,Espanha,41752770,37.84,mirror
2021,870892,Silenciadores e tubos de escape,251,França,38736201,35.106,mirror
2021,870892,Silenciadores e tubos de escape,826,Reino Unido,5948799,5.391,mirror
2021,870892,Silenciadores e tubos de escape,203,Chéquia,4422777,4.008,mirror
2021,870892,Silenciadores e tubos de escape,703,Eslováquia,4043917,3.665,mirror
2021,870892,Silenciadores e tubos de escape,528,Países Baixos,2865458,2.597,mirror
2021,870892,Silenciadores e tubos de escape,40,Áustria,2414796,2.188,mirror
2021,870892,Silenciadores e tubos de escape,276,Alemanha,1832559,1.661,mirror
2021,870899,Outras partes de veículos,724,Espanha,426024810,45.527,mirror
2021,870899,Outras partes de veículos,251,França,237495416,25.38,mirror
2021,870899,Outras partes de veículos,276,Alemanha,49746292,5.316,mirror
2021,870899,Outras partes de veículos,826,Reino Unido,47959705,5.125,mirror
2021,870899,Outras partes de veículos,842,EUA,44439740,4.749,mirror
2021,870899,Outras partes de veículos,380,Itália,23520204,2.513,mirror
2021,870899,Outras partes de veículos,156,China,19458627,2.079,mirror
2021,870899,Outras partes de veículos,616,Polónia,11850609,1.266,mirror
2021,902920,Contadores e tacómetros,276,Alemanha,554195542,57.023,mirror
2021,902920,Contadores e tacómetros,842,EUA,125211270,12.883,mirror
2021,902920,Contadores e tacómetros,752,Suécia,66392649,6.831,mirror
2021,902920,Contadores e tacómetros,724,Espanha,37687621,3.878,mirror
2021,902920,Contadores e tacómetros,642,Roménia,29564250,3.042,mirror
2021,902920,Contadores e tacómetros,348,Hungria,24888520,2.561,mirror
2021,902920,Contadores e tacómetros,703,Eslováquia,20200236,2.078,mirror
2021,902920,Contadores e tacómetros,56,Bélgica,18268358,1.88,mirror
2021,940190,Assentos e partes,724,Espanha,157864266,28.699,mirror
2021,940190,Assentos e partes,251,França,136662777,24.845,mirror
2021,940190,Assentos e partes,703,Eslováquia,81146720,14.752,mirror
2021,940190,Assentos e partes,276,Alemanha,41148052,7.48,mirror
2021,940190,Assentos e partes,826,Reino Unido,28273026,5.14,mirror
2021,940190,Assentos e partes,616,Polónia,25459400,4.628,mirror
2021,940190,Assentos e partes,203,Chéquia,22011254,4.002,mirror
2021,940190,Assentos e partes,643,Rússia,8909350,1.62,mirror
2021,999999,Mercadorias não especificadas,276,Alemanha,541889032,42.705,mirror
2021,999999,Mercadorias não especificadas,484,México,252654251,19.911,mirror
2021,999999,Mercadorias não especificadas,842,EUA,147190557,11.6,mirror
2021,999999,Mercadorias não especificadas,752,Suécia,85803563,6.762,mirror
2021,999999,Mercadorias não especificadas,246,Finlândia,38939234,3.069,mirror
2021,999999,Mercadorias não especificadas,380,Itália,32234860,2.54,mirror
2021,999999,Mercadorias não especificadas,710,África do Sul,28896868,2.277,mirror
2021,999999,Mercadorias não especificadas,8,Albania,19532338,1.539,mirror
2022,220421,Vinho tranquilo até 2 L,842,EUA,107803740,12.079,direct
2022,220421,Vinho tranquilo até 2 L,251,França,104423794,11.7,direct
2022,220421,Vinho tranquilo até 2 L,826,Reino Unido,87992618,9.859,direct
2022,220421,Vinho tranquilo até 2 L,76,Brasil,71969458,8.064,direct
2022,220421,Vinho tranquilo até 2 L,124,Canadá,52381345,5.869,direct
2022,220421,Vinho tranquilo até 2 L,56,Bélgica,50258262,5.631,direct
2022,220421,Vinho tranquilo até 2 L,528,Países Baixos,50082942,5.612,direct
2022,220421,Vinho tranquilo até 2 L,276,Alemanha,47867794,5.363,direct
2022,240220,Cigarros,724,Espanha,278174380,36.957,direct
2022,240220,Cigarros,380,Itália,252836764,33.59,direct
2022,240220,Cigarros,251,França,146768676,19.499,direct
2022,240220,Cigarros,414,Kuwait,13741092,1.826,direct
2022,240220,Cigarros,300,Grécia,9428340,1.253,direct
2022,240220,Cigarros,899,"Areas, nes",6443207,0.856,direct
2022,240220,Cigarros,292,Gibraltar,6174241,0.82,direct
2022,240220,Cigarros,703,Eslováquia,4827924,0.641,direct
2022,271012,Gasolinas e destilados leves,842,EUA,1048371978,63.004,direct
2022,271012,Gasolinas e destilados leves,528,Países Baixos,379845731,22.828,direct
2022,271012,Gasolinas e destilados leves,724,Espanha,72274832,4.344,direct
2022,271012,Gasolinas e destilados leves,292,Gibraltar,60360093,3.627,direct
2022,271012,Gasolinas e destilados leves,56,Bélgica,39630470,2.382,direct
2022,271012,Gasolinas e destilados leves,826,Reino Unido,28904592,1.737,direct
2022,271012,Gasolinas e destilados leves,251,França,18650954,1.121,direct
2022,271012,Gasolinas e destilados leves,624,Guiné-Bissau,15627367,0.939,direct
2022,271019,Gasóleo e combustíveis médios e pesados,837,Bunkers,1991083011,49.417,direct
2022,271019,Gasóleo e combustíveis médios e pesados,724,Espanha,571916396,14.194,direct
2022,271019,Gasóleo e combustíveis médios e pesados,292,Gibraltar,479501872,11.901,direct
2022,271019,Gasóleo e combustíveis médios e pesados,826,Reino Unido,228614338,5.674,direct
2022,271019,Gasóleo e combustíveis médios e pesados,591,Panamá,118853061,2.95,direct
2022,271019,Gasóleo e combustíveis médios e pesados,251,França,103640472,2.572,direct
2022,271019,Gasóleo e combustíveis médios e pesados,842,EUA,86757966,2.153,direct
2022,271019,Gasóleo e combustíveis médios e pesados,577,"Other Africa, nes",67497560,1.675,direct
2022,300490,Medicamentos,276,Alemanha,180144949,20.723,direct
2022,300490,Medicamentos,842,EUA,80190369,9.225,direct
2022,300490,Medicamentos,56,Bélgica,70596528,8.121,direct
2022,300490,Medicamentos,251,França,69194915,7.96,direct
2022,300490,Medicamentos,372,Irlanda,67816183,7.801,direct
2022,300490,Medicamentos,724,Espanha,66057438,7.599,direct
2022,300490,Medicamentos,24,Angola,49619850,5.708,direct
2022,300490,Medicamentos,826,Reino Unido,35023732,4.029,direct
2022,401110,Pneus novos,842,EUA,321670951,25.39,direct
2022,401110,Pneus novos,276,Alemanha,211848737,16.721,direct
2022,401110,Pneus novos,724,Espanha,114008152,8.999,direct
2022,401110,Pneus novos,703,Eslováquia,64084339,5.058,direct
2022,401110,Pneus novos,410,Coreia do Sul,63502211,5.012,direct
2022,401110,Pneus novos,251,França,60769076,4.797,direct
2022,401110,Pneus novos,56,Bélgica,51683237,4.079,direct
2022,401110,Pneus novos,826,Reino Unido,47544278,3.753,direct
2022,450310,Rolhas de cortiça,842,EUA,127174775,25.481,direct
2022,450310,Rolhas de cortiça,251,França,110576665,22.155,direct
2022,450310,Rolhas de cortiça,724,Espanha,60299045,12.081,direct
2022,450310,Rolhas de cortiça,380,Itália,48885743,9.795,direct
2022,450310,Rolhas de cortiça,484,México,34793087,6.971,direct
2022,450310,Rolhas de cortiça,826,Reino Unido,27072069,5.424,direct
2022,450310,Rolhas de cortiça,276,Alemanha,13225090,2.65,direct
2022,450310,Rolhas de cortiça,152,Chile,10506768,2.105,direct
2022,450410,Cortiça aglomerada,251,França,117969745,19.484,direct
2022,450410,Cortiça aglomerada,380,Itália,85302008,14.088,direct
2022,450410,Cortiça aglomerada,842,EUA,73383804,12.12,direct
2022,450410,Cortiça aglomerada,724,Espanha,68522430,11.317,direct
2022,450410,Cortiça aglomerada,276,Alemanha,50161515,8.285,direct
2022,450410,Cortiça aglomerada,826,Reino Unido,21765700,3.595,direct
2022,450410,Cortiça aglomerada,156,China,18255028,3.015,direct
2022,450410,Cortiça aglomerada,32,Argentina,10945664,1.808,direct
2022,470329,Pasta de madeira química,724,Espanha,206077595,25.979,direct
2022,470329,Pasta de madeira química,528,Países Baixos,126744504,15.978,direct
2022,470329,Pasta de madeira química,616,Polónia,116703732,14.712,direct
2022,470329,Pasta de madeira química,276,Alemanha,101195926,12.757,direct
2022,470329,Pasta de madeira química,792,Turquia,92325974,11.639,direct
2022,470329,Pasta de madeira química,752,Suécia,31912794,4.023,direct
2022,470329,Pasta de madeira química,376,Israel,25638987,3.232,direct
2022,470329,Pasta de madeira química,12,Argélia,21623517,2.726,direct
2022,480256,Papel para escrita e impressão,251,França,141566102,16.032,direct
2022,480256,Papel para escrita e impressão,826,Reino Unido,92683688,10.496,direct
2022,480256,Papel para escrita e impressão,276,Alemanha,83027647,9.403,direct
2022,480256,Papel para escrita e impressão,724,Espanha,78634491,8.905,direct
2022,480256,Papel para escrita e impressão,842,EUA,77712311,8.801,direct
2022,480256,Papel para escrita e impressão,380,Itália,75931869,8.599,direct
2022,480256,Papel para escrita e impressão,56,Bélgica,28221832,3.196,direct
2022,480256,Papel para escrita e impressão,792,Turquia,27091457,3.068,direct
2022,610910,T-shirts de algodão,724,Espanha,240462759,30.751,direct
2022,610910,T-shirts de algodão,251,França,147011493,18.8,direct
2022,610910,T-shirts de algodão,380,Itália,106818799,13.66,direct
2022,610910,T-shirts de algodão,276,Alemanha,82968610,10.61,direct
2022,610910,T-shirts de algodão,826,Reino Unido,42766270,5.469,direct
2022,610910,T-shirts de algodão,528,Países Baixos,39560774,5.059,direct
2022,610910,T-shirts de algodão,842,EUA,20725434,2.65,direct
2022,610910,T-shirts de algodão,752,Suécia,17886930,2.287,direct
2022,640391,Calçado de couro a cobrir o tornozelo,276,Alemanha,145610768,27.733,direct
2022,640391,Calçado de couro a cobrir o tornozelo,528,Países Baixos,80885192,15.405,direct
2022,640391,Calçado de couro a cobrir o tornozelo,251,França,76149769,14.504,direct
2022,640391,Calçado de couro a cobrir o tornozelo,826,Reino Unido,52470523,9.994,direct
2022,640391,Calçado de couro a cobrir o tornozelo,208,Dinamarca,37988478,7.235,direct
2022,640391,Calçado de couro a cobrir o tornozelo,842,EUA,27785784,5.292,direct
2022,640391,Calçado de couro a cobrir o tornozelo,724,Espanha,17314382,3.298,direct
2022,640391,Calçado de couro a cobrir o tornozelo,752,Suécia,12153789,2.315,direct
2022,640399,Calçado de couro sem cobrir o tornozelo,276,Alemanha,218389889,24.403,direct
2022,640399,Calçado de couro sem cobrir o tornozelo,251,França,150840934,16.855,direct
2022,640399,Calçado de couro sem cobrir o tornozelo,528,Países Baixos,124880303,13.954,direct
2022,640399,Calçado de couro sem cobrir o tornozelo,724,Espanha,60005725,6.705,direct
2022,640399,Calçado de couro sem cobrir o tornozelo,842,EUA,54040149,6.039,direct
2022,640399,Calçado de couro sem cobrir o tornozelo,826,Reino Unido,45967764,5.136,direct
2022,640399,Calçado de couro sem cobrir o tornozelo,208,Dinamarca,45539129,5.089,direct
2022,640399,Calçado de couro sem cobrir o tornozelo,752,Suécia,38391435,4.29,direct
2022,721420,Varões de ferro com saliências (betão armado),724,Espanha,200713734,35.565,direct
2022,721420,Varões de ferro com saliências (betão armado),826,Reino Unido,92289058,16.353,direct
2022,721420,Varões de ferro com saliências (betão armado),372,Irlanda,61062424,10.82,direct
2022,721420,Varões de ferro com saliências (betão armado),579,Noruega,28803889,5.104,direct
2022,721420,Varões de ferro com saliências (betão armado),246,Finlândia,25885920,4.587,direct
2022,721420,Varões de ferro com saliências (betão armado),251,França,24003745,4.253,direct
2022,721420,Varões de ferro com saliências (betão armado),842,EUA,21676287,3.841,direct
2022,721420,Varões de ferro com saliências (betão armado),528,Países Baixos,20599484,3.65,direct
2022,848071,Moldes para borracha ou plástico,276,Alemanha,99597184,22.203,direct
2022,848071,Moldes para borracha ou plástico,724,Espanha,70004011,15.606,direct
2022,848071,Moldes para borracha ou plástico,251,França,60684240,13.529,direct
2022,848071,Moldes para borracha ou plástico,842,EUA,27792527,6.196,direct
2022,848071,Moldes para borracha ou plástico,203,Chéquia,26050521,5.808,direct
2022,848071,Moldes para borracha ou plástico,616,Polónia,18480129,4.12,direct
2022,848071,Moldes para borracha ou plástico,484,México,18475683,4.119,direct
2022,848071,Moldes para borracha ou plástico,56,Bélgica,15234300,3.396,direct
2022,852721,Autorrádios,276,Alemanha,368337112,50.406,direct
2022,852721,Autorrádios,724,Espanha,79604856,10.894,direct
2022,852721,Autorrádios,703,Eslováquia,79121532,10.828,direct
2022,852721,Autorrádios,348,Hungria,54972219,7.523,direct
2022,852721,Autorrádios,380,Itália,45423172,6.216,direct
2022,852721,Autorrádios,56,Bélgica,43875663,6.004,direct
2022,852721,Autorrádios,251,França,17403682,2.382,direct
2022,852721,Autorrádios,752,Suécia,15452065,2.115,direct
2022,870322,Automóveis a gasolina 1.000–1.500 cm³,276,Alemanha,620458120,27.458,direct
2022,870322,Automóveis a gasolina 1.000–1.500 cm³,826,Reino Unido,331466656,14.669,direct
2022,870322,Automóveis a gasolina 1.000–1.500 cm³,792,Turquia,197855837,8.756,direct
2022,870322,Automóveis a gasolina 1.000–1.500 cm³,251,França,173445761,7.676,direct
2022,870322,Automóveis a gasolina 1.000–1.500 cm³,380,Itália,156373765,6.92,direct
2022,870322,Automóveis a gasolina 1.000–1.500 cm³,616,Polónia,113200477,5.01,direct
2022,870322,Automóveis a gasolina 1.000–1.500 cm³,724,Espanha,112547232,4.981,direct
2022,870322,Automóveis a gasolina 1.000–1.500 cm³,348,Hungria,53534851,2.369,direct
2022,870323,Automóveis a gasolina 1.500–3.000 cm³,276,Alemanha,106827596,31.059,direct
2022,870323,Automóveis a gasolina 1.500–3.000 cm³,36,Austrália,68591758,19.942,direct
2022,870323,Automóveis a gasolina 1.500–3.000 cm³,826,Reino Unido,41165815,11.968,direct
2022,870323,Automóveis a gasolina 1.500–3.000 cm³,710,África do Sul,34850463,10.132,direct
2022,870323,Automóveis a gasolina 1.500–3.000 cm³,490,Taiwan (Prov. China),27562147,8.013,direct
2022,870323,Automóveis a gasolina 1.500–3.000 cm³,392,Japão,13569394,3.945,direct
2022,870323,Automóveis a gasolina 1.500–3.000 cm³,251,França,7042847,2.048,direct
2022,870323,Automóveis a gasolina 1.500–3.000 cm³,380,Itália,6518583,1.895,direct
2022,870332,Automóveis diesel 1.500–2.500 cm³,380,Itália,177481809,27.129,direct
2022,870332,Automóveis diesel 1.500–2.500 cm³,276,Alemanha,152454734,23.303,direct
2022,870332,Automóveis diesel 1.500–2.500 cm³,251,França,87715788,13.408,direct
2022,870332,Automóveis diesel 1.500–2.500 cm³,724,Espanha,61238231,9.36,direct
2022,870332,Automóveis diesel 1.500–2.500 cm³,392,Japão,43130455,6.593,direct
2022,870332,Automóveis diesel 1.500–2.500 cm³,826,Reino Unido,35047912,5.357,direct
2022,870332,Automóveis diesel 1.500–2.500 cm³,504,Marrocos,32247097,4.929,direct
2022,870332,Automóveis diesel 1.500–2.500 cm³,40,Áustria,12121534,1.853,direct
2022,870421,Camiões diesel até 5 t,251,França,453950552,54.426,direct
2022,870421,Camiões diesel até 5 t,724,Espanha,105086010,12.599,direct
2022,870421,Camiões diesel até 5 t,380,Itália,64302876,7.71,direct
2022,870421,Camiões diesel até 5 t,276,Alemanha,45982263,5.513,direct
2022,870421,Camiões diesel até 5 t,56,Bélgica,33273279,3.989,direct
2022,870421,Camiões diesel até 5 t,710,África do Sul,27167188,3.257,direct
2022,870421,Camiões diesel até 5 t,826,Reino Unido,21038700,2.522,direct
2022,870421,Camiões diesel até 5 t,528,Países Baixos,17387391,2.085,direct
2022,870892,Silenciadores e tubos de escape,724,Espanha,487273206,56.599,direct
2022,870892,Silenciadores e tubos de escape,251,França,181464905,21.078,direct
2022,870892,Silenciadores e tubos de escape,826,Reino Unido,104789719,12.172,direct
2022,870892,Silenciadores e tubos de escape,504,Marrocos,32674817,3.795,direct
2022,870892,Silenciadores e tubos de escape,276,Alemanha,22374068,2.599,direct
2022,870892,Silenciadores e tubos de escape,703,Eslováquia,20777038,2.413,direct
2022,870892,Silenciadores e tubos de escape,40,Áustria,4348158,0.505,direct
2022,870892,Silenciadores e tubos de escape,528,Países Baixos,2226513,0.259,direct
2022,870899,Outras partes de veículos,724,Espanha,540343453,48.187,direct
2022,870899,Outras partes de veículos,251,França,171103967,15.259,direct
2022,870899,Outras partes de veículos,276,Alemanha,140449157,12.525,direct
2022,870899,Outras partes de veículos,703,Eslováquia,47852477,4.267,direct
2022,870899,Outras partes de veículos,380,Itália,33487121,2.986,direct
2022,870899,Outras partes de veículos,203,Chéquia,31494135,2.809,direct
2022,870899,Outras partes de veículos,616,Polónia,24430174,2.179,direct
2022,870899,Outras partes de veículos,826,Reino Unido,16508534,1.472,direct
2022,902920,Contadores e tacómetros,276,Alemanha,742832857,55.869,direct
2022,902920,Contadores e tacómetros,842,EUA,129982430,9.776,direct
2022,902920,Contadores e tacómetros,724,Espanha,121032522,9.103,direct
2022,902920,Contadores e tacómetros,703,Eslováquia,82545943,6.208,direct
2022,902920,Contadores e tacómetros,826,Reino Unido,44795785,3.369,direct
2022,902920,Contadores e tacómetros,752,Suécia,38280175,2.879,direct
2022,902920,Contadores e tacómetros,56,Bélgica,36145822,2.719,direct
2022,902920,Contadores e tacómetros,348,Hungria,33207582,2.498,direct
2022,999999,Mercadorias não especificadas,837,Bunkers,147220681,99.562,direct
2022,999999,Mercadorias não especificadas,584,Marshall Isds,150145,0.102,direct
2022,999999,Mercadorias não especificadas,430,Liberia,131796,0.089,direct
2022,999999,Mercadorias não especificadas,196,Chipre,65733,0.044,direct
2022,999999,Mercadorias não especificadas,470,Malta,60357,0.041,direct
2022,999999,Mercadorias não especificadas,591,Panamá,59216,0.04,direct
2022,999999,Mercadorias não especificadas,442,Luxemburgo,48937,0.033,direct
2022,999999,Mercadorias não especificadas,208,Dinamarca,28568,0.019,direct
2022,220421,Vinho tranquilo até 2 L,842,EUA,134859900,14.776,mirror
2022,220421,Vinho tranquilo até 2 L,826,Reino Unido,112548644,12.332,mirror
2022,220421,Vinho tranquilo até 2 L,251,França,93441864,10.238,mirror
2022,220421,Vinho tranquilo até 2 L,76,Brasil,67990415,7.45,mirror
2022,220421,Vinho tranquilo até 2 L,124,Canadá,54648218,5.988,mirror
2022,220421,Vinho tranquilo até 2 L,276,Alemanha,52305820,5.731,mirror
2022,220421,Vinho tranquilo até 2 L,528,Países Baixos,50464122,5.529,mirror
2022,220421,Vinho tranquilo até 2 L,56,Bélgica,39974455,4.38,mirror
2022,240220,Cigarros,724,Espanha,294000109,42.683,mirror
2022,240220,Cigarros,380,Itália,221586723,32.17,mirror
2022,240220,Cigarros,251,França,111718212,16.219,mirror
2022,240220,Cigarros,414,Kuwait,14324037,2.08,mirror
2022,240220,Cigarros,703,Eslováquia,13462122,1.954,mirror
2022,240220,Cigarros,300,Grécia,9440231,1.371,mirror
2022,240220,Cigarros,752,Suécia,4907333,0.712,mirror
2022,240220,Cigarros,470,Malta,3695642,0.537,mirror
2022,271012,Gasolinas e destilados leves,842,EUA,1097466820,67.557,mirror
2022,271012,Gasolinas e destilados leves,528,Países Baixos,341831794,21.042,mirror
2022,271012,Gasolinas e destilados leves,124,Canadá,71203736,4.383,mirror
2022,271012,Gasolinas e destilados leves,682,Arábia Saudita,56823397,3.498,mirror
2022,271012,Gasolinas e destilados leves,56,Bélgica,29970273,1.845,mirror
2022,271012,Gasolinas e destilados leves,826,Reino Unido,11404060,0.702,mirror
2022,271012,Gasolinas e destilados leves,251,França,9638836,0.593,mirror
2022,271012,Gasolinas e destilados leves,724,Espanha,5119294,0.315,mirror
2022,271019,Gasóleo e combustíveis médios e pesados,724,Espanha,294762140,29.965,mirror
2022,271019,Gasóleo e combustíveis médios e pesados,826,Reino Unido,155245977,15.782,mirror
2022,271019,Gasóleo e combustíveis médios e pesados,132,Cabo Verde,111900092,11.376,mirror
2022,271019,Gasóleo e combustíveis médios e pesados,251,França,100416169,10.208,mirror
2022,271019,Gasóleo e combustíveis médios e pesados,842,EUA,97328568,9.894,mirror
2022,271019,Gasóleo e combustíveis médios e pesados,76,Brasil,57461396,5.841,mirror
2022,271019,Gasóleo e combustíveis médios e pesados,380,Itália,49389261,5.021,mirror
2022,271019,Gasóleo e combustíveis médios e pesados,504,Marrocos,27376399,2.783,mirror
2022,300490,Medicamentos,842,EUA,174600614,14.488,mirror
2022,300490,Medicamentos,276,Alemanha,165590851,13.741,mirror
2022,300490,Medicamentos,826,Reino Unido,94284832,7.824,mirror
2022,300490,Medicamentos,251,França,74811178,6.208,mirror
2022,300490,Medicamentos,36,Austrália,70286959,5.832,mirror
2022,300490,Medicamentos,24,Angola,70203653,5.825,mirror
2022,300490,Medicamentos,372,Irlanda,63007461,5.228,mirror
2022,300490,Medicamentos,724,Espanha,59151196,4.908,mirror
2022,401110,Pneus novos,842,EUA,357115626,27.378,mirror
2022,401110,Pneus novos,276,Alemanha,216672884,16.611,mirror
2022,401110,Pneus novos,251,França,77311328,5.927,mirror
2022,401110,Pneus novos,410,Coreia do Sul,72928024,5.591,mirror
2022,401110,Pneus novos,703,Eslováquia,68552135,5.255,mirror
2022,401110,Pneus novos,56,Bélgica,56345528,4.32,mirror
2022,401110,Pneus novos,724,Espanha,54838269,4.204,mirror
2022,401110,Pneus novos,826,Reino Unido,49726129,3.812,mirror
2022,450310,Rolhas de cortiça,842,EUA,163498244,31.73,mirror
2022,450310,Rolhas de cortiça,251,França,109557569,21.262,mirror
2022,450310,Rolhas de cortiça,380,Itália,42409992,8.23,mirror
2022,450310,Rolhas de cortiça,484,México,37058787,7.192,mirror
2022,450310,Rolhas de cortiça,724,Espanha,36914418,7.164,mirror
2022,450310,Rolhas de cortiça,826,Reino Unido,27534536,5.344,mirror
2022,450310,Rolhas de cortiça,152,Chile,14583837,2.83,mirror
2022,450310,Rolhas de cortiça,32,Argentina,9977622,1.936,mirror
2022,450410,Cortiça aglomerada,251,França,91672526,20.31,mirror
2022,450410,Cortiça aglomerada,380,Itália,66818624,14.804,mirror
2022,450410,Cortiça aglomerada,842,EUA,61154187,13.549,mirror
2022,450410,Cortiça aglomerada,276,Alemanha,50870842,11.271,mirror
2022,450410,Cortiça aglomerada,724,Espanha,49633534,10.997,mirror
2022,450410,Cortiça aglomerada,826,Reino Unido,22856077,5.064,mirror
2022,450410,Cortiça aglomerada,156,China,19658274,4.355,mirror
2022,450410,Cortiça aglomerada,757,Suíça,7051595,1.562,mirror
2022,470329,Pasta de madeira química,276,Alemanha,235956760,23.555,mirror
2022,470329,Pasta de madeira química,724,Espanha,205906443,20.555,mirror
2022,470329,Pasta de madeira química,528,Países Baixos,148291540,14.804,mirror
2022,470329,Pasta de madeira química,616,Polónia,120824716,12.062,mirror
2022,470329,Pasta de madeira química,792,Turquia,80592744,8.045,mirror
2022,470329,Pasta de madeira química,752,Suécia,67320849,6.721,mirror
2022,470329,Pasta de madeira química,251,França,42699618,4.263,mirror
2022,470329,Pasta de madeira química,376,Israel,27223000,2.718,mirror
2022,480256,Papel para escrita e impressão,251,França,114088855,14.424,mirror
2022,480256,Papel para escrita e impressão,842,EUA,93831147,11.863,mirror
2022,480256,Papel para escrita e impressão,826,Reino Unido,88326195,11.167,mirror
2022,480256,Papel para escrita e impressão,276,Alemanha,80799644,10.215,mirror
2022,480256,Papel para escrita e impressão,380,Itália,67388864,8.52,mirror
2022,480256,Papel para escrita e impressão,724,Espanha,50675626,6.407,mirror
2022,480256,Papel para escrita e impressão,792,Turquia,27298447,3.451,mirror
2022,480256,Papel para escrita e impressão,504,Marrocos,25970420,3.283,mirror
2022,610910,T-shirts de algodão,251,França,129253415,12.078,mirror
2022,610910,T-shirts de algodão,156,China,117191835,10.951,mirror
2022,610910,T-shirts de algodão,724,Espanha,107441894,10.04,mirror
2022,610910,T-shirts de algodão,826,Reino Unido,92256889,8.621,mirror
2022,610910,T-shirts de algodão,380,Itália,89945559,8.405,mirror
2022,610910,T-shirts de algodão,276,Alemanha,89371612,8.351,mirror
2022,610910,T-shirts de algodão,410,Coreia do Sul,56345259,5.265,mirror
2022,610910,T-shirts de algodão,842,EUA,47011624,4.393,mirror
2022,640391,Calçado de couro a cobrir o tornozelo,276,Alemanha,179964436,24.123,mirror
2022,640391,Calçado de couro a cobrir o tornozelo,528,Países Baixos,132759197,17.796,mirror
2022,640391,Calçado de couro a cobrir o tornozelo,251,França,90876162,12.181,mirror
2022,640391,Calçado de couro a cobrir o tornozelo,826,Reino Unido,58547384,7.848,mirror
2022,640391,Calçado de couro a cobrir o tornozelo,842,EUA,40687077,5.454,mirror
2022,640391,Calçado de couro a cobrir o tornozelo,757,Suíça,35594658,4.771,mirror
2022,640391,Calçado de couro a cobrir o tornozelo,40,Áustria,25811615,3.46,mirror
2022,640391,Calçado de couro a cobrir o tornozelo,616,Polónia,24452244,3.278,mirror
2022,640399,Calçado de couro sem cobrir o tornozelo,276,Alemanha,204954992,19.104,mirror
2022,640399,Calçado de couro sem cobrir o tornozelo,251,França,164269349,15.312,mirror
2022,640399,Calçado de couro sem cobrir o tornozelo,842,EUA,130946281,12.206,mirror
2022,640399,Calçado de couro sem cobrir o tornozelo,528,Países Baixos,129833070,12.102,mirror
2022,640399,Calçado de couro sem cobrir o tornozelo,826,Reino Unido,60955462,5.682,mirror
2022,640399,Calçado de couro sem cobrir o tornozelo,724,Espanha,42288434,3.942,mirror
2022,640399,Calçado de couro sem cobrir o tornozelo,757,Suíça,35310852,3.291,mirror
2022,640399,Calçado de couro sem cobrir o tornozelo,208,Dinamarca,35230654,3.284,mirror
2022,721420,Varões de ferro com saliências (betão armado),724,Espanha,200951098,44.346,mirror
2022,721420,Varões de ferro com saliências (betão armado),826,Reino Unido,119584161,26.39,mirror
2022,721420,Varões de ferro com saliências (betão armado),372,Irlanda,55263411,12.196,mirror
2022,721420,Varões de ferro com saliências (betão armado),579,Noruega,30646523,6.763,mirror
2022,721420,Varões de ferro com saliências (betão armado),842,EUA,18791808,4.147,mirror
2022,721420,Varões de ferro com saliências (betão armado),132,Cabo Verde,11740496,2.591,mirror
2022,721420,Varões de ferro com saliências (betão armado),251,França,3937156,0.869,mirror
2022,721420,Varões de ferro com saliências (betão armado),504,Marrocos,3599295,0.794,mirror
2022,848071,Moldes para borracha ou plástico,276,Alemanha,47500168,20.77,mirror
2022,848071,Moldes para borracha ou plástico,842,EUA,25326019,11.074,mirror
2022,848071,Moldes para borracha ou plástico,724,Espanha,20443907,8.939,mirror
2022,848071,Moldes para borracha ou plástico,251,França,20338279,8.893,mirror
2022,848071,Moldes para borracha ou plástico,484,México,18827774,8.233,mirror
2022,848071,Moldes para borracha ou plástico,203,Chéquia,16024992,7.007,mirror
2022,848071,Moldes para borracha ou plástico,826,Reino Unido,10393841,4.545,mirror
2022,848071,Moldes para borracha ou plástico,757,Suíça,9441631,4.128,mirror
2022,852721,Autorrádios,752,Suécia,82783090,33.507,mirror
2022,852721,Autorrádios,724,Espanha,33575891,13.59,mirror
2022,852721,Autorrádios,792,Turquia,28696544,11.615,mirror
2022,852721,Autorrádios,380,Itália,22541770,9.124,mirror
2022,852721,Autorrádios,251,França,18392838,7.445,mirror
2022,852721,Autorrádios,56,Bélgica,16547520,6.698,mirror
2022,852721,Autorrádios,276,Alemanha,13901325,5.627,mirror
2022,852721,Autorrádios,705,Eslovénia,10909207,4.416,mirror
2022,870322,Automóveis a gasolina 1.000–1.500 cm³,276,Alemanha,617471467,26.036,mirror
2022,870322,Automóveis a gasolina 1.000–1.500 cm³,826,Reino Unido,356443495,15.029,mirror
2022,870322,Automóveis a gasolina 1.000–1.500 cm³,251,França,316119279,13.329,mirror
2022,870322,Automóveis a gasolina 1.000–1.500 cm³,380,Itália,200364718,8.448,mirror
2022,870322,Automóveis a gasolina 1.000–1.500 cm³,792,Turquia,179328555,7.561,mirror
2022,870322,Automóveis a gasolina 1.000–1.500 cm³,724,Espanha,150776720,6.358,mirror
2022,870322,Automóveis a gasolina 1.000–1.500 cm³,616,Polónia,136173571,5.742,mirror
2022,870322,Automóveis a gasolina 1.000–1.500 cm³,40,Áustria,72779238,3.069,mirror
2022,870323,Automóveis a gasolina 1.500–3.000 cm³,826,Reino Unido,87911281,20.763,mirror
2022,870323,Automóveis a gasolina 1.500–3.000 cm³,251,França,58855367,13.901,mirror
2022,870323,Automóveis a gasolina 1.500–3.000 cm³,276,Alemanha,56449616,13.333,mirror
2022,870323,Automóveis a gasolina 1.500–3.000 cm³,36,Austrália,53560570,12.65,mirror
2022,870323,Automóveis a gasolina 1.500–3.000 cm³,757,Suíça,52990168,12.515,mirror
2022,870323,Automóveis a gasolina 1.500–3.000 cm³,710,África do Sul,32502303,7.677,mirror
2022,870323,Automóveis a gasolina 1.500–3.000 cm³,490,Taiwan (Prov. China),25322309,5.981,mirror
2022,870323,Automóveis a gasolina 1.500–3.000 cm³,392,Japão,13133463,3.102,mirror
2022,870332,Automóveis diesel 1.500–2.500 cm³,380,Itália,218583891,25.168,mirror
2022,870332,Automóveis diesel 1.500–2.500 cm³,276,Alemanha,180187894,20.747,mirror
2022,870332,Automóveis diesel 1.500–2.500 cm³,251,França,130106798,14.98,mirror
2022,870332,Automóveis diesel 1.500–2.500 cm³,724,Espanha,117417226,13.519,mirror
2022,870332,Automóveis diesel 1.500–2.500 cm³,392,Japão,62321183,7.176,mirror
2022,870332,Automóveis diesel 1.500–2.500 cm³,826,Reino Unido,52634235,6.06,mirror
2022,870332,Automóveis diesel 1.500–2.500 cm³,504,Marrocos,33358201,3.841,mirror
2022,870332,Automóveis diesel 1.500–2.500 cm³,40,Áustria,21347831,2.458,mirror
2022,870421,Camiões diesel até 5 t,251,França,457385696,52.064,mirror
2022,870421,Camiões diesel até 5 t,724,Espanha,178067068,20.269,mirror
2022,870421,Camiões diesel até 5 t,380,Itália,74197795,8.446,mirror
2022,870421,Camiões diesel até 5 t,710,África do Sul,56404596,6.42,mirror
2022,870421,Camiões diesel até 5 t,528,Países Baixos,26627043,3.031,mirror
2022,870421,Camiões diesel até 5 t,56,Bélgica,18166404,2.068,mirror
2022,870421,Camiões diesel até 5 t,276,Alemanha,12870801,1.465,mirror
2022,870421,Camiões diesel até 5 t,616,Polónia,9907098,1.128,mirror
2022,870892,Silenciadores e tubos de escape,251,França,35823976,35.551,mirror
2022,870892,Silenciadores e tubos de escape,724,Espanha,33359680,33.106,mirror
2022,870892,Silenciadores e tubos de escape,826,Reino Unido,6395379,6.347,mirror
2022,870892,Silenciadores e tubos de escape,203,Chéquia,4179884,4.148,mirror
2022,870892,Silenciadores e tubos de escape,156,China,3302673,3.278,mirror
2022,870892,Silenciadores e tubos de escape,528,Países Baixos,3080022,3.057,mirror
2022,870892,Silenciadores e tubos de escape,703,Eslováquia,2765458,2.744,mirror
2022,870892,Silenciadores e tubos de escape,504,Marrocos,2670884,2.651,mirror
2022,870899,Outras partes de veículos,724,Espanha,384418833,45.839,mirror
2022,870899,Outras partes de veículos,251,França,217719471,25.962,mirror
2022,870899,Outras partes de veículos,842,EUA,44540456,5.311,mirror
2022,870899,Outras partes de veículos,276,Alemanha,42206240,5.033,mirror
2022,870899,Outras partes de veículos,380,Itália,34891494,4.161,mirror
2022,870899,Outras partes de veículos,826,Reino Unido,27821660,3.318,mirror
2022,870899,Outras partes de veículos,616,Polónia,13790124,1.644,mirror
2022,870899,Outras partes de veículos,156,China,9076218,1.082,mirror
2022,902920,Contadores e tacómetros,276,Alemanha,616193165,52.919,mirror
2022,902920,Contadores e tacómetros,842,EUA,153384423,13.173,mirror
2022,902920,Contadores e tacómetros,724,Espanha,73316843,6.297,mirror
2022,902920,Contadores e tacómetros,752,Suécia,59126767,5.078,mirror
2022,902920,Contadores e tacómetros,826,Reino Unido,50183041,4.31,mirror
2022,902920,Contadores e tacómetros,56,Bélgica,38459541,3.303,mirror
2022,902920,Contadores e tacómetros,642,Roménia,27355730,2.349,mirror
2022,902920,Contadores e tacómetros,348,Hungria,22338983,1.918,mirror
2022,940190,Assentos e partes,32,Argentina,9083779,92.198,mirror
2022,940190,Assentos e partes,24,Angola,487764,4.951,mirror
2022,940190,Assentos e partes,384,Costa do Marfim,102797,1.043,mirror
2022,940190,Assentos e partes,490,Taiwan (Prov. China),80177,0.814,mirror
2022,940190,Assentos e partes,788,Tunisia,56538,0.574,mirror
2022,940190,Assentos e partes,132,Cabo Verde,16913,0.172,mirror
2022,940190,Assentos e partes,508,Moçambique,9339,0.095,mirror
2022,940190,Assentos e partes,804,Ucrânia,4945,0.05,mirror
2022,999999,Mercadorias não especificadas,276,Alemanha,476504370,33.869,mirror
2022,999999,Mercadorias não especificadas,484,México,219735867,15.618,mirror
2022,999999,Mercadorias não especificadas,842,EUA,190086141,13.511,mirror
2022,999999,Mercadorias não especificadas,752,Suécia,92340297,6.563,mirror
2022,999999,Mercadorias não especificadas,826,Reino Unido,82455103,5.861,mirror
2022,999999,Mercadorias não especificadas,76,Brasil,77997275,5.544,mirror
2022,999999,Mercadorias não especificadas,380,Itália,65037315,4.623,mirror
2022,999999,Mercadorias não especificadas,710,África do Sul,37001783,2.63,mirror
2023,220421,Vinho tranquilo até 2 L,842,EUA,104444072,11.631,direct
2023,220421,Vinho tranquilo até 2 L,251,França,100033698,11.139,direct
2023,220421,Vinho tranquilo até 2 L,826,Reino Unido,92509404,10.302,direct
2023,220421,Vinho tranquilo até 2 L,76,Brasil,82800101,9.22,direct
2023,220421,Vinho tranquilo até 2 L,528,Países Baixos,53037346,5.906,direct
2023,220421,Vinho tranquilo até 2 L,124,Canadá,50292204,5.6,direct
2023,220421,Vinho tranquilo até 2 L,276,Alemanha,47863834,5.33,direct
2023,220421,Vinho tranquilo até 2 L,56,Bélgica,42444105,4.726,direct
2023,240220,Cigarros,380,Itália,292267851,35.453,direct
2023,240220,Cigarros,724,Espanha,280639766,34.042,direct
2023,240220,Cigarros,251,França,171707638,20.829,direct
2023,240220,Cigarros,899,"Areas, nes",14611122,1.772,direct
2023,240220,Cigarros,300,Grécia,11452540,1.389,direct
2023,240220,Cigarros,414,Kuwait,10972584,1.331,direct
2023,240220,Cigarros,470,Malta,5553703,0.674,direct
2023,240220,Cigarros,276,Alemanha,5329157,0.646,direct
2023,271012,Gasolinas e destilados leves,842,EUA,946921687,65.239,direct
2023,271012,Gasolinas e destilados leves,528,Países Baixos,220670541,15.203,direct
2023,271012,Gasolinas e destilados leves,724,Espanha,103487956,7.13,direct
2023,271012,Gasolinas e destilados leves,826,Reino Unido,40507189,2.791,direct
2023,271012,Gasolinas e destilados leves,56,Bélgica,34924164,2.406,direct
2023,271012,Gasolinas e destilados leves,251,França,32459520,2.236,direct
2023,271012,Gasolinas e destilados leves,292,Gibraltar,22229551,1.532,direct
2023,271012,Gasolinas e destilados leves,862,Venezuela,22221735,1.531,direct
2023,271019,Gasóleo e combustíveis médios e pesados,837,Bunkers,1809458088,61.954,direct
2023,271019,Gasóleo e combustíveis médios e pesados,292,Gibraltar,284709051,9.748,direct
2023,271019,Gasóleo e combustíveis médios e pesados,724,Espanha,148650101,5.09,direct
2023,271019,Gasóleo e combustíveis médios e pesados,504,Marrocos,136391222,4.67,direct
2023,271019,Gasóleo e combustíveis médios e pesados,702,Singapura,78386735,2.684,direct
2023,271019,Gasóleo e combustíveis médios e pesados,784,Emirados Árabes Unidos,72326961,2.476,direct
2023,271019,Gasóleo e combustíveis médios e pesados,792,Turquia,51409625,1.76,direct
2023,271019,Gasóleo e combustíveis médios e pesados,624,Guiné-Bissau,50740850,1.737,direct
2023,300490,Medicamentos,276,Alemanha,162102969,15.864,direct
2023,300490,Medicamentos,56,Bélgica,112034806,10.964,direct
2023,300490,Medicamentos,251,França,99213539,9.709,direct
2023,300490,Medicamentos,842,EUA,87172695,8.531,direct
2023,300490,Medicamentos,724,Espanha,77054664,7.541,direct
2023,300490,Medicamentos,372,Irlanda,59834560,5.856,direct
2023,300490,Medicamentos,24,Angola,46281787,4.529,direct
2023,300490,Medicamentos,380,Itália,40327295,3.947,direct
2023,401110,Pneus novos,842,EUA,322843612,22.144,direct
2023,401110,Pneus novos,276,Alemanha,285289456,19.568,direct
2023,401110,Pneus novos,724,Espanha,157995015,10.837,direct
2023,401110,Pneus novos,251,França,84587382,5.802,direct
2023,401110,Pneus novos,703,Eslováquia,76320410,5.235,direct
2023,401110,Pneus novos,410,Coreia do Sul,73922605,5.07,direct
2023,401110,Pneus novos,826,Reino Unido,54503889,3.738,direct
2023,401110,Pneus novos,757,Suíça,47056751,3.228,direct
2023,450310,Rolhas de cortiça,842,EUA,150092274,30.545,direct
2023,450310,Rolhas de cortiça,251,França,105032479,21.375,direct
2023,450310,Rolhas de cortiça,724,Espanha,60221753,12.256,direct
2023,450310,Rolhas de cortiça,380,Itália,40712404,8.285,direct
2023,450310,Rolhas de cortiça,826,Reino Unido,30701818,6.248,direct
2023,450310,Rolhas de cortiça,484,México,27814027,5.66,direct
2023,450310,Rolhas de cortiça,276,Alemanha,8976566,1.827,direct
2023,450310,Rolhas de cortiça,152,Chile,5735463,1.167,direct
2023,450410,Cortiça aglomerada,251,França,130702007,21.006,direct
2023,450410,Cortiça aglomerada,380,Itália,90860886,14.603,direct
2023,450410,Cortiça aglomerada,842,EUA,70352498,11.307,direct
2023,450410,Cortiça aglomerada,724,Espanha,68643591,11.032,direct
2023,450410,Cortiça aglomerada,276,Alemanha,42463791,6.825,direct
2023,450410,Cortiça aglomerada,826,Reino Unido,25211511,4.052,direct
2023,450410,Cortiça aglomerada,156,China,18906168,3.038,direct
2023,450410,Cortiça aglomerada,792,Turquia,15183610,2.44,direct
2023,470329,Pasta de madeira química,156,China,135934243,19.136,direct
2023,470329,Pasta de madeira química,724,Espanha,125723483,17.698,direct
2023,470329,Pasta de madeira química,528,Países Baixos,85803598,12.079,direct
2023,470329,Pasta de madeira química,792,Turquia,77686838,10.936,direct
2023,470329,Pasta de madeira química,616,Polónia,61462770,8.652,direct
2023,470329,Pasta de madeira química,276,Alemanha,52853574,7.44,direct
2023,470329,Pasta de madeira química,752,Suécia,30443354,4.286,direct
2023,470329,Pasta de madeira química,12,Argélia,28405113,3.999,direct
2023,480256,Papel para escrita e impressão,251,França,106944168,16.146,direct
2023,480256,Papel para escrita e impressão,826,Reino Unido,91405415,13.8,direct
2023,480256,Papel para escrita e impressão,724,Espanha,70410637,10.631,direct
2023,480256,Papel para escrita e impressão,380,Itália,67767491,10.232,direct
2023,480256,Papel para escrita e impressão,276,Alemanha,61524768,9.289,direct
2023,480256,Papel para escrita e impressão,56,Bélgica,24542151,3.705,direct
2023,480256,Papel para escrita e impressão,504,Marrocos,22039813,3.328,direct
2023,480256,Papel para escrita e impressão,842,EUA,21151098,3.193,direct
2023,610910,T-shirts de algodão,724,Espanha,213417250,28.312,direct
2023,610910,T-shirts de algodão,251,França,151157887,20.053,direct
2023,610910,T-shirts de algodão,380,Itália,102767293,13.633,direct
2023,610910,T-shirts de algodão,276,Alemanha,78530468,10.418,direct
2023,610910,T-shirts de algodão,528,Países Baixos,42051316,5.579,direct
2023,610910,T-shirts de algodão,826,Reino Unido,37813411,5.016,direct
2023,610910,T-shirts de algodão,842,EUA,25197644,3.343,direct
2023,610910,T-shirts de algodão,56,Bélgica,24877767,3.3,direct
2023,640391,Calçado de couro a cobrir o tornozelo,276,Alemanha,124639904,29.429,direct
2023,640391,Calçado de couro a cobrir o tornozelo,251,França,70233430,16.583,direct
2023,640391,Calçado de couro a cobrir o tornozelo,528,Países Baixos,58204228,13.743,direct
2023,640391,Calçado de couro a cobrir o tornozelo,826,Reino Unido,38121267,9.001,direct
2023,640391,Calçado de couro a cobrir o tornozelo,208,Dinamarca,24305438,5.739,direct
2023,640391,Calçado de couro a cobrir o tornozelo,842,EUA,22646246,5.347,direct
2023,640391,Calçado de couro a cobrir o tornozelo,724,Espanha,17467216,4.124,direct
2023,640391,Calçado de couro a cobrir o tornozelo,752,Suécia,9581381,2.262,direct
2023,640399,Calçado de couro sem cobrir o tornozelo,276,Alemanha,221941121,25.386,direct
2023,640399,Calçado de couro sem cobrir o tornozelo,251,França,154102514,17.627,direct
2023,640399,Calçado de couro sem cobrir o tornozelo,528,Países Baixos,116281790,13.301,direct
2023,640399,Calçado de couro sem cobrir o tornozelo,842,EUA,54669791,6.253,direct
2023,640399,Calçado de couro sem cobrir o tornozelo,826,Reino Unido,53123983,6.076,direct
2023,640399,Calçado de couro sem cobrir o tornozelo,724,Espanha,48621648,5.561,direct
2023,640399,Calçado de couro sem cobrir o tornozelo,208,Dinamarca,33325418,3.812,direct
2023,640399,Calçado de couro sem cobrir o tornozelo,380,Itália,30725645,3.514,direct
2023,721420,Varões de ferro com saliências (betão armado),724,Espanha,168977815,35.227,direct
2023,721420,Varões de ferro com saliências (betão armado),826,Reino Unido,94992054,19.803,direct
2023,721420,Varões de ferro com saliências (betão armado),372,Irlanda,60854350,12.686,direct
2023,721420,Varões de ferro com saliências (betão armado),233,Estónia,22512704,4.693,direct
2023,721420,Varões de ferro com saliências (betão armado),440,Lituânia,19208002,4.004,direct
2023,721420,Varões de ferro com saliências (betão armado),246,Finlândia,18811834,3.922,direct
2023,721420,Varões de ferro com saliências (betão armado),842,EUA,17234799,3.593,direct
2023,721420,Varões de ferro com saliências (betão armado),752,Suécia,12055220,2.513,direct
2023,848071,Moldes para borracha ou plástico,724,Espanha,143609804,20.24,direct
2023,848071,Moldes para borracha ou plástico,276,Alemanha,120328171,16.959,direct
2023,848071,Moldes para borracha ou plástico,251,França,106710564,15.04,direct
2023,848071,Moldes para borracha ou plástico,642,Roménia,50492541,7.116,direct
2023,848071,Moldes para borracha ou plástico,616,Polónia,45180627,6.368,direct
2023,848071,Moldes para borracha ou plástico,203,Chéquia,34279165,4.831,direct
2023,848071,Moldes para borracha ou plástico,484,México,26065425,3.674,direct
2023,848071,Moldes para borracha ou plástico,842,EUA,26064587,3.674,direct
2023,852721,Autorrádios,276,Alemanha,429801851,51.098,direct
2023,852721,Autorrádios,724,Espanha,105243160,12.512,direct
2023,852721,Autorrádios,703,Eslováquia,92518667,10.999,direct
2023,852721,Autorrádios,380,Itália,60645152,7.21,direct
2023,852721,Autorrádios,348,Hungria,54643698,6.496,direct
2023,852721,Autorrádios,56,Bélgica,47972825,5.703,direct
2023,852721,Autorrádios,752,Suécia,15075311,1.792,direct
2023,852721,Autorrádios,842,EUA,14286278,1.698,direct
2023,870322,Automóveis a gasolina 1.000–1.500 cm³,276,Alemanha,482463663,20.945,direct
2023,870322,Automóveis a gasolina 1.000–1.500 cm³,792,Turquia,362089517,15.719,direct
2023,870322,Automóveis a gasolina 1.000–1.500 cm³,826,Reino Unido,325416305,14.127,direct
2023,870322,Automóveis a gasolina 1.000–1.500 cm³,251,França,222205463,9.646,direct
2023,870322,Automóveis a gasolina 1.000–1.500 cm³,380,Itália,142549206,6.188,direct
2023,870322,Automóveis a gasolina 1.000–1.500 cm³,616,Polónia,104933161,4.555,direct
2023,870322,Automóveis a gasolina 1.000–1.500 cm³,724,Espanha,100018661,4.342,direct
2023,870322,Automóveis a gasolina 1.000–1.500 cm³,392,Japão,75118898,3.261,direct
2023,870323,Automóveis a gasolina 1.500–3.000 cm³,276,Alemanha,111407827,31.086,direct
2023,870323,Automóveis a gasolina 1.500–3.000 cm³,36,Austrália,96008710,26.789,direct
2023,870323,Automóveis a gasolina 1.500–3.000 cm³,826,Reino Unido,43406535,12.112,direct
2023,870323,Automóveis a gasolina 1.500–3.000 cm³,392,Japão,28798893,8.036,direct
2023,870323,Automóveis a gasolina 1.500–3.000 cm³,490,Taiwan (Prov. China),26318836,7.344,direct
2023,870323,Automóveis a gasolina 1.500–3.000 cm³,710,África do Sul,19398496,5.413,direct
2023,870323,Automóveis a gasolina 1.500–3.000 cm³,616,Polónia,4574059,1.276,direct
2023,870323,Automóveis a gasolina 1.500–3.000 cm³,724,Espanha,3713875,1.036,direct
2023,870332,Automóveis diesel 1.500–2.500 cm³,276,Alemanha,163213403,22.059,direct
2023,870332,Automóveis diesel 1.500–2.500 cm³,380,Itália,161105687,21.774,direct
2023,870332,Automóveis diesel 1.500–2.500 cm³,392,Japão,94323167,12.748,direct
2023,870332,Automóveis diesel 1.500–2.500 cm³,724,Espanha,72037240,9.736,direct
2023,870332,Automóveis diesel 1.500–2.500 cm³,504,Marrocos,71136533,9.614,direct
2023,870332,Automóveis diesel 1.500–2.500 cm³,251,França,56682858,7.661,direct
2023,870332,Automóveis diesel 1.500–2.500 cm³,826,Reino Unido,35671373,4.821,direct
2023,870332,Automóveis diesel 1.500–2.500 cm³,372,Irlanda,19312906,2.61,direct
2023,870421,Camiões diesel até 5 t,251,França,482904536,44.754,direct
2023,870421,Camiões diesel até 5 t,724,Espanha,217702207,20.176,direct
2023,870421,Camiões diesel até 5 t,380,Itália,150817424,13.977,direct
2023,870421,Camiões diesel até 5 t,276,Alemanha,50031921,4.637,direct
2023,870421,Camiões diesel até 5 t,56,Bélgica,40722104,3.774,direct
2023,870421,Camiões diesel até 5 t,528,Países Baixos,28010059,2.596,direct
2023,870421,Camiões diesel até 5 t,826,Reino Unido,23110549,2.142,direct
2023,870421,Camiões diesel até 5 t,710,África do Sul,20164906,1.869,direct
2023,870892,Silenciadores e tubos de escape,724,Espanha,383739114,56.58,direct
2023,870892,Silenciadores e tubos de escape,251,França,151352062,22.316,direct
2023,870892,Silenciadores e tubos de escape,826,Reino Unido,65295927,9.627,direct
2023,870892,Silenciadores e tubos de escape,703,Eslováquia,24836367,3.662,direct
2023,870892,Silenciadores e tubos de escape,504,Marrocos,22343953,3.294,direct
2023,870892,Silenciadores e tubos de escape,276,Alemanha,19714630,2.907,direct
2023,870892,Silenciadores e tubos de escape,40,Áustria,4927158,0.726,direct
2023,870892,Silenciadores e tubos de escape,528,Países Baixos,1752667,0.258,direct
2023,870899,Outras partes de veículos,724,Espanha,620264559,45.753,direct
2023,870899,Outras partes de veículos,251,França,233359900,17.214,direct
2023,870899,Outras partes de veículos,276,Alemanha,202548784,14.941,direct
2023,870899,Outras partes de veículos,703,Eslováquia,47448383,3.5,direct
2023,870899,Outras partes de veículos,380,Itália,42621654,3.144,direct
2023,870899,Outras partes de veículos,203,Chéquia,35274934,2.602,direct
2023,870899,Outras partes de veículos,616,Polónia,34239097,2.526,direct
2023,870899,Outras partes de veículos,826,Reino Unido,23437405,1.729,direct
2023,902920,Contadores e tacómetros,276,Alemanha,770918084,55.202,direct
2023,902920,Contadores e tacómetros,724,Espanha,135702315,9.717,direct
2023,902920,Contadores e tacómetros,842,EUA,69703772,4.991,direct
2023,902920,Contadores e tacómetros,826,Reino Unido,69583155,4.983,direct
2023,902920,Contadores e tacómetros,703,Eslováquia,59917074,4.29,direct
2023,902920,Contadores e tacómetros,752,Suécia,50262774,3.599,direct
2023,902920,Contadores e tacómetros,56,Bélgica,48277593,3.457,direct
2023,902920,Contadores e tacómetros,380,Itália,37667632,2.697,direct
2023,999999,Mercadorias não especificadas,837,Bunkers,140550612,99.466,direct
2023,999999,Mercadorias não especificadas,24,Angola,257275,0.182,direct
2023,999999,Mercadorias não especificadas,196,Chipre,126344,0.089,direct
2023,999999,Mercadorias não especificadas,724,Espanha,115991,0.082,direct
2023,999999,Mercadorias não especificadas,591,Panamá,53776,0.038,direct
2023,999999,Mercadorias não especificadas,56,Bélgica,35969,0.025,direct
2023,999999,Mercadorias não especificadas,470,Malta,26705,0.019,direct
2023,999999,Mercadorias não especificadas,428,Letónia,26406,0.019,direct
2023,220421,Vinho tranquilo até 2 L,842,EUA,122074226,13.264,mirror
2023,220421,Vinho tranquilo até 2 L,826,Reino Unido,113559386,12.339,mirror
2023,220421,Vinho tranquilo até 2 L,251,França,92424787,10.043,mirror
2023,220421,Vinho tranquilo até 2 L,76,Brasil,73995275,8.04,mirror
2023,220421,Vinho tranquilo até 2 L,276,Alemanha,56778322,6.169,mirror
2023,220421,Vinho tranquilo até 2 L,528,Países Baixos,55765584,6.059,mirror
2023,220421,Vinho tranquilo até 2 L,124,Canadá,50441530,5.481,mirror
2023,220421,Vinho tranquilo até 2 L,616,Polónia,41203755,4.477,mirror
2023,240220,Cigarros,724,Espanha,279489282,48.536,mirror
2023,240220,Cigarros,380,Itália,240253772,41.723,mirror
2023,240220,Cigarros,300,Grécia,10554448,1.833,mirror
2023,240220,Cigarros,414,Kuwait,9558913,1.66,mirror
2023,240220,Cigarros,703,Eslováquia,8893766,1.544,mirror
2023,240220,Cigarros,276,Alemanha,5374987,0.933,mirror
2023,240220,Cigarros,470,Malta,4957683,0.861,mirror
2023,240220,Cigarros,616,Polónia,3383775,0.588,mirror
2023,271012,Gasolinas e destilados leves,842,EUA,1004778524,69.269,mirror
2023,271012,Gasolinas e destilados leves,528,Países Baixos,330238909,22.767,mirror
2023,271012,Gasolinas e destilados leves,251,França,38623905,2.663,mirror
2023,271012,Gasolinas e destilados leves,682,Arábia Saudita,23051667,1.589,mirror
2023,271012,Gasolinas e destilados leves,76,Brasil,15064898,1.039,mirror
2023,271012,Gasolinas e destilados leves,56,Bélgica,14666964,1.011,mirror
2023,271012,Gasolinas e destilados leves,124,Canadá,11958608,0.824,mirror
2023,271012,Gasolinas e destilados leves,512,Omã,7936437,0.547,mirror
2023,271019,Gasóleo e combustíveis médios e pesados,724,Espanha,156262128,26.517,mirror
2023,271019,Gasóleo e combustíveis médios e pesados,132,Cabo Verde,128642106,21.83,mirror
2023,271019,Gasóleo e combustíveis médios e pesados,842,EUA,72303135,12.27,mirror
2023,271019,Gasóleo e combustíveis médios e pesados,504,Marrocos,63755983,10.819,mirror
2023,271019,Gasóleo e combustíveis médios e pesados,792,Turquia,52671816,8.938,mirror
2023,271019,Gasóleo e combustíveis médios e pesados,702,Singapura,40707321,6.908,mirror
2023,271019,Gasóleo e combustíveis médios e pesados,24,Angola,25515239,4.33,mirror
2023,271019,Gasóleo e combustíveis médios e pesados,124,Canadá,14268446,2.421,mirror
2023,300490,Medicamentos,276,Alemanha,173171829,14.368,mirror
2023,300490,Medicamentos,842,EUA,163128703,13.534,mirror
2023,300490,Medicamentos,56,Bélgica,89921328,7.461,mirror
2023,300490,Medicamentos,251,França,83843030,6.956,mirror
2023,300490,Medicamentos,826,Reino Unido,74820476,6.208,mirror
2023,300490,Medicamentos,724,Espanha,64487046,5.35,mirror
2023,300490,Medicamentos,24,Angola,63463962,5.265,mirror
2023,300490,Medicamentos,372,Irlanda,50498120,4.19,mirror
2023,401110,Pneus novos,842,EUA,311687123,22.306,mirror
2023,401110,Pneus novos,276,Alemanha,296799216,21.241,mirror
2023,401110,Pneus novos,251,França,95859294,6.86,mirror
2023,401110,Pneus novos,410,Coreia do Sul,84417752,6.041,mirror
2023,401110,Pneus novos,703,Eslováquia,77664022,5.558,mirror
2023,401110,Pneus novos,826,Reino Unido,59909914,4.287,mirror
2023,401110,Pneus novos,724,Espanha,58953774,4.219,mirror
2023,401110,Pneus novos,757,Suíça,50479694,3.613,mirror
2023,450310,Rolhas de cortiça,842,EUA,175686254,33.366,mirror
2023,450310,Rolhas de cortiça,251,França,106384569,20.204,mirror
2023,450310,Rolhas de cortiça,380,Itália,48842633,9.276,mirror
2023,450310,Rolhas de cortiça,724,Espanha,37948625,7.207,mirror
2023,450310,Rolhas de cortiça,484,México,32550580,6.182,mirror
2023,450310,Rolhas de cortiça,826,Reino Unido,31420567,5.967,mirror
2023,450310,Rolhas de cortiça,152,Chile,10986217,2.086,mirror
2023,450310,Rolhas de cortiça,32,Argentina,9768056,1.855,mirror
2023,450410,Cortiça aglomerada,251,França,100513592,22.553,mirror
2023,450410,Cortiça aglomerada,380,Itália,71115199,15.957,mirror
2023,450410,Cortiça aglomerada,724,Espanha,50126379,11.247,mirror
2023,450410,Cortiça aglomerada,842,EUA,46124719,10.349,mirror
2023,450410,Cortiça aglomerada,276,Alemanha,38621904,8.666,mirror
2023,450410,Cortiça aglomerada,826,Reino Unido,26144647,5.866,mirror
2023,450410,Cortiça aglomerada,156,China,20996887,4.711,mirror
2023,450410,Cortiça aglomerada,792,Turquia,9136218,2.05,mirror
2023,470329,Pasta de madeira química,276,Alemanha,153952382,19.319,mirror
2023,470329,Pasta de madeira química,156,China,118088785,14.819,mirror
2023,470329,Pasta de madeira química,724,Espanha,116543055,14.625,mirror
2023,470329,Pasta de madeira química,528,Países Baixos,92315075,11.584,mirror
2023,470329,Pasta de madeira química,792,Turquia,86998834,10.917,mirror
2023,470329,Pasta de madeira química,616,Polónia,65761017,8.252,mirror
2023,470329,Pasta de madeira química,752,Suécia,56732971,7.119,mirror
2023,470329,Pasta de madeira química,251,França,22542248,2.829,mirror
2023,480256,Papel para escrita e impressão,826,Reino Unido,103502020,16.009,mirror
2023,480256,Papel para escrita e impressão,251,França,98775001,15.277,mirror
2023,480256,Papel para escrita e impressão,276,Alemanha,72835231,11.265,mirror
2023,480256,Papel para escrita e impressão,380,Itália,71449862,11.051,mirror
2023,480256,Papel para escrita e impressão,724,Espanha,41928172,6.485,mirror
2023,480256,Papel para escrita e impressão,528,Países Baixos,27806350,4.301,mirror
2023,480256,Papel para escrita e impressão,842,EUA,25851730,3.998,mirror
2023,480256,Papel para escrita e impressão,56,Bélgica,23176480,3.585,mirror
2023,610910,T-shirts de algodão,251,França,143991235,12.914,mirror
2023,610910,T-shirts de algodão,156,China,136403343,12.234,mirror
2023,610910,T-shirts de algodão,724,Espanha,119985245,10.761,mirror
2023,610910,T-shirts de algodão,276,Alemanha,83846328,7.52,mirror
2023,610910,T-shirts de algodão,380,Itália,78434418,7.035,mirror
2023,610910,T-shirts de algodão,826,Reino Unido,77032633,6.909,mirror
2023,610910,T-shirts de algodão,410,Coreia do Sul,55237678,4.954,mirror
2023,610910,T-shirts de algodão,842,EUA,42230050,3.787,mirror
2023,640391,Calçado de couro a cobrir o tornozelo,276,Alemanha,168598298,26.415,mirror
2023,640391,Calçado de couro a cobrir o tornozelo,528,Países Baixos,77690788,12.172,mirror
2023,640391,Calçado de couro a cobrir o tornozelo,251,França,75743451,11.867,mirror
2023,640391,Calçado de couro a cobrir o tornozelo,826,Reino Unido,52087103,8.161,mirror
2023,640391,Calçado de couro a cobrir o tornozelo,616,Polónia,36608215,5.735,mirror
2023,640391,Calçado de couro a cobrir o tornozelo,757,Suíça,32844960,5.146,mirror
2023,640391,Calçado de couro a cobrir o tornozelo,842,EUA,30679050,4.807,mirror
2023,640391,Calçado de couro a cobrir o tornozelo,40,Áustria,22088853,3.461,mirror
2023,640399,Calçado de couro sem cobrir o tornozelo,276,Alemanha,238599772,22.011,mirror
2023,640399,Calçado de couro sem cobrir o tornozelo,251,França,150415773,13.876,mirror
2023,640399,Calçado de couro sem cobrir o tornozelo,842,EUA,121178376,11.179,mirror
2023,640399,Calçado de couro sem cobrir o tornozelo,528,Países Baixos,107774033,9.942,mirror
2023,640399,Calçado de couro sem cobrir o tornozelo,826,Reino Unido,69992838,6.457,mirror
2023,640399,Calçado de couro sem cobrir o tornozelo,724,Espanha,43734225,4.035,mirror
2023,640399,Calçado de couro sem cobrir o tornozelo,757,Suíça,35261886,3.253,mirror
2023,640399,Calçado de couro sem cobrir o tornozelo,40,Áustria,30355110,2.8,mirror
2023,721420,Varões de ferro com saliências (betão armado),724,Espanha,164899802,42.637,mirror
2023,721420,Varões de ferro com saliências (betão armado),826,Reino Unido,128585916,33.247,mirror
2023,721420,Varões de ferro com saliências (betão armado),372,Irlanda,39310287,10.164,mirror
2023,721420,Varões de ferro com saliências (betão armado),842,EUA,20542859,5.312,mirror
2023,721420,Varões de ferro com saliências (betão armado),579,Noruega,14903618,3.853,mirror
2023,721420,Varões de ferro com saliências (betão armado),132,Cabo Verde,10766073,2.784,mirror
2023,721420,Varões de ferro com saliências (betão armado),233,Estónia,4441009,1.148,mirror
2023,721420,Varões de ferro com saliências (betão armado),440,Lituânia,1975565,0.511,mirror
2023,848071,Moldes para borracha ou plástico,276,Alemanha,43260233,12.255,mirror
2023,848071,Moldes para borracha ou plástico,484,México,38913611,11.023,mirror
2023,848071,Moldes para borracha ou plástico,826,Reino Unido,37023874,10.488,mirror
2023,848071,Moldes para borracha ou plástico,251,França,34083918,9.655,mirror
2023,848071,Moldes para borracha ou plástico,724,Espanha,28881816,8.182,mirror
2023,848071,Moldes para borracha ou plástico,842,EUA,26090170,7.391,mirror
2023,848071,Moldes para borracha ou plástico,642,Roménia,22509912,6.377,mirror
2023,848071,Moldes para borracha ou plástico,616,Polónia,18359633,5.201,mirror
2023,852721,Autorrádios,752,Suécia,106088863,35.136,mirror
2023,852721,Autorrádios,380,Itália,54037587,17.897,mirror
2023,852721,Autorrádios,724,Espanha,35843887,11.871,mirror
2023,852721,Autorrádios,792,Turquia,29353862,9.722,mirror
2023,852721,Autorrádios,276,Alemanha,17572137,5.82,mirror
2023,852721,Autorrádios,842,EUA,14754333,4.887,mirror
2023,852721,Autorrádios,56,Bélgica,10763521,3.565,mirror
2023,852721,Autorrádios,705,Eslovénia,10170951,3.369,mirror
2023,870322,Automóveis a gasolina 1.000–1.500 cm³,276,Alemanha,467397523,18.626,mirror
2023,870322,Automóveis a gasolina 1.000–1.500 cm³,251,França,428239779,17.065,mirror
2023,870322,Automóveis a gasolina 1.000–1.500 cm³,792,Turquia,369454180,14.723,mirror
2023,870322,Automóveis a gasolina 1.000–1.500 cm³,826,Reino Unido,272664856,10.866,mirror
2023,870322,Automóveis a gasolina 1.000–1.500 cm³,380,Itália,247397826,9.859,mirror
2023,870322,Automóveis a gasolina 1.000–1.500 cm³,616,Polónia,148154659,5.904,mirror
2023,870322,Automóveis a gasolina 1.000–1.500 cm³,724,Espanha,142293177,5.67,mirror
2023,870322,Automóveis a gasolina 1.000–1.500 cm³,392,Japão,79824853,3.181,mirror
2023,870323,Automóveis a gasolina 1.500–3.000 cm³,826,Reino Unido,116808182,20.186,mirror
2023,870323,Automóveis a gasolina 1.500–3.000 cm³,36,Austrália,112308319,19.408,mirror
2023,870323,Automóveis a gasolina 1.500–3.000 cm³,757,Suíça,78350741,13.54,mirror
2023,870323,Automóveis a gasolina 1.500–3.000 cm³,276,Alemanha,77685270,13.425,mirror
2023,870323,Automóveis a gasolina 1.500–3.000 cm³,251,França,65632925,11.342,mirror
2023,870323,Automóveis a gasolina 1.500–3.000 cm³,392,Japão,29458713,5.091,mirror
2023,870323,Automóveis a gasolina 1.500–3.000 cm³,490,Taiwan (Prov. China),27567345,4.764,mirror
2023,870323,Automóveis a gasolina 1.500–3.000 cm³,710,África do Sul,23455070,4.053,mirror
2023,870332,Automóveis diesel 1.500–2.500 cm³,380,Itália,277208772,29.943,mirror
2023,870332,Automóveis diesel 1.500–2.500 cm³,276,Alemanha,171883425,18.566,mirror
2023,870332,Automóveis diesel 1.500–2.500 cm³,724,Espanha,109774419,11.858,mirror
2023,870332,Automóveis diesel 1.500–2.500 cm³,392,Japão,101257993,10.938,mirror
2023,870332,Automóveis diesel 1.500–2.500 cm³,251,França,95396527,10.304,mirror
2023,870332,Automóveis diesel 1.500–2.500 cm³,504,Marrocos,72793120,7.863,mirror
2023,870332,Automóveis diesel 1.500–2.500 cm³,826,Reino Unido,36299024,3.921,mirror
2023,870332,Automóveis diesel 1.500–2.500 cm³,40,Áustria,19134114,2.067,mirror
2023,870421,Camiões diesel até 5 t,251,França,495799781,41.203,mirror
2023,870421,Camiões diesel até 5 t,724,Espanha,312745469,25.991,mirror
2023,870421,Camiões diesel até 5 t,380,Itália,186981798,15.539,mirror
2023,870421,Camiões diesel até 5 t,710,África do Sul,41338142,3.435,mirror
2023,870421,Camiões diesel até 5 t,528,Países Baixos,35447209,2.946,mirror
2023,870421,Camiões diesel até 5 t,276,Alemanha,23966540,1.992,mirror
2023,870421,Camiões diesel até 5 t,56,Bélgica,21282144,1.769,mirror
2023,870421,Camiões diesel até 5 t,757,Suíça,12503936,1.039,mirror
2023,870892,Silenciadores e tubos de escape,724,Espanha,80267893,52.605,mirror
2023,870892,Silenciadores e tubos de escape,251,França,30387629,19.915,mirror
2023,870892,Silenciadores e tubos de escape,504,Marrocos,12920238,8.467,mirror
2023,870892,Silenciadores e tubos de escape,203,Chéquia,8227508,5.392,mirror
2023,870892,Silenciadores e tubos de escape,826,Reino Unido,5979023,3.918,mirror
2023,870892,Silenciadores e tubos de escape,528,Países Baixos,4620700,3.028,mirror
2023,870892,Silenciadores e tubos de escape,703,Eslováquia,1810522,1.187,mirror
2023,870892,Silenciadores e tubos de escape,276,Alemanha,1562489,1.024,mirror
2023,870899,Outras partes de veículos,724,Espanha,482828785,47.803,mirror
2023,870899,Outras partes de veículos,251,França,261589777,25.899,mirror
2023,870899,Outras partes de veículos,276,Alemanha,77317468,7.655,mirror
2023,870899,Outras partes de veículos,826,Reino Unido,50571483,5.007,mirror
2023,870899,Outras partes de veículos,380,Itália,32145501,3.183,mirror
2023,870899,Outras partes de veículos,616,Polónia,18034463,1.786,mirror
2023,870899,Outras partes de veículos,642,Roménia,9662822,0.957,mirror
2023,870899,Outras partes de veículos,842,EUA,7784660,0.771,mirror
2023,902920,Contadores e tacómetros,276,Alemanha,483419086,45.332,mirror
2023,902920,Contadores e tacómetros,826,Reino Unido,82973573,7.781,mirror
2023,902920,Contadores e tacómetros,842,EUA,76955068,7.216,mirror
2023,902920,Contadores e tacómetros,724,Espanha,73681654,6.909,mirror
2023,902920,Contadores e tacómetros,752,Suécia,68197547,6.395,mirror
2023,902920,Contadores e tacómetros,56,Bélgica,58134792,5.452,mirror
2023,902920,Contadores e tacómetros,380,Itália,34387414,3.225,mirror
2023,902920,Contadores e tacómetros,642,Roménia,32398314,3.038,mirror
2023,940190,Assentos e partes,24,Angola,429821,69.648,mirror
2023,940190,Assentos e partes,32,Argentina,173631,28.135,mirror
2023,940190,Assentos e partes,132,Cabo Verde,10093,1.636,mirror
2023,940190,Assentos e partes,678,São Tomé e Príncipe,1364,0.221,mirror
2023,940190,Assentos e partes,762,Tajikistan,950,0.154,mirror
2023,940190,Assentos e partes,422,Líbano,588,0.095,mirror
2023,940190,Assentos e partes,275,State of Palestine,370,0.06,mirror
2023,940190,Assentos e partes,288,Gana,318,0.052,mirror
2023,999999,Mercadorias não especificadas,276,Alemanha,509043523,37.957,mirror
2023,999999,Mercadorias não especificadas,484,México,230930198,17.219,mirror
2023,999999,Mercadorias não especificadas,842,EUA,147398782,10.991,mirror
2023,999999,Mercadorias não especificadas,752,Suécia,99334112,7.407,mirror
2023,999999,Mercadorias não especificadas,380,Itália,83798604,6.248,mirror
2023,999999,Mercadorias não especificadas,826,Reino Unido,72830814,5.431,mirror
2023,999999,Mercadorias não especificadas,710,África do Sul,59316299,4.423,mirror
2023,999999,Mercadorias não especificadas,348,Hungria,38829442,2.895,mirror
2024,220421,Vinho tranquilo até 2 L,842,EUA,103799737,11.463,direct
2024,220421,Vinho tranquilo até 2 L,251,França,95413242,10.537,direct
2024,220421,Vinho tranquilo até 2 L,76,Brasil,86682404,9.572,direct
2024,220421,Vinho tranquilo até 2 L,826,Reino Unido,86244863,9.524,direct
2024,220421,Vinho tranquilo até 2 L,528,Países Baixos,52025411,5.745,direct
2024,220421,Vinho tranquilo até 2 L,124,Canadá,50729967,5.602,direct
2024,220421,Vinho tranquilo até 2 L,276,Alemanha,42752192,4.721,direct
2024,220421,Vinho tranquilo até 2 L,643,Rússia,41123418,4.541,direct
2024,240220,Cigarros,380,Itália,368095997,41.141,direct
2024,240220,Cigarros,724,Espanha,266865280,29.827,direct
2024,240220,Cigarros,251,França,177729122,19.864,direct
2024,240220,Cigarros,899,"Areas, nes",18877696,2.11,direct
2024,240220,Cigarros,300,Grécia,12479039,1.395,direct
2024,240220,Cigarros,414,Kuwait,9871513,1.103,direct
2024,240220,Cigarros,276,Alemanha,5646532,0.631,direct
2024,240220,Cigarros,470,Malta,5381116,0.601,direct
2024,271012,Gasolinas e destilados leves,842,EUA,1079605915,59.805,direct
2024,271012,Gasolinas e destilados leves,528,Países Baixos,368242318,20.399,direct
2024,271012,Gasolinas e destilados leves,56,Bélgica,216685946,12.003,direct
2024,271012,Gasolinas e destilados leves,724,Espanha,40214841,2.228,direct
2024,271012,Gasolinas e destilados leves,251,França,26755573,1.482,direct
2024,271012,Gasolinas e destilados leves,292,Gibraltar,19301138,1.069,direct
2024,271012,Gasolinas e destilados leves,276,Alemanha,18277820,1.013,direct
2024,271012,Gasolinas e destilados leves,624,Guiné-Bissau,14236953,0.789,direct
2024,271019,Gasóleo e combustíveis médios e pesados,837,Bunkers,1541895135,52.326,direct
2024,271019,Gasóleo e combustíveis médios e pesados,292,Gibraltar,468607694,15.903,direct
2024,271019,Gasóleo e combustíveis médios e pesados,504,Marrocos,242733727,8.237,direct
2024,271019,Gasóleo e combustíveis médios e pesados,724,Espanha,183159523,6.216,direct
2024,271019,Gasóleo e combustíveis médios e pesados,246,Finlândia,118783288,4.031,direct
2024,271019,Gasóleo e combustíveis médios e pesados,251,França,70570563,2.395,direct
2024,271019,Gasóleo e combustíveis médios e pesados,577,"Other Africa, nes",54849685,1.861,direct
2024,271019,Gasóleo e combustíveis médios e pesados,132,Cabo Verde,43970341,1.492,direct
2024,300490,Medicamentos,276,Alemanha,197978349,18.024,direct
2024,300490,Medicamentos,842,EUA,130226868,11.856,direct
2024,300490,Medicamentos,56,Bélgica,127113743,11.573,direct
2024,300490,Medicamentos,251,França,117173034,10.668,direct
2024,300490,Medicamentos,724,Espanha,89715023,8.168,direct
2024,300490,Medicamentos,380,Itália,43649173,3.974,direct
2024,300490,Medicamentos,24,Angola,39723834,3.617,direct
2024,300490,Medicamentos,826,Reino Unido,32178118,2.93,direct
2024,401110,Pneus novos,842,EUA,360494978,24.757,direct
2024,401110,Pneus novos,276,Alemanha,317387458,21.797,direct
2024,401110,Pneus novos,724,Espanha,129492538,8.893,direct
2024,401110,Pneus novos,251,França,85607583,5.879,direct
2024,401110,Pneus novos,703,Eslováquia,76968612,5.286,direct
2024,401110,Pneus novos,826,Reino Unido,56015678,3.847,direct
2024,401110,Pneus novos,410,Coreia do Sul,52446429,3.602,direct
2024,401110,Pneus novos,757,Suíça,43565008,2.992,direct
2024,450310,Rolhas de cortiça,842,EUA,116117964,28.981,direct
2024,450310,Rolhas de cortiça,251,França,98074467,24.477,direct
2024,450310,Rolhas de cortiça,724,Espanha,49293465,12.303,direct
2024,450310,Rolhas de cortiça,380,Itália,34988611,8.732,direct
2024,450310,Rolhas de cortiça,484,México,20838665,5.201,direct
2024,450310,Rolhas de cortiça,826,Reino Unido,19828549,4.949,direct
2024,450310,Rolhas de cortiça,276,Alemanha,8605294,2.148,direct
2024,450310,Rolhas de cortiça,36,Austrália,6032297,1.506,direct
2024,450410,Cortiça aglomerada,251,França,115344770,19.245,direct
2024,450410,Cortiça aglomerada,380,Itália,87530173,14.604,direct
2024,450410,Cortiça aglomerada,724,Espanha,73747015,12.304,direct
2024,450410,Cortiça aglomerada,842,EUA,68073834,11.358,direct
2024,450410,Cortiça aglomerada,276,Alemanha,45161730,7.535,direct
2024,450410,Cortiça aglomerada,826,Reino Unido,22216483,3.707,direct
2024,450410,Cortiça aglomerada,484,México,22033669,3.676,direct
2024,450410,Cortiça aglomerada,112,Bielorrússia,13101708,2.186,direct
2024,470329,Pasta de madeira química,724,Espanha,175628156,22.011,direct
2024,470329,Pasta de madeira química,528,Países Baixos,117365624,14.709,direct
2024,470329,Pasta de madeira química,616,Polónia,109168437,13.682,direct
2024,470329,Pasta de madeira química,792,Turquia,84884156,10.639,direct
2024,470329,Pasta de madeira química,276,Alemanha,68057119,8.53,direct
2024,470329,Pasta de madeira química,156,China,37836634,4.742,direct
2024,470329,Pasta de madeira química,752,Suécia,32795624,4.11,direct
2024,470329,Pasta de madeira química,818,Egito,26879952,3.369,direct
2024,480256,Papel para escrita e impressão,251,França,94105371,14.888,direct
2024,480256,Papel para escrita e impressão,826,Reino Unido,75161321,11.891,direct
2024,480256,Papel para escrita e impressão,724,Espanha,61877918,9.79,direct
2024,480256,Papel para escrita e impressão,380,Itália,61292004,9.697,direct
2024,480256,Papel para escrita e impressão,276,Alemanha,58810498,9.304,direct
2024,480256,Papel para escrita e impressão,842,EUA,43666004,6.908,direct
2024,480256,Papel para escrita e impressão,56,Bélgica,22295282,3.527,direct
2024,480256,Papel para escrita e impressão,504,Marrocos,20321023,3.215,direct
2024,610910,T-shirts de algodão,724,Espanha,175688746,25.713,direct
2024,610910,T-shirts de algodão,251,França,127385465,18.644,direct
2024,610910,T-shirts de algodão,380,Itália,89859124,13.152,direct
2024,610910,T-shirts de algodão,276,Alemanha,70662380,10.342,direct
2024,610910,T-shirts de algodão,528,Países Baixos,47955623,7.019,direct
2024,610910,T-shirts de algodão,826,Reino Unido,46869968,6.86,direct
2024,610910,T-shirts de algodão,842,EUA,26840653,3.928,direct
2024,610910,T-shirts de algodão,56,Bélgica,22371615,3.274,direct
2024,640391,Calçado de couro a cobrir o tornozelo,276,Alemanha,116328537,32.303,direct
2024,640391,Calçado de couro a cobrir o tornozelo,251,França,55062888,15.29,direct
2024,640391,Calçado de couro a cobrir o tornozelo,528,Países Baixos,42100645,11.691,direct
2024,640391,Calçado de couro a cobrir o tornozelo,826,Reino Unido,34691085,9.633,direct
2024,640391,Calçado de couro a cobrir o tornozelo,208,Dinamarca,18955909,5.264,direct
2024,640391,Calçado de couro a cobrir o tornozelo,724,Espanha,18921686,5.254,direct
2024,640391,Calçado de couro a cobrir o tornozelo,842,EUA,14100848,3.916,direct
2024,640391,Calçado de couro a cobrir o tornozelo,752,Suécia,10297283,2.859,direct
2024,640399,Calçado de couro sem cobrir o tornozelo,276,Alemanha,208695411,26.533,direct
2024,640399,Calçado de couro sem cobrir o tornozelo,251,França,133732292,17.002,direct
2024,640399,Calçado de couro sem cobrir o tornozelo,528,Países Baixos,91790730,11.67,direct
2024,640399,Calçado de couro sem cobrir o tornozelo,724,Espanha,56888315,7.233,direct
2024,640399,Calçado de couro sem cobrir o tornozelo,842,EUA,54639079,6.947,direct
2024,640399,Calçado de couro sem cobrir o tornozelo,826,Reino Unido,41575512,5.286,direct
2024,640399,Calçado de couro sem cobrir o tornozelo,208,Dinamarca,32512433,4.134,direct
2024,640399,Calçado de couro sem cobrir o tornozelo,380,Itália,26112357,3.32,direct
2024,721420,Varões de ferro com saliências (betão armado),724,Espanha,136261724,32.741,direct
2024,721420,Varões de ferro com saliências (betão armado),826,Reino Unido,83293438,20.014,direct
2024,721420,Varões de ferro com saliências (betão armado),372,Irlanda,30576982,7.347,direct
2024,721420,Varões de ferro com saliências (betão armado),251,França,24151182,5.803,direct
2024,721420,Varões de ferro com saliências (betão armado),376,Israel,19760288,4.748,direct
2024,721420,Varões de ferro com saliências (betão armado),792,Turquia,17288096,4.154,direct
2024,721420,Varões de ferro com saliências (betão armado),842,EUA,15512975,3.728,direct
2024,721420,Varões de ferro com saliências (betão armado),752,Suécia,15497396,3.724,direct
2024,848071,Moldes para borracha ou plástico,276,Alemanha,95054287,17.064,direct
2024,848071,Moldes para borracha ou plástico,724,Espanha,88414857,15.872,direct
2024,848071,Moldes para borracha ou plástico,251,França,83224480,14.94,direct
2024,848071,Moldes para borracha ou plástico,842,EUA,46940356,8.427,direct
2024,848071,Moldes para borracha ou plástico,203,Chéquia,34090378,6.12,direct
2024,848071,Moldes para borracha ou plástico,616,Polónia,33223576,5.964,direct
2024,848071,Moldes para borracha ou plástico,642,Roménia,23928723,4.296,direct
2024,848071,Moldes para borracha ou plástico,380,Itália,17383071,3.121,direct
2024,852721,Autorrádios,276,Alemanha,379477613,44.03,direct
2024,852721,Autorrádios,724,Espanha,173145093,20.09,direct
2024,852721,Autorrádios,703,Eslováquia,84880066,9.849,direct
2024,852721,Autorrádios,348,Hungria,53615997,6.221,direct
2024,852721,Autorrádios,380,Itália,48534261,5.631,direct
2024,852721,Autorrádios,642,Roménia,40191855,4.663,direct
2024,852721,Autorrádios,56,Bélgica,28788289,3.34,direct
2024,852721,Autorrádios,251,França,19925204,2.312,direct
2024,870322,Automóveis a gasolina 1.000–1.500 cm³,276,Alemanha,701408517,28.309,direct
2024,870322,Automóveis a gasolina 1.000–1.500 cm³,826,Reino Unido,495140590,19.984,direct
2024,870322,Automóveis a gasolina 1.000–1.500 cm³,792,Turquia,189522631,7.649,direct
2024,870322,Automóveis a gasolina 1.000–1.500 cm³,251,França,154164673,6.222,direct
2024,870322,Automóveis a gasolina 1.000–1.500 cm³,380,Itália,153429169,6.192,direct
2024,870322,Automóveis a gasolina 1.000–1.500 cm³,616,Polónia,135281959,5.46,direct
2024,870322,Automóveis a gasolina 1.000–1.500 cm³,724,Espanha,118572793,4.786,direct
2024,870322,Automóveis a gasolina 1.000–1.500 cm³,36,Austrália,66394161,2.68,direct
2024,870323,Automóveis a gasolina 1.500–3.000 cm³,276,Alemanha,135544289,48.468,direct
2024,870323,Automóveis a gasolina 1.500–3.000 cm³,36,Austrália,51283712,18.338,direct
2024,870323,Automóveis a gasolina 1.500–3.000 cm³,826,Reino Unido,22902485,8.19,direct
2024,870323,Automóveis a gasolina 1.500–3.000 cm³,490,Taiwan (Prov. China),13869869,4.96,direct
2024,870323,Automóveis a gasolina 1.500–3.000 cm³,710,África do Sul,10716983,3.832,direct
2024,870323,Automóveis a gasolina 1.500–3.000 cm³,392,Japão,9729529,3.479,direct
2024,870323,Automóveis a gasolina 1.500–3.000 cm³,616,Polónia,6225431,2.226,direct
2024,870323,Automóveis a gasolina 1.500–3.000 cm³,208,Dinamarca,4721813,1.688,direct
2024,870332,Automóveis diesel 1.500–2.500 cm³,380,Itália,151981048,23.629,direct
2024,870332,Automóveis diesel 1.500–2.500 cm³,276,Alemanha,143873540,22.369,direct
2024,870332,Automóveis diesel 1.500–2.500 cm³,724,Espanha,73669179,11.454,direct
2024,870332,Automóveis diesel 1.500–2.500 cm³,504,Marrocos,65979312,10.258,direct
2024,870332,Automóveis diesel 1.500–2.500 cm³,251,França,58012327,9.019,direct
2024,870332,Automóveis diesel 1.500–2.500 cm³,392,Japão,43385562,6.745,direct
2024,870332,Automóveis diesel 1.500–2.500 cm³,826,Reino Unido,21764526,3.384,direct
2024,870332,Automóveis diesel 1.500–2.500 cm³,372,Irlanda,16955773,2.636,direct
2024,870421,Camiões diesel até 5 t,251,França,336029722,35.445,direct
2024,870421,Camiões diesel até 5 t,724,Espanha,279359290,29.468,direct
2024,870421,Camiões diesel até 5 t,380,Itália,160214194,16.9,direct
2024,870421,Camiões diesel até 5 t,276,Alemanha,40186232,4.239,direct
2024,870421,Camiões diesel até 5 t,528,Países Baixos,28563282,3.013,direct
2024,870421,Camiões diesel até 5 t,56,Bélgica,27577308,2.909,direct
2024,870421,Camiões diesel até 5 t,710,África do Sul,24377467,2.571,direct
2024,870421,Camiões diesel até 5 t,826,Reino Unido,9987739,1.054,direct
2024,870892,Silenciadores e tubos de escape,724,Espanha,325647582,61.627,direct
2024,870892,Silenciadores e tubos de escape,251,França,88147622,16.681,direct
2024,870892,Silenciadores e tubos de escape,826,Reino Unido,58433482,11.058,direct
2024,870892,Silenciadores e tubos de escape,703,Eslováquia,18669995,3.533,direct
2024,870892,Silenciadores e tubos de escape,504,Marrocos,11151065,2.11,direct
2024,870892,Silenciadores e tubos de escape,642,Roménia,8976080,1.699,direct
2024,870892,Silenciadores e tubos de escape,276,Alemanha,6292888,1.191,direct
2024,870892,Silenciadores e tubos de escape,203,Chéquia,2996569,0.567,direct
2024,870899,Outras partes de veículos,724,Espanha,677043521,52.374,direct
2024,870899,Outras partes de veículos,276,Alemanha,201370695,15.577,direct
2024,870899,Outras partes de veículos,251,França,152819004,11.822,direct
2024,870899,Outras partes de veículos,703,Eslováquia,37756531,2.921,direct
2024,870899,Outras partes de veículos,203,Chéquia,33120906,2.562,direct
2024,870899,Outras partes de veículos,616,Polónia,28641552,2.216,direct
2024,870899,Outras partes de veículos,380,Itália,26120626,2.021,direct
2024,870899,Outras partes de veículos,752,Suécia,22719737,1.758,direct
2024,902920,Contadores e tacómetros,276,Alemanha,767196039,55.314,direct
2024,902920,Contadores e tacómetros,724,Espanha,173022105,12.475,direct
2024,902920,Contadores e tacómetros,826,Reino Unido,96100012,6.929,direct
2024,902920,Contadores e tacómetros,642,Roménia,56738099,4.091,direct
2024,902920,Contadores e tacómetros,842,EUA,43157425,3.112,direct
2024,902920,Contadores e tacómetros,752,Suécia,39339089,2.836,direct
2024,902920,Contadores e tacómetros,348,Hungria,34135369,2.461,direct
2024,902920,Contadores e tacómetros,703,Eslováquia,32034159,2.31,direct
2024,999999,Mercadorias não especificadas,837,Bunkers,131102474,99.298,direct
2024,999999,Mercadorias não especificadas,504,Marrocos,421231,0.319,direct
2024,999999,Mercadorias não especificadas,899,"Areas, nes",246070,0.186,direct
2024,999999,Mercadorias não especificadas,132,Cabo Verde,74706,0.057,direct
2024,999999,Mercadorias não especificadas,60,Bermuda,42850,0.032,direct
2024,999999,Mercadorias não especificadas,24,Angola,39415,0.03,direct
2024,999999,Mercadorias não especificadas,430,Liberia,33126,0.025,direct
2024,999999,Mercadorias não especificadas,28,Antigua and Barbuda,23770,0.018,direct
2024,220421,Vinho tranquilo até 2 L,842,EUA,121990966,13.888,mirror
2024,220421,Vinho tranquilo até 2 L,826,Reino Unido,110294886,12.557,mirror
2024,220421,Vinho tranquilo até 2 L,251,França,90183315,10.267,mirror
2024,220421,Vinho tranquilo até 2 L,76,Brasil,81281855,9.254,mirror
2024,220421,Vinho tranquilo até 2 L,528,Países Baixos,55396428,6.307,mirror
2024,220421,Vinho tranquilo até 2 L,124,Canadá,53940519,6.141,mirror
2024,220421,Vinho tranquilo até 2 L,276,Alemanha,48924789,5.57,mirror
2024,220421,Vinho tranquilo até 2 L,616,Polónia,43053426,4.901,mirror
2024,240220,Cigarros,380,Itália,377131634,53.738,mirror
2024,240220,Cigarros,724,Espanha,264837823,37.737,mirror
2024,240220,Cigarros,300,Grécia,11389086,1.623,mirror
2024,240220,Cigarros,414,Kuwait,10260881,1.462,mirror
2024,240220,Cigarros,703,Eslováquia,8326970,1.187,mirror
2024,240220,Cigarros,276,Alemanha,5646531,0.805,mirror
2024,240220,Cigarros,470,Malta,5108514,0.728,mirror
2024,240220,Cigarros,246,Finlândia,3703182,0.528,mirror
2024,271012,Gasolinas e destilados leves,842,EUA,1099141153,62.21,mirror
2024,271012,Gasolinas e destilados leves,528,Países Baixos,407213795,23.048,mirror
2024,271012,Gasolinas e destilados leves,56,Bélgica,105457773,5.969,mirror
2024,271012,Gasolinas e destilados leves,818,Egito,70970000,4.017,mirror
2024,271012,Gasolinas e destilados leves,251,França,27570763,1.56,mirror
2024,271012,Gasolinas e destilados leves,76,Brasil,26064936,1.475,mirror
2024,271012,Gasolinas e destilados leves,724,Espanha,10635302,0.602,mirror
2024,271012,Gasolinas e destilados leves,792,Turquia,10546123,0.597,mirror
2024,271019,Gasóleo e combustíveis médios e pesados,504,Marrocos,192375437,31.362,mirror
2024,271019,Gasóleo e combustíveis médios e pesados,246,Finlândia,118341061,19.293,mirror
2024,271019,Gasóleo e combustíveis médios e pesados,724,Espanha,93358545,15.22,mirror
2024,271019,Gasóleo e combustíveis médios e pesados,702,Singapura,67313718,10.974,mirror
2024,271019,Gasóleo e combustíveis médios e pesados,24,Angola,44092986,7.188,mirror
2024,271019,Gasóleo e combustíveis médios e pesados,251,França,41527679,6.77,mirror
2024,271019,Gasóleo e combustíveis médios e pesados,132,Cabo Verde,13704936,2.234,mirror
2024,271019,Gasóleo e combustíveis médios e pesados,600,Paraguai,8764270,1.429,mirror
2024,300490,Medicamentos,842,EUA,262358006,16.975,mirror
2024,300490,Medicamentos,276,Alemanha,189697510,12.274,mirror
2024,300490,Medicamentos,392,Japão,170797427,11.051,mirror
2024,300490,Medicamentos,56,Bélgica,114830092,7.43,mirror
2024,300490,Medicamentos,251,França,109816343,7.105,mirror
2024,300490,Medicamentos,203,Chéquia,85838759,5.554,mirror
2024,300490,Medicamentos,724,Espanha,79595494,5.15,mirror
2024,300490,Medicamentos,826,Reino Unido,77453745,5.011,mirror
2024,401110,Pneus novos,276,Alemanha,318869811,22.552,mirror
2024,401110,Pneus novos,842,EUA,298520494,21.113,mirror
2024,401110,Pneus novos,251,França,100484160,7.107,mirror
2024,401110,Pneus novos,703,Eslováquia,79850849,5.647,mirror
2024,401110,Pneus novos,504,Marrocos,70899133,5.014,mirror
2024,401110,Pneus novos,410,Coreia do Sul,62174932,4.397,mirror
2024,401110,Pneus novos,826,Reino Unido,60328601,4.267,mirror
2024,401110,Pneus novos,724,Espanha,49089108,3.472,mirror
2024,450310,Rolhas de cortiça,842,EUA,142608908,32.689,mirror
2024,450310,Rolhas de cortiça,251,França,97439197,22.335,mirror
2024,450310,Rolhas de cortiça,380,Itália,39143701,8.973,mirror
2024,450310,Rolhas de cortiça,724,Espanha,32437061,7.435,mirror
2024,450310,Rolhas de cortiça,484,México,28906659,6.626,mirror
2024,450310,Rolhas de cortiça,826,Reino Unido,21769865,4.99,mirror
2024,450310,Rolhas de cortiça,36,Austrália,8758206,2.008,mirror
2024,450310,Rolhas de cortiça,710,África do Sul,8521942,1.953,mirror
2024,450410,Cortiça aglomerada,251,França,89649815,20.455,mirror
2024,450410,Cortiça aglomerada,380,Itália,72519768,16.546,mirror
2024,450410,Cortiça aglomerada,842,EUA,54931428,12.533,mirror
2024,450410,Cortiça aglomerada,276,Alemanha,45270403,10.329,mirror
2024,450410,Cortiça aglomerada,724,Espanha,44132731,10.07,mirror
2024,450410,Cortiça aglomerada,826,Reino Unido,24577882,5.608,mirror
2024,450410,Cortiça aglomerada,156,China,14688465,3.351,mirror
2024,450410,Cortiça aglomerada,792,Turquia,7264201,1.657,mirror
2024,470329,Pasta de madeira química,276,Alemanha,174350092,18.749,mirror
2024,470329,Pasta de madeira química,724,Espanha,152989580,16.452,mirror
2024,470329,Pasta de madeira química,528,Países Baixos,131382118,14.128,mirror
2024,470329,Pasta de madeira química,792,Turquia,101264855,10.889,mirror
2024,470329,Pasta de madeira química,616,Polónia,76223501,8.197,mirror
2024,470329,Pasta de madeira química,752,Suécia,71872261,7.729,mirror
2024,470329,Pasta de madeira química,156,China,55501162,5.968,mirror
2024,470329,Pasta de madeira química,251,França,47391820,5.096,mirror
2024,480256,Papel para escrita e impressão,826,Reino Unido,81853354,13.24,mirror
2024,480256,Papel para escrita e impressão,251,França,74633754,12.072,mirror
2024,480256,Papel para escrita e impressão,276,Alemanha,64709593,10.467,mirror
2024,480256,Papel para escrita e impressão,380,Itália,60974962,9.863,mirror
2024,480256,Papel para escrita e impressão,842,EUA,48181435,7.793,mirror
2024,480256,Papel para escrita e impressão,724,Espanha,40171367,6.498,mirror
2024,480256,Papel para escrita e impressão,504,Marrocos,23165394,3.747,mirror
2024,480256,Papel para escrita e impressão,12,Argélia,21722315,3.514,mirror
2024,610910,T-shirts de algodão,156,China,140023215,12.891,mirror
2024,610910,T-shirts de algodão,251,França,120196659,11.066,mirror
2024,610910,T-shirts de algodão,724,Espanha,117906744,10.855,mirror
2024,610910,T-shirts de algodão,826,Reino Unido,88543572,8.152,mirror
2024,610910,T-shirts de algodão,276,Alemanha,80283054,7.391,mirror
2024,610910,T-shirts de algodão,380,Itália,79468501,7.316,mirror
2024,610910,T-shirts de algodão,410,Coreia do Sul,45752722,4.212,mirror
2024,610910,T-shirts de algodão,528,Países Baixos,39652805,3.651,mirror
2024,640391,Calçado de couro a cobrir o tornozelo,276,Alemanha,134516501,25.431,mirror
2024,640391,Calçado de couro a cobrir o tornozelo,251,França,64470814,12.189,mirror
2024,640391,Calçado de couro a cobrir o tornozelo,528,Países Baixos,53794697,10.17,mirror
2024,640391,Calçado de couro a cobrir o tornozelo,826,Reino Unido,50089412,9.47,mirror
2024,640391,Calçado de couro a cobrir o tornozelo,616,Polónia,31067130,5.873,mirror
2024,640391,Calçado de couro a cobrir o tornozelo,757,Suíça,30596881,5.784,mirror
2024,640391,Calçado de couro a cobrir o tornozelo,842,EUA,23059356,4.359,mirror
2024,640391,Calçado de couro a cobrir o tornozelo,40,Áustria,21415763,4.049,mirror
2024,640399,Calçado de couro sem cobrir o tornozelo,276,Alemanha,230828003,22.33,mirror
2024,640399,Calçado de couro sem cobrir o tornozelo,842,EUA,135344410,13.093,mirror
2024,640399,Calçado de couro sem cobrir o tornozelo,251,França,126946328,12.281,mirror
2024,640399,Calçado de couro sem cobrir o tornozelo,528,Países Baixos,75833517,7.336,mirror
2024,640399,Calçado de couro sem cobrir o tornozelo,826,Reino Unido,70277747,6.799,mirror
2024,640399,Calçado de couro sem cobrir o tornozelo,724,Espanha,54945335,5.315,mirror
2024,640399,Calçado de couro sem cobrir o tornozelo,757,Suíça,34809554,3.367,mirror
2024,640399,Calçado de couro sem cobrir o tornozelo,616,Polónia,34340445,3.322,mirror
2024,721420,Varões de ferro com saliências (betão armado),724,Espanha,137745445,40.824,mirror
2024,721420,Varões de ferro com saliências (betão armado),826,Reino Unido,94803107,28.097,mirror
2024,721420,Varões de ferro com saliências (betão armado),372,Irlanda,34647510,10.269,mirror
2024,721420,Varões de ferro com saliências (betão armado),792,Turquia,19690381,5.836,mirror
2024,721420,Varões de ferro com saliências (betão armado),842,EUA,18085516,5.36,mirror
2024,721420,Varões de ferro com saliências (betão armado),579,Noruega,13206916,3.914,mirror
2024,721420,Varões de ferro com saliências (betão armado),132,Cabo Verde,10741983,3.184,mirror
2024,721420,Varões de ferro com saliências (betão armado),124,Canadá,4934243,1.462,mirror
2024,848071,Moldes para borracha ou plástico,276,Alemanha,47120116,14.573,mirror
2024,848071,Moldes para borracha ou plástico,842,EUA,41769313,12.918,mirror
2024,848071,Moldes para borracha ou plástico,251,França,29983149,9.273,mirror
2024,848071,Moldes para borracha ou plástico,484,México,23504590,7.269,mirror
2024,848071,Moldes para borracha ou plástico,724,Espanha,22921307,7.089,mirror
2024,848071,Moldes para borracha ou plástico,757,Suíça,22233959,6.876,mirror
2024,848071,Moldes para borracha ou plástico,203,Chéquia,18564893,5.742,mirror
2024,848071,Moldes para borracha ou plástico,616,Polónia,16786207,5.192,mirror
2024,852721,Autorrádios,752,Suécia,108911003,37.915,mirror
2024,852721,Autorrádios,380,Itália,51570382,17.953,mirror
2024,852721,Autorrádios,276,Alemanha,35176812,12.246,mirror
2024,852721,Autorrádios,792,Turquia,31466986,10.955,mirror
2024,852721,Autorrádios,724,Espanha,12307507,4.285,mirror
2024,852721,Autorrádios,56,Bélgica,11003617,3.831,mirror
2024,852721,Autorrádios,842,EUA,8880910,3.092,mirror
2024,852721,Autorrádios,642,Roménia,5393057,1.877,mirror
2024,870322,Automóveis a gasolina 1.000–1.500 cm³,276,Alemanha,687240114,25.414,mirror
2024,870322,Automóveis a gasolina 1.000–1.500 cm³,826,Reino Unido,442013433,16.346,mirror
2024,870322,Automóveis a gasolina 1.000–1.500 cm³,251,França,342173169,12.654,mirror
2024,870322,Automóveis a gasolina 1.000–1.500 cm³,380,Itália,248696899,9.197,mirror
2024,870322,Automóveis a gasolina 1.000–1.500 cm³,616,Polónia,214312091,7.925,mirror
2024,870322,Automóveis a gasolina 1.000–1.500 cm³,792,Turquia,189586128,7.011,mirror
2024,870322,Automóveis a gasolina 1.000–1.500 cm³,724,Espanha,168234210,6.221,mirror
2024,870322,Automóveis a gasolina 1.000–1.500 cm³,56,Bélgica,79926674,2.956,mirror
2024,870323,Automóveis a gasolina 1.500–3.000 cm³,276,Alemanha,120836995,27.626,mirror
2024,870323,Automóveis a gasolina 1.500–3.000 cm³,826,Reino Unido,77441005,17.705,mirror
2024,870323,Automóveis a gasolina 1.500–3.000 cm³,251,França,66267068,15.15,mirror
2024,870323,Automóveis a gasolina 1.500–3.000 cm³,36,Austrália,62474349,14.283,mirror
2024,870323,Automóveis a gasolina 1.500–3.000 cm³,757,Suíça,37882335,8.661,mirror
2024,870323,Automóveis a gasolina 1.500–3.000 cm³,490,Taiwan (Prov. China),15452773,3.533,mirror
2024,870323,Automóveis a gasolina 1.500–3.000 cm³,710,África do Sul,10933434,2.5,mirror
2024,870323,Automóveis a gasolina 1.500–3.000 cm³,616,Polónia,10490681,2.398,mirror
2024,870332,Automóveis diesel 1.500–2.500 cm³,380,Itália,248231436,30.697,mirror
2024,870332,Automóveis diesel 1.500–2.500 cm³,276,Alemanha,155644225,19.247,mirror
2024,870332,Automóveis diesel 1.500–2.500 cm³,724,Espanha,107644270,13.312,mirror
2024,870332,Automóveis diesel 1.500–2.500 cm³,251,França,98673558,12.202,mirror
2024,870332,Automóveis diesel 1.500–2.500 cm³,504,Marrocos,74043212,9.156,mirror
2024,870332,Automóveis diesel 1.500–2.500 cm³,392,Japão,41079895,5.08,mirror
2024,870332,Automóveis diesel 1.500–2.500 cm³,826,Reino Unido,25788627,3.189,mirror
2024,870332,Automóveis diesel 1.500–2.500 cm³,40,Áustria,15040601,1.86,mirror
2024,870421,Camiões diesel até 5 t,724,Espanha,372380710,34.303,mirror
2024,870421,Camiões diesel até 5 t,251,França,352180390,32.443,mirror
2024,870421,Camiões diesel até 5 t,380,Itália,180408257,16.619,mirror
2024,870421,Camiões diesel até 5 t,12,Argélia,62432223,5.751,mirror
2024,870421,Camiões diesel até 5 t,528,Países Baixos,25523243,2.351,mirror
2024,870421,Camiões diesel até 5 t,276,Alemanha,20383832,1.878,mirror
2024,870421,Camiões diesel até 5 t,56,Bélgica,13941478,1.284,mirror
2024,870421,Camiões diesel até 5 t,516,Namíbia,6961040,0.641,mirror
2024,870892,Silenciadores e tubos de escape,724,Espanha,93569295,56.326,mirror
2024,870892,Silenciadores e tubos de escape,251,França,20807093,12.525,mirror
2024,870892,Silenciadores e tubos de escape,504,Marrocos,17966827,10.816,mirror
2024,870892,Silenciadores e tubos de escape,826,Reino Unido,6117334,3.682,mirror
2024,870892,Silenciadores e tubos de escape,12,Argélia,5313105,3.198,mirror
2024,870892,Silenciadores e tubos de escape,528,Países Baixos,4688674,2.822,mirror
2024,870892,Silenciadores e tubos de escape,203,Chéquia,4684876,2.82,mirror
2024,870892,Silenciadores e tubos de escape,276,Alemanha,1889563,1.137,mirror
2024,870899,Outras partes de veículos,724,Espanha,451214055,51.56,mirror
2024,870899,Outras partes de veículos,251,França,159102609,18.181,mirror
2024,870899,Outras partes de veículos,276,Alemanha,88878236,10.156,mirror
2024,870899,Outras partes de veículos,826,Reino Unido,37195972,4.25,mirror
2024,870899,Outras partes de veículos,380,Itália,32367100,3.699,mirror
2024,870899,Outras partes de veículos,616,Polónia,12816387,1.465,mirror
2024,870899,Outras partes de veículos,642,Roménia,11596193,1.325,mirror
2024,870899,Outras partes de veículos,504,Marrocos,9827128,1.123,mirror
2024,902920,Contadores e tacómetros,276,Alemanha,383344644,39.041,mirror
2024,902920,Contadores e tacómetros,826,Reino Unido,113235047,11.532,mirror
2024,902920,Contadores e tacómetros,724,Espanha,85540849,8.712,mirror
2024,902920,Contadores e tacómetros,792,Turquia,58706202,5.979,mirror
2024,902920,Contadores e tacómetros,752,Suécia,57238905,5.829,mirror
2024,902920,Contadores e tacómetros,842,EUA,51427757,5.237,mirror
2024,902920,Contadores e tacómetros,56,Bélgica,44802608,4.563,mirror
2024,902920,Contadores e tacómetros,642,Roménia,31342788,3.192,mirror
2024,940190,Assentos e partes,12,Argélia,102977,87.655,mirror
2024,940190,Assentos e partes,132,Cabo Verde,14348,12.214,mirror
2024,940190,Assentos e partes,422,Líbano,155,0.132,mirror
2024,999999,Mercadorias não especificadas,276,Alemanha,507952463,35.748,mirror
2024,999999,Mercadorias não especificadas,484,México,230222033,16.202,mirror
2024,999999,Mercadorias não especificadas,842,EUA,180542513,12.706,mirror
2024,999999,Mercadorias não especificadas,752,Suécia,120153346,8.456,mirror
2024,999999,Mercadorias não especificadas,826,Reino Unido,83671632,5.889,mirror
2024,999999,Mercadorias não especificadas,710,África do Sul,78467703,5.522,mirror
2024,999999,Mercadorias não especificadas,380,Itália,69612101,4.899,mirror
2024,999999,Mercadorias não especificadas,348,Hungria,48094646,3.385,mirror
