year,partner_code,partner,hs6,description_pt,competitor_code,competitor,value,share_pct,rank,is_country,market_total
2003,56,Bélgica,080111,Coco desidratado,608,Filipinas,4647629,29.949,1,0,15518236
2003,56,Bélgica,080111,Coco desidratado,360,Indonésia,4382448,28.241,2,0,15518236
2003,56,Bélgica,080111,Coco desidratado,528,Países Baixos,3112158,20.055,3,0,15518236
2003,56,Bélgica,080111,Coco desidratado,702,Singapura,1898359,12.233,4,0,15518236
2003,56,Bélgica,080111,Coco desidratado,251,França,502260,3.237,5,0,15518236
2003,56,Bélgica,090411,Pimenta do reino,528,Países Baixos,1919394,31.368,1,0,6118963
2003,56,Bélgica,090411,Pimenta do reino,360,Indonésia,1116821,18.252,2,0,6118963
2003,56,Bélgica,090411,Pimenta do reino,251,França,791660,12.938,3,0,6118963
2003,56,Bélgica,090411,Pimenta do reino,276,Alemanha,571534,9.34,4,0,6118963
2003,56,Bélgica,090411,Pimenta do reino,699,Índia,512614,8.377,5,0,6118963
2003,56,Bélgica,151110,Óleo de palma em bruto,528,Países Baixos,14555951,40.058,1,0,36337269
2003,56,Bélgica,151110,Óleo de palma em bruto,826,Reino Unido,7910056,21.768,2,0,36337269
2003,56,Bélgica,151110,Óleo de palma em bruto,458,Malásia,5381729,14.81,3,0,36337269
2003,56,Bélgica,151110,Óleo de palma em bruto,360,Indonésia,4832431,13.299,4,0,36337269
2003,56,Bélgica,151110,Óleo de palma em bruto,598,Papua New Guinea,3190133,8.779,5,0,36337269
2003,56,Bélgica,180100,Cacau,384,Costa do Marfim,130542632,49.03,1,0,266247812
2003,56,Bélgica,180100,Cacau,566,Nigéria,68726676,25.813,2,0,266247812
2003,56,Bélgica,180100,Cacau,288,Gana,21003921,7.889,3,0,266247812
2003,56,Bélgica,180100,Cacau,120,Camarões,14984453,5.628,4,0,266247812
2003,56,Bélgica,180100,Cacau,360,Indonésia,3656529,1.373,5,0,266247812
2003,56,Bélgica,180100,Cacau,678,São Tomé e Príncipe,655747,0.246,16,1,266247812
2003,56,Bélgica,180632,"Chocolate em tabletes, não recheado",276,Alemanha,16279626,48.001,1,0,33915071
2003,56,Bélgica,180632,"Chocolate em tabletes, não recheado",251,França,8298647,24.469,2,0,33915071
2003,56,Bélgica,180632,"Chocolate em tabletes, não recheado",528,Países Baixos,3377348,9.958,3,0,33915071
2003,56,Bélgica,180632,"Chocolate em tabletes, não recheado",703,Eslováquia,1172217,3.456,4,0,33915071
2003,56,Bélgica,180632,"Chocolate em tabletes, não recheado",620,Portugal,969887,2.86,5,0,33915071
2003,56,Bélgica,271011,Óleos leves de petróleo (ed. antiga),528,Países Baixos,546399409,30.987,1,0,1763339088
2003,56,Bélgica,271011,Óleos leves de petróleo (ed. antiga),826,Reino Unido,396213836,22.47,2,0,1763339088
2003,56,Bélgica,271011,Óleos leves de petróleo (ed. antiga),12,Argélia,227973378,12.929,3,0,1763339088
2003,56,Bélgica,271011,Óleos leves de petróleo (ed. antiga),276,Alemanha,147054292,8.34,4,0,1763339088
2003,56,Bélgica,271011,Óleos leves de petróleo (ed. antiga),251,França,110197349,6.249,5,0,1763339088
2003,56,Bélgica,880330,Partes de aviões e helicópteros (ed. antiga),842,EUA,171131876,62.685,1,0,273004429
2003,56,Bélgica,880330,Partes de aviões e helicópteros (ed. antiga),251,França,47691944,17.469,2,0,273004429
2003,56,Bélgica,880330,Partes de aviões e helicópteros (ed. antiga),826,Reino Unido,23746008,8.698,3,0,273004429
2003,56,Bélgica,880330,Partes de aviões e helicópteros (ed. antiga),528,Países Baixos,9553536,3.499,4,0,273004429
2003,56,Bélgica,880330,Partes de aviões e helicópteros (ed. antiga),276,Alemanha,6206092,2.273,5,0,273004429
2003,528,Países Baixos,080111,Coco desidratado,360,Indonésia,3722874,35.621,1,0,10451421
2003,528,Países Baixos,080111,Coco desidratado,608,Filipinas,3357487,32.125,2,0,10451421
2003,528,Países Baixos,080111,Coco desidratado,702,Singapura,1578064,15.099,3,0,10451421
2003,528,Países Baixos,080111,Coco desidratado,144,Sri Lanka,558827,5.347,4,0,10451421
2003,528,Países Baixos,080111,Coco desidratado,276,Alemanha,390274,3.734,5,0,10451421
2003,528,Países Baixos,090411,Pimenta do reino,360,Indonésia,14698057,42.729,1,0,34398406
2003,528,Países Baixos,090411,Pimenta do reino,76,Brasil,7839416,22.79,2,0,34398406
2003,528,Países Baixos,090411,Pimenta do reino,704,Vietname,5738724,16.683,3,0,34398406
2003,528,Países Baixos,090411,Pimenta do reino,156,China,2268114,6.594,4,0,34398406
2003,528,Países Baixos,090411,Pimenta do reino,699,Índia,884621,2.572,5,0,34398406
2003,528,Países Baixos,151110,Óleo de palma em bruto,458,Malásia,155359585,48.531,1,0,320125338
2003,528,Países Baixos,151110,Óleo de palma em bruto,360,Indonésia,149000947,46.545,2,0,320125338
2003,528,Países Baixos,151110,Óleo de palma em bruto,598,Papua New Guinea,6497779,2.03,3,0,320125338
2003,528,Países Baixos,151110,Óleo de palma em bruto,699,Índia,2677619,0.836,4,0,320125338
2003,528,Países Baixos,151110,Óleo de palma em bruto,276,Alemanha,1342769,0.419,5,0,320125338
2003,528,Países Baixos,180100,Cacau,384,Costa do Marfim,513391272,52.663,1,0,974870446
2003,528,Países Baixos,180100,Cacau,566,Nigéria,182181022,18.688,2,0,974870446
2003,528,Países Baixos,180100,Cacau,120,Camarões,156709141,16.075,3,0,974870446
2003,528,Países Baixos,180100,Cacau,288,Gana,103127352,10.579,4,0,974870446
2003,528,Países Baixos,180100,Cacau,598,Papua New Guinea,3182147,0.326,5,0,974870446
2003,528,Países Baixos,180100,Cacau,678,São Tomé e Príncipe,2970607,0.305,6,1,974870446
2003,528,Países Baixos,180632,"Chocolate em tabletes, não recheado",276,Alemanha,34669904,47.762,1,0,72588696
2003,528,Países Baixos,180632,"Chocolate em tabletes, não recheado",826,Reino Unido,14785162,20.368,2,0,72588696
2003,528,Países Baixos,180632,"Chocolate em tabletes, não recheado",56,Bélgica,11152786,15.364,3,0,72588696
2003,528,Países Baixos,180632,"Chocolate em tabletes, não recheado",757,Suíça,5897096,8.124,4,0,72588696
2003,528,Países Baixos,180632,"Chocolate em tabletes, não recheado",380,Itália,2545265,3.506,5,0,72588696
2003,528,Países Baixos,271011,Óleos leves de petróleo (ed. antiga),56,Bélgica,680298442,23.485,1,0,2896741267
2003,528,Países Baixos,271011,Óleos leves de petróleo (ed. antiga),826,Reino Unido,609836456,21.053,2,0,2896741267
2003,528,Países Baixos,271011,Óleos leves de petróleo (ed. antiga),643,Rússia,341373211,11.785,3,0,2896741267
2003,528,Países Baixos,271011,Óleos leves de petróleo (ed. antiga),251,França,221067016,7.632,4,0,2896741267
2003,528,Países Baixos,271011,Óleos leves de petróleo (ed. antiga),12,Argélia,216148433,7.462,5,0,2896741267
2003,528,Países Baixos,880330,Partes de aviões e helicópteros (ed. antiga),842,EUA,224123597,48.757,1,0,459675994
2003,528,Países Baixos,880330,Partes de aviões e helicópteros (ed. antiga),826,Reino Unido,54396273,11.834,2,0,459675994
2003,528,Países Baixos,880330,Partes de aviões e helicópteros (ed. antiga),276,Alemanha,29628016,6.445,3,0,459675994
2003,528,Países Baixos,880330,Partes de aviões e helicópteros (ed. antiga),251,França,23711689,5.158,4,0,459675994
2003,528,Países Baixos,880330,Partes de aviões e helicópteros (ed. antiga),757,Suíça,18397176,4.002,5,0,459675994
2003,620,Portugal,080111,Coco desidratado,144,Sri Lanka,1293010,58.402,1,0,2213969
2003,620,Portugal,080111,Coco desidratado,360,Indonésia,367447,16.597,2,0,2213969
2003,620,Portugal,080111,Coco desidratado,608,Filipinas,225160,10.17,3,0,2213969
2003,620,Portugal,080111,Coco desidratado,724,Espanha,180795,8.166,4,0,2213969
2003,620,Portugal,080111,Coco desidratado,384,Costa do Marfim,65873,2.975,5,0,2213969
2003,620,Portugal,090411,Pimenta do reino,251,França,261658,29.139,1,0,897954
2003,620,Portugal,090411,Pimenta do reino,360,Indonésia,148596,16.548,2,0,897954
2003,620,Portugal,090411,Pimenta do reino,56,Bélgica,127802,14.233,3,0,897954
2003,620,Portugal,090411,Pimenta do reino,76,Brasil,118107,13.153,4,0,897954
2003,620,Portugal,090411,Pimenta do reino,704,Vietname,77409,8.621,5,0,897954
2003,620,Portugal,151110,Óleo de palma em bruto,724,Espanha,234039,45.96,1,0,509222
2003,620,Portugal,151110,Óleo de palma em bruto,458,Malásia,220070,43.217,2,0,509222
2003,620,Portugal,151110,Óleo de palma em bruto,251,França,29793,5.851,3,0,509222
2003,620,Portugal,151110,Óleo de palma em bruto,624,Guiné-Bissau,18835,3.699,4,0,509222
2003,620,Portugal,151110,Óleo de palma em bruto,380,Itália,5722,1.124,5,0,509222
2003,620,Portugal,180100,Cacau,724,Espanha,94541,84.084,1,0,112437
2003,620,Portugal,180100,Cacau,56,Bélgica,17512,15.575,2,0,112437
2003,620,Portugal,180100,Cacau,842,EUA,384,0.342,3,0,112437
2003,620,Portugal,180632,"Chocolate em tabletes, não recheado",276,Alemanha,5993907,27.847,1,0,21524681
2003,620,Portugal,180632,"Chocolate em tabletes, não recheado",251,França,5795054,26.923,2,0,21524681
2003,620,Portugal,180632,"Chocolate em tabletes, não recheado",724,Espanha,4907602,22.8,3,0,21524681
2003,620,Portugal,180632,"Chocolate em tabletes, não recheado",757,Suíça,1445523,6.716,4,0,21524681
2003,620,Portugal,180632,"Chocolate em tabletes, não recheado",380,Itália,785959,3.651,5,0,21524681
2003,620,Portugal,271011,Óleos leves de petróleo (ed. antiga),724,Espanha,49647820,23.114,1,0,214792456
2003,620,Portugal,271011,Óleos leves de petróleo (ed. antiga),434,Libya,48861950,22.748,2,0,214792456
2003,620,Portugal,271011,Óleos leves de petróleo (ed. antiga),12,Argélia,34435837,16.032,3,0,214792456
2003,620,Portugal,271011,Óleos leves de petróleo (ed. antiga),818,Egito,34047791,15.851,4,0,214792456
2003,620,Portugal,271011,Óleos leves de petróleo (ed. antiga),643,Rússia,19144340,8.913,5,0,214792456
2003,620,Portugal,880330,Partes de aviões e helicópteros (ed. antiga),842,EUA,31411676,43.688,1,0,71899716
2003,620,Portugal,880330,Partes de aviões e helicópteros (ed. antiga),251,França,13033800,18.128,2,0,71899716
2003,620,Portugal,880330,Partes de aviões e helicópteros (ed. antiga),276,Alemanha,9271446,12.895,3,0,71899716
2003,620,Portugal,880330,Partes de aviões e helicópteros (ed. antiga),528,Países Baixos,5786342,8.048,4,0,71899716
2003,620,Portugal,880330,Partes de aviões e helicópteros (ed. antiga),826,Reino Unido,3367851,4.684,5,0,71899716
2003,620,Portugal,880330,Partes de aviões e helicópteros (ed. antiga),678,São Tomé e Príncipe,2107,0.003,29,1,71899716
2004,24,Angola,080111,Coco desidratado,620,Portugal,265605,48.914,1,0,543005
2004,24,Angola,080111,Coco desidratado,144,Sri Lanka,229771,42.315,2,0,543005
2004,24,Angola,080111,Coco desidratado,156,China,15039,2.77,3,0,543005
2004,24,Angola,080111,Coco desidratado,384,Costa do Marfim,13584,2.502,4,0,543005
2004,24,Angola,080111,Coco desidratado,710,África do Sul,10413,1.918,5,0,543005
2004,24,Angola,080111,Coco desidratado,678,São Tomé e Príncipe,2843,0.524,7,1,543005
2004,24,Angola,090411,Pimenta do reino,251,França,24881,60.784,1,0,40933
2004,24,Angola,090411,Pimenta do reino,620,Portugal,13431,32.813,2,0,40933
2004,24,Angola,090411,Pimenta do reino,56,Bélgica,1196,2.922,3,0,40933
2004,24,Angola,090411,Pimenta do reino,528,Países Baixos,771,1.883,4,0,40933
2004,24,Angola,090411,Pimenta do reino,710,África do Sul,307,0.75,5,0,40933
2004,24,Angola,151110,Óleo de palma em bruto,702,Singapura,257754,41.817,1,0,616381
2004,24,Angola,151110,Óleo de palma em bruto,458,Malásia,226072,36.677,2,0,616381
2004,24,Angola,151110,Óleo de palma em bruto,422,Líbano,96848,15.712,3,0,616381
2004,24,Angola,151110,Óleo de palma em bruto,156,China,35706,5.793,4,0,616381
2004,24,Angola,180100,Cacau,380,Itália,48394,99.231,1,0,48769
2004,24,Angola,180100,Cacau,251,França,375,0.769,2,0,48769
2004,24,Angola,180632,"Chocolate em tabletes, não recheado",251,França,42280,35.251,1,0,119939
2004,24,Angola,180632,"Chocolate em tabletes, não recheado",620,Portugal,39557,32.981,2,0,119939
2004,24,Angola,180632,"Chocolate em tabletes, não recheado",710,África do Sul,20625,17.196,3,0,119939
2004,24,Angola,180632,"Chocolate em tabletes, não recheado",76,Brasil,10389,8.662,4,0,119939
2004,24,Angola,180632,"Chocolate em tabletes, não recheado",32,Argentina,2489,2.075,5,0,119939
2004,24,Angola,271000,Óleos de petróleo (ed. antiga),430,Liberia,12756682,31.902,1,0,39986531
2004,24,Angola,271000,Óleos de petróleo (ed. antiga),620,Portugal,7855914,19.646,2,0,39986531
2004,24,Angola,271000,Óleos de petróleo (ed. antiga),784,Emirados Árabes Unidos,7842476,19.613,3,0,39986531
2004,24,Angola,271000,Óleos de petróleo (ed. antiga),710,África do Sul,6383813,15.965,4,0,39986531
2004,24,Angola,271000,Óleos de petróleo (ed. antiga),826,Reino Unido,1766484,4.418,5,0,39986531
2004,24,Angola,880330,Partes de aviões e helicópteros (ed. antiga),251,França,4773388,36.206,1,0,13183800
2004,24,Angola,880330,Partes de aviões e helicópteros (ed. antiga),757,Suíça,2382779,18.074,2,0,13183800
2004,24,Angola,880330,Partes de aviões e helicópteros (ed. antiga),710,África do Sul,2014649,15.281,3,0,13183800
2004,24,Angola,880330,Partes de aviões e helicópteros (ed. antiga),842,EUA,1622634,12.308,4,0,13183800
2004,24,Angola,880330,Partes de aviões e helicópteros (ed. antiga),528,Países Baixos,735095,5.576,5,0,13183800
2004,56,Bélgica,080111,Coco desidratado,608,Filipinas,5532721,36.268,1,0,15254911
2004,56,Bélgica,080111,Coco desidratado,360,Indonésia,3774647,24.744,2,0,15254911
2004,56,Bélgica,080111,Coco desidratado,528,Países Baixos,3363128,22.046,3,0,15254911
2004,56,Bélgica,080111,Coco desidratado,702,Singapura,794675,5.209,4,0,15254911
2004,56,Bélgica,080111,Coco desidratado,300,Grécia,629136,4.124,5,0,15254911
2004,56,Bélgica,090411,Pimenta do reino,528,Países Baixos,2021943,33.007,1,0,6125877
2004,56,Bélgica,090411,Pimenta do reino,360,Indonésia,902439,14.732,2,0,6125877
2004,56,Bélgica,090411,Pimenta do reino,251,França,758958,12.389,3,0,6125877
2004,56,Bélgica,090411,Pimenta do reino,699,Índia,663971,10.839,4,0,6125877
2004,56,Bélgica,090411,Pimenta do reino,276,Alemanha,417439,6.814,5,0,6125877
2004,56,Bélgica,151110,Óleo de palma em bruto,528,Países Baixos,27207763,47.617,1,0,57138638
2004,56,Bélgica,151110,Óleo de palma em bruto,826,Reino Unido,11554239,20.221,2,0,57138638
2004,56,Bélgica,151110,Óleo de palma em bruto,458,Malásia,8563062,14.986,3,0,57138638
2004,56,Bélgica,151110,Óleo de palma em bruto,360,Indonésia,6217464,10.881,4,0,57138638
2004,56,Bélgica,151110,Óleo de palma em bruto,598,Papua New Guinea,3382215,5.919,5,0,57138638
2004,56,Bélgica,180100,Cacau,384,Costa do Marfim,151918173,53.269,1,0,285192347
2004,56,Bélgica,180100,Cacau,288,Gana,40269690,14.12,2,0,285192347
2004,56,Bélgica,180100,Cacau,566,Nigéria,39245966,13.761,3,0,285192347
2004,56,Bélgica,180100,Cacau,120,Camarões,21519119,7.545,4,0,285192347
2004,56,Bélgica,180100,Cacau,214,República Dominicana,6004668,2.105,5,0,285192347
2004,56,Bélgica,180100,Cacau,678,São Tomé e Príncipe,782331,0.274,14,1,285192347
2004,56,Bélgica,180632,"Chocolate em tabletes, não recheado",276,Alemanha,22478676,57.189,1,0,39306280
2004,56,Bélgica,180632,"Chocolate em tabletes, não recheado",251,França,6593278,16.774,2,0,39306280
2004,56,Bélgica,180632,"Chocolate em tabletes, não recheado",528,Países Baixos,2804116,7.134,3,0,39306280
2004,56,Bélgica,180632,"Chocolate em tabletes, não recheado",703,Eslováquia,1542485,3.924,4,0,39306280
2004,56,Bélgica,180632,"Chocolate em tabletes, não recheado",380,Itália,1408752,3.584,5,0,39306280
2004,56,Bélgica,271011,Óleos leves de petróleo (ed. antiga),528,Países Baixos,684209321,33.266,1,0,2056797057
2004,56,Bélgica,271011,Óleos leves de petróleo (ed. antiga),826,Reino Unido,236382089,11.493,2,0,2056797057
2004,56,Bélgica,271011,Óleos leves de petróleo (ed. antiga),276,Alemanha,223706069,10.876,3,0,2056797057
2004,56,Bélgica,271011,Óleos leves de petróleo (ed. antiga),12,Argélia,211500201,10.283,4,0,2056797057
2004,56,Bélgica,271011,Óleos leves de petróleo (ed. antiga),643,Rússia,145920022,7.095,5,0,2056797057
2004,56,Bélgica,880330,Partes de aviões e helicópteros (ed. antiga),842,EUA,191768551,60.347,1,0,317774382
2004,56,Bélgica,880330,Partes de aviões e helicópteros (ed. antiga),251,França,42979151,13.525,2,0,317774382
2004,56,Bélgica,880330,Partes de aviões e helicópteros (ed. antiga),826,Reino Unido,42139608,13.261,3,0,317774382
2004,56,Bélgica,880330,Partes de aviões e helicópteros (ed. antiga),528,Países Baixos,12704715,3.998,4,0,317774382
2004,56,Bélgica,880330,Partes de aviões e helicópteros (ed. antiga),276,Alemanha,7906830,2.488,5,0,317774382
2004,528,Países Baixos,080111,Coco desidratado,608,Filipinas,4362708,45.818,1,0,9521803
2004,528,Países Baixos,080111,Coco desidratado,360,Indonésia,2195042,23.053,2,0,9521803
2004,528,Países Baixos,080111,Coco desidratado,144,Sri Lanka,715504,7.514,3,0,9521803
2004,528,Países Baixos,080111,Coco desidratado,384,Costa do Marfim,625911,6.573,4,0,9521803
2004,528,Países Baixos,080111,Coco desidratado,702,Singapura,615956,6.469,5,0,9521803
2004,528,Países Baixos,090411,Pimenta do reino,704,Vietname,7805838,35.854,1,0,21771231
2004,528,Países Baixos,090411,Pimenta do reino,360,Indonésia,5630706,25.863,2,0,21771231
2004,528,Países Baixos,090411,Pimenta do reino,76,Brasil,3582498,16.455,3,0,21771231
2004,528,Países Baixos,090411,Pimenta do reino,156,China,2041986,9.379,4,0,21771231
2004,528,Países Baixos,090411,Pimenta do reino,458,Malásia,912112,4.19,5,0,21771231
2004,528,Países Baixos,151110,Óleo de palma em bruto,360,Indonésia,180951605,48.085,1,0,376314085
2004,528,Países Baixos,151110,Óleo de palma em bruto,458,Malásia,169659084,45.084,2,0,376314085
2004,528,Países Baixos,151110,Óleo de palma em bruto,598,Papua New Guinea,7790906,2.07,3,0,376314085
2004,528,Países Baixos,151110,Óleo de palma em bruto,702,Singapura,3482949,0.926,4,0,376314085
2004,528,Países Baixos,151110,Óleo de palma em bruto,826,Reino Unido,2813486,0.748,5,0,376314085
2004,528,Países Baixos,180100,Cacau,384,Costa do Marfim,300782985,39.995,1,0,752042080
2004,528,Países Baixos,180100,Cacau,288,Gana,248148016,32.997,2,0,752042080
2004,528,Países Baixos,180100,Cacau,120,Camarões,95941009,12.757,3,0,752042080
2004,528,Países Baixos,180100,Cacau,566,Nigéria,86495111,11.501,4,0,752042080
2004,528,Países Baixos,180100,Cacau,598,Papua New Guinea,4069041,0.541,5,0,752042080
2004,528,Países Baixos,180100,Cacau,678,São Tomé e Príncipe,2983963,0.397,6,1,752042080
2004,528,Países Baixos,180632,"Chocolate em tabletes, não recheado",276,Alemanha,40089383,55.077,1,0,72787297
2004,528,Países Baixos,180632,"Chocolate em tabletes, não recheado",56,Bélgica,13129189,18.038,2,0,72787297
2004,528,Países Baixos,180632,"Chocolate em tabletes, não recheado",757,Suíça,6510465,8.945,3,0,72787297
2004,528,Países Baixos,180632,"Chocolate em tabletes, não recheado",826,Reino Unido,3351048,4.604,4,0,72787297
2004,528,Países Baixos,180632,"Chocolate em tabletes, não recheado",380,Itália,2097982,2.882,5,0,72787297
2004,528,Países Baixos,271011,Óleos leves de petróleo (ed. antiga),826,Reino Unido,1067905401,25.613,1,0,4169365494
2004,528,Países Baixos,271011,Óleos leves de petróleo (ed. antiga),56,Bélgica,750183012,17.993,2,0,4169365494
2004,528,Países Baixos,271011,Óleos leves de petróleo (ed. antiga),276,Alemanha,438855364,10.526,3,0,4169365494
2004,528,Países Baixos,271011,Óleos leves de petróleo (ed. antiga),251,França,330133585,7.918,4,0,4169365494
2004,528,Países Baixos,271011,Óleos leves de petróleo (ed. antiga),12,Argélia,248985467,5.972,5,0,4169365494
2004,528,Países Baixos,880330,Partes de aviões e helicópteros (ed. antiga),842,EUA,222746999,51.152,1,0,435458277
2004,528,Países Baixos,880330,Partes de aviões e helicópteros (ed. antiga),276,Alemanha,44377430,10.191,2,0,435458277
2004,528,Países Baixos,880330,Partes de aviões e helicópteros (ed. antiga),826,Reino Unido,41539056,9.539,3,0,435458277
2004,528,Países Baixos,880330,Partes de aviões e helicópteros (ed. antiga),251,França,20281741,4.658,4,0,435458277
2004,528,Países Baixos,880330,Partes de aviões e helicópteros (ed. antiga),40,Áustria,14809068,3.401,5,0,435458277
2004,620,Portugal,080111,Coco desidratado,144,Sri Lanka,1369103,64.99,1,0,2106631
2004,620,Portugal,080111,Coco desidratado,384,Costa do Marfim,356634,16.929,2,0,2106631
2004,620,Portugal,080111,Coco desidratado,528,Países Baixos,161834,7.682,3,0,2106631
2004,620,Portugal,080111,Coco desidratado,360,Indonésia,94262,4.475,4,0,2106631
2004,620,Portugal,080111,Coco desidratado,724,Espanha,54799,2.601,5,0,2106631
2004,620,Portugal,080111,Coco desidratado,678,São Tomé e Príncipe,87,0.004,12,1,2106631
2004,620,Portugal,090411,Pimenta do reino,251,França,278457,34.655,1,0,803509
2004,620,Portugal,090411,Pimenta do reino,56,Bélgica,163423,20.339,2,0,803509
2004,620,Portugal,090411,Pimenta do reino,360,Indonésia,155560,19.36,3,0,803509
2004,620,Portugal,090411,Pimenta do reino,704,Vietname,119255,14.842,4,0,803509
2004,620,Portugal,090411,Pimenta do reino,724,Espanha,22484,2.798,5,0,803509
2004,620,Portugal,151110,Óleo de palma em bruto,458,Malásia,164274,41.785,1,0,393139
2004,620,Portugal,151110,Óleo de palma em bruto,724,Espanha,146959,37.381,2,0,393139
2004,620,Portugal,151110,Óleo de palma em bruto,251,França,45360,11.538,3,0,393139
2004,620,Portugal,151110,Óleo de palma em bruto,624,Guiné-Bissau,15891,4.042,4,0,393139
2004,620,Portugal,151110,Óleo de palma em bruto,380,Itália,12143,3.089,5,0,393139
2004,620,Portugal,180100,Cacau,724,Espanha,150546,85.549,1,0,175977
2004,620,Portugal,180100,Cacau,208,Dinamarca,18885,10.732,2,0,175977
2004,620,Portugal,180100,Cacau,56,Bélgica,2453,1.394,3,0,175977
2004,620,Portugal,180100,Cacau,76,Brasil,2088,1.187,4,0,175977
2004,620,Portugal,180100,Cacau,528,Países Baixos,2005,1.139,5,0,175977
2004,620,Portugal,180632,"Chocolate em tabletes, não recheado",276,Alemanha,9055365,33.451,1,0,27070881
2004,620,Portugal,180632,"Chocolate em tabletes, não recheado",724,Espanha,7082894,26.164,2,0,27070881
2004,620,Portugal,180632,"Chocolate em tabletes, não recheado",251,França,3808613,14.069,3,0,27070881
2004,620,Portugal,180632,"Chocolate em tabletes, não recheado",757,Suíça,2097107,7.747,4,0,27070881
2004,620,Portugal,180632,"Chocolate em tabletes, não recheado",380,Itália,1886505,6.969,5,0,27070881
2004,620,Portugal,180632,"Chocolate em tabletes, não recheado",678,São Tomé e Príncipe,635,0.002,20,1,27070881
2004,620,Portugal,271011,Óleos leves de petróleo (ed. antiga),434,Libya,73524358,23.224,1,0,316583346
2004,620,Portugal,271011,Óleos leves de petróleo (ed. antiga),643,Rússia,68509322,21.64,2,0,316583346
2004,620,Portugal,271011,Óleos leves de petróleo (ed. antiga),724,Espanha,67407713,21.292,3,0,316583346
2004,620,Portugal,271011,Óleos leves de petróleo (ed. antiga),12,Argélia,23570396,7.445,4,0,316583346
2004,620,Portugal,271011,Óleos leves de petróleo (ed. antiga),251,França,20322704,6.419,5,0,316583346
2004,620,Portugal,880330,Partes de aviões e helicópteros (ed. antiga),842,EUA,35756364,37.229,1,0,96045162
2004,620,Portugal,880330,Partes de aviões e helicópteros (ed. antiga),251,França,26464083,27.554,2,0,96045162
2004,620,Portugal,880330,Partes de aviões e helicópteros (ed. antiga),376,Israel,11358532,11.826,3,0,96045162
2004,620,Portugal,880330,Partes de aviões e helicópteros (ed. antiga),276,Alemanha,7645120,7.96,4,0,96045162
2004,620,Portugal,880330,Partes de aviões e helicópteros (ed. antiga),826,Reino Unido,4993762,5.199,5,0,96045162
2005,24,Angola,080111,Coco desidratado,144,Sri Lanka,344277,53.503,1,0,643473
2005,24,Angola,080111,Coco desidratado,620,Portugal,173752,27.002,2,0,643473
2005,24,Angola,080111,Coco desidratado,292,Gibraltar,37742,5.865,3,0,643473
2005,24,Angola,080111,Coco desidratado,156,China,29346,4.561,4,0,643473
2005,24,Angola,080111,Coco desidratado,360,Indonésia,28340,4.404,5,0,643473
2005,24,Angola,080111,Coco desidratado,678,São Tomé e Príncipe,9003,1.399,7,1,643473
2005,24,Angola,090411,Pimenta do reino,620,Portugal,13517,70.835,1,0,19083
2005,24,Angola,090411,Pimenta do reino,292,Gibraltar,3599,18.861,2,0,19083
2005,24,Angola,090411,Pimenta do reino,710,África do Sul,819,4.292,3,0,19083
2005,24,Angola,090411,Pimenta do reino,251,França,604,3.165,4,0,19083
2005,24,Angola,090411,Pimenta do reino,528,Países Baixos,305,1.6,5,0,19083
2005,24,Angola,151110,Óleo de palma em bruto,702,Singapura,3765100,45.612,1,0,8254659
2005,24,Angola,151110,Óleo de palma em bruto,458,Malásia,2336874,28.31,2,0,8254659
2005,24,Angola,151110,Óleo de palma em bruto,360,Indonésia,864949,10.478,3,0,8254659
2005,24,Angola,151110,Óleo de palma em bruto,764,Tailândia,512314,6.206,4,0,8254659
2005,24,Angola,151110,Óleo de palma em bruto,710,África do Sul,215702,2.613,5,0,8254659
2005,24,Angola,180100,Cacau,251,França,12751,73.512,1,0,17345
2005,24,Angola,180100,Cacau,710,África do Sul,4594,26.488,2,0,17345
2005,24,Angola,180632,"Chocolate em tabletes, não recheado",620,Portugal,120266,46.313,1,0,259678
2005,24,Angola,180632,"Chocolate em tabletes, não recheado",76,Brasil,43841,16.883,2,0,259678
2005,24,Angola,180632,"Chocolate em tabletes, não recheado",724,Espanha,43399,16.713,3,0,259678
2005,24,Angola,180632,"Chocolate em tabletes, não recheado",792,Turquia,27248,10.493,4,0,259678
2005,24,Angola,180632,"Chocolate em tabletes, não recheado",156,China,6446,2.482,5,0,259678
2005,24,Angola,271011,Óleos leves de petróleo (ed. antiga),233,Estónia,21436192,15.404,1,0,139159781
2005,24,Angola,271011,Óleos leves de petróleo (ed. antiga),768,Togo,19561921,14.057,2,0,139159781
2005,24,Angola,271011,Óleos leves de petróleo (ed. antiga),300,Grécia,19302812,13.871,3,0,139159781
2005,24,Angola,271011,Óleos leves de petróleo (ed. antiga),682,Arábia Saudita,18105859,13.011,4,0,139159781
2005,24,Angola,271011,Óleos leves de petróleo (ed. antiga),591,Panamá,16798509,12.071,5,0,139159781
2005,24,Angola,880330,Partes de aviões e helicópteros (ed. antiga),842,EUA,11804352,40.162,1,0,29391883
2005,24,Angola,880330,Partes de aviões e helicópteros (ed. antiga),251,França,9395716,31.967,2,0,29391883
2005,24,Angola,880330,Partes de aviões e helicópteros (ed. antiga),757,Suíça,3327855,11.322,3,0,29391883
2005,24,Angola,880330,Partes de aviões e helicópteros (ed. antiga),620,Portugal,1533852,5.219,4,0,29391883
2005,24,Angola,880330,Partes de aviões e helicópteros (ed. antiga),579,Noruega,1028985,3.501,5,0,29391883
2005,56,Bélgica,080111,Coco desidratado,608,Filipinas,7466766,41.894,1,0,17822876
2005,56,Bélgica,080111,Coco desidratado,360,Indonésia,4390466,24.634,2,0,17822876
2005,56,Bélgica,080111,Coco desidratado,528,Países Baixos,3567734,20.018,3,0,17822876
2005,56,Bélgica,080111,Coco desidratado,300,Grécia,1195789,6.709,4,0,17822876
2005,56,Bélgica,080111,Coco desidratado,144,Sri Lanka,502659,2.82,5,0,17822876
2005,56,Bélgica,090411,Pimenta do reino,528,Países Baixos,1544013,24.135,1,0,6397327
2005,56,Bélgica,090411,Pimenta do reino,704,Vietname,1171175,18.307,2,0,6397327
2005,56,Bélgica,090411,Pimenta do reino,360,Indonésia,1077586,16.844,3,0,6397327
2005,56,Bélgica,090411,Pimenta do reino,251,França,597386,9.338,4,0,6397327
2005,56,Bélgica,090411,Pimenta do reino,699,Índia,595352,9.306,5,0,6397327
2005,56,Bélgica,151110,Óleo de palma em bruto,528,Países Baixos,27146240,48.318,1,0,56182796
2005,56,Bélgica,151110,Óleo de palma em bruto,826,Reino Unido,9051408,16.111,2,0,56182796
2005,56,Bélgica,151110,Óleo de palma em bruto,458,Malásia,8354623,14.87,3,0,56182796
2005,56,Bélgica,151110,Óleo de palma em bruto,360,Indonésia,5948037,10.587,4,0,56182796
2005,56,Bélgica,151110,Óleo de palma em bruto,598,Papua New Guinea,5127695,9.127,5,0,56182796
2005,56,Bélgica,180100,Cacau,384,Costa do Marfim,96681354,30.384,1,0,318201201
2005,56,Bélgica,180100,Cacau,288,Gana,70906829,22.284,2,0,318201201
2005,56,Bélgica,180100,Cacau,566,Nigéria,69716258,21.909,3,0,318201201
2005,56,Bélgica,180100,Cacau,120,Camarões,18070915,5.679,4,0,318201201
2005,56,Bélgica,180100,Cacau,694,Sierra Leone,11390298,3.58,5,0,318201201
2005,56,Bélgica,180100,Cacau,678,São Tomé e Príncipe,1833563,0.576,13,1,318201201
2005,56,Bélgica,180632,"Chocolate em tabletes, não recheado",276,Alemanha,20894174,56.457,1,0,37008686
2005,56,Bélgica,180632,"Chocolate em tabletes, não recheado",251,França,5981131,16.161,2,0,37008686
2005,56,Bélgica,180632,"Chocolate em tabletes, não recheado",528,Países Baixos,3202920,8.655,3,0,37008686
2005,56,Bélgica,180632,"Chocolate em tabletes, não recheado",380,Itália,2175471,5.878,4,0,37008686
2005,56,Bélgica,180632,"Chocolate em tabletes, não recheado",757,Suíça,1429406,3.862,5,0,37008686
2005,56,Bélgica,271011,Óleos leves de petróleo (ed. antiga),528,Países Baixos,777752288,26.145,1,0,2974805618
2005,56,Bélgica,271011,Óleos leves de petróleo (ed. antiga),643,Rússia,430660397,14.477,2,0,2974805618
2005,56,Bélgica,271011,Óleos leves de petróleo (ed. antiga),251,França,415710210,13.974,3,0,2974805618
2005,56,Bélgica,271011,Óleos leves de petróleo (ed. antiga),826,Reino Unido,394268243,13.254,4,0,2974805618
2005,56,Bélgica,271011,Óleos leves de petróleo (ed. antiga),12,Argélia,302535863,10.17,5,0,2974805618
2005,56,Bélgica,880330,Partes de aviões e helicópteros (ed. antiga),842,EUA,158117018,65.215,1,0,242455096
2005,56,Bélgica,880330,Partes de aviões e helicópteros (ed. antiga),251,França,35073671,14.466,2,0,242455096
2005,56,Bélgica,880330,Partes de aviões e helicópteros (ed. antiga),826,Reino Unido,23493149,9.69,3,0,242455096
2005,56,Bélgica,880330,Partes de aviões e helicópteros (ed. antiga),276,Alemanha,6340607,2.615,4,0,242455096
2005,56,Bélgica,880330,Partes de aviões e helicópteros (ed. antiga),528,Países Baixos,4683253,1.932,5,0,242455096
2005,528,Países Baixos,080111,Coco desidratado,608,Filipinas,5647721,46.3,1,0,12197985
2005,528,Países Baixos,080111,Coco desidratado,360,Indonésia,3860043,31.645,2,0,12197985
2005,528,Países Baixos,080111,Coco desidratado,704,Vietname,890110,7.297,3,0,12197985
2005,528,Países Baixos,080111,Coco desidratado,144,Sri Lanka,464946,3.812,4,0,12197985
2005,528,Países Baixos,080111,Coco desidratado,702,Singapura,422678,3.465,5,0,12197985
2005,528,Países Baixos,090411,Pimenta do reino,704,Vietname,9666890,47.782,1,0,20231350
2005,528,Países Baixos,090411,Pimenta do reino,360,Indonésia,4609674,22.785,2,0,20231350
2005,528,Países Baixos,090411,Pimenta do reino,76,Brasil,1986586,9.819,3,0,20231350
2005,528,Países Baixos,090411,Pimenta do reino,156,China,1634769,8.08,4,0,20231350
2005,528,Países Baixos,090411,Pimenta do reino,458,Malásia,845356,4.178,5,0,20231350
2005,528,Países Baixos,151110,Óleo de palma em bruto,458,Malásia,234018045,47.843,1,0,489135172
2005,528,Países Baixos,151110,Óleo de palma em bruto,360,Indonésia,180794209,36.962,2,0,489135172
2005,528,Países Baixos,151110,Óleo de palma em bruto,251,França,35347052,7.226,3,0,489135172
2005,528,Países Baixos,151110,Óleo de palma em bruto,598,Papua New Guinea,11607478,2.373,4,0,489135172
2005,528,Países Baixos,151110,Óleo de palma em bruto,384,Costa do Marfim,7844403,1.604,5,0,489135172
2005,528,Países Baixos,180100,Cacau,384,Costa do Marfim,282663286,33.989,1,0,831638443
2005,528,Países Baixos,180100,Cacau,288,Gana,242640672,29.176,2,0,831638443
2005,528,Países Baixos,180100,Cacau,120,Camarões,155918378,18.748,3,0,831638443
2005,528,Países Baixos,180100,Cacau,566,Nigéria,128526371,15.455,4,0,831638443
2005,528,Países Baixos,180100,Cacau,768,Togo,8244703,0.991,5,0,831638443
2005,528,Países Baixos,180100,Cacau,678,São Tomé e Príncipe,2079823,0.25,7,1,831638443
2005,528,Países Baixos,180632,"Chocolate em tabletes, não recheado",276,Alemanha,36887339,51.945,1,0,71012354
2005,528,Países Baixos,180632,"Chocolate em tabletes, não recheado",56,Bélgica,12548558,17.671,2,0,71012354
2005,528,Países Baixos,180632,"Chocolate em tabletes, não recheado",757,Suíça,8971958,12.634,3,0,71012354
2005,528,Países Baixos,180632,"Chocolate em tabletes, não recheado",826,Reino Unido,4073868,5.737,4,0,71012354
2005,528,Países Baixos,180632,"Chocolate em tabletes, não recheado",380,Itália,2003990,2.822,5,0,71012354
2005,528,Países Baixos,271011,Óleos leves de petróleo (ed. antiga),826,Reino Unido,1442175376,25.504,1,0,5654711519
2005,528,Países Baixos,271011,Óleos leves de petróleo (ed. antiga),56,Bélgica,1313728568,23.232,2,0,5654711519
2005,528,Países Baixos,271011,Óleos leves de petróleo (ed. antiga),276,Alemanha,654765191,11.579,3,0,5654711519
2005,528,Países Baixos,271011,Óleos leves de petróleo (ed. antiga),251,França,439174655,7.767,4,0,5654711519
2005,528,Países Baixos,271011,Óleos leves de petróleo (ed. antiga),12,Argélia,395720892,6.998,5,0,5654711519
2005,528,Países Baixos,880330,Partes de aviões e helicópteros (ed. antiga),842,EUA,215829225,51.994,1,0,415105641
2005,528,Países Baixos,880330,Partes de aviões e helicópteros (ed. antiga),826,Reino Unido,31087951,7.489,2,0,415105641
2005,528,Países Baixos,880330,Partes de aviões e helicópteros (ed. antiga),276,Alemanha,27911652,6.724,3,0,415105641
2005,528,Países Baixos,880330,Partes de aviões e helicópteros (ed. antiga),251,França,23145339,5.576,4,0,415105641
2005,528,Países Baixos,880330,Partes de aviões e helicópteros (ed. antiga),757,Suíça,19387236,4.67,5,0,415105641
2005,620,Portugal,080111,Coco desidratado,144,Sri Lanka,1597494,61.97,1,0,2577840
2005,620,Portugal,080111,Coco desidratado,360,Indonésia,352480,13.673,2,0,2577840
2005,620,Portugal,080111,Coco desidratado,384,Costa do Marfim,335930,13.031,3,0,2577840
2005,620,Portugal,080111,Coco desidratado,724,Espanha,146040,5.665,4,0,2577840
2005,620,Portugal,080111,Coco desidratado,528,Países Baixos,84585,3.281,5,0,2577840
2005,620,Portugal,090411,Pimenta do reino,251,França,223376,43.551,1,0,512907
2005,620,Portugal,090411,Pimenta do reino,56,Bélgica,104987,20.469,2,0,512907
2005,620,Portugal,090411,Pimenta do reino,276,Alemanha,61207,11.933,3,0,512907
2005,620,Portugal,090411,Pimenta do reino,724,Espanha,41401,8.072,4,0,512907
2005,620,Portugal,090411,Pimenta do reino,704,Vietname,29154,5.684,5,0,512907
2005,620,Portugal,151110,Óleo de palma em bruto,458,Malásia,209308,71.532,1,0,292606
2005,620,Portugal,151110,Óleo de palma em bruto,724,Espanha,24035,8.214,2,0,292606
2005,620,Portugal,151110,Óleo de palma em bruto,251,França,23198,7.928,3,0,292606
2005,620,Portugal,151110,Óleo de palma em bruto,56,Bélgica,16607,5.676,4,0,292606
2005,620,Portugal,151110,Óleo de palma em bruto,624,Guiné-Bissau,11662,3.986,5,0,292606
2005,620,Portugal,180100,Cacau,251,França,536023,69.849,1,0,767401
2005,620,Portugal,180100,Cacau,724,Espanha,183997,23.977,2,0,767401
2005,620,Portugal,180100,Cacau,678,São Tomé e Príncipe,46784,6.096,3,1,767401
2005,620,Portugal,180100,Cacau,826,Reino Unido,597,0.078,4,0,767401
2005,620,Portugal,180632,"Chocolate em tabletes, não recheado",276,Alemanha,8743503,29.125,1,0,30020710
2005,620,Portugal,180632,"Chocolate em tabletes, não recheado",724,Espanha,8632328,28.755,2,0,30020710
2005,620,Portugal,180632,"Chocolate em tabletes, não recheado",251,França,3952278,13.165,3,0,30020710
2005,620,Portugal,180632,"Chocolate em tabletes, não recheado",757,Suíça,2586654,8.616,4,0,30020710
2005,620,Portugal,180632,"Chocolate em tabletes, não recheado",380,Itália,1204590,4.013,5,0,30020710
2005,620,Portugal,180632,"Chocolate em tabletes, não recheado",678,São Tomé e Príncipe,28292,0.094,18,1,30020710
2005,620,Portugal,271011,Óleos leves de petróleo (ed. antiga),12,Argélia,89050393,27.471,1,0,324159430
2005,620,Portugal,271011,Óleos leves de petróleo (ed. antiga),724,Espanha,80465641,24.823,2,0,324159430
2005,620,Portugal,271011,Óleos leves de petróleo (ed. antiga),434,Libya,76212709,23.511,3,0,324159430
2005,620,Portugal,271011,Óleos leves de petróleo (ed. antiga),276,Alemanha,22523319,6.948,4,0,324159430
2005,620,Portugal,271011,Óleos leves de petróleo (ed. antiga),826,Reino Unido,16297318,5.028,5,0,324159430
2005,620,Portugal,880330,Partes de aviões e helicópteros (ed. antiga),842,EUA,48768023,53.273,1,0,91543606
2005,620,Portugal,880330,Partes de aviões e helicópteros (ed. antiga),251,França,19819672,21.651,2,0,91543606
2005,620,Portugal,880330,Partes de aviões e helicópteros (ed. antiga),276,Alemanha,7057197,7.709,3,0,91543606
2005,620,Portugal,880330,Partes de aviões e helicópteros (ed. antiga),528,Países Baixos,6401486,6.993,4,0,91543606
2005,620,Portugal,880330,Partes de aviões e helicópteros (ed. antiga),826,Reino Unido,4882466,5.333,5,0,91543606
2006,24,Angola,080111,Coco desidratado,144,Sri Lanka,411357,47.04,1,0,874486
2006,24,Angola,080111,Coco desidratado,620,Portugal,257206,29.412,2,0,874486
2006,24,Angola,080111,Coco desidratado,360,Indonésia,106870,12.221,3,0,874486
2006,24,Angola,080111,Coco desidratado,156,China,44016,5.033,4,0,874486
2006,24,Angola,080111,Coco desidratado,292,Gibraltar,21434,2.451,5,0,874486
2006,24,Angola,080111,Coco desidratado,678,São Tomé e Príncipe,2750,0.314,9,1,874486
2006,24,Angola,090411,Pimenta do reino,620,Portugal,31425,61.09,1,0,51441
2006,24,Angola,090411,Pimenta do reino,251,França,6975,13.56,2,0,51441
2006,24,Angola,090411,Pimenta do reino,710,África do Sul,4575,8.894,3,0,51441
2006,24,Angola,090411,Pimenta do reino,292,Gibraltar,4318,8.395,4,0,51441
2006,24,Angola,090411,Pimenta do reino,380,Itália,1263,2.456,5,0,51441
2006,24,Angola,151110,Óleo de palma em bruto,458,Malásia,3700004,43.588,1,0,8488547
2006,24,Angola,151110,Óleo de palma em bruto,360,Indonésia,2833880,33.385,2,0,8488547
2006,24,Angola,151110,Óleo de palma em bruto,702,Singapura,1501494,17.688,3,0,8488547
2006,24,Angola,151110,Óleo de palma em bruto,528,Países Baixos,152147,1.792,4,0,8488547
2006,24,Angola,151110,Óleo de palma em bruto,784,Emirados Árabes Unidos,104535,1.231,5,0,8488547
2006,24,Angola,180100,Cacau,251,França,24178,95.432,1,0,25335
2006,24,Angola,180100,Cacau,710,África do Sul,659,2.6,2,0,25335
2006,24,Angola,180100,Cacau,620,Portugal,474,1.872,3,0,25335
2006,24,Angola,180100,Cacau,842,EUA,16,0.063,4,0,25335
2006,24,Angola,180100,Cacau,566,Nigéria,8,0.033,5,0,25335
2006,24,Angola,180632,"Chocolate em tabletes, não recheado",76,Brasil,127599,22.435,1,0,568741
2006,24,Angola,180632,"Chocolate em tabletes, não recheado",380,Itália,104630,18.397,2,0,568741
2006,24,Angola,180632,"Chocolate em tabletes, não recheado",724,Espanha,103867,18.263,3,0,568741
2006,24,Angola,180632,"Chocolate em tabletes, não recheado",620,Portugal,103105,18.129,4,0,568741
2006,24,Angola,180632,"Chocolate em tabletes, não recheado",792,Turquia,69840,12.28,5,0,568741
2006,24,Angola,271011,Óleos leves de petróleo (ed. antiga),643,Rússia,76848674,36.447,1,0,210850717
2006,24,Angola,271011,Óleos leves de petróleo (ed. antiga),699,Índia,37426712,17.75,2,0,210850717
2006,24,Angola,271011,Óleos leves de petróleo (ed. antiga),384,Costa do Marfim,26215120,12.433,3,0,210850717
2006,24,Angola,271011,Óleos leves de petróleo (ed. antiga),76,Brasil,24767359,11.746,4,0,210850717
2006,24,Angola,271011,Óleos leves de petróleo (ed. antiga),528,Países Baixos,22178480,10.519,5,0,210850717
2006,24,Angola,880330,Partes de aviões e helicópteros (ed. antiga),842,EUA,22769688,58.682,1,0,38802117
2006,24,Angola,880330,Partes de aviões e helicópteros (ed. antiga),251,França,8694848,22.408,2,0,38802117
2006,24,Angola,880330,Partes de aviões e helicópteros (ed. antiga),757,Suíça,2732750,7.043,3,0,38802117
2006,24,Angola,880330,Partes de aviões e helicópteros (ed. antiga),528,Países Baixos,2175531,5.607,4,0,38802117
2006,24,Angola,880330,Partes de aviões e helicópteros (ed. antiga),710,África do Sul,1093422,2.818,5,0,38802117
2006,56,Bélgica,080111,Coco desidratado,608,Filipinas,7079099,42.08,1,0,16823081
2006,56,Bélgica,080111,Coco desidratado,528,Países Baixos,4543043,27.005,2,0,16823081
2006,56,Bélgica,080111,Coco desidratado,360,Indonésia,3055587,18.163,3,0,16823081
2006,56,Bélgica,080111,Coco desidratado,300,Grécia,1357905,8.072,4,0,16823081
2006,56,Bélgica,080111,Coco desidratado,144,Sri Lanka,232084,1.38,5,0,16823081
2006,56,Bélgica,090411,Pimenta do reino,528,Países Baixos,2184842,26.924,1,0,8114953
2006,56,Bélgica,090411,Pimenta do reino,704,Vietname,1239099,15.269,2,0,8114953
2006,56,Bélgica,090411,Pimenta do reino,360,Indonésia,1213371,14.952,3,0,8114953
2006,56,Bélgica,090411,Pimenta do reino,699,Índia,609228,7.507,4,0,8114953
2006,56,Bélgica,090411,Pimenta do reino,76,Brasil,522755,6.442,5,0,8114953
2006,56,Bélgica,151110,Óleo de palma em bruto,528,Países Baixos,33005533,63.569,1,0,51920550
2006,56,Bélgica,151110,Óleo de palma em bruto,458,Malásia,7492298,14.43,2,0,51920550
2006,56,Bélgica,151110,Óleo de palma em bruto,360,Indonésia,4191386,8.073,3,0,51920550
2006,56,Bélgica,151110,Óleo de palma em bruto,598,Papua New Guinea,3988336,7.682,4,0,51920550
2006,56,Bélgica,151110,Óleo de palma em bruto,826,Reino Unido,3129328,6.027,5,0,51920550
2006,56,Bélgica,180100,Cacau,288,Gana,98058359,27.93,1,0,351092295
2006,56,Bélgica,180100,Cacau,384,Costa do Marfim,97097463,27.656,2,0,351092295
2006,56,Bélgica,180100,Cacau,566,Nigéria,54992996,15.663,3,0,351092295
2006,56,Bélgica,180100,Cacau,768,Togo,31773185,9.05,4,0,351092295
2006,56,Bélgica,180100,Cacau,120,Camarões,12821754,3.652,5,0,351092295
2006,56,Bélgica,180100,Cacau,678,São Tomé e Príncipe,1823216,0.519,12,1,351092295
2006,56,Bélgica,180632,"Chocolate em tabletes, não recheado",276,Alemanha,24360487,56.967,1,0,42762314
2006,56,Bélgica,180632,"Chocolate em tabletes, não recheado",528,Países Baixos,6556065,15.331,2,0,42762314
2006,56,Bélgica,180632,"Chocolate em tabletes, não recheado",251,França,4771688,11.159,3,0,42762314
2006,56,Bélgica,180632,"Chocolate em tabletes, não recheado",380,Itália,1917749,4.485,4,0,42762314
2006,56,Bélgica,180632,"Chocolate em tabletes, não recheado",40,Áustria,1561589,3.652,5,0,42762314
2006,56,Bélgica,271011,Óleos leves de petróleo (ed. antiga),528,Países Baixos,1640968379,41.951,1,0,3911670468
2006,56,Bélgica,271011,Óleos leves de petróleo (ed. antiga),643,Rússia,643197843,16.443,2,0,3911670468
2006,56,Bélgica,271011,Óleos leves de petróleo (ed. antiga),826,Reino Unido,593182421,15.164,3,0,3911670468
2006,56,Bélgica,271011,Óleos leves de petróleo (ed. antiga),251,França,357985184,9.152,4,0,3911670468
2006,56,Bélgica,271011,Óleos leves de petróleo (ed. antiga),12,Argélia,180443732,4.613,5,0,3911670468
2006,56,Bélgica,880330,Partes de aviões e helicópteros (ed. antiga),842,EUA,168901076,59.681,1,0,283006215
2006,56,Bélgica,880330,Partes de aviões e helicópteros (ed. antiga),251,França,40993680,14.485,2,0,283006215
2006,56,Bélgica,880330,Partes de aviões e helicópteros (ed. antiga),826,Reino Unido,35043541,12.383,3,0,283006215
2006,56,Bélgica,880330,Partes de aviões e helicópteros (ed. antiga),276,Alemanha,10491273,3.707,4,0,283006215
2006,56,Bélgica,880330,Partes de aviões e helicópteros (ed. antiga),40,Áustria,5298399,1.872,5,0,283006215
2006,528,Países Baixos,080111,Coco desidratado,608,Filipinas,7572966,55.996,1,0,13524051
2006,528,Países Baixos,080111,Coco desidratado,360,Indonésia,3971159,29.364,2,0,13524051
2006,528,Países Baixos,080111,Coco desidratado,144,Sri Lanka,673376,4.979,3,0,13524051
2006,528,Países Baixos,080111,Coco desidratado,704,Vietname,288949,2.137,4,0,13524051
2006,528,Países Baixos,080111,Coco desidratado,276,Alemanha,231159,1.709,5,0,13524051
2006,528,Países Baixos,090411,Pimenta do reino,704,Vietname,12349413,44.178,1,0,27953893
2006,528,Países Baixos,090411,Pimenta do reino,360,Indonésia,5677212,20.309,2,0,27953893
2006,528,Países Baixos,090411,Pimenta do reino,76,Brasil,4185986,14.975,3,0,27953893
2006,528,Países Baixos,090411,Pimenta do reino,156,China,2508828,8.975,4,0,27953893
2006,528,Países Baixos,090411,Pimenta do reino,699,Índia,895741,3.204,5,0,27953893
2006,528,Países Baixos,151110,Óleo de palma em bruto,458,Malásia,381663439,63.714,1,0,599023154
2006,528,Países Baixos,151110,Óleo de palma em bruto,360,Indonésia,192530235,32.141,2,0,599023154
2006,528,Países Baixos,151110,Óleo de palma em bruto,598,Papua New Guinea,7178489,1.198,3,0,599023154
2006,528,Países Baixos,151110,Óleo de palma em bruto,764,Tailândia,6910897,1.154,4,0,599023154
2006,528,Países Baixos,151110,Óleo de palma em bruto,276,Alemanha,3194767,0.533,5,0,599023154
2006,528,Países Baixos,180100,Cacau,384,Costa do Marfim,241274611,34.928,1,0,690781930
2006,528,Países Baixos,180100,Cacau,288,Gana,216456437,31.335,2,0,690781930
2006,528,Países Baixos,180100,Cacau,120,Camarões,137918945,19.966,3,0,690781930
2006,528,Países Baixos,180100,Cacau,566,Nigéria,61943046,8.967,4,0,690781930
2006,528,Países Baixos,180100,Cacau,768,Togo,7511408,1.087,5,0,690781930
2006,528,Países Baixos,180100,Cacau,678,São Tomé e Príncipe,3337985,0.483,7,1,690781930
2006,528,Países Baixos,180632,"Chocolate em tabletes, não recheado",276,Alemanha,40421399,50.373,1,0,80243544
2006,528,Países Baixos,180632,"Chocolate em tabletes, não recheado",56,Bélgica,13073041,16.292,2,0,80243544
2006,528,Países Baixos,180632,"Chocolate em tabletes, não recheado",757,Suíça,10560444,13.16,3,0,80243544
2006,528,Países Baixos,180632,"Chocolate em tabletes, não recheado",40,Áustria,7277736,9.07,4,0,80243544
2006,528,Países Baixos,180632,"Chocolate em tabletes, não recheado",826,Reino Unido,3062855,3.817,5,0,80243544
2006,528,Países Baixos,271011,Óleos leves de petróleo (ed. antiga),826,Reino Unido,1893715238,29.611,1,0,6395283483
2006,528,Países Baixos,271011,Óleos leves de petróleo (ed. antiga),56,Bélgica,1619828378,25.328,2,0,6395283483
2006,528,Países Baixos,271011,Óleos leves de petróleo (ed. antiga),276,Alemanha,751513904,11.751,3,0,6395283483
2006,528,Países Baixos,271011,Óleos leves de petróleo (ed. antiga),643,Rússia,627330068,9.809,4,0,6395283483
2006,528,Países Baixos,271011,Óleos leves de petróleo (ed. antiga),251,França,596069597,9.32,5,0,6395283483
2006,528,Países Baixos,880330,Partes de aviões e helicópteros (ed. antiga),842,EUA,317127392,62.915,1,0,504060814
2006,528,Países Baixos,880330,Partes de aviões e helicópteros (ed. antiga),251,França,32187620,6.386,2,0,504060814
2006,528,Países Baixos,880330,Partes de aviões e helicópteros (ed. antiga),826,Reino Unido,29100895,5.773,3,0,504060814
2006,528,Países Baixos,880330,Partes de aviões e helicópteros (ed. antiga),276,Alemanha,17991449,3.569,4,0,504060814
2006,528,Países Baixos,880330,Partes de aviões e helicópteros (ed. antiga),208,Dinamarca,15725086,3.12,5,0,504060814
2006,620,Portugal,080111,Coco desidratado,144,Sri Lanka,1558111,60.873,1,0,2559596
2006,620,Portugal,080111,Coco desidratado,360,Indonésia,432540,16.899,2,0,2559596
2006,620,Portugal,080111,Coco desidratado,384,Costa do Marfim,302699,11.826,3,0,2559596
2006,620,Portugal,080111,Coco desidratado,724,Espanha,160362,6.265,4,0,2559596
2006,620,Portugal,080111,Coco desidratado,528,Países Baixos,51754,2.022,5,0,2559596
2006,620,Portugal,090411,Pimenta do reino,251,França,170406,21.807,1,0,781422
2006,620,Portugal,090411,Pimenta do reino,76,Brasil,153855,19.689,2,0,781422
2006,620,Portugal,090411,Pimenta do reino,56,Bélgica,136840,17.512,3,0,781422
2006,620,Portugal,090411,Pimenta do reino,276,Alemanha,120837,15.464,4,0,781422
2006,620,Portugal,090411,Pimenta do reino,704,Vietname,73557,9.413,5,0,781422
2006,620,Portugal,151110,Óleo de palma em bruto,724,Espanha,138827,37.548,1,0,369729
2006,620,Portugal,151110,Óleo de palma em bruto,458,Malásia,131533,35.576,2,0,369729
2006,620,Portugal,151110,Óleo de palma em bruto,528,Países Baixos,38882,10.516,3,0,369729
2006,620,Portugal,151110,Óleo de palma em bruto,251,França,30717,8.308,4,0,369729
2006,620,Portugal,151110,Óleo de palma em bruto,624,Guiné-Bissau,11343,3.068,5,0,369729
2006,620,Portugal,180100,Cacau,724,Espanha,148834,99.682,1,0,149309
2006,620,Portugal,180100,Cacau,251,França,474,0.317,2,0,149309
2006,620,Portugal,180100,Cacau,56,Bélgica,1,0.001,3,0,149309
2006,620,Portugal,180632,"Chocolate em tabletes, não recheado",724,Espanha,12579872,34.056,1,0,36939168
2006,620,Portugal,180632,"Chocolate em tabletes, não recheado",276,Alemanha,9325100,25.244,2,0,36939168
2006,620,Portugal,180632,"Chocolate em tabletes, não recheado",251,França,3882171,10.51,3,0,36939168
2006,620,Portugal,180632,"Chocolate em tabletes, não recheado",826,Reino Unido,2026652,5.486,4,0,36939168
2006,620,Portugal,180632,"Chocolate em tabletes, não recheado",757,Suíça,1958754,5.303,5,0,36939168
2006,620,Portugal,271011,Óleos leves de petróleo (ed. antiga),434,Libya,62297418,23.486,1,0,265250180
2006,620,Portugal,271011,Óleos leves de petróleo (ed. antiga),724,Espanha,51521421,19.424,2,0,265250180
2006,620,Portugal,271011,Óleos leves de petróleo (ed. antiga),643,Rússia,46009303,17.346,3,0,265250180
2006,620,Portugal,271011,Óleos leves de petróleo (ed. antiga),826,Reino Unido,33086628,12.474,4,0,265250180
2006,620,Portugal,271011,Óleos leves de petróleo (ed. antiga),818,Egito,28614418,10.788,5,0,265250180
2006,620,Portugal,880330,Partes de aviões e helicópteros (ed. antiga),842,EUA,44389337,45.315,1,0,97957931
2006,620,Portugal,880330,Partes de aviões e helicópteros (ed. antiga),251,França,19511973,19.919,2,0,97957931
2006,620,Portugal,880330,Partes de aviões e helicópteros (ed. antiga),276,Alemanha,8427969,8.604,3,0,97957931
2006,620,Portugal,880330,Partes de aviões e helicópteros (ed. antiga),826,Reino Unido,7445276,7.6,4,0,97957931
2006,620,Portugal,880330,Partes de aviões e helicópteros (ed. antiga),528,Países Baixos,6228691,6.359,5,0,97957931
2007,24,Angola,080111,Coco desidratado,144,Sri Lanka,611996,76.361,1,0,801455
2007,24,Angola,080111,Coco desidratado,620,Portugal,101594,12.676,2,0,801455
2007,24,Angola,080111,Coco desidratado,156,China,31274,3.902,3,0,801455
2007,24,Angola,080111,Coco desidratado,702,Singapura,20808,2.596,4,0,801455
2007,24,Angola,080111,Coco desidratado,710,África do Sul,13580,1.694,5,0,801455
2007,24,Angola,080111,Coco desidratado,678,São Tomé e Príncipe,3810,0.475,7,1,801455
2007,24,Angola,090411,Pimenta do reino,620,Portugal,66997,71.997,1,0,93056
2007,24,Angola,090411,Pimenta do reino,699,Índia,6428,6.907,2,0,93056
2007,24,Angola,090411,Pimenta do reino,156,China,5839,6.274,3,0,93056
2007,24,Angola,090411,Pimenta do reino,251,França,5096,5.476,4,0,93056
2007,24,Angola,090411,Pimenta do reino,710,África do Sul,3515,3.777,5,0,93056
2007,24,Angola,151110,Óleo de palma em bruto,458,Malásia,2186228,72.264,1,0,3025333
2007,24,Angola,151110,Óleo de palma em bruto,218,Equador,509457,16.84,2,0,3025333
2007,24,Angola,151110,Óleo de palma em bruto,702,Singapura,182733,6.04,3,0,3025333
2007,24,Angola,151110,Óleo de palma em bruto,360,Indonésia,82241,2.718,4,0,3025333
2007,24,Angola,151110,Óleo de palma em bruto,842,EUA,38199,1.263,5,0,3025333
2007,24,Angola,180100,Cacau,620,Portugal,63102,98.983,1,0,63750
2007,24,Angola,180100,Cacau,251,França,492,0.772,2,0,63750
2007,24,Angola,180100,Cacau,516,Namíbia,156,0.244,3,0,63750
2007,24,Angola,180632,"Chocolate em tabletes, não recheado",76,Brasil,376349,65.593,1,0,573766
2007,24,Angola,180632,"Chocolate em tabletes, não recheado",620,Portugal,97777,17.041,2,0,573766
2007,24,Angola,180632,"Chocolate em tabletes, não recheado",380,Itália,46207,8.053,3,0,573766
2007,24,Angola,180632,"Chocolate em tabletes, não recheado",792,Turquia,21268,3.707,4,0,573766
2007,24,Angola,180632,"Chocolate em tabletes, não recheado",251,França,7677,1.338,5,0,573766
2007,24,Angola,271011,Óleos leves de petróleo (ed. antiga),76,Brasil,115056551,27.536,1,0,417844210
2007,24,Angola,271011,Óleos leves de petróleo (ed. antiga),788,Tunisia,70137443,16.786,2,0,417844210
2007,24,Angola,271011,Óleos leves de petróleo (ed. antiga),699,Índia,46773201,11.194,3,0,417844210
2007,24,Angola,271011,Óleos leves de petróleo (ed. antiga),56,Bélgica,36182396,8.659,4,0,417844210
2007,24,Angola,271011,Óleos leves de petróleo (ed. antiga),642,Roménia,34027908,8.144,5,0,417844210
2007,24,Angola,880330,Partes de aviões e helicópteros (ed. antiga),842,EUA,23272113,50.965,1,0,45663036
2007,24,Angola,880330,Partes de aviões e helicópteros (ed. antiga),251,França,12964242,28.391,2,0,45663036
2007,24,Angola,880330,Partes de aviões e helicópteros (ed. antiga),710,África do Sul,3141745,6.88,3,0,45663036
2007,24,Angola,880330,Partes de aviões e helicópteros (ed. antiga),528,Países Baixos,1676917,3.672,4,0,45663036
2007,24,Angola,880330,Partes de aviões e helicópteros (ed. antiga),276,Alemanha,1520896,3.331,5,0,45663036
2007,56,Bélgica,080111,Coco desidratado,608,Filipinas,10086893,39.012,1,0,25856115
2007,56,Bélgica,080111,Coco desidratado,528,Países Baixos,6543111,25.306,2,0,25856115
2007,56,Bélgica,080111,Coco desidratado,360,Indonésia,3024470,11.697,3,0,25856115
2007,56,Bélgica,080111,Coco desidratado,300,Grécia,2247199,8.691,4,0,25856115
2007,56,Bélgica,080111,Coco desidratado,704,Vietname,1759785,6.806,5,0,25856115
2007,56,Bélgica,090411,Pimenta do reino,528,Países Baixos,2408688,21.33,1,0,11292613
2007,56,Bélgica,090411,Pimenta do reino,360,Indonésia,1881612,16.662,2,0,11292613
2007,56,Bélgica,090411,Pimenta do reino,704,Vietname,1512431,13.393,3,0,11292613
2007,56,Bélgica,090411,Pimenta do reino,699,Índia,1477302,13.082,4,0,11292613
2007,56,Bélgica,090411,Pimenta do reino,276,Alemanha,802505,7.106,5,0,11292613
2007,56,Bélgica,151110,Óleo de palma em bruto,528,Países Baixos,10237421,32.238,1,0,31755978
2007,56,Bélgica,151110,Óleo de palma em bruto,826,Reino Unido,4916756,15.483,2,0,31755978
2007,56,Bélgica,151110,Óleo de palma em bruto,251,França,4345117,13.683,3,0,31755978
2007,56,Bélgica,151110,Óleo de palma em bruto,360,Indonésia,4220656,13.291,4,0,31755978
2007,56,Bélgica,151110,Óleo de palma em bruto,598,Papua New Guinea,4148041,13.062,5,0,31755978
2007,56,Bélgica,180100,Cacau,384,Costa do Marfim,103260682,25.793,1,0,400348612
2007,56,Bélgica,180100,Cacau,288,Gana,94803351,23.68,2,0,400348612
2007,56,Bélgica,180100,Cacau,566,Nigéria,55361101,13.828,3,0,400348612
2007,56,Bélgica,180100,Cacau,214,República Dominicana,27957291,6.983,4,0,400348612
2007,56,Bélgica,180100,Cacau,768,Togo,21805715,5.447,5,0,400348612
2007,56,Bélgica,180100,Cacau,678,São Tomé e Príncipe,1969704,0.492,17,1,400348612
2007,56,Bélgica,180632,"Chocolate em tabletes, não recheado",276,Alemanha,24509137,47.362,1,0,51749024
2007,56,Bélgica,180632,"Chocolate em tabletes, não recheado",528,Países Baixos,7968507,15.398,2,0,51749024
2007,56,Bélgica,180632,"Chocolate em tabletes, não recheado",251,França,6589053,12.733,3,0,51749024
2007,56,Bélgica,180632,"Chocolate em tabletes, não recheado",620,Portugal,3290340,6.358,4,0,51749024
2007,56,Bélgica,180632,"Chocolate em tabletes, não recheado",40,Áustria,2991462,5.781,5,0,51749024
2007,56,Bélgica,271011,Óleos leves de petróleo (ed. antiga),528,Países Baixos,856666699,22.097,1,0,3876837752
2007,56,Bélgica,271011,Óleos leves de petróleo (ed. antiga),826,Reino Unido,753381358,19.433,2,0,3876837752
2007,56,Bélgica,271011,Óleos leves de petróleo (ed. antiga),643,Rússia,713371309,18.401,3,0,3876837752
2007,56,Bélgica,271011,Óleos leves de petróleo (ed. antiga),251,França,511129154,13.184,4,0,3876837752
2007,56,Bélgica,271011,Óleos leves de petróleo (ed. antiga),12,Argélia,282048808,7.275,5,0,3876837752
2007,56,Bélgica,880330,Partes de aviões e helicópteros (ed. antiga),842,EUA,147958996,43.206,1,0,342452133
2007,56,Bélgica,880330,Partes de aviões e helicópteros (ed. antiga),251,França,61378562,17.923,2,0,342452133
2007,56,Bélgica,880330,Partes de aviões e helicópteros (ed. antiga),826,Reino Unido,60313983,17.612,3,0,342452133
2007,56,Bélgica,880330,Partes de aviões e helicópteros (ed. antiga),276,Alemanha,27482236,8.025,4,0,342452133
2007,56,Bélgica,880330,Partes de aviões e helicópteros (ed. antiga),380,Itália,7264789,2.121,5,0,342452133
2007,528,Países Baixos,080111,Coco desidratado,608,Filipinas,10454506,50.594,1,0,20663331
2007,528,Países Baixos,080111,Coco desidratado,360,Indonésia,5610873,27.154,2,0,20663331
2007,528,Países Baixos,080111,Coco desidratado,144,Sri Lanka,1651145,7.991,3,0,20663331
2007,528,Países Baixos,080111,Coco desidratado,702,Singapura,1165272,5.639,4,0,20663331
2007,528,Países Baixos,080111,Coco desidratado,704,Vietname,929198,4.497,5,0,20663331
2007,528,Países Baixos,090411,Pimenta do reino,704,Vietname,12148199,29.311,1,0,41446069
2007,528,Países Baixos,090411,Pimenta do reino,360,Indonésia,11294490,27.251,2,0,41446069
2007,528,Países Baixos,090411,Pimenta do reino,76,Brasil,7349859,17.734,3,0,41446069
2007,528,Países Baixos,090411,Pimenta do reino,156,China,6641638,16.025,4,0,41446069
2007,528,Países Baixos,090411,Pimenta do reino,699,Índia,1210565,2.921,5,0,41446069
2007,528,Países Baixos,151110,Óleo de palma em bruto,458,Malásia,632525746,64.219,1,0,984944298
2007,528,Países Baixos,151110,Óleo de palma em bruto,360,Indonésia,286438639,29.082,2,0,984944298
2007,528,Países Baixos,151110,Óleo de palma em bruto,598,Papua New Guinea,12772697,1.297,3,0,984944298
2007,528,Países Baixos,151110,Óleo de palma em bruto,170,Colômbia,12322509,1.251,4,0,984944298
2007,528,Países Baixos,151110,Óleo de palma em bruto,276,Alemanha,9038062,0.918,5,0,984944298
2007,528,Países Baixos,180100,Cacau,384,Costa do Marfim,349584295,37.157,1,0,940831418
2007,528,Países Baixos,180100,Cacau,288,Gana,248718969,26.436,2,0,940831418
2007,528,Países Baixos,180100,Cacau,120,Camarões,200878315,21.351,3,0,940831418
2007,528,Países Baixos,180100,Cacau,566,Nigéria,90602973,9.63,4,0,940831418
2007,528,Países Baixos,180100,Cacau,768,Togo,18352002,1.951,5,0,940831418
2007,528,Países Baixos,180100,Cacau,678,São Tomé e Príncipe,922335,0.098,15,1,940831418
2007,528,Países Baixos,180632,"Chocolate em tabletes, não recheado",276,Alemanha,51763324,47.312,1,0,109409284
2007,528,Países Baixos,180632,"Chocolate em tabletes, não recheado",56,Bélgica,15217160,13.908,2,0,109409284
2007,528,Países Baixos,180632,"Chocolate em tabletes, não recheado",40,Áustria,14595407,13.34,3,0,109409284
2007,528,Países Baixos,180632,"Chocolate em tabletes, não recheado",757,Suíça,11652718,10.651,4,0,109409284
2007,528,Países Baixos,180632,"Chocolate em tabletes, não recheado",826,Reino Unido,6317722,5.774,5,0,109409284
2007,528,Países Baixos,271011,Óleos leves de petróleo (ed. antiga),826,Reino Unido,2958663611,30.756,1,0,9619684059
2007,528,Países Baixos,271011,Óleos leves de petróleo (ed. antiga),56,Bélgica,2287055279,23.775,2,0,9619684059
2007,528,Países Baixos,271011,Óleos leves de petróleo (ed. antiga),643,Rússia,1138400581,11.834,3,0,9619684059
2007,528,Países Baixos,271011,Óleos leves de petróleo (ed. antiga),276,Alemanha,1062509679,11.045,4,0,9619684059
2007,528,Países Baixos,271011,Óleos leves de petróleo (ed. antiga),251,França,829548645,8.623,5,0,9619684059
2007,528,Países Baixos,880330,Partes de aviões e helicópteros (ed. antiga),842,EUA,298676053,62.285,1,0,479529266
2007,528,Países Baixos,880330,Partes de aviões e helicópteros (ed. antiga),251,França,32273500,6.73,2,0,479529266
2007,528,Países Baixos,880330,Partes de aviões e helicópteros (ed. antiga),276,Alemanha,29166109,6.082,3,0,479529266
2007,528,Países Baixos,880330,Partes de aviões e helicópteros (ed. antiga),826,Reino Unido,25747155,5.369,4,0,479529266
2007,528,Países Baixos,880330,Partes de aviões e helicópteros (ed. antiga),208,Dinamarca,7983965,1.665,5,0,479529266
2007,620,Portugal,080111,Coco desidratado,144,Sri Lanka,2149368,70.985,1,0,3027911
2007,620,Portugal,080111,Coco desidratado,360,Indonésia,371210,12.26,2,0,3027911
2007,620,Portugal,080111,Coco desidratado,384,Costa do Marfim,172850,5.709,3,0,3027911
2007,620,Portugal,080111,Coco desidratado,724,Espanha,134043,4.427,4,0,3027911
2007,620,Portugal,080111,Coco desidratado,528,Países Baixos,95648,3.159,5,0,3027911
2007,620,Portugal,090411,Pimenta do reino,56,Bélgica,211254,37.556,1,0,562507
2007,620,Portugal,090411,Pimenta do reino,251,França,161058,28.632,2,0,562507
2007,620,Portugal,090411,Pimenta do reino,724,Espanha,60140,10.691,3,0,562507
2007,620,Portugal,090411,Pimenta do reino,76,Brasil,55747,9.91,4,0,562507
2007,620,Portugal,090411,Pimenta do reino,826,Reino Unido,19085,3.393,5,0,562507
2007,620,Portugal,151110,Óleo de palma em bruto,251,França,5510331,87.46,1,0,6300424
2007,620,Portugal,151110,Óleo de palma em bruto,724,Espanha,408289,6.48,2,0,6300424
2007,620,Portugal,151110,Óleo de palma em bruto,458,Malásia,213369,3.387,3,0,6300424
2007,620,Portugal,151110,Óleo de palma em bruto,528,Países Baixos,103012,1.635,4,0,6300424
2007,620,Portugal,151110,Óleo de palma em bruto,276,Alemanha,50484,0.801,5,0,6300424
2007,620,Portugal,180100,Cacau,724,Espanha,105724,76.992,1,0,137319
2007,620,Portugal,180100,Cacau,100,Bulgária,29056,21.159,2,0,137319
2007,620,Portugal,180100,Cacau,678,São Tomé e Príncipe,2143,1.561,3,1,137319
2007,620,Portugal,180100,Cacau,251,França,357,0.26,4,0,137319
2007,620,Portugal,180100,Cacau,826,Reino Unido,36,0.026,5,0,137319
2007,620,Portugal,180100,Cacau,56,Bélgica,3,0.002,6,0,137319
2007,620,Portugal,180632,"Chocolate em tabletes, não recheado",724,Espanha,16795571,38.568,1,0,43548106
2007,620,Portugal,180632,"Chocolate em tabletes, não recheado",276,Alemanha,9838319,22.592,2,0,43548106
2007,620,Portugal,180632,"Chocolate em tabletes, não recheado",251,França,5045299,11.586,3,0,43548106
2007,620,Portugal,180632,"Chocolate em tabletes, não recheado",56,Bélgica,2382949,5.472,4,0,43548106
2007,620,Portugal,180632,"Chocolate em tabletes, não recheado",757,Suíça,1933126,4.439,5,0,43548106
2007,620,Portugal,271011,Óleos leves de petróleo (ed. antiga),12,Argélia,125665887,25.784,1,0,487385881
2007,620,Portugal,271011,Óleos leves de petróleo (ed. antiga),724,Espanha,70260072,14.416,2,0,487385881
2007,620,Portugal,271011,Óleos leves de petróleo (ed. antiga),434,Libya,60554125,12.424,3,0,487385881
2007,620,Portugal,271011,Óleos leves de petróleo (ed. antiga),414,Kuwait,56786149,11.651,4,0,487385881
2007,620,Portugal,271011,Óleos leves de petróleo (ed. antiga),699,Índia,55443459,11.376,5,0,487385881
2007,620,Portugal,880330,Partes de aviões e helicópteros (ed. antiga),842,EUA,53391072,46.549,1,0,114699360
2007,620,Portugal,880330,Partes de aviões e helicópteros (ed. antiga),251,França,31274360,27.266,2,0,114699360
2007,620,Portugal,880330,Partes de aviões e helicópteros (ed. antiga),276,Alemanha,13447880,11.724,3,0,114699360
2007,620,Portugal,880330,Partes de aviões e helicópteros (ed. antiga),826,Reino Unido,6437951,5.613,4,0,114699360
2007,620,Portugal,880330,Partes de aviões e helicópteros (ed. antiga),528,Países Baixos,1859014,1.621,5,0,114699360
2008,24,Angola,080111,Coco desidratado,144,Sri Lanka,326737,45.169,1,0,723368
2008,24,Angola,080111,Coco desidratado,620,Portugal,200729,27.749,2,0,723368
2008,24,Angola,080111,Coco desidratado,360,Indonésia,97669,13.502,3,0,723368
2008,24,Angola,080111,Coco desidratado,704,Vietname,58000,8.018,4,0,723368
2008,24,Angola,080111,Coco desidratado,710,África do Sul,15975,2.208,5,0,723368
2008,24,Angola,080111,Coco desidratado,678,São Tomé e Príncipe,1705,0.236,10,1,723368
2008,24,Angola,090411,Pimenta do reino,620,Portugal,35107,52.421,1,0,66972
2008,24,Angola,090411,Pimenta do reino,251,França,11126,16.613,2,0,66972
2008,24,Angola,090411,Pimenta do reino,76,Brasil,7652,11.425,3,0,66972
2008,24,Angola,090411,Pimenta do reino,710,África do Sul,5979,8.927,4,0,66972
2008,24,Angola,090411,Pimenta do reino,156,China,3459,5.165,5,0,66972
2008,24,Angola,151110,Óleo de palma em bruto,702,Singapura,3480049,47.964,1,0,7255485
2008,24,Angola,151110,Óleo de palma em bruto,458,Malásia,3172243,43.722,2,0,7255485
2008,24,Angola,151110,Óleo de palma em bruto,422,Líbano,211228,2.911,3,0,7255485
2008,24,Angola,151110,Óleo de palma em bruto,156,China,194064,2.675,4,0,7255485
2008,24,Angola,151110,Óleo de palma em bruto,178,Congo,80203,1.105,5,0,7255485
2008,24,Angola,180100,Cacau,251,França,1796,73.747,1,0,2435
2008,24,Angola,180100,Cacau,620,Portugal,350,14.395,2,0,2435
2008,24,Angola,180100,Cacau,710,África do Sul,203,8.323,3,0,2435
2008,24,Angola,180100,Cacau,422,Líbano,86,3.536,4,0,2435
2008,24,Angola,180632,"Chocolate em tabletes, não recheado",620,Portugal,439677,37.411,1,0,1175268
2008,24,Angola,180632,"Chocolate em tabletes, não recheado",76,Brasil,280256,23.846,2,0,1175268
2008,24,Angola,180632,"Chocolate em tabletes, não recheado",516,Namíbia,151777,12.914,3,0,1175268
2008,24,Angola,180632,"Chocolate em tabletes, não recheado",710,África do Sul,99165,8.438,4,0,1175268
2008,24,Angola,180632,"Chocolate em tabletes, não recheado",32,Argentina,71538,6.087,5,0,1175268
2008,24,Angola,271011,Óleos leves de petróleo (ed. antiga),702,Singapura,216634508,28.628,1,0,756723393
2008,24,Angola,271011,Óleos leves de petróleo (ed. antiga),528,Países Baixos,169280929,22.37,2,0,756723393
2008,24,Angola,271011,Óleos leves de petróleo (ed. antiga),76,Brasil,123228100,16.284,3,0,756723393
2008,24,Angola,271011,Óleos leves de petróleo (ed. antiga),768,Togo,77996634,10.307,4,0,756723393
2008,24,Angola,271011,Óleos leves de petróleo (ed. antiga),826,Reino Unido,62716006,8.288,5,0,756723393
2008,24,Angola,880330,Partes de aviões e helicópteros (ed. antiga),842,EUA,75572247,69.404,1,0,108887525
2008,24,Angola,880330,Partes de aviões e helicópteros (ed. antiga),251,França,19939821,18.312,2,0,108887525
2008,24,Angola,880330,Partes de aviões e helicópteros (ed. antiga),528,Países Baixos,3174259,2.915,3,0,108887525
2008,24,Angola,880330,Partes de aviões e helicópteros (ed. antiga),620,Portugal,2335686,2.145,4,0,108887525
2008,24,Angola,880330,Partes de aviões e helicópteros (ed. antiga),710,África do Sul,2221427,2.04,5,0,108887525
2008,56,Bélgica,080111,Coco desidratado,608,Filipinas,14298979,45.586,1,0,31366950
2008,56,Bélgica,080111,Coco desidratado,528,Países Baixos,8240184,26.27,2,0,31366950
2008,56,Bélgica,080111,Coco desidratado,360,Indonésia,2960203,9.437,3,0,31366950
2008,56,Bélgica,080111,Coco desidratado,251,França,2051443,6.54,4,0,31366950
2008,56,Bélgica,080111,Coco desidratado,300,Grécia,1863820,5.942,5,0,31366950
2008,56,Bélgica,090411,Pimenta do reino,360,Indonésia,2338024,23.077,1,0,10131329
2008,56,Bélgica,090411,Pimenta do reino,528,Países Baixos,1726085,17.037,2,0,10131329
2008,56,Bélgica,090411,Pimenta do reino,704,Vietname,1537855,15.179,3,0,10131329
2008,56,Bélgica,090411,Pimenta do reino,699,Índia,1117545,11.031,4,0,10131329
2008,56,Bélgica,090411,Pimenta do reino,276,Alemanha,817160,8.066,5,0,10131329
2008,56,Bélgica,151110,Óleo de palma em bruto,598,Papua New Guinea,14169779,27.377,1,0,51758431
2008,56,Bélgica,151110,Óleo de palma em bruto,360,Indonésia,11920571,23.031,2,0,51758431
2008,56,Bélgica,151110,Óleo de palma em bruto,528,Países Baixos,10368898,20.033,3,0,51758431
2008,56,Bélgica,151110,Óleo de palma em bruto,826,Reino Unido,6417572,12.399,4,0,51758431
2008,56,Bélgica,151110,Óleo de palma em bruto,251,França,3175557,6.135,5,0,51758431
2008,56,Bélgica,180100,Cacau,384,Costa do Marfim,134865885,28.892,1,0,466794151
2008,56,Bélgica,180100,Cacau,288,Gana,85510993,18.319,2,0,466794151
2008,56,Bélgica,180100,Cacau,566,Nigéria,71986512,15.421,3,0,466794151
2008,56,Bélgica,180100,Cacau,768,Togo,47296072,10.132,4,0,466794151
2008,56,Bélgica,180100,Cacau,214,República Dominicana,26721622,5.724,5,0,466794151
2008,56,Bélgica,180100,Cacau,678,São Tomé e Príncipe,2502672,0.536,16,1,466794151
2008,56,Bélgica,180632,"Chocolate em tabletes, não recheado",276,Alemanha,30821277,53.507,1,0,57601891
2008,56,Bélgica,180632,"Chocolate em tabletes, não recheado",528,Países Baixos,7967651,13.832,2,0,57601891
2008,56,Bélgica,180632,"Chocolate em tabletes, não recheado",251,França,5497378,9.544,3,0,57601891
2008,56,Bélgica,180632,"Chocolate em tabletes, não recheado",40,Áustria,3653861,6.343,4,0,57601891
2008,56,Bélgica,180632,"Chocolate em tabletes, não recheado",440,Lituânia,2519151,4.373,5,0,57601891
2008,56,Bélgica,271011,Óleos leves de petróleo (ed. antiga),528,Países Baixos,1137561840,19.997,1,0,5688526108
2008,56,Bélgica,271011,Óleos leves de petróleo (ed. antiga),643,Rússia,1133728294,19.93,2,0,5688526108
2008,56,Bélgica,271011,Óleos leves de petróleo (ed. antiga),251,França,879290848,15.457,3,0,5688526108
2008,56,Bélgica,271011,Óleos leves de petróleo (ed. antiga),826,Reino Unido,706590070,12.421,4,0,5688526108
2008,56,Bélgica,271011,Óleos leves de petróleo (ed. antiga),724,Espanha,641152108,11.271,5,0,5688526108
2008,56,Bélgica,880330,Partes de aviões e helicópteros (ed. antiga),842,EUA,178342335,42.251,1,0,422100986
2008,56,Bélgica,880330,Partes de aviões e helicópteros (ed. antiga),251,França,107797187,25.538,2,0,422100986
2008,56,Bélgica,880330,Partes de aviões e helicópteros (ed. antiga),826,Reino Unido,51147427,12.117,3,0,422100986
2008,56,Bélgica,880330,Partes de aviões e helicópteros (ed. antiga),276,Alemanha,33332421,7.897,4,0,422100986
2008,56,Bélgica,880330,Partes de aviões e helicópteros (ed. antiga),380,Itália,19965532,4.73,5,0,422100986
2008,528,Países Baixos,080111,Coco desidratado,608,Filipinas,13342423,54.319,1,0,24563024
2008,528,Países Baixos,080111,Coco desidratado,56,Bélgica,4047668,16.479,2,0,24563024
2008,528,Países Baixos,080111,Coco desidratado,360,Indonésia,3919475,15.957,3,0,24563024
2008,528,Países Baixos,080111,Coco desidratado,144,Sri Lanka,783895,3.191,4,0,24563024
2008,528,Países Baixos,080111,Coco desidratado,704,Vietname,755899,3.077,5,0,24563024
2008,528,Países Baixos,090411,Pimenta do reino,704,Vietname,13158237,28.896,1,0,45536635
2008,528,Países Baixos,090411,Pimenta do reino,360,Indonésia,9000057,19.764,2,0,45536635
2008,528,Países Baixos,090411,Pimenta do reino,156,China,8280996,18.185,3,0,45536635
2008,528,Países Baixos,090411,Pimenta do reino,76,Brasil,6443558,14.15,4,0,45536635
2008,528,Países Baixos,090411,Pimenta do reino,276,Alemanha,4246589,9.326,5,0,45536635
2008,528,Países Baixos,151110,Óleo de palma em bruto,458,Malásia,865060495,54.347,1,0,1591741428
2008,528,Países Baixos,151110,Óleo de palma em bruto,360,Indonésia,511787626,32.153,2,0,1591741428
2008,528,Países Baixos,151110,Óleo de palma em bruto,598,Papua New Guinea,63135960,3.966,3,0,1591741428
2008,528,Países Baixos,151110,Óleo de palma em bruto,764,Tailândia,35375470,2.222,4,0,1591741428
2008,528,Países Baixos,151110,Óleo de palma em bruto,320,Guatemala,26135234,1.642,5,0,1591741428
2008,528,Países Baixos,180100,Cacau,288,Gana,488960370,37.671,1,0,1297984166
2008,528,Países Baixos,180100,Cacau,384,Costa do Marfim,381261750,29.373,2,0,1297984166
2008,528,Países Baixos,180100,Cacau,120,Camarões,257779139,19.86,3,0,1297984166
2008,528,Países Baixos,180100,Cacau,566,Nigéria,102532575,7.899,4,0,1297984166
2008,528,Países Baixos,180100,Cacau,768,Togo,14045276,1.082,5,0,1297984166
2008,528,Países Baixos,180100,Cacau,678,São Tomé e Príncipe,1650305,0.127,15,1,1297984166
2008,528,Países Baixos,180632,"Chocolate em tabletes, não recheado",276,Alemanha,57924238,42.467,1,0,136399193
2008,528,Países Baixos,180632,"Chocolate em tabletes, não recheado",40,Áustria,24804676,18.185,2,0,136399193
2008,528,Países Baixos,180632,"Chocolate em tabletes, não recheado",56,Bélgica,21312512,15.625,3,0,136399193
2008,528,Países Baixos,180632,"Chocolate em tabletes, não recheado",757,Suíça,13800677,10.118,4,0,136399193
2008,528,Países Baixos,180632,"Chocolate em tabletes, não recheado",826,Reino Unido,8394454,6.154,5,0,136399193
2008,528,Países Baixos,271011,Óleos leves de petróleo (ed. antiga),826,Reino Unido,3267533489,31.622,1,0,10333145580
2008,528,Países Baixos,271011,Óleos leves de petróleo (ed. antiga),56,Bélgica,2477253920,23.974,2,0,10333145580
2008,528,Países Baixos,271011,Óleos leves de petróleo (ed. antiga),276,Alemanha,1183600334,11.454,3,0,10333145580
2008,528,Países Baixos,271011,Óleos leves de petróleo (ed. antiga),251,França,924256352,8.945,4,0,10333145580
2008,528,Países Baixos,271011,Óleos leves de petróleo (ed. antiga),643,Rússia,719618512,6.964,5,0,10333145580
2008,528,Países Baixos,880330,Partes de aviões e helicópteros (ed. antiga),842,EUA,261595470,51.532,1,0,507636805
2008,528,Países Baixos,880330,Partes de aviões e helicópteros (ed. antiga),251,França,51785692,10.201,2,0,507636805
2008,528,Países Baixos,880330,Partes de aviões e helicópteros (ed. antiga),826,Reino Unido,41751247,8.225,3,0,507636805
2008,528,Países Baixos,880330,Partes de aviões e helicópteros (ed. antiga),276,Alemanha,30439289,5.996,4,0,507636805
2008,528,Países Baixos,880330,Partes de aviões e helicópteros (ed. antiga),344,Hong Kong (RAEHK),14515318,2.859,5,0,507636805
2008,620,Portugal,080111,Coco desidratado,144,Sri Lanka,2211720,49.358,1,0,4481015
2008,620,Portugal,080111,Coco desidratado,360,Indonésia,877035,19.572,2,0,4481015
2008,620,Portugal,080111,Coco desidratado,724,Espanha,423615,9.454,3,0,4481015
2008,620,Portugal,080111,Coco desidratado,704,Vietname,279220,6.231,4,0,4481015
2008,620,Portugal,080111,Coco desidratado,384,Costa do Marfim,214824,4.794,5,0,4481015
2008,620,Portugal,090411,Pimenta do reino,251,França,276153,28.87,1,0,956549
2008,620,Portugal,090411,Pimenta do reino,56,Bélgica,247358,25.859,2,0,956549
2008,620,Portugal,090411,Pimenta do reino,76,Brasil,163843,17.129,3,0,956549
2008,620,Portugal,090411,Pimenta do reino,724,Espanha,140723,14.712,4,0,956549
2008,620,Portugal,090411,Pimenta do reino,360,Indonésia,82813,8.657,5,0,956549
2008,620,Portugal,151110,Óleo de palma em bruto,724,Espanha,924403,76.34,1,0,1210898
2008,620,Portugal,151110,Óleo de palma em bruto,458,Malásia,247788,20.463,2,0,1210898
2008,620,Portugal,151110,Óleo de palma em bruto,624,Guiné-Bissau,24431,2.018,3,0,1210898
2008,620,Portugal,151110,Óleo de palma em bruto,324,Guinea,14276,1.179,4,0,1210898
2008,620,Portugal,180100,Cacau,724,Espanha,47200,77.031,1,0,61274
2008,620,Portugal,180100,Cacau,528,Países Baixos,7112,11.607,2,0,61274
2008,620,Portugal,180100,Cacau,678,São Tomé e Príncipe,5723,9.34,3,1,61274
2008,620,Portugal,180100,Cacau,251,França,1180,1.926,4,0,61274
2008,620,Portugal,180100,Cacau,276,Alemanha,59,0.096,5,0,61274
2008,620,Portugal,180632,"Chocolate em tabletes, não recheado",724,Espanha,19917605,40.533,1,0,49138720
2008,620,Portugal,180632,"Chocolate em tabletes, não recheado",276,Alemanha,8581723,17.464,2,0,49138720
2008,620,Portugal,180632,"Chocolate em tabletes, não recheado",251,França,6115470,12.445,3,0,49138720
2008,620,Portugal,180632,"Chocolate em tabletes, não recheado",757,Suíça,2962360,6.029,4,0,49138720
2008,620,Portugal,180632,"Chocolate em tabletes, não recheado",528,Países Baixos,2281432,4.643,5,0,49138720
2008,620,Portugal,271011,Óleos leves de petróleo (ed. antiga),434,Libya,126367134,20.626,1,0,612646701
2008,620,Portugal,271011,Óleos leves de petróleo (ed. antiga),699,Índia,90286903,14.737,2,0,612646701
2008,620,Portugal,271011,Óleos leves de petróleo (ed. antiga),724,Espanha,73372124,11.976,3,0,612646701
2008,620,Portugal,271011,Óleos leves de petróleo (ed. antiga),643,Rússia,66268737,10.817,4,0,612646701
2008,620,Portugal,271011,Óleos leves de petróleo (ed. antiga),784,Emirados Árabes Unidos,52254597,8.529,5,0,612646701
2008,620,Portugal,880330,Partes de aviões e helicópteros (ed. antiga),842,EUA,58189462,50.98,1,0,114141876
2008,620,Portugal,880330,Partes de aviões e helicópteros (ed. antiga),251,França,25963650,22.747,2,0,114141876
2008,620,Portugal,880330,Partes de aviões e helicópteros (ed. antiga),276,Alemanha,9897958,8.672,3,0,114141876
2008,620,Portugal,880330,Partes de aviões e helicópteros (ed. antiga),826,Reino Unido,5153582,4.515,4,0,114141876
2008,620,Portugal,880330,Partes de aviões e helicópteros (ed. antiga),376,Israel,3938017,3.45,5,0,114141876
2009,24,Angola,080111,Coco desidratado,144,Sri Lanka,864109,48.559,1,0,1779515
2009,24,Angola,080111,Coco desidratado,620,Portugal,521266,29.293,2,0,1779515
2009,24,Angola,080111,Coco desidratado,360,Indonésia,291820,16.399,3,0,1779515
2009,24,Angola,080111,Coco desidratado,710,África do Sul,53224,2.991,4,0,1779515
2009,24,Angola,080111,Coco desidratado,516,Namíbia,26323,1.479,5,0,1779515
2009,24,Angola,080111,Coco desidratado,678,São Tomé e Príncipe,8100,0.455,6,1,1779515
2009,24,Angola,090411,Pimenta do reino,620,Portugal,51184,56.749,1,0,90193
2009,24,Angola,090411,Pimenta do reino,710,África do Sul,9628,10.675,2,0,90193
2009,24,Angola,090411,Pimenta do reino,608,Filipinas,7420,8.227,3,0,90193
2009,24,Angola,090411,Pimenta do reino,699,Índia,6560,7.273,4,0,90193
2009,24,Angola,090411,Pimenta do reino,76,Brasil,4288,4.754,5,0,90193
2009,24,Angola,151110,Óleo de palma em bruto,702,Singapura,5796389,46.942,1,0,12348060
2009,24,Angola,151110,Óleo de palma em bruto,458,Malásia,3595585,29.119,2,0,12348060
2009,24,Angola,151110,Óleo de palma em bruto,360,Indonésia,1466615,11.877,3,0,12348060
2009,24,Angola,151110,Óleo de palma em bruto,422,Líbano,383209,3.103,4,0,12348060
2009,24,Angola,151110,Óleo de palma em bruto,784,Emirados Árabes Unidos,266608,2.159,5,0,12348060
2009,24,Angola,180100,Cacau,842,EUA,116208,97.986,1,0,118597
2009,24,Angola,180100,Cacau,620,Portugal,2389,2.014,2,0,118597
2009,24,Angola,180632,"Chocolate em tabletes, não recheado",620,Portugal,336739,34.751,1,0,969016
2009,24,Angola,180632,"Chocolate em tabletes, não recheado",724,Espanha,268254,27.683,2,0,969016
2009,24,Angola,180632,"Chocolate em tabletes, não recheado",516,Namíbia,156347,16.135,3,0,969016
2009,24,Angola,180632,"Chocolate em tabletes, não recheado",76,Brasil,110748,11.429,4,0,969016
2009,24,Angola,180632,"Chocolate em tabletes, não recheado",504,Marrocos,32628,3.367,5,0,969016
2009,24,Angola,271011,Óleos leves de petróleo (ed. antiga),528,Países Baixos,261036361,23.466,1,0,1112411076
2009,24,Angola,271011,Óleos leves de petróleo (ed. antiga),826,Reino Unido,212727476,19.123,2,0,1112411076
2009,24,Angola,271011,Óleos leves de petróleo (ed. antiga),788,Tunisia,145790318,13.106,3,0,1112411076
2009,24,Angola,271011,Óleos leves de petróleo (ed. antiga),643,Rússia,108089288,9.717,4,0,1112411076
2009,24,Angola,271011,Óleos leves de petróleo (ed. antiga),76,Brasil,93901840,8.441,5,0,1112411076
2009,24,Angola,880330,Partes de aviões e helicópteros (ed. antiga),251,França,19790798,46.054,1,0,42973489
2009,24,Angola,880330,Partes de aviões e helicópteros (ed. antiga),842,EUA,6222077,14.479,2,0,42973489
2009,24,Angola,880330,Partes de aviões e helicópteros (ed. antiga),528,Países Baixos,5385178,12.531,3,0,42973489
2009,24,Angola,880330,Partes de aviões e helicópteros (ed. antiga),757,Suíça,5168070,12.026,4,0,42973489
2009,24,Angola,880330,Partes de aviões e helicópteros (ed. antiga),608,Filipinas,1876975,4.368,5,0,42973489
2009,56,Bélgica,080111,Coco desidratado,608,Filipinas,11516510,41.049,1,0,28055375
2009,56,Bélgica,080111,Coco desidratado,528,Países Baixos,8283940,29.527,2,0,28055375
2009,56,Bélgica,080111,Coco desidratado,360,Indonésia,3941141,14.048,3,0,28055375
2009,56,Bélgica,080111,Coco desidratado,251,França,2390285,8.52,4,0,28055375
2009,56,Bélgica,080111,Coco desidratado,702,Singapura,793656,2.829,5,0,28055375
2009,56,Bélgica,090411,Pimenta do reino,528,Países Baixos,3045451,35.051,1,0,8688582
2009,56,Bélgica,090411,Pimenta do reino,704,Vietname,1338122,15.401,2,0,8688582
2009,56,Bélgica,090411,Pimenta do reino,251,França,1049778,12.082,3,0,8688582
2009,56,Bélgica,090411,Pimenta do reino,699,Índia,980142,11.281,4,0,8688582
2009,56,Bélgica,090411,Pimenta do reino,276,Alemanha,631405,7.267,5,0,8688582
2009,56,Bélgica,151110,Óleo de palma em bruto,360,Indonésia,13510290,38.451,1,0,35136147
2009,56,Bélgica,151110,Óleo de palma em bruto,528,Países Baixos,7881197,22.43,2,0,35136147
2009,56,Bélgica,151110,Óleo de palma em bruto,598,Papua New Guinea,5711496,16.255,3,0,35136147
2009,56,Bélgica,151110,Óleo de palma em bruto,458,Malásia,3875036,11.029,4,0,35136147
2009,56,Bélgica,151110,Óleo de palma em bruto,826,Reino Unido,2424978,6.902,5,0,35136147
2009,56,Bélgica,180100,Cacau,384,Costa do Marfim,103980436,24.048,1,0,432394595
2009,56,Bélgica,180100,Cacau,566,Nigéria,83674512,19.351,2,0,432394595
2009,56,Bélgica,180100,Cacau,288,Gana,66555920,15.392,3,0,432394595
2009,56,Bélgica,180100,Cacau,768,Togo,59981976,13.872,4,0,432394595
2009,56,Bélgica,180100,Cacau,598,Papua New Guinea,22665626,5.242,5,0,432394595
2009,56,Bélgica,180100,Cacau,678,São Tomé e Príncipe,3247597,0.751,14,1,432394595
2009,56,Bélgica,180632,"Chocolate em tabletes, não recheado",276,Alemanha,34583685,60.24,1,0,57410256
2009,56,Bélgica,180632,"Chocolate em tabletes, não recheado",528,Países Baixos,7422554,12.929,2,0,57410256
2009,56,Bélgica,180632,"Chocolate em tabletes, não recheado",251,França,5633190,9.812,3,0,57410256
2009,56,Bélgica,180632,"Chocolate em tabletes, não recheado",40,Áustria,2429685,4.232,4,0,57410256
2009,56,Bélgica,180632,"Chocolate em tabletes, não recheado",826,Reino Unido,1732475,3.018,5,0,57410256
2009,56,Bélgica,271011,Óleos leves de petróleo (ed. antiga),528,Países Baixos,1086806870,30.168,1,0,3602548696
2009,56,Bélgica,271011,Óleos leves de petróleo (ed. antiga),643,Rússia,1002668316,27.832,2,0,3602548696
2009,56,Bélgica,271011,Óleos leves de petróleo (ed. antiga),826,Reino Unido,345399370,9.588,3,0,3602548696
2009,56,Bélgica,271011,Óleos leves de petróleo (ed. antiga),12,Argélia,288087828,7.997,4,0,3602548696
2009,56,Bélgica,271011,Óleos leves de petróleo (ed. antiga),724,Espanha,202188546,5.612,5,0,3602548696
2009,56,Bélgica,880330,Partes de aviões e helicópteros (ed. antiga),842,EUA,345630348,64.004,1,0,540014106
2009,56,Bélgica,880330,Partes de aviões e helicópteros (ed. antiga),251,França,83162520,15.4,2,0,540014106
2009,56,Bélgica,880330,Partes de aviões e helicópteros (ed. antiga),826,Reino Unido,39104222,7.241,3,0,540014106
2009,56,Bélgica,880330,Partes de aviões e helicópteros (ed. antiga),276,Alemanha,38932760,7.21,4,0,540014106
2009,56,Bélgica,880330,Partes de aviões e helicópteros (ed. antiga),40,Áustria,6003425,1.112,5,0,540014106
2009,528,Países Baixos,080111,Coco desidratado,608,Filipinas,12440875,67.655,1,0,18388614
2009,528,Países Baixos,080111,Coco desidratado,360,Indonésia,2993398,16.279,2,0,18388614
2009,528,Países Baixos,080111,Coco desidratado,704,Vietname,799262,4.347,3,0,18388614
2009,528,Países Baixos,080111,Coco desidratado,702,Singapura,786709,4.278,4,0,18388614
2009,528,Países Baixos,080111,Coco desidratado,144,Sri Lanka,414277,2.253,5,0,18388614
2009,528,Países Baixos,090411,Pimenta do reino,704,Vietname,17003505,45.912,1,0,37035282
2009,528,Países Baixos,090411,Pimenta do reino,360,Indonésia,6265771,16.918,2,0,37035282
2009,528,Países Baixos,090411,Pimenta do reino,76,Brasil,4462200,12.049,3,0,37035282
2009,528,Países Baixos,090411,Pimenta do reino,276,Alemanha,2335018,6.305,4,0,37035282
2009,528,Países Baixos,090411,Pimenta do reino,705,Eslovénia,1996064,5.39,5,0,37035282
2009,528,Países Baixos,151110,Óleo de palma em bruto,458,Malásia,499201434,45.373,1,0,1100221644
2009,528,Países Baixos,151110,Óleo de palma em bruto,360,Indonésia,483583038,43.953,2,0,1100221644
2009,528,Países Baixos,151110,Óleo de palma em bruto,598,Papua New Guinea,41819696,3.801,3,0,1100221644
2009,528,Países Baixos,151110,Óleo de palma em bruto,384,Costa do Marfim,25245811,2.295,4,0,1100221644
2009,528,Países Baixos,151110,Óleo de palma em bruto,320,Guatemala,9227087,0.839,5,0,1100221644
2009,528,Países Baixos,180100,Cacau,384,Costa do Marfim,518210767,29.649,1,0,1747822251
2009,528,Países Baixos,180100,Cacau,120,Camarões,493280197,28.223,2,0,1747822251
2009,528,Países Baixos,180100,Cacau,288,Gana,309892022,17.73,3,0,1747822251
2009,528,Países Baixos,180100,Cacau,566,Nigéria,302474086,17.306,4,0,1747822251
2009,528,Países Baixos,180100,Cacau,768,Togo,27377178,1.566,5,0,1747822251
2009,528,Países Baixos,180100,Cacau,678,São Tomé e Príncipe,3124516,0.179,13,1,1747822251
2009,528,Países Baixos,180632,"Chocolate em tabletes, não recheado",276,Alemanha,30298043,36.633,1,0,82707618
2009,528,Países Baixos,180632,"Chocolate em tabletes, não recheado",56,Bélgica,19977375,24.154,2,0,82707618
2009,528,Países Baixos,180632,"Chocolate em tabletes, não recheado",757,Suíça,13445184,16.256,3,0,82707618
2009,528,Países Baixos,180632,"Chocolate em tabletes, não recheado",40,Áustria,4121851,4.984,4,0,82707618
2009,528,Países Baixos,180632,"Chocolate em tabletes, não recheado",203,Chéquia,3397911,4.108,5,0,82707618
2009,528,Países Baixos,271011,Óleos leves de petróleo (ed. antiga),56,Bélgica,1820905241,25.309,1,0,7194594574
2009,528,Países Baixos,271011,Óleos leves de petróleo (ed. antiga),826,Reino Unido,1689685327,23.485,2,0,7194594574
2009,528,Países Baixos,271011,Óleos leves de petróleo (ed. antiga),643,Rússia,837222471,11.637,3,0,7194594574
2009,528,Países Baixos,271011,Óleos leves de petróleo (ed. antiga),276,Alemanha,731884431,10.173,4,0,7194594574
2009,528,Países Baixos,271011,Óleos leves de petróleo (ed. antiga),251,França,710792552,9.88,5,0,7194594574
2009,528,Países Baixos,880330,Partes de aviões e helicópteros (ed. antiga),842,EUA,343872530,56.616,1,0,607378040
2009,528,Países Baixos,880330,Partes de aviões e helicópteros (ed. antiga),826,Reino Unido,44237011,7.283,2,0,607378040
2009,528,Países Baixos,880330,Partes de aviões e helicópteros (ed. antiga),251,França,39343796,6.478,3,0,607378040
2009,528,Países Baixos,880330,Partes de aviões e helicópteros (ed. antiga),276,Alemanha,29749857,4.898,4,0,607378040
2009,528,Países Baixos,880330,Partes de aviões e helicópteros (ed. antiga),484,México,15368714,2.53,5,0,607378040
2009,620,Portugal,080111,Coco desidratado,144,Sri Lanka,1829370,59.698,1,0,3064397
2009,620,Portugal,080111,Coco desidratado,360,Indonésia,394184,12.863,2,0,3064397
2009,620,Portugal,080111,Coco desidratado,704,Vietname,392260,12.801,3,0,3064397
2009,620,Portugal,080111,Coco desidratado,724,Espanha,181230,5.914,4,0,3064397
2009,620,Portugal,080111,Coco desidratado,384,Costa do Marfim,122932,4.012,5,0,3064397
2009,620,Portugal,090411,Pimenta do reino,704,Vietname,564699,45.635,1,0,1237437
2009,620,Portugal,090411,Pimenta do reino,251,França,245952,19.876,2,0,1237437
2009,620,Portugal,090411,Pimenta do reino,724,Espanha,131795,10.651,3,0,1237437
2009,620,Portugal,090411,Pimenta do reino,528,Países Baixos,76568,6.188,4,0,1237437
2009,620,Portugal,090411,Pimenta do reino,360,Indonésia,67248,5.434,5,0,1237437
2009,620,Portugal,151110,Óleo de palma em bruto,724,Espanha,1263646,84.845,1,0,1489360
2009,620,Portugal,151110,Óleo de palma em bruto,458,Malásia,133389,8.956,2,0,1489360
2009,620,Portugal,151110,Óleo de palma em bruto,360,Indonésia,62862,4.221,3,0,1489360
2009,620,Portugal,151110,Óleo de palma em bruto,624,Guiné-Bissau,21007,1.41,4,0,1489360
2009,620,Portugal,151110,Óleo de palma em bruto,276,Alemanha,7932,0.533,5,0,1489360
2009,620,Portugal,151110,Óleo de palma em bruto,678,São Tomé e Príncipe,451,0.03,6,1,1489360
2009,620,Portugal,180100,Cacau,724,Espanha,51611,96.554,1,0,53453
2009,620,Portugal,180100,Cacau,678,São Tomé e Príncipe,1505,2.816,2,1,53453
2009,620,Portugal,180100,Cacau,251,França,337,0.63,3,0,53453
2009,620,Portugal,180632,"Chocolate em tabletes, não recheado",724,Espanha,17180305,43.831,1,0,39196326
2009,620,Portugal,180632,"Chocolate em tabletes, não recheado",276,Alemanha,7660311,19.543,2,0,39196326
2009,620,Portugal,180632,"Chocolate em tabletes, não recheado",251,França,4420564,11.278,3,0,39196326
2009,620,Portugal,180632,"Chocolate em tabletes, não recheado",757,Suíça,2443548,6.234,4,0,39196326
2009,620,Portugal,180632,"Chocolate em tabletes, não recheado",56,Bélgica,1470926,3.753,5,0,39196326
2009,620,Portugal,271011,Óleos leves de petróleo (ed. antiga),724,Espanha,111608447,24.393,1,0,457533767
2009,620,Portugal,271011,Óleos leves de petróleo (ed. antiga),643,Rússia,106097352,23.189,2,0,457533767
2009,620,Portugal,271011,Óleos leves de petróleo (ed. antiga),434,Libya,47197562,10.316,3,0,457533767
2009,620,Portugal,271011,Óleos leves de petróleo (ed. antiga),12,Argélia,37583575,8.214,4,0,457533767
2009,620,Portugal,271011,Óleos leves de petróleo (ed. antiga),528,Países Baixos,21913310,4.789,5,0,457533767
2009,620,Portugal,880330,Partes de aviões e helicópteros (ed. antiga),842,EUA,68606661,52.152,1,0,131551804
2009,620,Portugal,880330,Partes de aviões e helicópteros (ed. antiga),251,França,18559032,14.108,2,0,131551804
2009,620,Portugal,880330,Partes de aviões e helicópteros (ed. antiga),276,Alemanha,10836545,8.237,3,0,131551804
2009,620,Portugal,880330,Partes de aviões e helicópteros (ed. antiga),528,Países Baixos,7474369,5.682,4,0,131551804
2009,620,Portugal,880330,Partes de aviões e helicópteros (ed. antiga),376,Israel,7006231,5.326,5,0,131551804
2010,24,Angola,080111,Coco desidratado,620,Portugal,279969,42.77,1,0,654585
2010,24,Angola,080111,Coco desidratado,360,Indonésia,245371,37.485,2,0,654585
2010,24,Angola,080111,Coco desidratado,156,China,43803,6.692,3,0,654585
2010,24,Angola,080111,Coco desidratado,710,África do Sul,30737,4.696,4,0,654585
2010,24,Angola,080111,Coco desidratado,144,Sri Lanka,15607,2.384,5,0,654585
2010,24,Angola,080111,Coco desidratado,678,São Tomé e Príncipe,9575,1.463,7,1,654585
2010,24,Angola,090411,Pimenta do reino,620,Portugal,70880,80.488,1,0,88063
2010,24,Angola,090411,Pimenta do reino,710,África do Sul,9085,10.316,2,0,88063
2010,24,Angola,090411,Pimenta do reino,842,EUA,4813,5.465,3,0,88063
2010,24,Angola,090411,Pimenta do reino,76,Brasil,1430,1.624,4,0,88063
2010,24,Angola,090411,Pimenta do reino,251,França,845,0.96,5,0,88063
2010,24,Angola,151110,Óleo de palma em bruto,458,Malásia,4734400,62.285,1,0,7601227
2010,24,Angola,151110,Óleo de palma em bruto,702,Singapura,2455650,32.306,2,0,7601227
2010,24,Angola,151110,Óleo de palma em bruto,360,Indonésia,149131,1.962,3,0,7601227
2010,24,Angola,151110,Óleo de palma em bruto,156,China,147801,1.944,4,0,7601227
2010,24,Angola,151110,Óleo de palma em bruto,705,Eslovénia,51882,0.683,5,0,7601227
2010,24,Angola,180100,Cacau,620,Portugal,13551,99.816,1,0,13576
2010,24,Angola,180100,Cacau,376,Israel,25,0.184,2,0,13576
2010,24,Angola,180632,"Chocolate em tabletes, não recheado",620,Portugal,526209,42.106,1,0,1249736
2010,24,Angola,180632,"Chocolate em tabletes, não recheado",792,Turquia,227437,18.199,2,0,1249736
2010,24,Angola,180632,"Chocolate em tabletes, não recheado",710,África do Sul,175260,14.024,3,0,1249736
2010,24,Angola,180632,"Chocolate em tabletes, não recheado",586,Paquistão,120790,9.665,4,0,1249736
2010,24,Angola,180632,"Chocolate em tabletes, não recheado",76,Brasil,81025,6.483,5,0,1249736
2010,24,Angola,271011,Óleos leves de petróleo (ed. antiga),528,Países Baixos,606876912,45.315,1,0,1339253586
2010,24,Angola,271011,Óleos leves de petróleo (ed. antiga),826,Reino Unido,137181353,10.243,2,0,1339253586
2010,24,Angola,271011,Óleos leves de petróleo (ed. antiga),788,Tunisia,96787157,7.227,3,0,1339253586
2010,24,Angola,271011,Óleos leves de petróleo (ed. antiga),76,Brasil,82128579,6.132,4,0,1339253586
2010,24,Angola,271011,Óleos leves de petróleo (ed. antiga),204,Benim,63302068,4.727,5,0,1339253586
2010,24,Angola,880330,Partes de aviões e helicópteros (ed. antiga),251,França,27682749,52.01,1,0,53226172
2010,24,Angola,880330,Partes de aviões e helicópteros (ed. antiga),842,EUA,13315326,25.017,2,0,53226172
2010,24,Angola,880330,Partes de aviões e helicópteros (ed. antiga),757,Suíça,5476260,10.289,3,0,53226172
2010,24,Angola,880330,Partes de aviões e helicópteros (ed. antiga),528,Países Baixos,3069119,5.766,4,0,53226172
2010,24,Angola,880330,Partes de aviões e helicópteros (ed. antiga),710,África do Sul,969693,1.822,5,0,53226172
2010,56,Bélgica,080111,Coco desidratado,528,Países Baixos,7625898,66.543,1,0,11460022
2010,56,Bélgica,080111,Coco desidratado,251,França,2020596,17.632,2,0,11460022
2010,56,Bélgica,080111,Coco desidratado,608,Filipinas,1058687,9.238,3,0,11460022
2010,56,Bélgica,080111,Coco desidratado,144,Sri Lanka,189708,1.655,4,0,11460022
2010,56,Bélgica,080111,Coco desidratado,300,Grécia,152539,1.331,5,0,11460022
2010,56,Bélgica,090411,Pimenta do reino,528,Países Baixos,2154532,30.114,1,0,7154481
2010,56,Bélgica,090411,Pimenta do reino,360,Indonésia,1371457,19.169,2,0,7154481
2010,56,Bélgica,090411,Pimenta do reino,276,Alemanha,1232314,17.224,3,0,7154481
2010,56,Bélgica,090411,Pimenta do reino,251,França,595374,8.322,4,0,7154481
2010,56,Bélgica,090411,Pimenta do reino,699,Índia,476500,6.66,5,0,7154481
2010,56,Bélgica,151110,Óleo de palma em bruto,528,Países Baixos,14060041,39.779,1,0,35344968
2010,56,Bélgica,151110,Óleo de palma em bruto,360,Indonésia,9994443,28.277,2,0,35344968
2010,56,Bélgica,151110,Óleo de palma em bruto,598,Papua New Guinea,5981610,16.924,3,0,35344968
2010,56,Bélgica,151110,Óleo de palma em bruto,458,Malásia,2981745,8.436,4,0,35344968
2010,56,Bélgica,151110,Óleo de palma em bruto,826,Reino Unido,2030891,5.746,5,0,35344968
2010,56,Bélgica,180100,Cacau,288,Gana,105175626,33.031,1,0,318416145
2010,56,Bélgica,180100,Cacau,384,Costa do Marfim,96778297,30.394,2,0,318416145
2010,56,Bélgica,180100,Cacau,566,Nigéria,33698840,10.583,3,0,318416145
2010,56,Bélgica,180100,Cacau,768,Togo,25023726,7.859,4,0,318416145
2010,56,Bélgica,180100,Cacau,598,Papua New Guinea,18715859,5.878,5,0,318416145
2010,56,Bélgica,180100,Cacau,678,São Tomé e Príncipe,121314,0.038,26,1,318416145
2010,56,Bélgica,180632,"Chocolate em tabletes, não recheado",276,Alemanha,30683752,58.096,1,0,52815461
2010,56,Bélgica,180632,"Chocolate em tabletes, não recheado",528,Países Baixos,7551071,14.297,2,0,52815461
2010,56,Bélgica,180632,"Chocolate em tabletes, não recheado",251,França,6258711,11.85,3,0,52815461
2010,56,Bélgica,180632,"Chocolate em tabletes, não recheado",40,Áustria,2090065,3.957,4,0,52815461
2010,56,Bélgica,180632,"Chocolate em tabletes, não recheado",440,Lituânia,1841861,3.487,5,0,52815461
2010,56,Bélgica,271011,Óleos leves de petróleo (ed. antiga),643,Rússia,1015160010,26.584,1,0,3818741316
2010,56,Bélgica,271011,Óleos leves de petróleo (ed. antiga),528,Países Baixos,882987912,23.122,2,0,3818741316
2010,56,Bélgica,271011,Óleos leves de petróleo (ed. antiga),12,Argélia,613009895,16.053,3,0,3818741316
2010,56,Bélgica,271011,Óleos leves de petróleo (ed. antiga),724,Espanha,367839108,9.632,4,0,3818741316
2010,56,Bélgica,271011,Óleos leves de petróleo (ed. antiga),826,Reino Unido,296867948,7.774,5,0,3818741316
2010,56,Bélgica,880330,Partes de aviões e helicópteros (ed. antiga),842,EUA,96202413,37.102,1,0,259290754
2010,56,Bélgica,880330,Partes de aviões e helicópteros (ed. antiga),251,França,65562040,25.285,2,0,259290754
2010,56,Bélgica,880330,Partes de aviões e helicópteros (ed. antiga),276,Alemanha,47632615,18.37,3,0,259290754
2010,56,Bélgica,880330,Partes de aviões e helicópteros (ed. antiga),826,Reino Unido,19596336,7.558,4,0,259290754
2010,56,Bélgica,880330,Partes de aviões e helicópteros (ed. antiga),699,Índia,6650406,2.565,5,0,259290754
2010,528,Países Baixos,080111,Coco desidratado,608,Filipinas,16126653,65.546,1,0,24603619
2010,528,Países Baixos,080111,Coco desidratado,360,Indonésia,4679964,19.021,2,0,24603619
2010,528,Países Baixos,080111,Coco desidratado,704,Vietname,1764598,7.172,3,0,24603619
2010,528,Países Baixos,080111,Coco desidratado,144,Sri Lanka,702658,2.856,4,0,24603619
2010,528,Países Baixos,080111,Coco desidratado,702,Singapura,559474,2.274,5,0,24603619
2010,528,Países Baixos,090411,Pimenta do reino,704,Vietname,20683321,40.125,1,0,51547223
2010,528,Países Baixos,090411,Pimenta do reino,380,Itália,14250690,27.646,2,0,51547223
2010,528,Países Baixos,090411,Pimenta do reino,360,Indonésia,9118639,17.69,3,0,51547223
2010,528,Países Baixos,090411,Pimenta do reino,76,Brasil,2416877,4.689,4,0,51547223
2010,528,Países Baixos,090411,Pimenta do reino,276,Alemanha,1274064,2.472,5,0,51547223
2010,528,Países Baixos,151110,Óleo de palma em bruto,458,Malásia,630322250,51.158,1,0,1232115279
2010,528,Países Baixos,151110,Óleo de palma em bruto,360,Indonésia,476677564,38.688,2,0,1232115279
2010,528,Países Baixos,151110,Óleo de palma em bruto,598,Papua New Guinea,78036084,6.334,3,0,1232115279
2010,528,Países Baixos,151110,Óleo de palma em bruto,764,Tailândia,14130045,1.147,4,0,1232115279
2010,528,Países Baixos,151110,Óleo de palma em bruto,384,Costa do Marfim,13082688,1.062,5,0,1232115279
2010,528,Países Baixos,180100,Cacau,384,Costa do Marfim,500015074,29.431,1,0,1698950328
2010,528,Países Baixos,180100,Cacau,120,Camarões,478013939,28.136,2,0,1698950328
2010,528,Países Baixos,180100,Cacau,288,Gana,284243531,16.731,3,0,1698950328
2010,528,Países Baixos,180100,Cacau,566,Nigéria,261413790,15.387,4,0,1698950328
2010,528,Países Baixos,180100,Cacau,214,República Dominicana,50555546,2.976,5,0,1698950328
2010,528,Países Baixos,180100,Cacau,678,São Tomé e Príncipe,3991890,0.235,13,1,1698950328
2010,528,Países Baixos,180632,"Chocolate em tabletes, não recheado",276,Alemanha,28114256,38.595,1,0,72844377
2010,528,Países Baixos,180632,"Chocolate em tabletes, não recheado",56,Bélgica,18086140,24.828,2,0,72844377
2010,528,Países Baixos,180632,"Chocolate em tabletes, não recheado",757,Suíça,9092123,12.482,3,0,72844377
2010,528,Países Baixos,180632,"Chocolate em tabletes, não recheado",203,Chéquia,3291884,4.519,4,0,72844377
2010,528,Países Baixos,180632,"Chocolate em tabletes, não recheado",40,Áustria,3214990,4.414,5,0,72844377
2010,528,Países Baixos,271011,Óleos leves de petróleo (ed. antiga),826,Reino Unido,2271994062,23.059,1,0,9853003249
2010,528,Países Baixos,271011,Óleos leves de petróleo (ed. antiga),56,Bélgica,2156499703,21.887,2,0,9853003249
2010,528,Países Baixos,271011,Óleos leves de petróleo (ed. antiga),643,Rússia,1510388871,15.329,3,0,9853003249
2010,528,Países Baixos,271011,Óleos leves de petróleo (ed. antiga),12,Argélia,904711340,9.182,4,0,9853003249
2010,528,Países Baixos,271011,Óleos leves de petróleo (ed. antiga),251,França,837057352,8.495,5,0,9853003249
2010,528,Países Baixos,880330,Partes de aviões e helicópteros (ed. antiga),842,EUA,326208094,58.611,1,0,556567079
2010,528,Países Baixos,880330,Partes de aviões e helicópteros (ed. antiga),826,Reino Unido,47027675,8.45,2,0,556567079
2010,528,Países Baixos,880330,Partes de aviões e helicópteros (ed. antiga),276,Alemanha,37044635,6.656,3,0,556567079
2010,528,Países Baixos,880330,Partes de aviões e helicópteros (ed. antiga),124,Canadá,19056602,3.424,4,0,556567079
2010,528,Países Baixos,880330,Partes de aviões e helicópteros (ed. antiga),251,França,18198830,3.27,5,0,556567079
2010,620,Portugal,080111,Coco desidratado,144,Sri Lanka,1384703,44.331,1,0,3123533
2010,620,Portugal,080111,Coco desidratado,360,Indonésia,616767,19.746,2,0,3123533
2010,620,Portugal,080111,Coco desidratado,704,Vietname,365853,11.713,3,0,3123533
2010,620,Portugal,080111,Coco desidratado,384,Costa do Marfim,298381,9.553,4,0,3123533
2010,620,Portugal,080111,Coco desidratado,724,Espanha,263666,8.441,5,0,3123533
2010,620,Portugal,090411,Pimenta do reino,704,Vietname,383375,40.289,1,0,951565
2010,620,Portugal,090411,Pimenta do reino,251,França,159215,16.732,2,0,951565
2010,620,Portugal,090411,Pimenta do reino,56,Bélgica,148199,15.574,3,0,951565
2010,620,Portugal,090411,Pimenta do reino,76,Brasil,134811,14.167,4,0,951565
2010,620,Portugal,090411,Pimenta do reino,724,Espanha,86176,9.056,5,0,951565
2010,620,Portugal,151110,Óleo de palma em bruto,724,Espanha,1061478,83.411,1,0,1272584
2010,620,Portugal,151110,Óleo de palma em bruto,458,Malásia,208469,16.382,2,0,1272584
2010,620,Portugal,151110,Óleo de palma em bruto,624,Guiné-Bissau,2637,0.207,3,0,1272584
2010,620,Portugal,180100,Cacau,724,Espanha,210220,93.527,1,0,224769
2010,620,Portugal,180100,Cacau,678,São Tomé e Príncipe,9618,4.279,2,1,224769
2010,620,Portugal,180100,Cacau,251,França,2934,1.305,3,0,224769
2010,620,Portugal,180100,Cacau,218,Equador,1756,0.781,4,0,224769
2010,620,Portugal,180100,Cacau,604,Peru,241,0.107,5,0,224769
2010,620,Portugal,180632,"Chocolate em tabletes, não recheado",724,Espanha,15668957,45.48,1,0,34452641
2010,620,Portugal,180632,"Chocolate em tabletes, não recheado",276,Alemanha,7517553,21.82,2,0,34452641
2010,620,Portugal,180632,"Chocolate em tabletes, não recheado",251,França,3503147,10.168,3,0,34452641
2010,620,Portugal,180632,"Chocolate em tabletes, não recheado",56,Bélgica,1802353,5.231,4,0,34452641
2010,620,Portugal,180632,"Chocolate em tabletes, não recheado",757,Suíça,1552360,4.506,5,0,34452641
2010,620,Portugal,271011,Óleos leves de petróleo (ed. antiga),724,Espanha,123119259,39.319,1,0,313130805
2010,620,Portugal,271011,Óleos leves de petróleo (ed. antiga),12,Argélia,82283961,26.278,2,0,313130805
2010,620,Portugal,271011,Óleos leves de petróleo (ed. antiga),414,Kuwait,32195047,10.282,3,0,313130805
2010,620,Portugal,271011,Óleos leves de petróleo (ed. antiga),48,Barém,29622983,9.46,4,0,313130805
2010,620,Portugal,271011,Óleos leves de petróleo (ed. antiga),434,Libya,16694635,5.332,5,0,313130805
2010,620,Portugal,880330,Partes de aviões e helicópteros (ed. antiga),842,EUA,46999711,52.107,1,0,90198436
2010,620,Portugal,880330,Partes de aviões e helicópteros (ed. antiga),251,França,16220360,17.983,2,0,90198436
2010,620,Portugal,880330,Partes de aviões e helicópteros (ed. antiga),276,Alemanha,11869061,13.159,3,0,90198436
2010,620,Portugal,880330,Partes de aviões e helicópteros (ed. antiga),826,Reino Unido,4355251,4.829,4,0,90198436
2010,620,Portugal,880330,Partes de aviões e helicópteros (ed. antiga),528,Países Baixos,2298182,2.548,5,0,90198436
2011,24,Angola,080111,Coco desidratado,620,Portugal,913556,55.052,1,0,1659457
2011,24,Angola,080111,Coco desidratado,144,Sri Lanka,269719,16.253,2,0,1659457
2011,24,Angola,080111,Coco desidratado,360,Indonésia,257949,15.544,3,0,1659457
2011,24,Angola,080111,Coco desidratado,704,Vietname,104519,6.298,4,0,1659457
2011,24,Angola,080111,Coco desidratado,710,África do Sul,45406,2.736,5,0,1659457
2011,24,Angola,090411,Pimenta do reino,620,Portugal,100381,72.058,1,0,139305
2011,24,Angola,090411,Pimenta do reino,710,África do Sul,25254,18.129,2,0,139305
2011,24,Angola,090411,Pimenta do reino,360,Indonésia,3907,2.805,3,0,139305
2011,24,Angola,090411,Pimenta do reino,251,França,1997,1.434,4,0,139305
2011,24,Angola,090411,Pimenta do reino,699,Índia,1809,1.299,5,0,139305
2011,24,Angola,151110,Óleo de palma em bruto,458,Malásia,9928261,72.743,1,0,13648431
2011,24,Angola,151110,Óleo de palma em bruto,702,Singapura,3295280,24.144,2,0,13648431
2011,24,Angola,151110,Óleo de palma em bruto,156,China,189869,1.391,3,0,13648431
2011,24,Angola,151110,Óleo de palma em bruto,528,Países Baixos,66284,0.486,4,0,13648431
2011,24,Angola,151110,Óleo de palma em bruto,360,Indonésia,52293,0.383,5,0,13648431
2011,24,Angola,180100,Cacau,620,Portugal,1200,51.304,1,0,2339
2011,24,Angola,180100,Cacau,757,Suíça,1139,48.696,2,0,2339
2011,24,Angola,180632,"Chocolate em tabletes, não recheado",620,Portugal,416703,35.386,1,0,1177600
2011,24,Angola,180632,"Chocolate em tabletes, não recheado",710,África do Sul,398884,33.873,2,0,1177600
2011,24,Angola,180632,"Chocolate em tabletes, não recheado",76,Brasil,223244,18.958,3,0,1177600
2011,24,Angola,180632,"Chocolate em tabletes, não recheado",792,Turquia,54484,4.627,4,0,1177600
2011,24,Angola,180632,"Chocolate em tabletes, não recheado",251,França,19581,1.663,5,0,1177600
2011,24,Angola,271011,Óleos leves de petróleo (ed. antiga),528,Países Baixos,417355559,43.214,1,0,965783676
2011,24,Angola,271011,Óleos leves de petróleo (ed. antiga),702,Singapura,141317387,14.632,2,0,965783676
2011,24,Angola,271011,Óleos leves de petróleo (ed. antiga),842,EUA,84936495,8.795,3,0,965783676
2011,24,Angola,271011,Óleos leves de petróleo (ed. antiga),204,Benim,74307024,7.694,4,0,965783676
2011,24,Angola,271011,Óleos leves de petróleo (ed. antiga),620,Portugal,67558676,6.995,5,0,965783676
2011,24,Angola,880330,Partes de aviões e helicópteros (ed. antiga),251,França,53116249,74.453,1,0,71341520
2011,24,Angola,880330,Partes de aviões e helicópteros (ed. antiga),842,EUA,7667754,10.748,2,0,71341520
2011,24,Angola,880330,Partes de aviões e helicópteros (ed. antiga),528,Países Baixos,3108215,4.357,3,0,71341520
2011,24,Angola,880330,Partes de aviões e helicópteros (ed. antiga),757,Suíça,2924355,4.099,4,0,71341520
2011,24,Angola,880330,Partes de aviões e helicópteros (ed. antiga),710,África do Sul,1842438,2.583,5,0,71341520
2011,56,Bélgica,080111,Coco desidratado,528,Países Baixos,13666984,73.793,1,0,18520757
2011,56,Bélgica,080111,Coco desidratado,608,Filipinas,1787981,9.654,2,0,18520757
2011,56,Bélgica,080111,Coco desidratado,251,França,1661785,8.973,3,0,18520757
2011,56,Bélgica,080111,Coco desidratado,826,Reino Unido,385749,2.083,4,0,18520757
2011,56,Bélgica,080111,Coco desidratado,144,Sri Lanka,278206,1.502,5,0,18520757
2011,56,Bélgica,090411,Pimenta do reino,528,Países Baixos,2171615,20.661,1,0,10510489
2011,56,Bélgica,090411,Pimenta do reino,276,Alemanha,1930904,18.371,2,0,10510489
2011,56,Bélgica,090411,Pimenta do reino,360,Indonésia,1618294,15.397,3,0,10510489
2011,56,Bélgica,090411,Pimenta do reino,699,Índia,1197811,11.396,4,0,10510489
2011,56,Bélgica,090411,Pimenta do reino,251,França,929399,8.843,5,0,10510489
2011,56,Bélgica,151110,Óleo de palma em bruto,528,Países Baixos,69749823,64.855,1,0,107546751
2011,56,Bélgica,151110,Óleo de palma em bruto,360,Indonésia,16426388,15.274,2,0,107546751
2011,56,Bélgica,151110,Óleo de palma em bruto,458,Malásia,9702682,9.022,3,0,107546751
2011,56,Bélgica,151110,Óleo de palma em bruto,598,Papua New Guinea,5909742,5.495,4,0,107546751
2011,56,Bélgica,151110,Óleo de palma em bruto,826,Reino Unido,5572447,5.181,5,0,107546751
2011,56,Bélgica,180100,Cacau,288,Gana,138144613,39.56,1,0,349198813
2011,56,Bélgica,180100,Cacau,384,Costa do Marfim,75481245,21.616,2,0,349198813
2011,56,Bélgica,180100,Cacau,566,Nigéria,29996513,8.59,3,0,349198813
2011,56,Bélgica,180100,Cacau,768,Togo,29320382,8.396,4,0,349198813
2011,56,Bélgica,180100,Cacau,218,Equador,16610346,4.757,5,0,349198813
2011,56,Bélgica,180100,Cacau,678,São Tomé e Príncipe,75718,0.022,30,1,349198813
2011,56,Bélgica,180632,"Chocolate em tabletes, não recheado",276,Alemanha,44771817,67.221,1,0,66604143
2011,56,Bélgica,180632,"Chocolate em tabletes, não recheado",528,Países Baixos,7328155,11.003,2,0,66604143
2011,56,Bélgica,180632,"Chocolate em tabletes, não recheado",251,França,7247674,10.882,3,0,66604143
2011,56,Bélgica,180632,"Chocolate em tabletes, não recheado",40,Áustria,2001567,3.005,4,0,66604143
2011,56,Bélgica,180632,"Chocolate em tabletes, não recheado",703,Eslováquia,1468371,2.205,5,0,66604143
2011,56,Bélgica,271011,Óleos leves de petróleo (ed. antiga),528,Países Baixos,1919019686,32.42,1,0,5919304695
2011,56,Bélgica,271011,Óleos leves de petróleo (ed. antiga),643,Rússia,1742372023,29.435,2,0,5919304695
2011,56,Bélgica,271011,Óleos leves de petróleo (ed. antiga),251,França,434231923,7.336,3,0,5919304695
2011,56,Bélgica,271011,Óleos leves de petróleo (ed. antiga),724,Espanha,418745006,7.074,4,0,5919304695
2011,56,Bélgica,271011,Óleos leves de petróleo (ed. antiga),826,Reino Unido,363707253,6.144,5,0,5919304695
2011,56,Bélgica,880330,Partes de aviões e helicópteros (ed. antiga),842,EUA,195218753,46.426,1,0,420492536
2011,56,Bélgica,880330,Partes de aviões e helicópteros (ed. antiga),251,França,82790341,19.689,2,0,420492536
2011,56,Bélgica,880330,Partes de aviões e helicópteros (ed. antiga),276,Alemanha,60030061,14.276,3,0,420492536
2011,56,Bélgica,880330,Partes de aviões e helicópteros (ed. antiga),826,Reino Unido,25450292,6.052,4,0,420492536
2011,56,Bélgica,880330,Partes de aviões e helicópteros (ed. antiga),380,Itália,20531425,4.883,5,0,420492536
2011,528,Países Baixos,080111,Coco desidratado,608,Filipinas,24097996,59.43,1,0,40548511
2011,528,Países Baixos,080111,Coco desidratado,360,Indonésia,9891463,24.394,2,0,40548511
2011,528,Países Baixos,080111,Coco desidratado,144,Sri Lanka,1563515,3.856,3,0,40548511
2011,528,Países Baixos,080111,Coco desidratado,704,Vietname,1143146,2.819,4,0,40548511
2011,528,Países Baixos,080111,Coco desidratado,826,Reino Unido,814181,2.008,5,0,40548511
2011,528,Países Baixos,090411,Pimenta do reino,704,Vietname,37438840,45.266,1,0,82708237
2011,528,Países Baixos,090411,Pimenta do reino,380,Itália,17524615,21.188,2,0,82708237
2011,528,Países Baixos,090411,Pimenta do reino,360,Indonésia,10070984,12.177,3,0,82708237
2011,528,Países Baixos,090411,Pimenta do reino,76,Brasil,6890150,8.331,4,0,82708237
2011,528,Países Baixos,090411,Pimenta do reino,699,Índia,5364863,6.486,5,0,82708237
2011,528,Países Baixos,151110,Óleo de palma em bruto,360,Indonésia,652017412,42.242,1,0,1543531497
2011,528,Países Baixos,151110,Óleo de palma em bruto,458,Malásia,506630276,32.823,2,0,1543531497
2011,528,Países Baixos,151110,Óleo de palma em bruto,598,Papua New Guinea,171133858,11.087,3,0,1543531497
2011,528,Países Baixos,151110,Óleo de palma em bruto,764,Tailândia,74599211,4.833,4,0,1543531497
2011,528,Países Baixos,151110,Óleo de palma em bruto,170,Colômbia,56406200,3.654,5,0,1543531497
2011,528,Países Baixos,180100,Cacau,384,Costa do Marfim,747886848,34.502,1,0,2167652119
2011,528,Países Baixos,180100,Cacau,288,Gana,421144264,19.429,2,0,2167652119
2011,528,Países Baixos,180100,Cacau,120,Camarões,399831035,18.445,3,0,2167652119
2011,528,Países Baixos,180100,Cacau,566,Nigéria,356167015,16.431,4,0,2167652119
2011,528,Países Baixos,180100,Cacau,251,França,38130342,1.759,5,0,2167652119
2011,528,Países Baixos,180100,Cacau,678,São Tomé e Príncipe,2000029,0.092,18,1,2167652119
2011,528,Países Baixos,180632,"Chocolate em tabletes, não recheado",276,Alemanha,38308184,37.742,1,0,101499148
2011,528,Países Baixos,180632,"Chocolate em tabletes, não recheado",56,Bélgica,26615727,26.223,2,0,101499148
2011,528,Países Baixos,180632,"Chocolate em tabletes, não recheado",826,Reino Unido,10065246,9.917,3,0,101499148
2011,528,Países Baixos,180632,"Chocolate em tabletes, não recheado",757,Suíça,7929020,7.812,4,0,101499148
2011,528,Países Baixos,180632,"Chocolate em tabletes, não recheado",203,Chéquia,4092729,4.032,5,0,101499148
2011,528,Países Baixos,271011,Óleos leves de petróleo (ed. antiga),826,Reino Unido,3755497419,27.977,1,0,13423443576
2011,528,Países Baixos,271011,Óleos leves de petróleo (ed. antiga),56,Bélgica,2476939684,18.452,2,0,13423443576
2011,528,Países Baixos,271011,Óleos leves de petróleo (ed. antiga),643,Rússia,1488646874,11.09,3,0,13423443576
2011,528,Países Baixos,271011,Óleos leves de petróleo (ed. antiga),251,França,1441944874,10.742,4,0,13423443576
2011,528,Países Baixos,271011,Óleos leves de petróleo (ed. antiga),12,Argélia,1286569634,9.584,5,0,13423443576
2011,528,Países Baixos,880330,Partes de aviões e helicópteros (ed. antiga),842,EUA,372500656,60.768,1,0,612988278
2011,528,Países Baixos,880330,Partes de aviões e helicópteros (ed. antiga),826,Reino Unido,76855512,12.538,2,0,612988278
2011,528,Países Baixos,880330,Partes de aviões e helicópteros (ed. antiga),276,Alemanha,21116009,3.445,3,0,612988278
2011,528,Países Baixos,880330,Partes de aviões e helicópteros (ed. antiga),124,Canadá,20887667,3.408,4,0,612988278
2011,528,Países Baixos,880330,Partes de aviões e helicópteros (ed. antiga),251,França,13703970,2.236,5,0,612988278
2011,620,Portugal,080111,Coco desidratado,144,Sri Lanka,3602063,57.169,1,0,6300684
2011,620,Portugal,080111,Coco desidratado,704,Vietname,1003488,15.927,2,0,6300684
2011,620,Portugal,080111,Coco desidratado,360,Indonésia,689994,10.951,3,0,6300684
2011,620,Portugal,080111,Coco desidratado,724,Espanha,459690,7.296,4,0,6300684
2011,620,Portugal,080111,Coco desidratado,384,Costa do Marfim,282107,4.477,5,0,6300684
2011,620,Portugal,090411,Pimenta do reino,704,Vietname,797557,49.631,1,0,1606977
2011,620,Portugal,090411,Pimenta do reino,251,França,506601,31.525,2,0,1606977
2011,620,Portugal,090411,Pimenta do reino,56,Bélgica,155319,9.665,3,0,1606977
2011,620,Portugal,090411,Pimenta do reino,724,Espanha,71711,4.462,4,0,1606977
2011,620,Portugal,090411,Pimenta do reino,528,Países Baixos,33655,2.094,5,0,1606977
2011,620,Portugal,151110,Óleo de palma em bruto,724,Espanha,2538069,52.144,1,0,4867426
2011,620,Portugal,151110,Óleo de palma em bruto,528,Países Baixos,2106885,43.285,2,0,4867426
2011,620,Portugal,151110,Óleo de palma em bruto,458,Malásia,184885,3.798,3,0,4867426
2011,620,Portugal,151110,Óleo de palma em bruto,251,França,30026,0.617,4,0,4867426
2011,620,Portugal,151110,Óleo de palma em bruto,624,Guiné-Bissau,7032,0.144,5,0,4867426
2011,620,Portugal,180100,Cacau,724,Espanha,212132,97.804,1,0,216894
2011,620,Portugal,180100,Cacau,678,São Tomé e Príncipe,2298,1.06,2,1,216894
2011,620,Portugal,180100,Cacau,218,Equador,1402,0.646,3,0,216894
2011,620,Portugal,180100,Cacau,251,França,1040,0.479,4,0,216894
2011,620,Portugal,180100,Cacau,604,Peru,22,0.01,5,0,216894
2011,620,Portugal,180632,"Chocolate em tabletes, não recheado",724,Espanha,20849089,54.237,1,0,38440622
2011,620,Portugal,180632,"Chocolate em tabletes, não recheado",276,Alemanha,8145674,21.19,2,0,38440622
2011,620,Portugal,180632,"Chocolate em tabletes, não recheado",251,França,3091813,8.043,3,0,38440622
2011,620,Portugal,180632,"Chocolate em tabletes, não recheado",56,Bélgica,2195825,5.712,4,0,38440622
2011,620,Portugal,180632,"Chocolate em tabletes, não recheado",40,Áustria,990801,2.577,5,0,38440622
2011,620,Portugal,271011,Óleos leves de petróleo (ed. antiga),724,Espanha,206348737,30.458,1,0,677483823
2011,620,Portugal,271011,Óleos leves de petróleo (ed. antiga),643,Rússia,168891121,24.929,2,0,677483823
2011,620,Portugal,271011,Óleos leves de petróleo (ed. antiga),12,Argélia,168121085,24.816,3,0,677483823
2011,620,Portugal,271011,Óleos leves de petróleo (ed. antiga),784,Emirados Árabes Unidos,39012469,5.758,4,0,677483823
2011,620,Portugal,271011,Óleos leves de petróleo (ed. antiga),826,Reino Unido,35896389,5.298,5,0,677483823
2011,620,Portugal,880330,Partes de aviões e helicópteros (ed. antiga),842,EUA,50543448,54.061,1,0,93493807
2011,620,Portugal,880330,Partes de aviões e helicópteros (ed. antiga),251,França,13402600,14.335,2,0,93493807
2011,620,Portugal,880330,Partes de aviões e helicópteros (ed. antiga),276,Alemanha,8718932,9.326,3,0,93493807
2011,620,Portugal,880330,Partes de aviões e helicópteros (ed. antiga),826,Reino Unido,6930488,7.413,4,0,93493807
2011,620,Portugal,880330,Partes de aviões e helicópteros (ed. antiga),724,Espanha,2976562,3.184,5,0,93493807
2012,24,Angola,080111,Coco desidratado,620,Portugal,859903,28.661,1,0,3000212
2012,24,Angola,080111,Coco desidratado,360,Indonésia,778958,25.963,2,0,3000212
2012,24,Angola,080111,Coco desidratado,704,Vietname,568134,18.936,3,0,3000212
2012,24,Angola,080111,Coco desidratado,144,Sri Lanka,248972,8.298,4,0,3000212
2012,24,Angola,080111,Coco desidratado,156,China,215920,7.197,5,0,3000212
2012,24,Angola,090411,Pimenta do reino,620,Portugal,183404,81.969,1,0,223748
2012,24,Angola,090411,Pimenta do reino,710,África do Sul,16669,7.45,2,0,223748
2012,24,Angola,090411,Pimenta do reino,76,Brasil,5406,2.416,3,0,223748
2012,24,Angola,090411,Pimenta do reino,784,Emirados Árabes Unidos,5169,2.31,4,0,223748
2012,24,Angola,090411,Pimenta do reino,516,Namíbia,4748,2.122,5,0,223748
2012,24,Angola,151110,Óleo de palma em bruto,458,Malásia,6254145,68.461,1,0,9135307
2012,24,Angola,151110,Óleo de palma em bruto,702,Singapura,2097576,22.961,2,0,9135307
2012,24,Angola,151110,Óleo de palma em bruto,620,Portugal,557292,6.1,3,0,9135307
2012,24,Angola,151110,Óleo de palma em bruto,784,Emirados Árabes Unidos,88025,0.964,4,0,9135307
2012,24,Angola,151110,Óleo de palma em bruto,528,Países Baixos,59610,0.653,5,0,9135307
2012,24,Angola,180100,Cacau,620,Portugal,49699,80.471,1,0,61760
2012,24,Angola,180100,Cacau,380,Itália,12040,19.495,2,0,61760
2012,24,Angola,180100,Cacau,710,África do Sul,21,0.034,3,0,61760
2012,24,Angola,180632,"Chocolate em tabletes, não recheado",620,Portugal,705509,24.509,1,0,2878592
2012,24,Angola,180632,"Chocolate em tabletes, não recheado",76,Brasil,632395,21.969,2,0,2878592
2012,24,Angola,180632,"Chocolate em tabletes, não recheado",710,África do Sul,445941,15.492,3,0,2878592
2012,24,Angola,180632,"Chocolate em tabletes, não recheado",724,Espanha,292838,10.173,4,0,2878592
2012,24,Angola,180632,"Chocolate em tabletes, não recheado",792,Turquia,205655,7.144,5,0,2878592
2012,24,Angola,271011,Óleos leves de petróleo (ed. antiga),204,Benim,36715469,94.581,1,0,38819212
2012,24,Angola,271011,Óleos leves de petróleo (ed. antiga),251,França,498078,1.283,2,0,38819212
2012,24,Angola,271011,Óleos leves de petróleo (ed. antiga),826,Reino Unido,487151,1.255,3,0,38819212
2012,24,Angola,271011,Óleos leves de petróleo (ed. antiga),56,Bélgica,483990,1.247,4,0,38819212
2012,24,Angola,271011,Óleos leves de petróleo (ed. antiga),842,EUA,358893,0.925,5,0,38819212
2012,24,Angola,880330,Partes de aviões e helicópteros (ed. antiga),251,França,42984438,58.456,1,0,73532762
2012,24,Angola,880330,Partes de aviões e helicópteros (ed. antiga),842,EUA,14700510,19.992,2,0,73532762
2012,24,Angola,880330,Partes de aviões e helicópteros (ed. antiga),528,Países Baixos,4971510,6.761,3,0,73532762
2012,24,Angola,880330,Partes de aviões e helicópteros (ed. antiga),757,Suíça,3117266,4.239,4,0,73532762
2012,24,Angola,880330,Partes de aviões e helicópteros (ed. antiga),826,Reino Unido,2306561,3.137,5,0,73532762
2012,56,Bélgica,080111,Coco desidratado,528,Países Baixos,12033567,79.869,1,0,15066697
2012,56,Bélgica,080111,Coco desidratado,608,Filipinas,1424486,9.455,2,0,15066697
2012,56,Bélgica,080111,Coco desidratado,251,França,636929,4.227,3,0,15066697
2012,56,Bélgica,080111,Coco desidratado,144,Sri Lanka,339612,2.254,4,0,15066697
2012,56,Bélgica,080111,Coco desidratado,276,Alemanha,219271,1.455,5,0,15066697
2012,56,Bélgica,090411,Pimenta do reino,276,Alemanha,2186038,22.998,1,0,9505200
2012,56,Bélgica,090411,Pimenta do reino,528,Países Baixos,2081416,21.898,2,0,9505200
2012,56,Bélgica,090411,Pimenta do reino,360,Indonésia,1076361,11.324,3,0,9505200
2012,56,Bélgica,090411,Pimenta do reino,699,Índia,1046019,11.005,4,0,9505200
2012,56,Bélgica,090411,Pimenta do reino,704,Vietname,741039,7.796,5,0,9505200
2012,56,Bélgica,151110,Óleo de palma em bruto,360,Indonésia,19888309,39.227,1,0,50700739
2012,56,Bélgica,151110,Óleo de palma em bruto,528,Países Baixos,12189490,24.042,2,0,50700739
2012,56,Bélgica,151110,Óleo de palma em bruto,458,Malásia,7735991,15.258,3,0,50700739
2012,56,Bélgica,151110,Óleo de palma em bruto,598,Papua New Guinea,6846472,13.504,4,0,50700739
2012,56,Bélgica,151110,Óleo de palma em bruto,826,Reino Unido,1981088,3.907,5,0,50700739
2012,56,Bélgica,180100,Cacau,384,Costa do Marfim,116399393,38.138,1,0,305207198
2012,56,Bélgica,180100,Cacau,288,Gana,103437072,33.891,2,0,305207198
2012,56,Bélgica,180100,Cacau,604,Peru,15130453,4.957,3,0,305207198
2012,56,Bélgica,180100,Cacau,598,Papua New Guinea,13342409,4.372,4,0,305207198
2012,56,Bélgica,180100,Cacau,768,Togo,13159555,4.312,5,0,305207198
2012,56,Bélgica,180100,Cacau,678,São Tomé e Príncipe,522304,0.171,14,1,305207198
2012,56,Bélgica,180632,"Chocolate em tabletes, não recheado",276,Alemanha,41423628,56.966,1,0,72716366
2012,56,Bélgica,180632,"Chocolate em tabletes, não recheado",251,França,8632732,11.872,2,0,72716366
2012,56,Bélgica,180632,"Chocolate em tabletes, não recheado",528,Países Baixos,8476778,11.657,3,0,72716366
2012,56,Bélgica,180632,"Chocolate em tabletes, não recheado",616,Polónia,3392431,4.665,4,0,72716366
2012,56,Bélgica,180632,"Chocolate em tabletes, não recheado",40,Áustria,3125653,4.298,5,0,72716366
2012,56,Bélgica,880330,Partes de aviões e helicópteros (ed. antiga),842,EUA,137467606,38.705,1,0,355163394
2012,56,Bélgica,880330,Partes de aviões e helicópteros (ed. antiga),251,França,76944794,21.665,2,0,355163394
2012,56,Bélgica,880330,Partes de aviões e helicópteros (ed. antiga),276,Alemanha,55668589,15.674,3,0,355163394
2012,56,Bélgica,880330,Partes de aviões e helicópteros (ed. antiga),380,Itália,22767891,6.411,4,0,355163394
2012,56,Bélgica,880330,Partes de aviões e helicópteros (ed. antiga),826,Reino Unido,20609623,5.803,5,0,355163394
2012,528,Países Baixos,080111,Coco desidratado,608,Filipinas,21730760,67.678,1,0,32109122
2012,528,Países Baixos,080111,Coco desidratado,360,Indonésia,7085818,22.068,2,0,32109122
2012,528,Países Baixos,080111,Coco desidratado,144,Sri Lanka,859811,2.678,3,0,32109122
2012,528,Países Baixos,080111,Coco desidratado,276,Alemanha,740208,2.305,4,0,32109122
2012,528,Países Baixos,080111,Coco desidratado,704,Vietname,467640,1.456,5,0,32109122
2012,528,Países Baixos,090411,Pimenta do reino,704,Vietname,37821253,45.188,1,0,83697065
2012,528,Países Baixos,090411,Pimenta do reino,360,Indonésia,19174665,22.91,2,0,83697065
2012,528,Países Baixos,090411,Pimenta do reino,76,Brasil,12648878,15.113,3,0,83697065
2012,528,Países Baixos,090411,Pimenta do reino,699,Índia,6372841,7.614,4,0,83697065
2012,528,Países Baixos,090411,Pimenta do reino,276,Alemanha,1678846,2.006,5,0,83697065
2012,528,Países Baixos,151110,Óleo de palma em bruto,458,Malásia,1119805067,45.833,1,0,2443249207
2012,528,Países Baixos,151110,Óleo de palma em bruto,360,Indonésia,875745634,35.843,2,0,2443249207
2012,528,Países Baixos,151110,Óleo de palma em bruto,598,Papua New Guinea,127806141,5.231,3,0,2443249207
2012,528,Países Baixos,151110,Óleo de palma em bruto,340,Honduras,96760229,3.96,4,0,2443249207
2012,528,Países Baixos,151110,Óleo de palma em bruto,764,Tailândia,76096356,3.115,5,0,2443249207
2012,528,Países Baixos,180100,Cacau,384,Costa do Marfim,527257018,31.39,1,0,1679722265
2012,528,Países Baixos,180100,Cacau,288,Gana,398659306,23.734,2,0,1679722265
2012,528,Países Baixos,180100,Cacau,120,Camarões,293855975,17.494,3,0,1679722265
2012,528,Países Baixos,180100,Cacau,566,Nigéria,245827351,14.635,4,0,1679722265
2012,528,Países Baixos,180100,Cacau,214,República Dominicana,34033866,2.026,5,0,1679722265
2012,528,Países Baixos,180100,Cacau,678,São Tomé e Príncipe,1978996,0.118,19,1,1679722265
2012,528,Países Baixos,180632,"Chocolate em tabletes, não recheado",276,Alemanha,34162032,33.166,1,0,103001795
2012,528,Países Baixos,180632,"Chocolate em tabletes, não recheado",56,Bélgica,27689936,26.883,2,0,103001795
2012,528,Países Baixos,180632,"Chocolate em tabletes, não recheado",826,Reino Unido,17437797,16.93,3,0,103001795
2012,528,Países Baixos,180632,"Chocolate em tabletes, não recheado",757,Suíça,6602635,6.41,4,0,103001795
2012,528,Países Baixos,180632,"Chocolate em tabletes, não recheado",616,Polónia,4349588,4.223,5,0,103001795
2012,528,Países Baixos,880330,Partes de aviões e helicópteros (ed. antiga),842,EUA,494173084,71.703,1,0,689189807
2012,528,Países Baixos,880330,Partes de aviões e helicópteros (ed. antiga),826,Reino Unido,56408012,8.185,2,0,689189807
2012,528,Países Baixos,880330,Partes de aviões e helicópteros (ed. antiga),251,França,19135203,2.776,3,0,689189807
2012,528,Países Baixos,880330,Partes de aviões e helicópteros (ed. antiga),276,Alemanha,18912268,2.744,4,0,689189807
2012,528,Países Baixos,880330,Partes de aviões e helicópteros (ed. antiga),56,Bélgica,14395254,2.089,5,0,689189807
2012,620,Portugal,080111,Coco desidratado,144,Sri Lanka,1969895,62.375,1,0,3158173
2012,620,Portugal,080111,Coco desidratado,704,Vietname,624857,19.785,2,0,3158173
2012,620,Portugal,080111,Coco desidratado,360,Indonésia,250868,7.943,3,0,3158173
2012,620,Portugal,080111,Coco desidratado,724,Espanha,182982,5.794,4,0,3158173
2012,620,Portugal,080111,Coco desidratado,528,Países Baixos,61074,1.934,5,0,3158173
2012,620,Portugal,090411,Pimenta do reino,704,Vietname,1191748,55.756,1,0,2137436
2012,620,Portugal,090411,Pimenta do reino,251,França,378028,17.686,2,0,2137436
2012,620,Portugal,090411,Pimenta do reino,724,Espanha,225910,10.569,3,0,2137436
2012,620,Portugal,090411,Pimenta do reino,76,Brasil,161520,7.557,4,0,2137436
2012,620,Portugal,090411,Pimenta do reino,56,Bélgica,118593,5.548,5,0,2137436
2012,620,Portugal,151110,Óleo de palma em bruto,724,Espanha,3516143,71.081,1,0,4946665
2012,620,Portugal,151110,Óleo de palma em bruto,430,Liberia,1202367,24.307,2,0,4946665
2012,620,Portugal,151110,Óleo de palma em bruto,458,Malásia,179785,3.634,3,0,4946665
2012,620,Portugal,151110,Óleo de palma em bruto,826,Reino Unido,28817,0.583,4,0,4946665
2012,620,Portugal,151110,Óleo de palma em bruto,251,França,15435,0.312,5,0,4946665
2012,620,Portugal,180100,Cacau,724,Espanha,224014,95.822,1,0,233782
2012,620,Portugal,180100,Cacau,604,Peru,5783,2.474,2,0,233782
2012,620,Portugal,180100,Cacau,678,São Tomé e Príncipe,3154,1.349,3,1,233782
2012,620,Portugal,180100,Cacau,56,Bélgica,831,0.355,4,0,233782
2012,620,Portugal,180632,"Chocolate em tabletes, não recheado",724,Espanha,20272815,53.809,1,0,37675230
2012,620,Portugal,180632,"Chocolate em tabletes, não recheado",276,Alemanha,9892278,26.257,2,0,37675230
2012,620,Portugal,180632,"Chocolate em tabletes, não recheado",251,França,2027196,5.381,3,0,37675230
2012,620,Portugal,180632,"Chocolate em tabletes, não recheado",56,Bélgica,1391347,3.693,4,0,37675230
2012,620,Portugal,180632,"Chocolate em tabletes, não recheado",40,Áustria,886359,2.353,5,0,37675230
2012,620,Portugal,880330,Partes de aviões e helicópteros (ed. antiga),842,EUA,27240350,35.287,1,0,77197497
2012,620,Portugal,880330,Partes de aviões e helicópteros (ed. antiga),251,França,16973817,21.988,2,0,77197497
2012,620,Portugal,880330,Partes de aviões e helicópteros (ed. antiga),826,Reino Unido,8985752,11.64,3,0,77197497
2012,620,Portugal,880330,Partes de aviões e helicópteros (ed. antiga),276,Alemanha,8569417,11.101,4,0,77197497
2012,620,Portugal,880330,Partes de aviões e helicópteros (ed. antiga),724,Espanha,4357968,5.645,5,0,77197497
2013,24,Angola,080111,Coco desidratado,620,Portugal,453966,38.478,1,0,1179815
2013,24,Angola,080111,Coco desidratado,704,Vietname,403529,34.203,2,0,1179815
2013,24,Angola,080111,Coco desidratado,144,Sri Lanka,84814,7.189,3,0,1179815
2013,24,Angola,080111,Coco desidratado,360,Indonésia,77158,6.54,4,0,1179815
2013,24,Angola,080111,Coco desidratado,702,Singapura,46581,3.948,5,0,1179815
2013,24,Angola,080111,Coco desidratado,678,São Tomé e Príncipe,16254,1.378,8,1,1179815
2013,24,Angola,090411,Pimenta do reino,620,Portugal,208698,85.001,1,0,245525
2013,24,Angola,090411,Pimenta do reino,251,França,11980,4.879,2,0,245525
2013,24,Angola,090411,Pimenta do reino,710,África do Sul,10194,4.152,3,0,245525
2013,24,Angola,090411,Pimenta do reino,56,Bélgica,6435,2.621,4,0,245525
2013,24,Angola,090411,Pimenta do reino,842,EUA,1770,0.721,5,0,245525
2013,24,Angola,151110,Óleo de palma em bruto,458,Malásia,1467541,81.047,1,0,1810731
2013,24,Angola,151110,Óleo de palma em bruto,360,Indonésia,169597,9.366,2,0,1810731
2013,24,Angola,151110,Óleo de palma em bruto,702,Singapura,68663,3.792,3,0,1810731
2013,24,Angola,151110,Óleo de palma em bruto,784,Emirados Árabes Unidos,56132,3.1,4,0,1810731
2013,24,Angola,151110,Óleo de palma em bruto,705,Eslovénia,47165,2.605,5,0,1810731
2013,24,Angola,180100,Cacau,620,Portugal,1519,49.159,1,0,3090
2013,24,Angola,180100,Cacau,380,Itália,1490,48.22,2,0,3090
2013,24,Angola,180100,Cacau,124,Canadá,81,2.621,3,0,3090
2013,24,Angola,180632,"Chocolate em tabletes, não recheado",620,Portugal,653418,32.801,1,0,1992068
2013,24,Angola,180632,"Chocolate em tabletes, não recheado",710,África do Sul,332642,16.698,2,0,1992068
2013,24,Angola,180632,"Chocolate em tabletes, não recheado",792,Turquia,280124,14.062,3,0,1992068
2013,24,Angola,180632,"Chocolate em tabletes, não recheado",76,Brasil,247428,12.421,4,0,1992068
2013,24,Angola,180632,"Chocolate em tabletes, não recheado",484,México,203874,10.234,5,0,1992068
2013,24,Angola,271011,Óleos leves de petróleo (ed. antiga),702,Singapura,334476505,70.071,1,0,477341896
2013,24,Angola,271011,Óleos leves de petróleo (ed. antiga),528,Países Baixos,141297629,29.601,2,0,477341896
2013,24,Angola,271011,Óleos leves de petróleo (ed. antiga),826,Reino Unido,733190,0.154,3,0,477341896
2013,24,Angola,271011,Óleos leves de petróleo (ed. antiga),842,EUA,606457,0.127,4,0,477341896
2013,24,Angola,271011,Óleos leves de petróleo (ed. antiga),710,África do Sul,93551,0.02,5,0,477341896
2013,24,Angola,880330,Partes de aviões e helicópteros (ed. antiga),251,França,27909168,54.312,1,0,51386989
2013,24,Angola,880330,Partes de aviões e helicópteros (ed. antiga),842,EUA,10532196,20.496,2,0,51386989
2013,24,Angola,880330,Partes de aviões e helicópteros (ed. antiga),757,Suíça,3049657,5.935,3,0,51386989
2013,24,Angola,880330,Partes de aviões e helicópteros (ed. antiga),804,Ucrânia,2638987,5.136,4,0,51386989
2013,24,Angola,880330,Partes de aviões e helicópteros (ed. antiga),76,Brasil,2502780,4.87,5,0,51386989
2013,56,Bélgica,080111,Coco desidratado,528,Países Baixos,9525327,70.154,1,0,13577686
2013,56,Bélgica,080111,Coco desidratado,608,Filipinas,1481126,10.909,2,0,13577686
2013,56,Bélgica,080111,Coco desidratado,251,França,1261857,9.294,3,0,13577686
2013,56,Bélgica,080111,Coco desidratado,276,Alemanha,744148,5.481,4,0,13577686
2013,56,Bélgica,080111,Coco desidratado,826,Reino Unido,222857,1.641,5,0,13577686
2013,56,Bélgica,090411,Pimenta do reino,360,Indonésia,2471189,26.526,1,0,9316099
2013,56,Bélgica,090411,Pimenta do reino,528,Países Baixos,2132631,22.892,2,0,9316099
2013,56,Bélgica,090411,Pimenta do reino,699,Índia,1040069,11.164,3,0,9316099
2013,56,Bélgica,090411,Pimenta do reino,704,Vietname,904934,9.714,4,0,9316099
2013,56,Bélgica,090411,Pimenta do reino,276,Alemanha,688636,7.392,5,0,9316099
2013,56,Bélgica,151110,Óleo de palma em bruto,528,Países Baixos,141184637,76.017,1,0,185726710
2013,56,Bélgica,151110,Óleo de palma em bruto,360,Indonésia,20961614,11.286,2,0,185726710
2013,56,Bélgica,151110,Óleo de palma em bruto,458,Malásia,14027000,7.552,3,0,185726710
2013,56,Bélgica,151110,Óleo de palma em bruto,598,Papua New Guinea,5994454,3.228,4,0,185726710
2013,56,Bélgica,151110,Óleo de palma em bruto,380,Itália,2204105,1.187,5,0,185726710
2013,56,Bélgica,180100,Cacau,384,Costa do Marfim,124922375,42.9,1,0,291197646
2013,56,Bélgica,180100,Cacau,288,Gana,91751507,31.508,2,0,291197646
2013,56,Bélgica,180100,Cacau,598,Papua New Guinea,12488385,4.289,3,0,291197646
2013,56,Bélgica,180100,Cacau,214,República Dominicana,9881700,3.393,4,0,291197646
2013,56,Bélgica,180100,Cacau,768,Togo,9026201,3.1,5,0,291197646
2013,56,Bélgica,180100,Cacau,678,São Tomé e Príncipe,175547,0.06,23,1,291197646
2013,56,Bélgica,180632,"Chocolate em tabletes, não recheado",276,Alemanha,49616392,55.134,1,0,89992016
2013,56,Bélgica,180632,"Chocolate em tabletes, não recheado",251,França,8343662,9.272,2,0,89992016
2013,56,Bélgica,180632,"Chocolate em tabletes, não recheado",616,Polónia,7197920,7.998,3,0,89992016
2013,56,Bélgica,180632,"Chocolate em tabletes, não recheado",528,Países Baixos,6258929,6.955,4,0,89992016
2013,56,Bélgica,180632,"Chocolate em tabletes, não recheado",40,Áustria,5451911,6.058,5,0,89992016
2013,56,Bélgica,880330,Partes de aviões e helicópteros (ed. antiga),842,EUA,228111301,46.997,1,0,485374352
2013,56,Bélgica,880330,Partes de aviões e helicópteros (ed. antiga),251,França,106152908,21.87,2,0,485374352
2013,56,Bélgica,880330,Partes de aviões e helicópteros (ed. antiga),276,Alemanha,66484116,13.697,3,0,485374352
2013,56,Bélgica,880330,Partes de aviões e helicópteros (ed. antiga),826,Reino Unido,26360094,5.431,4,0,485374352
2013,56,Bélgica,880330,Partes de aviões e helicópteros (ed. antiga),380,Itália,16333054,3.365,5,0,485374352
2013,528,Países Baixos,080111,Coco desidratado,608,Filipinas,16001734,60.269,1,0,26550521
2013,528,Países Baixos,080111,Coco desidratado,360,Indonésia,7222331,27.202,2,0,26550521
2013,528,Países Baixos,080111,Coco desidratado,276,Alemanha,886346,3.338,3,0,26550521
2013,528,Países Baixos,080111,Coco desidratado,144,Sri Lanka,568275,2.14,4,0,26550521
2013,528,Países Baixos,080111,Coco desidratado,826,Reino Unido,475253,1.79,5,0,26550521
2013,528,Países Baixos,090411,Pimenta do reino,704,Vietname,42248385,55.336,1,0,76348302
2013,528,Países Baixos,090411,Pimenta do reino,360,Indonésia,14401967,18.864,2,0,76348302
2013,528,Países Baixos,090411,Pimenta do reino,76,Brasil,6741786,8.83,3,0,76348302
2013,528,Países Baixos,090411,Pimenta do reino,699,Índia,4735289,6.202,4,0,76348302
2013,528,Países Baixos,090411,Pimenta do reino,276,Alemanha,4046603,5.3,5,0,76348302
2013,528,Países Baixos,151110,Óleo de palma em bruto,360,Indonésia,969914977,42.145,1,0,2301362095
2013,528,Países Baixos,151110,Óleo de palma em bruto,458,Malásia,923702298,40.137,2,0,2301362095
2013,528,Países Baixos,151110,Óleo de palma em bruto,598,Papua New Guinea,76377076,3.319,3,0,2301362095
2013,528,Países Baixos,151110,Óleo de palma em bruto,340,Honduras,66240725,2.878,4,0,2301362095
2013,528,Países Baixos,151110,Óleo de palma em bruto,170,Colômbia,64327512,2.795,5,0,2301362095
2013,528,Países Baixos,180100,Cacau,384,Costa do Marfim,474731790,30.368,1,0,1563244535
2013,528,Países Baixos,180100,Cacau,288,Gana,325000853,20.79,2,0,1563244535
2013,528,Países Baixos,180100,Cacau,566,Nigéria,310277174,19.848,3,0,1563244535
2013,528,Países Baixos,180100,Cacau,120,Camarões,310082191,19.836,4,0,1563244535
2013,528,Países Baixos,180100,Cacau,214,República Dominicana,31153224,1.993,5,0,1563244535
2013,528,Países Baixos,180100,Cacau,678,São Tomé e Príncipe,1073297,0.069,21,1,1563244535
2013,528,Países Baixos,180632,"Chocolate em tabletes, não recheado",56,Bélgica,48590006,39.7,1,0,122392218
2013,528,Países Baixos,180632,"Chocolate em tabletes, não recheado",276,Alemanha,33274298,27.187,2,0,122392218
2013,528,Países Baixos,180632,"Chocolate em tabletes, não recheado",826,Reino Unido,18938940,15.474,3,0,122392218
2013,528,Países Baixos,180632,"Chocolate em tabletes, não recheado",757,Suíça,7697151,6.289,4,0,122392218
2013,528,Países Baixos,180632,"Chocolate em tabletes, não recheado",251,França,5355679,4.376,5,0,122392218
2013,528,Países Baixos,880330,Partes de aviões e helicópteros (ed. antiga),842,EUA,562516307,70.033,1,0,803211038
2013,528,Países Baixos,880330,Partes de aviões e helicópteros (ed. antiga),826,Reino Unido,45149325,5.621,2,0,803211038
2013,528,Países Baixos,880330,Partes de aviões e helicópteros (ed. antiga),251,França,25302116,3.15,3,0,803211038
2013,528,Países Baixos,880330,Partes de aviões e helicópteros (ed. antiga),276,Alemanha,24706950,3.076,4,0,803211038
2013,528,Países Baixos,880330,Partes de aviões e helicópteros (ed. antiga),620,Portugal,21729717,2.705,5,0,803211038
2013,620,Portugal,080111,Coco desidratado,144,Sri Lanka,1412662,42.889,1,0,3293759
2013,620,Portugal,080111,Coco desidratado,360,Indonésia,667524,20.266,2,0,3293759
2013,620,Portugal,080111,Coco desidratado,724,Espanha,461855,14.022,3,0,3293759
2013,620,Portugal,080111,Coco desidratado,608,Filipinas,323905,9.834,4,0,3293759
2013,620,Portugal,080111,Coco desidratado,704,Vietname,205475,6.238,5,0,3293759
2013,620,Portugal,090411,Pimenta do reino,251,França,388221,30.087,1,0,1290332
2013,620,Portugal,090411,Pimenta do reino,704,Vietname,374461,29.021,2,0,1290332
2013,620,Portugal,090411,Pimenta do reino,724,Espanha,210657,16.326,3,0,1290332
2013,620,Portugal,090411,Pimenta do reino,56,Bélgica,140811,10.913,4,0,1290332
2013,620,Portugal,090411,Pimenta do reino,76,Brasil,131952,10.226,5,0,1290332
2013,620,Portugal,151110,Óleo de palma em bruto,724,Espanha,2137185,90.256,1,0,2367908
2013,620,Portugal,151110,Óleo de palma em bruto,458,Malásia,164522,6.948,2,0,2367908
2013,620,Portugal,151110,Óleo de palma em bruto,430,Liberia,58183,2.457,3,0,2367908
2013,620,Portugal,151110,Óleo de palma em bruto,826,Reino Unido,5916,0.25,4,0,2367908
2013,620,Portugal,151110,Óleo de palma em bruto,624,Guiné-Bissau,2102,0.089,5,0,2367908
2013,620,Portugal,180100,Cacau,724,Espanha,629926,98.007,1,0,642734
2013,620,Portugal,180100,Cacau,251,França,8956,1.393,2,0,642734
2013,620,Portugal,180100,Cacau,678,São Tomé e Príncipe,1546,0.241,3,1,642734
2013,620,Portugal,180100,Cacau,604,Peru,1278,0.199,4,0,642734
2013,620,Portugal,180100,Cacau,56,Bélgica,592,0.092,5,0,642734
2013,620,Portugal,180100,Cacau,276,Alemanha,436,0.068,6,0,642734
2013,620,Portugal,180632,"Chocolate em tabletes, não recheado",724,Espanha,19820438,49.894,1,0,39724920
2013,620,Portugal,180632,"Chocolate em tabletes, não recheado",276,Alemanha,10676051,26.875,2,0,39724920
2013,620,Portugal,180632,"Chocolate em tabletes, não recheado",251,França,2470414,6.219,3,0,39724920
2013,620,Portugal,180632,"Chocolate em tabletes, não recheado",56,Bélgica,1449264,3.648,4,0,39724920
2013,620,Portugal,180632,"Chocolate em tabletes, não recheado",40,Áustria,1228020,3.091,5,0,39724920
2013,620,Portugal,880330,Partes de aviões e helicópteros (ed. antiga),842,EUA,32715185,28.634,1,0,114252512
2013,620,Portugal,880330,Partes de aviões e helicópteros (ed. antiga),724,Espanha,26915072,23.558,2,0,114252512
2013,620,Portugal,880330,Partes de aviões e helicópteros (ed. antiga),251,França,24266576,21.239,3,0,114252512
2013,620,Portugal,880330,Partes de aviões e helicópteros (ed. antiga),276,Alemanha,7843180,6.865,4,0,114252512
2013,620,Portugal,880330,Partes de aviões e helicópteros (ed. antiga),826,Reino Unido,6193156,5.421,5,0,114252512
2014,24,Angola,080111,Coco desidratado,704,Vietname,805886,56.298,1,0,1431474
2014,24,Angola,080111,Coco desidratado,620,Portugal,405379,28.319,2,0,1431474
2014,24,Angola,080111,Coco desidratado,702,Singapura,148846,10.398,3,0,1431474
2014,24,Angola,080111,Coco desidratado,710,África do Sul,24639,1.721,4,0,1431474
2014,24,Angola,080111,Coco desidratado,764,Tailândia,15382,1.075,5,0,1431474
2014,24,Angola,080111,Coco desidratado,678,São Tomé e Príncipe,13125,0.917,7,1,1431474
2014,24,Angola,090411,Pimenta do reino,620,Portugal,104707,64.516,1,0,162295
2014,24,Angola,090411,Pimenta do reino,710,África do Sul,28410,17.505,2,0,162295
2014,24,Angola,090411,Pimenta do reino,76,Brasil,20603,12.695,3,0,162295
2014,24,Angola,090411,Pimenta do reino,528,Países Baixos,1980,1.22,4,0,162295
2014,24,Angola,090411,Pimenta do reino,380,Itália,1942,1.197,5,0,162295
2014,24,Angola,151110,Óleo de palma em bruto,458,Malásia,195488,80.499,1,0,242844
2014,24,Angola,151110,Óleo de palma em bruto,699,Índia,36395,14.987,2,0,242844
2014,24,Angola,151110,Óleo de palma em bruto,620,Portugal,10777,4.438,3,0,242844
2014,24,Angola,151110,Óleo de palma em bruto,422,Líbano,184,0.076,4,0,242844
2014,24,Angola,180100,Cacau,620,Portugal,4308,53.165,1,0,8103
2014,24,Angola,180100,Cacau,32,Argentina,3795,46.835,2,0,8103
2014,24,Angola,180632,"Chocolate em tabletes, não recheado",620,Portugal,576055,37.532,1,0,1534851
2014,24,Angola,180632,"Chocolate em tabletes, não recheado",792,Turquia,402194,26.204,2,0,1534851
2014,24,Angola,180632,"Chocolate em tabletes, não recheado",484,México,234987,15.31,3,0,1534851
2014,24,Angola,180632,"Chocolate em tabletes, não recheado",32,Argentina,123101,8.02,4,0,1534851
2014,24,Angola,180632,"Chocolate em tabletes, não recheado",76,Brasil,79363,5.171,5,0,1534851
2014,24,Angola,880330,Partes de aviões e helicópteros (ed. antiga),251,França,22898789,80.231,1,0,28540975
2014,24,Angola,880330,Partes de aviões e helicópteros (ed. antiga),842,EUA,3872751,13.569,2,0,28540975
2014,24,Angola,880330,Partes de aviões e helicópteros (ed. antiga),417,Kyrgyzstan,507266,1.777,3,0,28540975
2014,24,Angola,880330,Partes de aviões e helicópteros (ed. antiga),757,Suíça,455428,1.596,4,0,28540975
2014,24,Angola,880330,Partes de aviões e helicópteros (ed. antiga),826,Reino Unido,307624,1.078,5,0,28540975
2014,56,Bélgica,080111,Coco desidratado,528,Países Baixos,9359225,66.029,1,0,14174436
2014,56,Bélgica,080111,Coco desidratado,608,Filipinas,2424305,17.103,2,0,14174436
2014,56,Bélgica,080111,Coco desidratado,251,França,1117033,7.881,3,0,14174436
2014,56,Bélgica,080111,Coco desidratado,144,Sri Lanka,647788,4.57,4,0,14174436
2014,56,Bélgica,080111,Coco desidratado,276,Alemanha,343951,2.427,5,0,14174436
2014,56,Bélgica,090411,Pimenta do reino,360,Indonésia,3371172,26.887,1,0,12538093
2014,56,Bélgica,090411,Pimenta do reino,276,Alemanha,2510815,20.025,2,0,12538093
2014,56,Bélgica,090411,Pimenta do reino,528,Países Baixos,2155263,17.19,3,0,12538093
2014,56,Bélgica,090411,Pimenta do reino,704,Vietname,1012468,8.075,4,0,12538093
2014,56,Bélgica,090411,Pimenta do reino,699,Índia,957125,7.634,5,0,12538093
2014,56,Bélgica,151110,Óleo de palma em bruto,528,Países Baixos,63188019,64.34,1,0,98209298
2014,56,Bélgica,151110,Óleo de palma em bruto,360,Indonésia,14604385,14.871,2,0,98209298
2014,56,Bélgica,151110,Óleo de palma em bruto,458,Malásia,12041024,12.261,3,0,98209298
2014,56,Bélgica,151110,Óleo de palma em bruto,598,Papua New Guinea,5136783,5.23,4,0,98209298
2014,56,Bélgica,151110,Óleo de palma em bruto,380,Itália,2155300,2.195,5,0,98209298
2014,56,Bélgica,180100,Cacau,384,Costa do Marfim,168658057,44.845,1,0,376092766
2014,56,Bélgica,180100,Cacau,288,Gana,94817108,25.211,2,0,376092766
2014,56,Bélgica,180100,Cacau,528,Países Baixos,22084341,5.872,3,0,376092766
2014,56,Bélgica,180100,Cacau,566,Nigéria,13005980,3.458,4,0,376092766
2014,56,Bélgica,180100,Cacau,218,Equador,12116832,3.222,5,0,376092766
2014,56,Bélgica,180100,Cacau,678,São Tomé e Príncipe,437106,0.116,22,1,376092766
2014,56,Bélgica,180632,"Chocolate em tabletes, não recheado",276,Alemanha,58417024,50.746,1,0,115115658
2014,56,Bélgica,180632,"Chocolate em tabletes, não recheado",616,Polónia,11262448,9.784,2,0,115115658
2014,56,Bélgica,180632,"Chocolate em tabletes, não recheado",251,França,10449363,9.077,3,0,115115658
2014,56,Bélgica,180632,"Chocolate em tabletes, não recheado",724,Espanha,8021399,6.968,4,0,115115658
2014,56,Bélgica,180632,"Chocolate em tabletes, não recheado",528,Países Baixos,7373070,6.405,5,0,115115658
2014,56,Bélgica,880330,Partes de aviões e helicópteros (ed. antiga),842,EUA,233921302,46.332,1,0,504878554
2014,56,Bélgica,880330,Partes de aviões e helicópteros (ed. antiga),251,França,91553139,18.134,2,0,504878554
2014,56,Bélgica,880330,Partes de aviões e helicópteros (ed. antiga),276,Alemanha,61172336,12.116,3,0,504878554
2014,56,Bélgica,880330,Partes de aviões e helicópteros (ed. antiga),826,Reino Unido,45044773,8.922,4,0,504878554
2014,56,Bélgica,880330,Partes de aviões e helicópteros (ed. antiga),40,Áustria,25001449,4.952,5,0,504878554
2014,528,Países Baixos,080111,Coco desidratado,608,Filipinas,27263935,57.143,1,0,47711633
2014,528,Países Baixos,080111,Coco desidratado,360,Indonésia,13939485,29.216,2,0,47711633
2014,528,Países Baixos,080111,Coco desidratado,144,Sri Lanka,3132969,6.566,3,0,47711633
2014,528,Países Baixos,080111,Coco desidratado,276,Alemanha,996301,2.088,4,0,47711633
2014,528,Países Baixos,080111,Coco desidratado,826,Reino Unido,595443,1.248,5,0,47711633
2014,528,Países Baixos,090411,Pimenta do reino,704,Vietname,49741120,60.57,1,0,82121648
2014,528,Países Baixos,090411,Pimenta do reino,360,Indonésia,17089770,20.81,2,0,82121648
2014,528,Países Baixos,090411,Pimenta do reino,699,Índia,6556633,7.984,3,0,82121648
2014,528,Países Baixos,090411,Pimenta do reino,76,Brasil,3097236,3.772,4,0,82121648
2014,528,Países Baixos,090411,Pimenta do reino,458,Malásia,1809883,2.204,5,0,82121648
2014,528,Países Baixos,151110,Óleo de palma em bruto,458,Malásia,834612798,44.06,1,0,1894267328
2014,528,Países Baixos,151110,Óleo de palma em bruto,360,Indonésia,608340383,32.115,2,0,1894267328
2014,528,Países Baixos,151110,Óleo de palma em bruto,320,Guatemala,113077695,5.969,3,0,1894267328
2014,528,Países Baixos,151110,Óleo de palma em bruto,340,Honduras,98178324,5.183,4,0,1894267328
2014,528,Países Baixos,151110,Óleo de palma em bruto,598,Papua New Guinea,82128134,4.336,5,0,1894267328
2014,528,Países Baixos,180100,Cacau,384,Costa do Marfim,530252440,28.608,1,0,1853541175
2014,528,Países Baixos,180100,Cacau,120,Camarões,376651093,20.321,2,0,1853541175
2014,528,Países Baixos,180100,Cacau,288,Gana,376627697,20.319,3,0,1853541175
2014,528,Países Baixos,180100,Cacau,566,Nigéria,372855645,20.116,4,0,1853541175
2014,528,Países Baixos,180100,Cacau,56,Bélgica,55083315,2.972,5,0,1853541175
2014,528,Países Baixos,180100,Cacau,678,São Tomé e Príncipe,797503,0.043,22,1,1853541175
2014,528,Países Baixos,180632,"Chocolate em tabletes, não recheado",276,Alemanha,44426489,38.663,1,0,114907963
2014,528,Países Baixos,180632,"Chocolate em tabletes, não recheado",56,Bélgica,40172547,34.961,2,0,114907963
2014,528,Países Baixos,180632,"Chocolate em tabletes, não recheado",757,Suíça,7951773,6.92,3,0,114907963
2014,528,Países Baixos,180632,"Chocolate em tabletes, não recheado",826,Reino Unido,7028383,6.117,4,0,114907963
2014,528,Países Baixos,180632,"Chocolate em tabletes, não recheado",251,França,4649702,4.046,5,0,114907963
2014,528,Países Baixos,180632,"Chocolate em tabletes, não recheado",678,São Tomé e Príncipe,17575,0.015,28,1,114907963
2014,528,Países Baixos,880330,Partes de aviões e helicópteros (ed. antiga),842,EUA,611939330,66.141,1,0,925200570
2014,528,Países Baixos,880330,Partes de aviões e helicópteros (ed. antiga),251,França,42136038,4.554,2,0,925200570
2014,528,Países Baixos,880330,Partes de aviões e helicópteros (ed. antiga),826,Reino Unido,39755834,4.297,3,0,925200570
2014,528,Países Baixos,880330,Partes de aviões e helicópteros (ed. antiga),276,Alemanha,38959749,4.211,4,0,925200570
2014,528,Países Baixos,880330,Partes de aviões e helicópteros (ed. antiga),124,Canadá,19023021,2.056,5,0,925200570
2014,620,Portugal,080111,Coco desidratado,144,Sri Lanka,3898670,67.362,1,0,5787602
2014,620,Portugal,080111,Coco desidratado,360,Indonésia,1082854,18.71,2,0,5787602
2014,620,Portugal,080111,Coco desidratado,724,Espanha,424806,7.34,3,0,5787602
2014,620,Portugal,080111,Coco desidratado,528,Países Baixos,222112,3.838,4,0,5787602
2014,620,Portugal,080111,Coco desidratado,704,Vietname,63632,1.099,5,0,5787602
2014,620,Portugal,090411,Pimenta do reino,704,Vietname,610005,32.537,1,0,1874803
2014,620,Portugal,090411,Pimenta do reino,724,Espanha,582263,31.057,2,0,1874803
2014,620,Portugal,090411,Pimenta do reino,251,França,525364,28.022,3,0,1874803
2014,620,Portugal,090411,Pimenta do reino,56,Bélgica,103577,5.525,4,0,1874803
2014,620,Portugal,090411,Pimenta do reino,380,Itália,25471,1.359,5,0,1874803
2014,620,Portugal,151110,Óleo de palma em bruto,724,Espanha,2449044,79.729,1,0,3071699
2014,620,Portugal,151110,Óleo de palma em bruto,528,Países Baixos,441780,14.382,2,0,3071699
2014,620,Portugal,151110,Óleo de palma em bruto,458,Malásia,169224,5.509,3,0,3071699
2014,620,Portugal,151110,Óleo de palma em bruto,324,Guinea,11076,0.361,4,0,3071699
2014,620,Portugal,151110,Óleo de palma em bruto,251,França,575,0.019,5,0,3071699
2014,620,Portugal,180100,Cacau,724,Espanha,297322,95.423,1,0,311584
2014,620,Portugal,180100,Cacau,251,França,13331,4.278,2,0,311584
2014,620,Portugal,180100,Cacau,56,Bélgica,875,0.281,3,0,311584
2014,620,Portugal,180100,Cacau,76,Brasil,56,0.018,4,0,311584
2014,620,Portugal,180632,"Chocolate em tabletes, não recheado",724,Espanha,22087304,49.666,1,0,44471849
2014,620,Portugal,180632,"Chocolate em tabletes, não recheado",276,Alemanha,12197531,27.428,2,0,44471849
2014,620,Portugal,180632,"Chocolate em tabletes, não recheado",203,Chéquia,1765111,3.969,3,0,44471849
2014,620,Portugal,180632,"Chocolate em tabletes, não recheado",40,Áustria,1685956,3.791,4,0,44471849
2014,620,Portugal,180632,"Chocolate em tabletes, não recheado",56,Bélgica,1493606,3.359,5,0,44471849
2014,620,Portugal,880330,Partes de aviões e helicópteros (ed. antiga),724,Espanha,42798662,26.326,1,0,162573119
2014,620,Portugal,880330,Partes de aviões e helicópteros (ed. antiga),842,EUA,38402509,23.622,2,0,162573119
2014,620,Portugal,880330,Partes de aviões e helicópteros (ed. antiga),251,França,28304092,17.41,3,0,162573119
2014,620,Portugal,880330,Partes de aviões e helicópteros (ed. antiga),826,Reino Unido,12925344,7.95,4,0,162573119
2014,620,Portugal,880330,Partes de aviões e helicópteros (ed. antiga),76,Brasil,12141457,7.468,5,0,162573119
2015,24,Angola,080111,Coco desidratado,620,Portugal,261873,73.335,1,0,357092
2015,24,Angola,080111,Coco desidratado,710,África do Sul,29137,8.159,2,0,357092
2015,24,Angola,080111,Coco desidratado,156,China,23000,6.441,3,0,357092
2015,24,Angola,080111,Coco desidratado,704,Vietname,21415,5.997,4,0,357092
2015,24,Angola,080111,Coco desidratado,764,Tailândia,15280,4.279,5,0,357092
2015,24,Angola,090411,Pimenta do reino,620,Portugal,92617,71.419,1,0,129681
2015,24,Angola,090411,Pimenta do reino,724,Espanha,20942,16.149,2,0,129681
2015,24,Angola,090411,Pimenta do reino,710,África do Sul,11580,8.93,3,0,129681
2015,24,Angola,090411,Pimenta do reino,56,Bélgica,2501,1.928,4,0,129681
2015,24,Angola,090411,Pimenta do reino,842,EUA,698,0.538,5,0,129681
2015,24,Angola,151110,Óleo de palma em bruto,620,Portugal,11394,97.668,1,0,11666
2015,24,Angola,151110,Óleo de palma em bruto,180,RD Congo,272,2.332,2,0,11666
2015,24,Angola,180100,Cacau,180,RD Congo,280,62.549,1,0,448
2015,24,Angola,180100,Cacau,620,Portugal,168,37.451,2,0,448
2015,24,Angola,180632,"Chocolate em tabletes, não recheado",620,Portugal,629264,50.38,1,0,1249042
2015,24,Angola,180632,"Chocolate em tabletes, não recheado",792,Turquia,264128,21.146,2,0,1249042
2015,24,Angola,180632,"Chocolate em tabletes, não recheado",710,África do Sul,148857,11.918,3,0,1249042
2015,24,Angola,180632,"Chocolate em tabletes, não recheado",76,Brasil,106464,8.524,4,0,1249042
2015,24,Angola,180632,"Chocolate em tabletes, não recheado",32,Argentina,36306,2.907,5,0,1249042
2015,24,Angola,880330,Partes de aviões e helicópteros (ed. antiga),251,França,7410888,58.64,1,0,12637892
2015,24,Angola,880330,Partes de aviões e helicópteros (ed. antiga),842,EUA,2769398,21.913,2,0,12637892
2015,24,Angola,880330,Partes de aviões e helicópteros (ed. antiga),757,Suíça,1226044,9.701,3,0,12637892
2015,24,Angola,880330,Partes de aviões e helicópteros (ed. antiga),92,Br. Virgin Isds,669894,5.301,4,0,12637892
2015,24,Angola,880330,Partes de aviões e helicópteros (ed. antiga),124,Canadá,232432,1.839,5,0,12637892
2015,56,Bélgica,080111,Coco desidratado,528,Países Baixos,9263111,74.007,1,0,12516590
2015,56,Bélgica,080111,Coco desidratado,608,Filipinas,1281104,10.235,2,0,12516590
2015,56,Bélgica,080111,Coco desidratado,251,França,741775,5.926,3,0,12516590
2015,56,Bélgica,080111,Coco desidratado,360,Indonésia,662534,5.293,4,0,12516590
2015,56,Bélgica,080111,Coco desidratado,276,Alemanha,210679,1.683,5,0,12516590
2015,56,Bélgica,090411,Pimenta do reino,360,Indonésia,4575516,33.008,1,0,13861808
2015,56,Bélgica,090411,Pimenta do reino,704,Vietname,2509168,18.101,2,0,13861808
2015,56,Bélgica,090411,Pimenta do reino,276,Alemanha,2457307,17.727,3,0,13861808
2015,56,Bélgica,090411,Pimenta do reino,528,Países Baixos,1726264,12.453,4,0,13861808
2015,56,Bélgica,090411,Pimenta do reino,450,Madagáscar,499453,3.603,5,0,13861808
2015,56,Bélgica,151110,Óleo de palma em bruto,528,Países Baixos,35974888,51.686,1,0,69602119
2015,56,Bélgica,151110,Óleo de palma em bruto,458,Malásia,16164217,23.224,2,0,69602119
2015,56,Bélgica,151110,Óleo de palma em bruto,360,Indonésia,11216881,16.116,3,0,69602119
2015,56,Bélgica,151110,Óleo de palma em bruto,598,Papua New Guinea,5006541,7.193,4,0,69602119
2015,56,Bélgica,151110,Óleo de palma em bruto,724,Espanha,1053879,1.514,5,0,69602119
2015,56,Bélgica,180100,Cacau,384,Costa do Marfim,209532292,55.927,1,0,374651280
2015,56,Bélgica,180100,Cacau,288,Gana,71861798,19.181,2,0,374651280
2015,56,Bélgica,180100,Cacau,528,Países Baixos,18796372,5.017,3,0,374651280
2015,56,Bélgica,180100,Cacau,598,Papua New Guinea,13155073,3.511,4,0,374651280
2015,56,Bélgica,180100,Cacau,218,Equador,9985051,2.665,5,0,374651280
2015,56,Bélgica,180100,Cacau,678,São Tomé e Príncipe,1789530,0.478,16,1,374651280
2015,56,Bélgica,180632,"Chocolate em tabletes, não recheado",276,Alemanha,60682175,56.365,1,0,107659873
2015,56,Bélgica,180632,"Chocolate em tabletes, não recheado",251,França,9162883,8.511,2,0,107659873
2015,56,Bélgica,180632,"Chocolate em tabletes, não recheado",616,Polónia,8583197,7.973,3,0,107659873
2015,56,Bélgica,180632,"Chocolate em tabletes, não recheado",528,Países Baixos,7157531,6.648,4,0,107659873
2015,56,Bélgica,180632,"Chocolate em tabletes, não recheado",40,Áustria,6404929,5.949,5,0,107659873
2015,56,Bélgica,880330,Partes de aviões e helicópteros (ed. antiga),251,França,98290255,29.204,1,0,336569891
2015,56,Bélgica,880330,Partes de aviões e helicópteros (ed. antiga),842,EUA,92724042,27.55,2,0,336569891
2015,56,Bélgica,880330,Partes de aviões e helicópteros (ed. antiga),276,Alemanha,56289473,16.724,3,0,336569891
2015,56,Bélgica,880330,Partes de aviões e helicópteros (ed. antiga),826,Reino Unido,17953785,5.334,4,0,336569891
2015,56,Bélgica,880330,Partes de aviões e helicópteros (ed. antiga),380,Itália,17857749,5.306,5,0,336569891
2015,528,Países Baixos,080111,Coco desidratado,608,Filipinas,22853150,65.406,1,0,34940676
2015,528,Países Baixos,080111,Coco desidratado,360,Indonésia,7865073,22.51,2,0,34940676
2015,528,Países Baixos,080111,Coco desidratado,144,Sri Lanka,1705862,4.882,3,0,34940676
2015,528,Países Baixos,080111,Coco desidratado,276,Alemanha,835673,2.392,4,0,34940676
2015,528,Países Baixos,080111,Coco desidratado,826,Reino Unido,668312,1.913,5,0,34940676
2015,528,Países Baixos,090411,Pimenta do reino,704,Vietname,26128568,38.809,1,0,67326729
2015,528,Países Baixos,090411,Pimenta do reino,360,Indonésia,16078070,23.881,2,0,67326729
2015,528,Países Baixos,090411,Pimenta do reino,699,Índia,10622093,15.777,3,0,67326729
2015,528,Países Baixos,090411,Pimenta do reino,76,Brasil,4357181,6.472,4,0,67326729
2015,528,Países Baixos,090411,Pimenta do reino,276,Alemanha,2150941,3.195,5,0,67326729
2015,528,Países Baixos,151110,Óleo de palma em bruto,458,Malásia,616628340,40.243,1,0,1532275163
2015,528,Países Baixos,151110,Óleo de palma em bruto,360,Indonésia,575278117,37.544,2,0,1532275163
2015,528,Países Baixos,151110,Óleo de palma em bruto,320,Guatemala,113936138,7.436,3,0,1532275163
2015,528,Países Baixos,151110,Óleo de palma em bruto,170,Colômbia,105199386,6.866,4,0,1532275163
2015,528,Países Baixos,151110,Óleo de palma em bruto,340,Honduras,48346535,3.155,5,0,1532275163
2015,528,Países Baixos,180100,Cacau,384,Costa do Marfim,767388149,36.549,1,0,2099596824
2015,528,Países Baixos,180100,Cacau,566,Nigéria,351826105,16.757,2,0,2099596824
2015,528,Países Baixos,180100,Cacau,120,Camarões,337334475,16.067,3,0,2099596824
2015,528,Países Baixos,180100,Cacau,288,Gana,325430630,15.5,4,0,2099596824
2015,528,Países Baixos,180100,Cacau,604,Peru,69645178,3.317,5,0,2099596824
2015,528,Países Baixos,180100,Cacau,678,São Tomé e Príncipe,287718,0.014,29,1,2099596824
2015,528,Países Baixos,180632,"Chocolate em tabletes, não recheado",56,Bélgica,39529761,38.776,1,0,101944929
2015,528,Países Baixos,180632,"Chocolate em tabletes, não recheado",276,Alemanha,38569118,37.833,2,0,101944929
2015,528,Países Baixos,180632,"Chocolate em tabletes, não recheado",757,Suíça,6301427,6.181,3,0,101944929
2015,528,Países Baixos,180632,"Chocolate em tabletes, não recheado",251,França,3649512,3.58,4,0,101944929
2015,528,Países Baixos,180632,"Chocolate em tabletes, não recheado",826,Reino Unido,3531732,3.464,5,0,101944929
2015,528,Países Baixos,180632,"Chocolate em tabletes, não recheado",678,São Tomé e Príncipe,18504,0.018,32,1,101944929
2015,528,Países Baixos,880330,Partes de aviões e helicópteros (ed. antiga),842,EUA,741757189,65.628,1,0,1130240500
2015,528,Países Baixos,880330,Partes de aviões e helicópteros (ed. antiga),276,Alemanha,45057381,3.987,2,0,1130240500
2015,528,Países Baixos,880330,Partes de aviões e helicópteros (ed. antiga),699,Índia,41089078,3.635,3,0,1130240500
2015,528,Países Baixos,880330,Partes de aviões e helicópteros (ed. antiga),124,Canadá,38981051,3.449,4,0,1130240500
2015,528,Países Baixos,880330,Partes de aviões e helicópteros (ed. antiga),826,Reino Unido,37177762,3.289,5,0,1130240500
2015,528,Países Baixos,880330,Partes de aviões e helicópteros (ed. antiga),678,São Tomé e Príncipe,360,0.0,108,1,1130240500
2015,620,Portugal,080111,Coco desidratado,144,Sri Lanka,1956010,44.312,1,0,4414163
2015,620,Portugal,080111,Coco desidratado,360,Indonésia,1647379,37.32,2,0,4414163
2015,620,Portugal,080111,Coco desidratado,724,Espanha,468472,10.613,3,0,4414163
2015,620,Portugal,080111,Coco desidratado,528,Países Baixos,185163,4.195,4,0,4414163
2015,620,Portugal,080111,Coco desidratado,704,Vietname,81953,1.857,5,0,4414163
2015,620,Portugal,090411,Pimenta do reino,704,Vietname,1526236,62.681,1,0,2434929
2015,620,Portugal,090411,Pimenta do reino,251,França,419164,17.215,2,0,2434929
2015,620,Portugal,090411,Pimenta do reino,724,Espanha,356453,14.639,3,0,2434929
2015,620,Portugal,090411,Pimenta do reino,528,Países Baixos,65643,2.696,4,0,2434929
2015,620,Portugal,090411,Pimenta do reino,56,Bélgica,28730,1.18,5,0,2434929
2015,620,Portugal,151110,Óleo de palma em bruto,360,Indonésia,2142636,39.3,1,0,5452017
2015,620,Portugal,151110,Óleo de palma em bruto,608,Filipinas,1613260,29.59,2,0,5452017
2015,620,Portugal,151110,Óleo de palma em bruto,724,Espanha,812540,14.903,3,0,5452017
2015,620,Portugal,151110,Óleo de palma em bruto,528,Países Baixos,463700,8.505,4,0,5452017
2015,620,Portugal,151110,Óleo de palma em bruto,458,Malásia,419881,7.701,5,0,5452017
2015,620,Portugal,180100,Cacau,724,Espanha,277726,94.548,1,0,293739
2015,620,Portugal,180100,Cacau,251,França,13186,4.489,2,0,293739
2015,620,Portugal,180100,Cacau,604,Peru,1077,0.367,3,0,293739
2015,620,Portugal,180100,Cacau,56,Bélgica,900,0.307,4,0,293739
2015,620,Portugal,180100,Cacau,699,Índia,429,0.146,5,0,293739
2015,620,Portugal,180632,"Chocolate em tabletes, não recheado",724,Espanha,15622455,43.335,1,0,36050793
2015,620,Portugal,180632,"Chocolate em tabletes, não recheado",276,Alemanha,10073418,27.942,2,0,36050793
2015,620,Portugal,180632,"Chocolate em tabletes, não recheado",56,Bélgica,2141413,5.94,3,0,36050793
2015,620,Portugal,180632,"Chocolate em tabletes, não recheado",380,Itália,1457034,4.042,4,0,36050793
2015,620,Portugal,180632,"Chocolate em tabletes, não recheado",40,Áustria,1388691,3.852,5,0,36050793
2015,620,Portugal,880330,Partes de aviões e helicópteros (ed. antiga),842,EUA,47231433,25.502,1,0,185205790
2015,620,Portugal,880330,Partes de aviões e helicópteros (ed. antiga),724,Espanha,44189569,23.86,2,0,185205790
2015,620,Portugal,880330,Partes de aviões e helicópteros (ed. antiga),251,França,27204986,14.689,3,0,185205790
2015,620,Portugal,880330,Partes de aviões e helicópteros (ed. antiga),76,Brasil,25758629,13.908,4,0,185205790
2015,620,Portugal,880330,Partes de aviões e helicópteros (ed. antiga),276,Alemanha,13800750,7.452,5,0,185205790
2016,24,Angola,080111,Coco desidratado,620,Portugal,187358,45.509,1,0,411697
2016,24,Angola,080111,Coco desidratado,704,Vietname,92850,22.553,2,0,411697
2016,24,Angola,080111,Coco desidratado,360,Indonésia,52765,12.816,3,0,411697
2016,24,Angola,080111,Coco desidratado,710,África do Sul,52488,12.749,4,0,411697
2016,24,Angola,080111,Coco desidratado,764,Tailândia,15130,3.675,5,0,411697
2016,24,Angola,090411,Pimenta do reino,620,Portugal,71866,52.555,1,0,136743
2016,24,Angola,090411,Pimenta do reino,724,Espanha,20190,14.765,2,0,136743
2016,24,Angola,090411,Pimenta do reino,710,África do Sul,18603,13.604,3,0,136743
2016,24,Angola,090411,Pimenta do reino,56,Bélgica,13786,10.082,4,0,136743
2016,24,Angola,090411,Pimenta do reino,156,China,10941,8.001,5,0,136743
2016,24,Angola,180100,Cacau,620,Portugal,129,100.0,1,0,129
2016,24,Angola,180632,"Chocolate em tabletes, não recheado",620,Portugal,1581915,63.013,1,0,2510452
2016,24,Angola,180632,"Chocolate em tabletes, não recheado",710,África do Sul,734194,29.245,2,0,2510452
2016,24,Angola,180632,"Chocolate em tabletes, não recheado",76,Brasil,125478,4.998,3,0,2510452
2016,24,Angola,180632,"Chocolate em tabletes, não recheado",724,Espanha,44862,1.787,4,0,2510452
2016,24,Angola,180632,"Chocolate em tabletes, não recheado",276,Alemanha,19898,0.793,5,0,2510452
2016,24,Angola,880330,Partes de aviões e helicópteros (ed. antiga),92,Br. Virgin Isds,1881160,45.681,1,0,4118045
2016,24,Angola,880330,Partes de aviões e helicópteros (ed. antiga),842,EUA,1423753,34.574,2,0,4118045
2016,24,Angola,880330,Partes de aviões e helicópteros (ed. antiga),757,Suíça,267812,6.503,3,0,4118045
2016,24,Angola,880330,Partes de aviões e helicópteros (ed. antiga),710,África do Sul,165158,4.011,4,0,4118045
2016,24,Angola,880330,Partes de aviões e helicópteros (ed. antiga),826,Reino Unido,101133,2.456,5,0,4118045
2016,56,Bélgica,080111,Coco desidratado,528,Países Baixos,8759616,69.971,1,0,12518893
2016,56,Bélgica,080111,Coco desidratado,608,Filipinas,2317074,18.509,2,0,12518893
2016,56,Bélgica,080111,Coco desidratado,251,França,970205,7.75,3,0,12518893
2016,56,Bélgica,080111,Coco desidratado,276,Alemanha,153084,1.223,4,0,12518893
2016,56,Bélgica,080111,Coco desidratado,826,Reino Unido,101534,0.811,5,0,12518893
2016,56,Bélgica,090411,Pimenta do reino,276,Alemanha,3799970,26.896,1,0,14128364
2016,56,Bélgica,090411,Pimenta do reino,704,Vietname,3220334,22.793,2,0,14128364
2016,56,Bélgica,090411,Pimenta do reino,528,Países Baixos,2529584,17.904,3,0,14128364
2016,56,Bélgica,090411,Pimenta do reino,360,Indonésia,2032795,14.388,4,0,14128364
2016,56,Bélgica,090411,Pimenta do reino,450,Madagáscar,628069,4.445,5,0,14128364
2016,56,Bélgica,151110,Óleo de palma em bruto,528,Países Baixos,35542477,50.983,1,0,69713996
2016,56,Bélgica,151110,Óleo de palma em bruto,458,Malásia,18106527,25.973,2,0,69713996
2016,56,Bélgica,151110,Óleo de palma em bruto,360,Indonésia,5758675,8.26,3,0,69713996
2016,56,Bélgica,151110,Óleo de palma em bruto,598,Papua New Guinea,3816699,5.475,4,0,69713996
2016,56,Bélgica,151110,Óleo de palma em bruto,340,Honduras,2280080,3.271,5,0,69713996
2016,56,Bélgica,180100,Cacau,384,Costa do Marfim,241543405,56.314,1,0,428923777
2016,56,Bélgica,180100,Cacau,288,Gana,75231437,17.54,2,0,428923777
2016,56,Bélgica,180100,Cacau,528,Países Baixos,16638732,3.879,3,0,428923777
2016,56,Bélgica,180100,Cacau,598,Papua New Guinea,14460969,3.371,4,0,428923777
2016,56,Bélgica,180100,Cacau,566,Nigéria,11984305,2.794,5,0,428923777
2016,56,Bélgica,180100,Cacau,678,São Tomé e Príncipe,1542715,0.36,13,1,428923777
2016,56,Bélgica,180632,"Chocolate em tabletes, não recheado",276,Alemanha,60175019,56.53,1,0,106448279
2016,56,Bélgica,180632,"Chocolate em tabletes, não recheado",251,França,10952765,10.289,2,0,106448279
2016,56,Bélgica,180632,"Chocolate em tabletes, não recheado",616,Polónia,8834392,8.299,3,0,106448279
2016,56,Bélgica,180632,"Chocolate em tabletes, não recheado",528,Países Baixos,7322703,6.879,4,0,106448279
2016,56,Bélgica,180632,"Chocolate em tabletes, não recheado",40,Áustria,5270154,4.951,5,0,106448279
2016,56,Bélgica,880330,Partes de aviões e helicópteros (ed. antiga),251,França,163196945,40.468,1,0,403270804
2016,56,Bélgica,880330,Partes de aviões e helicópteros (ed. antiga),276,Alemanha,62337821,15.458,2,0,403270804
2016,56,Bélgica,880330,Partes de aviões e helicópteros (ed. antiga),842,EUA,47512543,11.782,3,0,403270804
2016,56,Bélgica,880330,Partes de aviões e helicópteros (ed. antiga),826,Reino Unido,25690993,6.371,4,0,403270804
2016,56,Bélgica,880330,Partes de aviões e helicópteros (ed. antiga),724,Espanha,22972999,5.697,5,0,403270804
2016,528,Países Baixos,080111,Coco desidratado,608,Filipinas,24148661,64.721,1,0,37312164
2016,528,Países Baixos,080111,Coco desidratado,360,Indonésia,5244734,14.056,2,0,37312164
2016,528,Países Baixos,080111,Coco desidratado,826,Reino Unido,3052126,8.18,3,0,37312164
2016,528,Países Baixos,080111,Coco desidratado,144,Sri Lanka,3021588,8.098,4,0,37312164
2016,528,Países Baixos,080111,Coco desidratado,764,Tailândia,598833,1.605,5,0,37312164
2016,528,Países Baixos,090411,Pimenta do reino,360,Indonésia,20879085,32.708,1,0,63834274
2016,528,Países Baixos,090411,Pimenta do reino,704,Vietname,20664443,32.372,2,0,63834274
2016,528,Países Baixos,090411,Pimenta do reino,76,Brasil,8680246,13.598,3,0,63834274
2016,528,Países Baixos,090411,Pimenta do reino,699,Índia,6153852,9.64,4,0,63834274
2016,528,Países Baixos,090411,Pimenta do reino,156,China,1731818,2.713,5,0,63834274
2016,528,Países Baixos,151110,Óleo de palma em bruto,360,Indonésia,407282592,29.524,1,0,1379492202
2016,528,Países Baixos,151110,Óleo de palma em bruto,458,Malásia,385031491,27.911,2,0,1379492202
2016,528,Países Baixos,151110,Óleo de palma em bruto,320,Guatemala,147959477,10.726,3,0,1379492202
2016,528,Países Baixos,151110,Óleo de palma em bruto,170,Colômbia,143709841,10.418,4,0,1379492202
2016,528,Países Baixos,151110,Óleo de palma em bruto,598,Papua New Guinea,138701687,10.055,5,0,1379492202
2016,528,Países Baixos,180100,Cacau,384,Costa do Marfim,906392384,35.545,1,0,2549950254
2016,528,Países Baixos,180100,Cacau,288,Gana,529304993,20.757,2,0,2549950254
2016,528,Países Baixos,180100,Cacau,120,Camarões,349376434,13.701,3,0,2549950254
2016,528,Países Baixos,180100,Cacau,566,Nigéria,344788752,13.521,4,0,2549950254
2016,528,Países Baixos,180100,Cacau,604,Peru,97220012,3.813,5,0,2549950254
2016,528,Países Baixos,180100,Cacau,678,São Tomé e Príncipe,1701356,0.067,20,1,2549950254
2016,528,Países Baixos,180632,"Chocolate em tabletes, não recheado",56,Bélgica,56222244,47.018,1,0,119574770
2016,528,Países Baixos,180632,"Chocolate em tabletes, não recheado",276,Alemanha,41511069,34.716,2,0,119574770
2016,528,Países Baixos,180632,"Chocolate em tabletes, não recheado",826,Reino Unido,6281858,5.253,3,0,119574770
2016,528,Países Baixos,180632,"Chocolate em tabletes, não recheado",757,Suíça,4827013,4.037,4,0,119574770
2016,528,Países Baixos,180632,"Chocolate em tabletes, não recheado",251,França,2755402,2.304,5,0,119574770
2016,528,Países Baixos,180632,"Chocolate em tabletes, não recheado",678,São Tomé e Príncipe,2521,0.002,40,1,119574770
2016,528,Países Baixos,880330,Partes de aviões e helicópteros (ed. antiga),842,EUA,599929000,59.766,1,0,1003796937
2016,528,Países Baixos,880330,Partes de aviões e helicópteros (ed. antiga),276,Alemanha,61887142,6.165,2,0,1003796937
2016,528,Países Baixos,880330,Partes de aviões e helicópteros (ed. antiga),826,Reino Unido,48252169,4.807,3,0,1003796937
2016,528,Países Baixos,880330,Partes de aviões e helicópteros (ed. antiga),251,França,40515097,4.036,4,0,1003796937
2016,528,Países Baixos,880330,Partes de aviões e helicópteros (ed. antiga),699,Índia,36421918,3.628,5,0,1003796937
2016,620,Portugal,080111,Coco desidratado,144,Sri Lanka,2576761,70.495,1,0,3655215
2016,620,Portugal,080111,Coco desidratado,360,Indonésia,546630,14.955,2,0,3655215
2016,620,Portugal,080111,Coco desidratado,528,Países Baixos,264082,7.225,3,0,3655215
2016,620,Portugal,080111,Coco desidratado,724,Espanha,213814,5.85,4,0,3655215
2016,620,Portugal,080111,Coco desidratado,608,Filipinas,25137,0.688,5,0,3655215
2016,620,Portugal,090411,Pimenta do reino,704,Vietname,811520,34.236,1,0,2370359
2016,620,Portugal,090411,Pimenta do reino,360,Indonésia,511142,21.564,2,0,2370359
2016,620,Portugal,090411,Pimenta do reino,251,França,467091,19.705,3,0,2370359
2016,620,Portugal,090411,Pimenta do reino,724,Espanha,446010,18.816,4,0,2370359
2016,620,Portugal,090411,Pimenta do reino,528,Países Baixos,83868,3.538,5,0,2370359
2016,620,Portugal,151110,Óleo de palma em bruto,724,Espanha,2432693,56.476,1,0,4307455
2016,620,Portugal,151110,Óleo de palma em bruto,608,Filipinas,1403091,32.574,2,0,4307455
2016,620,Portugal,151110,Óleo de palma em bruto,360,Indonésia,288441,6.696,3,0,4307455
2016,620,Portugal,151110,Óleo de palma em bruto,458,Malásia,140852,3.27,4,0,4307455
2016,620,Portugal,151110,Óleo de palma em bruto,702,Singapura,23226,0.539,5,0,4307455
2016,620,Portugal,180100,Cacau,724,Espanha,267116,82.688,1,0,323041
2016,620,Portugal,180100,Cacau,678,São Tomé e Príncipe,45600,14.116,2,1,323041
2016,620,Portugal,180100,Cacau,251,França,8415,2.605,3,0,323041
2016,620,Portugal,180100,Cacau,56,Bélgica,1412,0.437,4,0,323041
2016,620,Portugal,180100,Cacau,604,Peru,306,0.095,5,0,323041
2016,620,Portugal,180100,Cacau,528,Países Baixos,192,0.06,6,0,323041
2016,620,Portugal,180632,"Chocolate em tabletes, não recheado",724,Espanha,15313028,41.901,1,0,36545910
2016,620,Portugal,180632,"Chocolate em tabletes, não recheado",276,Alemanha,10592177,28.983,2,0,36545910
2016,620,Portugal,180632,"Chocolate em tabletes, não recheado",56,Bélgica,1991649,5.45,3,0,36545910
2016,620,Portugal,180632,"Chocolate em tabletes, não recheado",528,Países Baixos,1722114,4.712,4,0,36545910
2016,620,Portugal,180632,"Chocolate em tabletes, não recheado",380,Itália,1500853,4.107,5,0,36545910
2016,620,Portugal,880330,Partes de aviões e helicópteros (ed. antiga),842,EUA,37770095,22.766,1,0,165903606
2016,620,Portugal,880330,Partes de aviões e helicópteros (ed. antiga),724,Espanha,37391777,22.538,2,0,165903606
2016,620,Portugal,880330,Partes de aviões e helicópteros (ed. antiga),251,França,37361224,22.52,3,0,165903606
2016,620,Portugal,880330,Partes de aviões e helicópteros (ed. antiga),76,Brasil,19836692,11.957,4,0,165903606
2016,620,Portugal,880330,Partes de aviões e helicópteros (ed. antiga),276,Alemanha,14284652,8.61,5,0,165903606
2017,24,Angola,080111,Coco desidratado,620,Portugal,268639,39.871,1,0,673778
2017,24,Angola,080111,Coco desidratado,704,Vietname,172040,25.534,2,0,673778
2017,24,Angola,080111,Coco desidratado,710,África do Sul,100619,14.934,3,0,673778
2017,24,Angola,080111,Coco desidratado,360,Indonésia,66953,9.937,4,0,673778
2017,24,Angola,080111,Coco desidratado,608,Filipinas,35876,5.325,5,0,673778
2017,24,Angola,080111,Coco desidratado,678,São Tomé e Príncipe,3971,0.589,9,1,673778
2017,24,Angola,090411,Pimenta do reino,620,Portugal,146185,69.847,1,0,209292
2017,24,Angola,090411,Pimenta do reino,710,África do Sul,30196,14.428,2,0,209292
2017,24,Angola,090411,Pimenta do reino,724,Espanha,25553,12.209,3,0,209292
2017,24,Angola,090411,Pimenta do reino,56,Bélgica,2339,1.117,4,0,209292
2017,24,Angola,090411,Pimenta do reino,380,Itália,1464,0.699,5,0,209292
2017,24,Angola,151110,Óleo de palma em bruto,620,Portugal,4449,100.0,1,0,4449
2017,24,Angola,180100,Cacau,620,Portugal,122,100.0,1,0,122
2017,24,Angola,180632,"Chocolate em tabletes, não recheado",620,Portugal,1944470,59.141,1,0,3287854
2017,24,Angola,180632,"Chocolate em tabletes, não recheado",710,África do Sul,1114022,33.883,2,0,3287854
2017,24,Angola,180632,"Chocolate em tabletes, não recheado",792,Turquia,169113,5.144,3,0,3287854
2017,24,Angola,180632,"Chocolate em tabletes, não recheado",276,Alemanha,22653,0.689,4,0,3287854
2017,24,Angola,180632,"Chocolate em tabletes, não recheado",32,Argentina,14153,0.43,5,0,3287854
2017,24,Angola,880330,Partes de aviões e helicópteros (ed. antiga),92,Br. Virgin Isds,1025597,29.66,1,0,3457869
2017,24,Angola,880330,Partes de aviões e helicópteros (ed. antiga),842,EUA,987853,28.568,2,0,3457869
2017,24,Angola,880330,Partes de aviões e helicópteros (ed. antiga),24,Angola,637825,18.446,3,0,3457869
2017,24,Angola,880330,Partes de aviões e helicópteros (ed. antiga),710,África do Sul,375135,10.849,4,0,3457869
2017,24,Angola,880330,Partes de aviões e helicópteros (ed. antiga),251,França,289322,8.367,5,0,3457869
2017,56,Bélgica,080111,Coco desidratado,528,Países Baixos,10562114,64.968,1,0,16257417
2017,56,Bélgica,080111,Coco desidratado,608,Filipinas,3084523,18.973,2,0,16257417
2017,56,Bélgica,080111,Coco desidratado,251,França,1930307,11.873,3,0,16257417
2017,56,Bélgica,080111,Coco desidratado,360,Indonésia,217275,1.336,4,0,16257417
2017,56,Bélgica,080111,Coco desidratado,826,Reino Unido,127495,0.784,5,0,16257417
2017,56,Bélgica,090411,Pimenta do reino,528,Países Baixos,3634352,28.68,1,0,12672093
2017,56,Bélgica,090411,Pimenta do reino,704,Vietname,3374831,26.632,2,0,12672093
2017,56,Bélgica,090411,Pimenta do reino,276,Alemanha,3086169,24.354,3,0,12672093
2017,56,Bélgica,090411,Pimenta do reino,450,Madagáscar,568311,4.485,4,0,12672093
2017,56,Bélgica,090411,Pimenta do reino,752,Suécia,467891,3.692,5,0,12672093
2017,56,Bélgica,151110,Óleo de palma em bruto,528,Países Baixos,35159742,44.219,1,0,79513392
2017,56,Bélgica,151110,Óleo de palma em bruto,458,Malásia,13034572,16.393,2,0,79513392
2017,56,Bélgica,151110,Óleo de palma em bruto,360,Indonésia,9626233,12.106,3,0,79513392
2017,56,Bélgica,151110,Óleo de palma em bruto,340,Honduras,7777938,9.782,4,0,79513392
2017,56,Bélgica,151110,Óleo de palma em bruto,598,Papua New Guinea,5850834,7.358,5,0,79513392
2017,56,Bélgica,180100,Cacau,384,Costa do Marfim,142756706,56.755,1,0,251533380
2017,56,Bélgica,180100,Cacau,288,Gana,35310113,14.038,2,0,251533380
2017,56,Bélgica,180100,Cacau,566,Nigéria,13447522,5.346,3,0,251533380
2017,56,Bélgica,180100,Cacau,604,Peru,12028251,4.782,4,0,251533380
2017,56,Bélgica,180100,Cacau,251,França,9645602,3.835,5,0,251533380
2017,56,Bélgica,180100,Cacau,678,São Tomé e Príncipe,981377,0.39,14,1,251533380
2017,56,Bélgica,180632,"Chocolate em tabletes, não recheado",276,Alemanha,60288558,52.762,1,0,114265283
2017,56,Bélgica,180632,"Chocolate em tabletes, não recheado",616,Polónia,11991192,10.494,2,0,114265283
2017,56,Bélgica,180632,"Chocolate em tabletes, não recheado",251,França,10311673,9.024,3,0,114265283
2017,56,Bélgica,180632,"Chocolate em tabletes, não recheado",528,Países Baixos,8057965,7.052,4,0,114265283
2017,56,Bélgica,180632,"Chocolate em tabletes, não recheado",40,Áustria,6146541,5.379,5,0,114265283
2017,56,Bélgica,880330,Partes de aviões e helicópteros (ed. antiga),251,França,135767658,36.264,1,0,374386680
2017,56,Bélgica,880330,Partes de aviões e helicópteros (ed. antiga),842,EUA,60234736,16.089,2,0,374386680
2017,56,Bélgica,880330,Partes de aviões e helicópteros (ed. antiga),276,Alemanha,40493711,10.816,3,0,374386680
2017,56,Bélgica,880330,Partes de aviões e helicópteros (ed. antiga),826,Reino Unido,27098818,7.238,4,0,374386680
2017,56,Bélgica,880330,Partes de aviões e helicópteros (ed. antiga),724,Espanha,23180789,6.192,5,0,374386680
2017,528,Países Baixos,080111,Coco desidratado,608,Filipinas,50004440,75.209,1,0,66487189
2017,528,Países Baixos,080111,Coco desidratado,360,Indonésia,8055761,12.116,2,0,66487189
2017,528,Países Baixos,080111,Coco desidratado,826,Reino Unido,3352515,5.042,3,0,66487189
2017,528,Países Baixos,080111,Coco desidratado,144,Sri Lanka,1726189,2.596,4,0,66487189
2017,528,Países Baixos,080111,Coco desidratado,724,Espanha,1147977,1.727,5,0,66487189
2017,528,Países Baixos,090411,Pimenta do reino,76,Brasil,12435796,27.332,1,0,45499178
2017,528,Países Baixos,090411,Pimenta do reino,360,Indonésia,11663352,25.634,2,0,45499178
2017,528,Países Baixos,090411,Pimenta do reino,704,Vietname,10175570,22.364,3,0,45499178
2017,528,Países Baixos,090411,Pimenta do reino,699,Índia,3128766,6.877,4,0,45499178
2017,528,Países Baixos,090411,Pimenta do reino,218,Equador,3006897,6.609,5,0,45499178
2017,528,Países Baixos,151110,Óleo de palma em bruto,360,Indonésia,519941387,31.314,1,0,1660414323
2017,528,Países Baixos,151110,Óleo de palma em bruto,458,Malásia,282725750,17.027,2,0,1660414323
2017,528,Países Baixos,151110,Óleo de palma em bruto,598,Papua New Guinea,246999559,14.876,3,0,1660414323
2017,528,Países Baixos,151110,Óleo de palma em bruto,170,Colômbia,187914009,11.317,4,0,1660414323
2017,528,Países Baixos,151110,Óleo de palma em bruto,320,Guatemala,184974140,11.14,5,0,1660414323
2017,528,Países Baixos,180100,Cacau,384,Costa do Marfim,994640747,43.167,1,0,2304157191
2017,528,Países Baixos,180100,Cacau,566,Nigéria,304613039,13.22,2,0,2304157191
2017,528,Países Baixos,180100,Cacau,288,Gana,290778600,12.62,3,0,2304157191
2017,528,Países Baixos,180100,Cacau,120,Camarões,286232096,12.422,4,0,2304157191
2017,528,Países Baixos,180100,Cacau,56,Bélgica,130449724,5.661,5,0,2304157191
2017,528,Países Baixos,180100,Cacau,678,São Tomé e Príncipe,1506309,0.065,24,1,2304157191
2017,528,Países Baixos,180632,"Chocolate em tabletes, não recheado",56,Bélgica,54025645,47.417,1,0,113936905
2017,528,Países Baixos,180632,"Chocolate em tabletes, não recheado",276,Alemanha,37892709,33.258,2,0,113936905
2017,528,Países Baixos,180632,"Chocolate em tabletes, não recheado",826,Reino Unido,7831241,6.873,3,0,113936905
2017,528,Países Baixos,180632,"Chocolate em tabletes, não recheado",757,Suíça,5247962,4.606,4,0,113936905
2017,528,Países Baixos,180632,"Chocolate em tabletes, não recheado",251,França,2390869,2.098,5,0,113936905
2017,528,Países Baixos,180632,"Chocolate em tabletes, não recheado",678,São Tomé e Príncipe,7840,0.007,31,1,113936905
2017,528,Países Baixos,880330,Partes de aviões e helicópteros (ed. antiga),842,EUA,579015497,59.625,1,0,971096905
2017,528,Países Baixos,880330,Partes de aviões e helicópteros (ed. antiga),826,Reino Unido,70065091,7.215,2,0,971096905
2017,528,Países Baixos,880330,Partes de aviões e helicópteros (ed. antiga),251,França,46281048,4.766,3,0,971096905
2017,528,Países Baixos,880330,Partes de aviões e helicópteros (ed. antiga),276,Alemanha,42310854,4.357,4,0,971096905
2017,528,Países Baixos,880330,Partes de aviões e helicópteros (ed. antiga),704,Vietname,30897878,3.182,5,0,971096905
2017,620,Portugal,080111,Coco desidratado,144,Sri Lanka,2438425,43.401,1,0,5618398
2017,620,Portugal,080111,Coco desidratado,360,Indonésia,1614863,28.742,2,0,5618398
2017,620,Portugal,080111,Coco desidratado,724,Espanha,701446,12.485,3,0,5618398
2017,620,Portugal,080111,Coco desidratado,608,Filipinas,518512,9.229,4,0,5618398
2017,620,Portugal,080111,Coco desidratado,528,Países Baixos,308228,5.486,5,0,5618398
2017,620,Portugal,090411,Pimenta do reino,704,Vietname,575760,29.043,1,0,1982461
2017,620,Portugal,090411,Pimenta do reino,360,Indonésia,452376,22.819,2,0,1982461
2017,620,Portugal,090411,Pimenta do reino,724,Espanha,448657,22.631,3,0,1982461
2017,620,Portugal,090411,Pimenta do reino,251,França,290216,14.639,4,0,1982461
2017,620,Portugal,090411,Pimenta do reino,528,Países Baixos,94175,4.75,5,0,1982461
2017,620,Portugal,151110,Óleo de palma em bruto,724,Espanha,5904236,71.899,1,0,8211833
2017,620,Portugal,151110,Óleo de palma em bruto,608,Filipinas,1918038,23.357,2,0,8211833
2017,620,Portugal,151110,Óleo de palma em bruto,694,Sierra Leone,183866,2.239,3,0,8211833
2017,620,Portugal,151110,Óleo de palma em bruto,458,Malásia,95282,1.16,4,0,8211833
2017,620,Portugal,151110,Óleo de palma em bruto,702,Singapura,64669,0.788,5,0,8211833
2017,620,Portugal,180100,Cacau,724,Espanha,333287,67.192,1,0,496021
2017,620,Portugal,180100,Cacau,528,Países Baixos,54926,11.073,2,0,496021
2017,620,Portugal,180100,Cacau,678,São Tomé e Príncipe,35680,7.193,3,1,496021
2017,620,Portugal,180100,Cacau,100,Bulgária,34597,6.975,4,0,496021
2017,620,Portugal,180100,Cacau,826,Reino Unido,20982,4.23,5,0,496021
2017,620,Portugal,180100,Cacau,251,França,10606,2.138,6,0,496021
2017,620,Portugal,180632,"Chocolate em tabletes, não recheado",724,Espanha,14567323,38.974,1,0,37377253
2017,620,Portugal,180632,"Chocolate em tabletes, não recheado",276,Alemanha,14073645,37.653,2,0,37377253
2017,620,Portugal,180632,"Chocolate em tabletes, não recheado",56,Bélgica,2333771,6.244,3,0,37377253
2017,620,Portugal,180632,"Chocolate em tabletes, não recheado",40,Áustria,1267273,3.39,4,0,37377253
2017,620,Portugal,180632,"Chocolate em tabletes, não recheado",251,França,1265323,3.385,5,0,37377253
2017,620,Portugal,880330,Partes de aviões e helicópteros (ed. antiga),251,França,51263801,23.399,1,0,219084870
2017,620,Portugal,880330,Partes de aviões e helicópteros (ed. antiga),842,EUA,49930037,22.79,2,0,219084870
2017,620,Portugal,880330,Partes de aviões e helicópteros (ed. antiga),724,Espanha,38779223,17.701,3,0,219084870
2017,620,Portugal,880330,Partes de aviões e helicópteros (ed. antiga),276,Alemanha,24007419,10.958,4,0,219084870
2017,620,Portugal,880330,Partes de aviões e helicópteros (ed. antiga),76,Brasil,19231424,8.778,5,0,219084870
2018,24,Angola,080111,Coco desidratado,620,Portugal,220957,55.024,1,0,401562
2018,24,Angola,080111,Coco desidratado,704,Vietname,102727,25.582,2,0,401562
2018,24,Angola,080111,Coco desidratado,710,África do Sul,51957,12.939,3,0,401562
2018,24,Angola,080111,Coco desidratado,458,Malásia,10604,2.641,4,0,401562
2018,24,Angola,080111,Coco desidratado,76,Brasil,5634,1.403,5,0,401562
2018,24,Angola,090411,Pimenta do reino,620,Portugal,123386,62.222,1,0,198300
2018,24,Angola,090411,Pimenta do reino,710,África do Sul,37461,18.891,2,0,198300
2018,24,Angola,090411,Pimenta do reino,724,Espanha,32773,16.527,3,0,198300
2018,24,Angola,090411,Pimenta do reino,699,Índia,1998,1.008,4,0,198300
2018,24,Angola,090411,Pimenta do reino,528,Países Baixos,1088,0.549,5,0,198300
2018,24,Angola,151110,Óleo de palma em bruto,591,Panamá,637415,37.019,1,0,1721847
2018,24,Angola,151110,Óleo de palma em bruto,458,Malásia,528827,30.713,2,0,1721847
2018,24,Angola,151110,Óleo de palma em bruto,156,China,522098,30.322,3,0,1721847
2018,24,Angola,151110,Óleo de palma em bruto,702,Singapura,33506,1.946,4,0,1721847
2018,24,Angola,180100,Cacau,620,Portugal,15816,100.0,1,0,15816
2018,24,Angola,180632,"Chocolate em tabletes, não recheado",620,Portugal,1270914,50.902,1,0,2496799
2018,24,Angola,180632,"Chocolate em tabletes, não recheado",710,África do Sul,970656,38.876,2,0,2496799
2018,24,Angola,180632,"Chocolate em tabletes, não recheado",792,Turquia,187956,7.528,3,0,2496799
2018,24,Angola,180632,"Chocolate em tabletes, não recheado",12,Argélia,30769,1.232,4,0,2496799
2018,24,Angola,180632,"Chocolate em tabletes, não recheado",76,Brasil,18325,0.734,5,0,2496799
2018,24,Angola,880330,Partes de aviões e helicópteros (ed. antiga),842,EUA,14042124,44.759,1,0,31372832
2018,24,Angola,880330,Partes de aviões e helicópteros (ed. antiga),826,Reino Unido,10149528,32.351,2,0,31372832
2018,24,Angola,880330,Partes de aviões e helicópteros (ed. antiga),251,França,4447455,14.176,3,0,31372832
2018,24,Angola,880330,Partes de aviões e helicópteros (ed. antiga),710,África do Sul,1318575,4.203,4,0,31372832
2018,24,Angola,880330,Partes de aviões e helicópteros (ed. antiga),528,Países Baixos,392579,1.251,5,0,31372832
2018,56,Bélgica,080111,Coco desidratado,528,Países Baixos,10361000,56.887,1,0,18213163
2018,56,Bélgica,080111,Coco desidratado,608,Filipinas,5378981,29.533,2,0,18213163
2018,56,Bélgica,080111,Coco desidratado,251,França,1094145,6.007,3,0,18213163
2018,56,Bélgica,080111,Coco desidratado,144,Sri Lanka,738936,4.057,4,0,18213163
2018,56,Bélgica,080111,Coco desidratado,360,Indonésia,246617,1.354,5,0,18213163
2018,56,Bélgica,090411,Pimenta do reino,528,Países Baixos,2917567,41.57,1,0,7018494
2018,56,Bélgica,090411,Pimenta do reino,450,Madagáscar,929680,13.246,2,0,7018494
2018,56,Bélgica,090411,Pimenta do reino,251,França,746720,10.639,3,0,7018494
2018,56,Bélgica,090411,Pimenta do reino,276,Alemanha,516641,7.361,4,0,7018494
2018,56,Bélgica,090411,Pimenta do reino,752,Suécia,491719,7.006,5,0,7018494
2018,56,Bélgica,151110,Óleo de palma em bruto,458,Malásia,12535201,27.532,1,0,45529521
2018,56,Bélgica,151110,Óleo de palma em bruto,360,Indonésia,11093706,24.366,2,0,45529521
2018,56,Bélgica,151110,Óleo de palma em bruto,528,Países Baixos,8911389,19.573,3,0,45529521
2018,56,Bélgica,151110,Óleo de palma em bruto,598,Papua New Guinea,5501061,12.082,4,0,45529521
2018,56,Bélgica,151110,Óleo de palma em bruto,340,Honduras,2256793,4.957,5,0,45529521
2018,56,Bélgica,180100,Cacau,384,Costa do Marfim,108635347,56.667,1,0,191709600
2018,56,Bélgica,180100,Cacau,288,Gana,29280837,15.274,2,0,191709600
2018,56,Bélgica,180100,Cacau,598,Papua New Guinea,8554354,4.462,3,0,191709600
2018,56,Bélgica,180100,Cacau,566,Nigéria,8230179,4.293,4,0,191709600
2018,56,Bélgica,180100,Cacau,218,Equador,7065084,3.685,5,0,191709600
2018,56,Bélgica,180100,Cacau,678,São Tomé e Príncipe,2070354,1.08,10,1,191709600
2018,56,Bélgica,180632,"Chocolate em tabletes, não recheado",276,Alemanha,53273899,46.44,1,0,114715448
2018,56,Bélgica,180632,"Chocolate em tabletes, não recheado",616,Polónia,16900979,14.733,2,0,114715448
2018,56,Bélgica,180632,"Chocolate em tabletes, não recheado",251,França,12075169,10.526,3,0,114715448
2018,56,Bélgica,180632,"Chocolate em tabletes, não recheado",528,Países Baixos,9469814,8.255,4,0,114715448
2018,56,Bélgica,180632,"Chocolate em tabletes, não recheado",724,Espanha,5325090,4.642,5,0,114715448
2018,56,Bélgica,880330,Partes de aviões e helicópteros (ed. antiga),251,França,115331313,29.987,1,0,384598991
2018,56,Bélgica,880330,Partes de aviões e helicópteros (ed. antiga),842,EUA,87618835,22.782,2,0,384598991
2018,56,Bélgica,880330,Partes de aviões e helicópteros (ed. antiga),276,Alemanha,43837156,11.398,3,0,384598991
2018,56,Bélgica,880330,Partes de aviões e helicópteros (ed. antiga),380,Itália,27746796,7.214,4,0,384598991
2018,56,Bélgica,880330,Partes de aviões e helicópteros (ed. antiga),724,Espanha,22506558,5.852,5,0,384598991
2018,528,Países Baixos,080111,Coco desidratado,608,Filipinas,56749017,74.132,1,0,76551136
2018,528,Países Baixos,080111,Coco desidratado,360,Indonésia,12690117,16.577,2,0,76551136
2018,528,Países Baixos,080111,Coco desidratado,724,Espanha,3402025,4.444,3,0,76551136
2018,528,Países Baixos,080111,Coco desidratado,144,Sri Lanka,1133018,1.48,4,0,76551136
2018,528,Países Baixos,080111,Coco desidratado,826,Reino Unido,739116,0.966,5,0,76551136
2018,528,Países Baixos,090411,Pimenta do reino,76,Brasil,10040166,29.354,1,0,34204113
2018,528,Países Baixos,090411,Pimenta do reino,360,Indonésia,6029078,17.627,2,0,34204113
2018,528,Países Baixos,090411,Pimenta do reino,704,Vietname,5775823,16.886,3,0,34204113
2018,528,Países Baixos,090411,Pimenta do reino,380,Itália,4423242,12.932,4,0,34204113
2018,528,Países Baixos,090411,Pimenta do reino,699,Índia,1893270,5.535,5,0,34204113
2018,528,Países Baixos,151110,Óleo de palma em bruto,458,Malásia,339775662,22.73,1,0,1494839879
2018,528,Países Baixos,151110,Óleo de palma em bruto,598,Papua New Guinea,289487659,19.366,2,0,1494839879
2018,528,Países Baixos,151110,Óleo de palma em bruto,360,Indonésia,239371810,16.013,3,0,1494839879
2018,528,Países Baixos,151110,Óleo de palma em bruto,170,Colômbia,192756725,12.895,4,0,1494839879
2018,528,Países Baixos,151110,Óleo de palma em bruto,320,Guatemala,181246602,12.125,5,0,1494839879
2018,528,Países Baixos,180100,Cacau,384,Costa do Marfim,1266390675,52.196,1,0,2426231173
2018,528,Países Baixos,180100,Cacau,288,Gana,405937675,16.731,2,0,2426231173
2018,528,Países Baixos,180100,Cacau,120,Camarões,269578836,11.111,3,0,2426231173
2018,528,Países Baixos,180100,Cacau,566,Nigéria,264657759,10.908,4,0,2426231173
2018,528,Países Baixos,180100,Cacau,218,Equador,66861439,2.756,5,0,2426231173
2018,528,Países Baixos,180632,"Chocolate em tabletes, não recheado",56,Bélgica,47160737,42.154,1,0,111877263
2018,528,Países Baixos,180632,"Chocolate em tabletes, não recheado",276,Alemanha,38856185,34.731,2,0,111877263
2018,528,Países Baixos,180632,"Chocolate em tabletes, não recheado",826,Reino Unido,10279123,9.188,3,0,111877263
2018,528,Países Baixos,180632,"Chocolate em tabletes, não recheado",757,Suíça,6067659,5.423,4,0,111877263
2018,528,Países Baixos,180632,"Chocolate em tabletes, não recheado",251,França,1982161,1.772,5,0,111877263
2018,528,Países Baixos,180632,"Chocolate em tabletes, não recheado",678,São Tomé e Príncipe,35247,0.032,28,1,111877263
2018,528,Países Baixos,880330,Partes de aviões e helicópteros (ed. antiga),842,EUA,449640843,46.83,1,0,960149778
2018,528,Países Baixos,880330,Partes de aviões e helicópteros (ed. antiga),826,Reino Unido,70728556,7.366,2,0,960149778
2018,528,Países Baixos,880330,Partes de aviões e helicópteros (ed. antiga),251,França,66913283,6.969,3,0,960149778
2018,528,Países Baixos,880330,Partes de aviões e helicópteros (ed. antiga),276,Alemanha,64031877,6.669,4,0,960149778
2018,528,Países Baixos,880330,Partes de aviões e helicópteros (ed. antiga),124,Canadá,30762270,3.204,5,0,960149778
2018,620,Portugal,080111,Coco desidratado,144,Sri Lanka,2727921,39.371,1,0,6928816
2018,620,Portugal,080111,Coco desidratado,360,Indonésia,1914460,27.63,2,0,6928816
2018,620,Portugal,080111,Coco desidratado,608,Filipinas,1041392,15.03,3,0,6928816
2018,620,Portugal,080111,Coco desidratado,724,Espanha,561373,8.102,4,0,6928816
2018,620,Portugal,080111,Coco desidratado,528,Países Baixos,359071,5.182,5,0,6928816
2018,620,Portugal,090411,Pimenta do reino,704,Vietname,689188,34.439,1,0,2001190
2018,620,Portugal,090411,Pimenta do reino,724,Espanha,573455,28.656,2,0,2001190
2018,620,Portugal,090411,Pimenta do reino,251,França,270378,13.511,3,0,2001190
2018,620,Portugal,090411,Pimenta do reino,116,Cambodia,159452,7.968,4,0,2001190
2018,620,Portugal,090411,Pimenta do reino,276,Alemanha,117003,5.847,5,0,2001190
2018,620,Portugal,151110,Óleo de palma em bruto,608,Filipinas,6891928,81.937,1,0,8411229
2018,620,Portugal,151110,Óleo de palma em bruto,724,Espanha,978229,11.63,2,0,8411229
2018,620,Portugal,151110,Óleo de palma em bruto,694,Sierra Leone,329996,3.923,3,0,8411229
2018,620,Portugal,151110,Óleo de palma em bruto,458,Malásia,153733,1.828,4,0,8411229
2018,620,Portugal,151110,Óleo de palma em bruto,702,Singapura,45868,0.545,5,0,8411229
2018,620,Portugal,180100,Cacau,724,Espanha,329839,70.58,1,0,467329
2018,620,Portugal,180100,Cacau,604,Peru,70758,15.141,2,0,467329
2018,620,Portugal,180100,Cacau,528,Países Baixos,34497,7.382,3,0,467329
2018,620,Portugal,180100,Cacau,56,Bélgica,18413,3.94,4,0,467329
2018,620,Portugal,180100,Cacau,251,França,9511,2.035,5,0,467329
2018,620,Portugal,180632,"Chocolate em tabletes, não recheado",724,Espanha,16825337,38.144,1,0,44109718
2018,620,Portugal,180632,"Chocolate em tabletes, não recheado",276,Alemanha,16419221,37.224,2,0,44109718
2018,620,Portugal,180632,"Chocolate em tabletes, não recheado",528,Países Baixos,2085223,4.727,3,0,44109718
2018,620,Portugal,180632,"Chocolate em tabletes, não recheado",56,Bélgica,1744153,3.954,4,0,44109718
2018,620,Portugal,180632,"Chocolate em tabletes, não recheado",251,França,1709878,3.876,5,0,44109718
2018,620,Portugal,880330,Partes de aviões e helicópteros (ed. antiga),528,Países Baixos,78854102,25.911,1,0,304332249
2018,620,Portugal,880330,Partes de aviões e helicópteros (ed. antiga),842,EUA,58566274,19.244,2,0,304332249
2018,620,Portugal,880330,Partes de aviões e helicópteros (ed. antiga),251,França,55468249,18.226,3,0,304332249
2018,620,Portugal,880330,Partes de aviões e helicópteros (ed. antiga),724,Espanha,47362218,15.563,4,0,304332249
2018,620,Portugal,880330,Partes de aviões e helicópteros (ed. antiga),276,Alemanha,17230242,5.662,5,0,304332249
2019,24,Angola,080111,Coco desidratado,704,Vietname,135036,37.369,1,0,361362
2019,24,Angola,080111,Coco desidratado,620,Portugal,127673,35.331,2,0,361362
2019,24,Angola,080111,Coco desidratado,516,Namíbia,36235,10.027,3,0,361362
2019,24,Angola,080111,Coco desidratado,360,Indonésia,26167,7.241,4,0,361362
2019,24,Angola,080111,Coco desidratado,156,China,11267,3.118,5,0,361362
2019,24,Angola,090411,Pimenta do reino,620,Portugal,65095,63.313,1,0,102815
2019,24,Angola,090411,Pimenta do reino,724,Espanha,14980,14.569,2,0,102815
2019,24,Angola,090411,Pimenta do reino,710,África do Sul,13934,13.553,3,0,102815
2019,24,Angola,090411,Pimenta do reino,56,Bélgica,5458,5.309,4,0,102815
2019,24,Angola,090411,Pimenta do reino,156,China,900,0.875,5,0,102815
2019,24,Angola,151110,Óleo de palma em bruto,458,Malásia,837784,33.322,1,0,2514227
2019,24,Angola,151110,Óleo de palma em bruto,470,Malta,493659,19.635,2,0,2514227
2019,24,Angola,151110,Óleo de palma em bruto,702,Singapura,458570,18.239,3,0,2514227
2019,24,Angola,151110,Óleo de palma em bruto,344,Hong Kong (RAEHK),394435,15.688,4,0,2514227
2019,24,Angola,151110,Óleo de palma em bruto,454,Malawi,297588,11.836,5,0,2514227
2019,24,Angola,180100,Cacau,76,Brasil,622,46.909,1,0,1325
2019,24,Angola,180100,Cacau,620,Portugal,378,28.518,2,0,1325
2019,24,Angola,180100,Cacau,678,São Tomé e Príncipe,290,21.92,3,1,1325
2019,24,Angola,180100,Cacau,528,Países Baixos,35,2.653,4,0,1325
2019,24,Angola,180632,"Chocolate em tabletes, não recheado",620,Portugal,578034,46.139,1,0,1252821
2019,24,Angola,180632,"Chocolate em tabletes, não recheado",710,África do Sul,469058,37.44,2,0,1252821
2019,24,Angola,180632,"Chocolate em tabletes, não recheado",792,Turquia,137786,10.998,3,0,1252821
2019,24,Angola,180632,"Chocolate em tabletes, não recheado",276,Alemanha,18859,1.505,4,0,1252821
2019,24,Angola,180632,"Chocolate em tabletes, não recheado",12,Argélia,13053,1.042,5,0,1252821
2019,24,Angola,880330,Partes de aviões e helicópteros (ed. antiga),842,EUA,10668363,32.286,1,0,33042908
2019,24,Angola,880330,Partes de aviões e helicópteros (ed. antiga),251,França,10204070,30.881,2,0,33042908
2019,24,Angola,880330,Partes de aviões e helicópteros (ed. antiga),156,China,7275608,22.019,3,0,33042908
2019,24,Angola,880330,Partes de aviões e helicópteros (ed. antiga),528,Países Baixos,2439546,7.383,4,0,33042908
2019,24,Angola,880330,Partes de aviões e helicópteros (ed. antiga),710,África do Sul,861747,2.608,5,0,33042908
2019,56,Bélgica,080111,Coco desidratado,528,Países Baixos,8972591,61.595,1,0,14567145
2019,56,Bélgica,080111,Coco desidratado,608,Filipinas,3919751,26.908,2,0,14567145
2019,56,Bélgica,080111,Coco desidratado,251,França,751325,5.158,3,0,14567145
2019,56,Bélgica,080111,Coco desidratado,144,Sri Lanka,413152,2.836,4,0,14567145
2019,56,Bélgica,080111,Coco desidratado,360,Indonésia,166082,1.14,5,0,14567145
2019,56,Bélgica,080111,Coco desidratado,678,São Tomé e Príncipe,6,0.0,21,1,14567145
2019,56,Bélgica,090411,Pimenta do reino,528,Países Baixos,1702946,34.719,1,0,4904919
2019,56,Bélgica,090411,Pimenta do reino,251,França,723081,14.742,2,0,4904919
2019,56,Bélgica,090411,Pimenta do reino,276,Alemanha,542690,11.064,3,0,4904919
2019,56,Bélgica,090411,Pimenta do reino,710,África do Sul,439063,8.951,4,0,4904919
2019,56,Bélgica,090411,Pimenta do reino,450,Madagáscar,414732,8.455,5,0,4904919
2019,56,Bélgica,151110,Óleo de palma em bruto,360,Indonésia,14190788,36.241,1,0,39156239
2019,56,Bélgica,151110,Óleo de palma em bruto,458,Malásia,10536239,26.908,2,0,39156239
2019,56,Bélgica,151110,Óleo de palma em bruto,528,Países Baixos,8375417,21.39,3,0,39156239
2019,56,Bélgica,151110,Óleo de palma em bruto,598,Papua New Guinea,3962064,10.119,4,0,39156239
2019,56,Bélgica,151110,Óleo de palma em bruto,320,Guatemala,1194781,3.051,5,0,39156239
2019,56,Bélgica,180100,Cacau,384,Costa do Marfim,143681144,56.585,1,0,253918747
2019,56,Bélgica,180100,Cacau,288,Gana,45401145,17.88,2,0,253918747
2019,56,Bélgica,180100,Cacau,218,Equador,10571435,4.163,3,0,253918747
2019,56,Bélgica,180100,Cacau,566,Nigéria,10451377,4.116,4,0,253918747
2019,56,Bélgica,180100,Cacau,598,Papua New Guinea,8036850,3.165,5,0,253918747
2019,56,Bélgica,180100,Cacau,678,São Tomé e Príncipe,1038099,0.409,14,1,253918747
2019,56,Bélgica,180632,"Chocolate em tabletes, não recheado",276,Alemanha,64303036,48.764,1,0,131866055
2019,56,Bélgica,180632,"Chocolate em tabletes, não recheado",616,Polónia,22147342,16.795,2,0,131866055
2019,56,Bélgica,180632,"Chocolate em tabletes, não recheado",528,Países Baixos,12211065,9.26,3,0,131866055
2019,56,Bélgica,180632,"Chocolate em tabletes, não recheado",251,França,11763229,8.921,4,0,131866055
2019,56,Bélgica,180632,"Chocolate em tabletes, não recheado",724,Espanha,5117221,3.881,5,0,131866055
2019,56,Bélgica,880330,Partes de aviões e helicópteros (ed. antiga),251,França,100773864,26.866,1,0,375098887
2019,56,Bélgica,880330,Partes de aviões e helicópteros (ed. antiga),842,EUA,100165163,26.704,2,0,375098887
2019,56,Bélgica,880330,Partes de aviões e helicópteros (ed. antiga),276,Alemanha,55963162,14.92,3,0,375098887
2019,56,Bélgica,880330,Partes de aviões e helicópteros (ed. antiga),380,Itália,27606364,7.36,4,0,375098887
2019,56,Bélgica,880330,Partes de aviões e helicópteros (ed. antiga),826,Reino Unido,14561436,3.882,5,0,375098887
2019,528,Países Baixos,080111,Coco desidratado,608,Filipinas,42106529,76.887,1,0,54764162
2019,528,Países Baixos,080111,Coco desidratado,360,Indonésia,6258004,11.427,2,0,54764162
2019,528,Países Baixos,080111,Coco desidratado,724,Espanha,3199641,5.843,3,0,54764162
2019,528,Países Baixos,080111,Coco desidratado,144,Sri Lanka,1212127,2.213,4,0,54764162
2019,528,Países Baixos,080111,Coco desidratado,702,Singapura,692171,1.264,5,0,54764162
2019,528,Países Baixos,090411,Pimenta do reino,76,Brasil,7027424,25.677,1,0,27368986
2019,528,Países Baixos,090411,Pimenta do reino,704,Vietname,6000843,21.926,2,0,27368986
2019,528,Países Baixos,090411,Pimenta do reino,360,Indonésia,4402945,16.087,3,0,27368986
2019,528,Países Baixos,090411,Pimenta do reino,380,Itália,3909232,14.283,4,0,27368986
2019,528,Países Baixos,090411,Pimenta do reino,699,Índia,1839774,6.722,5,0,27368986
2019,528,Países Baixos,151110,Óleo de palma em bruto,458,Malásia,337547295,23.619,1,0,1429153468
2019,528,Países Baixos,151110,Óleo de palma em bruto,360,Indonésia,298449977,20.883,2,0,1429153468
2019,528,Países Baixos,151110,Óleo de palma em bruto,598,Papua New Guinea,264189002,18.486,3,0,1429153468
2019,528,Países Baixos,151110,Óleo de palma em bruto,340,Honduras,148792246,10.411,4,0,1429153468
2019,528,Países Baixos,151110,Óleo de palma em bruto,170,Colômbia,141660886,9.912,5,0,1429153468
2019,528,Países Baixos,180100,Cacau,384,Costa do Marfim,1029168618,45.087,1,0,2282609331
2019,528,Países Baixos,180100,Cacau,120,Camarões,381836705,16.728,2,0,2282609331
2019,528,Países Baixos,180100,Cacau,288,Gana,315874499,13.838,3,0,2282609331
2019,528,Países Baixos,180100,Cacau,566,Nigéria,283481884,12.419,4,0,2282609331
2019,528,Países Baixos,180100,Cacau,218,Equador,85332089,3.738,5,0,2282609331
2019,528,Países Baixos,180100,Cacau,678,São Tomé e Príncipe,1343515,0.059,20,1,2282609331
2019,528,Países Baixos,180632,"Chocolate em tabletes, não recheado",276,Alemanha,50820019,37.626,1,0,135066112
2019,528,Países Baixos,180632,"Chocolate em tabletes, não recheado",56,Bélgica,46690954,34.569,2,0,135066112
2019,528,Países Baixos,180632,"Chocolate em tabletes, não recheado",826,Reino Unido,13564725,10.043,3,0,135066112
2019,528,Países Baixos,180632,"Chocolate em tabletes, não recheado",757,Suíça,6719631,4.975,4,0,135066112
2019,528,Países Baixos,180632,"Chocolate em tabletes, não recheado",842,EUA,5537204,4.1,5,0,135066112
2019,528,Países Baixos,180632,"Chocolate em tabletes, não recheado",678,São Tomé e Príncipe,34722,0.026,35,1,135066112
2019,528,Países Baixos,880330,Partes de aviões e helicópteros (ed. antiga),842,EUA,588050476,45.817,1,0,1283490254
2019,528,Países Baixos,880330,Partes de aviões e helicópteros (ed. antiga),826,Reino Unido,79398443,6.186,2,0,1283490254
2019,528,Países Baixos,880330,Partes de aviões e helicópteros (ed. antiga),251,França,72264574,5.63,3,0,1283490254
2019,528,Países Baixos,880330,Partes de aviões e helicópteros (ed. antiga),156,China,58702369,4.574,4,0,1283490254
2019,528,Países Baixos,880330,Partes de aviões e helicópteros (ed. antiga),276,Alemanha,42778761,3.333,5,0,1283490254
2019,620,Portugal,080111,Coco desidratado,144,Sri Lanka,1581988,46.309,1,0,3416135
2019,620,Portugal,080111,Coco desidratado,360,Indonésia,837568,24.518,2,0,3416135
2019,620,Portugal,080111,Coco desidratado,608,Filipinas,365794,10.708,3,0,3416135
2019,620,Portugal,080111,Coco desidratado,724,Espanha,206534,6.046,4,0,3416135
2019,620,Portugal,080111,Coco desidratado,528,Países Baixos,187408,5.486,5,0,3416135
2019,620,Portugal,090411,Pimenta do reino,251,França,559427,35.096,1,0,1593997
2019,620,Portugal,090411,Pimenta do reino,724,Espanha,470873,29.54,2,0,1593997
2019,620,Portugal,090411,Pimenta do reino,276,Alemanha,231042,14.495,3,0,1593997
2019,620,Portugal,090411,Pimenta do reino,528,Países Baixos,122196,7.666,4,0,1593997
2019,620,Portugal,090411,Pimenta do reino,360,Indonésia,63238,3.967,5,0,1593997
2019,620,Portugal,151110,Óleo de palma em bruto,608,Filipinas,3039849,67.449,1,0,4506895
2019,620,Portugal,151110,Óleo de palma em bruto,694,Sierra Leone,834284,18.511,2,0,4506895
2019,620,Portugal,151110,Óleo de palma em bruto,724,Espanha,544965,12.092,3,0,4506895
2019,620,Portugal,151110,Óleo de palma em bruto,458,Malásia,62135,1.379,4,0,4506895
2019,620,Portugal,151110,Óleo de palma em bruto,702,Singapura,15137,0.336,5,0,4506895
2019,620,Portugal,180100,Cacau,724,Espanha,275498,53.712,1,0,512918
2019,620,Portugal,180100,Cacau,604,Peru,113294,22.088,2,0,512918
2019,620,Portugal,180100,Cacau,251,França,83248,16.23,3,0,512918
2019,620,Portugal,180100,Cacau,678,São Tomé e Príncipe,14880,2.901,4,1,512918
2019,620,Portugal,180100,Cacau,528,Países Baixos,12789,2.493,5,0,512918
2019,620,Portugal,180100,Cacau,826,Reino Unido,6228,1.214,6,0,512918
2019,620,Portugal,180632,"Chocolate em tabletes, não recheado",724,Espanha,16450067,40.224,1,0,40895805
2019,620,Portugal,180632,"Chocolate em tabletes, não recheado",276,Alemanha,14985204,36.642,2,0,40895805
2019,620,Portugal,180632,"Chocolate em tabletes, não recheado",251,França,1646544,4.026,3,0,40895805
2019,620,Portugal,180632,"Chocolate em tabletes, não recheado",56,Bélgica,1480079,3.619,4,0,40895805
2019,620,Portugal,180632,"Chocolate em tabletes, não recheado",528,Países Baixos,1467965,3.59,5,0,40895805
2019,620,Portugal,880330,Partes de aviões e helicópteros (ed. antiga),251,França,67431818,29.337,1,0,229849366
2019,620,Portugal,880330,Partes de aviões e helicópteros (ed. antiga),842,EUA,49288444,21.444,2,0,229849366
2019,620,Portugal,880330,Partes de aviões e helicópteros (ed. antiga),724,Espanha,34205547,14.882,3,0,229849366
2019,620,Portugal,880330,Partes de aviões e helicópteros (ed. antiga),276,Alemanha,22006438,9.574,4,0,229849366
2019,620,Portugal,880330,Partes de aviões e helicópteros (ed. antiga),528,Países Baixos,13860662,6.03,5,0,229849366
2020,24,Angola,080111,Coco desidratado,704,Vietname,130455,60.12,1,0,216993
2020,24,Angola,080111,Coco desidratado,620,Portugal,37808,17.423,2,0,216993
2020,24,Angola,080111,Coco desidratado,360,Indonésia,20897,9.63,3,0,216993
2020,24,Angola,080111,Coco desidratado,710,África do Sul,13276,6.118,4,0,216993
2020,24,Angola,080111,Coco desidratado,156,China,10550,4.862,5,0,216993
2020,24,Angola,090411,Pimenta do reino,620,Portugal,27532,52.357,1,0,52586
2020,24,Angola,090411,Pimenta do reino,710,África do Sul,12431,23.64,2,0,52586
2020,24,Angola,090411,Pimenta do reino,826,Reino Unido,3584,6.815,3,0,52586
2020,24,Angola,090411,Pimenta do reino,251,França,3108,5.91,4,0,52586
2020,24,Angola,090411,Pimenta do reino,724,Espanha,3033,5.769,5,0,52586
2020,24,Angola,151110,Óleo de palma em bruto,458,Malásia,4225804,31.142,1,0,13569530
2020,24,Angola,151110,Óleo de palma em bruto,56,Bélgica,2934732,21.627,2,0,13569530
2020,24,Angola,151110,Óleo de palma em bruto,826,Reino Unido,1755696,12.939,3,0,13569530
2020,24,Angola,151110,Óleo de palma em bruto,528,Países Baixos,1241508,9.149,4,0,13569530
2020,24,Angola,151110,Óleo de palma em bruto,360,Indonésia,908947,6.698,5,0,13569530
2020,24,Angola,180100,Cacau,620,Portugal,1995,66.733,1,0,2990
2020,24,Angola,180100,Cacau,516,Namíbia,986,32.966,2,0,2990
2020,24,Angola,180100,Cacau,842,EUA,9,0.301,3,0,2990
2020,24,Angola,180632,"Chocolate em tabletes, não recheado",620,Portugal,404707,57.379,1,0,705327
2020,24,Angola,180632,"Chocolate em tabletes, não recheado",710,África do Sul,196860,27.91,2,0,705327
2020,24,Angola,180632,"Chocolate em tabletes, não recheado",792,Turquia,62650,8.882,3,0,705327
2020,24,Angola,180632,"Chocolate em tabletes, não recheado",818,Egito,32190,4.564,4,0,705327
2020,24,Angola,180632,"Chocolate em tabletes, não recheado",826,Reino Unido,5711,0.81,5,0,705327
2020,24,Angola,880330,Partes de aviões e helicópteros (ed. antiga),842,EUA,3742372,51.96,1,0,7202451
2020,24,Angola,880330,Partes de aviões e helicópteros (ed. antiga),251,França,1435693,19.933,2,0,7202451
2020,24,Angola,880330,Partes de aviões e helicópteros (ed. antiga),528,Países Baixos,411493,5.713,3,0,7202451
2020,24,Angola,880330,Partes de aviões e helicópteros (ed. antiga),276,Alemanha,329286,4.572,4,0,7202451
2020,24,Angola,880330,Partes de aviões e helicópteros (ed. antiga),124,Canadá,307464,4.269,5,0,7202451
2020,56,Bélgica,080111,Coco desidratado,528,Países Baixos,6371163,52.426,1,0,12152769
2020,56,Bélgica,080111,Coco desidratado,608,Filipinas,4010966,33.005,2,0,12152769
2020,56,Bélgica,080111,Coco desidratado,144,Sri Lanka,786307,6.47,3,0,12152769
2020,56,Bélgica,080111,Coco desidratado,251,França,389941,3.209,4,0,12152769
2020,56,Bélgica,080111,Coco desidratado,360,Indonésia,199048,1.638,5,0,12152769
2020,56,Bélgica,080111,Coco desidratado,678,São Tomé e Príncipe,48,0.0,20,1,12152769
2020,56,Bélgica,090411,Pimenta do reino,528,Países Baixos,1891759,33.564,1,0,5636222
2020,56,Bélgica,090411,Pimenta do reino,276,Alemanha,744737,13.213,2,0,5636222
2020,56,Bélgica,090411,Pimenta do reino,251,França,613816,10.891,3,0,5636222
2020,56,Bélgica,090411,Pimenta do reino,752,Suécia,586026,10.398,4,0,5636222
2020,56,Bélgica,090411,Pimenta do reino,710,África do Sul,543481,9.643,5,0,5636222
2020,56,Bélgica,151110,Óleo de palma em bruto,458,Malásia,28020278,59.076,1,0,47431231
2020,56,Bélgica,151110,Óleo de palma em bruto,528,Países Baixos,9243427,19.488,2,0,47431231
2020,56,Bélgica,151110,Óleo de palma em bruto,360,Indonésia,6671464,14.066,3,0,47431231
2020,56,Bélgica,151110,Óleo de palma em bruto,598,Papua New Guinea,2087174,4.4,4,0,47431231
2020,56,Bélgica,151110,Óleo de palma em bruto,276,Alemanha,926120,1.953,5,0,47431231
2020,56,Bélgica,180100,Cacau,384,Costa do Marfim,125959550,54.159,1,0,232573369
2020,56,Bélgica,180100,Cacau,288,Gana,49856135,21.437,2,0,232573369
2020,56,Bélgica,180100,Cacau,566,Nigéria,13771001,5.921,3,0,232573369
2020,56,Bélgica,180100,Cacau,218,Equador,12423567,5.342,4,0,232573369
2020,56,Bélgica,180100,Cacau,598,Papua New Guinea,6911247,2.972,5,0,232573369
2020,56,Bélgica,180100,Cacau,678,São Tomé e Príncipe,473813,0.204,20,1,232573369
2020,56,Bélgica,180632,"Chocolate em tabletes, não recheado",276,Alemanha,71157770,47.929,1,0,148465924
2020,56,Bélgica,180632,"Chocolate em tabletes, não recheado",616,Polónia,36561459,24.626,2,0,148465924
2020,56,Bélgica,180632,"Chocolate em tabletes, não recheado",528,Países Baixos,12543679,8.449,3,0,148465924
2020,56,Bélgica,180632,"Chocolate em tabletes, não recheado",251,França,8957908,6.034,4,0,148465924
2020,56,Bélgica,180632,"Chocolate em tabletes, não recheado",40,Áustria,5361315,3.611,5,0,148465924
2020,56,Bélgica,880330,Partes de aviões e helicópteros (ed. antiga),251,França,70273874,27.41,1,0,256380720
2020,56,Bélgica,880330,Partes de aviões e helicópteros (ed. antiga),842,EUA,58243325,22.718,2,0,256380720
2020,56,Bélgica,880330,Partes de aviões e helicópteros (ed. antiga),276,Alemanha,56663576,22.101,3,0,256380720
2020,56,Bélgica,880330,Partes de aviões e helicópteros (ed. antiga),380,Itália,23976621,9.352,4,0,256380720
2020,56,Bélgica,880330,Partes de aviões e helicópteros (ed. antiga),826,Reino Unido,7056481,2.752,5,0,256380720
2020,56,Bélgica,880330,Partes de aviões e helicópteros (ed. antiga),678,São Tomé e Príncipe,547,0.0,63,1,256380720
2020,528,Países Baixos,080111,Coco desidratado,608,Filipinas,40824012,75.497,1,0,54074025
2020,528,Países Baixos,080111,Coco desidratado,360,Indonésia,6004974,11.105,2,0,54074025
2020,528,Países Baixos,080111,Coco desidratado,724,Espanha,3301788,6.106,3,0,54074025
2020,528,Países Baixos,080111,Coco desidratado,144,Sri Lanka,2277285,4.211,4,0,54074025
2020,528,Países Baixos,080111,Coco desidratado,276,Alemanha,619704,1.146,5,0,54074025
2020,528,Países Baixos,090411,Pimenta do reino,704,Vietname,5948077,26.572,1,0,22384787
2020,528,Países Baixos,090411,Pimenta do reino,380,Itália,5247430,23.442,2,0,22384787
2020,528,Países Baixos,090411,Pimenta do reino,360,Indonésia,3457643,15.446,3,0,22384787
2020,528,Países Baixos,090411,Pimenta do reino,76,Brasil,3378039,15.091,4,0,22384787
2020,528,Países Baixos,090411,Pimenta do reino,699,Índia,1093901,4.887,5,0,22384787
2020,528,Países Baixos,151110,Óleo de palma em bruto,458,Malásia,457992562,30.398,1,0,1506655542
2020,528,Países Baixos,151110,Óleo de palma em bruto,598,Papua New Guinea,275204131,18.266,2,0,1506655542
2020,528,Países Baixos,151110,Óleo de palma em bruto,360,Indonésia,252952651,16.789,3,0,1506655542
2020,528,Países Baixos,151110,Óleo de palma em bruto,340,Honduras,174960964,11.613,4,0,1506655542
2020,528,Países Baixos,151110,Óleo de palma em bruto,170,Colômbia,128206812,8.509,5,0,1506655542
2020,528,Países Baixos,151110,Óleo de palma em bruto,678,São Tomé e Príncipe,1383398,0.092,22,1,1506655542
2020,528,Países Baixos,180100,Cacau,384,Costa do Marfim,887283452,48.907,1,0,1814233770
2020,528,Países Baixos,180100,Cacau,120,Camarões,329428648,18.158,2,0,1814233770
2020,528,Países Baixos,180100,Cacau,288,Gana,187519844,10.336,3,0,1814233770
2020,528,Países Baixos,180100,Cacau,566,Nigéria,158490269,8.736,4,0,1814233770
2020,528,Países Baixos,180100,Cacau,218,Equador,48750393,2.687,5,0,1814233770
2020,528,Países Baixos,180100,Cacau,678,São Tomé e Príncipe,176460,0.01,35,1,1814233770
2020,528,Países Baixos,180632,"Chocolate em tabletes, não recheado",276,Alemanha,59743875,36.887,1,0,161966421
2020,528,Países Baixos,180632,"Chocolate em tabletes, não recheado",56,Bélgica,49645429,30.652,2,0,161966421
2020,528,Países Baixos,180632,"Chocolate em tabletes, não recheado",826,Reino Unido,18433924,11.381,3,0,161966421
2020,528,Países Baixos,180632,"Chocolate em tabletes, não recheado",757,Suíça,9325345,5.758,4,0,161966421
2020,528,Países Baixos,180632,"Chocolate em tabletes, não recheado",616,Polónia,7736837,4.777,5,0,161966421
2020,528,Países Baixos,880330,Partes de aviões e helicópteros (ed. antiga),842,EUA,446989575,42.234,1,0,1058370376
2020,528,Países Baixos,880330,Partes de aviões e helicópteros (ed. antiga),826,Reino Unido,97764551,9.237,2,0,1058370376
2020,528,Países Baixos,880330,Partes de aviões e helicópteros (ed. antiga),156,China,53764202,5.08,3,0,1058370376
2020,528,Países Baixos,880330,Partes de aviões e helicópteros (ed. antiga),704,Vietname,42901800,4.054,4,0,1058370376
2020,528,Países Baixos,880330,Partes de aviões e helicópteros (ed. antiga),251,França,32420681,3.063,5,0,1058370376
2020,620,Portugal,080111,Coco desidratado,360,Indonésia,1334977,33.441,1,0,3992000
2020,620,Portugal,080111,Coco desidratado,144,Sri Lanka,1333795,33.412,2,0,3992000
2020,620,Portugal,080111,Coco desidratado,608,Filipinas,587370,14.714,3,0,3992000
2020,620,Portugal,080111,Coco desidratado,724,Espanha,307507,7.703,4,0,3992000
2020,620,Portugal,080111,Coco desidratado,528,Países Baixos,270761,6.783,5,0,3992000
2020,620,Portugal,090411,Pimenta do reino,251,França,634887,39.365,1,0,1612822
2020,620,Portugal,090411,Pimenta do reino,724,Espanha,325588,20.187,2,0,1612822
2020,620,Portugal,090411,Pimenta do reino,704,Vietname,248448,15.405,3,0,1612822
2020,620,Portugal,090411,Pimenta do reino,276,Alemanha,241332,14.963,4,0,1612822
2020,620,Portugal,090411,Pimenta do reino,360,Indonésia,64431,3.995,5,0,1612822
2020,620,Portugal,090411,Pimenta do reino,678,São Tomé e Príncipe,3288,0.204,11,1,1612822
2020,620,Portugal,151110,Óleo de palma em bruto,608,Filipinas,3594478,67.01,1,0,5364055
2020,620,Portugal,151110,Óleo de palma em bruto,678,São Tomé e Príncipe,1099767,20.503,2,1,5364055
2020,620,Portugal,151110,Óleo de palma em bruto,724,Espanha,578301,10.781,3,0,5364055
2020,620,Portugal,151110,Óleo de palma em bruto,458,Malásia,85938,1.602,4,0,5364055
2020,620,Portugal,151110,Óleo de palma em bruto,826,Reino Unido,5572,0.104,5,0,5364055
2020,620,Portugal,180100,Cacau,724,Espanha,275428,72.44,1,0,380215
2020,620,Portugal,180100,Cacau,528,Países Baixos,78907,20.753,2,0,380215
2020,620,Portugal,180100,Cacau,604,Peru,8507,2.237,3,0,380215
2020,620,Portugal,180100,Cacau,826,Reino Unido,6384,1.679,4,0,380215
2020,620,Portugal,180100,Cacau,251,França,5574,1.466,5,0,380215
2020,620,Portugal,180100,Cacau,678,São Tomé e Príncipe,811,0.213,9,1,380215
2020,620,Portugal,180632,"Chocolate em tabletes, não recheado",724,Espanha,18416121,40.202,1,0,45808602
2020,620,Portugal,180632,"Chocolate em tabletes, não recheado",276,Alemanha,16396138,35.793,2,0,45808602
2020,620,Portugal,180632,"Chocolate em tabletes, não recheado",251,França,2595637,5.666,3,0,45808602
2020,620,Portugal,180632,"Chocolate em tabletes, não recheado",380,Itália,2007288,4.382,4,0,45808602
2020,620,Portugal,180632,"Chocolate em tabletes, não recheado",40,Áustria,1605297,3.504,5,0,45808602
2020,620,Portugal,880330,Partes de aviões e helicópteros (ed. antiga),251,França,39808176,30.19,1,0,131859151
2020,620,Portugal,880330,Partes de aviões e helicópteros (ed. antiga),724,Espanha,29031681,22.017,2,0,131859151
2020,620,Portugal,880330,Partes de aviões e helicópteros (ed. antiga),842,EUA,26401714,20.023,3,0,131859151
2020,620,Portugal,880330,Partes de aviões e helicópteros (ed. antiga),276,Alemanha,12336456,9.356,4,0,131859151
2020,620,Portugal,880330,Partes de aviões e helicópteros (ed. antiga),826,Reino Unido,6001110,4.551,5,0,131859151
2021,24,Angola,080111,Coco desidratado,620,Portugal,63581,43.939,1,0,144702
2021,24,Angola,080111,Coco desidratado,704,Vietname,39144,27.051,2,0,144702
2021,24,Angola,080111,Coco desidratado,586,Paquistão,25975,17.951,3,0,144702
2021,24,Angola,080111,Coco desidratado,360,Indonésia,7897,5.457,4,0,144702
2021,24,Angola,080111,Coco desidratado,710,África do Sul,4455,3.079,5,0,144702
2021,24,Angola,090411,Pimenta do reino,620,Portugal,66577,60.169,1,0,110649
2021,24,Angola,090411,Pimenta do reino,699,Índia,14976,13.534,2,0,110649
2021,24,Angola,090411,Pimenta do reino,724,Espanha,11871,10.728,3,0,110649
2021,24,Angola,090411,Pimenta do reino,710,África do Sul,9762,8.822,4,0,110649
2021,24,Angola,090411,Pimenta do reino,784,Emirados Árabes Unidos,4460,4.031,5,0,110649
2021,24,Angola,151110,Óleo de palma em bruto,180,RD Congo,163889,99.978,1,0,163924
2021,24,Angola,151110,Óleo de palma em bruto,156,China,35,0.022,2,0,163924
2021,24,Angola,180100,Cacau,156,China,47455,72.307,1,0,65629
2021,24,Angola,180100,Cacau,620,Portugal,11130,16.959,2,0,65629
2021,24,Angola,180100,Cacau,380,Itália,4571,6.964,3,0,65629
2021,24,Angola,180100,Cacau,516,Namíbia,2208,3.364,4,0,65629
2021,24,Angola,180100,Cacau,76,Brasil,265,0.404,5,0,65629
2021,24,Angola,180632,"Chocolate em tabletes, não recheado",792,Turquia,787887,51.562,1,0,1528025
2021,24,Angola,180632,"Chocolate em tabletes, não recheado",620,Portugal,475324,31.107,2,0,1528025
2021,24,Angola,180632,"Chocolate em tabletes, não recheado",710,África do Sul,168645,11.037,3,0,1528025
2021,24,Angola,180632,"Chocolate em tabletes, não recheado",76,Brasil,86863,5.685,4,0,1528025
2021,24,Angola,180632,"Chocolate em tabletes, não recheado",12,Argélia,2702,0.177,5,0,1528025
2021,24,Angola,880330,Partes de aviões e helicópteros (ed. antiga),842,EUA,1433986,36.811,1,0,3895518
2021,24,Angola,880330,Partes de aviões e helicópteros (ed. antiga),156,China,704528,18.086,2,0,3895518
2021,24,Angola,880330,Partes de aviões e helicópteros (ed. antiga),634,Catar,432022,11.09,3,0,3895518
2021,24,Angola,880330,Partes de aviões e helicópteros (ed. antiga),380,Itália,331813,8.518,4,0,3895518
2021,24,Angola,880330,Partes de aviões e helicópteros (ed. antiga),643,Rússia,275677,7.077,5,0,3895518
2021,56,Bélgica,080111,Coco desidratado,528,Países Baixos,8774226,61.254,1,0,14324385
2021,56,Bélgica,080111,Coco desidratado,608,Filipinas,3931373,27.445,2,0,14324385
2021,56,Bélgica,080111,Coco desidratado,144,Sri Lanka,595668,4.158,3,0,14324385
2021,56,Bélgica,080111,Coco desidratado,702,Singapura,397931,2.778,4,0,14324385
2021,56,Bélgica,080111,Coco desidratado,360,Indonésia,211519,1.477,5,0,14324385
2021,56,Bélgica,090411,Pimenta do reino,528,Países Baixos,2239596,40.126,1,0,5581442
2021,56,Bélgica,090411,Pimenta do reino,276,Alemanha,871679,15.617,2,0,5581442
2021,56,Bélgica,090411,Pimenta do reino,251,França,577782,10.352,3,0,5581442
2021,56,Bélgica,090411,Pimenta do reino,752,Suécia,406429,7.282,4,0,5581442
2021,56,Bélgica,090411,Pimenta do reino,116,Cambodia,362821,6.5,5,0,5581442
2021,56,Bélgica,151110,Óleo de palma em bruto,458,Malásia,43569897,55.167,1,0,78978881
2021,56,Bélgica,151110,Óleo de palma em bruto,528,Países Baixos,25893186,32.785,2,0,78978881
2021,56,Bélgica,151110,Óleo de palma em bruto,360,Indonésia,5144235,6.513,3,0,78978881
2021,56,Bélgica,151110,Óleo de palma em bruto,320,Guatemala,3813130,4.828,4,0,78978881
2021,56,Bélgica,151110,Óleo de palma em bruto,276,Alemanha,171962,0.218,5,0,78978881
2021,56,Bélgica,180100,Cacau,384,Costa do Marfim,185844701,47.636,1,0,390131511
2021,56,Bélgica,180100,Cacau,288,Gana,64441124,16.518,2,0,390131511
2021,56,Bélgica,180100,Cacau,251,França,36052354,9.241,3,0,390131511
2021,56,Bélgica,180100,Cacau,566,Nigéria,20520262,5.26,4,0,390131511
2021,56,Bélgica,180100,Cacau,218,Equador,17748851,4.549,5,0,390131511
2021,56,Bélgica,180100,Cacau,678,São Tomé e Príncipe,341984,0.088,23,1,390131511
2021,56,Bélgica,180632,"Chocolate em tabletes, não recheado",276,Alemanha,68985117,44.844,1,0,153832614
2021,56,Bélgica,180632,"Chocolate em tabletes, não recheado",616,Polónia,32898576,21.386,2,0,153832614
2021,56,Bélgica,180632,"Chocolate em tabletes, não recheado",528,Países Baixos,21550326,14.009,3,0,153832614
2021,56,Bélgica,180632,"Chocolate em tabletes, não recheado",251,França,11855264,7.707,4,0,153832614
2021,56,Bélgica,180632,"Chocolate em tabletes, não recheado",40,Áustria,6274162,4.079,5,0,153832614
2021,56,Bélgica,180632,"Chocolate em tabletes, não recheado",678,São Tomé e Príncipe,1,0.0,43,1,153832614
2021,56,Bélgica,880330,Partes de aviões e helicópteros (ed. antiga),276,Alemanha,63377237,24.375,1,0,260010853
2021,56,Bélgica,880330,Partes de aviões e helicópteros (ed. antiga),251,França,56354455,21.674,2,0,260010853
2021,56,Bélgica,880330,Partes de aviões e helicópteros (ed. antiga),842,EUA,56303014,21.654,3,0,260010853
2021,56,Bélgica,880330,Partes de aviões e helicópteros (ed. antiga),380,Itália,21051418,8.096,4,0,260010853
2021,56,Bélgica,880330,Partes de aviões e helicópteros (ed. antiga),826,Reino Unido,20864871,8.025,5,0,260010853
2021,528,Países Baixos,080111,Coco desidratado,608,Filipinas,61486624,68.805,1,0,89363497
2021,528,Países Baixos,080111,Coco desidratado,360,Indonésia,14568404,16.302,2,0,89363497
2021,528,Países Baixos,080111,Coco desidratado,144,Sri Lanka,3546214,3.968,3,0,89363497
2021,528,Países Baixos,080111,Coco desidratado,643,Rússia,2573413,2.88,4,0,89363497
2021,528,Países Baixos,080111,Coco desidratado,724,Espanha,2403871,2.69,5,0,89363497
2021,528,Países Baixos,090411,Pimenta do reino,704,Vietname,7043849,22.017,1,0,31992441
2021,528,Países Baixos,090411,Pimenta do reino,76,Brasil,6638072,20.749,2,0,31992441
2021,528,Países Baixos,090411,Pimenta do reino,380,Itália,5371875,16.791,3,0,31992441
2021,528,Países Baixos,090411,Pimenta do reino,360,Indonésia,5247212,16.401,4,0,31992441
2021,528,Países Baixos,090411,Pimenta do reino,699,Índia,2095914,6.551,5,0,31992441
2021,528,Países Baixos,151110,Óleo de palma em bruto,458,Malásia,541208129,31.332,1,0,1727353326
2021,528,Países Baixos,151110,Óleo de palma em bruto,598,Papua New Guinea,350529110,20.293,2,0,1727353326
2021,528,Países Baixos,151110,Óleo de palma em bruto,340,Honduras,225585104,13.06,3,0,1727353326
2021,528,Países Baixos,151110,Óleo de palma em bruto,320,Guatemala,161373522,9.342,4,0,1727353326
2021,528,Países Baixos,151110,Óleo de palma em bruto,360,Indonésia,107239904,6.208,5,0,1727353326
2021,528,Países Baixos,151110,Óleo de palma em bruto,678,São Tomé e Príncipe,3134178,0.181,19,1,1727353326
2021,528,Países Baixos,180100,Cacau,384,Costa do Marfim,747380845,38.545,1,0,1938995934
2021,528,Países Baixos,180100,Cacau,120,Camarões,353670275,18.24,2,0,1938995934
2021,528,Países Baixos,180100,Cacau,566,Nigéria,323587205,16.688,3,0,1938995934
2021,528,Países Baixos,180100,Cacau,288,Gana,243337253,12.55,4,0,1938995934
2021,528,Países Baixos,180100,Cacau,694,Sierra Leone,40159532,2.071,5,0,1938995934
2021,528,Países Baixos,180100,Cacau,678,São Tomé e Príncipe,1106283,0.057,21,1,1938995934
2021,528,Países Baixos,180632,"Chocolate em tabletes, não recheado",276,Alemanha,70528880,37.831,1,0,186433547
2021,528,Países Baixos,180632,"Chocolate em tabletes, não recheado",56,Bélgica,54717141,29.349,2,0,186433547
2021,528,Países Baixos,180632,"Chocolate em tabletes, não recheado",826,Reino Unido,32628482,17.501,3,0,186433547
2021,528,Países Baixos,180632,"Chocolate em tabletes, não recheado",616,Polónia,8652181,4.641,4,0,186433547
2021,528,Países Baixos,180632,"Chocolate em tabletes, não recheado",757,Suíça,6444453,3.457,5,0,186433547
2021,528,Países Baixos,180632,"Chocolate em tabletes, não recheado",678,São Tomé e Príncipe,25516,0.014,40,1,186433547
2021,528,Países Baixos,880330,Partes de aviões e helicópteros (ed. antiga),842,EUA,430900832,41.952,1,0,1027132603
2021,528,Países Baixos,880330,Partes de aviões e helicópteros (ed. antiga),826,Reino Unido,109530836,10.664,2,0,1027132603
2021,528,Países Baixos,880330,Partes de aviões e helicópteros (ed. antiga),156,China,73177673,7.124,3,0,1027132603
2021,528,Países Baixos,880330,Partes de aviões e helicópteros (ed. antiga),704,Vietname,46753610,4.552,4,0,1027132603
2021,528,Países Baixos,880330,Partes de aviões e helicópteros (ed. antiga),276,Alemanha,36367768,3.541,5,0,1027132603
2021,620,Portugal,080111,Coco desidratado,144,Sri Lanka,2728648,41.24,1,0,6616500
2021,620,Portugal,080111,Coco desidratado,360,Indonésia,2089951,31.587,2,0,6616500
2021,620,Portugal,080111,Coco desidratado,724,Espanha,671762,10.153,3,0,6616500
2021,620,Portugal,080111,Coco desidratado,528,Países Baixos,456870,6.905,4,0,6616500
2021,620,Portugal,080111,Coco desidratado,608,Filipinas,223696,3.381,5,0,6616500
2021,620,Portugal,090411,Pimenta do reino,251,França,728242,41.832,1,0,1740861
2021,620,Portugal,090411,Pimenta do reino,724,Espanha,399297,22.937,2,0,1740861
2021,620,Portugal,090411,Pimenta do reino,276,Alemanha,272528,15.655,3,0,1740861
2021,620,Portugal,090411,Pimenta do reino,704,Vietname,140094,8.047,4,0,1740861
2021,620,Portugal,090411,Pimenta do reino,528,Países Baixos,117297,6.738,5,0,1740861
2021,620,Portugal,090411,Pimenta do reino,678,São Tomé e Príncipe,1644,0.094,14,1,1740861
2021,620,Portugal,151110,Óleo de palma em bruto,694,Sierra Leone,3879140,49.961,1,0,7764391
2021,620,Portugal,151110,Óleo de palma em bruto,678,São Tomé e Príncipe,2797669,36.032,2,1,7764391
2021,620,Portugal,151110,Óleo de palma em bruto,724,Espanha,965700,12.438,3,0,7764391
2021,620,Portugal,151110,Óleo de palma em bruto,458,Malásia,119362,1.537,4,0,7764391
2021,620,Portugal,151110,Óleo de palma em bruto,826,Reino Unido,2519,0.032,5,0,7764391
2021,620,Portugal,180100,Cacau,724,Espanha,323239,57.376,1,0,563369
2021,620,Portugal,180100,Cacau,528,Países Baixos,189294,33.6,2,0,563369
2021,620,Portugal,180100,Cacau,604,Peru,21118,3.748,3,0,563369
2021,620,Portugal,180100,Cacau,678,São Tomé e Príncipe,12576,2.232,4,1,563369
2021,620,Portugal,180100,Cacau,56,Bélgica,5691,1.01,5,0,563369
2021,620,Portugal,180100,Cacau,276,Alemanha,5072,0.9,6,0,563369
2021,620,Portugal,180632,"Chocolate em tabletes, não recheado",724,Espanha,17193717,39.559,1,0,43463193
2021,620,Portugal,180632,"Chocolate em tabletes, não recheado",276,Alemanha,16605866,38.207,2,0,43463193
2021,620,Portugal,180632,"Chocolate em tabletes, não recheado",251,França,2369338,5.451,3,0,43463193
2021,620,Portugal,180632,"Chocolate em tabletes, não recheado",40,Áustria,2162182,4.975,4,0,43463193
2021,620,Portugal,180632,"Chocolate em tabletes, não recheado",528,Países Baixos,1563421,3.597,5,0,43463193
2021,620,Portugal,880330,Partes de aviões e helicópteros (ed. antiga),251,França,27394063,23.096,1,0,118609256
2021,620,Portugal,880330,Partes de aviões e helicópteros (ed. antiga),724,Espanha,24287138,20.477,2,0,118609256
2021,620,Portugal,880330,Partes de aviões e helicópteros (ed. antiga),842,EUA,19205866,16.193,3,0,118609256
2021,620,Portugal,880330,Partes de aviões e helicópteros (ed. antiga),276,Alemanha,18619754,15.698,4,0,118609256
2021,620,Portugal,880330,Partes de aviões e helicópteros (ed. antiga),76,Brasil,5999499,5.058,5,0,118609256
2022,24,Angola,080111,Coco desidratado,620,Portugal,96917,32.186,1,0,301113
2022,24,Angola,080111,Coco desidratado,704,Vietname,72818,24.183,2,0,301113
2022,24,Angola,080111,Coco desidratado,360,Indonésia,48416,16.079,3,0,301113
2022,24,Angola,080111,Coco desidratado,76,Brasil,27474,9.124,4,0,301113
2022,24,Angola,080111,Coco desidratado,678,São Tomé e Príncipe,24166,8.026,5,1,301113
2022,24,Angola,080111,Coco desidratado,144,Sri Lanka,17544,5.826,6,0,301113
2022,24,Angola,090411,Pimenta do reino,620,Portugal,98206,79.611,1,0,123358
2022,24,Angola,090411,Pimenta do reino,710,África do Sul,9212,7.468,2,0,123358
2022,24,Angola,090411,Pimenta do reino,699,Índia,7732,6.268,3,0,123358
2022,24,Angola,090411,Pimenta do reino,724,Espanha,6061,4.913,4,0,123358
2022,24,Angola,090411,Pimenta do reino,784,Emirados Árabes Unidos,1916,1.553,5,0,123358
2022,24,Angola,151110,Óleo de palma em bruto,620,Portugal,467586,50.697,1,0,922306
2022,24,Angola,151110,Óleo de palma em bruto,458,Malásia,228120,24.734,2,0,922306
2022,24,Angola,151110,Óleo de palma em bruto,180,RD Congo,226284,24.535,3,0,922306
2022,24,Angola,151110,Óleo de palma em bruto,156,China,261,0.028,4,0,922306
2022,24,Angola,151110,Óleo de palma em bruto,842,EUA,55,0.006,5,0,922306
2022,24,Angola,180100,Cacau,620,Portugal,960,78.034,1,0,1230
2022,24,Angola,180100,Cacau,516,Namíbia,269,21.887,2,0,1230
2022,24,Angola,180100,Cacau,699,Índia,1,0.079,3,0,1230
2022,24,Angola,180632,"Chocolate em tabletes, não recheado",620,Portugal,356232,45.051,1,0,790726
2022,24,Angola,180632,"Chocolate em tabletes, não recheado",792,Turquia,218774,27.667,2,0,790726
2022,24,Angola,180632,"Chocolate em tabletes, não recheado",156,China,104483,13.214,3,0,790726
2022,24,Angola,180632,"Chocolate em tabletes, não recheado",710,África do Sul,40534,5.126,4,0,790726
2022,24,Angola,180632,"Chocolate em tabletes, não recheado",76,Brasil,30992,3.919,5,0,790726
2022,24,Angola,880330,Partes de aviões e helicópteros (ed. antiga),842,EUA,5848968,70.14,1,0,8338937
2022,24,Angola,880330,Partes de aviões e helicópteros (ed. antiga),634,Catar,708799,8.5,2,0,8338937
2022,24,Angola,880330,Partes de aviões e helicópteros (ed. antiga),826,Reino Unido,673088,8.072,3,0,8338937
2022,24,Angola,880330,Partes de aviões e helicópteros (ed. antiga),710,África do Sul,364145,4.367,4,0,8338937
2022,24,Angola,880330,Partes de aviões e helicópteros (ed. antiga),251,França,265353,3.182,5,0,8338937
2022,56,Bélgica,080111,Coco desidratado,528,Países Baixos,9469318,68.117,1,0,13901615
2022,56,Bélgica,080111,Coco desidratado,608,Filipinas,3362631,24.189,2,0,13901615
2022,56,Bélgica,080111,Coco desidratado,144,Sri Lanka,560267,4.03,3,0,13901615
2022,56,Bélgica,080111,Coco desidratado,360,Indonésia,274089,1.972,4,0,13901615
2022,56,Bélgica,080111,Coco desidratado,276,Alemanha,79916,0.575,5,0,13901615
2022,56,Bélgica,090411,Pimenta do reino,528,Países Baixos,2854792,45.032,1,0,6339511
2022,56,Bélgica,090411,Pimenta do reino,276,Alemanha,857672,13.529,2,0,6339511
2022,56,Bélgica,090411,Pimenta do reino,251,França,798358,12.593,3,0,6339511
2022,56,Bélgica,090411,Pimenta do reino,116,Cambodia,514897,8.122,4,0,6339511
2022,56,Bélgica,090411,Pimenta do reino,704,Vietname,348147,5.492,5,0,6339511
2022,56,Bélgica,151110,Óleo de palma em bruto,458,Malásia,47750648,56.084,1,0,85140827
2022,56,Bélgica,151110,Óleo de palma em bruto,528,Países Baixos,24808496,29.138,2,0,85140827
2022,56,Bélgica,151110,Óleo de palma em bruto,360,Indonésia,6473857,7.604,3,0,85140827
2022,56,Bélgica,151110,Óleo de palma em bruto,320,Guatemala,2362406,2.775,4,0,85140827
2022,56,Bélgica,151110,Óleo de palma em bruto,604,Peru,2260353,2.655,5,0,85140827
2022,56,Bélgica,151110,Óleo de palma em bruto,678,São Tomé e Príncipe,22823,0.027,11,1,85140827
2022,56,Bélgica,180100,Cacau,384,Costa do Marfim,155286260,46.779,1,0,331953763
2022,56,Bélgica,180100,Cacau,288,Gana,51977958,15.658,2,0,331953763
2022,56,Bélgica,180100,Cacau,251,França,42321330,12.749,3,0,331953763
2022,56,Bélgica,180100,Cacau,214,República Dominicana,19265694,5.804,4,0,331953763
2022,56,Bélgica,180100,Cacau,218,Equador,18769287,5.654,5,0,331953763
2022,56,Bélgica,180100,Cacau,678,São Tomé e Príncipe,553314,0.167,19,1,331953763
2022,56,Bélgica,180632,"Chocolate em tabletes, não recheado",276,Alemanha,57476342,42.5,1,0,135238828
2022,56,Bélgica,180632,"Chocolate em tabletes, não recheado",616,Polónia,28924738,21.388,2,0,135238828
2022,56,Bélgica,180632,"Chocolate em tabletes, não recheado",528,Países Baixos,17734075,13.113,3,0,135238828
2022,56,Bélgica,180632,"Chocolate em tabletes, não recheado",251,França,9928309,7.341,4,0,135238828
2022,56,Bélgica,180632,"Chocolate em tabletes, não recheado",40,Áustria,5919563,4.377,5,0,135238828
2022,528,Países Baixos,080111,Coco desidratado,608,Filipinas,83549892,81.881,1,0,102038272
2022,528,Países Baixos,080111,Coco desidratado,360,Indonésia,10262718,10.058,2,0,102038272
2022,528,Países Baixos,080111,Coco desidratado,144,Sri Lanka,2077782,2.036,3,0,102038272
2022,528,Países Baixos,080111,Coco desidratado,724,Espanha,2017149,1.977,4,0,102038272
2022,528,Países Baixos,080111,Coco desidratado,458,Malásia,889235,0.871,5,0,102038272
2022,528,Países Baixos,090411,Pimenta do reino,76,Brasil,11949771,30.835,1,0,38754438
2022,528,Países Baixos,090411,Pimenta do reino,704,Vietname,11730251,30.268,2,0,38754438
2022,528,Países Baixos,090411,Pimenta do reino,360,Indonésia,4908361,12.665,3,0,38754438
2022,528,Países Baixos,090411,Pimenta do reino,380,Itália,3391059,8.75,4,0,38754438
2022,528,Países Baixos,090411,Pimenta do reino,699,Índia,2161298,5.577,5,0,38754438
2022,528,Países Baixos,151110,Óleo de palma em bruto,598,Papua New Guinea,387710333,22.626,1,0,1713527844
2022,528,Países Baixos,151110,Óleo de palma em bruto,458,Malásia,359855554,21.001,2,0,1713527844
2022,528,Países Baixos,151110,Óleo de palma em bruto,320,Guatemala,337542992,19.699,3,0,1713527844
2022,528,Países Baixos,151110,Óleo de palma em bruto,170,Colômbia,149424213,8.72,4,0,1713527844
2022,528,Países Baixos,151110,Óleo de palma em bruto,188,Costa Rica,142255751,8.302,5,0,1713527844
2022,528,Países Baixos,151110,Óleo de palma em bruto,678,São Tomé e Príncipe,3016002,0.176,19,1,1713527844
2022,528,Países Baixos,180100,Cacau,384,Costa do Marfim,606348693,39.349,1,0,1540962526
2022,528,Países Baixos,180100,Cacau,120,Camarões,284477138,18.461,2,0,1540962526
2022,528,Países Baixos,180100,Cacau,566,Nigéria,199705492,12.96,3,0,1540962526
2022,528,Países Baixos,180100,Cacau,288,Gana,163451766,10.607,4,0,1540962526
2022,528,Países Baixos,180100,Cacau,218,Equador,39511045,2.564,5,0,1540962526
2022,528,Países Baixos,180100,Cacau,678,São Tomé e Príncipe,779573,0.051,24,1,1540962526
2022,528,Países Baixos,180632,"Chocolate em tabletes, não recheado",276,Alemanha,73383542,41.156,1,0,178307951
2022,528,Países Baixos,180632,"Chocolate em tabletes, não recheado",56,Bélgica,43999578,24.676,2,0,178307951
2022,528,Países Baixos,180632,"Chocolate em tabletes, não recheado",826,Reino Unido,27373737,15.352,3,0,178307951
2022,528,Países Baixos,180632,"Chocolate em tabletes, não recheado",616,Polónia,11503842,6.452,4,0,178307951
2022,528,Países Baixos,180632,"Chocolate em tabletes, não recheado",757,Suíça,7270710,4.078,5,0,178307951
2022,528,Países Baixos,180632,"Chocolate em tabletes, não recheado",678,São Tomé e Príncipe,4728,0.003,53,1,178307951
2022,620,Portugal,080111,Coco desidratado,144,Sri Lanka,2194667,43.068,1,0,5095804
2022,620,Portugal,080111,Coco desidratado,360,Indonésia,1229271,24.123,2,0,5095804
2022,620,Portugal,080111,Coco desidratado,724,Espanha,820265,16.097,3,0,5095804
2022,620,Portugal,080111,Coco desidratado,528,Países Baixos,299315,5.874,4,0,5095804
2022,620,Portugal,080111,Coco desidratado,276,Alemanha,216487,4.248,5,0,5095804
2022,620,Portugal,090411,Pimenta do reino,251,França,521632,32.857,1,0,1587576
2022,620,Portugal,090411,Pimenta do reino,724,Espanha,448348,28.241,2,0,1587576
2022,620,Portugal,090411,Pimenta do reino,528,Países Baixos,221686,13.964,3,0,1587576
2022,620,Portugal,090411,Pimenta do reino,276,Alemanha,196387,12.37,4,0,1587576
2022,620,Portugal,090411,Pimenta do reino,704,Vietname,92355,5.817,5,0,1587576
2022,620,Portugal,151110,Óleo de palma em bruto,694,Sierra Leone,5037725,47.704,1,0,10560439
2022,620,Portugal,151110,Óleo de palma em bruto,678,São Tomé e Príncipe,1892666,17.922,2,1,10560439
2022,620,Portugal,151110,Óleo de palma em bruto,324,Guinea,1455797,13.785,3,0,10560439
2022,620,Portugal,151110,Óleo de palma em bruto,724,Espanha,1192394,11.291,4,0,10560439
2022,620,Portugal,151110,Óleo de palma em bruto,608,Filipinas,722112,6.838,5,0,10560439
2022,620,Portugal,151110,Óleo de palma em bruto,458,Malásia,87663,0.83,6,0,10560439
2022,620,Portugal,180100,Cacau,724,Espanha,541610,64.392,1,0,841111
2022,620,Portugal,180100,Cacau,430,Liberia,147267,17.509,2,0,841111
2022,620,Portugal,180100,Cacau,604,Peru,58911,7.004,3,0,841111
2022,620,Portugal,180100,Cacau,678,São Tomé e Príncipe,41082,4.884,4,1,841111
2022,620,Portugal,180100,Cacau,528,Países Baixos,33925,4.033,5,0,841111
2022,620,Portugal,180100,Cacau,826,Reino Unido,6769,0.805,6,0,841111
2022,620,Portugal,180632,"Chocolate em tabletes, não recheado",724,Espanha,20965470,45.446,1,0,46132546
2022,620,Portugal,180632,"Chocolate em tabletes, não recheado",276,Alemanha,15798290,34.245,2,0,46132546
2022,620,Portugal,180632,"Chocolate em tabletes, não recheado",251,França,1832465,3.972,3,0,46132546
2022,620,Portugal,180632,"Chocolate em tabletes, não recheado",40,Áustria,1742119,3.776,4,0,46132546
2022,620,Portugal,180632,"Chocolate em tabletes, não recheado",528,Países Baixos,1491834,3.234,5,0,46132546
2022,620,Portugal,180632,"Chocolate em tabletes, não recheado",678,São Tomé e Príncipe,1245,0.003,26,1,46132546
2023,24,Angola,080111,Coco desidratado,704,Vietname,64041,37.234,1,0,171995
2023,24,Angola,080111,Coco desidratado,678,São Tomé e Príncipe,32985,19.178,2,1,171995
2023,24,Angola,080111,Coco desidratado,620,Portugal,28313,16.462,3,0,171995
2023,24,Angola,080111,Coco desidratado,360,Indonésia,22369,13.006,4,0,171995
2023,24,Angola,080111,Coco desidratado,76,Brasil,15040,8.744,5,0,171995
2023,24,Angola,080111,Coco desidratado,516,Namíbia,5310,3.087,6,0,171995
2023,24,Angola,090411,Pimenta do reino,620,Portugal,107051,81.319,1,0,131643
2023,24,Angola,090411,Pimenta do reino,699,Índia,6658,5.058,2,0,131643
2023,24,Angola,090411,Pimenta do reino,156,China,4636,3.521,3,0,131643
2023,24,Angola,090411,Pimenta do reino,180,RD Congo,4273,3.246,4,0,131643
2023,24,Angola,090411,Pimenta do reino,784,Emirados Árabes Unidos,3523,2.676,5,0,131643
2023,24,Angola,151110,Óleo de palma em bruto,384,Costa do Marfim,13314482,54.407,1,0,24471841
2023,24,Angola,151110,Óleo de palma em bruto,458,Malásia,11086175,45.302,2,0,24471841
2023,24,Angola,151110,Óleo de palma em bruto,180,RD Congo,70974,0.29,3,0,24471841
2023,24,Angola,151110,Óleo de palma em bruto,566,Nigéria,130,0.001,4,0,24471841
2023,24,Angola,151110,Óleo de palma em bruto,842,EUA,80,0.0,5,0,24471841
2023,24,Angola,180100,Cacau,620,Portugal,4012,65.919,1,0,6087
2023,24,Angola,180100,Cacau,516,Namíbia,1943,31.913,2,0,6087
2023,24,Angola,180100,Cacau,276,Alemanha,74,1.219,3,0,6087
2023,24,Angola,180100,Cacau,251,França,56,0.915,4,0,6087
2023,24,Angola,180100,Cacau,699,Índia,2,0.034,5,0,6087
2023,24,Angola,180632,"Chocolate em tabletes, não recheado",620,Portugal,624983,58.511,1,0,1068140
2023,24,Angola,180632,"Chocolate em tabletes, não recheado",792,Turquia,136342,12.764,2,0,1068140
2023,24,Angola,180632,"Chocolate em tabletes, não recheado",12,Argélia,122697,11.487,3,0,1068140
2023,24,Angola,180632,"Chocolate em tabletes, não recheado",710,África do Sul,73094,6.843,4,0,1068140
2023,24,Angola,180632,"Chocolate em tabletes, não recheado",56,Bélgica,47262,4.425,5,0,1068140
2023,24,Angola,880330,Partes de aviões e helicópteros (ed. antiga),842,EUA,7705436,51.57,1,0,14941655
2023,24,Angola,880330,Partes de aviões e helicópteros (ed. antiga),784,Emirados Árabes Unidos,1651279,11.052,2,0,14941655
2023,24,Angola,880330,Partes de aviões e helicópteros (ed. antiga),634,Catar,1603794,10.734,3,0,14941655
2023,24,Angola,880330,Partes de aviões e helicópteros (ed. antiga),276,Alemanha,713984,4.778,4,0,14941655
2023,24,Angola,880330,Partes de aviões e helicópteros (ed. antiga),380,Itália,607267,4.064,5,0,14941655
2023,56,Bélgica,080111,Coco desidratado,528,Países Baixos,6503941,56.933,1,0,11423759
2023,56,Bélgica,080111,Coco desidratado,608,Filipinas,3490348,30.553,2,0,11423759
2023,56,Bélgica,080111,Coco desidratado,144,Sri Lanka,792628,6.938,3,0,11423759
2023,56,Bélgica,080111,Coco desidratado,251,França,256352,2.244,4,0,11423759
2023,56,Bélgica,080111,Coco desidratado,276,Alemanha,166205,1.455,5,0,11423759
2023,56,Bélgica,090411,Pimenta do reino,528,Países Baixos,3024899,46.561,1,0,6496652
2023,56,Bélgica,090411,Pimenta do reino,276,Alemanha,1187850,18.284,2,0,6496652
2023,56,Bélgica,090411,Pimenta do reino,251,França,838624,12.909,3,0,6496652
2023,56,Bélgica,090411,Pimenta do reino,752,Suécia,303008,4.664,4,0,6496652
2023,56,Bélgica,090411,Pimenta do reino,116,Cambodia,269708,4.151,5,0,6496652
2023,56,Bélgica,151110,Óleo de palma em bruto,458,Malásia,22630403,28.125,1,0,80464670
2023,56,Bélgica,151110,Óleo de palma em bruto,528,Países Baixos,21819576,27.117,2,0,80464670
2023,56,Bélgica,151110,Óleo de palma em bruto,170,Colômbia,10394257,12.918,3,0,80464670
2023,56,Bélgica,151110,Óleo de palma em bruto,320,Guatemala,10083700,12.532,4,0,80464670
2023,56,Bélgica,151110,Óleo de palma em bruto,340,Honduras,7875106,9.787,5,0,80464670
2023,56,Bélgica,180100,Cacau,384,Costa do Marfim,165439052,49.67,1,0,333075084
2023,56,Bélgica,180100,Cacau,288,Gana,49483607,14.857,2,0,333075084
2023,56,Bélgica,180100,Cacau,251,França,33342297,10.01,3,0,333075084
2023,56,Bélgica,180100,Cacau,218,Equador,18745290,5.628,4,0,333075084
2023,56,Bélgica,180100,Cacau,180,RD Congo,11756808,3.53,5,0,333075084
2023,56,Bélgica,180100,Cacau,678,São Tomé e Príncipe,216521,0.065,27,1,333075084
2023,56,Bélgica,180632,"Chocolate em tabletes, não recheado",276,Alemanha,66217510,41.979,1,0,157741096
2023,56,Bélgica,180632,"Chocolate em tabletes, não recheado",616,Polónia,33146215,21.013,2,0,157741096
2023,56,Bélgica,180632,"Chocolate em tabletes, não recheado",528,Países Baixos,18756741,11.891,3,0,157741096
2023,56,Bélgica,180632,"Chocolate em tabletes, não recheado",251,França,15339380,9.724,4,0,157741096
2023,56,Bélgica,180632,"Chocolate em tabletes, não recheado",40,Áustria,6858237,4.348,5,0,157741096
2023,528,Países Baixos,080111,Coco desidratado,608,Filipinas,43034547,79.703,1,0,53993757
2023,528,Países Baixos,080111,Coco desidratado,360,Indonésia,4668888,8.647,2,0,53993757
2023,528,Países Baixos,080111,Coco desidratado,144,Sri Lanka,2209325,4.092,3,0,53993757
2023,528,Países Baixos,080111,Coco desidratado,724,Espanha,1347341,2.495,4,0,53993757
2023,528,Países Baixos,080111,Coco desidratado,826,Reino Unido,1059895,1.963,5,0,53993757
2023,528,Países Baixos,090411,Pimenta do reino,704,Vietname,8696147,29.536,1,0,29442577
2023,528,Países Baixos,090411,Pimenta do reino,76,Brasil,8128547,27.608,2,0,29442577
2023,528,Países Baixos,090411,Pimenta do reino,360,Indonésia,3711340,12.605,3,0,29442577
2023,528,Países Baixos,090411,Pimenta do reino,276,Alemanha,2097338,7.123,4,0,29442577
2023,528,Países Baixos,090411,Pimenta do reino,380,Itália,1992468,6.767,5,0,29442577
2023,528,Países Baixos,151110,Óleo de palma em bruto,320,Guatemala,308791624,24.332,1,0,1269090374
2023,528,Países Baixos,151110,Óleo de palma em bruto,598,Papua New Guinea,292907042,23.08,2,0,1269090374
2023,528,Países Baixos,151110,Óleo de palma em bruto,458,Malásia,267716515,21.095,3,0,1269090374
2023,528,Países Baixos,151110,Óleo de palma em bruto,340,Honduras,97240094,7.662,4,0,1269090374
2023,528,Países Baixos,151110,Óleo de palma em bruto,170,Colômbia,55401249,4.365,5,0,1269090374
2023,528,Países Baixos,151110,Óleo de palma em bruto,678,São Tomé e Príncipe,3582161,0.282,17,1,1269090374
2023,528,Países Baixos,180100,Cacau,384,Costa do Marfim,812702287,36.63,1,0,2218659815
2023,528,Países Baixos,180100,Cacau,120,Camarões,405133051,18.26,2,0,2218659815
2023,528,Países Baixos,180100,Cacau,566,Nigéria,348348252,15.701,3,0,2218659815
2023,528,Países Baixos,180100,Cacau,288,Gana,193663818,8.729,4,0,2218659815
2023,528,Países Baixos,180100,Cacau,324,Guinea,107479171,4.844,5,0,2218659815
2023,528,Países Baixos,180100,Cacau,678,São Tomé e Príncipe,576770,0.026,26,1,2218659815
2023,528,Países Baixos,180632,"Chocolate em tabletes, não recheado",276,Alemanha,79135960,38.171,1,0,207316887
2023,528,Países Baixos,180632,"Chocolate em tabletes, não recheado",56,Bélgica,63826647,30.787,2,0,207316887
2023,528,Países Baixos,180632,"Chocolate em tabletes, não recheado",826,Reino Unido,19914123,9.606,3,0,207316887
2023,528,Países Baixos,180632,"Chocolate em tabletes, não recheado",616,Polónia,10871215,5.244,4,0,207316887
2023,528,Países Baixos,180632,"Chocolate em tabletes, não recheado",191,Croácia,5479540,2.643,5,0,207316887
2023,528,Países Baixos,180632,"Chocolate em tabletes, não recheado",678,São Tomé e Príncipe,124,0.0,72,1,207316887
2023,620,Portugal,080111,Coco desidratado,144,Sri Lanka,1737071,47.667,1,0,3644176
2023,620,Portugal,080111,Coco desidratado,360,Indonésia,700710,19.228,2,0,3644176
2023,620,Portugal,080111,Coco desidratado,724,Espanha,379293,10.408,3,0,3644176
2023,620,Portugal,080111,Coco desidratado,608,Filipinas,277249,7.608,4,0,3644176
2023,620,Portugal,080111,Coco desidratado,276,Alemanha,237972,6.53,5,0,3644176
2023,620,Portugal,090411,Pimenta do reino,724,Espanha,717661,27.603,1,0,2599942
2023,620,Portugal,090411,Pimenta do reino,251,França,660735,25.413,2,0,2599942
2023,620,Portugal,090411,Pimenta do reino,704,Vietname,485341,18.667,3,0,2599942
2023,620,Portugal,090411,Pimenta do reino,276,Alemanha,229749,8.837,4,0,2599942
2023,620,Portugal,090411,Pimenta do reino,528,Países Baixos,168347,6.475,5,0,2599942
2023,620,Portugal,151110,Óleo de palma em bruto,608,Filipinas,5748061,69.643,1,0,8253601
2023,620,Portugal,151110,Óleo de palma em bruto,724,Espanha,1124187,13.621,2,0,8253601
2023,620,Portugal,151110,Óleo de palma em bruto,360,Indonésia,556896,6.747,3,0,8253601
2023,620,Portugal,151110,Óleo de palma em bruto,458,Malásia,484951,5.876,4,0,8253601
2023,620,Portugal,151110,Óleo de palma em bruto,528,Países Baixos,231159,2.801,5,0,8253601
2023,620,Portugal,151110,Óleo de palma em bruto,678,São Tomé e Príncipe,933,0.011,8,1,8253601
2023,620,Portugal,180100,Cacau,724,Espanha,398948,61.021,1,0,653785
2023,620,Portugal,180100,Cacau,380,Itália,110265,16.866,2,0,653785
2023,620,Portugal,180100,Cacau,678,São Tomé e Príncipe,91687,14.024,3,1,653785
2023,620,Portugal,180100,Cacau,528,Países Baixos,26496,4.053,4,0,653785
2023,620,Portugal,180100,Cacau,218,Equador,9394,1.437,5,0,653785
2023,620,Portugal,180100,Cacau,604,Peru,7653,1.171,6,0,653785
2023,620,Portugal,180632,"Chocolate em tabletes, não recheado",724,Espanha,22633279,43.117,1,0,52492217
2023,620,Portugal,180632,"Chocolate em tabletes, não recheado",276,Alemanha,21202675,40.392,2,0,52492217
2023,620,Portugal,180632,"Chocolate em tabletes, não recheado",40,Áustria,1802745,3.434,3,0,52492217
2023,620,Portugal,180632,"Chocolate em tabletes, não recheado",251,França,1799013,3.427,4,0,52492217
2023,620,Portugal,180632,"Chocolate em tabletes, não recheado",616,Polónia,1629440,3.104,5,0,52492217
2023,620,Portugal,180632,"Chocolate em tabletes, não recheado",678,São Tomé e Príncipe,20036,0.038,20,1,52492217
2024,24,Angola,080111,Coco desidratado,704,Vietname,67862,39.07,1,0,173695
2024,24,Angola,080111,Coco desidratado,620,Portugal,44884,25.841,2,0,173695
2024,24,Angola,080111,Coco desidratado,360,Indonésia,24123,13.888,3,0,173695
2024,24,Angola,080111,Coco desidratado,678,São Tomé e Príncipe,21372,12.304,4,1,173695
2024,24,Angola,080111,Coco desidratado,699,Índia,8153,4.694,5,0,173695
2024,24,Angola,080111,Coco desidratado,710,África do Sul,3679,2.118,6,0,173695
2024,24,Angola,090411,Pimenta do reino,620,Portugal,54005,66.124,1,0,81673
2024,24,Angola,090411,Pimenta do reino,699,Índia,12638,15.474,2,0,81673
2024,24,Angola,090411,Pimenta do reino,710,África do Sul,9636,11.798,3,0,81673
2024,24,Angola,090411,Pimenta do reino,784,Emirados Árabes Unidos,3033,3.714,4,0,81673
2024,24,Angola,090411,Pimenta do reino,180,RD Congo,1546,1.893,5,0,81673
2024,24,Angola,151110,Óleo de palma em bruto,458,Malásia,21540444,69.67,1,0,30917918
2024,24,Angola,151110,Óleo de palma em bruto,430,Liberia,5636829,18.232,2,0,30917918
2024,24,Angola,151110,Óleo de palma em bruto,360,Indonésia,2467857,7.982,3,0,30917918
2024,24,Angola,151110,Óleo de palma em bruto,180,RD Congo,410063,1.326,4,0,30917918
2024,24,Angola,151110,Óleo de palma em bruto,384,Costa do Marfim,404153,1.307,5,0,30917918
2024,24,Angola,180100,Cacau,678,São Tomé e Príncipe,15514,80.731,1,1,19217
2024,24,Angola,180100,Cacau,620,Portugal,2574,13.395,2,0,19217
2024,24,Angola,180100,Cacau,516,Namíbia,1000,5.204,3,0,19217
2024,24,Angola,180100,Cacau,156,China,129,0.671,4,0,19217
2024,24,Angola,180632,"Chocolate em tabletes, não recheado",620,Portugal,611834,61.456,1,0,995559
2024,24,Angola,180632,"Chocolate em tabletes, não recheado",792,Turquia,183447,18.427,2,0,995559
2024,24,Angola,180632,"Chocolate em tabletes, não recheado",710,África do Sul,84583,8.496,3,0,995559
2024,24,Angola,180632,"Chocolate em tabletes, não recheado",32,Argentina,41723,4.191,4,0,995559
2024,24,Angola,180632,"Chocolate em tabletes, não recheado",76,Brasil,37982,3.815,5,0,995559
2024,56,Bélgica,080111,Coco desidratado,528,Países Baixos,8813757,74.414,1,0,11844272
2024,56,Bélgica,080111,Coco desidratado,608,Filipinas,1899295,16.036,2,0,11844272
2024,56,Bélgica,080111,Coco desidratado,144,Sri Lanka,472210,3.987,3,0,11844272
2024,56,Bélgica,080111,Coco desidratado,724,Espanha,285241,2.408,4,0,11844272
2024,56,Bélgica,080111,Coco desidratado,276,Alemanha,135440,1.144,5,0,11844272
2024,56,Bélgica,090411,Pimenta do reino,528,Países Baixos,4587410,56.81,1,0,8074936
2024,56,Bélgica,090411,Pimenta do reino,251,França,814989,10.093,2,0,8074936
2024,56,Bélgica,090411,Pimenta do reino,276,Alemanha,809952,10.03,3,0,8074936
2024,56,Bélgica,090411,Pimenta do reino,752,Suécia,494387,6.122,4,0,8074936
2024,56,Bélgica,090411,Pimenta do reino,116,Cambodia,239818,2.97,5,0,8074936
2024,56,Bélgica,151110,Óleo de palma em bruto,458,Malásia,27565391,36.08,1,0,76401156
2024,56,Bélgica,151110,Óleo de palma em bruto,528,Países Baixos,16832836,22.032,2,0,76401156
2024,56,Bélgica,151110,Óleo de palma em bruto,724,Espanha,11151810,14.596,3,0,76401156
2024,56,Bélgica,151110,Óleo de palma em bruto,360,Indonésia,7340744,9.608,4,0,76401156
2024,56,Bélgica,151110,Óleo de palma em bruto,276,Alemanha,4649087,6.085,5,0,76401156
2024,56,Bélgica,180100,Cacau,384,Costa do Marfim,292910412,40.266,1,0,727437638
2024,56,Bélgica,180100,Cacau,566,Nigéria,124038548,17.051,2,0,727437638
2024,56,Bélgica,180100,Cacau,288,Gana,121339043,16.68,3,0,727437638
2024,56,Bélgica,180100,Cacau,251,França,60313320,8.291,4,0,727437638
2024,56,Bélgica,180100,Cacau,218,Equador,50826991,6.987,5,0,727437638
2024,56,Bélgica,180100,Cacau,678,São Tomé e Príncipe,1138364,0.156,19,1,727437638
2024,56,Bélgica,180632,"Chocolate em tabletes, não recheado",276,Alemanha,78772466,36.781,1,0,214168561
2024,56,Bélgica,180632,"Chocolate em tabletes, não recheado",616,Polónia,55908954,26.105,2,0,214168561
2024,56,Bélgica,180632,"Chocolate em tabletes, não recheado",251,França,22341175,10.432,3,0,214168561
2024,56,Bélgica,180632,"Chocolate em tabletes, não recheado",528,Países Baixos,19530914,9.119,4,0,214168561
2024,56,Bélgica,180632,"Chocolate em tabletes, não recheado",40,Áustria,8749297,4.085,5,0,214168561
2024,528,Países Baixos,080111,Coco desidratado,608,Filipinas,44294562,74.8,1,0,59217091
2024,528,Países Baixos,080111,Coco desidratado,360,Indonésia,8014142,13.533,2,0,59217091
2024,528,Países Baixos,080111,Coco desidratado,144,Sri Lanka,3728867,6.297,3,0,59217091
2024,528,Países Baixos,080111,Coco desidratado,826,Reino Unido,972754,1.643,4,0,59217091
2024,528,Países Baixos,080111,Coco desidratado,702,Singapura,534350,0.902,5,0,59217091
2024,528,Países Baixos,090411,Pimenta do reino,704,Vietname,13167735,37.154,1,0,35440579
2024,528,Países Baixos,090411,Pimenta do reino,76,Brasil,7463061,21.058,2,0,35440579
2024,528,Países Baixos,090411,Pimenta do reino,360,Indonésia,5964750,16.83,3,0,35440579
2024,528,Países Baixos,090411,Pimenta do reino,699,Índia,2592836,7.316,4,0,35440579
2024,528,Países Baixos,090411,Pimenta do reino,380,Itália,1924740,5.431,5,0,35440579
2024,528,Países Baixos,151110,Óleo de palma em bruto,458,Malásia,353537094,27.989,1,0,1263126000
2024,528,Países Baixos,151110,Óleo de palma em bruto,320,Guatemala,251576749,19.917,2,0,1263126000
2024,528,Países Baixos,151110,Óleo de palma em bruto,598,Papua New Guinea,207857560,16.456,3,0,1263126000
2024,528,Países Baixos,151110,Óleo de palma em bruto,340,Honduras,108459710,8.587,4,0,1263126000
2024,528,Países Baixos,151110,Óleo de palma em bruto,188,Costa Rica,77914084,6.168,5,0,1263126000
2024,528,Países Baixos,151110,Óleo de palma em bruto,678,São Tomé e Príncipe,6288030,0.498,15,1,1263126000
2024,528,Países Baixos,180100,Cacau,384,Costa do Marfim,1496755591,35.087,1,0,4265789228
2024,528,Países Baixos,180100,Cacau,566,Nigéria,780805153,18.304,2,0,4265789228
2024,528,Países Baixos,180100,Cacau,120,Camarões,743376048,17.426,3,0,4265789228
2024,528,Países Baixos,180100,Cacau,218,Equador,255997314,6.001,4,0,4265789228
2024,528,Países Baixos,180100,Cacau,288,Gana,194761192,4.566,5,0,4265789228
2024,528,Países Baixos,180100,Cacau,678,São Tomé e Príncipe,2111943,0.05,27,1,4265789228
2024,528,Países Baixos,180632,"Chocolate em tabletes, não recheado",276,Alemanha,95295263,40.438,1,0,235656786
2024,528,Países Baixos,180632,"Chocolate em tabletes, não recheado",56,Bélgica,76175560,32.325,2,0,235656786
2024,528,Países Baixos,180632,"Chocolate em tabletes, não recheado",826,Reino Unido,19276410,8.18,3,0,235656786
2024,528,Países Baixos,180632,"Chocolate em tabletes, não recheado",616,Polónia,9800008,4.159,4,0,235656786
2024,528,Países Baixos,180632,"Chocolate em tabletes, não recheado",251,França,4302756,1.826,5,0,235656786
2024,620,Portugal,080111,Coco desidratado,144,Sri Lanka,2557903,53.443,1,0,4786255
2024,620,Portugal,080111,Coco desidratado,360,Indonésia,948705,19.821,2,0,4786255
2024,620,Portugal,080111,Coco desidratado,724,Espanha,637883,13.327,3,0,4786255
2024,620,Portugal,080111,Coco desidratado,528,Países Baixos,319191,6.669,4,0,4786255
2024,620,Portugal,080111,Coco desidratado,276,Alemanha,195370,4.082,5,0,4786255
2024,620,Portugal,090411,Pimenta do reino,724,Espanha,830932,26.549,1,0,3129797
2024,620,Portugal,090411,Pimenta do reino,528,Países Baixos,681109,21.762,2,0,3129797
2024,620,Portugal,090411,Pimenta do reino,251,França,554600,17.72,3,0,3129797
2024,620,Portugal,090411,Pimenta do reino,704,Vietname,518988,16.582,4,0,3129797
2024,620,Portugal,090411,Pimenta do reino,276,Alemanha,380854,12.169,5,0,3129797
2024,620,Portugal,151110,Óleo de palma em bruto,724,Espanha,3768283,51.626,1,0,7299215
2024,620,Portugal,151110,Óleo de palma em bruto,384,Costa do Marfim,1814540,24.859,2,0,7299215
2024,620,Portugal,151110,Óleo de palma em bruto,430,Liberia,1061043,14.536,3,0,7299215
2024,620,Portugal,151110,Óleo de palma em bruto,678,São Tomé e Príncipe,442859,6.067,4,1,7299215
2024,620,Portugal,151110,Óleo de palma em bruto,458,Malásia,212351,2.909,5,0,7299215
2024,620,Portugal,151110,Óleo de palma em bruto,757,Suíça,92,0.001,6,0,7299215
2024,620,Portugal,180100,Cacau,724,Espanha,166364,51.215,1,0,324832
2024,620,Portugal,180100,Cacau,678,São Tomé e Príncipe,75029,23.098,2,1,324832
2024,620,Portugal,180100,Cacau,604,Peru,22960,7.068,3,0,324832
2024,620,Portugal,180100,Cacau,528,Países Baixos,22363,6.884,4,0,324832
2024,620,Portugal,180100,Cacau,276,Alemanha,14068,4.331,5,0,324832
2024,620,Portugal,180100,Cacau,56,Bélgica,11946,3.678,6,0,324832
2024,620,Portugal,180632,"Chocolate em tabletes, não recheado",724,Espanha,25922185,41.346,1,0,62696251
2024,620,Portugal,180632,"Chocolate em tabletes, não recheado",276,Alemanha,23683558,37.775,2,0,62696251
2024,620,Portugal,180632,"Chocolate em tabletes, não recheado",40,Áustria,3314066,5.286,3,0,62696251
2024,620,Portugal,180632,"Chocolate em tabletes, não recheado",251,França,2224617,3.548,4,0,62696251
2024,620,Portugal,180632,"Chocolate em tabletes, não recheado",616,Polónia,1477118,2.356,5,0,62696251
2024,620,Portugal,180632,"Chocolate em tabletes, não recheado",678,São Tomé e Príncipe,28575,0.046,20,1,62696251
