year,hs6,description_pt,partner_code,partner,value,share_pct,basis
2003,020714,"Meat and edible offal; of fowls of the species Gallus domesticus, cuts and offal, frozen",56,Bélgica,154520,45.345,direct
2003,020714,"Meat and edible offal; of fowls of the species Gallus domesticus, cuts and offal, frozen",620,Portugal,98520,28.911,direct
2003,020714,"Meat and edible offal; of fowls of the species Gallus domesticus, cuts and offal, frozen",251,França,62841,18.441,direct
2003,020714,"Meat and edible offal; of fowls of the species Gallus domesticus, cuts and offal, frozen",899,"Areas, nes",24887,7.303,direct
2003,071333,"Vegetables, leguminous; kidney beans, including white pea beans (phaseolus vulgaris), shelled, whether or not skinned or split, dried",620,Portugal,294209,100.0,direct
2003,100620,Arroz,392,Japão,1207843,98.446,direct
2003,100620,Arroz,266,Gabão,17112,1.395,direct
2003,100620,Arroz,620,Portugal,1950,0.159,direct
2003,100630,Arroz,266,Gabão,34156,96.044,direct
2003,100630,Arroz,620,Portugal,792,2.227,direct
2003,100630,Arroz,56,Bélgica,367,1.032,direct
2003,100630,Arroz,251,França,249,0.7,direct
2003,110100,Wheat or meslin flour,56,Bélgica,682371,63.701,direct
2003,110100,Wheat or meslin flour,620,Portugal,388193,36.239,direct
2003,110100,Wheat or meslin flour,710,África do Sul,578,0.054,direct
2003,110100,Wheat or meslin flour,251,França,75,0.007,direct
2003,150790,Óleo de soja,620,Portugal,970095,78.581,direct
2003,150790,Óleo de soja,56,Bélgica,262772,21.285,direct
2003,150790,Óleo de soja,710,África do Sul,1600,0.13,direct
2003,150790,Óleo de soja,251,França,26,0.002,direct
2003,150790,Óleo de soja,266,Gabão,19,0.002,direct
2003,160100,"Meat preparations; sausages and similar products, of meat, meat offal, blood or insects, and food preparations based on these products",620,Portugal,439670,99.687,direct
2003,160100,"Meat preparations; sausages and similar products, of meat, meat offal, blood or insects, and food preparations based on these products",56,Bélgica,737,0.167,direct
2003,160100,"Meat preparations; sausages and similar products, of meat, meat offal, blood or insects, and food preparations based on these products",251,França,644,0.146,direct
2003,170111,Açúcar de cana ou de beterraba,56,Bélgica,462770,92.508,direct
2003,170111,Açúcar de cana ou de beterraba,620,Portugal,37122,7.421,direct
2003,170111,Açúcar de cana ou de beterraba,710,África do Sul,358,0.072,direct
2003,220210,"Waters; including mineral and aerated, containing added sugar or other sweetening matter or flavoured",620,Portugal,543564,69.027,direct
2003,220210,"Waters; including mineral and aerated, containing added sugar or other sweetening matter or flavoured",724,Espanha,114518,14.543,direct
2003,220210,"Waters; including mineral and aerated, containing added sugar or other sweetening matter or flavoured",710,África do Sul,60172,7.641,direct
2003,220210,"Waters; including mineral and aerated, containing added sugar or other sweetening matter or flavoured",56,Bélgica,34125,4.334,direct
2003,220210,"Waters; including mineral and aerated, containing added sugar or other sweetening matter or flavoured",528,Países Baixos,33503,4.255,direct
2003,220210,"Waters; including mineral and aerated, containing added sugar or other sweetening matter or flavoured",251,França,1502,0.191,direct
2003,220210,"Waters; including mineral and aerated, containing added sugar or other sweetening matter or flavoured",208,Dinamarca,78,0.01,direct
2003,220290,220290,620,Portugal,358816,96.256,direct
2003,220290,220290,724,Espanha,12589,3.377,direct
2003,220290,220290,690,Seychelles,1172,0.314,direct
2003,220290,220290,528,Países Baixos,196,0.053,direct
2003,220300,Cerveja,620,Portugal,1200754,99.362,direct
2003,220300,Cerveja,266,Gabão,5183,0.429,direct
2003,220300,Cerveja,710,África do Sul,1000,0.083,direct
2003,220300,Cerveja,251,França,996,0.082,direct
2003,220300,Cerveja,56,Bélgica,536,0.044,direct
2003,220421,Vinho,620,Portugal,2191571,97.603,direct
2003,220421,Vinho,710,África do Sul,12638,0.563,direct
2003,220421,Vinho,56,Bélgica,8984,0.4,direct
2003,220421,Vinho,528,Países Baixos,8588,0.382,direct
2003,220421,Vinho,251,França,8446,0.376,direct
2003,220421,Vinho,682,Arábia Saudita,7625,0.34,direct
2003,220421,Vinho,44,Bahamas,7551,0.336,direct
2003,220429,Vinho,620,Portugal,67812,100.0,direct
2003,230990,"Dog or cat food; (not put up for retail sale), used in animal feeding",620,Portugal,74731,99.544,direct
2003,230990,"Dog or cat food; (not put up for retail sale), used in animal feeding",266,Gabão,342,0.456,direct
2003,252329,"Cement; portland, other than white, whether or not artificially coloured",620,Portugal,1253255,79.834,direct
2003,252329,"Cement; portland, other than white, whether or not artificially coloured",266,Gabão,208717,13.296,direct
2003,252329,"Cement; portland, other than white, whether or not artificially coloured",392,Japão,107856,6.871,direct
2003,271000,Combustíveis refinados,24,Angola,4086571,96.742,direct
2003,271000,Combustíveis refinados,620,Portugal,132000,3.125,direct
2003,271000,Combustíveis refinados,392,Japão,1505,0.036,direct
2003,271000,Combustíveis refinados,710,África do Sul,1435,0.034,direct
2003,271000,Combustíveis refinados,266,Gabão,1397,0.033,direct
2003,271000,Combustíveis refinados,56,Bélgica,857,0.02,direct
2003,271000,Combustíveis refinados,686,Senegal,306,0.007,direct
2003,271000,Combustíveis refinados,251,França,76,0.002,direct
2003,340119,"Soap and organic surface-active products; in the form of bars, cakes, moulded shapes, and paper, wadding, felt and nonwovens, impregnated, coated or covered with soap or detergent, not for toilet use",620,Portugal,468587,96.226,direct
2003,340119,"Soap and organic surface-active products; in the form of bars, cakes, moulded shapes, and paper, wadding, felt and nonwovens, impregnated, coated or covered with soap or detergent, not for toilet use",360,Indonésia,10617,2.18,direct
2003,340119,"Soap and organic surface-active products; in the form of bars, cakes, moulded shapes, and paper, wadding, felt and nonwovens, impregnated, coated or covered with soap or detergent, not for toilet use",56,Bélgica,7126,1.463,direct
2003,340119,"Soap and organic surface-active products; in the form of bars, cakes, moulded shapes, and paper, wadding, felt and nonwovens, impregnated, coated or covered with soap or detergent, not for toilet use",251,França,346,0.071,direct
2003,340119,"Soap and organic surface-active products; in the form of bars, cakes, moulded shapes, and paper, wadding, felt and nonwovens, impregnated, coated or covered with soap or detergent, not for toilet use",710,África do Sul,287,0.059,direct
2003,630900,"Clothing; worn, and other worn articles",56,Bélgica,230759,66.645,direct
2003,630900,"Clothing; worn, and other worn articles",620,Portugal,96158,27.771,direct
2003,630900,"Clothing; worn, and other worn articles",682,Arábia Saudita,9400,2.715,direct
2003,630900,"Clothing; worn, and other worn articles",380,Itália,4580,1.323,direct
2003,630900,"Clothing; worn, and other worn articles",752,Suécia,3589,1.037,direct
2003,630900,"Clothing; worn, and other worn articles",760,Syria,1641,0.474,direct
2003,630900,"Clothing; worn, and other worn articles",266,Gabão,64,0.018,direct
2003,630900,"Clothing; worn, and other worn articles",24,Angola,32,0.009,direct
2003,870323,Automóveis de passageiros,392,Japão,181674,49.597,direct
2003,870323,Automóveis de passageiros,620,Portugal,132891,36.279,direct
2003,870323,Automóveis de passageiros,56,Bélgica,47787,13.046,direct
2003,870323,Automóveis de passageiros,251,França,2824,0.771,direct
2003,870323,Automóveis de passageiros,266,Gabão,1123,0.307,direct
2003,870332,Automóveis de passageiros,620,Portugal,95286,62.063,direct
2003,870332,Automóveis de passageiros,56,Bélgica,41086,26.761,direct
2003,870332,Automóveis de passageiros,392,Japão,12055,7.852,direct
2003,870332,Automóveis de passageiros,528,Países Baixos,2281,1.486,direct
2003,870332,Automóveis de passageiros,380,Itália,1535,1.0,direct
2003,870332,Automóveis de passageiros,251,França,1287,0.838,direct
2003,870333,Automóveis de passageiros,392,Japão,101956,52.306,direct
2003,870333,Automóveis de passageiros,620,Portugal,39337,20.181,direct
2003,870333,Automóveis de passageiros,266,Gabão,29974,15.377,direct
2003,870333,Automóveis de passageiros,528,Países Baixos,13614,6.984,direct
2003,870333,Automóveis de passageiros,251,França,6790,3.483,direct
2003,870333,Automóveis de passageiros,56,Bélgica,3252,1.668,direct
2003,871120,"Motorcycles (including mopeds) and cycles; fitted with an auxiliary motor, internal combustion piston engine, of cylinder capacity exceeding 50cc but not exceeding 250cc, with or without side-cars; side-cars",392,Japão,66348,42.788,direct
2003,871120,"Motorcycles (including mopeds) and cycles; fitted with an auxiliary motor, internal combustion piston engine, of cylinder capacity exceeding 50cc but not exceeding 250cc, with or without side-cars; side-cars",620,Portugal,53759,34.669,direct
2003,871120,"Motorcycles (including mopeds) and cycles; fitted with an auxiliary motor, internal combustion piston engine, of cylinder capacity exceeding 50cc but not exceeding 250cc, with or without side-cars; side-cars",156,China,16142,10.41,direct
2003,871120,"Motorcycles (including mopeds) and cycles; fitted with an auxiliary motor, internal combustion piston engine, of cylinder capacity exceeding 50cc but not exceeding 250cc, with or without side-cars; side-cars",566,Nigéria,8741,5.637,direct
2003,871120,"Motorcycles (including mopeds) and cycles; fitted with an auxiliary motor, internal combustion piston engine, of cylinder capacity exceeding 50cc but not exceeding 250cc, with or without side-cars; side-cars",768,Togo,5791,3.735,direct
2003,871120,"Motorcycles (including mopeds) and cycles; fitted with an auxiliary motor, internal combustion piston engine, of cylinder capacity exceeding 50cc but not exceeding 250cc, with or without side-cars; side-cars",56,Bélgica,2159,1.392,direct
2003,871120,"Motorcycles (including mopeds) and cycles; fitted with an auxiliary motor, internal combustion piston engine, of cylinder capacity exceeding 50cc but not exceeding 250cc, with or without side-cars; side-cars",208,Dinamarca,1629,1.051,direct
2003,871120,"Motorcycles (including mopeds) and cycles; fitted with an auxiliary motor, internal combustion piston engine, of cylinder capacity exceeding 50cc but not exceeding 250cc, with or without side-cars; side-cars",251,França,495,0.319,direct
2003,020714,"Meat and edible offal; of fowls of the species Gallus domesticus, cuts and offal, frozen",56,Bélgica,131691,36.227,mirror
2003,020714,"Meat and edible offal; of fowls of the species Gallus domesticus, cuts and offal, frozen",251,França,125637,34.562,mirror
2003,020714,"Meat and edible offal; of fowls of the species Gallus domesticus, cuts and offal, frozen",528,Países Baixos,84827,23.335,mirror
2003,020714,"Meat and edible offal; of fowls of the species Gallus domesticus, cuts and offal, frozen",724,Espanha,18544,5.101,mirror
2003,020714,"Meat and edible offal; of fowls of the species Gallus domesticus, cuts and offal, frozen",620,Portugal,2565,0.706,mirror
2003,020714,"Meat and edible offal; of fowls of the species Gallus domesticus, cuts and offal, frozen",710,África do Sul,248,0.068,mirror
2003,071333,"Vegetables, leguminous; kidney beans, including white pea beans (phaseolus vulgaris), shelled, whether or not skinned or split, dried",620,Portugal,257481,100.0,mirror
2003,100620,Arroz,276,Alemanha,2000,93.023,mirror
2003,100620,Arroz,620,Portugal,150,6.977,mirror
2003,100630,Arroz,276,Alemanha,31000,84.006,mirror
2003,100630,Arroz,620,Portugal,5902,15.994,mirror
2003,110100,Wheat or meslin flour,56,Bélgica,936511,78.265,mirror
2003,110100,Wheat or meslin flour,528,Países Baixos,142510,11.91,mirror
2003,110100,Wheat or meslin flour,620,Portugal,84561,7.067,mirror
2003,110100,Wheat or meslin flour,251,França,32824,2.743,mirror
2003,110100,Wheat or meslin flour,384,Costa do Marfim,179,0.015,mirror
2003,150790,Óleo de soja,620,Portugal,655301,71.301,mirror
2003,150790,Óleo de soja,56,Bélgica,248768,27.067,mirror
2003,150790,Óleo de soja,276,Alemanha,15000,1.632,mirror
2003,160100,"Meat preparations; sausages and similar products, of meat, meat offal, blood or insects, and food preparations based on these products",620,Portugal,434775,99.842,mirror
2003,160100,"Meat preparations; sausages and similar products, of meat, meat offal, blood or insects, and food preparations based on these products",208,Dinamarca,686,0.158,mirror
2003,170111,Açúcar de cana ou de beterraba,710,África do Sul,10,100.0,mirror
2003,220210,"Waters; including mineral and aerated, containing added sugar or other sweetening matter or flavoured",620,Portugal,184013,34.671,mirror
2003,220210,"Waters; including mineral and aerated, containing added sugar or other sweetening matter or flavoured",528,Países Baixos,166261,31.326,mirror
2003,220210,"Waters; including mineral and aerated, containing added sugar or other sweetening matter or flavoured",120,Camarões,65887,12.414,mirror
2003,220210,"Waters; including mineral and aerated, containing added sugar or other sweetening matter or flavoured",724,Espanha,59970,11.299,mirror
2003,220210,"Waters; including mineral and aerated, containing added sugar or other sweetening matter or flavoured",710,África do Sul,46687,8.797,mirror
2003,220210,"Waters; including mineral and aerated, containing added sugar or other sweetening matter or flavoured",251,França,7923,1.493,mirror
2003,220290,220290,620,Portugal,336334,64.69,mirror
2003,220290,220290,724,Espanha,91926,17.681,mirror
2003,220290,220290,842,EUA,39526,7.602,mirror
2003,220290,220290,528,Países Baixos,26014,5.004,mirror
2003,220290,220290,120,Camarões,20456,3.934,mirror
2003,220290,220290,251,França,5659,1.088,mirror
2003,220300,Cerveja,620,Portugal,733478,96.915,mirror
2003,220300,Cerveja,120,Camarões,21667,2.863,mirror
2003,220300,Cerveja,826,Reino Unido,1681,0.222,mirror
2003,220421,Vinho,620,Portugal,1984845,96.756,mirror
2003,220421,Vinho,251,França,61121,2.979,mirror
2003,220421,Vinho,724,Espanha,5434,0.265,mirror
2003,220429,Vinho,620,Portugal,69586,95.231,mirror
2003,220429,Vinho,251,França,2264,3.098,mirror
2003,220429,Vinho,710,África do Sul,1221,1.671,mirror
2003,230990,"Dog or cat food; (not put up for retail sale), used in animal feeding",620,Portugal,89653,100.0,mirror
2003,252329,"Cement; portland, other than white, whether or not artificially coloured",620,Portugal,574920,46.662,mirror
2003,252329,"Cement; portland, other than white, whether or not artificially coloured",862,Venezuela,240000,19.479,mirror
2003,252329,"Cement; portland, other than white, whether or not artificially coloured",266,Gabão,231144,18.76,mirror
2003,252329,"Cement; portland, other than white, whether or not artificially coloured",504,Marrocos,126744,10.287,mirror
2003,252329,"Cement; portland, other than white, whether or not artificially coloured",52,Barbados,59291,4.812,mirror
2003,271000,Combustíveis refinados,804,Ucrânia,22600,96.392,mirror
2003,271000,Combustíveis refinados,266,Gabão,846,3.608,mirror
2003,271011,Combustíveis refinados,380,Itália,2440994,99.729,mirror
2003,271011,Combustíveis refinados,710,África do Sul,6622,0.271,mirror
2003,340119,"Soap and organic surface-active products; in the form of bars, cakes, moulded shapes, and paper, wadding, felt and nonwovens, impregnated, coated or covered with soap or detergent, not for toilet use",620,Portugal,678736,100.0,mirror
2003,630900,"Clothing; worn, and other worn articles",528,Países Baixos,287281,59.677,mirror
2003,630900,"Clothing; worn, and other worn articles",56,Bélgica,151705,31.514,mirror
2003,630900,"Clothing; worn, and other worn articles",620,Portugal,26610,5.528,mirror
2003,630900,"Clothing; worn, and other worn articles",276,Alemanha,8000,1.662,mirror
2003,630900,"Clothing; worn, and other worn articles",643,Rússia,6893,1.432,mirror
2003,630900,"Clothing; worn, and other worn articles",380,Itália,905,0.188,mirror
2003,870323,Automóveis de passageiros,56,Bélgica,131651,30.827,mirror
2003,870323,Automóveis de passageiros,620,Portugal,123876,29.006,mirror
2003,870323,Automóveis de passageiros,724,Espanha,77238,18.086,mirror
2003,870323,Automóveis de passageiros,410,Coreia do Sul,38761,9.076,mirror
2003,870323,Automóveis de passageiros,842,EUA,25085,5.874,mirror
2003,870323,Automóveis de passageiros,276,Alemanha,19000,4.449,mirror
2003,870323,Automóveis de passageiros,392,Japão,11457,2.683,mirror
2003,870332,Automóveis de passageiros,620,Portugal,331447,64.691,mirror
2003,870332,Automóveis de passageiros,276,Alemanha,118000,23.031,mirror
2003,870332,Automóveis de passageiros,56,Bélgica,58789,11.474,mirror
2003,870332,Automóveis de passageiros,724,Espanha,2989,0.583,mirror
2003,870332,Automóveis de passageiros,528,Países Baixos,1131,0.221,mirror
2003,870333,Automóveis de passageiros,620,Portugal,127824,64.64,mirror
2003,870333,Automóveis de passageiros,724,Espanha,57480,29.068,mirror
2003,870333,Automóveis de passageiros,56,Bélgica,10181,5.148,mirror
2003,870333,Automóveis de passageiros,528,Países Baixos,2262,1.144,mirror
2003,871120,"Motorcycles (including mopeds) and cycles; fitted with an auxiliary motor, internal combustion piston engine, of cylinder capacity exceeding 50cc but not exceeding 250cc, with or without side-cars; side-cars",392,Japão,34621,49.679,mirror
2003,871120,"Motorcycles (including mopeds) and cycles; fitted with an auxiliary motor, internal combustion piston engine, of cylinder capacity exceeding 50cc but not exceeding 250cc, with or without side-cars; side-cars",620,Portugal,19514,28.001,mirror
2003,871120,"Motorcycles (including mopeds) and cycles; fitted with an auxiliary motor, internal combustion piston engine, of cylinder capacity exceeding 50cc but not exceeding 250cc, with or without side-cars; side-cars",422,Líbano,13843,19.864,mirror
2003,871120,"Motorcycles (including mopeds) and cycles; fitted with an auxiliary motor, internal combustion piston engine, of cylinder capacity exceeding 50cc but not exceeding 250cc, with or without side-cars; side-cars",208,Dinamarca,1712,2.457,mirror
2003,999999,Commodities not specified according to kind,842,EUA,481228,45.029,mirror
2003,999999,Commodities not specified according to kind,251,França,318053,29.761,mirror
2003,999999,Commodities not specified according to kind,724,Espanha,134692,12.603,mirror
2003,999999,Commodities not specified according to kind,276,Alemanha,39000,3.649,mirror
2003,999999,Commodities not specified according to kind,710,África do Sul,28320,2.65,mirror
2003,999999,Commodities not specified according to kind,208,Dinamarca,23037,2.156,mirror
2003,999999,Commodities not specified according to kind,620,Portugal,19276,1.804,mirror
2003,999999,Commodities not specified according to kind,699,Índia,8387,0.785,mirror
2004,020714,"Meat and edible offal; of fowls of the species Gallus domesticus, cuts and offal, frozen",56,Bélgica,215003,51.357,direct
2004,020714,"Meat and edible offal; of fowls of the species Gallus domesticus, cuts and offal, frozen",620,Portugal,149717,35.762,direct
2004,020714,"Meat and edible offal; of fowls of the species Gallus domesticus, cuts and offal, frozen",251,França,28148,6.724,direct
2004,020714,"Meat and edible offal; of fowls of the species Gallus domesticus, cuts and offal, frozen",528,Países Baixos,25777,6.157,direct
2004,071333,"Vegetables, leguminous; kidney beans, including white pea beans (phaseolus vulgaris), shelled, whether or not skinned or split, dried",620,Portugal,242043,93.87,direct
2004,071333,"Vegetables, leguminous; kidney beans, including white pea beans (phaseolus vulgaris), shelled, whether or not skinned or split, dried",528,Países Baixos,15519,6.019,direct
2004,071333,"Vegetables, leguminous; kidney beans, including white pea beans (phaseolus vulgaris), shelled, whether or not skinned or split, dried",710,África do Sul,287,0.111,direct
2004,100620,Arroz,392,Japão,1263421,95.652,direct
2004,100620,Arroz,266,Gabão,44052,3.335,direct
2004,100620,Arroz,620,Portugal,13384,1.013,direct
2004,100630,Arroz,704,Vietname,356886,75.396,direct
2004,100630,Arroz,174,Comores,81232,17.161,direct
2004,100630,Arroz,266,Gabão,35233,7.443,direct
2004,110100,Wheat or meslin flour,620,Portugal,996880,51.131,direct
2004,110100,Wheat or meslin flour,56,Bélgica,949821,48.717,direct
2004,110100,Wheat or meslin flour,710,África do Sul,2804,0.144,direct
2004,110100,Wheat or meslin flour,251,França,161,0.008,direct
2004,150790,Óleo de soja,620,Portugal,897527,71.836,direct
2004,150790,Óleo de soja,899,"Areas, nes",145303,11.63,direct
2004,150790,Óleo de soja,56,Bélgica,123367,9.874,direct
2004,150790,Óleo de soja,360,Indonésia,83212,6.66,direct
2004,160100,"Meat preparations; sausages and similar products, of meat, meat offal, blood or insects, and food preparations based on these products",620,Portugal,187655,88.652,direct
2004,160100,"Meat preparations; sausages and similar products, of meat, meat offal, blood or insects, and food preparations based on these products",56,Bélgica,23755,11.222,direct
2004,160100,"Meat preparations; sausages and similar products, of meat, meat offal, blood or insects, and food preparations based on these products",251,França,267,0.126,direct
2004,170111,Açúcar de cana ou de beterraba,620,Portugal,222510,54.973,direct
2004,170111,Açúcar de cana ou de beterraba,56,Bélgica,170066,42.016,direct
2004,170111,Açúcar de cana ou de beterraba,266,Gabão,12189,3.011,direct
2004,220210,"Waters; including mineral and aerated, containing added sugar or other sweetening matter or flavoured",620,Portugal,749031,81.659,direct
2004,220210,"Waters; including mineral and aerated, containing added sugar or other sweetening matter or flavoured",56,Bélgica,57651,6.285,direct
2004,220210,"Waters; including mineral and aerated, containing added sugar or other sweetening matter or flavoured",899,"Areas, nes",51045,5.565,direct
2004,220210,"Waters; including mineral and aerated, containing added sugar or other sweetening matter or flavoured",724,Espanha,40389,4.403,direct
2004,220210,"Waters; including mineral and aerated, containing added sugar or other sweetening matter or flavoured",818,Egito,8160,0.89,direct
2004,220210,"Waters; including mineral and aerated, containing added sugar or other sweetening matter or flavoured",184,Cook Isds,6237,0.68,direct
2004,220210,"Waters; including mineral and aerated, containing added sugar or other sweetening matter or flavoured",266,Gabão,4758,0.519,direct
2004,220290,220290,620,Portugal,385647,99.197,direct
2004,220290,220290,266,Gabão,2855,0.734,direct
2004,220290,220290,490,Taiwan (Prov. China),265,0.068,direct
2004,220300,Cerveja,620,Portugal,1064895,98.497,direct
2004,220300,Cerveja,56,Bélgica,8924,0.825,direct
2004,220300,Cerveja,266,Gabão,6777,0.627,direct
2004,220300,Cerveja,490,Taiwan (Prov. China),552,0.051,direct
2004,220421,Vinho,620,Portugal,1816934,99.739,direct
2004,220421,Vinho,710,África do Sul,4753,0.261,direct
2004,220429,Vinho,620,Portugal,130449,100.0,direct
2004,230990,"Dog or cat food; (not put up for retail sale), used in animal feeding",620,Portugal,164536,100.0,direct
2004,252329,"Cement; portland, other than white, whether or not artificially coloured",620,Portugal,1598838,99.066,direct
2004,252329,"Cement; portland, other than white, whether or not artificially coloured",710,África do Sul,14448,0.895,direct
2004,252329,"Cement; portland, other than white, whether or not artificially coloured",266,Gabão,630,0.039,direct
2004,271000,Combustíveis refinados,24,Angola,5795949,96.243,direct
2004,271000,Combustíveis refinados,620,Portugal,218090,3.621,direct
2004,271000,Combustíveis refinados,56,Bélgica,3213,0.053,direct
2004,271000,Combustíveis refinados,266,Gabão,2532,0.042,direct
2004,271000,Combustíveis refinados,710,África do Sul,2077,0.034,direct
2004,271000,Combustíveis refinados,251,França,183,0.003,direct
2004,271000,Combustíveis refinados,566,Nigéria,167,0.003,direct
2004,340119,"Soap and organic surface-active products; in the form of bars, cakes, moulded shapes, and paper, wadding, felt and nonwovens, impregnated, coated or covered with soap or detergent, not for toilet use",620,Portugal,130696,99.639,direct
2004,340119,"Soap and organic surface-active products; in the form of bars, cakes, moulded shapes, and paper, wadding, felt and nonwovens, impregnated, coated or covered with soap or detergent, not for toilet use",266,Gabão,474,0.361,direct
2004,630900,"Clothing; worn, and other worn articles",56,Bélgica,195130,47.0,direct
2004,630900,"Clothing; worn, and other worn articles",620,Portugal,173230,41.725,direct
2004,630900,"Clothing; worn, and other worn articles",251,França,16264,3.917,direct
2004,630900,"Clothing; worn, and other worn articles",899,"Areas, nes",10465,2.521,direct
2004,630900,"Clothing; worn, and other worn articles",276,Alemanha,9739,2.346,direct
2004,630900,"Clothing; worn, and other worn articles",408,Coreia do Norte,8775,2.114,direct
2004,630900,"Clothing; worn, and other worn articles",842,EUA,622,0.15,direct
2004,630900,"Clothing; worn, and other worn articles",757,Suíça,598,0.144,direct
2004,850213,"Electric generating sets; with compression-ignition internal combustion piston engines (diesel or semi-diesel engines), of an output exceeding 375kVA",620,Portugal,52425,100.0,direct
2004,870323,Automóveis de passageiros,392,Japão,248177,32.652,direct
2004,870323,Automóveis de passageiros,620,Portugal,185952,24.465,direct
2004,870323,Automóveis de passageiros,56,Bélgica,173290,22.799,direct
2004,870323,Automóveis de passageiros,566,Nigéria,55817,7.344,direct
2004,870323,Automóveis de passageiros,292,Gibraltar,34155,4.494,direct
2004,870323,Automóveis de passageiros,842,EUA,31082,4.089,direct
2004,870323,Automóveis de passageiros,528,Países Baixos,15700,2.066,direct
2004,870323,Automóveis de passageiros,276,Alemanha,5801,0.763,direct
2004,870332,Automóveis de passageiros,266,Gabão,64238,43.205,direct
2004,870332,Automóveis de passageiros,620,Portugal,55009,36.998,direct
2004,870332,Automóveis de passageiros,392,Japão,11002,7.4,direct
2004,870332,Automóveis de passageiros,56,Bélgica,9298,6.254,direct
2004,870332,Automóveis de passageiros,408,Coreia do Norte,7466,5.021,direct
2004,870332,Automóveis de passageiros,251,França,1668,1.122,direct
2004,870333,Automóveis de passageiros,620,Portugal,34698,38.969,direct
2004,870333,Automóveis de passageiros,392,Japão,33051,37.12,direct
2004,870333,Automóveis de passageiros,528,Países Baixos,13454,15.11,direct
2004,870333,Automóveis de passageiros,56,Bélgica,7836,8.801,direct
2004,871120,"Motorcycles (including mopeds) and cycles; fitted with an auxiliary motor, internal combustion piston engine, of cylinder capacity exceeding 50cc but not exceeding 250cc, with or without side-cars; side-cars",620,Portugal,98419,33.136,direct
2004,871120,"Motorcycles (including mopeds) and cycles; fitted with an auxiliary motor, internal combustion piston engine, of cylinder capacity exceeding 50cc but not exceeding 250cc, with or without side-cars; side-cars",56,Bélgica,89498,30.133,direct
2004,871120,"Motorcycles (including mopeds) and cycles; fitted with an auxiliary motor, internal combustion piston engine, of cylinder capacity exceeding 50cc but not exceeding 250cc, with or without side-cars; side-cars",392,Japão,79373,26.724,direct
2004,871120,"Motorcycles (including mopeds) and cycles; fitted with an auxiliary motor, internal combustion piston engine, of cylinder capacity exceeding 50cc but not exceeding 250cc, with or without side-cars; side-cars",422,Líbano,13906,4.682,direct
2004,871120,"Motorcycles (including mopeds) and cycles; fitted with an auxiliary motor, internal combustion piston engine, of cylinder capacity exceeding 50cc but not exceeding 250cc, with or without side-cars; side-cars",768,Togo,5328,1.794,direct
2004,871120,"Motorcycles (including mopeds) and cycles; fitted with an auxiliary motor, internal combustion piston engine, of cylinder capacity exceeding 50cc but not exceeding 250cc, with or without side-cars; side-cars",566,Nigéria,4976,1.675,direct
2004,871120,"Motorcycles (including mopeds) and cycles; fitted with an auxiliary motor, internal combustion piston engine, of cylinder capacity exceeding 50cc but not exceeding 250cc, with or without side-cars; side-cars",266,Gabão,2936,0.989,direct
2004,871120,"Motorcycles (including mopeds) and cycles; fitted with an auxiliary motor, internal combustion piston engine, of cylinder capacity exceeding 50cc but not exceeding 250cc, with or without side-cars; side-cars",784,Emirados Árabes Unidos,2576,0.867,direct
2004,999999,Commodities not specified according to kind,620,Portugal,57417,67.166,direct
2004,999999,Commodities not specified according to kind,56,Bélgica,25578,29.921,direct
2004,999999,Commodities not specified according to kind,76,Brasil,2490,2.913,direct
2004,020714,"Meat and edible offal; of fowls of the species Gallus domesticus, cuts and offal, frozen",251,França,262413,61.413,mirror
2004,020714,"Meat and edible offal; of fowls of the species Gallus domesticus, cuts and offal, frozen",56,Bélgica,77695,18.183,mirror
2004,020714,"Meat and edible offal; of fowls of the species Gallus domesticus, cuts and offal, frozen",528,Países Baixos,59717,13.976,mirror
2004,020714,"Meat and edible offal; of fowls of the species Gallus domesticus, cuts and offal, frozen",380,Itália,10700,2.504,mirror
2004,020714,"Meat and edible offal; of fowls of the species Gallus domesticus, cuts and offal, frozen",124,Canadá,8496,1.988,mirror
2004,020714,"Meat and edible offal; of fowls of the species Gallus domesticus, cuts and offal, frozen",76,Brasil,6918,1.619,mirror
2004,020714,"Meat and edible offal; of fowls of the species Gallus domesticus, cuts and offal, frozen",710,África do Sul,1355,0.317,mirror
2004,071333,"Vegetables, leguminous; kidney beans, including white pea beans (phaseolus vulgaris), shelled, whether or not skinned or split, dried",620,Portugal,335071,100.0,mirror
2004,100620,Arroz,710,África do Sul,82,53.595,mirror
2004,100620,Arroz,620,Portugal,71,46.405,mirror
2004,100630,Arroz,392,Japão,411839,67.388,mirror
2004,100630,Arroz,266,Gabão,184802,30.239,mirror
2004,100630,Arroz,620,Portugal,13458,2.202,mirror
2004,100630,Arroz,380,Itália,827,0.135,mirror
2004,100630,Arroz,710,África do Sul,221,0.036,mirror
2004,110100,Wheat or meslin flour,56,Bélgica,850644,55.257,mirror
2004,110100,Wheat or meslin flour,620,Portugal,688794,44.743,mirror
2004,150790,Óleo de soja,620,Portugal,957177,81.182,mirror
2004,150790,Óleo de soja,56,Bélgica,206872,17.546,mirror
2004,150790,Óleo de soja,276,Alemanha,15000,1.272,mirror
2004,160100,"Meat preparations; sausages and similar products, of meat, meat offal, blood or insects, and food preparations based on these products",620,Portugal,358875,99.646,mirror
2004,160100,"Meat preparations; sausages and similar products, of meat, meat offal, blood or insects, and food preparations based on these products",710,África do Sul,1274,0.354,mirror
2004,170111,Açúcar de cana ou de beterraba,266,Gabão,239076,99.81,mirror
2004,170111,Açúcar de cana ou de beterraba,710,África do Sul,382,0.159,mirror
2004,170111,Açúcar de cana ou de beterraba,620,Portugal,73,0.03,mirror
2004,220210,"Waters; including mineral and aerated, containing added sugar or other sweetening matter or flavoured",620,Portugal,390028,64.846,mirror
2004,220210,"Waters; including mineral and aerated, containing added sugar or other sweetening matter or flavoured",710,África do Sul,186031,30.93,mirror
2004,220210,"Waters; including mineral and aerated, containing added sugar or other sweetening matter or flavoured",266,Gabão,19190,3.19,mirror
2004,220210,"Waters; including mineral and aerated, containing added sugar or other sweetening matter or flavoured",251,França,6218,1.034,mirror
2004,220290,220290,620,Portugal,540113,69.825,mirror
2004,220290,220290,422,Líbano,135000,17.453,mirror
2004,220290,220290,724,Espanha,77422,10.009,mirror
2004,220290,220290,490,Taiwan (Prov. China),10607,1.371,mirror
2004,220290,220290,170,Colômbia,7253,0.938,mirror
2004,220290,220290,120,Camarões,3129,0.405,mirror
2004,220300,Cerveja,620,Portugal,624046,88.547,mirror
2004,220300,Cerveja,266,Gabão,54263,7.699,mirror
2004,220300,Cerveja,528,Países Baixos,21150,3.001,mirror
2004,220300,Cerveja,120,Camarões,5120,0.726,mirror
2004,220300,Cerveja,710,África do Sul,187,0.027,mirror
2004,220421,Vinho,620,Portugal,1806243,98.203,mirror
2004,220421,Vinho,724,Espanha,16702,0.908,mirror
2004,220421,Vinho,251,França,11193,0.609,mirror
2004,220421,Vinho,710,África do Sul,5154,0.28,mirror
2004,220429,Vinho,620,Portugal,111017,99.139,mirror
2004,220429,Vinho,710,África do Sul,964,0.861,mirror
2004,230990,"Dog or cat food; (not put up for retail sale), used in animal feeding",620,Portugal,160361,100.0,mirror
2004,252329,"Cement; portland, other than white, whether or not artificially coloured",862,Venezuela,799699,47.451,mirror
2004,252329,"Cement; portland, other than white, whether or not artificially coloured",620,Portugal,587584,34.865,mirror
2004,252329,"Cement; portland, other than white, whether or not artificially coloured",504,Marrocos,276350,16.397,mirror
2004,252329,"Cement; portland, other than white, whether or not artificially coloured",266,Gabão,21688,1.287,mirror
2004,340119,"Soap and organic surface-active products; in the form of bars, cakes, moulded shapes, and paper, wadding, felt and nonwovens, impregnated, coated or covered with soap or detergent, not for toilet use",620,Portugal,610609,99.89,mirror
2004,340119,"Soap and organic surface-active products; in the form of bars, cakes, moulded shapes, and paper, wadding, felt and nonwovens, impregnated, coated or covered with soap or detergent, not for toilet use",710,África do Sul,647,0.106,mirror
2004,340119,"Soap and organic surface-active products; in the form of bars, cakes, moulded shapes, and paper, wadding, felt and nonwovens, impregnated, coated or covered with soap or detergent, not for toilet use",76,Brasil,23,0.004,mirror
2004,630900,"Clothing; worn, and other worn articles",528,Países Baixos,430458,63.7,mirror
2004,630900,"Clothing; worn, and other worn articles",56,Bélgica,100078,14.81,mirror
2004,630900,"Clothing; worn, and other worn articles",276,Alemanha,65000,9.619,mirror
2004,630900,"Clothing; worn, and other worn articles",251,França,53477,7.914,mirror
2004,630900,"Clothing; worn, and other worn articles",826,Reino Unido,18324,2.712,mirror
2004,630900,"Clothing; worn, and other worn articles",620,Portugal,8184,1.211,mirror
2004,630900,"Clothing; worn, and other worn articles",24,Angola,233,0.034,mirror
2004,850213,"Electric generating sets; with compression-ignition internal combustion piston engines (diesel or semi-diesel engines), of an output exceeding 375kVA",620,Portugal,100602,100.0,mirror
2004,870323,Automóveis de passageiros,56,Bélgica,247797,45.793,mirror
2004,870323,Automóveis de passageiros,266,Gabão,75708,13.991,mirror
2004,870323,Automóveis de passageiros,620,Portugal,44428,8.21,mirror
2004,870323,Automóveis de passageiros,826,Reino Unido,42159,7.791,mirror
2004,870323,Automóveis de passageiros,842,EUA,36600,6.764,mirror
2004,870323,Automóveis de passageiros,410,Coreia do Sul,32566,6.018,mirror
2004,870323,Automóveis de passageiros,276,Alemanha,27000,4.99,mirror
2004,870323,Automóveis de passageiros,392,Japão,21180,3.914,mirror
2004,870332,Automóveis de passageiros,620,Portugal,230610,54.064,mirror
2004,870332,Automóveis de passageiros,528,Países Baixos,74646,17.5,mirror
2004,870332,Automóveis de passageiros,56,Bélgica,60010,14.069,mirror
2004,870332,Automóveis de passageiros,276,Alemanha,56000,13.129,mirror
2004,870332,Automóveis de passageiros,392,Japão,5281,1.238,mirror
2004,870333,Automóveis de passageiros,620,Portugal,163586,62.049,mirror
2004,870333,Automóveis de passageiros,528,Países Baixos,38567,14.629,mirror
2004,870333,Automóveis de passageiros,56,Bélgica,26483,10.045,mirror
2004,870333,Automóveis de passageiros,392,Japão,22003,8.346,mirror
2004,870333,Automóveis de passageiros,276,Alemanha,13000,4.931,mirror
2004,871120,"Motorcycles (including mopeds) and cycles; fitted with an auxiliary motor, internal combustion piston engine, of cylinder capacity exceeding 50cc but not exceeding 250cc, with or without side-cars; side-cars",392,Japão,76277,68.583,mirror
2004,871120,"Motorcycles (including mopeds) and cycles; fitted with an auxiliary motor, internal combustion piston engine, of cylinder capacity exceeding 50cc but not exceeding 250cc, with or without side-cars; side-cars",156,China,29248,26.298,mirror
2004,871120,"Motorcycles (including mopeds) and cycles; fitted with an auxiliary motor, internal combustion piston engine, of cylinder capacity exceeding 50cc but not exceeding 250cc, with or without side-cars; side-cars",620,Portugal,5694,5.12,mirror
2004,999999,Commodities not specified according to kind,392,Japão,1475983,77.427,mirror
2004,999999,Commodities not specified according to kind,842,EUA,241241,12.655,mirror
2004,999999,Commodities not specified according to kind,724,Espanha,66444,3.486,mirror
2004,999999,Commodities not specified according to kind,528,Países Baixos,47276,2.48,mirror
2004,999999,Commodities not specified according to kind,251,França,31092,1.631,mirror
2004,999999,Commodities not specified according to kind,620,Portugal,23616,1.239,mirror
2004,999999,Commodities not specified according to kind,208,Dinamarca,10152,0.533,mirror
2004,999999,Commodities not specified according to kind,344,Hong Kong (RAEHK),4500,0.236,mirror
2005,020714,"Meat and edible offal; of fowls of the species Gallus domesticus, cuts and offal, frozen",56,Bélgica,130439,44.245,direct
2005,020714,"Meat and edible offal; of fowls of the species Gallus domesticus, cuts and offal, frozen",251,França,74987,25.436,direct
2005,020714,"Meat and edible offal; of fowls of the species Gallus domesticus, cuts and offal, frozen",620,Portugal,58680,19.904,direct
2005,020714,"Meat and edible offal; of fowls of the species Gallus domesticus, cuts and offal, frozen",682,Arábia Saudita,14130,4.793,direct
2005,020714,"Meat and edible offal; of fowls of the species Gallus domesticus, cuts and offal, frozen",24,Angola,10689,3.626,direct
2005,020714,"Meat and edible offal; of fowls of the species Gallus domesticus, cuts and offal, frozen",724,Espanha,5884,1.996,direct
2005,071333,"Vegetables, leguminous; kidney beans, including white pea beans (phaseolus vulgaris), shelled, whether or not skinned or split, dried",620,Portugal,262443,85.39,direct
2005,071333,"Vegetables, leguminous; kidney beans, including white pea beans (phaseolus vulgaris), shelled, whether or not skinned or split, dried",276,Alemanha,44825,14.585,direct
2005,071333,"Vegetables, leguminous; kidney beans, including white pea beans (phaseolus vulgaris), shelled, whether or not skinned or split, dried",251,França,77,0.025,direct
2005,100620,Arroz,392,Japão,2612561,77.389,direct
2005,100620,Arroz,704,Vietname,762149,22.576,direct
2005,100620,Arroz,56,Bélgica,834,0.025,direct
2005,100620,Arroz,266,Gabão,340,0.01,direct
2005,100630,Arroz,704,Vietname,681692,93.812,direct
2005,100630,Arroz,620,Portugal,41008,5.643,direct
2005,100630,Arroz,266,Gabão,3954,0.544,direct
2005,110100,Wheat or meslin flour,620,Portugal,1237683,66.626,direct
2005,110100,Wheat or meslin flour,56,Bélgica,619827,33.366,direct
2005,110100,Wheat or meslin flour,251,França,146,0.008,direct
2005,150790,Óleo de soja,620,Portugal,1409145,94.142,direct
2005,150790,Óleo de soja,360,Indonésia,87678,5.858,direct
2005,160100,"Meat preparations; sausages and similar products, of meat, meat offal, blood or insects, and food preparations based on these products",620,Portugal,319012,93.304,direct
2005,160100,"Meat preparations; sausages and similar products, of meat, meat offal, blood or insects, and food preparations based on these products",360,Indonésia,22011,6.438,direct
2005,160100,"Meat preparations; sausages and similar products, of meat, meat offal, blood or insects, and food preparations based on these products",24,Angola,575,0.168,direct
2005,160100,"Meat preparations; sausages and similar products, of meat, meat offal, blood or insects, and food preparations based on these products",251,França,307,0.09,direct
2005,170111,Açúcar de cana ou de beterraba,620,Portugal,296482,70.127,direct
2005,170111,Açúcar de cana ou de beterraba,56,Bélgica,93222,22.05,direct
2005,170111,Açúcar de cana ou de beterraba,899,"Areas, nes",33074,7.823,direct
2005,220210,"Waters; including mineral and aerated, containing added sugar or other sweetening matter or flavoured",620,Portugal,657016,73.717,direct
2005,220210,"Waters; including mineral and aerated, containing added sugar or other sweetening matter or flavoured",24,Angola,64431,7.229,direct
2005,220210,"Waters; including mineral and aerated, containing added sugar or other sweetening matter or flavoured",710,África do Sul,64431,7.229,direct
2005,220210,"Waters; including mineral and aerated, containing added sugar or other sweetening matter or flavoured",899,"Areas, nes",64431,7.229,direct
2005,220210,"Waters; including mineral and aerated, containing added sugar or other sweetening matter or flavoured",422,Líbano,26228,2.943,direct
2005,220210,"Waters; including mineral and aerated, containing added sugar or other sweetening matter or flavoured",818,Egito,13571,1.523,direct
2005,220210,"Waters; including mineral and aerated, containing added sugar or other sweetening matter or flavoured",251,França,905,0.102,direct
2005,220210,"Waters; including mineral and aerated, containing added sugar or other sweetening matter or flavoured",784,Emirados Árabes Unidos,256,0.029,direct
2005,220290,220290,620,Portugal,124709,95.684,direct
2005,220290,220290,490,Taiwan (Prov. China),4602,3.531,direct
2005,220290,220290,208,Dinamarca,1023,0.785,direct
2005,220300,Cerveja,620,Portugal,954759,98.472,direct
2005,220300,Cerveja,56,Bélgica,9716,1.002,direct
2005,220300,Cerveja,266,Gabão,5102,0.526,direct
2005,220421,Vinho,620,Portugal,2586623,99.803,direct
2005,220421,Vinho,44,Bahamas,4500,0.174,direct
2005,220421,Vinho,266,Gabão,613,0.024,direct
2005,220429,Vinho,620,Portugal,67449,100.0,direct
2005,230990,"Dog or cat food; (not put up for retail sale), used in animal feeding",620,Portugal,140093,99.758,direct
2005,230990,"Dog or cat food; (not put up for retail sale), used in animal feeding",266,Gabão,340,0.242,direct
2005,252329,"Cement; portland, other than white, whether or not artificially coloured",620,Portugal,632140,100.0,direct
2005,271000,Combustíveis refinados,24,Angola,9929142,99.721,direct
2005,271000,Combustíveis refinados,620,Portugal,19333,0.194,direct
2005,271000,Combustíveis refinados,710,África do Sul,8370,0.084,direct
2005,271000,Combustíveis refinados,566,Nigéria,103,0.001,direct
2005,340119,"Soap and organic surface-active products; in the form of bars, cakes, moulded shapes, and paper, wadding, felt and nonwovens, impregnated, coated or covered with soap or detergent, not for toilet use",620,Portugal,99998,100.0,direct
2005,630900,"Clothing; worn, and other worn articles",56,Bélgica,171948,44.321,direct
2005,630900,"Clothing; worn, and other worn articles",620,Portugal,166883,43.016,direct
2005,630900,"Clothing; worn, and other worn articles",842,EUA,14749,3.802,direct
2005,630900,"Clothing; worn, and other worn articles",702,Singapura,11711,3.019,direct
2005,630900,"Clothing; worn, and other worn articles",276,Alemanha,10479,2.701,direct
2005,630900,"Clothing; worn, and other worn articles",626,Timor-Leste,9352,2.411,direct
2005,630900,"Clothing; worn, and other worn articles",132,Cabo Verde,2740,0.706,direct
2005,630900,"Clothing; worn, and other worn articles",24,Angola,48,0.012,direct
2005,850213,"Electric generating sets; with compression-ignition internal combustion piston engines (diesel or semi-diesel engines), of an output exceeding 375kVA",620,Portugal,9945,100.0,direct
2005,870323,Automóveis de passageiros,620,Portugal,265271,42.079,direct
2005,870323,Automóveis de passageiros,392,Japão,191160,30.323,direct
2005,870323,Automóveis de passageiros,56,Bélgica,131307,20.829,direct
2005,870323,Automóveis de passageiros,251,França,20269,3.215,direct
2005,870323,Automóveis de passageiros,276,Alemanha,19844,3.148,direct
2005,870323,Automóveis de passageiros,24,Angola,2458,0.39,direct
2005,870323,Automóveis de passageiros,44,Bahamas,109,0.017,direct
2005,870332,Automóveis de passageiros,620,Portugal,124972,60.825,direct
2005,870332,Automóveis de passageiros,392,Japão,63688,30.997,direct
2005,870332,Automóveis de passageiros,56,Bélgica,16802,8.178,direct
2005,870333,Automóveis de passageiros,392,Japão,221320,64.039,direct
2005,870333,Automóveis de passageiros,56,Bélgica,63681,18.426,direct
2005,870333,Automóveis de passageiros,620,Portugal,39167,11.333,direct
2005,870333,Automóveis de passageiros,266,Gabão,14970,4.332,direct
2005,870333,Automóveis de passageiros,24,Angola,6463,1.87,direct
2005,871120,"Motorcycles (including mopeds) and cycles; fitted with an auxiliary motor, internal combustion piston engine, of cylinder capacity exceeding 50cc but not exceeding 250cc, with or without side-cars; side-cars",56,Bélgica,83278,34.423,direct
2005,871120,"Motorcycles (including mopeds) and cycles; fitted with an auxiliary motor, internal combustion piston engine, of cylinder capacity exceeding 50cc but not exceeding 250cc, with or without side-cars; side-cars",620,Portugal,66132,27.336,direct
2005,871120,"Motorcycles (including mopeds) and cycles; fitted with an auxiliary motor, internal combustion piston engine, of cylinder capacity exceeding 50cc but not exceeding 250cc, with or without side-cars; side-cars",392,Japão,35901,14.84,direct
2005,871120,"Motorcycles (including mopeds) and cycles; fitted with an auxiliary motor, internal combustion piston engine, of cylinder capacity exceeding 50cc but not exceeding 250cc, with or without side-cars; side-cars",156,China,29780,12.31,direct
2005,871120,"Motorcycles (including mopeds) and cycles; fitted with an auxiliary motor, internal combustion piston engine, of cylinder capacity exceeding 50cc but not exceeding 250cc, with or without side-cars; side-cars",768,Togo,9597,3.967,direct
2005,871120,"Motorcycles (including mopeds) and cycles; fitted with an auxiliary motor, internal combustion piston engine, of cylinder capacity exceeding 50cc but not exceeding 250cc, with or without side-cars; side-cars",266,Gabão,8457,3.496,direct
2005,871120,"Motorcycles (including mopeds) and cycles; fitted with an auxiliary motor, internal combustion piston engine, of cylinder capacity exceeding 50cc but not exceeding 250cc, with or without side-cars; side-cars",24,Angola,5616,2.321,direct
2005,871120,"Motorcycles (including mopeds) and cycles; fitted with an auxiliary motor, internal combustion piston engine, of cylinder capacity exceeding 50cc but not exceeding 250cc, with or without side-cars; side-cars",566,Nigéria,2358,0.975,direct
2005,999999,Commodities not specified according to kind,620,Portugal,12844,35.988,direct
2005,999999,Commodities not specified according to kind,360,Indonésia,12807,35.884,direct
2005,999999,Commodities not specified according to kind,422,Líbano,7924,22.202,direct
2005,999999,Commodities not specified according to kind,566,Nigéria,2114,5.923,direct
2005,020714,"Meat and edible offal; of fowls of the species Gallus domesticus, cuts and offal, frozen",56,Bélgica,176344,44.519,mirror
2005,020714,"Meat and edible offal; of fowls of the species Gallus domesticus, cuts and offal, frozen",251,França,119447,30.155,mirror
2005,020714,"Meat and edible offal; of fowls of the species Gallus domesticus, cuts and offal, frozen",528,Países Baixos,88300,22.292,mirror
2005,020714,"Meat and edible offal; of fowls of the species Gallus domesticus, cuts and offal, frozen",620,Portugal,6757,1.706,mirror
2005,020714,"Meat and edible offal; of fowls of the species Gallus domesticus, cuts and offal, frozen",76,Brasil,5265,1.329,mirror
2005,071333,"Vegetables, leguminous; kidney beans, including white pea beans (phaseolus vulgaris), shelled, whether or not skinned or split, dried",620,Portugal,270677,96.033,mirror
2005,071333,"Vegetables, leguminous; kidney beans, including white pea beans (phaseolus vulgaris), shelled, whether or not skinned or split, dried",156,China,11180,3.967,mirror
2005,100620,Arroz,620,Portugal,1540,100.0,mirror
2005,100630,Arroz,620,Portugal,51879,92.436,mirror
2005,100630,Arroz,266,Gabão,4245,7.564,mirror
2005,110100,Wheat or meslin flour,56,Bélgica,911358,58.816,mirror
2005,110100,Wheat or meslin flour,620,Portugal,638148,41.184,mirror
2005,150790,Óleo de soja,620,Portugal,1203340,100.0,mirror
2005,160100,"Meat preparations; sausages and similar products, of meat, meat offal, blood or insects, and food preparations based on these products",620,Portugal,440410,100.0,mirror
2005,170111,Açúcar de cana ou de beterraba,266,Gabão,138452,100.0,mirror
2005,220210,"Waters; including mineral and aerated, containing added sugar or other sweetening matter or flavoured",620,Portugal,499651,78.698,mirror
2005,220210,"Waters; including mineral and aerated, containing added sugar or other sweetening matter or flavoured",710,África do Sul,98282,15.48,mirror
2005,220210,"Waters; including mineral and aerated, containing added sugar or other sweetening matter or flavoured",422,Líbano,21000,3.308,mirror
2005,220210,"Waters; including mineral and aerated, containing added sugar or other sweetening matter or flavoured",784,Emirados Árabes Unidos,11899,1.874,mirror
2005,220210,"Waters; including mineral and aerated, containing added sugar or other sweetening matter or flavoured",76,Brasil,4062,0.64,mirror
2005,220290,220290,422,Líbano,314000,87.413,mirror
2005,220290,220290,620,Portugal,45214,12.587,mirror
2005,220300,Cerveja,266,Gabão,337089,47.471,mirror
2005,220300,Cerveja,620,Portugal,240446,33.861,mirror
2005,220300,Cerveja,214,República Dominicana,46824,6.594,mirror
2005,220300,Cerveja,203,Chéquia,42111,5.93,mirror
2005,220300,Cerveja,710,África do Sul,23719,3.34,mirror
2005,220300,Cerveja,528,Países Baixos,19899,2.802,mirror
2005,220421,Vinho,620,Portugal,1677314,98.142,mirror
2005,220421,Vinho,251,França,12442,0.728,mirror
2005,220421,Vinho,266,Gabão,12080,0.707,mirror
2005,220421,Vinho,384,Costa do Marfim,3136,0.183,mirror
2005,220421,Vinho,710,África do Sul,2702,0.158,mirror
2005,220421,Vinho,32,Argentina,1386,0.081,mirror
2005,220429,Vinho,620,Portugal,69628,100.0,mirror
2005,230990,"Dog or cat food; (not put up for retail sale), used in animal feeding",620,Portugal,127748,99.036,mirror
2005,230990,"Dog or cat food; (not put up for retail sale), used in animal feeding",251,França,1244,0.964,mirror
2005,252329,"Cement; portland, other than white, whether or not artificially coloured",620,Portugal,550709,45.747,mirror
2005,252329,"Cement; portland, other than white, whether or not artificially coloured",862,Venezuela,410483,34.098,mirror
2005,252329,"Cement; portland, other than white, whether or not artificially coloured",504,Marrocos,156425,12.994,mirror
2005,252329,"Cement; portland, other than white, whether or not artificially coloured",170,Colômbia,84500,7.019,mirror
2005,252329,"Cement; portland, other than white, whether or not artificially coloured",710,África do Sul,1709,0.142,mirror
2005,271000,Combustíveis refinados,804,Ucrânia,31213,100.0,mirror
2005,271011,Combustíveis refinados,24,Angola,10634819,99.991,mirror
2005,271011,Combustíveis refinados,76,Brasil,643,0.006,mirror
2005,271011,Combustíveis refinados,620,Portugal,319,0.003,mirror
2005,340119,"Soap and organic surface-active products; in the form of bars, cakes, moulded shapes, and paper, wadding, felt and nonwovens, impregnated, coated or covered with soap or detergent, not for toilet use",620,Portugal,749592,94.918,mirror
2005,340119,"Soap and organic surface-active products; in the form of bars, cakes, moulded shapes, and paper, wadding, felt and nonwovens, impregnated, coated or covered with soap or detergent, not for toilet use",76,Brasil,40134,5.082,mirror
2005,630900,"Clothing; worn, and other worn articles",251,França,143088,24.926,mirror
2005,630900,"Clothing; worn, and other worn articles",56,Bélgica,134565,23.441,mirror
2005,630900,"Clothing; worn, and other worn articles",528,Países Baixos,120636,21.014,mirror
2005,630900,"Clothing; worn, and other worn articles",276,Alemanha,79000,13.762,mirror
2005,630900,"Clothing; worn, and other worn articles",410,Coreia do Sul,43976,7.66,mirror
2005,630900,"Clothing; worn, and other worn articles",842,EUA,30799,5.365,mirror
2005,630900,"Clothing; worn, and other worn articles",826,Reino Unido,20898,3.64,mirror
2005,630900,"Clothing; worn, and other worn articles",620,Portugal,1100,0.192,mirror
2005,850213,"Electric generating sets; with compression-ignition internal combustion piston engines (diesel or semi-diesel engines), of an output exceeding 375kVA",826,Reino Unido,12902,100.0,mirror
2005,870323,Automóveis de passageiros,620,Portugal,158999,54.438,mirror
2005,870323,Automóveis de passageiros,56,Bélgica,120186,41.15,mirror
2005,870323,Automóveis de passageiros,392,Japão,7086,2.426,mirror
2005,870323,Automóveis de passageiros,842,EUA,4800,1.643,mirror
2005,870323,Automóveis de passageiros,276,Alemanha,1000,0.342,mirror
2005,870332,Automóveis de passageiros,620,Portugal,151601,68.239,mirror
2005,870332,Automóveis de passageiros,56,Bélgica,39456,17.76,mirror
2005,870332,Automóveis de passageiros,251,França,31106,14.001,mirror
2005,870333,Automóveis de passageiros,56,Bélgica,103183,48.522,mirror
2005,870333,Automóveis de passageiros,620,Portugal,53056,24.95,mirror
2005,870333,Automóveis de passageiros,826,Reino Unido,28773,13.531,mirror
2005,870333,Automóveis de passageiros,251,França,21152,9.947,mirror
2005,870333,Automóveis de passageiros,276,Alemanha,4000,1.881,mirror
2005,870333,Automóveis de passageiros,528,Países Baixos,2487,1.17,mirror
2005,871120,"Motorcycles (including mopeds) and cycles; fitted with an auxiliary motor, internal combustion piston engine, of cylinder capacity exceeding 50cc but not exceeding 250cc, with or without side-cars; side-cars",156,China,73252,99.873,mirror
2005,871120,"Motorcycles (including mopeds) and cycles; fitted with an auxiliary motor, internal combustion piston engine, of cylinder capacity exceeding 50cc but not exceeding 250cc, with or without side-cars; side-cars",620,Portugal,93,0.127,mirror
2005,999999,Commodities not specified according to kind,842,EUA,5176667,75.038,mirror
2005,999999,Commodities not specified according to kind,620,Portugal,846857,12.275,mirror
2005,999999,Commodities not specified according to kind,826,Reino Unido,750384,10.877,mirror
2005,999999,Commodities not specified according to kind,76,Brasil,35936,0.521,mirror
2005,999999,Commodities not specified according to kind,528,Países Baixos,31092,0.451,mirror
2005,999999,Commodities not specified according to kind,724,Espanha,17994,0.261,mirror
2005,999999,Commodities not specified according to kind,392,Japão,14942,0.217,mirror
2005,999999,Commodities not specified according to kind,458,Malásia,10507,0.152,mirror
2006,020714,"Meat and edible offal; of fowls of the species Gallus domesticus, cuts and offal, frozen",56,Bélgica,117131,55.037,direct
2006,020714,"Meat and edible offal; of fowls of the species Gallus domesticus, cuts and offal, frozen",620,Portugal,80234,37.7,direct
2006,020714,"Meat and edible offal; of fowls of the species Gallus domesticus, cuts and offal, frozen",251,França,12315,5.786,direct
2006,020714,"Meat and edible offal; of fowls of the species Gallus domesticus, cuts and offal, frozen",724,Espanha,3144,1.477,direct
2006,071333,"Vegetables, leguminous; kidney beans, including white pea beans (phaseolus vulgaris), shelled, whether or not skinned or split, dried",620,Portugal,291042,46.496,direct
2006,071333,"Vegetables, leguminous; kidney beans, including white pea beans (phaseolus vulgaris), shelled, whether or not skinned or split, dried",56,Bélgica,278842,44.547,direct
2006,071333,"Vegetables, leguminous; kidney beans, including white pea beans (phaseolus vulgaris), shelled, whether or not skinned or split, dried",276,Alemanha,50208,8.021,direct
2006,071333,"Vegetables, leguminous; kidney beans, including white pea beans (phaseolus vulgaris), shelled, whether or not skinned or split, dried",724,Espanha,5691,0.909,direct
2006,071333,"Vegetables, leguminous; kidney beans, including white pea beans (phaseolus vulgaris), shelled, whether or not skinned or split, dried",266,Gabão,124,0.02,direct
2006,071333,"Vegetables, leguminous; kidney beans, including white pea beans (phaseolus vulgaris), shelled, whether or not skinned or split, dried",251,França,44,0.007,direct
2006,100620,Arroz,620,Portugal,1571552,99.82,direct
2006,100620,Arroz,56,Bélgica,2832,0.18,direct
2006,100630,Arroz,704,Vietname,623442,96.004,direct
2006,100630,Arroz,620,Portugal,16687,2.57,direct
2006,100630,Arroz,266,Gabão,5847,0.9,direct
2006,100630,Arroz,528,Países Baixos,1065,0.164,direct
2006,100630,Arroz,724,Espanha,669,0.103,direct
2006,100630,Arroz,56,Bélgica,581,0.089,direct
2006,100630,Arroz,710,África do Sul,466,0.072,direct
2006,100630,Arroz,24,Angola,402,0.062,direct
2006,110100,Wheat or meslin flour,620,Portugal,1523959,71.498,direct
2006,110100,Wheat or meslin flour,56,Bélgica,569358,26.712,direct
2006,110100,Wheat or meslin flour,528,Países Baixos,38086,1.787,direct
2006,110100,Wheat or meslin flour,251,França,75,0.004,direct
2006,150790,Óleo de soja,620,Portugal,1084941,85.973,direct
2006,150790,Óleo de soja,360,Indonésia,176682,14.001,direct
2006,150790,Óleo de soja,24,Angola,161,0.013,direct
2006,150790,Óleo de soja,251,França,94,0.007,direct
2006,150790,Óleo de soja,528,Países Baixos,63,0.005,direct
2006,150790,Óleo de soja,266,Gabão,16,0.001,direct
2006,160100,"Meat preparations; sausages and similar products, of meat, meat offal, blood or insects, and food preparations based on these products",620,Portugal,433416,88.991,direct
2006,160100,"Meat preparations; sausages and similar products, of meat, meat offal, blood or insects, and food preparations based on these products",56,Bélgica,45204,9.282,direct
2006,160100,"Meat preparations; sausages and similar products, of meat, meat offal, blood or insects, and food preparations based on these products",251,França,4508,0.926,direct
2006,160100,"Meat preparations; sausages and similar products, of meat, meat offal, blood or insects, and food preparations based on these products",724,Espanha,3906,0.802,direct
2006,170111,Açúcar de cana ou de beterraba,620,Portugal,575224,76.295,direct
2006,170111,Açúcar de cana ou de beterraba,56,Bélgica,98742,13.097,direct
2006,170111,Açúcar de cana ou de beterraba,528,Países Baixos,74992,9.947,direct
2006,170111,Açúcar de cana ou de beterraba,266,Gabão,2654,0.352,direct
2006,170111,Açúcar de cana ou de beterraba,566,Nigéria,1930,0.256,direct
2006,170111,Açúcar de cana ou de beterraba,24,Angola,402,0.053,direct
2006,220210,"Waters; including mineral and aerated, containing added sugar or other sweetening matter or flavoured",620,Portugal,1122531,80.853,direct
2006,220210,"Waters; including mineral and aerated, containing added sugar or other sweetening matter or flavoured",528,Países Baixos,109902,7.916,direct
2006,220210,"Waters; including mineral and aerated, containing added sugar or other sweetening matter or flavoured",724,Espanha,56069,4.038,direct
2006,220210,"Waters; including mineral and aerated, containing added sugar or other sweetening matter or flavoured",56,Bélgica,45741,3.295,direct
2006,220210,"Waters; including mineral and aerated, containing added sugar or other sweetening matter or flavoured",899,"Areas, nes",27401,1.974,direct
2006,220210,"Waters; including mineral and aerated, containing added sugar or other sweetening matter or flavoured",818,Egito,22530,1.623,direct
2006,220210,"Waters; including mineral and aerated, containing added sugar or other sweetening matter or flavoured",24,Angola,2815,0.203,direct
2006,220210,"Waters; including mineral and aerated, containing added sugar or other sweetening matter or flavoured",251,França,1375,0.099,direct
2006,220290,220290,620,Portugal,213780,99.983,direct
2006,220290,220290,251,França,36,0.017,direct
2006,220300,Cerveja,620,Portugal,1383141,89.231,direct
2006,220300,Cerveja,56,Bélgica,155087,10.005,direct
2006,220300,Cerveja,266,Gabão,9077,0.586,direct
2006,220300,Cerveja,682,Arábia Saudita,1316,0.085,direct
2006,220300,Cerveja,566,Nigéria,483,0.031,direct
2006,220300,Cerveja,757,Suíça,361,0.023,direct
2006,220300,Cerveja,251,França,305,0.02,direct
2006,220300,Cerveja,528,Países Baixos,295,0.019,direct
2006,220421,Vinho,620,Portugal,3496120,96.697,direct
2006,220421,Vinho,528,Países Baixos,78975,2.184,direct
2006,220421,Vinho,56,Bélgica,21069,0.583,direct
2006,220421,Vinho,251,França,12881,0.356,direct
2006,220421,Vinho,24,Angola,3019,0.084,direct
2006,220421,Vinho,724,Espanha,2011,0.056,direct
2006,220421,Vinho,682,Arábia Saudita,1337,0.037,direct
2006,220421,Vinho,710,África do Sul,145,0.004,direct
2006,220429,Vinho,620,Portugal,207496,99.235,direct
2006,220429,Vinho,724,Espanha,1239,0.593,direct
2006,220429,Vinho,757,Suíça,361,0.173,direct
2006,230990,"Dog or cat food; (not put up for retail sale), used in animal feeding",620,Portugal,174694,99.612,direct
2006,230990,"Dog or cat food; (not put up for retail sale), used in animal feeding",251,França,679,0.387,direct
2006,252329,"Cement; portland, other than white, whether or not artificially coloured",620,Portugal,1256470,87.315,direct
2006,252329,"Cement; portland, other than white, whether or not artificially coloured",24,Angola,103008,7.158,direct
2006,252329,"Cement; portland, other than white, whether or not artificially coloured",266,Gabão,79365,5.515,direct
2006,252329,"Cement; portland, other than white, whether or not artificially coloured",184,Cook Isds,161,0.011,direct
2006,271000,Combustíveis refinados,24,Angola,13237621,93.518,direct
2006,271000,Combustíveis refinados,842,EUA,473385,3.344,direct
2006,271000,Combustíveis refinados,620,Portugal,430967,3.045,direct
2006,271000,Combustíveis refinados,784,Emirados Árabes Unidos,8522,0.06,direct
2006,271000,Combustíveis refinados,710,África do Sul,3401,0.024,direct
2006,271000,Combustíveis refinados,566,Nigéria,788,0.006,direct
2006,271000,Combustíveis refinados,266,Gabão,466,0.003,direct
2006,340119,"Soap and organic surface-active products; in the form of bars, cakes, moulded shapes, and paper, wadding, felt and nonwovens, impregnated, coated or covered with soap or detergent, not for toilet use",620,Portugal,121155,93.351,direct
2006,340119,"Soap and organic surface-active products; in the form of bars, cakes, moulded shapes, and paper, wadding, felt and nonwovens, impregnated, coated or covered with soap or detergent, not for toilet use",360,Indonésia,6995,5.39,direct
2006,340119,"Soap and organic surface-active products; in the form of bars, cakes, moulded shapes, and paper, wadding, felt and nonwovens, impregnated, coated or covered with soap or detergent, not for toilet use",251,França,667,0.514,direct
2006,340119,"Soap and organic surface-active products; in the form of bars, cakes, moulded shapes, and paper, wadding, felt and nonwovens, impregnated, coated or covered with soap or detergent, not for toilet use",266,Gabão,560,0.431,direct
2006,340119,"Soap and organic surface-active products; in the form of bars, cakes, moulded shapes, and paper, wadding, felt and nonwovens, impregnated, coated or covered with soap or detergent, not for toilet use",24,Angola,281,0.217,direct
2006,340119,"Soap and organic surface-active products; in the form of bars, cakes, moulded shapes, and paper, wadding, felt and nonwovens, impregnated, coated or covered with soap or detergent, not for toilet use",528,Países Baixos,68,0.052,direct
2006,340119,"Soap and organic surface-active products; in the form of bars, cakes, moulded shapes, and paper, wadding, felt and nonwovens, impregnated, coated or covered with soap or detergent, not for toilet use",899,"Areas, nes",54,0.042,direct
2006,340119,"Soap and organic surface-active products; in the form of bars, cakes, moulded shapes, and paper, wadding, felt and nonwovens, impregnated, coated or covered with soap or detergent, not for toilet use",682,Arábia Saudita,4,0.003,direct
2006,630900,"Clothing; worn, and other worn articles",620,Portugal,175736,43.113,direct
2006,630900,"Clothing; worn, and other worn articles",56,Bélgica,136696,33.536,direct
2006,630900,"Clothing; worn, and other worn articles",490,Taiwan (Prov. China),26102,6.404,direct
2006,630900,"Clothing; worn, and other worn articles",276,Alemanha,26013,6.382,direct
2006,630900,"Clothing; worn, and other worn articles",528,Países Baixos,18503,4.539,direct
2006,630900,"Clothing; worn, and other worn articles",682,Arábia Saudita,8748,2.146,direct
2006,630900,"Clothing; worn, and other worn articles",899,"Areas, nes",6773,1.662,direct
2006,630900,"Clothing; worn, and other worn articles",76,Brasil,5111,1.254,direct
2006,850213,"Electric generating sets; with compression-ignition internal combustion piston engines (diesel or semi-diesel engines), of an output exceeding 375kVA",56,Bélgica,90490,81.462,direct
2006,850213,"Electric generating sets; with compression-ignition internal combustion piston engines (diesel or semi-diesel engines), of an output exceeding 375kVA",620,Portugal,20593,18.538,direct
2006,870323,Automóveis de passageiros,620,Portugal,405600,70.777,direct
2006,870323,Automóveis de passageiros,392,Japão,72846,12.712,direct
2006,870323,Automóveis de passageiros,566,Nigéria,66972,11.687,direct
2006,870323,Automóveis de passageiros,56,Bélgica,18090,3.157,direct
2006,870323,Automóveis de passageiros,276,Alemanha,4281,0.747,direct
2006,870323,Automóveis de passageiros,768,Togo,2287,0.399,direct
2006,870323,Automóveis de passageiros,899,"Areas, nes",1910,0.333,direct
2006,870323,Automóveis de passageiros,266,Gabão,1079,0.188,direct
2006,870332,Automóveis de passageiros,620,Portugal,246380,65.17,direct
2006,870332,Automóveis de passageiros,276,Alemanha,82997,21.953,direct
2006,870332,Automóveis de passageiros,392,Japão,35234,9.32,direct
2006,870332,Automóveis de passageiros,56,Bélgica,10809,2.859,direct
2006,870332,Automóveis de passageiros,266,Gabão,2639,0.698,direct
2006,870333,Automóveis de passageiros,620,Portugal,287352,68.509,direct
2006,870333,Automóveis de passageiros,392,Japão,132082,31.491,direct
2006,871120,"Motorcycles (including mopeds) and cycles; fitted with an auxiliary motor, internal combustion piston engine, of cylinder capacity exceeding 50cc but not exceeding 250cc, with or without side-cars; side-cars",620,Portugal,837744,72.257,direct
2006,871120,"Motorcycles (including mopeds) and cycles; fitted with an auxiliary motor, internal combustion piston engine, of cylinder capacity exceeding 50cc but not exceeding 250cc, with or without side-cars; side-cars",156,China,128480,11.082,direct
2006,871120,"Motorcycles (including mopeds) and cycles; fitted with an auxiliary motor, internal combustion piston engine, of cylinder capacity exceeding 50cc but not exceeding 250cc, with or without side-cars; side-cars",899,"Areas, nes",54454,4.697,direct
2006,871120,"Motorcycles (including mopeds) and cycles; fitted with an auxiliary motor, internal combustion piston engine, of cylinder capacity exceeding 50cc but not exceeding 250cc, with or without side-cars; side-cars",566,Nigéria,35129,3.03,direct
2006,871120,"Motorcycles (including mopeds) and cycles; fitted with an auxiliary motor, internal combustion piston engine, of cylinder capacity exceeding 50cc but not exceeding 250cc, with or without side-cars; side-cars",768,Togo,27530,2.375,direct
2006,871120,"Motorcycles (including mopeds) and cycles; fitted with an auxiliary motor, internal combustion piston engine, of cylinder capacity exceeding 50cc but not exceeding 250cc, with or without side-cars; side-cars",784,Emirados Árabes Unidos,20880,1.801,direct
2006,871120,"Motorcycles (including mopeds) and cycles; fitted with an auxiliary motor, internal combustion piston engine, of cylinder capacity exceeding 50cc but not exceeding 250cc, with or without side-cars; side-cars",24,Angola,18800,1.622,direct
2006,871120,"Motorcycles (including mopeds) and cycles; fitted with an auxiliary motor, internal combustion piston engine, of cylinder capacity exceeding 50cc but not exceeding 250cc, with or without side-cars; side-cars",56,Bélgica,9979,0.861,direct
2006,999999,Commodities not specified according to kind,620,Portugal,64091,74.13,direct
2006,999999,Commodities not specified according to kind,360,Indonésia,16561,19.155,direct
2006,999999,Commodities not specified according to kind,784,Emirados Árabes Unidos,2518,2.912,direct
2006,999999,Commodities not specified according to kind,566,Nigéria,1383,1.6,direct
2006,999999,Commodities not specified according to kind,208,Dinamarca,817,0.945,direct
2006,999999,Commodities not specified according to kind,710,África do Sul,424,0.49,direct
2006,999999,Commodities not specified according to kind,266,Gabão,365,0.422,direct
2006,999999,Commodities not specified according to kind,24,Angola,161,0.186,direct
2006,020714,"Meat and edible offal; of fowls of the species Gallus domesticus, cuts and offal, frozen",56,Bélgica,147159,81.871,mirror
2006,020714,"Meat and edible offal; of fowls of the species Gallus domesticus, cuts and offal, frozen",620,Portugal,15758,8.767,mirror
2006,020714,"Meat and edible offal; of fowls of the species Gallus domesticus, cuts and offal, frozen",76,Brasil,11804,6.567,mirror
2006,020714,"Meat and edible offal; of fowls of the species Gallus domesticus, cuts and offal, frozen",528,Países Baixos,5025,2.796,mirror
2006,071333,"Vegetables, leguminous; kidney beans, including white pea beans (phaseolus vulgaris), shelled, whether or not skinned or split, dried",620,Portugal,354588,100.0,mirror
2006,100620,Arroz,422,Líbano,882,97.674,mirror
2006,100620,Arroz,620,Portugal,21,2.326,mirror
2006,100630,Arroz,586,Paquistão,104220,68.001,mirror
2006,100630,Arroz,620,Portugal,45598,29.751,mirror
2006,100630,Arroz,266,Gabão,3445,2.248,mirror
2006,110100,Wheat or meslin flour,620,Portugal,1097214,59.979,mirror
2006,110100,Wheat or meslin flour,56,Bélgica,692323,37.846,mirror
2006,110100,Wheat or meslin flour,792,Turquia,26861,1.468,mirror
2006,110100,Wheat or meslin flour,842,EUA,12939,0.707,mirror
2006,150790,Óleo de soja,620,Portugal,1310857,96.201,mirror
2006,150790,Óleo de soja,458,Malásia,51760,3.799,mirror
2006,160100,"Meat preparations; sausages and similar products, of meat, meat offal, blood or insects, and food preparations based on these products",620,Portugal,670380,96.15,mirror
2006,160100,"Meat preparations; sausages and similar products, of meat, meat offal, blood or insects, and food preparations based on these products",724,Espanha,19306,2.769,mirror
2006,160100,"Meat preparations; sausages and similar products, of meat, meat offal, blood or insects, and food preparations based on these products",528,Países Baixos,7538,1.081,mirror
2006,170111,Açúcar de cana ou de beterraba,620,Portugal,127,100.0,mirror
2006,220210,"Waters; including mineral and aerated, containing added sugar or other sweetening matter or flavoured",620,Portugal,526001,83.925,mirror
2006,220210,"Waters; including mineral and aerated, containing added sugar or other sweetening matter or flavoured",710,África do Sul,96724,15.433,mirror
2006,220210,"Waters; including mineral and aerated, containing added sugar or other sweetening matter or flavoured",608,Filipinas,3761,0.6,mirror
2006,220210,"Waters; including mineral and aerated, containing added sugar or other sweetening matter or flavoured",422,Líbano,263,0.042,mirror
2006,220290,220290,620,Portugal,362963,92.147,mirror
2006,220290,220290,12,Argélia,25872,6.568,mirror
2006,220290,220290,842,EUA,2550,0.647,mirror
2006,220290,220290,251,França,2511,0.637,mirror
2006,220300,Cerveja,620,Portugal,725413,67.294,mirror
2006,220300,Cerveja,266,Gabão,232750,21.591,mirror
2006,220300,Cerveja,528,Países Baixos,111814,10.373,mirror
2006,220300,Cerveja,276,Alemanha,8000,0.742,mirror
2006,220421,Vinho,620,Portugal,2105366,97.621,mirror
2006,220421,Vinho,251,França,45192,2.095,mirror
2006,220421,Vinho,266,Gabão,6118,0.284,mirror
2006,220429,Vinho,620,Portugal,145189,100.0,mirror
2006,230990,"Dog or cat food; (not put up for retail sale), used in animal feeding",620,Portugal,184004,99.717,mirror
2006,230990,"Dog or cat food; (not put up for retail sale), used in animal feeding",780,Trinidad and Tobago,522,0.283,mirror
2006,252329,"Cement; portland, other than white, whether or not artificially coloured",620,Portugal,887679,50.827,mirror
2006,252329,"Cement; portland, other than white, whether or not artificially coloured",862,Venezuela,809127,46.329,mirror
2006,252329,"Cement; portland, other than white, whether or not artificially coloured",504,Marrocos,49660,2.843,mirror
2006,271011,Combustíveis refinados,251,França,12958880,100.0,mirror
2006,271011,Combustíveis refinados,620,Portugal,5,0.0,mirror
2006,340119,"Soap and organic surface-active products; in the form of bars, cakes, moulded shapes, and paper, wadding, felt and nonwovens, impregnated, coated or covered with soap or detergent, not for toilet use",620,Portugal,686725,100.0,mirror
2006,630900,"Clothing; worn, and other worn articles",56,Bélgica,228184,50.019,mirror
2006,630900,"Clothing; worn, and other worn articles",410,Coreia do Sul,96379,21.127,mirror
2006,630900,"Clothing; worn, and other worn articles",276,Alemanha,52000,11.399,mirror
2006,630900,"Clothing; worn, and other worn articles",528,Países Baixos,28896,6.334,mirror
2006,630900,"Clothing; worn, and other worn articles",251,França,22596,4.953,mirror
2006,630900,"Clothing; worn, and other worn articles",703,Eslováquia,14305,3.136,mirror
2006,630900,"Clothing; worn, and other worn articles",620,Portugal,10613,2.326,mirror
2006,630900,"Clothing; worn, and other worn articles",124,Canadá,3221,0.706,mirror
2006,850213,"Electric generating sets; with compression-ignition internal combustion piston engines (diesel or semi-diesel engines), of an output exceeding 375kVA",251,França,2511,100.0,mirror
2006,870323,Automóveis de passageiros,56,Bélgica,79874,34.864,mirror
2006,870323,Automóveis de passageiros,842,EUA,73700,32.169,mirror
2006,870323,Automóveis de passageiros,620,Portugal,62645,27.344,mirror
2006,870323,Automóveis de passageiros,156,China,9300,4.059,mirror
2006,870323,Automóveis de passageiros,276,Alemanha,2000,0.873,mirror
2006,870323,Automóveis de passageiros,724,Espanha,1582,0.691,mirror
2006,870332,Automóveis de passageiros,620,Portugal,445165,64.247,mirror
2006,870332,Automóveis de passageiros,56,Bélgica,192352,27.761,mirror
2006,870332,Automóveis de passageiros,528,Países Baixos,25127,3.626,mirror
2006,870332,Automóveis de passageiros,251,França,22596,3.261,mirror
2006,870332,Automóveis de passageiros,266,Gabão,7655,1.105,mirror
2006,870333,Automóveis de passageiros,620,Portugal,187013,72.548,mirror
2006,870333,Automóveis de passageiros,56,Bélgica,26380,10.234,mirror
2006,870333,Automóveis de passageiros,826,Reino Unido,25410,9.857,mirror
2006,870333,Automóveis de passageiros,392,Japão,18977,7.362,mirror
2006,871120,"Motorcycles (including mopeds) and cycles; fitted with an auxiliary motor, internal combustion piston engine, of cylinder capacity exceeding 50cc but not exceeding 250cc, with or without side-cars; side-cars",156,China,177220,77.248,mirror
2006,871120,"Motorcycles (including mopeds) and cycles; fitted with an auxiliary motor, internal combustion piston engine, of cylinder capacity exceeding 50cc but not exceeding 250cc, with or without side-cars; side-cars",392,Japão,26609,11.598,mirror
2006,871120,"Motorcycles (including mopeds) and cycles; fitted with an auxiliary motor, internal combustion piston engine, of cylinder capacity exceeding 50cc but not exceeding 250cc, with or without side-cars; side-cars",620,Portugal,24143,10.524,mirror
2006,871120,"Motorcycles (including mopeds) and cycles; fitted with an auxiliary motor, internal combustion piston engine, of cylinder capacity exceeding 50cc but not exceeding 250cc, with or without side-cars; side-cars",24,Angola,1446,0.63,mirror
2006,999999,Commodities not specified according to kind,24,Angola,16851474,96.068,mirror
2006,999999,Commodities not specified according to kind,620,Portugal,284461,1.622,mirror
2006,999999,Commodities not specified according to kind,826,Reino Unido,152280,0.868,mirror
2006,999999,Commodities not specified according to kind,842,EUA,120501,0.687,mirror
2006,999999,Commodities not specified according to kind,458,Malásia,45170,0.258,mirror
2006,999999,Commodities not specified according to kind,251,França,35150,0.2,mirror
2006,999999,Commodities not specified according to kind,724,Espanha,30768,0.175,mirror
2006,999999,Commodities not specified according to kind,528,Países Baixos,11307,0.064,mirror
2007,020714,"Meat and edible offal; of fowls of the species Gallus domesticus, cuts and offal, frozen",620,Portugal,215388,73.789,direct
2007,020714,"Meat and edible offal; of fowls of the species Gallus domesticus, cuts and offal, frozen",56,Bélgica,76510,26.211,direct
2007,071333,"Vegetables, leguminous; kidney beans, including white pea beans (phaseolus vulgaris), shelled, whether or not skinned or split, dried",620,Portugal,476913,100.0,direct
2007,100620,Arroz,620,Portugal,1066896,54.176,direct
2007,100620,Arroz,528,Países Baixos,894676,45.431,direct
2007,100620,Arroz,266,Gabão,7559,0.384,direct
2007,100620,Arroz,56,Bélgica,194,0.01,direct
2007,100630,Arroz,620,Portugal,46274,95.74,direct
2007,100630,Arroz,266,Gabão,1682,3.48,direct
2007,100630,Arroz,784,Emirados Árabes Unidos,204,0.422,direct
2007,100630,Arroz,251,França,100,0.207,direct
2007,100630,Arroz,56,Bélgica,72,0.149,direct
2007,110100,Wheat or meslin flour,620,Portugal,2501994,79.868,direct
2007,110100,Wheat or meslin flour,56,Bélgica,487202,15.552,direct
2007,110100,Wheat or meslin flour,768,Togo,68660,2.192,direct
2007,110100,Wheat or meslin flour,144,Sri Lanka,45314,1.447,direct
2007,110100,Wheat or meslin flour,792,Turquia,29484,0.941,direct
2007,150790,Óleo de soja,620,Portugal,1692771,84.609,direct
2007,150790,Óleo de soja,360,Indonésia,307060,15.348,direct
2007,150790,Óleo de soja,56,Bélgica,782,0.039,direct
2007,150790,Óleo de soja,174,Comores,74,0.004,direct
2007,160100,"Meat preparations; sausages and similar products, of meat, meat offal, blood or insects, and food preparations based on these products",620,Portugal,530361,94.654,direct
2007,160100,"Meat preparations; sausages and similar products, of meat, meat offal, blood or insects, and food preparations based on these products",56,Bélgica,19927,3.556,direct
2007,160100,"Meat preparations; sausages and similar products, of meat, meat offal, blood or insects, and food preparations based on these products",76,Brasil,8684,1.55,direct
2007,160100,"Meat preparations; sausages and similar products, of meat, meat offal, blood or insects, and food preparations based on these products",710,África do Sul,601,0.107,direct
2007,160100,"Meat preparations; sausages and similar products, of meat, meat offal, blood or insects, and food preparations based on these products",44,Bahamas,595,0.106,direct
2007,160100,"Meat preparations; sausages and similar products, of meat, meat offal, blood or insects, and food preparations based on these products",251,França,148,0.026,direct
2007,170111,Açúcar de cana ou de beterraba,620,Portugal,479352,89.685,direct
2007,170111,Açúcar de cana ou de beterraba,76,Brasil,49197,9.205,direct
2007,170111,Açúcar de cana ou de beterraba,266,Gabão,5766,1.079,direct
2007,170111,Açúcar de cana ou de beterraba,56,Bélgica,168,0.031,direct
2007,220210,"Waters; including mineral and aerated, containing added sugar or other sweetening matter or flavoured",620,Portugal,368062,55.454,direct
2007,220210,"Waters; including mineral and aerated, containing added sugar or other sweetening matter or flavoured",12,Argélia,151012,22.752,direct
2007,220210,"Waters; including mineral and aerated, containing added sugar or other sweetening matter or flavoured",818,Egito,124559,18.767,direct
2007,220210,"Waters; including mineral and aerated, containing added sugar or other sweetening matter or flavoured",56,Bélgica,13512,2.036,direct
2007,220210,"Waters; including mineral and aerated, containing added sugar or other sweetening matter or flavoured",784,Emirados Árabes Unidos,6032,0.909,direct
2007,220210,"Waters; including mineral and aerated, containing added sugar or other sweetening matter or flavoured",266,Gabão,405,0.061,direct
2007,220210,"Waters; including mineral and aerated, containing added sugar or other sweetening matter or flavoured",251,França,145,0.022,direct
2007,220290,220290,620,Portugal,138654,99.661,direct
2007,220290,220290,56,Bélgica,472,0.339,direct
2007,220300,Cerveja,620,Portugal,1290887,98.309,direct
2007,220300,Cerveja,266,Gabão,15068,1.148,direct
2007,220300,Cerveja,56,Bélgica,7092,0.54,direct
2007,220300,Cerveja,144,Sri Lanka,42,0.003,direct
2007,220421,Vinho,620,Portugal,3209918,99.798,direct
2007,220421,Vinho,56,Bélgica,6512,0.202,direct
2007,220429,Vinho,620,Portugal,340696,100.0,direct
2007,230990,"Dog or cat food; (not put up for retail sale), used in animal feeding",620,Portugal,482028,99.647,direct
2007,230990,"Dog or cat food; (not put up for retail sale), used in animal feeding",56,Bélgica,1434,0.296,direct
2007,230990,"Dog or cat food; (not put up for retail sale), used in animal feeding",144,Sri Lanka,202,0.042,direct
2007,230990,"Dog or cat food; (not put up for retail sale), used in animal feeding",174,Comores,74,0.015,direct
2007,252329,"Cement; portland, other than white, whether or not artificially coloured",620,Portugal,1872802,99.8,direct
2007,252329,"Cement; portland, other than white, whether or not artificially coloured",710,África do Sul,3751,0.2,direct
2007,271000,Combustíveis refinados,24,Angola,15477720,97.343,direct
2007,271000,Combustíveis refinados,620,Portugal,376571,2.368,direct
2007,271000,Combustíveis refinados,784,Emirados Árabes Unidos,44673,0.281,direct
2007,271000,Combustíveis refinados,710,África do Sul,1002,0.006,direct
2007,271000,Combustíveis refinados,566,Nigéria,145,0.001,direct
2007,271000,Combustíveis refinados,266,Gabão,22,0.0,direct
2007,340119,"Soap and organic surface-active products; in the form of bars, cakes, moulded shapes, and paper, wadding, felt and nonwovens, impregnated, coated or covered with soap or detergent, not for toilet use",620,Portugal,305834,99.555,direct
2007,340119,"Soap and organic surface-active products; in the form of bars, cakes, moulded shapes, and paper, wadding, felt and nonwovens, impregnated, coated or covered with soap or detergent, not for toilet use",56,Bélgica,787,0.256,direct
2007,340119,"Soap and organic surface-active products; in the form of bars, cakes, moulded shapes, and paper, wadding, felt and nonwovens, impregnated, coated or covered with soap or detergent, not for toilet use",899,"Areas, nes",476,0.155,direct
2007,340119,"Soap and organic surface-active products; in the form of bars, cakes, moulded shapes, and paper, wadding, felt and nonwovens, impregnated, coated or covered with soap or detergent, not for toilet use",566,Nigéria,103,0.034,direct
2007,630900,"Clothing; worn, and other worn articles",620,Portugal,194236,60.392,direct
2007,630900,"Clothing; worn, and other worn articles",56,Bélgica,105138,32.689,direct
2007,630900,"Clothing; worn, and other worn articles",528,Países Baixos,9124,2.837,direct
2007,630900,"Clothing; worn, and other worn articles",899,"Areas, nes",6309,1.962,direct
2007,630900,"Clothing; worn, and other worn articles",710,África do Sul,5247,1.631,direct
2007,630900,"Clothing; worn, and other worn articles",410,Coreia do Sul,907,0.282,direct
2007,630900,"Clothing; worn, and other worn articles",100,Bulgária,512,0.159,direct
2007,630900,"Clothing; worn, and other worn articles",566,Nigéria,125,0.039,direct
2007,850213,"Electric generating sets; with compression-ignition internal combustion piston engines (diesel or semi-diesel engines), of an output exceeding 375kVA",620,Portugal,3243486,100.0,direct
2007,870323,Automóveis de passageiros,620,Portugal,402979,66.826,direct
2007,870323,Automóveis de passageiros,266,Gabão,137644,22.826,direct
2007,870323,Automóveis de passageiros,56,Bélgica,45888,7.61,direct
2007,870323,Automóveis de passageiros,392,Japão,9557,1.585,direct
2007,870323,Automóveis de passageiros,784,Emirados Árabes Unidos,2951,0.489,direct
2007,870323,Automóveis de passageiros,566,Nigéria,2066,0.343,direct
2007,870323,Automóveis de passageiros,768,Togo,1937,0.321,direct
2007,870332,Automóveis de passageiros,620,Portugal,296390,92.479,direct
2007,870332,Automóveis de passageiros,56,Bélgica,24104,7.521,direct
2007,870333,Automóveis de passageiros,620,Portugal,884039,67.959,direct
2007,870333,Automóveis de passageiros,266,Gabão,193551,14.879,direct
2007,870333,Automóveis de passageiros,392,Japão,73996,5.688,direct
2007,870333,Automóveis de passageiros,56,Bélgica,70668,5.432,direct
2007,870333,Automóveis de passageiros,566,Nigéria,24685,1.898,direct
2007,870333,Automóveis de passageiros,784,Emirados Árabes Unidos,21931,1.686,direct
2007,870333,Automóveis de passageiros,208,Dinamarca,17162,1.319,direct
2007,870333,Automóveis de passageiros,826,Reino Unido,14814,1.139,direct
2007,871120,"Motorcycles (including mopeds) and cycles; fitted with an auxiliary motor, internal combustion piston engine, of cylinder capacity exceeding 50cc but not exceeding 250cc, with or without side-cars; side-cars",156,China,242622,46.089,direct
2007,871120,"Motorcycles (including mopeds) and cycles; fitted with an auxiliary motor, internal combustion piston engine, of cylinder capacity exceeding 50cc but not exceeding 250cc, with or without side-cars; side-cars",620,Portugal,169515,32.201,direct
2007,871120,"Motorcycles (including mopeds) and cycles; fitted with an auxiliary motor, internal combustion piston engine, of cylinder capacity exceeding 50cc but not exceeding 250cc, with or without side-cars; side-cars",784,Emirados Árabes Unidos,39402,7.485,direct
2007,871120,"Motorcycles (including mopeds) and cycles; fitted with an auxiliary motor, internal combustion piston engine, of cylinder capacity exceeding 50cc but not exceeding 250cc, with or without side-cars; side-cars",392,Japão,29703,5.642,direct
2007,871120,"Motorcycles (including mopeds) and cycles; fitted with an auxiliary motor, internal combustion piston engine, of cylinder capacity exceeding 50cc but not exceeding 250cc, with or without side-cars; side-cars",566,Nigéria,22148,4.207,direct
2007,871120,"Motorcycles (including mopeds) and cycles; fitted with an auxiliary motor, internal combustion piston engine, of cylinder capacity exceeding 50cc but not exceeding 250cc, with or without side-cars; side-cars",208,Dinamarca,4969,0.944,direct
2007,871120,"Motorcycles (including mopeds) and cycles; fitted with an auxiliary motor, internal combustion piston engine, of cylinder capacity exceeding 50cc but not exceeding 250cc, with or without side-cars; side-cars",528,Países Baixos,3428,0.651,direct
2007,871120,"Motorcycles (including mopeds) and cycles; fitted with an auxiliary motor, internal combustion piston engine, of cylinder capacity exceeding 50cc but not exceeding 250cc, with or without side-cars; side-cars",490,Taiwan (Prov. China),2696,0.512,direct
2007,999999,Commodities not specified according to kind,620,Portugal,206478,83.934,direct
2007,999999,Commodities not specified according to kind,360,Indonésia,35188,14.304,direct
2007,999999,Commodities not specified according to kind,784,Emirados Árabes Unidos,1872,0.761,direct
2007,999999,Commodities not specified according to kind,710,África do Sul,1817,0.739,direct
2007,999999,Commodities not specified according to kind,566,Nigéria,499,0.203,direct
2007,999999,Commodities not specified according to kind,24,Angola,92,0.037,direct
2007,999999,Commodities not specified according to kind,56,Bélgica,54,0.022,direct
2007,020714,"Meat and edible offal; of fowls of the species Gallus domesticus, cuts and offal, frozen",56,Bélgica,317308,80.461,mirror
2007,020714,"Meat and edible offal; of fowls of the species Gallus domesticus, cuts and offal, frozen",620,Portugal,45699,11.588,mirror
2007,020714,"Meat and edible offal; of fowls of the species Gallus domesticus, cuts and offal, frozen",76,Brasil,31355,7.951,mirror
2007,071333,"Vegetables, leguminous; kidney beans, including white pea beans (phaseolus vulgaris), shelled, whether or not skinned or split, dried",620,Portugal,494571,100.0,mirror
2007,100620,Arroz,620,Portugal,1343,100.0,mirror
2007,100630,Arroz,764,Tailândia,198446,74.116,mirror
2007,100630,Arroz,620,Portugal,47563,17.764,mirror
2007,100630,Arroz,266,Gabão,17759,6.633,mirror
2007,100630,Arroz,710,África do Sul,3984,1.488,mirror
2007,110100,Wheat or meslin flour,620,Portugal,2362540,70.249,mirror
2007,110100,Wheat or meslin flour,56,Bélgica,947968,28.187,mirror
2007,110100,Wheat or meslin flour,768,Togo,33597,0.999,mirror
2007,110100,Wheat or meslin flour,792,Turquia,18975,0.564,mirror
2007,150790,Óleo de soja,620,Portugal,1937134,95.726,mirror
2007,150790,Óleo de soja,528,Países Baixos,86488,4.274,mirror
2007,160100,"Meat preparations; sausages and similar products, of meat, meat offal, blood or insects, and food preparations based on these products",620,Portugal,565935,97.428,mirror
2007,160100,"Meat preparations; sausages and similar products, of meat, meat offal, blood or insects, and food preparations based on these products",528,Países Baixos,9610,1.654,mirror
2007,160100,"Meat preparations; sausages and similar products, of meat, meat offal, blood or insects, and food preparations based on these products",76,Brasil,4104,0.707,mirror
2007,160100,"Meat preparations; sausages and similar products, of meat, meat offal, blood or insects, and food preparations based on these products",710,África do Sul,1225,0.211,mirror
2007,170111,Açúcar de cana ou de beterraba,620,Portugal,551,100.0,mirror
2007,220210,"Waters; including mineral and aerated, containing added sugar or other sweetening matter or flavoured",620,Portugal,298162,69.842,mirror
2007,220210,"Waters; including mineral and aerated, containing added sugar or other sweetening matter or flavoured",818,Egito,126419,29.612,mirror
2007,220210,"Waters; including mineral and aerated, containing added sugar or other sweetening matter or flavoured",784,Emirados Árabes Unidos,2331,0.546,mirror
2007,220290,220290,12,Argélia,373611,61.916,mirror
2007,220290,220290,620,Portugal,219878,36.439,mirror
2007,220290,220290,784,Emirados Árabes Unidos,9928,1.645,mirror
2007,220300,Cerveja,620,Portugal,488210,56.419,mirror
2007,220300,Cerveja,266,Gabão,322304,37.246,mirror
2007,220300,Cerveja,528,Países Baixos,38439,4.442,mirror
2007,220300,Cerveja,826,Reino Unido,13638,1.576,mirror
2007,220300,Cerveja,251,França,2744,0.317,mirror
2007,220421,Vinho,620,Portugal,1692751,97.06,mirror
2007,220421,Vinho,251,França,35677,2.046,mirror
2007,220421,Vinho,710,África do Sul,13304,0.763,mirror
2007,220421,Vinho,32,Argentina,2299,0.132,mirror
2007,220429,Vinho,620,Portugal,268158,100.0,mirror
2007,230990,"Dog or cat food; (not put up for retail sale), used in animal feeding",620,Portugal,300942,100.0,mirror
2007,252329,"Cement; portland, other than white, whether or not artificially coloured",620,Portugal,1392718,94.002,mirror
2007,252329,"Cement; portland, other than white, whether or not artificially coloured",768,Togo,72620,4.902,mirror
2007,252329,"Cement; portland, other than white, whether or not artificially coloured",710,África do Sul,16241,1.096,mirror
2007,271000,Combustíveis refinados,804,Ucrânia,57523,100.0,mirror
2007,271011,Combustíveis refinados,710,África do Sul,1858,50.96,mirror
2007,271011,Combustíveis refinados,76,Brasil,1340,36.753,mirror
2007,271011,Combustíveis refinados,620,Portugal,448,12.287,mirror
2007,340119,"Soap and organic surface-active products; in the form of bars, cakes, moulded shapes, and paper, wadding, felt and nonwovens, impregnated, coated or covered with soap or detergent, not for toilet use",620,Portugal,982785,100.0,mirror
2007,630900,"Clothing; worn, and other worn articles",56,Bélgica,240853,41.681,mirror
2007,630900,"Clothing; worn, and other worn articles",528,Países Baixos,134537,23.282,mirror
2007,630900,"Clothing; worn, and other worn articles",276,Alemanha,101000,17.478,mirror
2007,630900,"Clothing; worn, and other worn articles",620,Portugal,76360,13.214,mirror
2007,630900,"Clothing; worn, and other worn articles",800,Uganda,18535,3.208,mirror
2007,630900,"Clothing; worn, and other worn articles",410,Coreia do Sul,6125,1.06,mirror
2007,630900,"Clothing; worn, and other worn articles",752,Suécia,445,0.077,mirror
2007,850213,"Electric generating sets; with compression-ignition internal combustion piston engines (diesel or semi-diesel engines), of an output exceeding 375kVA",620,Portugal,2919562,100.0,mirror
2007,870323,Automóveis de passageiros,842,EUA,1456648,77.33,mirror
2007,870323,Automóveis de passageiros,251,França,155058,8.232,mirror
2007,870323,Automóveis de passageiros,620,Portugal,143998,7.644,mirror
2007,870323,Automóveis de passageiros,56,Bélgica,118862,6.31,mirror
2007,870323,Automóveis de passageiros,276,Alemanha,5000,0.265,mirror
2007,870323,Automóveis de passageiros,528,Países Baixos,4118,0.219,mirror
2007,870332,Automóveis de passageiros,620,Portugal,199520,65.246,mirror
2007,870332,Automóveis de passageiros,56,Bélgica,84896,27.762,mirror
2007,870332,Automóveis de passageiros,724,Espanha,21382,6.992,mirror
2007,870333,Automóveis de passageiros,620,Portugal,177221,59.369,mirror
2007,870333,Automóveis de passageiros,56,Bélgica,77657,26.015,mirror
2007,870333,Automóveis de passageiros,826,Reino Unido,28202,9.448,mirror
2007,870333,Automóveis de passageiros,392,Japão,15430,5.169,mirror
2007,871120,"Motorcycles (including mopeds) and cycles; fitted with an auxiliary motor, internal combustion piston engine, of cylinder capacity exceeding 50cc but not exceeding 250cc, with or without side-cars; side-cars",156,China,253632,88.422,mirror
2007,871120,"Motorcycles (including mopeds) and cycles; fitted with an auxiliary motor, internal combustion piston engine, of cylinder capacity exceeding 50cc but not exceeding 250cc, with or without side-cars; side-cars",710,África do Sul,19067,6.647,mirror
2007,871120,"Motorcycles (including mopeds) and cycles; fitted with an auxiliary motor, internal combustion piston engine, of cylinder capacity exceeding 50cc but not exceeding 250cc, with or without side-cars; side-cars",392,Japão,10817,3.771,mirror
2007,871120,"Motorcycles (including mopeds) and cycles; fitted with an auxiliary motor, internal combustion piston engine, of cylinder capacity exceeding 50cc but not exceeding 250cc, with or without side-cars; side-cars",208,Dinamarca,3326,1.16,mirror
2007,999999,Commodities not specified according to kind,842,EUA,201210,64.412,mirror
2007,999999,Commodities not specified according to kind,620,Portugal,35039,11.217,mirror
2007,999999,Commodities not specified according to kind,276,Alemanha,26000,8.323,mirror
2007,999999,Commodities not specified according to kind,724,Espanha,23644,7.569,mirror
2007,999999,Commodities not specified according to kind,76,Brasil,10161,3.253,mirror
2007,999999,Commodities not specified according to kind,788,Tunisia,9303,2.978,mirror
2007,999999,Commodities not specified according to kind,410,Coreia do Sul,2280,0.73,mirror
2007,999999,Commodities not specified according to kind,344,Hong Kong (RAEHK),1965,0.629,mirror
2008,020714,"Meat and edible offal; of fowls of the species Gallus domesticus, cuts and offal, frozen",620,Portugal,284903,70.216,direct
2008,020714,"Meat and edible offal; of fowls of the species Gallus domesticus, cuts and offal, frozen",56,Bélgica,114431,28.202,direct
2008,020714,"Meat and edible offal; of fowls of the species Gallus domesticus, cuts and offal, frozen",724,Espanha,6420,1.582,direct
2008,071333,"Vegetables, leguminous; kidney beans, including white pea beans (phaseolus vulgaris), shelled, whether or not skinned or split, dried",620,Portugal,475328,89.922,direct
2008,071333,"Vegetables, leguminous; kidney beans, including white pea beans (phaseolus vulgaris), shelled, whether or not skinned or split, dried",710,África do Sul,53275,10.078,direct
2008,100620,Arroz,764,Tailândia,2125695,53.974,direct
2008,100620,Arroz,899,"Areas, nes",714000,18.129,direct
2008,100620,Arroz,392,Japão,703540,17.864,direct
2008,100620,Arroz,620,Portugal,389224,9.883,direct
2008,100620,Arroz,266,Gabão,2907,0.074,direct
2008,100620,Arroz,422,Líbano,2220,0.056,direct
2008,100620,Arroz,710,África do Sul,777,0.02,direct
2008,100630,Arroz,620,Portugal,228725,62.072,direct
2008,100630,Arroz,764,Tailândia,77702,21.087,direct
2008,100630,Arroz,266,Gabão,51615,14.007,direct
2008,100630,Arroz,24,Angola,10022,2.72,direct
2008,100630,Arroz,710,África do Sul,423,0.115,direct
2008,110100,Wheat or meslin flour,620,Portugal,3069678,86.661,direct
2008,110100,Wheat or meslin flour,56,Bélgica,472490,13.339,direct
2008,110100,Wheat or meslin flour,422,Líbano,18,0.001,direct
2008,150790,Óleo de soja,620,Portugal,3240264,92.032,direct
2008,150790,Óleo de soja,458,Malásia,275888,7.836,direct
2008,150790,Óleo de soja,24,Angola,4509,0.128,direct
2008,150790,Óleo de soja,422,Líbano,139,0.004,direct
2008,160100,"Meat preparations; sausages and similar products, of meat, meat offal, blood or insects, and food preparations based on these products",620,Portugal,601021,96.244,direct
2008,160100,"Meat preparations; sausages and similar products, of meat, meat offal, blood or insects, and food preparations based on these products",422,Líbano,22447,3.595,direct
2008,160100,"Meat preparations; sausages and similar products, of meat, meat offal, blood or insects, and food preparations based on these products",724,Espanha,520,0.083,direct
2008,160100,"Meat preparations; sausages and similar products, of meat, meat offal, blood or insects, and food preparations based on these products",24,Angola,488,0.078,direct
2008,170111,Açúcar de cana ou de beterraba,620,Portugal,152081,65.657,direct
2008,170111,Açúcar de cana ou de beterraba,76,Brasil,38938,16.81,direct
2008,170111,Açúcar de cana ou de beterraba,528,Países Baixos,25626,11.063,direct
2008,170111,Açúcar de cana ou de beterraba,266,Gabão,14855,6.413,direct
2008,170111,Açúcar de cana ou de beterraba,710,África do Sul,129,0.056,direct
2008,220210,"Waters; including mineral and aerated, containing added sugar or other sweetening matter or flavoured",620,Portugal,1095340,88.438,direct
2008,220210,"Waters; including mineral and aerated, containing added sugar or other sweetening matter or flavoured",899,"Areas, nes",72020,5.815,direct
2008,220210,"Waters; including mineral and aerated, containing added sugar or other sweetening matter or flavoured",12,Argélia,68231,5.509,direct
2008,220210,"Waters; including mineral and aerated, containing added sugar or other sweetening matter or flavoured",528,Países Baixos,2621,0.212,direct
2008,220210,"Waters; including mineral and aerated, containing added sugar or other sweetening matter or flavoured",24,Angola,330,0.027,direct
2008,220290,220290,620,Portugal,283477,99.959,direct
2008,220290,220290,208,Dinamarca,117,0.041,direct
2008,220300,Cerveja,620,Portugal,907231,89.596,direct
2008,220300,Cerveja,266,Gabão,45684,4.512,direct
2008,220300,Cerveja,56,Bélgica,37500,3.703,direct
2008,220300,Cerveja,528,Países Baixos,22161,2.189,direct
2008,220421,Vinho,620,Portugal,3328160,98.902,direct
2008,220421,Vinho,899,"Areas, nes",17348,0.516,direct
2008,220421,Vinho,44,Bahamas,15504,0.461,direct
2008,220421,Vinho,266,Gabão,2101,0.062,direct
2008,220421,Vinho,24,Angola,1141,0.034,direct
2008,220421,Vinho,56,Bélgica,669,0.02,direct
2008,220421,Vinho,724,Espanha,184,0.005,direct
2008,220429,Vinho,620,Portugal,415314,99.699,direct
2008,220429,Vinho,266,Gabão,898,0.216,direct
2008,220429,Vinho,899,"Areas, nes",357,0.086,direct
2008,230990,"Dog or cat food; (not put up for retail sale), used in animal feeding",620,Portugal,532614,99.829,direct
2008,230990,"Dog or cat food; (not put up for retail sale), used in animal feeding",144,Sri Lanka,913,0.171,direct
2008,252329,"Cement; portland, other than white, whether or not artificially coloured",620,Portugal,3368828,99.817,direct
2008,252329,"Cement; portland, other than white, whether or not artificially coloured",710,África do Sul,5280,0.156,direct
2008,252329,"Cement; portland, other than white, whether or not artificially coloured",566,Nigéria,885,0.026,direct
2008,271000,Combustíveis refinados,24,Angola,25702904,98.341,direct
2008,271000,Combustíveis refinados,620,Portugal,420221,1.608,direct
2008,271000,Combustíveis refinados,784,Emirados Árabes Unidos,12536,0.048,direct
2008,271000,Combustíveis refinados,44,Bahamas,781,0.003,direct
2008,340119,"Soap and organic surface-active products; in the form of bars, cakes, moulded shapes, and paper, wadding, felt and nonwovens, impregnated, coated or covered with soap or detergent, not for toilet use",620,Portugal,576257,99.95,direct
2008,340119,"Soap and organic surface-active products; in the form of bars, cakes, moulded shapes, and paper, wadding, felt and nonwovens, impregnated, coated or covered with soap or detergent, not for toilet use",899,"Areas, nes",289,0.05,direct
2008,630900,"Clothing; worn, and other worn articles",620,Portugal,310423,72.972,direct
2008,630900,"Clothing; worn, and other worn articles",56,Bélgica,86399,20.31,direct
2008,630900,"Clothing; worn, and other worn articles",76,Brasil,10255,2.411,direct
2008,630900,"Clothing; worn, and other worn articles",410,Coreia do Sul,7248,1.704,direct
2008,630900,"Clothing; worn, and other worn articles",490,Taiwan (Prov. China),5020,1.18,direct
2008,630900,"Clothing; worn, and other worn articles",842,EUA,4335,1.019,direct
2008,630900,"Clothing; worn, and other worn articles",579,Noruega,1481,0.348,direct
2008,630900,"Clothing; worn, and other worn articles",24,Angola,170,0.04,direct
2008,850213,"Electric generating sets; with compression-ignition internal combustion piston engines (diesel or semi-diesel engines), of an output exceeding 375kVA",620,Portugal,12806,100.0,direct
2008,870323,Automóveis de passageiros,620,Portugal,1946271,92.59,direct
2008,870323,Automóveis de passageiros,266,Gabão,50466,2.401,direct
2008,870323,Automóveis de passageiros,56,Bélgica,40890,1.945,direct
2008,870323,Automóveis de passageiros,566,Nigéria,27163,1.292,direct
2008,870323,Automóveis de passageiros,24,Angola,22844,1.087,direct
2008,870323,Automóveis de passageiros,528,Países Baixos,4977,0.237,direct
2008,870323,Automóveis de passageiros,392,Japão,3469,0.165,direct
2008,870323,Automóveis de passageiros,682,Arábia Saudita,3015,0.143,direct
2008,870332,Automóveis de passageiros,56,Bélgica,98349,50.574,direct
2008,870332,Automóveis de passageiros,724,Espanha,43682,22.463,direct
2008,870332,Automóveis de passageiros,620,Portugal,42549,21.88,direct
2008,870332,Automóveis de passageiros,392,Japão,7584,3.9,direct
2008,870332,Automóveis de passageiros,251,França,2300,1.183,direct
2008,870333,Automóveis de passageiros,266,Gabão,1711462,74.501,direct
2008,870333,Automóveis de passageiros,56,Bélgica,187584,8.166,direct
2008,870333,Automóveis de passageiros,620,Portugal,182106,7.927,direct
2008,870333,Automóveis de passageiros,392,Japão,65075,2.833,direct
2008,870333,Automóveis de passageiros,686,Senegal,50017,2.177,direct
2008,870333,Automóveis de passageiros,251,França,48998,2.133,direct
2008,870333,Automóveis de passageiros,784,Emirados Árabes Unidos,26997,1.175,direct
2008,870333,Automóveis de passageiros,208,Dinamarca,13287,0.578,direct
2008,871120,"Motorcycles (including mopeds) and cycles; fitted with an auxiliary motor, internal combustion piston engine, of cylinder capacity exceeding 50cc but not exceeding 250cc, with or without side-cars; side-cars",620,Portugal,470421,55.36,direct
2008,871120,"Motorcycles (including mopeds) and cycles; fitted with an auxiliary motor, internal combustion piston engine, of cylinder capacity exceeding 50cc but not exceeding 250cc, with or without side-cars; side-cars",156,China,325866,38.349,direct
2008,871120,"Motorcycles (including mopeds) and cycles; fitted with an auxiliary motor, internal combustion piston engine, of cylinder capacity exceeding 50cc but not exceeding 250cc, with or without side-cars; side-cars",566,Nigéria,20953,2.466,direct
2008,871120,"Motorcycles (including mopeds) and cycles; fitted with an auxiliary motor, internal combustion piston engine, of cylinder capacity exceeding 50cc but not exceeding 250cc, with or without side-cars; side-cars",392,Japão,13486,1.587,direct
2008,871120,"Motorcycles (including mopeds) and cycles; fitted with an auxiliary motor, internal combustion piston engine, of cylinder capacity exceeding 50cc but not exceeding 250cc, with or without side-cars; side-cars",784,Emirados Árabes Unidos,4352,0.512,direct
2008,871120,"Motorcycles (including mopeds) and cycles; fitted with an auxiliary motor, internal combustion piston engine, of cylinder capacity exceeding 50cc but not exceeding 250cc, with or without side-cars; side-cars",768,Togo,4239,0.499,direct
2008,871120,"Motorcycles (including mopeds) and cycles; fitted with an auxiliary motor, internal combustion piston engine, of cylinder capacity exceeding 50cc but not exceeding 250cc, with or without side-cars; side-cars",24,Angola,3241,0.381,direct
2008,871120,"Motorcycles (including mopeds) and cycles; fitted with an auxiliary motor, internal combustion piston engine, of cylinder capacity exceeding 50cc but not exceeding 250cc, with or without side-cars; side-cars",266,Gabão,2387,0.281,direct
2008,999999,Commodities not specified according to kind,620,Portugal,192351,94.539,direct
2008,999999,Commodities not specified according to kind,784,Emirados Árabes Unidos,8707,4.279,direct
2008,999999,Commodities not specified according to kind,528,Países Baixos,1110,0.546,direct
2008,999999,Commodities not specified according to kind,208,Dinamarca,840,0.413,direct
2008,999999,Commodities not specified according to kind,710,África do Sul,282,0.139,direct
2008,999999,Commodities not specified according to kind,566,Nigéria,157,0.077,direct
2008,999999,Commodities not specified according to kind,266,Gabão,14,0.007,direct
2008,020714,"Meat and edible offal; of fowls of the species Gallus domesticus, cuts and offal, frozen",56,Bélgica,729582,76.105,mirror
2008,020714,"Meat and edible offal; of fowls of the species Gallus domesticus, cuts and offal, frozen",620,Portugal,97513,10.172,mirror
2008,020714,"Meat and edible offal; of fowls of the species Gallus domesticus, cuts and offal, frozen",724,Espanha,44117,4.602,mirror
2008,020714,"Meat and edible offal; of fowls of the species Gallus domesticus, cuts and offal, frozen",528,Países Baixos,39787,4.15,mirror
2008,020714,"Meat and edible offal; of fowls of the species Gallus domesticus, cuts and offal, frozen",616,Polónia,30823,3.215,mirror
2008,020714,"Meat and edible offal; of fowls of the species Gallus domesticus, cuts and offal, frozen",710,África do Sul,16827,1.755,mirror
2008,071333,"Vegetables, leguminous; kidney beans, including white pea beans (phaseolus vulgaris), shelled, whether or not skinned or split, dried",620,Portugal,503367,100.0,mirror
2008,100620,Arroz,24,Angola,7410,80.993,mirror
2008,100620,Arroz,620,Portugal,1739,19.007,mirror
2008,100630,Arroz,120,Camarões,599962,76.152,mirror
2008,100630,Arroz,266,Gabão,126628,16.073,mirror
2008,100630,Arroz,764,Tailândia,47505,6.03,mirror
2008,100630,Arroz,620,Portugal,6478,0.822,mirror
2008,100630,Arroz,422,Líbano,5683,0.721,mirror
2008,100630,Arroz,710,África do Sul,1359,0.172,mirror
2008,100630,Arroz,56,Bélgica,231,0.029,mirror
2008,110100,Wheat or meslin flour,56,Bélgica,1527677,50.627,mirror
2008,110100,Wheat or meslin flour,620,Portugal,1482739,49.138,mirror
2008,110100,Wheat or meslin flour,768,Togo,7113,0.236,mirror
2008,150790,Óleo de soja,620,Portugal,2549504,86.876,mirror
2008,150790,Óleo de soja,380,Itália,226558,7.72,mirror
2008,150790,Óleo de soja,528,Países Baixos,157673,5.373,mirror
2008,150790,Óleo de soja,422,Líbano,699,0.024,mirror
2008,150790,Óleo de soja,24,Angola,224,0.008,mirror
2008,160100,"Meat preparations; sausages and similar products, of meat, meat offal, blood or insects, and food preparations based on these products",620,Portugal,558711,93.014,mirror
2008,160100,"Meat preparations; sausages and similar products, of meat, meat offal, blood or insects, and food preparations based on these products",528,Países Baixos,19157,3.189,mirror
2008,160100,"Meat preparations; sausages and similar products, of meat, meat offal, blood or insects, and food preparations based on these products",842,EUA,17230,2.868,mirror
2008,160100,"Meat preparations; sausages and similar products, of meat, meat offal, blood or insects, and food preparations based on these products",710,África do Sul,5576,0.928,mirror
2008,170111,Açúcar de cana ou de beterraba,76,Brasil,83040,99.63,mirror
2008,170111,Açúcar de cana ou de beterraba,710,África do Sul,179,0.215,mirror
2008,170111,Açúcar de cana ou de beterraba,24,Angola,120,0.144,mirror
2008,170111,Açúcar de cana ou de beterraba,620,Portugal,10,0.012,mirror
2008,220210,"Waters; including mineral and aerated, containing added sugar or other sweetening matter or flavoured",620,Portugal,557444,93.852,mirror
2008,220210,"Waters; including mineral and aerated, containing added sugar or other sweetening matter or flavoured",792,Turquia,27975,4.71,mirror
2008,220210,"Waters; including mineral and aerated, containing added sugar or other sweetening matter or flavoured",276,Alemanha,7339,1.236,mirror
2008,220210,"Waters; including mineral and aerated, containing added sugar or other sweetening matter or flavoured",56,Bélgica,1071,0.18,mirror
2008,220210,"Waters; including mineral and aerated, containing added sugar or other sweetening matter or flavoured",710,África do Sul,135,0.023,mirror
2008,220290,220290,620,Portugal,548491,61.488,mirror
2008,220290,220290,12,Argélia,320814,35.964,mirror
2008,220290,220290,422,Líbano,12981,1.455,mirror
2008,220290,220290,792,Turquia,9747,1.093,mirror
2008,220300,Cerveja,266,Gabão,421745,68.981,mirror
2008,220300,Cerveja,620,Portugal,179254,29.319,mirror
2008,220300,Cerveja,276,Alemanha,5971,0.977,mirror
2008,220300,Cerveja,251,França,4425,0.724,mirror
2008,220421,Vinho,620,Portugal,1699735,96.124,mirror
2008,220421,Vinho,724,Espanha,32839,1.857,mirror
2008,220421,Vinho,251,França,29502,1.668,mirror
2008,220421,Vinho,710,África do Sul,6205,0.351,mirror
2008,220429,Vinho,620,Portugal,523254,99.513,mirror
2008,220429,Vinho,266,Gabão,2562,0.487,mirror
2008,230990,"Dog or cat food; (not put up for retail sale), used in animal feeding",620,Portugal,431741,99.656,mirror
2008,230990,"Dog or cat food; (not put up for retail sale), used in animal feeding",56,Bélgica,1489,0.344,mirror
2008,252329,"Cement; portland, other than white, whether or not artificially coloured",620,Portugal,1627199,98.952,mirror
2008,252329,"Cement; portland, other than white, whether or not artificially coloured",710,África do Sul,17239,1.048,mirror
2008,271011,Combustíveis refinados,620,Portugal,2401,63.002,mirror
2008,271011,Combustíveis refinados,76,Brasil,1260,33.062,mirror
2008,271011,Combustíveis refinados,710,África do Sul,150,3.936,mirror
2008,340119,"Soap and organic surface-active products; in the form of bars, cakes, moulded shapes, and paper, wadding, felt and nonwovens, impregnated, coated or covered with soap or detergent, not for toilet use",620,Portugal,1167991,99.917,mirror
2008,340119,"Soap and organic surface-active products; in the form of bars, cakes, moulded shapes, and paper, wadding, felt and nonwovens, impregnated, coated or covered with soap or detergent, not for toilet use",710,África do Sul,968,0.083,mirror
2008,630900,"Clothing; worn, and other worn articles",56,Bélgica,265469,36.553,mirror
2008,630900,"Clothing; worn, and other worn articles",276,Alemanha,211737,29.155,mirror
2008,630900,"Clothing; worn, and other worn articles",620,Portugal,104170,14.343,mirror
2008,630900,"Clothing; worn, and other worn articles",251,França,100308,13.812,mirror
2008,630900,"Clothing; worn, and other worn articles",410,Coreia do Sul,27300,3.759,mirror
2008,630900,"Clothing; worn, and other worn articles",380,Itália,17268,2.378,mirror
2008,850213,"Electric generating sets; with compression-ignition internal combustion piston engines (diesel or semi-diesel engines), of an output exceeding 375kVA",24,Angola,68203,62.987,mirror
2008,850213,"Electric generating sets; with compression-ignition internal combustion piston engines (diesel or semi-diesel engines), of an output exceeding 375kVA",56,Bélgica,40078,37.013,mirror
2008,870323,Automóveis de passageiros,842,EUA,944400,77.987,mirror
2008,870323,Automóveis de passageiros,620,Portugal,126869,10.477,mirror
2008,870323,Automóveis de passageiros,56,Bélgica,108017,8.92,mirror
2008,870323,Automóveis de passageiros,414,Kuwait,31688,2.617,mirror
2008,870332,Automóveis de passageiros,620,Portugal,554044,76.326,mirror
2008,870332,Automóveis de passageiros,56,Bélgica,65586,9.035,mirror
2008,870332,Automóveis de passageiros,251,França,54579,7.519,mirror
2008,870332,Automóveis de passageiros,392,Japão,51022,7.029,mirror
2008,870332,Automóveis de passageiros,724,Espanha,664,0.091,mirror
2008,870333,Automóveis de passageiros,620,Portugal,181135,83.529,mirror
2008,870333,Automóveis de passageiros,56,Bélgica,35718,16.471,mirror
2008,871120,"Motorcycles (including mopeds) and cycles; fitted with an auxiliary motor, internal combustion piston engine, of cylinder capacity exceeding 50cc but not exceeding 250cc, with or without side-cars; side-cars",156,China,476126,97.463,mirror
2008,871120,"Motorcycles (including mopeds) and cycles; fitted with an auxiliary motor, internal combustion piston engine, of cylinder capacity exceeding 50cc but not exceeding 250cc, with or without side-cars; side-cars",208,Dinamarca,12392,2.537,mirror
2008,999999,Commodities not specified according to kind,392,Japão,8941208,91.474,mirror
2008,999999,Commodities not specified according to kind,528,Países Baixos,331555,3.392,mirror
2008,999999,Commodities not specified according to kind,682,Arábia Saudita,156534,1.601,mirror
2008,999999,Commodities not specified according to kind,842,EUA,105999,1.084,mirror
2008,999999,Commodities not specified according to kind,276,Alemanha,90150,0.922,mirror
2008,999999,Commodities not specified according to kind,56,Bélgica,80916,0.828,mirror
2008,999999,Commodities not specified according to kind,458,Malásia,32131,0.329,mirror
2008,999999,Commodities not specified according to kind,251,França,16226,0.166,mirror
2009,020714,"Meat and edible offal; of fowls of the species Gallus domesticus, cuts and offal, frozen",620,Portugal,251977,45.579,direct
2009,020714,"Meat and edible offal; of fowls of the species Gallus domesticus, cuts and offal, frozen",56,Bélgica,188064,34.018,direct
2009,020714,"Meat and edible offal; of fowls of the species Gallus domesticus, cuts and offal, frozen",76,Brasil,88653,16.036,direct
2009,020714,"Meat and edible offal; of fowls of the species Gallus domesticus, cuts and offal, frozen",44,Bahamas,24138,4.366,direct
2009,071333,"Vegetables, leguminous; kidney beans, including white pea beans (phaseolus vulgaris), shelled, whether or not skinned or split, dried",620,Portugal,447909,99.987,direct
2009,071333,"Vegetables, leguminous; kidney beans, including white pea beans (phaseolus vulgaris), shelled, whether or not skinned or split, dried",899,"Areas, nes",45,0.01,direct
2009,071333,"Vegetables, leguminous; kidney beans, including white pea beans (phaseolus vulgaris), shelled, whether or not skinned or split, dried",120,Camarões,15,0.003,direct
2009,100620,Arroz,392,Japão,4084434,92.989,direct
2009,100620,Arroz,620,Portugal,154104,3.508,direct
2009,100620,Arroz,251,França,90927,2.07,direct
2009,100620,Arroz,842,EUA,59930,1.364,direct
2009,100620,Arroz,266,Gabão,1735,0.04,direct
2009,100620,Arroz,710,África do Sul,1132,0.026,direct
2009,100620,Arroz,56,Bélgica,73,0.002,direct
2009,100620,Arroz,899,"Areas, nes",25,0.001,direct
2009,100630,Arroz,586,Paquistão,70579,50.819,direct
2009,100630,Arroz,764,Tailândia,49087,35.344,direct
2009,100630,Arroz,56,Bélgica,12686,9.134,direct
2009,100630,Arroz,620,Portugal,2825,2.034,direct
2009,100630,Arroz,768,Togo,1878,1.352,direct
2009,100630,Arroz,266,Gabão,1818,1.309,direct
2009,100630,Arroz,899,"Areas, nes",10,0.007,direct
2009,110100,Wheat or meslin flour,620,Portugal,2143267,74.086,direct
2009,110100,Wheat or meslin flour,56,Bélgica,670785,23.187,direct
2009,110100,Wheat or meslin flour,144,Sri Lanka,55884,1.932,direct
2009,110100,Wheat or meslin flour,266,Gabão,22709,0.785,direct
2009,110100,Wheat or meslin flour,44,Bahamas,169,0.006,direct
2009,110100,Wheat or meslin flour,528,Países Baixos,108,0.004,direct
2009,110100,Wheat or meslin flour,899,"Areas, nes",10,0.0,direct
2009,150790,Óleo de soja,76,Brasil,4238873,85.995,direct
2009,150790,Óleo de soja,620,Portugal,606841,12.311,direct
2009,150790,Óleo de soja,360,Indonésia,43981,0.892,direct
2009,150790,Óleo de soja,380,Itália,39470,0.801,direct
2009,150790,Óleo de soja,251,França,42,0.001,direct
2009,160100,"Meat preparations; sausages and similar products, of meat, meat offal, blood or insects, and food preparations based on these products",620,Portugal,607060,93.179,direct
2009,160100,"Meat preparations; sausages and similar products, of meat, meat offal, blood or insects, and food preparations based on these products",422,Líbano,23313,3.578,direct
2009,160100,"Meat preparations; sausages and similar products, of meat, meat offal, blood or insects, and food preparations based on these products",76,Brasil,13071,2.006,direct
2009,160100,"Meat preparations; sausages and similar products, of meat, meat offal, blood or insects, and food preparations based on these products",44,Bahamas,7692,1.181,direct
2009,160100,"Meat preparations; sausages and similar products, of meat, meat offal, blood or insects, and food preparations based on these products",251,França,364,0.056,direct
2009,170111,Açúcar de cana ou de beterraba,620,Portugal,72012,56.276,direct
2009,170111,Açúcar de cana ou de beterraba,76,Brasil,28782,22.492,direct
2009,170111,Açúcar de cana ou de beterraba,266,Gabão,26872,21.0,direct
2009,170111,Açúcar de cana ou de beterraba,251,França,297,0.232,direct
2009,220210,"Waters; including mineral and aerated, containing added sugar or other sweetening matter or flavoured",620,Portugal,1443159,93.433,direct
2009,220210,"Waters; including mineral and aerated, containing added sugar or other sweetening matter or flavoured",792,Turquia,35739,2.314,direct
2009,220210,"Waters; including mineral and aerated, containing added sugar or other sweetening matter or flavoured",899,"Areas, nes",30834,1.996,direct
2009,220210,"Waters; including mineral and aerated, containing added sugar or other sweetening matter or flavoured",710,África do Sul,26213,1.697,direct
2009,220210,"Waters; including mineral and aerated, containing added sugar or other sweetening matter or flavoured",56,Bélgica,7670,0.497,direct
2009,220210,"Waters; including mineral and aerated, containing added sugar or other sweetening matter or flavoured",784,Emirados Árabes Unidos,842,0.055,direct
2009,220210,"Waters; including mineral and aerated, containing added sugar or other sweetening matter or flavoured",251,França,141,0.009,direct
2009,220290,220290,620,Portugal,544408,97.869,direct
2009,220290,220290,156,China,11854,2.131,direct
2009,220300,Cerveja,620,Portugal,608641,83.739,direct
2009,220300,Cerveja,266,Gabão,63856,8.786,direct
2009,220300,Cerveja,56,Bélgica,53278,7.33,direct
2009,220300,Cerveja,710,África do Sul,1031,0.142,direct
2009,220300,Cerveja,251,França,24,0.003,direct
2009,220421,Vinho,620,Portugal,2505756,98.02,direct
2009,220421,Vinho,44,Bahamas,43803,1.713,direct
2009,220421,Vinho,266,Gabão,3707,0.145,direct
2009,220421,Vinho,710,África do Sul,2147,0.084,direct
2009,220421,Vinho,251,França,956,0.037,direct
2009,220429,Vinho,620,Portugal,485461,95.382,direct
2009,220429,Vinho,251,França,22224,4.366,direct
2009,220429,Vinho,710,África do Sul,1268,0.249,direct
2009,220429,Vinho,899,"Areas, nes",14,0.003,direct
2009,230990,"Dog or cat food; (not put up for retail sale), used in animal feeding",620,Portugal,475366,99.801,direct
2009,230990,"Dog or cat food; (not put up for retail sale), used in animal feeding",56,Bélgica,947,0.199,direct
2009,252329,"Cement; portland, other than white, whether or not artificially coloured",620,Portugal,2687530,100.0,direct
2009,271000,Combustíveis refinados,24,Angola,15046041,98.333,direct
2009,271000,Combustíveis refinados,620,Portugal,240033,1.569,direct
2009,271000,Combustíveis refinados,784,Emirados Árabes Unidos,10961,0.072,direct
2009,271000,Combustíveis refinados,156,China,2644,0.017,direct
2009,271000,Combustíveis refinados,392,Japão,844,0.006,direct
2009,271000,Combustíveis refinados,710,África do Sul,369,0.002,direct
2009,271000,Combustíveis refinados,899,"Areas, nes",115,0.001,direct
2009,271000,Combustíveis refinados,566,Nigéria,51,0.0,direct
2009,340119,"Soap and organic surface-active products; in the form of bars, cakes, moulded shapes, and paper, wadding, felt and nonwovens, impregnated, coated or covered with soap or detergent, not for toilet use",76,Brasil,536331,50.305,direct
2009,340119,"Soap and organic surface-active products; in the form of bars, cakes, moulded shapes, and paper, wadding, felt and nonwovens, impregnated, coated or covered with soap or detergent, not for toilet use",620,Portugal,529587,49.673,direct
2009,340119,"Soap and organic surface-active products; in the form of bars, cakes, moulded shapes, and paper, wadding, felt and nonwovens, impregnated, coated or covered with soap or detergent, not for toilet use",768,Togo,121,0.011,direct
2009,340119,"Soap and organic surface-active products; in the form of bars, cakes, moulded shapes, and paper, wadding, felt and nonwovens, impregnated, coated or covered with soap or detergent, not for toilet use",266,Gabão,110,0.01,direct
2009,630900,"Clothing; worn, and other worn articles",56,Bélgica,204236,40.021,direct
2009,630900,"Clothing; worn, and other worn articles",620,Portugal,202379,39.657,direct
2009,630900,"Clothing; worn, and other worn articles",528,Países Baixos,55209,10.818,direct
2009,630900,"Clothing; worn, and other worn articles",124,Canadá,13689,2.682,direct
2009,630900,"Clothing; worn, and other worn articles",76,Brasil,9513,1.864,direct
2009,630900,"Clothing; worn, and other worn articles",276,Alemanha,8483,1.662,direct
2009,630900,"Clothing; worn, and other worn articles",842,EUA,6560,1.285,direct
2009,630900,"Clothing; worn, and other worn articles",380,Itália,5365,1.051,direct
2009,850213,"Electric generating sets; with compression-ignition internal combustion piston engines (diesel or semi-diesel engines), of an output exceeding 375kVA",620,Portugal,54505,100.0,direct
2009,870323,Automóveis de passageiros,620,Portugal,1598752,77.599,direct
2009,870323,Automóveis de passageiros,392,Japão,201866,9.798,direct
2009,870323,Automóveis de passageiros,266,Gabão,161581,7.843,direct
2009,870323,Automóveis de passageiros,784,Emirados Árabes Unidos,44423,2.156,direct
2009,870323,Automóveis de passageiros,56,Bélgica,33941,1.647,direct
2009,870323,Automóveis de passageiros,768,Togo,9929,0.482,direct
2009,870323,Automóveis de passageiros,899,"Areas, nes",6724,0.326,direct
2009,870323,Automóveis de passageiros,44,Bahamas,3063,0.149,direct
2009,870332,Automóveis de passageiros,620,Portugal,73512,81.004,direct
2009,870332,Automóveis de passageiros,392,Japão,8120,8.948,direct
2009,870332,Automóveis de passageiros,251,França,7691,8.475,direct
2009,870332,Automóveis de passageiros,266,Gabão,1428,1.574,direct
2009,870333,Automóveis de passageiros,266,Gabão,1470055,75.842,direct
2009,870333,Automóveis de passageiros,710,África do Sul,242078,12.489,direct
2009,870333,Automóveis de passageiros,620,Portugal,117637,6.069,direct
2009,870333,Automóveis de passageiros,56,Bélgica,81190,4.189,direct
2009,870333,Automóveis de passageiros,784,Emirados Árabes Unidos,20201,1.042,direct
2009,870333,Automóveis de passageiros,226,Guiné Equatorial,4822,0.249,direct
2009,870333,Automóveis de passageiros,392,Japão,2339,0.121,direct
2009,871120,"Motorcycles (including mopeds) and cycles; fitted with an auxiliary motor, internal combustion piston engine, of cylinder capacity exceeding 50cc but not exceeding 250cc, with or without side-cars; side-cars",620,Portugal,1063062,49.094,direct
2009,871120,"Motorcycles (including mopeds) and cycles; fitted with an auxiliary motor, internal combustion piston engine, of cylinder capacity exceeding 50cc but not exceeding 250cc, with or without side-cars; side-cars",156,China,970937,44.84,direct
2009,871120,"Motorcycles (including mopeds) and cycles; fitted with an auxiliary motor, internal combustion piston engine, of cylinder capacity exceeding 50cc but not exceeding 250cc, with or without side-cars; side-cars",392,Japão,40703,1.88,direct
2009,871120,"Motorcycles (including mopeds) and cycles; fitted with an auxiliary motor, internal combustion piston engine, of cylinder capacity exceeding 50cc but not exceeding 250cc, with or without side-cars; side-cars",566,Nigéria,31298,1.445,direct
2009,871120,"Motorcycles (including mopeds) and cycles; fitted with an auxiliary motor, internal combustion piston engine, of cylinder capacity exceeding 50cc but not exceeding 250cc, with or without side-cars; side-cars",686,Senegal,16843,0.778,direct
2009,871120,"Motorcycles (including mopeds) and cycles; fitted with an auxiliary motor, internal combustion piston engine, of cylinder capacity exceeding 50cc but not exceeding 250cc, with or without side-cars; side-cars",528,Países Baixos,11782,0.544,direct
2009,871120,"Motorcycles (including mopeds) and cycles; fitted with an auxiliary motor, internal combustion piston engine, of cylinder capacity exceeding 50cc but not exceeding 250cc, with or without side-cars; side-cars",266,Gabão,10519,0.486,direct
2009,871120,"Motorcycles (including mopeds) and cycles; fitted with an auxiliary motor, internal combustion piston engine, of cylinder capacity exceeding 50cc but not exceeding 250cc, with or without side-cars; side-cars",784,Emirados Árabes Unidos,9891,0.457,direct
2009,999999,Commodities not specified according to kind,620,Portugal,153917,87.62,direct
2009,999999,Commodities not specified according to kind,208,Dinamarca,8646,4.922,direct
2009,999999,Commodities not specified according to kind,784,Emirados Árabes Unidos,8464,4.818,direct
2009,999999,Commodities not specified according to kind,156,China,4192,2.386,direct
2009,999999,Commodities not specified according to kind,566,Nigéria,396,0.225,direct
2009,999999,Commodities not specified according to kind,682,Arábia Saudita,49,0.028,direct
2009,020714,"Meat and edible offal; of fowls of the species Gallus domesticus, cuts and offal, frozen",76,Brasil,654809,55.279,mirror
2009,020714,"Meat and edible offal; of fowls of the species Gallus domesticus, cuts and offal, frozen",56,Bélgica,330457,27.897,mirror
2009,020714,"Meat and edible offal; of fowls of the species Gallus domesticus, cuts and offal, frozen",620,Portugal,175570,14.822,mirror
2009,020714,"Meat and edible offal; of fowls of the species Gallus domesticus, cuts and offal, frozen",528,Países Baixos,23720,2.002,mirror
2009,071333,"Vegetables, leguminous; kidney beans, including white pea beans (phaseolus vulgaris), shelled, whether or not skinned or split, dried",620,Portugal,460754,87.867,mirror
2009,071333,"Vegetables, leguminous; kidney beans, including white pea beans (phaseolus vulgaris), shelled, whether or not skinned or split, dried",231,Etiópia,32786,6.252,mirror
2009,071333,"Vegetables, leguminous; kidney beans, including white pea beans (phaseolus vulgaris), shelled, whether or not skinned or split, dried",156,China,30838,5.881,mirror
2009,100620,Arroz,620,Portugal,1092,100.0,mirror
2009,100630,Arroz,699,Índia,162990,56.767,mirror
2009,100630,Arroz,764,Tailândia,111685,38.898,mirror
2009,100630,Arroz,266,Gabão,7185,2.502,mirror
2009,100630,Arroz,620,Portugal,4289,1.494,mirror
2009,100630,Arroz,490,Taiwan (Prov. China),971,0.338,mirror
2009,110100,Wheat or meslin flour,620,Portugal,1363451,55.388,mirror
2009,110100,Wheat or meslin flour,56,Bélgica,1030627,41.868,mirror
2009,110100,Wheat or meslin flour,233,Estónia,50537,2.053,mirror
2009,110100,Wheat or meslin flour,251,França,16672,0.677,mirror
2009,110100,Wheat or meslin flour,710,África do Sul,329,0.013,mirror
2009,150790,Óleo de soja,76,Brasil,1815840,80.519,mirror
2009,150790,Óleo de soja,620,Portugal,439340,19.481,mirror
2009,160100,"Meat preparations; sausages and similar products, of meat, meat offal, blood or insects, and food preparations based on these products",620,Portugal,608035,98.906,mirror
2009,160100,"Meat preparations; sausages and similar products, of meat, meat offal, blood or insects, and food preparations based on these products",76,Brasil,6724,1.094,mirror
2009,220210,"Waters; including mineral and aerated, containing added sugar or other sweetening matter or flavoured",620,Portugal,1148406,98.896,mirror
2009,220210,"Waters; including mineral and aerated, containing added sugar or other sweetening matter or flavoured",710,África do Sul,12822,1.104,mirror
2009,220290,220290,620,Portugal,634481,95.014,mirror
2009,220290,220290,12,Argélia,29818,4.465,mirror
2009,220290,220290,764,Tailândia,3474,0.52,mirror
2009,220300,Cerveja,266,Gabão,619356,59.279,mirror
2009,220300,Cerveja,620,Portugal,314340,30.086,mirror
2009,220300,Cerveja,528,Países Baixos,72555,6.944,mirror
2009,220300,Cerveja,56,Bélgica,26950,2.579,mirror
2009,220300,Cerveja,792,Turquia,11619,1.112,mirror
2009,220421,Vinho,620,Portugal,1432368,95.273,mirror
2009,220421,Vinho,251,França,43069,2.865,mirror
2009,220421,Vinho,724,Espanha,10352,0.689,mirror
2009,220421,Vinho,32,Argentina,8064,0.536,mirror
2009,220421,Vinho,266,Gabão,5982,0.398,mirror
2009,220421,Vinho,710,África do Sul,3607,0.24,mirror
2009,220429,Vinho,620,Portugal,807667,100.0,mirror
2009,230990,"Dog or cat food; (not put up for retail sale), used in animal feeding",620,Portugal,322767,100.0,mirror
2009,252329,"Cement; portland, other than white, whether or not artificially coloured",620,Portugal,1397799,100.0,mirror
2009,271011,Combustíveis refinados,620,Portugal,1236,83.853,mirror
2009,271011,Combustíveis refinados,76,Brasil,238,16.147,mirror
2009,340119,"Soap and organic surface-active products; in the form of bars, cakes, moulded shapes, and paper, wadding, felt and nonwovens, impregnated, coated or covered with soap or detergent, not for toilet use",620,Portugal,1082545,82.945,mirror
2009,340119,"Soap and organic surface-active products; in the form of bars, cakes, moulded shapes, and paper, wadding, felt and nonwovens, impregnated, coated or covered with soap or detergent, not for toilet use",76,Brasil,218486,16.741,mirror
2009,340119,"Soap and organic surface-active products; in the form of bars, cakes, moulded shapes, and paper, wadding, felt and nonwovens, impregnated, coated or covered with soap or detergent, not for toilet use",710,África do Sul,4103,0.314,mirror
2009,630900,"Clothing; worn, and other worn articles",56,Bélgica,380282,31.797,mirror
2009,630900,"Clothing; worn, and other worn articles",276,Alemanha,275963,23.074,mirror
2009,630900,"Clothing; worn, and other worn articles",251,França,240353,20.097,mirror
2009,630900,"Clothing; worn, and other worn articles",528,Países Baixos,188363,15.75,mirror
2009,630900,"Clothing; worn, and other worn articles",620,Portugal,91011,7.61,mirror
2009,630900,"Clothing; worn, and other worn articles",842,EUA,20000,1.672,mirror
2009,850213,"Electric generating sets; with compression-ignition internal combustion piston engines (diesel or semi-diesel engines), of an output exceeding 375kVA",620,Portugal,2671172,100.0,mirror
2009,870323,Automóveis de passageiros,620,Portugal,227110,46.418,mirror
2009,870323,Automóveis de passageiros,842,EUA,177316,36.24,mirror
2009,870323,Automóveis de passageiros,276,Alemanha,36271,7.413,mirror
2009,870323,Automóveis de passageiros,56,Bélgica,19180,3.92,mirror
2009,870323,Automóveis de passageiros,410,Coreia do Sul,19146,3.913,mirror
2009,870323,Automóveis de passageiros,752,Suécia,10253,2.096,mirror
2009,870332,Automóveis de passageiros,620,Portugal,387407,94.3,mirror
2009,870332,Automóveis de passageiros,56,Bélgica,13252,3.226,mirror
2009,870332,Automóveis de passageiros,266,Gabão,10163,2.474,mirror
2009,870333,Automóveis de passageiros,620,Portugal,408936,100.0,mirror
2009,871120,"Motorcycles (including mopeds) and cycles; fitted with an auxiliary motor, internal combustion piston engine, of cylinder capacity exceeding 50cc but not exceeding 250cc, with or without side-cars; side-cars",156,China,478778,90.108,mirror
2009,871120,"Motorcycles (including mopeds) and cycles; fitted with an auxiliary motor, internal combustion piston engine, of cylinder capacity exceeding 50cc but not exceeding 250cc, with or without side-cars; side-cars",392,Japão,41809,7.869,mirror
2009,871120,"Motorcycles (including mopeds) and cycles; fitted with an auxiliary motor, internal combustion piston engine, of cylinder capacity exceeding 50cc but not exceeding 250cc, with or without side-cars; side-cars",620,Portugal,10751,2.023,mirror
2009,999999,Commodities not specified according to kind,392,Japão,3592461,50.549,mirror
2009,999999,Commodities not specified according to kind,842,EUA,3153802,44.377,mirror
2009,999999,Commodities not specified according to kind,826,Reino Unido,139819,1.967,mirror
2009,999999,Commodities not specified according to kind,276,Alemanha,70474,0.992,mirror
2009,999999,Commodities not specified according to kind,724,Espanha,64664,0.91,mirror
2009,999999,Commodities not specified according to kind,124,Canadá,28115,0.396,mirror
2009,999999,Commodities not specified according to kind,251,França,19451,0.274,mirror
2009,999999,Commodities not specified according to kind,490,Taiwan (Prov. China),9797,0.138,mirror
2010,020714,"Meat and edible offal; of fowls of the species Gallus domesticus, cuts and offal, frozen",620,Portugal,481187,56.572,direct
2010,020714,"Meat and edible offal; of fowls of the species Gallus domesticus, cuts and offal, frozen",56,Bélgica,226464,26.625,direct
2010,020714,"Meat and edible offal; of fowls of the species Gallus domesticus, cuts and offal, frozen",76,Brasil,97904,11.51,direct
2010,020714,"Meat and edible offal; of fowls of the species Gallus domesticus, cuts and offal, frozen",528,Países Baixos,28890,3.397,direct
2010,020714,"Meat and edible offal; of fowls of the species Gallus domesticus, cuts and offal, frozen",251,França,14661,1.724,direct
2010,020714,"Meat and edible offal; of fowls of the species Gallus domesticus, cuts and offal, frozen",24,Angola,1472,0.173,direct
2010,071333,"Vegetables, leguminous; kidney beans, including white pea beans (phaseolus vulgaris), shelled, whether or not skinned or split, dried",620,Portugal,525110,88.178,direct
2010,071333,"Vegetables, leguminous; kidney beans, including white pea beans (phaseolus vulgaris), shelled, whether or not skinned or split, dried",231,Etiópia,53096,8.916,direct
2010,071333,"Vegetables, leguminous; kidney beans, including white pea beans (phaseolus vulgaris), shelled, whether or not skinned or split, dried",380,Itália,17020,2.858,direct
2010,071333,"Vegetables, leguminous; kidney beans, including white pea beans (phaseolus vulgaris), shelled, whether or not skinned or split, dried",266,Gabão,108,0.018,direct
2010,071333,"Vegetables, leguminous; kidney beans, including white pea beans (phaseolus vulgaris), shelled, whether or not skinned or split, dried",120,Camarões,74,0.012,direct
2010,071333,"Vegetables, leguminous; kidney beans, including white pea beans (phaseolus vulgaris), shelled, whether or not skinned or split, dried",56,Bélgica,67,0.011,direct
2010,071333,"Vegetables, leguminous; kidney beans, including white pea beans (phaseolus vulgaris), shelled, whether or not skinned or split, dried",251,França,33,0.006,direct
2010,100620,Arroz,620,Portugal,2554975,57.114,direct
2010,100620,Arroz,392,Japão,1903104,42.542,direct
2010,100620,Arroz,434,Libya,9548,0.213,direct
2010,100620,Arroz,768,Togo,2966,0.066,direct
2010,100620,Arroz,784,Emirados Árabes Unidos,1506,0.034,direct
2010,100620,Arroz,251,França,487,0.011,direct
2010,100620,Arroz,44,Bahamas,370,0.008,direct
2010,100620,Arroz,56,Bélgica,266,0.006,direct
2010,100630,Arroz,392,Japão,6849,63.973,direct
2010,100630,Arroz,620,Portugal,3007,28.087,direct
2010,100630,Arroz,266,Gabão,765,7.146,direct
2010,100630,Arroz,528,Países Baixos,44,0.411,direct
2010,100630,Arroz,490,Taiwan (Prov. China),22,0.205,direct
2010,100630,Arroz,56,Bélgica,19,0.177,direct
2010,110100,Wheat or meslin flour,620,Portugal,2729235,78.631,direct
2010,110100,Wheat or meslin flour,56,Bélgica,653739,18.835,direct
2010,110100,Wheat or meslin flour,276,Alemanha,39247,1.131,direct
2010,110100,Wheat or meslin flour,144,Sri Lanka,36521,1.052,direct
2010,110100,Wheat or meslin flour,757,Suíça,11943,0.344,direct
2010,110100,Wheat or meslin flour,251,França,204,0.006,direct
2010,110100,Wheat or meslin flour,44,Bahamas,41,0.001,direct
2010,150790,Óleo de soja,620,Portugal,1781319,83.696,direct
2010,150790,Óleo de soja,360,Indonésia,151751,7.13,direct
2010,150790,Óleo de soja,56,Bélgica,87493,4.111,direct
2010,150790,Óleo de soja,422,Líbano,86656,4.072,direct
2010,150790,Óleo de soja,44,Bahamas,21102,0.991,direct
2010,160100,"Meat preparations; sausages and similar products, of meat, meat offal, blood or insects, and food preparations based on these products",620,Portugal,625563,89.355,direct
2010,160100,"Meat preparations; sausages and similar products, of meat, meat offal, blood or insects, and food preparations based on these products",76,Brasil,26490,3.784,direct
2010,160100,"Meat preparations; sausages and similar products, of meat, meat offal, blood or insects, and food preparations based on these products",422,Líbano,24560,3.508,direct
2010,160100,"Meat preparations; sausages and similar products, of meat, meat offal, blood or insects, and food preparations based on these products",784,Emirados Árabes Unidos,16897,2.414,direct
2010,160100,"Meat preparations; sausages and similar products, of meat, meat offal, blood or insects, and food preparations based on these products",56,Bélgica,6344,0.906,direct
2010,160100,"Meat preparations; sausages and similar products, of meat, meat offal, blood or insects, and food preparations based on these products",251,França,232,0.033,direct
2010,170111,Açúcar de cana ou de beterraba,620,Portugal,481133,85.463,direct
2010,170111,Açúcar de cana ou de beterraba,266,Gabão,68362,12.143,direct
2010,170111,Açúcar de cana ou de beterraba,380,Itália,13077,2.323,direct
2010,170111,Açúcar de cana ou de beterraba,251,França,194,0.034,direct
2010,170111,Açúcar de cana ou de beterraba,528,Países Baixos,163,0.029,direct
2010,170111,Açúcar de cana ou de beterraba,56,Bélgica,40,0.007,direct
2010,220210,"Waters; including mineral and aerated, containing added sugar or other sweetening matter or flavoured",620,Portugal,1644770,98.651,direct
2010,220210,"Waters; including mineral and aerated, containing added sugar or other sweetening matter or flavoured",56,Bélgica,19933,1.196,direct
2010,220210,"Waters; including mineral and aerated, containing added sugar or other sweetening matter or flavoured",784,Emirados Árabes Unidos,1123,0.067,direct
2010,220210,"Waters; including mineral and aerated, containing added sugar or other sweetening matter or flavoured",251,França,1045,0.063,direct
2010,220210,"Waters; including mineral and aerated, containing added sugar or other sweetening matter or flavoured",528,Países Baixos,274,0.016,direct
2010,220210,"Waters; including mineral and aerated, containing added sugar or other sweetening matter or flavoured",490,Taiwan (Prov. China),111,0.007,direct
2010,220290,220290,620,Portugal,838844,93.469,direct
2010,220290,220290,44,Bahamas,26487,2.951,direct
2010,220290,220290,380,Itália,22052,2.457,direct
2010,220290,220290,784,Emirados Árabes Unidos,5009,0.558,direct
2010,220290,220290,251,França,4990,0.556,direct
2010,220290,220290,56,Bélgica,79,0.009,direct
2010,220300,Cerveja,620,Portugal,1713517,86.815,direct
2010,220300,Cerveja,56,Bélgica,168750,8.55,direct
2010,220300,Cerveja,266,Gabão,90403,4.58,direct
2010,220300,Cerveja,251,França,1093,0.055,direct
2010,220421,Vinho,620,Portugal,2599780,98.477,direct
2010,220421,Vinho,56,Bélgica,16455,0.623,direct
2010,220421,Vinho,44,Bahamas,15889,0.602,direct
2010,220421,Vinho,251,França,6447,0.244,direct
2010,220421,Vinho,784,Emirados Árabes Unidos,1428,0.054,direct
2010,220429,Vinho,620,Portugal,1982437,99.99,direct
2010,220429,Vinho,24,Angola,205,0.01,direct
2010,230990,"Dog or cat food; (not put up for retail sale), used in animal feeding",620,Portugal,448415,91.413,direct
2010,230990,"Dog or cat food; (not put up for retail sale), used in animal feeding",899,"Areas, nes",38724,7.894,direct
2010,230990,"Dog or cat food; (not put up for retail sale), used in animal feeding",251,França,3273,0.667,direct
2010,230990,"Dog or cat food; (not put up for retail sale), used in animal feeding",56,Bélgica,124,0.025,direct
2010,252329,"Cement; portland, other than white, whether or not artificially coloured",620,Portugal,3678056,95.69,direct
2010,252329,"Cement; portland, other than white, whether or not artificially coloured",784,Emirados Árabes Unidos,101871,2.65,direct
2010,252329,"Cement; portland, other than white, whether or not artificially coloured",899,"Areas, nes",58299,1.517,direct
2010,252329,"Cement; portland, other than white, whether or not artificially coloured",24,Angola,5498,0.143,direct
2010,271000,Combustíveis refinados,24,Angola,16569286,93.872,direct
2010,271000,Combustíveis refinados,266,Gabão,564280,3.197,direct
2010,271000,Combustíveis refinados,620,Portugal,486493,2.756,direct
2010,271000,Combustíveis refinados,784,Emirados Árabes Unidos,20138,0.114,direct
2010,271000,Combustíveis refinados,156,China,3856,0.022,direct
2010,271000,Combustíveis refinados,56,Bélgica,3308,0.019,direct
2010,271000,Combustíveis refinados,44,Bahamas,3175,0.018,direct
2010,271000,Combustíveis refinados,490,Taiwan (Prov. China),362,0.002,direct
2010,340119,"Soap and organic surface-active products; in the form of bars, cakes, moulded shapes, and paper, wadding, felt and nonwovens, impregnated, coated or covered with soap or detergent, not for toilet use",620,Portugal,568197,95.14,direct
2010,340119,"Soap and organic surface-active products; in the form of bars, cakes, moulded shapes, and paper, wadding, felt and nonwovens, impregnated, coated or covered with soap or detergent, not for toilet use",56,Bélgica,13081,2.19,direct
2010,340119,"Soap and organic surface-active products; in the form of bars, cakes, moulded shapes, and paper, wadding, felt and nonwovens, impregnated, coated or covered with soap or detergent, not for toilet use",156,China,7905,1.324,direct
2010,340119,"Soap and organic surface-active products; in the form of bars, cakes, moulded shapes, and paper, wadding, felt and nonwovens, impregnated, coated or covered with soap or detergent, not for toilet use",784,Emirados Árabes Unidos,6136,1.027,direct
2010,340119,"Soap and organic surface-active products; in the form of bars, cakes, moulded shapes, and paper, wadding, felt and nonwovens, impregnated, coated or covered with soap or detergent, not for toilet use",251,França,1033,0.173,direct
2010,340119,"Soap and organic surface-active products; in the form of bars, cakes, moulded shapes, and paper, wadding, felt and nonwovens, impregnated, coated or covered with soap or detergent, not for toilet use",768,Togo,381,0.064,direct
2010,340119,"Soap and organic surface-active products; in the form of bars, cakes, moulded shapes, and paper, wadding, felt and nonwovens, impregnated, coated or covered with soap or detergent, not for toilet use",76,Brasil,307,0.051,direct
2010,340119,"Soap and organic surface-active products; in the form of bars, cakes, moulded shapes, and paper, wadding, felt and nonwovens, impregnated, coated or covered with soap or detergent, not for toilet use",899,"Areas, nes",169,0.028,direct
2010,630900,"Clothing; worn, and other worn articles",56,Bélgica,399662,56.242,direct
2010,630900,"Clothing; worn, and other worn articles",620,Portugal,254041,35.75,direct
2010,630900,"Clothing; worn, and other worn articles",784,Emirados Árabes Unidos,10110,1.423,direct
2010,630900,"Clothing; worn, and other worn articles",899,"Areas, nes",10060,1.416,direct
2010,630900,"Clothing; worn, and other worn articles",528,Países Baixos,8553,1.204,direct
2010,630900,"Clothing; worn, and other worn articles",842,EUA,7948,1.118,direct
2010,630900,"Clothing; worn, and other worn articles",124,Canadá,6848,0.964,direct
2010,630900,"Clothing; worn, and other worn articles",380,Itália,6780,0.954,direct
2010,850213,"Electric generating sets; with compression-ignition internal combustion piston engines (diesel or semi-diesel engines), of an output exceeding 375kVA",620,Portugal,32232,100.0,direct
2010,870323,Automóveis de passageiros,266,Gabão,1452471,49.547,direct
2010,870323,Automóveis de passageiros,620,Portugal,1272429,43.405,direct
2010,870323,Automóveis de passageiros,392,Japão,102252,3.488,direct
2010,870323,Automóveis de passageiros,784,Emirados Árabes Unidos,68411,2.334,direct
2010,870323,Automóveis de passageiros,56,Bélgica,27320,0.932,direct
2010,870323,Automóveis de passageiros,682,Arábia Saudita,6163,0.21,direct
2010,870323,Automóveis de passageiros,826,Reino Unido,2470,0.084,direct
2010,870332,Automóveis de passageiros,620,Portugal,242066,76.665,direct
2010,870332,Automóveis de passageiros,56,Bélgica,59712,18.911,direct
2010,870332,Automóveis de passageiros,392,Japão,8758,2.774,direct
2010,870332,Automóveis de passageiros,124,Canadá,2783,0.881,direct
2010,870332,Automóveis de passageiros,266,Gabão,2428,0.769,direct
2010,870333,Automóveis de passageiros,266,Gabão,1319460,76.24,direct
2010,870333,Automóveis de passageiros,620,Portugal,192712,11.135,direct
2010,870333,Automóveis de passageiros,392,Japão,72853,4.21,direct
2010,870333,Automóveis de passageiros,528,Países Baixos,68352,3.949,direct
2010,870333,Automóveis de passageiros,899,"Areas, nes",42039,2.429,direct
2010,870333,Automóveis de passageiros,842,EUA,35245,2.037,direct
2010,871120,"Motorcycles (including mopeds) and cycles; fitted with an auxiliary motor, internal combustion piston engine, of cylinder capacity exceeding 50cc but not exceeding 250cc, with or without side-cars; side-cars",156,China,1511580,44.703,direct
2010,871120,"Motorcycles (including mopeds) and cycles; fitted with an auxiliary motor, internal combustion piston engine, of cylinder capacity exceeding 50cc but not exceeding 250cc, with or without side-cars; side-cars",620,Portugal,1183870,35.012,direct
2010,871120,"Motorcycles (including mopeds) and cycles; fitted with an auxiliary motor, internal combustion piston engine, of cylinder capacity exceeding 50cc but not exceeding 250cc, with or without side-cars; side-cars",266,Gabão,353687,10.46,direct
2010,871120,"Motorcycles (including mopeds) and cycles; fitted with an auxiliary motor, internal combustion piston engine, of cylinder capacity exceeding 50cc but not exceeding 250cc, with or without side-cars; side-cars",392,Japão,151035,4.467,direct
2010,871120,"Motorcycles (including mopeds) and cycles; fitted with an auxiliary motor, internal combustion piston engine, of cylinder capacity exceeding 50cc but not exceeding 250cc, with or without side-cars; side-cars",566,Nigéria,64382,1.904,direct
2010,871120,"Motorcycles (including mopeds) and cycles; fitted with an auxiliary motor, internal combustion piston engine, of cylinder capacity exceeding 50cc but not exceeding 250cc, with or without side-cars; side-cars",528,Países Baixos,64175,1.898,direct
2010,871120,"Motorcycles (including mopeds) and cycles; fitted with an auxiliary motor, internal combustion piston engine, of cylinder capacity exceeding 50cc but not exceeding 250cc, with or without side-cars; side-cars",682,Arábia Saudita,13710,0.405,direct
2010,871120,"Motorcycles (including mopeds) and cycles; fitted with an auxiliary motor, internal combustion piston engine, of cylinder capacity exceeding 50cc but not exceeding 250cc, with or without side-cars; side-cars",899,"Areas, nes",10046,0.297,direct
2010,999999,Commodities not specified according to kind,620,Portugal,191240,74.205,direct
2010,999999,Commodities not specified according to kind,784,Emirados Árabes Unidos,27032,10.489,direct
2010,999999,Commodities not specified according to kind,360,Indonésia,19453,7.548,direct
2010,999999,Commodities not specified according to kind,899,"Areas, nes",8497,3.297,direct
2010,999999,Commodities not specified according to kind,156,China,4523,1.755,direct
2010,999999,Commodities not specified according to kind,56,Bélgica,3144,1.22,direct
2010,999999,Commodities not specified according to kind,208,Dinamarca,2217,0.86,direct
2010,999999,Commodities not specified according to kind,251,França,824,0.32,direct
2010,020714,"Meat and edible offal; of fowls of the species Gallus domesticus, cuts and offal, frozen",620,Portugal,432922,34.283,mirror
2010,020714,"Meat and edible offal; of fowls of the species Gallus domesticus, cuts and offal, frozen",56,Bélgica,317392,25.134,mirror
2010,020714,"Meat and edible offal; of fowls of the species Gallus domesticus, cuts and offal, frozen",76,Brasil,305802,24.216,mirror
2010,020714,"Meat and edible offal; of fowls of the species Gallus domesticus, cuts and offal, frozen",251,França,151114,11.967,mirror
2010,020714,"Meat and edible offal; of fowls of the species Gallus domesticus, cuts and offal, frozen",616,Polónia,30361,2.404,mirror
2010,020714,"Meat and edible offal; of fowls of the species Gallus domesticus, cuts and offal, frozen",528,Países Baixos,25200,1.996,mirror
2010,071333,"Vegetables, leguminous; kidney beans, including white pea beans (phaseolus vulgaris), shelled, whether or not skinned or split, dried",620,Portugal,284709,100.0,mirror
2010,100630,Arroz,620,Portugal,6666,99.064,mirror
2010,100630,Arroz,490,Taiwan (Prov. China),63,0.936,mirror
2010,110100,Wheat or meslin flour,620,Portugal,1553208,60.519,mirror
2010,110100,Wheat or meslin flour,56,Bélgica,1013278,39.481,mirror
2010,150790,Óleo de soja,620,Portugal,2059133,100.0,mirror
2010,160100,"Meat preparations; sausages and similar products, of meat, meat offal, blood or insects, and food preparations based on these products",620,Portugal,757256,99.651,mirror
2010,160100,"Meat preparations; sausages and similar products, of meat, meat offal, blood or insects, and food preparations based on these products",251,França,2651,0.349,mirror
2010,220210,"Waters; including mineral and aerated, containing added sugar or other sweetening matter or flavoured",620,Portugal,421586,99.731,mirror
2010,220210,"Waters; including mineral and aerated, containing added sugar or other sweetening matter or flavoured",710,África do Sul,1135,0.269,mirror
2010,220290,220290,620,Portugal,1649694,83.521,mirror
2010,220290,220290,12,Argélia,105352,5.334,mirror
2010,220290,220290,724,Espanha,98991,5.012,mirror
2010,220290,220290,266,Gabão,80444,4.073,mirror
2010,220290,220290,422,Líbano,24713,1.251,mirror
2010,220290,220290,288,Gana,14675,0.743,mirror
2010,220290,220290,251,França,1326,0.067,mirror
2010,220300,Cerveja,266,Gabão,884161,46.661,mirror
2010,220300,Cerveja,620,Portugal,721943,38.1,mirror
2010,220300,Cerveja,56,Bélgica,155487,8.206,mirror
2010,220300,Cerveja,724,Espanha,84150,4.441,mirror
2010,220300,Cerveja,528,Países Baixos,45095,2.38,mirror
2010,220300,Cerveja,710,África do Sul,4030,0.213,mirror
2010,220421,Vinho,620,Portugal,2473177,99.045,mirror
2010,220421,Vinho,266,Gabão,16999,0.681,mirror
2010,220421,Vinho,251,França,6628,0.265,mirror
2010,220421,Vinho,710,África do Sul,228,0.009,mirror
2010,220429,Vinho,620,Portugal,1079662,100.0,mirror
2010,230990,"Dog or cat food; (not put up for retail sale), used in animal feeding",620,Portugal,352711,100.0,mirror
2010,252329,"Cement; portland, other than white, whether or not artificially coloured",620,Portugal,2087054,100.0,mirror
2010,271011,Combustíveis refinados,620,Portugal,811,69.854,mirror
2010,271011,Combustíveis refinados,76,Brasil,350,30.146,mirror
2010,340119,"Soap and organic surface-active products; in the form of bars, cakes, moulded shapes, and paper, wadding, felt and nonwovens, impregnated, coated or covered with soap or detergent, not for toilet use",620,Portugal,1044760,98.115,mirror
2010,340119,"Soap and organic surface-active products; in the form of bars, cakes, moulded shapes, and paper, wadding, felt and nonwovens, impregnated, coated or covered with soap or detergent, not for toilet use",699,Índia,20075,1.885,mirror
2010,630900,"Clothing; worn, and other worn articles",528,Países Baixos,428399,32.543,mirror
2010,630900,"Clothing; worn, and other worn articles",56,Bélgica,381298,28.965,mirror
2010,630900,"Clothing; worn, and other worn articles",276,Alemanha,254630,19.343,mirror
2010,630900,"Clothing; worn, and other worn articles",251,França,139184,10.573,mirror
2010,630900,"Clothing; worn, and other worn articles",620,Portugal,65033,4.94,mirror
2010,630900,"Clothing; worn, and other worn articles",842,EUA,43117,3.275,mirror
2010,630900,"Clothing; worn, and other worn articles",826,Reino Unido,4038,0.307,mirror
2010,630900,"Clothing; worn, and other worn articles",120,Camarões,608,0.046,mirror
2010,850213,"Electric generating sets; with compression-ignition internal combustion piston engines (diesel or semi-diesel engines), of an output exceeding 375kVA",620,Portugal,122790,100.0,mirror
2010,870323,Automóveis de passageiros,842,EUA,324244,48.087,mirror
2010,870323,Automóveis de passageiros,620,Portugal,253140,37.542,mirror
2010,870323,Automóveis de passageiros,528,Países Baixos,63663,9.442,mirror
2010,870323,Automóveis de passageiros,56,Bélgica,13193,1.957,mirror
2010,870323,Automóveis de passageiros,276,Alemanha,12457,1.847,mirror
2010,870323,Automóveis de passageiros,266,Gabão,4801,0.712,mirror
2010,870323,Automóveis de passageiros,752,Suécia,2784,0.413,mirror
2010,870332,Automóveis de passageiros,620,Portugal,575914,87.185,mirror
2010,870332,Automóveis de passageiros,56,Bélgica,56817,8.601,mirror
2010,870332,Automóveis de passageiros,251,França,27837,4.214,mirror
2010,870333,Automóveis de passageiros,620,Portugal,200477,69.387,mirror
2010,870333,Automóveis de passageiros,392,Japão,80416,27.833,mirror
2010,870333,Automóveis de passageiros,120,Camarões,4054,1.403,mirror
2010,870333,Automóveis de passageiros,528,Países Baixos,3979,1.377,mirror
2010,871120,"Motorcycles (including mopeds) and cycles; fitted with an auxiliary motor, internal combustion piston engine, of cylinder capacity exceeding 50cc but not exceeding 250cc, with or without side-cars; side-cars",156,China,542305,79.203,mirror
2010,871120,"Motorcycles (including mopeds) and cycles; fitted with an auxiliary motor, internal combustion piston engine, of cylinder capacity exceeding 50cc but not exceeding 250cc, with or without side-cars; side-cars",392,Japão,108134,15.793,mirror
2010,871120,"Motorcycles (including mopeds) and cycles; fitted with an auxiliary motor, internal combustion piston engine, of cylinder capacity exceeding 50cc but not exceeding 250cc, with or without side-cars; side-cars",699,Índia,14376,2.1,mirror
2010,871120,"Motorcycles (including mopeds) and cycles; fitted with an auxiliary motor, internal combustion piston engine, of cylinder capacity exceeding 50cc but not exceeding 250cc, with or without side-cars; side-cars",620,Portugal,10011,1.462,mirror
2010,871120,"Motorcycles (including mopeds) and cycles; fitted with an auxiliary motor, internal combustion piston engine, of cylinder capacity exceeding 50cc but not exceeding 250cc, with or without side-cars; side-cars",56,Bélgica,6676,0.975,mirror
2010,871120,"Motorcycles (including mopeds) and cycles; fitted with an auxiliary motor, internal combustion piston engine, of cylinder capacity exceeding 50cc but not exceeding 250cc, with or without side-cars; side-cars",752,Suécia,3201,0.468,mirror
2010,999999,Commodities not specified according to kind,392,Japão,1794999,83.723,mirror
2010,999999,Commodities not specified according to kind,842,EUA,93528,4.362,mirror
2010,999999,Commodities not specified according to kind,608,Filipinas,85000,3.965,mirror
2010,999999,Commodities not specified according to kind,724,Espanha,55511,2.589,mirror
2010,999999,Commodities not specified according to kind,276,Alemanha,55088,2.569,mirror
2010,999999,Commodities not specified according to kind,620,Portugal,14336,0.669,mirror
2010,999999,Commodities not specified according to kind,251,França,13256,0.618,mirror
2010,999999,Commodities not specified according to kind,458,Malásia,12437,0.58,mirror
2011,020714,"Meat and edible offal; of fowls of the species Gallus domesticus, cuts and offal, frozen",620,Portugal,445996,53.715,direct
2011,020714,"Meat and edible offal; of fowls of the species Gallus domesticus, cuts and offal, frozen",56,Bélgica,275104,33.133,direct
2011,020714,"Meat and edible offal; of fowls of the species Gallus domesticus, cuts and offal, frozen",76,Brasil,87695,10.562,direct
2011,020714,"Meat and edible offal; of fowls of the species Gallus domesticus, cuts and offal, frozen",208,Dinamarca,16748,2.017,direct
2011,020714,"Meat and edible offal; of fowls of the species Gallus domesticus, cuts and offal, frozen",842,EUA,4752,0.572,direct
2011,071333,"Vegetables, leguminous; kidney beans, including white pea beans (phaseolus vulgaris), shelled, whether or not skinned or split, dried",620,Portugal,881830,90.71,direct
2011,071333,"Vegetables, leguminous; kidney beans, including white pea beans (phaseolus vulgaris), shelled, whether or not skinned or split, dried",380,Itália,89989,9.257,direct
2011,071333,"Vegetables, leguminous; kidney beans, including white pea beans (phaseolus vulgaris), shelled, whether or not skinned or split, dried",566,Nigéria,133,0.014,direct
2011,071333,"Vegetables, leguminous; kidney beans, including white pea beans (phaseolus vulgaris), shelled, whether or not skinned or split, dried",251,França,119,0.012,direct
2011,071333,"Vegetables, leguminous; kidney beans, including white pea beans (phaseolus vulgaris), shelled, whether or not skinned or split, dried",266,Gabão,71,0.007,direct
2011,100620,Arroz,392,Japão,3225083,52.232,direct
2011,100620,Arroz,764,Tailândia,1491432,24.155,direct
2011,100620,Arroz,586,Paquistão,882121,14.287,direct
2011,100620,Arroz,699,Índia,298540,4.835,direct
2011,100620,Arroz,768,Togo,234200,3.793,direct
2011,100620,Arroz,620,Portugal,31680,0.513,direct
2011,100620,Arroz,724,Espanha,10298,0.167,direct
2011,100620,Arroz,566,Nigéria,400,0.006,direct
2011,100630,Arroz,620,Portugal,27210,51.468,direct
2011,100630,Arroz,266,Gabão,25237,47.736,direct
2011,100630,Arroz,768,Togo,398,0.753,direct
2011,100630,Arroz,56,Bélgica,23,0.044,direct
2011,110100,Wheat or meslin flour,620,Portugal,3491288,90.835,direct
2011,110100,Wheat or meslin flour,56,Bélgica,340445,8.858,direct
2011,110100,Wheat or meslin flour,724,Espanha,6795,0.177,direct
2011,110100,Wheat or meslin flour,528,Países Baixos,4751,0.124,direct
2011,110100,Wheat or meslin flour,566,Nigéria,173,0.005,direct
2011,110100,Wheat or meslin flour,251,França,97,0.003,direct
2011,150790,Óleo de soja,620,Portugal,2385194,74.548,direct
2011,150790,Óleo de soja,504,Marrocos,532755,16.651,direct
2011,150790,Óleo de soja,360,Indonésia,137361,4.293,direct
2011,150790,Óleo de soja,422,Líbano,104147,3.255,direct
2011,150790,Óleo de soja,56,Bélgica,39995,1.25,direct
2011,150790,Óleo de soja,156,China,77,0.002,direct
2011,160100,"Meat preparations; sausages and similar products, of meat, meat offal, blood or insects, and food preparations based on these products",620,Portugal,775192,97.477,direct
2011,160100,"Meat preparations; sausages and similar products, of meat, meat offal, blood or insects, and food preparations based on these products",784,Emirados Árabes Unidos,19417,2.442,direct
2011,160100,"Meat preparations; sausages and similar products, of meat, meat offal, blood or insects, and food preparations based on these products",528,Países Baixos,613,0.077,direct
2011,160100,"Meat preparations; sausages and similar products, of meat, meat offal, blood or insects, and food preparations based on these products",266,Gabão,36,0.005,direct
2011,170111,Açúcar de cana ou de beterraba,620,Portugal,942175,50.17,direct
2011,170111,Açúcar de cana ou de beterraba,76,Brasil,457478,24.36,direct
2011,170111,Açúcar de cana ou de beterraba,699,Índia,272870,14.53,direct
2011,170111,Açúcar de cana ou de beterraba,768,Togo,149465,7.959,direct
2011,170111,Açúcar de cana ou de beterraba,528,Países Baixos,46471,2.475,direct
2011,170111,Açúcar de cana ou de beterraba,266,Gabão,9301,0.495,direct
2011,170111,Açúcar de cana ou de beterraba,56,Bélgica,113,0.006,direct
2011,170111,Açúcar de cana ou de beterraba,251,França,84,0.004,direct
2011,220210,"Waters; including mineral and aerated, containing added sugar or other sweetening matter or flavoured",620,Portugal,932005,82.495,direct
2011,220210,"Waters; including mineral and aerated, containing added sugar or other sweetening matter or flavoured",12,Argélia,194508,17.217,direct
2011,220210,"Waters; including mineral and aerated, containing added sugar or other sweetening matter or flavoured",251,França,2614,0.231,direct
2011,220210,"Waters; including mineral and aerated, containing added sugar or other sweetening matter or flavoured",566,Nigéria,380,0.034,direct
2011,220210,"Waters; including mineral and aerated, containing added sugar or other sweetening matter or flavoured",784,Emirados Árabes Unidos,267,0.024,direct
2011,220290,220290,620,Portugal,1345638,99.835,direct
2011,220290,220290,784,Emirados Árabes Unidos,1840,0.137,direct
2011,220290,220290,56,Bélgica,210,0.016,direct
2011,220290,220290,528,Países Baixos,174,0.013,direct
2011,220300,Cerveja,620,Portugal,1802482,91.441,direct
2011,220300,Cerveja,266,Gabão,75237,3.817,direct
2011,220300,Cerveja,56,Bélgica,71903,3.648,direct
2011,220300,Cerveja,724,Espanha,14964,0.759,direct
2011,220300,Cerveja,528,Países Baixos,6353,0.322,direct
2011,220300,Cerveja,251,França,267,0.014,direct
2011,220421,Vinho,620,Portugal,3374013,99.874,direct
2011,220421,Vinho,56,Bélgica,1823,0.054,direct
2011,220421,Vinho,251,França,1622,0.048,direct
2011,220421,Vinho,710,África do Sul,810,0.024,direct
2011,220429,Vinho,620,Portugal,1748004,99.917,direct
2011,220429,Vinho,251,França,1449,0.083,direct
2011,230990,"Dog or cat food; (not put up for retail sale), used in animal feeding",620,Portugal,778124,100.0,direct
2011,252329,"Cement; portland, other than white, whether or not artificially coloured",620,Portugal,1374792,99.061,direct
2011,252329,"Cement; portland, other than white, whether or not artificially coloured",586,Paquistão,13027,0.939,direct
2011,271011,Combustíveis refinados,24,Angola,14110084,71.288,direct
2011,271011,Combustíveis refinados,531,Curaçao,2633485,13.305,direct
2011,271011,Combustíveis refinados,842,EUA,2195062,11.09,direct
2011,271011,Combustíveis refinados,620,Portugal,798728,4.035,direct
2011,271011,Combustíveis refinados,784,Emirados Árabes Unidos,38827,0.196,direct
2011,271011,Combustíveis refinados,56,Bélgica,10143,0.051,direct
2011,271011,Combustíveis refinados,251,França,3325,0.017,direct
2011,271011,Combustíveis refinados,566,Nigéria,2000,0.01,direct
2011,340119,"Soap and organic surface-active products; in the form of bars, cakes, moulded shapes, and paper, wadding, felt and nonwovens, impregnated, coated or covered with soap or detergent, not for toilet use",620,Portugal,858382,99.722,direct
2011,340119,"Soap and organic surface-active products; in the form of bars, cakes, moulded shapes, and paper, wadding, felt and nonwovens, impregnated, coated or covered with soap or detergent, not for toilet use",784,Emirados Árabes Unidos,1440,0.167,direct
2011,340119,"Soap and organic surface-active products; in the form of bars, cakes, moulded shapes, and paper, wadding, felt and nonwovens, impregnated, coated or covered with soap or detergent, not for toilet use",251,França,565,0.066,direct
2011,340119,"Soap and organic surface-active products; in the form of bars, cakes, moulded shapes, and paper, wadding, felt and nonwovens, impregnated, coated or covered with soap or detergent, not for toilet use",768,Togo,210,0.024,direct
2011,340119,"Soap and organic surface-active products; in the form of bars, cakes, moulded shapes, and paper, wadding, felt and nonwovens, impregnated, coated or covered with soap or detergent, not for toilet use",56,Bélgica,160,0.019,direct
2011,340119,"Soap and organic surface-active products; in the form of bars, cakes, moulded shapes, and paper, wadding, felt and nonwovens, impregnated, coated or covered with soap or detergent, not for toilet use",24,Angola,20,0.002,direct
2011,630900,"Clothing; worn, and other worn articles",620,Portugal,353962,41.907,direct
2011,630900,"Clothing; worn, and other worn articles",56,Bélgica,265803,31.469,direct
2011,630900,"Clothing; worn, and other worn articles",528,Países Baixos,139901,16.563,direct
2011,630900,"Clothing; worn, and other worn articles",276,Alemanha,25897,3.066,direct
2011,630900,"Clothing; worn, and other worn articles",562,Niger,13166,1.559,direct
2011,630900,"Clothing; worn, and other worn articles",124,Canadá,12338,1.461,direct
2011,630900,"Clothing; worn, and other worn articles",251,França,12330,1.46,direct
2011,630900,"Clothing; worn, and other worn articles",784,Emirados Árabes Unidos,11573,1.37,direct
2011,870323,Automóveis de passageiros,620,Portugal,1199350,81.546,direct
2011,870323,Automóveis de passageiros,56,Bélgica,79116,5.379,direct
2011,870323,Automóveis de passageiros,266,Gabão,53713,3.652,direct
2011,870323,Automóveis de passageiros,422,Líbano,29920,2.034,direct
2011,870323,Automóveis de passageiros,392,Japão,26336,1.791,direct
2011,870323,Automóveis de passageiros,156,China,22931,1.559,direct
2011,870323,Automóveis de passageiros,24,Angola,19933,1.355,direct
2011,870323,Automóveis de passageiros,784,Emirados Árabes Unidos,19085,1.298,direct
2011,870332,Automóveis de passageiros,620,Portugal,673288,82.932,direct
2011,870332,Automóveis de passageiros,266,Gabão,53165,6.549,direct
2011,870332,Automóveis de passageiros,392,Japão,43430,5.349,direct
2011,870332,Automóveis de passageiros,276,Alemanha,31310,3.857,direct
2011,870332,Automóveis de passageiros,56,Bélgica,6503,0.801,direct
2011,870332,Automóveis de passageiros,566,Nigéria,4163,0.513,direct
2011,870333,Automóveis de passageiros,266,Gabão,938928,71.098,direct
2011,870333,Automóveis de passageiros,620,Portugal,237748,18.003,direct
2011,870333,Automóveis de passageiros,276,Alemanha,54282,4.11,direct
2011,870333,Automóveis de passageiros,784,Emirados Árabes Unidos,47521,3.598,direct
2011,870333,Automóveis de passageiros,392,Japão,36963,2.799,direct
2011,870333,Automóveis de passageiros,768,Togo,5167,0.391,direct
2011,871120,"Motorcycles (including mopeds) and cycles; fitted with an auxiliary motor, internal combustion piston engine, of cylinder capacity exceeding 50cc but not exceeding 250cc, with or without side-cars; side-cars",620,Portugal,1330850,61.299,direct
2011,871120,"Motorcycles (including mopeds) and cycles; fitted with an auxiliary motor, internal combustion piston engine, of cylinder capacity exceeding 50cc but not exceeding 250cc, with or without side-cars; side-cars",156,China,791540,36.458,direct
2011,871120,"Motorcycles (including mopeds) and cycles; fitted with an auxiliary motor, internal combustion piston engine, of cylinder capacity exceeding 50cc but not exceeding 250cc, with or without side-cars; side-cars",276,Alemanha,12980,0.598,direct
2011,871120,"Motorcycles (including mopeds) and cycles; fitted with an auxiliary motor, internal combustion piston engine, of cylinder capacity exceeding 50cc but not exceeding 250cc, with or without side-cars; side-cars",56,Bélgica,8993,0.414,direct
2011,871120,"Motorcycles (including mopeds) and cycles; fitted with an auxiliary motor, internal combustion piston engine, of cylinder capacity exceeding 50cc but not exceeding 250cc, with or without side-cars; side-cars",24,Angola,7047,0.325,direct
2011,871120,"Motorcycles (including mopeds) and cycles; fitted with an auxiliary motor, internal combustion piston engine, of cylinder capacity exceeding 50cc but not exceeding 250cc, with or without side-cars; side-cars",266,Gabão,7044,0.324,direct
2011,871120,"Motorcycles (including mopeds) and cycles; fitted with an auxiliary motor, internal combustion piston engine, of cylinder capacity exceeding 50cc but not exceeding 250cc, with or without side-cars; side-cars",768,Togo,7044,0.324,direct
2011,871120,"Motorcycles (including mopeds) and cycles; fitted with an auxiliary motor, internal combustion piston engine, of cylinder capacity exceeding 50cc but not exceeding 250cc, with or without side-cars; side-cars",392,Japão,3592,0.165,direct
2011,999999,Commodities not specified according to kind,620,Portugal,138070,65.361,direct
2011,999999,Commodities not specified according to kind,826,Reino Unido,32836,15.544,direct
2011,999999,Commodities not specified according to kind,360,Indonésia,24982,11.826,direct
2011,999999,Commodities not specified according to kind,784,Emirados Árabes Unidos,11887,5.627,direct
2011,999999,Commodities not specified according to kind,56,Bélgica,1725,0.817,direct
2011,999999,Commodities not specified according to kind,528,Países Baixos,863,0.409,direct
2011,999999,Commodities not specified according to kind,266,Gabão,820,0.388,direct
2011,999999,Commodities not specified according to kind,24,Angola,57,0.027,direct
2011,020714,"Meat and edible offal; of fowls of the species Gallus domesticus, cuts and offal, frozen",56,Bélgica,511230,43.671,mirror
2011,020714,"Meat and edible offal; of fowls of the species Gallus domesticus, cuts and offal, frozen",620,Portugal,363479,31.05,mirror
2011,020714,"Meat and edible offal; of fowls of the species Gallus domesticus, cuts and offal, frozen",251,França,80664,6.891,mirror
2011,020714,"Meat and edible offal; of fowls of the species Gallus domesticus, cuts and offal, frozen",616,Polónia,63429,5.418,mirror
2011,020714,"Meat and edible offal; of fowls of the species Gallus domesticus, cuts and offal, frozen",76,Brasil,49753,4.25,mirror
2011,020714,"Meat and edible offal; of fowls of the species Gallus domesticus, cuts and offal, frozen",528,Países Baixos,35346,3.019,mirror
2011,020714,"Meat and edible offal; of fowls of the species Gallus domesticus, cuts and offal, frozen",826,Reino Unido,33342,2.848,mirror
2011,020714,"Meat and edible offal; of fowls of the species Gallus domesticus, cuts and offal, frozen",203,Chéquia,19196,1.64,mirror
2011,071333,"Vegetables, leguminous; kidney beans, including white pea beans (phaseolus vulgaris), shelled, whether or not skinned or split, dried",620,Portugal,800382,100.0,mirror
2011,100620,Arroz,620,Portugal,253,100.0,mirror
2011,100630,Arroz,586,Paquistão,864644,58.798,mirror
2011,100630,Arroz,764,Tailândia,385646,26.225,mirror
2011,100630,Arroz,699,Índia,167299,11.377,mirror
2011,100630,Arroz,620,Portugal,44793,3.046,mirror
2011,100630,Arroz,266,Gabão,8139,0.553,mirror
2011,110100,Wheat or meslin flour,620,Portugal,1967663,64.877,mirror
2011,110100,Wheat or meslin flour,56,Bélgica,1043105,34.393,mirror
2011,110100,Wheat or meslin flour,251,França,22134,0.73,mirror
2011,150790,Óleo de soja,620,Portugal,2428691,100.0,mirror
2011,160100,"Meat preparations; sausages and similar products, of meat, meat offal, blood or insects, and food preparations based on these products",620,Portugal,761811,96.788,mirror
2011,160100,"Meat preparations; sausages and similar products, of meat, meat offal, blood or insects, and food preparations based on these products",251,França,25284,3.212,mirror
2011,170111,Açúcar de cana ou de beterraba,620,Portugal,1045,100.0,mirror
2011,220210,"Waters; including mineral and aerated, containing added sugar or other sweetening matter or flavoured",620,Portugal,376787,93.7,mirror
2011,220210,"Waters; including mineral and aerated, containing added sugar or other sweetening matter or flavoured",842,EUA,13188,3.28,mirror
2011,220210,"Waters; including mineral and aerated, containing added sugar or other sweetening matter or flavoured",251,França,4529,1.126,mirror
2011,220210,"Waters; including mineral and aerated, containing added sugar or other sweetening matter or flavoured",792,Turquia,3475,0.864,mirror
2011,220210,"Waters; including mineral and aerated, containing added sugar or other sweetening matter or flavoured",710,África do Sul,2864,0.712,mirror
2011,220210,"Waters; including mineral and aerated, containing added sugar or other sweetening matter or flavoured",528,Países Baixos,1280,0.318,mirror
2011,220290,220290,620,Portugal,1859149,89.693,mirror
2011,220290,220290,12,Argélia,162458,7.838,mirror
2011,220290,220290,422,Líbano,30323,1.463,mirror
2011,220290,220290,528,Países Baixos,19864,0.958,mirror
2011,220290,220290,376,Israel,1000,0.048,mirror
2011,220300,Cerveja,620,Portugal,1081361,70.676,mirror
2011,220300,Cerveja,266,Gabão,336256,21.977,mirror
2011,220300,Cerveja,528,Países Baixos,82996,5.424,mirror
2011,220300,Cerveja,724,Espanha,25249,1.65,mirror
2011,220300,Cerveja,710,África do Sul,3263,0.213,mirror
2011,220300,Cerveja,251,França,872,0.057,mirror
2011,220300,Cerveja,458,Malásia,23,0.002,mirror
2011,220421,Vinho,620,Portugal,2746201,97.55,mirror
2011,220421,Vinho,724,Espanha,23242,0.826,mirror
2011,220421,Vinho,380,Itália,17315,0.615,mirror
2011,220421,Vinho,554,Nova Zelândia,11827,0.42,mirror
2011,220421,Vinho,251,França,11418,0.406,mirror
2011,220421,Vinho,826,Reino Unido,3556,0.126,mirror
2011,220421,Vinho,710,África do Sul,1625,0.058,mirror
2011,220429,Vinho,620,Portugal,1384003,99.6,mirror
2011,220429,Vinho,724,Espanha,5560,0.4,mirror
2011,230990,"Dog or cat food; (not put up for retail sale), used in animal feeding",620,Portugal,507170,100.0,mirror
2011,252329,"Cement; portland, other than white, whether or not artificially coloured",620,Portugal,1300266,95.969,mirror
2011,252329,"Cement; portland, other than white, whether or not artificially coloured",266,Gabão,54616,4.031,mirror
2011,271011,Combustíveis refinados,214,República Dominicana,7282,75.181,mirror
2011,271011,Combustíveis refinados,620,Portugal,2404,24.819,mirror
2011,340119,"Soap and organic surface-active products; in the form of bars, cakes, moulded shapes, and paper, wadding, felt and nonwovens, impregnated, coated or covered with soap or detergent, not for toilet use",620,Portugal,1259632,99.014,mirror
2011,340119,"Soap and organic surface-active products; in the form of bars, cakes, moulded shapes, and paper, wadding, felt and nonwovens, impregnated, coated or covered with soap or detergent, not for toilet use",768,Togo,8276,0.651,mirror
2011,340119,"Soap and organic surface-active products; in the form of bars, cakes, moulded shapes, and paper, wadding, felt and nonwovens, impregnated, coated or covered with soap or detergent, not for toilet use",724,Espanha,4264,0.335,mirror
2011,630900,"Clothing; worn, and other worn articles",528,Países Baixos,359536,27.996,mirror
2011,630900,"Clothing; worn, and other worn articles",56,Bélgica,359317,27.979,mirror
2011,630900,"Clothing; worn, and other worn articles",276,Alemanha,266991,20.79,mirror
2011,630900,"Clothing; worn, and other worn articles",251,França,199932,15.568,mirror
2011,630900,"Clothing; worn, and other worn articles",620,Portugal,98459,7.667,mirror
2011,850213,"Electric generating sets; with compression-ignition internal combustion piston engines (diesel or semi-diesel engines), of an output exceeding 375kVA",620,Portugal,603699,93.003,mirror
2011,850213,"Electric generating sets; with compression-ignition internal combustion piston engines (diesel or semi-diesel engines), of an output exceeding 375kVA",826,Reino Unido,45422,6.997,mirror
2011,870323,Automóveis de passageiros,620,Portugal,366850,86.112,mirror
2011,870323,Automóveis de passageiros,266,Gabão,33557,7.877,mirror
2011,870323,Automóveis de passageiros,56,Bélgica,19488,4.575,mirror
2011,870323,Automóveis de passageiros,392,Japão,4170,0.979,mirror
2011,870323,Automóveis de passageiros,276,Alemanha,1948,0.457,mirror
2011,870332,Automóveis de passageiros,620,Portugal,908711,96.057,mirror
2011,870332,Automóveis de passageiros,56,Bélgica,31250,3.303,mirror
2011,870332,Automóveis de passageiros,528,Países Baixos,6052,0.64,mirror
2011,870333,Automóveis de passageiros,266,Gabão,668505,91.461,mirror
2011,870333,Automóveis de passageiros,620,Portugal,50005,6.841,mirror
2011,870333,Automóveis de passageiros,392,Japão,8163,1.117,mirror
2011,870333,Automóveis de passageiros,528,Países Baixos,4243,0.581,mirror
2011,871120,"Motorcycles (including mopeds) and cycles; fitted with an auxiliary motor, internal combustion piston engine, of cylinder capacity exceeding 50cc but not exceeding 250cc, with or without side-cars; side-cars",156,China,478309,66.409,mirror
2011,871120,"Motorcycles (including mopeds) and cycles; fitted with an auxiliary motor, internal combustion piston engine, of cylinder capacity exceeding 50cc but not exceeding 250cc, with or without side-cars; side-cars",620,Portugal,241933,33.591,mirror
2011,999999,Commodities not specified according to kind,392,Japão,1844835,83.372,mirror
2011,999999,Commodities not specified according to kind,842,EUA,194632,8.796,mirror
2011,999999,Commodities not specified according to kind,608,Filipinas,57206,2.585,mirror
2011,999999,Commodities not specified according to kind,251,França,49197,2.223,mirror
2011,999999,Commodities not specified according to kind,276,Alemanha,47589,2.151,mirror
2011,999999,Commodities not specified according to kind,458,Malásia,4654,0.21,mirror
2011,999999,Commodities not specified according to kind,724,Espanha,4199,0.19,mirror
2011,999999,Commodities not specified according to kind,344,Hong Kong (RAEHK),3882,0.175,mirror
2012,020714,"Meat and edible offal; of fowls of the species Gallus domesticus, cuts and offal, frozen",620,Portugal,626062,45.265,direct
2012,020714,"Meat and edible offal; of fowls of the species Gallus domesticus, cuts and offal, frozen",56,Bélgica,496279,35.881,direct
2012,020714,"Meat and edible offal; of fowls of the species Gallus domesticus, cuts and offal, frozen",208,Dinamarca,159399,11.525,direct
2012,020714,"Meat and edible offal; of fowls of the species Gallus domesticus, cuts and offal, frozen",76,Brasil,47087,3.404,direct
2012,020714,"Meat and edible offal; of fowls of the species Gallus domesticus, cuts and offal, frozen",251,França,29427,2.128,direct
2012,020714,"Meat and edible offal; of fowls of the species Gallus domesticus, cuts and offal, frozen",724,Espanha,24826,1.795,direct
2012,020714,"Meat and edible offal; of fowls of the species Gallus domesticus, cuts and offal, frozen",28,Antigua and Barbuda,37,0.003,direct
2012,071333,"Vegetables, leguminous; kidney beans, including white pea beans (phaseolus vulgaris), shelled, whether or not skinned or split, dried",620,Portugal,886085,96.926,direct
2012,071333,"Vegetables, leguminous; kidney beans, including white pea beans (phaseolus vulgaris), shelled, whether or not skinned or split, dried",380,Itália,27971,3.06,direct
2012,071333,"Vegetables, leguminous; kidney beans, including white pea beans (phaseolus vulgaris), shelled, whether or not skinned or split, dried",251,França,87,0.01,direct
2012,071333,"Vegetables, leguminous; kidney beans, including white pea beans (phaseolus vulgaris), shelled, whether or not skinned or split, dried",566,Nigéria,44,0.005,direct
2012,100620,Arroz,392,Japão,1993190,58.674,direct
2012,100620,Arroz,704,Vietname,772501,22.74,direct
2012,100620,Arroz,620,Portugal,454046,13.366,direct
2012,100620,Arroz,380,Itália,106625,3.139,direct
2012,100620,Arroz,699,Índia,38746,1.141,direct
2012,100620,Arroz,768,Togo,27850,0.82,direct
2012,100620,Arroz,266,Gabão,2121,0.062,direct
2012,100620,Arroz,251,França,1129,0.033,direct
2012,100630,Arroz,360,Indonésia,665582,37.446,direct
2012,100630,Arroz,620,Portugal,520363,29.276,direct
2012,100630,Arroz,764,Tailândia,467048,26.276,direct
2012,100630,Arroz,132,Cabo Verde,75830,4.266,direct
2012,100630,Arroz,528,Países Baixos,46597,2.622,direct
2012,100630,Arroz,768,Togo,1830,0.103,direct
2012,100630,Arroz,784,Emirados Árabes Unidos,146,0.008,direct
2012,100630,Arroz,490,Taiwan (Prov. China),71,0.004,direct
2012,110100,Wheat or meslin flour,620,Portugal,3459398,82.785,direct
2012,110100,Wheat or meslin flour,56,Bélgica,718977,17.206,direct
2012,110100,Wheat or meslin flour,251,França,376,0.009,direct
2012,150790,Óleo de soja,360,Indonésia,1582589,54.292,direct
2012,150790,Óleo de soja,620,Portugal,1332367,45.708,direct
2012,150790,Óleo de soja,56,Bélgica,26,0.001,direct
2012,160100,"Meat preparations; sausages and similar products, of meat, meat offal, blood or insects, and food preparations based on these products",620,Portugal,877799,99.755,direct
2012,160100,"Meat preparations; sausages and similar products, of meat, meat offal, blood or insects, and food preparations based on these products",56,Bélgica,1623,0.184,direct
2012,160100,"Meat preparations; sausages and similar products, of meat, meat offal, blood or insects, and food preparations based on these products",76,Brasil,266,0.03,direct
2012,160100,"Meat preparations; sausages and similar products, of meat, meat offal, blood or insects, and food preparations based on these products",251,França,228,0.026,direct
2012,160100,"Meat preparations; sausages and similar products, of meat, meat offal, blood or insects, and food preparations based on these products",28,Antigua and Barbuda,37,0.004,direct
2012,170111,Açúcar de cana ou de beterraba,620,Portugal,899368,78.48,direct
2012,170111,Açúcar de cana ou de beterraba,56,Bélgica,246095,21.475,direct
2012,170111,Açúcar de cana ou de beterraba,251,França,520,0.045,direct
2012,220210,"Waters; including mineral and aerated, containing added sugar or other sweetening matter or flavoured",620,Portugal,933590,86.944,direct
2012,220210,"Waters; including mineral and aerated, containing added sugar or other sweetening matter or flavoured",724,Espanha,111970,10.428,direct
2012,220210,"Waters; including mineral and aerated, containing added sugar or other sweetening matter or flavoured",12,Argélia,18785,1.749,direct
2012,220210,"Waters; including mineral and aerated, containing added sugar or other sweetening matter or flavoured",784,Emirados Árabes Unidos,5435,0.506,direct
2012,220210,"Waters; including mineral and aerated, containing added sugar or other sweetening matter or flavoured",251,França,3998,0.372,direct
2012,220290,220290,620,Portugal,1276027,99.922,direct
2012,220290,220290,251,França,751,0.059,direct
2012,220290,220290,56,Bélgica,245,0.019,direct
2012,220300,Cerveja,620,Portugal,1467399,89.883,direct
2012,220300,Cerveja,266,Gabão,84875,5.199,direct
2012,220300,Cerveja,276,Alemanha,65149,3.991,direct
2012,220300,Cerveja,724,Espanha,13661,0.837,direct
2012,220300,Cerveja,251,França,922,0.056,direct
2012,220300,Cerveja,56,Bélgica,554,0.034,direct
2012,220421,Vinho,620,Portugal,3026917,99.31,direct
2012,220421,Vinho,380,Itália,17834,0.585,direct
2012,220421,Vinho,251,França,3190,0.105,direct
2012,220429,Vinho,620,Portugal,2081079,100.0,direct
2012,230990,"Dog or cat food; (not put up for retail sale), used in animal feeding",620,Portugal,718372,98.369,direct
2012,230990,"Dog or cat food; (not put up for retail sale), used in animal feeding",566,Nigéria,11908,1.631,direct
2012,252329,"Cement; portland, other than white, whether or not artificially coloured",620,Portugal,1959943,99.998,direct
2012,252329,"Cement; portland, other than white, whether or not artificially coloured",490,Taiwan (Prov. China),31,0.002,direct
2012,271011,Combustíveis refinados,24,Angola,31433363,89.382,direct
2012,271011,Combustíveis refinados,531,Curaçao,2139053,6.083,direct
2012,271011,Combustíveis refinados,842,EUA,869908,2.474,direct
2012,271011,Combustíveis refinados,620,Portugal,685890,1.95,direct
2012,271011,Combustíveis refinados,784,Emirados Árabes Unidos,22972,0.065,direct
2012,271011,Combustíveis refinados,682,Arábia Saudita,11277,0.032,direct
2012,271011,Combustíveis refinados,586,Paquistão,3685,0.01,direct
2012,271011,Combustíveis refinados,266,Gabão,463,0.001,direct
2012,340119,"Soap and organic surface-active products; in the form of bars, cakes, moulded shapes, and paper, wadding, felt and nonwovens, impregnated, coated or covered with soap or detergent, not for toilet use",620,Portugal,1724457,97.353,direct
2012,340119,"Soap and organic surface-active products; in the form of bars, cakes, moulded shapes, and paper, wadding, felt and nonwovens, impregnated, coated or covered with soap or detergent, not for toilet use",360,Indonésia,27568,1.556,direct
2012,340119,"Soap and organic surface-active products; in the form of bars, cakes, moulded shapes, and paper, wadding, felt and nonwovens, impregnated, coated or covered with soap or detergent, not for toilet use",120,Camarões,16802,0.949,direct
2012,340119,"Soap and organic surface-active products; in the form of bars, cakes, moulded shapes, and paper, wadding, felt and nonwovens, impregnated, coated or covered with soap or detergent, not for toilet use",251,França,1935,0.109,direct
2012,340119,"Soap and organic surface-active products; in the form of bars, cakes, moulded shapes, and paper, wadding, felt and nonwovens, impregnated, coated or covered with soap or detergent, not for toilet use",768,Togo,406,0.023,direct
2012,340119,"Soap and organic surface-active products; in the form of bars, cakes, moulded shapes, and paper, wadding, felt and nonwovens, impregnated, coated or covered with soap or detergent, not for toilet use",784,Emirados Árabes Unidos,91,0.005,direct
2012,340119,"Soap and organic surface-active products; in the form of bars, cakes, moulded shapes, and paper, wadding, felt and nonwovens, impregnated, coated or covered with soap or detergent, not for toilet use",266,Gabão,89,0.005,direct
2012,630900,"Clothing; worn, and other worn articles",620,Portugal,329507,34.098,direct
2012,630900,"Clothing; worn, and other worn articles",56,Bélgica,270914,28.035,direct
2012,630900,"Clothing; worn, and other worn articles",276,Alemanha,197581,20.446,direct
2012,630900,"Clothing; worn, and other worn articles",528,Países Baixos,136154,14.089,direct
2012,630900,"Clothing; worn, and other worn articles",380,Itália,24924,2.579,direct
2012,630900,"Clothing; worn, and other worn articles",710,África do Sul,4134,0.428,direct
2012,630900,"Clothing; worn, and other worn articles",842,EUA,1026,0.106,direct
2012,630900,"Clothing; worn, and other worn articles",392,Japão,932,0.096,direct
2012,850213,"Electric generating sets; with compression-ignition internal combustion piston engines (diesel or semi-diesel engines), of an output exceeding 375kVA",620,Portugal,512039,100.0,direct
2012,870323,Automóveis de passageiros,620,Portugal,868914,74.939,direct
2012,870323,Automóveis de passageiros,392,Japão,137112,11.825,direct
2012,870323,Automóveis de passageiros,266,Gabão,81139,6.998,direct
2012,870323,Automóveis de passageiros,56,Bélgica,42828,3.694,direct
2012,870323,Automóveis de passageiros,276,Alemanha,8716,0.752,direct
2012,870323,Automóveis de passageiros,826,Reino Unido,7174,0.619,direct
2012,870323,Automóveis de passageiros,842,EUA,5592,0.482,direct
2012,870323,Automóveis de passageiros,784,Emirados Árabes Unidos,4277,0.369,direct
2012,870332,Automóveis de passageiros,620,Portugal,733274,48.119,direct
2012,870332,Automóveis de passageiros,266,Gabão,182715,11.99,direct
2012,870332,Automóveis de passageiros,56,Bélgica,171060,11.225,direct
2012,870332,Automóveis de passageiros,392,Japão,148126,9.72,direct
2012,870332,Automóveis de passageiros,276,Alemanha,89374,5.865,direct
2012,870332,Automóveis de passageiros,710,África do Sul,81979,5.38,direct
2012,870332,Automóveis de passageiros,422,Líbano,56339,3.697,direct
2012,870332,Automóveis de passageiros,757,Suíça,29481,1.935,direct
2012,870333,Automóveis de passageiros,266,Gabão,1935953,83.893,direct
2012,870333,Automóveis de passageiros,56,Bélgica,181774,7.877,direct
2012,870333,Automóveis de passageiros,620,Portugal,154465,6.694,direct
2012,870333,Automóveis de passageiros,276,Alemanha,21980,0.952,direct
2012,870333,Automóveis de passageiros,392,Japão,9053,0.392,direct
2012,870333,Automóveis de passageiros,768,Togo,4413,0.191,direct
2012,871120,"Motorcycles (including mopeds) and cycles; fitted with an auxiliary motor, internal combustion piston engine, of cylinder capacity exceeding 50cc but not exceeding 250cc, with or without side-cars; side-cars",156,China,1037911,57.486,direct
2012,871120,"Motorcycles (including mopeds) and cycles; fitted with an auxiliary motor, internal combustion piston engine, of cylinder capacity exceeding 50cc but not exceeding 250cc, with or without side-cars; side-cars",620,Portugal,519475,28.772,direct
2012,871120,"Motorcycles (including mopeds) and cycles; fitted with an auxiliary motor, internal combustion piston engine, of cylinder capacity exceeding 50cc but not exceeding 250cc, with or without side-cars; side-cars",724,Espanha,87411,4.841,direct
2012,871120,"Motorcycles (including mopeds) and cycles; fitted with an auxiliary motor, internal combustion piston engine, of cylinder capacity exceeding 50cc but not exceeding 250cc, with or without side-cars; side-cars",757,Suíça,65073,3.604,direct
2012,871120,"Motorcycles (including mopeds) and cycles; fitted with an auxiliary motor, internal combustion piston engine, of cylinder capacity exceeding 50cc but not exceeding 250cc, with or without side-cars; side-cars",56,Bélgica,46091,2.553,direct
2012,871120,"Motorcycles (including mopeds) and cycles; fitted with an auxiliary motor, internal combustion piston engine, of cylinder capacity exceeding 50cc but not exceeding 250cc, with or without side-cars; side-cars",251,França,31962,1.77,direct
2012,871120,"Motorcycles (including mopeds) and cycles; fitted with an auxiliary motor, internal combustion piston engine, of cylinder capacity exceeding 50cc but not exceeding 250cc, with or without side-cars; side-cars",768,Togo,4972,0.275,direct
2012,871120,"Motorcycles (including mopeds) and cycles; fitted with an auxiliary motor, internal combustion piston engine, of cylinder capacity exceeding 50cc but not exceeding 250cc, with or without side-cars; side-cars",392,Japão,4607,0.255,direct
2012,999999,Commodities not specified according to kind,620,Portugal,7937,93.663,direct
2012,999999,Commodities not specified according to kind,76,Brasil,291,3.434,direct
2012,999999,Commodities not specified according to kind,56,Bélgica,245,2.891,direct
2012,020714,"Meat and edible offal; of fowls of the species Gallus domesticus, cuts and offal, frozen",620,Portugal,454820,32.037,mirror
2012,020714,"Meat and edible offal; of fowls of the species Gallus domesticus, cuts and offal, frozen",56,Bélgica,340444,23.98,mirror
2012,020714,"Meat and edible offal; of fowls of the species Gallus domesticus, cuts and offal, frozen",528,Países Baixos,196747,13.858,mirror
2012,020714,"Meat and edible offal; of fowls of the species Gallus domesticus, cuts and offal, frozen",276,Alemanha,122455,8.625,mirror
2012,020714,"Meat and edible offal; of fowls of the species Gallus domesticus, cuts and offal, frozen",724,Espanha,90957,6.407,mirror
2012,020714,"Meat and edible offal; of fowls of the species Gallus domesticus, cuts and offal, frozen",251,França,88596,6.241,mirror
2012,020714,"Meat and edible offal; of fowls of the species Gallus domesticus, cuts and offal, frozen",616,Polónia,68037,4.792,mirror
2012,020714,"Meat and edible offal; of fowls of the species Gallus domesticus, cuts and offal, frozen",76,Brasil,38585,2.718,mirror
2012,071333,"Vegetables, leguminous; kidney beans, including white pea beans (phaseolus vulgaris), shelled, whether or not skinned or split, dried",620,Portugal,720417,60.689,mirror
2012,071333,"Vegetables, leguminous; kidney beans, including white pea beans (phaseolus vulgaris), shelled, whether or not skinned or split, dried",231,Etiópia,342802,28.878,mirror
2012,071333,"Vegetables, leguminous; kidney beans, including white pea beans (phaseolus vulgaris), shelled, whether or not skinned or split, dried",76,Brasil,123840,10.433,mirror
2012,100620,Arroz,490,Taiwan (Prov. China),574,100.0,mirror
2012,100630,Arroz,620,Portugal,832978,65.475,mirror
2012,100630,Arroz,764,Tailândia,408630,32.12,mirror
2012,100630,Arroz,699,Índia,29122,2.289,mirror
2012,100630,Arroz,490,Taiwan (Prov. China),1486,0.117,mirror
2012,110100,Wheat or meslin flour,620,Portugal,2098419,67.305,mirror
2012,110100,Wheat or meslin flour,56,Bélgica,890146,28.551,mirror
2012,110100,Wheat or meslin flour,428,Letónia,129209,4.144,mirror
2012,150790,Óleo de soja,620,Portugal,1842334,100.0,mirror
2012,160100,"Meat preparations; sausages and similar products, of meat, meat offal, blood or insects, and food preparations based on these products",620,Portugal,698975,96.451,mirror
2012,160100,"Meat preparations; sausages and similar products, of meat, meat offal, blood or insects, and food preparations based on these products",251,França,23789,3.283,mirror
2012,160100,"Meat preparations; sausages and similar products, of meat, meat offal, blood or insects, and food preparations based on these products",76,Brasil,1928,0.266,mirror
2012,220210,"Waters; including mineral and aerated, containing added sugar or other sweetening matter or flavoured",620,Portugal,309329,90.025,mirror
2012,220210,"Waters; including mineral and aerated, containing added sugar or other sweetening matter or flavoured",842,EUA,25735,7.49,mirror
2012,220210,"Waters; including mineral and aerated, containing added sugar or other sweetening matter or flavoured",710,África do Sul,7016,2.042,mirror
2012,220210,"Waters; including mineral and aerated, containing added sugar or other sweetening matter or flavoured",56,Bélgica,1525,0.444,mirror
2012,220290,220290,620,Portugal,1665897,92.496,mirror
2012,220290,220290,12,Argélia,82914,4.604,mirror
2012,220290,220290,422,Líbano,34891,1.937,mirror
2012,220290,220290,724,Espanha,11349,0.63,mirror
2012,220290,220290,528,Países Baixos,4813,0.267,mirror
2012,220290,220290,214,República Dominicana,1176,0.065,mirror
2012,220300,Cerveja,620,Portugal,983943,93.143,mirror
2012,220300,Cerveja,528,Países Baixos,47501,4.497,mirror
2012,220300,Cerveja,724,Espanha,22508,2.131,mirror
2012,220300,Cerveja,710,África do Sul,1860,0.176,mirror
2012,220300,Cerveja,251,França,566,0.054,mirror
2012,220421,Vinho,620,Portugal,2488899,97.399,mirror
2012,220421,Vinho,251,França,32977,1.291,mirror
2012,220421,Vinho,214,República Dominicana,29086,1.138,mirror
2012,220421,Vinho,56,Bélgica,4162,0.163,mirror
2012,220421,Vinho,710,África do Sul,242,0.009,mirror
2012,220429,Vinho,620,Portugal,1546885,100.0,mirror
2012,230990,"Dog or cat food; (not put up for retail sale), used in animal feeding",620,Portugal,652650,100.0,mirror
2012,252329,"Cement; portland, other than white, whether or not artificially coloured",620,Portugal,1118670,92.21,mirror
2012,252329,"Cement; portland, other than white, whether or not artificially coloured",214,República Dominicana,94500,7.79,mirror
2012,271011,Combustíveis refinados,566,Nigéria,954355,100.0,mirror
2012,340119,"Soap and organic surface-active products; in the form of bars, cakes, moulded shapes, and paper, wadding, felt and nonwovens, impregnated, coated or covered with soap or detergent, not for toilet use",620,Portugal,1686149,96.007,mirror
2012,340119,"Soap and organic surface-active products; in the form of bars, cakes, moulded shapes, and paper, wadding, felt and nonwovens, impregnated, coated or covered with soap or detergent, not for toilet use",360,Indonésia,39000,2.221,mirror
2012,340119,"Soap and organic surface-active products; in the form of bars, cakes, moulded shapes, and paper, wadding, felt and nonwovens, impregnated, coated or covered with soap or detergent, not for toilet use",792,Turquia,31127,1.772,mirror
2012,630900,"Clothing; worn, and other worn articles",276,Alemanha,370303,30.058,mirror
2012,630900,"Clothing; worn, and other worn articles",56,Bélgica,245233,19.906,mirror
2012,630900,"Clothing; worn, and other worn articles",528,Países Baixos,241306,19.587,mirror
2012,630900,"Clothing; worn, and other worn articles",251,França,121878,9.893,mirror
2012,630900,"Clothing; worn, and other worn articles",620,Portugal,79002,6.413,mirror
2012,630900,"Clothing; worn, and other worn articles",348,Hungria,56606,4.595,mirror
2012,630900,"Clothing; worn, and other worn articles",562,Niger,52282,4.244,mirror
2012,630900,"Clothing; worn, and other worn articles",768,Togo,40691,3.303,mirror
2012,850213,"Electric generating sets; with compression-ignition internal combustion piston engines (diesel or semi-diesel engines), of an output exceeding 375kVA",826,Reino Unido,235417,83.553,mirror
2012,850213,"Electric generating sets; with compression-ignition internal combustion piston engines (diesel or semi-diesel engines), of an output exceeding 375kVA",620,Portugal,46341,16.447,mirror
2012,870323,Automóveis de passageiros,620,Portugal,196373,61.608,mirror
2012,870323,Automóveis de passageiros,842,EUA,50515,15.848,mirror
2012,870323,Automóveis de passageiros,682,Arábia Saudita,26667,8.366,mirror
2012,870323,Automóveis de passageiros,124,Canadá,21390,6.711,mirror
2012,870323,Automóveis de passageiros,784,Emirados Árabes Unidos,13874,4.353,mirror
2012,870323,Automóveis de passageiros,392,Japão,5086,1.596,mirror
2012,870323,Automóveis de passageiros,56,Bélgica,1912,0.6,mirror
2012,870323,Automóveis de passageiros,276,Alemanha,1864,0.585,mirror
2012,870332,Automóveis de passageiros,620,Portugal,308997,75.878,mirror
2012,870332,Automóveis de passageiros,266,Gabão,50106,12.304,mirror
2012,870332,Automóveis de passageiros,56,Bélgica,32148,7.894,mirror
2012,870332,Automóveis de passageiros,642,Roménia,15976,3.923,mirror
2012,870333,Automóveis de passageiros,266,Gabão,1457623,90.772,mirror
2012,870333,Automóveis de passageiros,620,Portugal,102366,6.375,mirror
2012,870333,Automóveis de passageiros,392,Japão,36945,2.301,mirror
2012,870333,Automóveis de passageiros,56,Bélgica,8873,0.553,mirror
2012,871120,"Motorcycles (including mopeds) and cycles; fitted with an auxiliary motor, internal combustion piston engine, of cylinder capacity exceeding 50cc but not exceeding 250cc, with or without side-cars; side-cars",156,China,337748,85.527,mirror
2012,871120,"Motorcycles (including mopeds) and cycles; fitted with an auxiliary motor, internal combustion piston engine, of cylinder capacity exceeding 50cc but not exceeding 250cc, with or without side-cars; side-cars",620,Portugal,57153,14.473,mirror
2012,999999,Commodities not specified according to kind,392,Japão,1990024,94.346,mirror
2012,999999,Commodities not specified according to kind,784,Emirados Árabes Unidos,46443,2.202,mirror
2012,999999,Commodities not specified according to kind,842,EUA,26403,1.252,mirror
2012,999999,Commodities not specified according to kind,40,Áustria,10709,0.508,mirror
2012,999999,Commodities not specified according to kind,490,Taiwan (Prov. China),10269,0.487,mirror
2012,999999,Commodities not specified according to kind,251,França,9738,0.462,mirror
2012,999999,Commodities not specified according to kind,276,Alemanha,4862,0.231,mirror
2012,999999,Commodities not specified according to kind,56,Bélgica,3832,0.182,mirror
2013,020714,"Meat and edible offal; of fowls of the species Gallus domesticus, cuts and offal, frozen",620,Portugal,759870,61.568,direct
2013,020714,"Meat and edible offal; of fowls of the species Gallus domesticus, cuts and offal, frozen",56,Bélgica,308483,24.995,direct
2013,020714,"Meat and edible offal; of fowls of the species Gallus domesticus, cuts and offal, frozen",251,França,134577,10.904,direct
2013,020714,"Meat and edible offal; of fowls of the species Gallus domesticus, cuts and offal, frozen",124,Canadá,29950,2.427,direct
2013,020714,"Meat and edible offal; of fowls of the species Gallus domesticus, cuts and offal, frozen",70,Bosnia Herzegovina,1310,0.106,direct
2013,071333,"Vegetables, leguminous; kidney beans, including white pea beans (phaseolus vulgaris), shelled, whether or not skinned or split, dried",620,Portugal,837951,98.168,direct
2013,071333,"Vegetables, leguminous; kidney beans, including white pea beans (phaseolus vulgaris), shelled, whether or not skinned or split, dried",380,Itália,12617,1.478,direct
2013,071333,"Vegetables, leguminous; kidney beans, including white pea beans (phaseolus vulgaris), shelled, whether or not skinned or split, dried",699,Índia,2878,0.337,direct
2013,071333,"Vegetables, leguminous; kidney beans, including white pea beans (phaseolus vulgaris), shelled, whether or not skinned or split, dried",251,França,145,0.017,direct
2013,100620,Arroz,620,Portugal,654556,90.224,direct
2013,100620,Arroz,266,Gabão,62368,8.597,direct
2013,100620,Arroz,699,Índia,7919,1.092,direct
2013,100620,Arroz,251,França,310,0.043,direct
2013,100620,Arroz,24,Angola,268,0.037,direct
2013,100620,Arroz,586,Paquistão,33,0.005,direct
2013,100620,Arroz,156,China,23,0.003,direct
2013,100630,Arroz,620,Portugal,2021807,49.012,direct
2013,100630,Arroz,392,Japão,1425624,34.559,direct
2013,100630,Arroz,120,Camarões,500468,12.132,direct
2013,100630,Arroz,76,Brasil,84553,2.05,direct
2013,100630,Arroz,266,Gabão,69037,1.674,direct
2013,100630,Arroz,528,Países Baixos,15379,0.373,direct
2013,100630,Arroz,566,Nigéria,4365,0.106,direct
2013,100630,Arroz,132,Cabo Verde,3656,0.089,direct
2013,110100,Wheat or meslin flour,620,Portugal,3842642,88.363,direct
2013,110100,Wheat or meslin flour,56,Bélgica,505448,11.623,direct
2013,110100,Wheat or meslin flour,251,França,611,0.014,direct
2013,150790,Óleo de soja,620,Portugal,1716805,75.425,direct
2013,150790,Óleo de soja,360,Indonésia,321528,14.126,direct
2013,150790,Óleo de soja,699,Índia,158139,6.948,direct
2013,150790,Óleo de soja,458,Malásia,79690,3.501,direct
2013,160100,"Meat preparations; sausages and similar products, of meat, meat offal, blood or insects, and food preparations based on these products",620,Portugal,964518,89.319,direct
2013,160100,"Meat preparations; sausages and similar products, of meat, meat offal, blood or insects, and food preparations based on these products",76,Brasil,71746,6.644,direct
2013,160100,"Meat preparations; sausages and similar products, of meat, meat offal, blood or insects, and food preparations based on these products",422,Líbano,43477,4.026,direct
2013,160100,"Meat preparations; sausages and similar products, of meat, meat offal, blood or insects, and food preparations based on these products",251,França,113,0.01,direct
2013,170111,Açúcar de cana ou de beterraba,620,Portugal,1234814,81.149,direct
2013,170111,Açúcar de cana ou de beterraba,56,Bélgica,145309,9.549,direct
2013,170111,Açúcar de cana ou de beterraba,422,Líbano,140960,9.264,direct
2013,170111,Açúcar de cana ou de beterraba,251,França,555,0.036,direct
2013,170111,Açúcar de cana ou de beterraba,586,Paquistão,16,0.001,direct
2013,220210,"Waters; including mineral and aerated, containing added sugar or other sweetening matter or flavoured",620,Portugal,1946783,94.852,direct
2013,220210,"Waters; including mineral and aerated, containing added sugar or other sweetening matter or flavoured",12,Argélia,39299,1.915,direct
2013,220210,"Waters; including mineral and aerated, containing added sugar or other sweetening matter or flavoured",724,Espanha,32800,1.598,direct
2013,220210,"Waters; including mineral and aerated, containing added sugar or other sweetening matter or flavoured",266,Gabão,18464,0.9,direct
2013,220210,"Waters; including mineral and aerated, containing added sugar or other sweetening matter or flavoured",792,Turquia,10098,0.492,direct
2013,220210,"Waters; including mineral and aerated, containing added sugar or other sweetening matter or flavoured",251,França,2547,0.124,direct
2013,220210,"Waters; including mineral and aerated, containing added sugar or other sweetening matter or flavoured",56,Bélgica,2190,0.107,direct
2013,220210,"Waters; including mineral and aerated, containing added sugar or other sweetening matter or flavoured",752,Suécia,252,0.012,direct
2013,220290,220290,620,Portugal,1060982,99.908,direct
2013,220290,220290,251,França,975,0.092,direct
2013,220300,Cerveja,620,Portugal,1693686,91.232,direct
2013,220300,Cerveja,266,Gabão,80105,4.315,direct
2013,220300,Cerveja,724,Espanha,42269,2.277,direct
2013,220300,Cerveja,528,Países Baixos,39954,2.152,direct
2013,220300,Cerveja,251,França,442,0.024,direct
2013,220421,Vinho,620,Portugal,2874973,99.861,direct
2013,220421,Vinho,251,França,2451,0.085,direct
2013,220421,Vinho,710,África do Sul,1551,0.054,direct
2013,220429,Vinho,620,Portugal,2421538,99.955,direct
2013,220429,Vinho,710,África do Sul,1083,0.045,direct
2013,230990,"Dog or cat food; (not put up for retail sale), used in animal feeding",620,Portugal,1169380,99.99,direct
2013,230990,"Dog or cat food; (not put up for retail sale), used in animal feeding",276,Alemanha,82,0.007,direct
2013,230990,"Dog or cat food; (not put up for retail sale), used in animal feeding",251,França,38,0.003,direct
2013,252329,"Cement; portland, other than white, whether or not artificially coloured",620,Portugal,3597153,97.783,direct
2013,252329,"Cement; portland, other than white, whether or not artificially coloured",226,Guiné Equatorial,81238,2.208,direct
2013,252329,"Cement; portland, other than white, whether or not artificially coloured",490,Taiwan (Prov. China),316,0.009,direct
2013,271011,Combustíveis refinados,24,Angola,37518830,95.036,direct
2013,271011,Combustíveis refinados,842,EUA,1311900,3.323,direct
2013,271011,Combustíveis refinados,620,Portugal,552698,1.4,direct
2013,271011,Combustíveis refinados,784,Emirados Árabes Unidos,58967,0.149,direct
2013,271011,Combustíveis refinados,380,Itália,27655,0.07,direct
2013,271011,Combustíveis refinados,490,Taiwan (Prov. China),6168,0.016,direct
2013,271011,Combustíveis refinados,566,Nigéria,1881,0.005,direct
2013,271011,Combustíveis refinados,266,Gabão,432,0.001,direct
2013,340119,"Soap and organic surface-active products; in the form of bars, cakes, moulded shapes, and paper, wadding, felt and nonwovens, impregnated, coated or covered with soap or detergent, not for toilet use",620,Portugal,1715053,99.582,direct
2013,340119,"Soap and organic surface-active products; in the form of bars, cakes, moulded shapes, and paper, wadding, felt and nonwovens, impregnated, coated or covered with soap or detergent, not for toilet use",784,Emirados Árabes Unidos,2722,0.158,direct
2013,340119,"Soap and organic surface-active products; in the form of bars, cakes, moulded shapes, and paper, wadding, felt and nonwovens, impregnated, coated or covered with soap or detergent, not for toilet use",624,Guiné-Bissau,2100,0.122,direct
2013,340119,"Soap and organic surface-active products; in the form of bars, cakes, moulded shapes, and paper, wadding, felt and nonwovens, impregnated, coated or covered with soap or detergent, not for toilet use",251,França,1423,0.083,direct
2013,340119,"Soap and organic surface-active products; in the form of bars, cakes, moulded shapes, and paper, wadding, felt and nonwovens, impregnated, coated or covered with soap or detergent, not for toilet use",768,Togo,949,0.055,direct
2013,630900,"Clothing; worn, and other worn articles",620,Portugal,605739,55.214,direct
2013,630900,"Clothing; worn, and other worn articles",56,Bélgica,354951,32.354,direct
2013,630900,"Clothing; worn, and other worn articles",276,Alemanha,44298,4.038,direct
2013,630900,"Clothing; worn, and other worn articles",251,França,31016,2.827,direct
2013,630900,"Clothing; worn, and other worn articles",724,Espanha,23490,2.141,direct
2013,630900,"Clothing; worn, and other worn articles",528,Países Baixos,14331,1.306,direct
2013,630900,"Clothing; worn, and other worn articles",784,Emirados Árabes Unidos,13662,1.245,direct
2013,630900,"Clothing; worn, and other worn articles",120,Camarões,4151,0.378,direct
2013,870323,Automóveis de passageiros,620,Portugal,487439,57.225,direct
2013,870323,Automóveis de passageiros,422,Líbano,175938,20.655,direct
2013,870323,Automóveis de passageiros,392,Japão,79067,9.282,direct
2013,870323,Automóveis de passageiros,266,Gabão,54433,6.39,direct
2013,870323,Automóveis de passageiros,56,Bélgica,38262,4.492,direct
2013,870323,Automóveis de passageiros,566,Nigéria,13486,1.583,direct
2013,870323,Automóveis de passageiros,724,Espanha,3162,0.371,direct
2013,870332,Automóveis de passageiros,620,Portugal,902897,57.167,direct
2013,870332,Automóveis de passageiros,266,Gabão,263120,16.659,direct
2013,870332,Automóveis de passageiros,56,Bélgica,189063,11.971,direct
2013,870332,Automóveis de passageiros,392,Japão,68395,4.33,direct
2013,870332,Automóveis de passageiros,710,África do Sul,51079,3.234,direct
2013,870332,Automóveis de passageiros,120,Camarões,40223,2.547,direct
2013,870332,Automóveis de passageiros,757,Suíça,30465,1.929,direct
2013,870332,Automóveis de passageiros,251,França,20476,1.296,direct
2013,870333,Automóveis de passageiros,266,Gabão,480381,50.211,direct
2013,870333,Automóveis de passageiros,620,Portugal,296799,31.022,direct
2013,870333,Automóveis de passageiros,56,Bélgica,164460,17.19,direct
2013,870333,Automóveis de passageiros,276,Alemanha,6338,0.662,direct
2013,870333,Automóveis de passageiros,251,França,4888,0.511,direct
2013,870333,Automóveis de passageiros,392,Japão,3857,0.403,direct
2013,871120,"Motorcycles (including mopeds) and cycles; fitted with an auxiliary motor, internal combustion piston engine, of cylinder capacity exceeding 50cc but not exceeding 250cc, with or without side-cars; side-cars",156,China,732950,50.391,direct
2013,871120,"Motorcycles (including mopeds) and cycles; fitted with an auxiliary motor, internal combustion piston engine, of cylinder capacity exceeding 50cc but not exceeding 250cc, with or without side-cars; side-cars",620,Portugal,501487,34.477,direct
2013,871120,"Motorcycles (including mopeds) and cycles; fitted with an auxiliary motor, internal combustion piston engine, of cylinder capacity exceeding 50cc but not exceeding 250cc, with or without side-cars; side-cars",757,Suíça,158469,10.895,direct
2013,871120,"Motorcycles (including mopeds) and cycles; fitted with an auxiliary motor, internal combustion piston engine, of cylinder capacity exceeding 50cc but not exceeding 250cc, with or without side-cars; side-cars",251,França,22979,1.58,direct
2013,871120,"Motorcycles (including mopeds) and cycles; fitted with an auxiliary motor, internal combustion piston engine, of cylinder capacity exceeding 50cc but not exceeding 250cc, with or without side-cars; side-cars",24,Angola,22405,1.54,direct
2013,871120,"Motorcycles (including mopeds) and cycles; fitted with an auxiliary motor, internal combustion piston engine, of cylinder capacity exceeding 50cc but not exceeding 250cc, with or without side-cars; side-cars",392,Japão,10086,0.693,direct
2013,871120,"Motorcycles (including mopeds) and cycles; fitted with an auxiliary motor, internal combustion piston engine, of cylinder capacity exceeding 50cc but not exceeding 250cc, with or without side-cars; side-cars",768,Togo,6164,0.424,direct
2013,999999,Commodities not specified according to kind,620,Portugal,12628,67.805,direct
2013,999999,Commodities not specified according to kind,120,Camarões,3277,17.596,direct
2013,999999,Commodities not specified according to kind,768,Togo,1527,8.199,direct
2013,999999,Commodities not specified according to kind,784,Emirados Árabes Unidos,1165,6.255,direct
2013,999999,Commodities not specified according to kind,528,Países Baixos,26,0.14,direct
2013,020714,"Meat and edible offal; of fowls of the species Gallus domesticus, cuts and offal, frozen",620,Portugal,635340,38.56,mirror
2013,020714,"Meat and edible offal; of fowls of the species Gallus domesticus, cuts and offal, frozen",276,Alemanha,624688,37.913,mirror
2013,020714,"Meat and edible offal; of fowls of the species Gallus domesticus, cuts and offal, frozen",56,Bélgica,120046,7.286,mirror
2013,020714,"Meat and edible offal; of fowls of the species Gallus domesticus, cuts and offal, frozen",124,Canadá,98562,5.982,mirror
2013,020714,"Meat and edible offal; of fowls of the species Gallus domesticus, cuts and offal, frozen",251,França,72439,4.396,mirror
2013,020714,"Meat and edible offal; of fowls of the species Gallus domesticus, cuts and offal, frozen",528,Países Baixos,53798,3.265,mirror
2013,020714,"Meat and edible offal; of fowls of the species Gallus domesticus, cuts and offal, frozen",724,Espanha,25520,1.549,mirror
2013,020714,"Meat and edible offal; of fowls of the species Gallus domesticus, cuts and offal, frozen",76,Brasil,17290,1.049,mirror
2013,071333,"Vegetables, leguminous; kidney beans, including white pea beans (phaseolus vulgaris), shelled, whether or not skinned or split, dried",620,Portugal,843290,95.348,mirror
2013,071333,"Vegetables, leguminous; kidney beans, including white pea beans (phaseolus vulgaris), shelled, whether or not skinned or split, dried",231,Etiópia,37202,4.206,mirror
2013,071333,"Vegetables, leguminous; kidney beans, including white pea beans (phaseolus vulgaris), shelled, whether or not skinned or split, dried",724,Espanha,3943,0.446,mirror
2013,100620,Arroz,266,Gabão,20304,96.451,mirror
2013,100620,Arroz,620,Portugal,713,3.387,mirror
2013,100620,Arroz,490,Taiwan (Prov. China),34,0.162,mirror
2013,100630,Arroz,620,Portugal,1971429,48.56,mirror
2013,100630,Arroz,120,Camarões,1006865,24.801,mirror
2013,100630,Arroz,392,Japão,866282,21.338,mirror
2013,100630,Arroz,699,Índia,100081,2.465,mirror
2013,100630,Arroz,764,Tailândia,69187,1.704,mirror
2013,100630,Arroz,116,Cambodia,45917,1.131,mirror
2013,100630,Arroz,490,Taiwan (Prov. China),34,0.001,mirror
2013,100630,Arroz,710,África do Sul,5,0.0,mirror
2013,110100,Wheat or meslin flour,620,Portugal,2596014,76.569,mirror
2013,110100,Wheat or meslin flour,56,Bélgica,794400,23.431,mirror
2013,150790,Óleo de soja,620,Portugal,2446767,100.0,mirror
2013,160100,"Meat preparations; sausages and similar products, of meat, meat offal, blood or insects, and food preparations based on these products",620,Portugal,809996,96.219,mirror
2013,160100,"Meat preparations; sausages and similar products, of meat, meat offal, blood or insects, and food preparations based on these products",251,França,31813,3.779,mirror
2013,160100,"Meat preparations; sausages and similar products, of meat, meat offal, blood or insects, and food preparations based on these products",710,África do Sul,17,0.002,mirror
2013,220210,"Waters; including mineral and aerated, containing added sugar or other sweetening matter or flavoured",620,Portugal,509616,98.157,mirror
2013,220210,"Waters; including mineral and aerated, containing added sugar or other sweetening matter or flavoured",792,Turquia,5626,1.084,mirror
2013,220210,"Waters; including mineral and aerated, containing added sugar or other sweetening matter or flavoured",56,Bélgica,3943,0.76,mirror
2013,220290,220290,620,Portugal,2173152,92.517,mirror
2013,220290,220290,12,Argélia,56202,2.393,mirror
2013,220290,220290,422,Líbano,52754,2.246,mirror
2013,220290,220290,724,Espanha,35981,1.532,mirror
2013,220290,220290,528,Países Baixos,19890,0.847,mirror
2013,220290,220290,214,República Dominicana,10952,0.466,mirror
2013,220300,Cerveja,620,Portugal,1211493,85.469,mirror
2013,220300,Cerveja,842,EUA,120000,8.466,mirror
2013,220300,Cerveja,528,Países Baixos,47632,3.36,mirror
2013,220300,Cerveja,724,Espanha,37388,2.638,mirror
2013,220300,Cerveja,251,França,957,0.068,mirror
2013,220421,Vinho,620,Portugal,2576132,98.87,mirror
2013,220421,Vinho,251,França,21631,0.83,mirror
2013,220421,Vinho,214,República Dominicana,5950,0.228,mirror
2013,220421,Vinho,152,Chile,1851,0.071,mirror
2013,220429,Vinho,620,Portugal,1810446,98.636,mirror
2013,220429,Vinho,724,Espanha,23997,1.307,mirror
2013,220429,Vinho,251,França,1037,0.056,mirror
2013,230990,"Dog or cat food; (not put up for retail sale), used in animal feeding",620,Portugal,747791,100.0,mirror
2013,252329,"Cement; portland, other than white, whether or not artificially coloured",620,Portugal,1382235,100.0,mirror
2013,340119,"Soap and organic surface-active products; in the form of bars, cakes, moulded shapes, and paper, wadding, felt and nonwovens, impregnated, coated or covered with soap or detergent, not for toilet use",620,Portugal,1441353,96.904,mirror
2013,340119,"Soap and organic surface-active products; in the form of bars, cakes, moulded shapes, and paper, wadding, felt and nonwovens, impregnated, coated or covered with soap or detergent, not for toilet use",360,Indonésia,27226,1.83,mirror
2013,340119,"Soap and organic surface-active products; in the form of bars, cakes, moulded shapes, and paper, wadding, felt and nonwovens, impregnated, coated or covered with soap or detergent, not for toilet use",156,China,18472,1.242,mirror
2013,340119,"Soap and organic surface-active products; in the form of bars, cakes, moulded shapes, and paper, wadding, felt and nonwovens, impregnated, coated or covered with soap or detergent, not for toilet use",699,Índia,358,0.024,mirror
2013,630900,"Clothing; worn, and other worn articles",56,Bélgica,389381,31.607,mirror
2013,630900,"Clothing; worn, and other worn articles",276,Alemanha,333794,27.095,mirror
2013,630900,"Clothing; worn, and other worn articles",528,Países Baixos,187586,15.227,mirror
2013,630900,"Clothing; worn, and other worn articles",251,França,175524,14.248,mirror
2013,630900,"Clothing; worn, and other worn articles",620,Portugal,53060,4.307,mirror
2013,630900,"Clothing; worn, and other worn articles",380,Itália,36996,3.003,mirror
2013,630900,"Clothing; worn, and other worn articles",724,Espanha,35852,2.91,mirror
2013,630900,"Clothing; worn, and other worn articles",156,China,14500,1.177,mirror
2013,850213,"Electric generating sets; with compression-ignition internal combustion piston engines (diesel or semi-diesel engines), of an output exceeding 375kVA",826,Reino Unido,45507,100.0,mirror
2013,870323,Automóveis de passageiros,620,Portugal,132516,49.499,mirror
2013,870323,Automóveis de passageiros,266,Gabão,127498,47.624,mirror
2013,870323,Automóveis de passageiros,56,Bélgica,7701,2.877,mirror
2013,870332,Automóveis de passageiros,620,Portugal,340303,85.345,mirror
2013,870332,Automóveis de passageiros,266,Gabão,44892,11.259,mirror
2013,870332,Automóveis de passageiros,56,Bélgica,13543,3.396,mirror
2013,870333,Automóveis de passageiros,266,Gabão,576350,83.604,mirror
2013,870333,Automóveis de passageiros,620,Portugal,84156,12.207,mirror
2013,870333,Automóveis de passageiros,56,Bélgica,28879,4.189,mirror
2013,871120,"Motorcycles (including mopeds) and cycles; fitted with an auxiliary motor, internal combustion piston engine, of cylinder capacity exceeding 50cc but not exceeding 250cc, with or without side-cars; side-cars",392,Japão,262290,55.049,mirror
2013,871120,"Motorcycles (including mopeds) and cycles; fitted with an auxiliary motor, internal combustion piston engine, of cylinder capacity exceeding 50cc but not exceeding 250cc, with or without side-cars; side-cars",156,China,205480,43.126,mirror
2013,871120,"Motorcycles (including mopeds) and cycles; fitted with an auxiliary motor, internal combustion piston engine, of cylinder capacity exceeding 50cc but not exceeding 250cc, with or without side-cars; side-cars",620,Portugal,8695,1.825,mirror
2013,999999,Commodities not specified according to kind,276,Alemanha,571291,85.139,mirror
2013,999999,Commodities not specified according to kind,842,EUA,64777,9.654,mirror
2013,999999,Commodities not specified according to kind,251,França,9998,1.49,mirror
2013,999999,Commodities not specified according to kind,490,Taiwan (Prov. China),8431,1.256,mirror
2013,999999,Commodities not specified according to kind,76,Brasil,5521,0.823,mirror
2013,999999,Commodities not specified according to kind,344,Hong Kong (RAEHK),4211,0.628,mirror
2013,999999,Commodities not specified according to kind,392,Japão,3627,0.541,mirror
2013,999999,Commodities not specified according to kind,757,Suíça,1017,0.152,mirror
2014,020714,"Meat and edible offal; of fowls of the species Gallus domesticus, cuts and offal, frozen",620,Portugal,1836277,53.099,direct
2014,020714,"Meat and edible offal; of fowls of the species Gallus domesticus, cuts and offal, frozen",528,Países Baixos,675511,19.533,direct
2014,020714,"Meat and edible offal; of fowls of the species Gallus domesticus, cuts and offal, frozen",56,Bélgica,418438,12.1,direct
2014,020714,"Meat and edible offal; of fowls of the species Gallus domesticus, cuts and offal, frozen",251,França,276387,7.992,direct
2014,020714,"Meat and edible offal; of fowls of the species Gallus domesticus, cuts and offal, frozen",724,Espanha,98737,2.855,direct
2014,020714,"Meat and edible offal; of fowls of the species Gallus domesticus, cuts and offal, frozen",531,Curaçao,54299,1.57,direct
2014,020714,"Meat and edible offal; of fowls of the species Gallus domesticus, cuts and offal, frozen",156,China,54127,1.565,direct
2014,020714,"Meat and edible offal; of fowls of the species Gallus domesticus, cuts and offal, frozen",76,Brasil,25057,0.725,direct
2014,071333,"Vegetables, leguminous; kidney beans, including white pea beans (phaseolus vulgaris), shelled, whether or not skinned or split, dried",620,Portugal,1074501,99.989,direct
2014,071333,"Vegetables, leguminous; kidney beans, including white pea beans (phaseolus vulgaris), shelled, whether or not skinned or split, dried",266,Gabão,54,0.005,direct
2014,071333,"Vegetables, leguminous; kidney beans, including white pea beans (phaseolus vulgaris), shelled, whether or not skinned or split, dried",710,África do Sul,45,0.004,direct
2014,071333,"Vegetables, leguminous; kidney beans, including white pea beans (phaseolus vulgaris), shelled, whether or not skinned or split, dried",120,Camarões,15,0.001,direct
2014,100620,Arroz,620,Portugal,325225,51.614,direct
2014,100620,Arroz,724,Espanha,304420,48.312,direct
2014,100620,Arroz,266,Gabão,249,0.04,direct
2014,100620,Arroz,251,França,176,0.028,direct
2014,100620,Arroz,120,Camarões,15,0.002,direct
2014,100620,Arroz,784,Emirados Árabes Unidos,14,0.002,direct
2014,100620,Arroz,768,Togo,10,0.002,direct
2014,100620,Arroz,24,Angola,6,0.001,direct
2014,100630,Arroz,620,Portugal,4039653,69.745,direct
2014,100630,Arroz,392,Japão,573171,9.896,direct
2014,100630,Arroz,699,Índia,361507,6.241,direct
2014,100630,Arroz,764,Tailândia,258803,4.468,direct
2014,100630,Arroz,422,Líbano,254398,4.392,direct
2014,100630,Arroz,360,Indonésia,237737,4.105,direct
2014,100630,Arroz,724,Espanha,38205,0.66,direct
2014,100630,Arroz,76,Brasil,24704,0.427,direct
2014,110100,Wheat or meslin flour,620,Portugal,3996043,99.619,direct
2014,110100,Wheat or meslin flour,56,Bélgica,14803,0.369,direct
2014,110100,Wheat or meslin flour,251,França,273,0.007,direct
2014,110100,Wheat or meslin flour,710,África do Sul,106,0.003,direct
2014,110100,Wheat or meslin flour,422,Líbano,103,0.003,direct
2014,150790,Óleo de soja,620,Portugal,1982866,90.274,direct
2014,150790,Óleo de soja,360,Indonésia,213636,9.726,direct
2014,160100,"Meat preparations; sausages and similar products, of meat, meat offal, blood or insects, and food preparations based on these products",620,Portugal,1280998,96.813,direct
2014,160100,"Meat preparations; sausages and similar products, of meat, meat offal, blood or insects, and food preparations based on these products",422,Líbano,42097,3.182,direct
2014,160100,"Meat preparations; sausages and similar products, of meat, meat offal, blood or insects, and food preparations based on these products",251,França,75,0.006,direct
2014,170111,Açúcar de cana ou de beterraba,620,Portugal,1470479,80.597,direct
2014,170111,Açúcar de cana ou de beterraba,56,Bélgica,201309,11.034,direct
2014,170111,Açúcar de cana ou de beterraba,528,Países Baixos,132922,7.285,direct
2014,170111,Açúcar de cana ou de beterraba,699,Índia,19296,1.058,direct
2014,170111,Açúcar de cana ou de beterraba,710,África do Sul,258,0.014,direct
2014,170111,Açúcar de cana ou de beterraba,251,França,217,0.012,direct
2014,220210,"Waters; including mineral and aerated, containing added sugar or other sweetening matter or flavoured",620,Portugal,2355053,95.946,direct
2014,220210,"Waters; including mineral and aerated, containing added sugar or other sweetening matter or flavoured",12,Argélia,43219,1.761,direct
2014,220210,"Waters; including mineral and aerated, containing added sugar or other sweetening matter or flavoured",724,Espanha,40779,1.661,direct
2014,220210,"Waters; including mineral and aerated, containing added sugar or other sweetening matter or flavoured",266,Gabão,12385,0.505,direct
2014,220210,"Waters; including mineral and aerated, containing added sugar or other sweetening matter or flavoured",251,França,3133,0.128,direct
2014,220290,220290,620,Portugal,879473,96.445,direct
2014,220290,220290,702,Singapura,20606,2.26,direct
2014,220290,220290,699,Índia,11577,1.27,direct
2014,220290,220290,251,França,230,0.025,direct
2014,220300,Cerveja,620,Portugal,2650788,95.007,direct
2014,220300,Cerveja,24,Angola,51225,1.836,direct
2014,220300,Cerveja,32,Argentina,35082,1.257,direct
2014,220300,Cerveja,266,Gabão,34210,1.226,direct
2014,220300,Cerveja,724,Espanha,16409,0.588,direct
2014,220300,Cerveja,251,França,2398,0.086,direct
2014,220421,Vinho,620,Portugal,3285028,99.904,direct
2014,220421,Vinho,251,França,3051,0.093,direct
2014,220421,Vinho,156,China,105,0.003,direct
2014,220429,Vinho,620,Portugal,2652772,99.991,direct
2014,220429,Vinho,586,Paquistão,147,0.006,direct
2014,220429,Vinho,24,Angola,65,0.002,direct
2014,220429,Vinho,251,França,20,0.001,direct
2014,230990,"Dog or cat food; (not put up for retail sale), used in animal feeding",620,Portugal,1179303,99.98,direct
2014,230990,"Dog or cat food; (not put up for retail sale), used in animal feeding",251,França,232,0.02,direct
2014,252329,"Cement; portland, other than white, whether or not artificially coloured",620,Portugal,4449525,88.423,direct
2014,252329,"Cement; portland, other than white, whether or not artificially coloured",724,Espanha,531253,10.557,direct
2014,252329,"Cement; portland, other than white, whether or not artificially coloured",120,Camarões,51312,1.02,direct
2014,271011,Combustíveis refinados,24,Angola,34538354,91.133,direct
2014,271011,Combustíveis refinados,842,EUA,2343999,6.185,direct
2014,271011,Combustíveis refinados,620,Portugal,960891,2.535,direct
2014,271011,Combustíveis refinados,784,Emirados Árabes Unidos,50539,0.133,direct
2014,271011,Combustíveis refinados,120,Camarões,4573,0.012,direct
2014,271011,Combustíveis refinados,566,Nigéria,338,0.001,direct
2014,271011,Combustíveis refinados,156,China,184,0.0,direct
2014,340119,"Soap and organic surface-active products; in the form of bars, cakes, moulded shapes, and paper, wadding, felt and nonwovens, impregnated, coated or covered with soap or detergent, not for toilet use",620,Portugal,1211541,97.748,direct
2014,340119,"Soap and organic surface-active products; in the form of bars, cakes, moulded shapes, and paper, wadding, felt and nonwovens, impregnated, coated or covered with soap or detergent, not for toilet use",156,China,19980,1.612,direct
2014,340119,"Soap and organic surface-active products; in the form of bars, cakes, moulded shapes, and paper, wadding, felt and nonwovens, impregnated, coated or covered with soap or detergent, not for toilet use",699,Índia,6803,0.549,direct
2014,340119,"Soap and organic surface-active products; in the form of bars, cakes, moulded shapes, and paper, wadding, felt and nonwovens, impregnated, coated or covered with soap or detergent, not for toilet use",724,Espanha,907,0.073,direct
2014,340119,"Soap and organic surface-active products; in the form of bars, cakes, moulded shapes, and paper, wadding, felt and nonwovens, impregnated, coated or covered with soap or detergent, not for toilet use",132,Cabo Verde,111,0.009,direct
2014,340119,"Soap and organic surface-active products; in the form of bars, cakes, moulded shapes, and paper, wadding, felt and nonwovens, impregnated, coated or covered with soap or detergent, not for toilet use",251,França,82,0.007,direct
2014,340119,"Soap and organic surface-active products; in the form of bars, cakes, moulded shapes, and paper, wadding, felt and nonwovens, impregnated, coated or covered with soap or detergent, not for toilet use",710,África do Sul,30,0.002,direct
2014,630900,"Clothing; worn, and other worn articles",620,Portugal,588469,50.397,direct
2014,630900,"Clothing; worn, and other worn articles",56,Bélgica,236765,20.277,direct
2014,630900,"Clothing; worn, and other worn articles",528,Países Baixos,124728,10.682,direct
2014,630900,"Clothing; worn, and other worn articles",156,China,92445,7.917,direct
2014,630900,"Clothing; worn, and other worn articles",276,Alemanha,79544,6.812,direct
2014,630900,"Clothing; worn, and other worn articles",699,Índia,36758,3.148,direct
2014,630900,"Clothing; worn, and other worn articles",24,Angola,6502,0.557,direct
2014,630900,"Clothing; worn, and other worn articles",392,Japão,924,0.079,direct
2014,850213,"Electric generating sets; with compression-ignition internal combustion piston engines (diesel or semi-diesel engines), of an output exceeding 375kVA",620,Portugal,333728,100.0,direct
2014,870323,Automóveis de passageiros,620,Portugal,858540,70.169,direct
2014,870323,Automóveis de passageiros,266,Gabão,127188,10.395,direct
2014,870323,Automóveis de passageiros,208,Dinamarca,79050,6.461,direct
2014,870323,Automóveis de passageiros,56,Bélgica,64247,5.251,direct
2014,870323,Automóveis de passageiros,784,Emirados Árabes Unidos,36971,3.022,direct
2014,870323,Automóveis de passageiros,392,Japão,35925,2.936,direct
2014,870323,Automóveis de passageiros,276,Alemanha,12402,1.014,direct
2014,870323,Automóveis de passageiros,768,Togo,5005,0.409,direct
2014,870332,Automóveis de passageiros,620,Portugal,1095482,53.612,direct
2014,870332,Automóveis de passageiros,266,Gabão,383193,18.753,direct
2014,870332,Automóveis de passageiros,56,Bélgica,208845,10.221,direct
2014,870332,Automóveis de passageiros,392,Japão,87222,4.269,direct
2014,870332,Automóveis de passageiros,251,França,71062,3.478,direct
2014,870332,Automóveis de passageiros,276,Alemanha,59204,2.897,direct
2014,870332,Automóveis de passageiros,710,África do Sul,51018,2.497,direct
2014,870332,Automóveis de passageiros,24,Angola,45656,2.234,direct
2014,870333,Automóveis de passageiros,266,Gabão,1583755,69.756,direct
2014,870333,Automóveis de passageiros,620,Portugal,338685,14.917,direct
2014,870333,Automóveis de passageiros,24,Angola,196164,8.64,direct
2014,870333,Automóveis de passageiros,251,França,96053,4.231,direct
2014,870333,Automóveis de passageiros,56,Bélgica,52466,2.311,direct
2014,870333,Automóveis de passageiros,724,Espanha,3282,0.145,direct
2014,871120,"Motorcycles (including mopeds) and cycles; fitted with an auxiliary motor, internal combustion piston engine, of cylinder capacity exceeding 50cc but not exceeding 250cc, with or without side-cars; side-cars",156,China,932781,84.272,direct
2014,871120,"Motorcycles (including mopeds) and cycles; fitted with an auxiliary motor, internal combustion piston engine, of cylinder capacity exceeding 50cc but not exceeding 250cc, with or without side-cars; side-cars",620,Portugal,156437,14.133,direct
2014,871120,"Motorcycles (including mopeds) and cycles; fitted with an auxiliary motor, internal combustion piston engine, of cylinder capacity exceeding 50cc but not exceeding 250cc, with or without side-cars; side-cars",24,Angola,10717,0.968,direct
2014,871120,"Motorcycles (including mopeds) and cycles; fitted with an auxiliary motor, internal combustion piston engine, of cylinder capacity exceeding 50cc but not exceeding 250cc, with or without side-cars; side-cars",392,Japão,4036,0.365,direct
2014,871120,"Motorcycles (including mopeds) and cycles; fitted with an auxiliary motor, internal combustion piston engine, of cylinder capacity exceeding 50cc but not exceeding 250cc, with or without side-cars; side-cars",266,Gabão,2899,0.262,direct
2014,999999,Commodities not specified according to kind,24,Angola,35175,81.846,direct
2014,999999,Commodities not specified according to kind,620,Portugal,6754,15.715,direct
2014,999999,Commodities not specified according to kind,784,Emirados Árabes Unidos,902,2.099,direct
2014,999999,Commodities not specified according to kind,156,China,146,0.34,direct
2014,020714,"Meat and edible offal; of fowls of the species Gallus domesticus, cuts and offal, frozen",620,Portugal,1374612,57.617,mirror
2014,020714,"Meat and edible offal; of fowls of the species Gallus domesticus, cuts and offal, frozen",528,Países Baixos,651275,27.298,mirror
2014,020714,"Meat and edible offal; of fowls of the species Gallus domesticus, cuts and offal, frozen",251,França,160023,6.707,mirror
2014,020714,"Meat and edible offal; of fowls of the species Gallus domesticus, cuts and offal, frozen",276,Alemanha,119802,5.022,mirror
2014,020714,"Meat and edible offal; of fowls of the species Gallus domesticus, cuts and offal, frozen",56,Bélgica,42388,1.777,mirror
2014,020714,"Meat and edible offal; of fowls of the species Gallus domesticus, cuts and offal, frozen",76,Brasil,37658,1.578,mirror
2014,071333,"Vegetables, leguminous; kidney beans, including white pea beans (phaseolus vulgaris), shelled, whether or not skinned or split, dried",620,Portugal,872985,96.315,mirror
2014,071333,"Vegetables, leguminous; kidney beans, including white pea beans (phaseolus vulgaris), shelled, whether or not skinned or split, dried",231,Etiópia,33365,3.681,mirror
2014,071333,"Vegetables, leguminous; kidney beans, including white pea beans (phaseolus vulgaris), shelled, whether or not skinned or split, dried",214,República Dominicana,38,0.004,mirror
2014,100620,Arroz,620,Portugal,745,100.0,mirror
2014,100630,Arroz,764,Tailândia,1387512,31.711,mirror
2014,100630,Arroz,392,Japão,1337724,30.573,mirror
2014,100630,Arroz,620,Portugal,1130061,25.827,mirror
2014,100630,Arroz,699,Índia,519479,11.872,mirror
2014,100630,Arroz,490,Taiwan (Prov. China),694,0.016,mirror
2014,100630,Arroz,251,França,44,0.001,mirror
2014,100630,Arroz,710,África do Sul,2,0.0,mirror
2014,110100,Wheat or meslin flour,620,Portugal,2996927,95.155,mirror
2014,110100,Wheat or meslin flour,56,Bélgica,152433,4.84,mirror
2014,110100,Wheat or meslin flour,251,França,84,0.003,mirror
2014,110100,Wheat or meslin flour,490,Taiwan (Prov. China),66,0.002,mirror
2014,150790,Óleo de soja,620,Portugal,2225939,100.0,mirror
2014,160100,"Meat preparations; sausages and similar products, of meat, meat offal, blood or insects, and food preparations based on these products",620,Portugal,998128,99.67,mirror
2014,160100,"Meat preparations; sausages and similar products, of meat, meat offal, blood or insects, and food preparations based on these products",251,França,3301,0.33,mirror
2014,220210,"Waters; including mineral and aerated, containing added sugar or other sweetening matter or flavoured",620,Portugal,662144,99.844,mirror
2014,220210,"Waters; including mineral and aerated, containing added sugar or other sweetening matter or flavoured",251,França,1032,0.156,mirror
2014,220290,220290,620,Portugal,2261721,93.867,mirror
2014,220290,220290,76,Brasil,46170,1.916,mirror
2014,220290,220290,214,República Dominicana,40061,1.663,mirror
2014,220290,220290,422,Líbano,31307,1.299,mirror
2014,220290,220290,12,Argélia,27587,1.145,mirror
2014,220290,220290,251,França,2615,0.109,mirror
2014,220290,220290,490,Taiwan (Prov. China),33,0.001,mirror
2014,220300,Cerveja,620,Portugal,1789035,97.065,mirror
2014,220300,Cerveja,724,Espanha,51578,2.798,mirror
2014,220300,Cerveja,251,França,1615,0.088,mirror
2014,220300,Cerveja,56,Bélgica,902,0.049,mirror
2014,220421,Vinho,620,Portugal,2736888,98.306,mirror
2014,220421,Vinho,214,República Dominicana,17850,0.641,mirror
2014,220421,Vinho,710,África do Sul,16234,0.583,mirror
2014,220421,Vinho,380,Itália,6704,0.241,mirror
2014,220421,Vinho,251,França,6378,0.229,mirror
2014,220429,Vinho,620,Portugal,2243465,100.0,mirror
2014,230990,"Dog or cat food; (not put up for retail sale), used in animal feeding",620,Portugal,782309,100.0,mirror
2014,252329,"Cement; portland, other than white, whether or not artificially coloured",620,Portugal,1524933,97.177,mirror
2014,252329,"Cement; portland, other than white, whether or not artificially coloured",120,Camarões,44300,2.823,mirror
2014,271011,Combustíveis refinados,266,Gabão,123574,100.0,mirror
2014,340119,"Soap and organic surface-active products; in the form of bars, cakes, moulded shapes, and paper, wadding, felt and nonwovens, impregnated, coated or covered with soap or detergent, not for toilet use",620,Portugal,1515113,98.107,mirror
2014,340119,"Soap and organic surface-active products; in the form of bars, cakes, moulded shapes, and paper, wadding, felt and nonwovens, impregnated, coated or covered with soap or detergent, not for toilet use",156,China,29235,1.893,mirror
2014,630900,"Clothing; worn, and other worn articles",276,Alemanha,528629,34.776,mirror
2014,630900,"Clothing; worn, and other worn articles",56,Bélgica,319217,21.0,mirror
2014,630900,"Clothing; worn, and other worn articles",528,Países Baixos,264151,17.377,mirror
2014,630900,"Clothing; worn, and other worn articles",699,Índia,116211,7.645,mirror
2014,630900,"Clothing; worn, and other worn articles",251,França,94993,6.249,mirror
2014,630900,"Clothing; worn, and other worn articles",620,Portugal,80377,5.288,mirror
2014,630900,"Clothing; worn, and other worn articles",156,China,76993,5.065,mirror
2014,630900,"Clothing; worn, and other worn articles",380,Itália,39519,2.6,mirror
2014,850213,"Electric generating sets; with compression-ignition internal combustion piston engines (diesel or semi-diesel engines), of an output exceeding 375kVA",620,Portugal,352450,100.0,mirror
2014,870323,Automóveis de passageiros,620,Portugal,580611,79.553,mirror
2014,870323,Automóveis de passageiros,266,Gabão,125221,17.157,mirror
2014,870323,Automóveis de passageiros,842,EUA,17565,2.407,mirror
2014,870323,Automóveis de passageiros,56,Bélgica,6446,0.883,mirror
2014,870332,Automóveis de passageiros,266,Gabão,690583,60.397,mirror
2014,870332,Automóveis de passageiros,620,Portugal,425069,37.175,mirror
2014,870332,Automóveis de passageiros,826,Reino Unido,16466,1.44,mirror
2014,870332,Automóveis de passageiros,56,Bélgica,11297,0.988,mirror
2014,870333,Automóveis de passageiros,266,Gabão,554593,92.781,mirror
2014,870333,Automóveis de passageiros,620,Portugal,35238,5.895,mirror
2014,870333,Automóveis de passageiros,251,França,4034,0.675,mirror
2014,870333,Automóveis de passageiros,56,Bélgica,3881,0.649,mirror
2014,871120,"Motorcycles (including mopeds) and cycles; fitted with an auxiliary motor, internal combustion piston engine, of cylinder capacity exceeding 50cc but not exceeding 250cc, with or without side-cars; side-cars",156,China,210460,71.601,mirror
2014,871120,"Motorcycles (including mopeds) and cycles; fitted with an auxiliary motor, internal combustion piston engine, of cylinder capacity exceeding 50cc but not exceeding 250cc, with or without side-cars; side-cars",620,Portugal,42351,14.408,mirror
2014,871120,"Motorcycles (including mopeds) and cycles; fitted with an auxiliary motor, internal combustion piston engine, of cylinder capacity exceeding 50cc but not exceeding 250cc, with or without side-cars; side-cars",699,Índia,29826,10.147,mirror
2014,871120,"Motorcycles (including mopeds) and cycles; fitted with an auxiliary motor, internal combustion piston engine, of cylinder capacity exceeding 50cc but not exceeding 250cc, with or without side-cars; side-cars",56,Bélgica,11297,3.843,mirror
2014,999999,Commodities not specified according to kind,251,França,56703,41.511,mirror
2014,999999,Commodities not specified according to kind,842,EUA,45876,33.585,mirror
2014,999999,Commodities not specified according to kind,276,Alemanha,13640,9.986,mirror
2014,999999,Commodities not specified according to kind,380,Itália,8643,6.327,mirror
2014,999999,Commodities not specified according to kind,757,Suíça,7833,5.735,mirror
2014,999999,Commodities not specified according to kind,344,Hong Kong (RAEHK),2208,1.616,mirror
2014,999999,Commodities not specified according to kind,490,Taiwan (Prov. China),1156,0.846,mirror
2014,999999,Commodities not specified according to kind,724,Espanha,537,0.393,mirror
2015,020714,"Meat and edible offal; of fowls of the species Gallus domesticus, cuts and offal, frozen",620,Portugal,1120546,40.921,direct
2015,020714,"Meat and edible offal; of fowls of the species Gallus domesticus, cuts and offal, frozen",528,Países Baixos,516631,18.867,direct
2015,020714,"Meat and edible offal; of fowls of the species Gallus domesticus, cuts and offal, frozen",724,Espanha,407735,14.89,direct
2015,020714,"Meat and edible offal; of fowls of the species Gallus domesticus, cuts and offal, frozen",56,Bélgica,319222,11.658,direct
2015,020714,"Meat and edible offal; of fowls of the species Gallus domesticus, cuts and offal, frozen",251,França,175998,6.427,direct
2015,020714,"Meat and edible offal; of fowls of the species Gallus domesticus, cuts and offal, frozen",276,Alemanha,107292,3.918,direct
2015,020714,"Meat and edible offal; of fowls of the species Gallus domesticus, cuts and offal, frozen",380,Itália,55613,2.031,direct
2015,020714,"Meat and edible offal; of fowls of the species Gallus domesticus, cuts and offal, frozen",616,Polónia,25762,0.941,direct
2015,071333,"Vegetables, leguminous; kidney beans, including white pea beans (phaseolus vulgaris), shelled, whether or not skinned or split, dried",620,Portugal,891266,94.51,direct
2015,071333,"Vegetables, leguminous; kidney beans, including white pea beans (phaseolus vulgaris), shelled, whether or not skinned or split, dried",231,Etiópia,51618,5.474,direct
2015,071333,"Vegetables, leguminous; kidney beans, including white pea beans (phaseolus vulgaris), shelled, whether or not skinned or split, dried",251,França,111,0.012,direct
2015,071333,"Vegetables, leguminous; kidney beans, including white pea beans (phaseolus vulgaris), shelled, whether or not skinned or split, dried",266,Gabão,47,0.005,direct
2015,100620,Arroz,392,Japão,1325347,83.393,direct
2015,100620,Arroz,620,Portugal,199068,12.526,direct
2015,100620,Arroz,586,Paquistão,40303,2.536,direct
2015,100620,Arroz,699,Índia,24497,1.541,direct
2015,100620,Arroz,156,China,60,0.004,direct
2015,100630,Arroz,620,Portugal,1677405,34.366,direct
2015,100630,Arroz,392,Japão,1335511,27.361,direct
2015,100630,Arroz,764,Tailândia,1162608,23.819,direct
2015,100630,Arroz,699,Índia,461494,9.455,direct
2015,100630,Arroz,422,Líbano,152768,3.13,direct
2015,100630,Arroz,704,Vietname,45485,0.932,direct
2015,100630,Arroz,586,Paquistão,23657,0.485,direct
2015,100630,Arroz,724,Espanha,16511,0.338,direct
2015,110100,Wheat or meslin flour,620,Portugal,3221546,99.989,direct
2015,110100,Wheat or meslin flour,251,França,312,0.01,direct
2015,110100,Wheat or meslin flour,724,Espanha,21,0.001,direct
2015,110100,Wheat or meslin flour,784,Emirados Árabes Unidos,18,0.001,direct
2015,110100,Wheat or meslin flour,710,África do Sul,14,0.0,direct
2015,150790,Óleo de soja,620,Portugal,2432137,98.379,direct
2015,150790,Óleo de soja,360,Indonésia,39994,1.618,direct
2015,150790,Óleo de soja,24,Angola,47,0.002,direct
2015,150790,Óleo de soja,156,China,27,0.001,direct
2015,160100,"Meat preparations; sausages and similar products, of meat, meat offal, blood or insects, and food preparations based on these products",620,Portugal,972210,93.64,direct
2015,160100,"Meat preparations; sausages and similar products, of meat, meat offal, blood or insects, and food preparations based on these products",344,Hong Kong (RAEHK),33320,3.209,direct
2015,160100,"Meat preparations; sausages and similar products, of meat, meat offal, blood or insects, and food preparations based on these products",76,Brasil,32535,3.134,direct
2015,160100,"Meat preparations; sausages and similar products, of meat, meat offal, blood or insects, and food preparations based on these products",251,França,172,0.017,direct
2015,170111,Açúcar de cana ou de beterraba,620,Portugal,746463,73.758,direct
2015,170111,Açúcar de cana ou de beterraba,56,Bélgica,252138,24.914,direct
2015,170111,Açúcar de cana ou de beterraba,156,China,11213,1.108,direct
2015,170111,Açúcar de cana ou de beterraba,24,Angola,1835,0.181,direct
2015,170111,Açúcar de cana ou de beterraba,251,França,393,0.039,direct
2015,220210,"Waters; including mineral and aerated, containing added sugar or other sweetening matter or flavoured",620,Portugal,1938229,82.89,direct
2015,220210,"Waters; including mineral and aerated, containing added sugar or other sweetening matter or flavoured",724,Espanha,308359,13.187,direct
2015,220210,"Waters; including mineral and aerated, containing added sugar or other sweetening matter or flavoured",528,Países Baixos,91157,3.898,direct
2015,220210,"Waters; including mineral and aerated, containing added sugar or other sweetening matter or flavoured",251,França,580,0.025,direct
2015,220290,220290,620,Portugal,508129,99.388,direct
2015,220290,220290,24,Angola,2272,0.444,direct
2015,220290,220290,251,França,591,0.116,direct
2015,220290,220290,710,África do Sul,264,0.052,direct
2015,220300,Cerveja,620,Portugal,1727744,97.639,direct
2015,220300,Cerveja,724,Espanha,20155,1.139,direct
2015,220300,Cerveja,266,Gabão,14700,0.831,direct
2015,220300,Cerveja,251,França,4230,0.239,direct
2015,220300,Cerveja,24,Angola,1640,0.093,direct
2015,220300,Cerveja,56,Bélgica,903,0.051,direct
2015,220300,Cerveja,156,China,142,0.008,direct
2015,220300,Cerveja,796,Turks and Caicos Isds,12,0.001,direct
2015,220421,Vinho,620,Portugal,2224356,99.858,direct
2015,220421,Vinho,251,França,2319,0.104,direct
2015,220421,Vinho,380,Itália,750,0.034,direct
2015,220421,Vinho,156,China,96,0.004,direct
2015,220429,Vinho,620,Portugal,1839772,99.53,direct
2015,220429,Vinho,710,África do Sul,8592,0.465,direct
2015,220429,Vinho,796,Turks and Caicos Isds,56,0.003,direct
2015,220429,Vinho,251,França,48,0.003,direct
2015,230990,"Dog or cat food; (not put up for retail sale), used in animal feeding",620,Portugal,1106176,99.264,direct
2015,230990,"Dog or cat food; (not put up for retail sale), used in animal feeding",842,EUA,6755,0.606,direct
2015,230990,"Dog or cat food; (not put up for retail sale), used in animal feeding",251,França,1448,0.13,direct
2015,252329,"Cement; portland, other than white, whether or not artificially coloured",620,Portugal,3142214,94.85,direct
2015,252329,"Cement; portland, other than white, whether or not artificially coloured",24,Angola,170611,5.15,direct
2015,340119,"Soap and organic surface-active products; in the form of bars, cakes, moulded shapes, and paper, wadding, felt and nonwovens, impregnated, coated or covered with soap or detergent, not for toilet use",620,Portugal,833037,92.924,direct
2015,340119,"Soap and organic surface-active products; in the form of bars, cakes, moulded shapes, and paper, wadding, felt and nonwovens, impregnated, coated or covered with soap or detergent, not for toilet use",586,Paquistão,48142,5.37,direct
2015,340119,"Soap and organic surface-active products; in the form of bars, cakes, moulded shapes, and paper, wadding, felt and nonwovens, impregnated, coated or covered with soap or detergent, not for toilet use",156,China,14493,1.617,direct
2015,340119,"Soap and organic surface-active products; in the form of bars, cakes, moulded shapes, and paper, wadding, felt and nonwovens, impregnated, coated or covered with soap or detergent, not for toilet use",251,França,788,0.088,direct
2015,340119,"Soap and organic surface-active products; in the form of bars, cakes, moulded shapes, and paper, wadding, felt and nonwovens, impregnated, coated or covered with soap or detergent, not for toilet use",566,Nigéria,13,0.001,direct
2015,630900,"Clothing; worn, and other worn articles",620,Portugal,234668,27.894,direct
2015,630900,"Clothing; worn, and other worn articles",56,Bélgica,154320,18.343,direct
2015,630900,"Clothing; worn, and other worn articles",528,Países Baixos,141919,16.869,direct
2015,630900,"Clothing; worn, and other worn articles",276,Alemanha,103127,12.258,direct
2015,630900,"Clothing; worn, and other worn articles",724,Espanha,53394,6.347,direct
2015,630900,"Clothing; worn, and other worn articles",156,China,40418,4.804,direct
2015,630900,"Clothing; worn, and other worn articles",251,França,35311,4.197,direct
2015,630900,"Clothing; worn, and other worn articles",699,Índia,22539,2.679,direct
2015,850213,"Electric generating sets; with compression-ignition internal combustion piston engines (diesel or semi-diesel engines), of an output exceeding 375kVA",620,Portugal,806708,100.0,direct
2015,870323,Automóveis de passageiros,620,Portugal,567669,61.038,direct
2015,870323,Automóveis de passageiros,266,Gabão,167058,17.963,direct
2015,870323,Automóveis de passageiros,251,França,52587,5.654,direct
2015,870323,Automóveis de passageiros,56,Bélgica,40789,4.386,direct
2015,870323,Automóveis de passageiros,724,Espanha,26868,2.889,direct
2015,870323,Automóveis de passageiros,392,Japão,26815,2.883,direct
2015,870323,Automóveis de passageiros,764,Tailândia,18116,1.948,direct
2015,870323,Automóveis de passageiros,156,China,17628,1.895,direct
2015,870332,Automóveis de passageiros,620,Portugal,703846,63.284,direct
2015,870332,Automóveis de passageiros,56,Bélgica,112955,10.156,direct
2015,870332,Automóveis de passageiros,266,Gabão,98600,8.865,direct
2015,870332,Automóveis de passageiros,251,França,62620,5.63,direct
2015,870332,Automóveis de passageiros,392,Japão,51773,4.655,direct
2015,870332,Automóveis de passageiros,764,Tailândia,25113,2.258,direct
2015,870332,Automóveis de passageiros,276,Alemanha,16976,1.526,direct
2015,870332,Automóveis de passageiros,710,África do Sul,16871,1.517,direct
2015,870333,Automóveis de passageiros,266,Gabão,676303,47.205,direct
2015,870333,Automóveis de passageiros,392,Japão,362620,25.31,direct
2015,870333,Automóveis de passageiros,620,Portugal,209748,14.64,direct
2015,870333,Automóveis de passageiros,56,Bélgica,120905,8.439,direct
2015,870333,Automóveis de passageiros,276,Alemanha,36440,2.543,direct
2015,870333,Automóveis de passageiros,528,Países Baixos,16400,1.145,direct
2015,870333,Automóveis de passageiros,300,Grécia,10286,0.718,direct
2015,871120,"Motorcycles (including mopeds) and cycles; fitted with an auxiliary motor, internal combustion piston engine, of cylinder capacity exceeding 50cc but not exceeding 250cc, with or without side-cars; side-cars",156,China,1020473,80.032,direct
2015,871120,"Motorcycles (including mopeds) and cycles; fitted with an auxiliary motor, internal combustion piston engine, of cylinder capacity exceeding 50cc but not exceeding 250cc, with or without side-cars; side-cars",768,Togo,123567,9.691,direct
2015,871120,"Motorcycles (including mopeds) and cycles; fitted with an auxiliary motor, internal combustion piston engine, of cylinder capacity exceeding 50cc but not exceeding 250cc, with or without side-cars; side-cars",24,Angola,48392,3.795,direct
2015,871120,"Motorcycles (including mopeds) and cycles; fitted with an auxiliary motor, internal combustion piston engine, of cylinder capacity exceeding 50cc but not exceeding 250cc, with or without side-cars; side-cars",251,França,30893,2.423,direct
2015,871120,"Motorcycles (including mopeds) and cycles; fitted with an auxiliary motor, internal combustion piston engine, of cylinder capacity exceeding 50cc but not exceeding 250cc, with or without side-cars; side-cars",620,Portugal,29856,2.341,direct
2015,871120,"Motorcycles (including mopeds) and cycles; fitted with an auxiliary motor, internal combustion piston engine, of cylinder capacity exceeding 50cc but not exceeding 250cc, with or without side-cars; side-cars",266,Gabão,13943,1.093,direct
2015,871120,"Motorcycles (including mopeds) and cycles; fitted with an auxiliary motor, internal combustion piston engine, of cylinder capacity exceeding 50cc but not exceeding 250cc, with or without side-cars; side-cars",392,Japão,5617,0.441,direct
2015,871120,"Motorcycles (including mopeds) and cycles; fitted with an auxiliary motor, internal combustion piston engine, of cylinder capacity exceeding 50cc but not exceeding 250cc, with or without side-cars; side-cars",566,Nigéria,2341,0.184,direct
2015,999999,Commodities not specified according to kind,24,Angola,28935613,92.268,direct
2015,999999,Commodities not specified according to kind,842,EUA,1282671,4.09,direct
2015,999999,Commodities not specified according to kind,620,Portugal,977696,3.118,direct
2015,999999,Commodities not specified according to kind,784,Emirados Árabes Unidos,158391,0.505,direct
2015,999999,Commodities not specified according to kind,56,Bélgica,2240,0.007,direct
2015,999999,Commodities not specified according to kind,566,Nigéria,1882,0.006,direct
2015,999999,Commodities not specified according to kind,710,África do Sul,1603,0.005,direct
2015,999999,Commodities not specified according to kind,266,Gabão,216,0.001,direct
2015,020714,"Meat and edible offal; of fowls of the species Gallus domesticus, cuts and offal, frozen",620,Portugal,1036858,51.498,mirror
2015,020714,"Meat and edible offal; of fowls of the species Gallus domesticus, cuts and offal, frozen",528,Países Baixos,742981,36.902,mirror
2015,020714,"Meat and edible offal; of fowls of the species Gallus domesticus, cuts and offal, frozen",56,Bélgica,125908,6.254,mirror
2015,020714,"Meat and edible offal; of fowls of the species Gallus domesticus, cuts and offal, frozen",380,Itália,41147,2.044,mirror
2015,020714,"Meat and edible offal; of fowls of the species Gallus domesticus, cuts and offal, frozen",251,França,22236,1.104,mirror
2015,020714,"Meat and edible offal; of fowls of the species Gallus domesticus, cuts and offal, frozen",616,Polónia,20016,0.994,mirror
2015,020714,"Meat and edible offal; of fowls of the species Gallus domesticus, cuts and offal, frozen",276,Alemanha,16913,0.84,mirror
2015,020714,"Meat and edible offal; of fowls of the species Gallus domesticus, cuts and offal, frozen",724,Espanha,7324,0.364,mirror
2015,071333,"Vegetables, leguminous; kidney beans, including white pea beans (phaseolus vulgaris), shelled, whether or not skinned or split, dried",620,Portugal,697819,100.0,mirror
2015,100620,Arroz,620,Portugal,171,77.806,mirror
2015,100620,Arroz,24,Angola,49,22.194,mirror
2015,100630,Arroz,620,Portugal,1336180,39.49,mirror
2015,100630,Arroz,392,Japão,1258607,37.197,mirror
2015,100630,Arroz,764,Tailândia,512975,15.161,mirror
2015,100630,Arroz,699,Índia,245492,7.255,mirror
2015,100630,Arroz,586,Paquistão,28486,0.842,mirror
2015,100630,Arroz,24,Angola,1782,0.053,mirror
2015,100630,Arroz,251,França,58,0.002,mirror
2015,110100,Wheat or meslin flour,620,Portugal,2467333,97.91,mirror
2015,110100,Wheat or meslin flour,56,Bélgica,52648,2.089,mirror
2015,110100,Wheat or meslin flour,251,França,21,0.001,mirror
2015,150790,Óleo de soja,620,Portugal,2331330,100.0,mirror
2015,150790,Óleo de soja,24,Angola,4,0.0,mirror
2015,160100,"Meat preparations; sausages and similar products, of meat, meat offal, blood or insects, and food preparations based on these products",620,Portugal,873528,99.298,mirror
2015,160100,"Meat preparations; sausages and similar products, of meat, meat offal, blood or insects, and food preparations based on these products",251,França,6175,0.702,mirror
2015,220210,"Waters; including mineral and aerated, containing added sugar or other sweetening matter or flavoured",620,Portugal,520193,54.851,mirror
2015,220210,"Waters; including mineral and aerated, containing added sugar or other sweetening matter or flavoured",528,Países Baixos,417708,44.045,mirror
2015,220210,"Waters; including mineral and aerated, containing added sugar or other sweetening matter or flavoured",792,Turquia,10471,1.104,mirror
2015,220290,220290,620,Portugal,1549448,92.526,mirror
2015,220290,220290,422,Líbano,64159,3.831,mirror
2015,220290,220290,214,República Dominicana,46710,2.789,mirror
2015,220290,220290,842,EUA,6653,0.397,mirror
2015,220290,220290,24,Angola,4848,0.29,mirror
2015,220290,220290,792,Turquia,1596,0.095,mirror
2015,220290,220290,251,França,1189,0.071,mirror
2015,220300,Cerveja,620,Portugal,1182601,98.307,mirror
2015,220300,Cerveja,724,Espanha,16999,1.413,mirror
2015,220300,Cerveja,251,França,1941,0.161,mirror
2015,220300,Cerveja,24,Angola,1428,0.119,mirror
2015,220421,Vinho,620,Portugal,1993150,99.102,mirror
2015,220421,Vinho,214,República Dominicana,11543,0.574,mirror
2015,220421,Vinho,251,França,4465,0.222,mirror
2015,220421,Vinho,24,Angola,2007,0.1,mirror
2015,220421,Vinho,710,África do Sul,49,0.002,mirror
2015,220429,Vinho,620,Portugal,1732783,99.635,mirror
2015,220429,Vinho,214,República Dominicana,6290,0.362,mirror
2015,220429,Vinho,24,Angola,33,0.002,mirror
2015,220429,Vinho,251,França,24,0.001,mirror
2015,230990,"Dog or cat food; (not put up for retail sale), used in animal feeding",620,Portugal,809522,99.729,mirror
2015,230990,"Dog or cat food; (not put up for retail sale), used in animal feeding",490,Taiwan (Prov. China),2202,0.271,mirror
2015,230990,"Dog or cat food; (not put up for retail sale), used in animal feeding",528,Países Baixos,1,0.0,mirror
2015,252329,"Cement; portland, other than white, whether or not artificially coloured",620,Portugal,1074776,73.295,mirror
2015,252329,"Cement; portland, other than white, whether or not artificially coloured",724,Espanha,263882,17.996,mirror
2015,252329,"Cement; portland, other than white, whether or not artificially coloured",24,Angola,127713,8.709,mirror
2015,271011,Combustíveis refinados,266,Gabão,473151,100.0,mirror
2015,340119,"Soap and organic surface-active products; in the form of bars, cakes, moulded shapes, and paper, wadding, felt and nonwovens, impregnated, coated or covered with soap or detergent, not for toilet use",620,Portugal,985804,98.642,mirror
2015,340119,"Soap and organic surface-active products; in the form of bars, cakes, moulded shapes, and paper, wadding, felt and nonwovens, impregnated, coated or covered with soap or detergent, not for toilet use",360,Indonésia,13570,1.358,mirror
2015,630900,"Clothing; worn, and other worn articles",276,Alemanha,408489,33.736,mirror
2015,630900,"Clothing; worn, and other worn articles",528,Países Baixos,242609,20.036,mirror
2015,630900,"Clothing; worn, and other worn articles",56,Bélgica,177470,14.657,mirror
2015,630900,"Clothing; worn, and other worn articles",251,França,142528,11.771,mirror
2015,630900,"Clothing; worn, and other worn articles",699,Índia,50308,4.155,mirror
2015,630900,"Clothing; worn, and other worn articles",724,Espanha,49987,4.128,mirror
2015,630900,"Clothing; worn, and other worn articles",380,Itália,36817,3.041,mirror
2015,630900,"Clothing; worn, and other worn articles",768,Togo,32950,2.721,mirror
2015,850213,"Electric generating sets; with compression-ignition internal combustion piston engines (diesel or semi-diesel engines), of an output exceeding 375kVA",620,Portugal,796145,99.997,mirror
2015,850213,"Electric generating sets; with compression-ignition internal combustion piston engines (diesel or semi-diesel engines), of an output exceeding 375kVA",528,Países Baixos,26,0.003,mirror
2015,870323,Automóveis de passageiros,620,Portugal,229657,57.524,mirror
2015,870323,Automóveis de passageiros,266,Gabão,141184,35.364,mirror
2015,870323,Automóveis de passageiros,784,Emirados Árabes Unidos,20967,5.252,mirror
2015,870323,Automóveis de passageiros,24,Angola,7426,1.86,mirror
2015,870332,Automóveis de passageiros,266,Gabão,456623,55.408,mirror
2015,870332,Automóveis de passageiros,620,Portugal,279004,33.855,mirror
2015,870332,Automóveis de passageiros,56,Bélgica,82170,9.971,mirror
2015,870332,Automóveis de passageiros,724,Espanha,6320,0.767,mirror
2015,870333,Automóveis de passageiros,266,Gabão,212865,68.012,mirror
2015,870333,Automóveis de passageiros,620,Portugal,96235,30.748,mirror
2015,870333,Automóveis de passageiros,56,Bélgica,3882,1.24,mirror
2015,871120,"Motorcycles (including mopeds) and cycles; fitted with an auxiliary motor, internal combustion piston engine, of cylinder capacity exceeding 50cc but not exceeding 250cc, with or without side-cars; side-cars",156,China,191698,96.999,mirror
2015,871120,"Motorcycles (including mopeds) and cycles; fitted with an auxiliary motor, internal combustion piston engine, of cylinder capacity exceeding 50cc but not exceeding 250cc, with or without side-cars; side-cars",620,Portugal,4958,2.509,mirror
2015,871120,"Motorcycles (including mopeds) and cycles; fitted with an auxiliary motor, internal combustion piston engine, of cylinder capacity exceeding 50cc but not exceeding 250cc, with or without side-cars; side-cars",24,Angola,972,0.492,mirror
2015,999999,Commodities not specified according to kind,682,Arábia Saudita,209247,70.353,mirror
2015,999999,Commodities not specified according to kind,276,Alemanha,26757,8.996,mirror
2015,999999,Commodities not specified according to kind,842,EUA,26468,8.899,mirror
2015,999999,Commodities not specified according to kind,490,Taiwan (Prov. China),6994,2.352,mirror
2015,999999,Commodities not specified according to kind,380,Itália,6706,2.255,mirror
2015,999999,Commodities not specified according to kind,757,Suíça,5918,1.99,mirror
2015,999999,Commodities not specified according to kind,344,Hong Kong (RAEHK),5247,1.764,mirror
2015,999999,Commodities not specified according to kind,251,França,4781,1.607,mirror
2016,020714,"Meat and edible offal; of fowls of the species Gallus domesticus, cuts and offal, frozen",620,Portugal,840367,32.91,direct
2016,020714,"Meat and edible offal; of fowls of the species Gallus domesticus, cuts and offal, frozen",56,Bélgica,443172,17.355,direct
2016,020714,"Meat and edible offal; of fowls of the species Gallus domesticus, cuts and offal, frozen",724,Espanha,383974,15.037,direct
2016,020714,"Meat and edible offal; of fowls of the species Gallus domesticus, cuts and offal, frozen",251,França,190802,7.472,direct
2016,020714,"Meat and edible offal; of fowls of the species Gallus domesticus, cuts and offal, frozen",76,Brasil,169477,6.637,direct
2016,020714,"Meat and edible offal; of fowls of the species Gallus domesticus, cuts and offal, frozen",276,Alemanha,163535,6.404,direct
2016,020714,"Meat and edible offal; of fowls of the species Gallus domesticus, cuts and offal, frozen",528,Países Baixos,149398,5.851,direct
2016,020714,"Meat and edible offal; of fowls of the species Gallus domesticus, cuts and offal, frozen",422,Líbano,125925,4.931,direct
2016,071333,"Vegetables, leguminous; kidney beans, including white pea beans (phaseolus vulgaris), shelled, whether or not skinned or split, dried",620,Portugal,922429,99.92,direct
2016,071333,"Vegetables, leguminous; kidney beans, including white pea beans (phaseolus vulgaris), shelled, whether or not skinned or split, dried",251,França,393,0.043,direct
2016,071333,"Vegetables, leguminous; kidney beans, including white pea beans (phaseolus vulgaris), shelled, whether or not skinned or split, dried",784,Emirados Árabes Unidos,308,0.033,direct
2016,071333,"Vegetables, leguminous; kidney beans, including white pea beans (phaseolus vulgaris), shelled, whether or not skinned or split, dried",768,Togo,40,0.004,direct
2016,100620,Arroz,724,Espanha,65548,79.647,direct
2016,100620,Arroz,620,Portugal,16582,20.149,direct
2016,100620,Arroz,784,Emirados Árabes Unidos,101,0.123,direct
2016,100620,Arroz,156,China,68,0.083,direct
2016,100630,Arroz,620,Portugal,2910233,53.525,direct
2016,100630,Arroz,392,Japão,1930229,35.501,direct
2016,100630,Arroz,764,Tailândia,324373,5.966,direct
2016,100630,Arroz,699,Índia,103608,1.906,direct
2016,100630,Arroz,724,Espanha,96931,1.783,direct
2016,100630,Arroz,702,Singapura,63252,1.163,direct
2016,100630,Arroz,682,Arábia Saudita,4638,0.085,direct
2016,100630,Arroz,156,China,3208,0.059,direct
2016,110100,Wheat or meslin flour,620,Portugal,3093431,92.806,direct
2016,110100,Wheat or meslin flour,56,Bélgica,216116,6.484,direct
2016,110100,Wheat or meslin flour,528,Países Baixos,22771,0.683,direct
2016,110100,Wheat or meslin flour,422,Líbano,362,0.011,direct
2016,110100,Wheat or meslin flour,251,França,296,0.009,direct
2016,110100,Wheat or meslin flour,784,Emirados Árabes Unidos,141,0.004,direct
2016,110100,Wheat or meslin flour,156,China,118,0.004,direct
2016,150790,Óleo de soja,620,Portugal,1891603,99.236,direct
2016,150790,Óleo de soja,360,Indonésia,14541,0.763,direct
2016,150790,Óleo de soja,380,Itália,10,0.001,direct
2016,150790,Óleo de soja,490,Taiwan (Prov. China),3,0.0,direct
2016,160100,"Meat preparations; sausages and similar products, of meat, meat offal, blood or insects, and food preparations based on these products",620,Portugal,1027237,92.679,direct
2016,160100,"Meat preparations; sausages and similar products, of meat, meat offal, blood or insects, and food preparations based on these products",76,Brasil,80683,7.279,direct
2016,160100,"Meat preparations; sausages and similar products, of meat, meat offal, blood or insects, and food preparations based on these products",251,França,467,0.042,direct
2016,170111,Açúcar de cana ou de beterraba,620,Portugal,988466,68.541,direct
2016,170111,Açúcar de cana ou de beterraba,56,Bélgica,453417,31.44,direct
2016,170111,Açúcar de cana ou de beterraba,251,França,276,0.019,direct
2016,220210,"Waters; including mineral and aerated, containing added sugar or other sweetening matter or flavoured",620,Portugal,1348113,75.098,direct
2016,220210,"Waters; including mineral and aerated, containing added sugar or other sweetening matter or flavoured",724,Espanha,369704,20.595,direct
2016,220210,"Waters; including mineral and aerated, containing added sugar or other sweetening matter or flavoured",56,Bélgica,76282,4.249,direct
2016,220210,"Waters; including mineral and aerated, containing added sugar or other sweetening matter or flavoured",251,França,1028,0.057,direct
2016,220210,"Waters; including mineral and aerated, containing added sugar or other sweetening matter or flavoured",784,Emirados Árabes Unidos,13,0.001,direct
2016,220290,220290,620,Portugal,1143399,99.762,direct
2016,220290,220290,251,França,2411,0.21,direct
2016,220290,220290,724,Espanha,313,0.027,direct
2016,220300,Cerveja,620,Portugal,1895394,98.359,direct
2016,220300,Cerveja,24,Angola,28320,1.47,direct
2016,220300,Cerveja,251,França,2820,0.146,direct
2016,220300,Cerveja,724,Espanha,480,0.025,direct
2016,220421,Vinho,620,Portugal,2333388,99.359,direct
2016,220421,Vinho,724,Espanha,12248,0.522,direct
2016,220421,Vinho,251,França,1991,0.085,direct
2016,220421,Vinho,120,Camarões,684,0.029,direct
2016,220421,Vinho,24,Angola,65,0.003,direct
2016,220421,Vinho,156,China,49,0.002,direct
2016,220421,Vinho,56,Bélgica,17,0.001,direct
2016,220429,Vinho,620,Portugal,2110101,99.846,direct
2016,220429,Vinho,724,Espanha,3218,0.152,direct
2016,220429,Vinho,899,"Areas, nes",44,0.002,direct
2016,230990,"Dog or cat food; (not put up for retail sale), used in animal feeding",620,Portugal,1214100,100.0,direct
2016,252329,"Cement; portland, other than white, whether or not artificially coloured",620,Portugal,2714114,76.224,direct
2016,252329,"Cement; portland, other than white, whether or not artificially coloured",24,Angola,824338,23.151,direct
2016,252329,"Cement; portland, other than white, whether or not artificially coloured",156,China,22267,0.625,direct
2016,340119,"Soap and organic surface-active products; in the form of bars, cakes, moulded shapes, and paper, wadding, felt and nonwovens, impregnated, coated or covered with soap or detergent, not for toilet use",620,Portugal,1058155,97.977,direct
2016,340119,"Soap and organic surface-active products; in the form of bars, cakes, moulded shapes, and paper, wadding, felt and nonwovens, impregnated, coated or covered with soap or detergent, not for toilet use",76,Brasil,20530,1.901,direct
2016,340119,"Soap and organic surface-active products; in the form of bars, cakes, moulded shapes, and paper, wadding, felt and nonwovens, impregnated, coated or covered with soap or detergent, not for toilet use",251,França,801,0.074,direct
2016,340119,"Soap and organic surface-active products; in the form of bars, cakes, moulded shapes, and paper, wadding, felt and nonwovens, impregnated, coated or covered with soap or detergent, not for toilet use",490,Taiwan (Prov. China),313,0.029,direct
2016,340119,"Soap and organic surface-active products; in the form of bars, cakes, moulded shapes, and paper, wadding, felt and nonwovens, impregnated, coated or covered with soap or detergent, not for toilet use",266,Gabão,182,0.017,direct
2016,340119,"Soap and organic surface-active products; in the form of bars, cakes, moulded shapes, and paper, wadding, felt and nonwovens, impregnated, coated or covered with soap or detergent, not for toilet use",156,China,27,0.002,direct
2016,630900,"Clothing; worn, and other worn articles",620,Portugal,354920,31.614,direct
2016,630900,"Clothing; worn, and other worn articles",276,Alemanha,218792,19.488,direct
2016,630900,"Clothing; worn, and other worn articles",56,Bélgica,171844,15.307,direct
2016,630900,"Clothing; worn, and other worn articles",528,Países Baixos,127046,11.316,direct
2016,630900,"Clothing; worn, and other worn articles",380,Itália,75457,6.721,direct
2016,630900,"Clothing; worn, and other worn articles",24,Angola,45111,4.018,direct
2016,630900,"Clothing; worn, and other worn articles",724,Espanha,37620,3.351,direct
2016,630900,"Clothing; worn, and other worn articles",251,França,35844,3.193,direct
2016,850213,"Electric generating sets; with compression-ignition internal combustion piston engines (diesel or semi-diesel engines), of an output exceeding 375kVA",620,Portugal,7879,59.635,direct
2016,850213,"Electric generating sets; with compression-ignition internal combustion piston engines (diesel or semi-diesel engines), of an output exceeding 375kVA",156,China,5333,40.365,direct
2016,870323,Automóveis de passageiros,620,Portugal,576807,56.935,direct
2016,870323,Automóveis de passageiros,266,Gabão,97152,9.59,direct
2016,870323,Automóveis de passageiros,56,Bélgica,91032,8.985,direct
2016,870323,Automóveis de passageiros,156,China,36281,3.581,direct
2016,870323,Automóveis de passageiros,348,Hungria,32862,3.244,direct
2016,870323,Automóveis de passageiros,251,França,32401,3.198,direct
2016,870323,Automóveis de passageiros,642,Roménia,23351,2.305,direct
2016,870323,Automóveis de passageiros,764,Tailândia,21249,2.097,direct
2016,870332,Automóveis de passageiros,266,Gabão,764670,34.04,direct
2016,870332,Automóveis de passageiros,620,Portugal,653224,29.079,direct
2016,870332,Automóveis de passageiros,764,Tailândia,235104,10.466,direct
2016,870332,Automóveis de passageiros,56,Bélgica,200833,8.94,direct
2016,870332,Automóveis de passageiros,392,Japão,121485,5.408,direct
2016,870332,Automóveis de passageiros,24,Angola,72854,3.243,direct
2016,870332,Automóveis de passageiros,710,África do Sul,65447,2.913,direct
2016,870332,Automóveis de passageiros,251,França,40539,1.805,direct
2016,870333,Automóveis de passageiros,266,Gabão,745448,53.651,direct
2016,870333,Automóveis de passageiros,156,China,261031,18.787,direct
2016,870333,Automóveis de passageiros,620,Portugal,126357,9.094,direct
2016,870333,Automóveis de passageiros,392,Japão,81033,5.832,direct
2016,870333,Automóveis de passageiros,208,Dinamarca,40767,2.934,direct
2016,870333,Automóveis de passageiros,251,França,40503,2.915,direct
2016,870333,Automóveis de passageiros,764,Tailândia,32211,2.318,direct
2016,870333,Automóveis de passageiros,56,Bélgica,17079,1.229,direct
2016,871120,"Motorcycles (including mopeds) and cycles; fitted with an auxiliary motor, internal combustion piston engine, of cylinder capacity exceeding 50cc but not exceeding 250cc, with or without side-cars; side-cars",156,China,1655416,82.688,direct
2016,871120,"Motorcycles (including mopeds) and cycles; fitted with an auxiliary motor, internal combustion piston engine, of cylinder capacity exceeding 50cc but not exceeding 250cc, with or without side-cars; side-cars",24,Angola,195225,9.751,direct
2016,871120,"Motorcycles (including mopeds) and cycles; fitted with an auxiliary motor, internal combustion piston engine, of cylinder capacity exceeding 50cc but not exceeding 250cc, with or without side-cars; side-cars",620,Portugal,78898,3.941,direct
2016,871120,"Motorcycles (including mopeds) and cycles; fitted with an auxiliary motor, internal combustion piston engine, of cylinder capacity exceeding 50cc but not exceeding 250cc, with or without side-cars; side-cars",251,França,27904,1.394,direct
2016,871120,"Motorcycles (including mopeds) and cycles; fitted with an auxiliary motor, internal combustion piston engine, of cylinder capacity exceeding 50cc but not exceeding 250cc, with or without side-cars; side-cars",710,África do Sul,19408,0.969,direct
2016,871120,"Motorcycles (including mopeds) and cycles; fitted with an auxiliary motor, internal combustion piston engine, of cylinder capacity exceeding 50cc but not exceeding 250cc, with or without side-cars; side-cars",56,Bélgica,7555,0.377,direct
2016,871120,"Motorcycles (including mopeds) and cycles; fitted with an auxiliary motor, internal combustion piston engine, of cylinder capacity exceeding 50cc but not exceeding 250cc, with or without side-cars; side-cars",566,Nigéria,6440,0.322,direct
2016,871120,"Motorcycles (including mopeds) and cycles; fitted with an auxiliary motor, internal combustion piston engine, of cylinder capacity exceeding 50cc but not exceeding 250cc, with or without side-cars; side-cars",442,Luxemburgo,5581,0.279,direct
2016,999999,Commodities not specified according to kind,24,Angola,17734577,83.357,direct
2016,999999,Commodities not specified according to kind,44,Bahamas,1504783,7.073,direct
2016,999999,Commodities not specified according to kind,842,EUA,1156728,5.437,direct
2016,999999,Commodities not specified according to kind,620,Portugal,755016,3.549,direct
2016,999999,Commodities not specified according to kind,784,Emirados Árabes Unidos,74856,0.352,direct
2016,999999,Commodities not specified according to kind,56,Bélgica,22671,0.107,direct
2016,999999,Commodities not specified according to kind,796,Turks and Caicos Isds,16199,0.076,direct
2016,999999,Commodities not specified according to kind,156,China,9554,0.045,direct
2016,020714,"Meat and edible offal; of fowls of the species Gallus domesticus, cuts and offal, frozen",620,Portugal,771820,48.974,mirror
2016,020714,"Meat and edible offal; of fowls of the species Gallus domesticus, cuts and offal, frozen",528,Países Baixos,439416,27.882,mirror
2016,020714,"Meat and edible offal; of fowls of the species Gallus domesticus, cuts and offal, frozen",56,Bélgica,192735,12.23,mirror
2016,020714,"Meat and edible offal; of fowls of the species Gallus domesticus, cuts and offal, frozen",76,Brasil,89609,5.686,mirror
2016,020714,"Meat and edible offal; of fowls of the species Gallus domesticus, cuts and offal, frozen",251,França,49738,3.156,mirror
2016,020714,"Meat and edible offal; of fowls of the species Gallus domesticus, cuts and offal, frozen",616,Polónia,15054,0.955,mirror
2016,020714,"Meat and edible offal; of fowls of the species Gallus domesticus, cuts and offal, frozen",724,Espanha,11289,0.716,mirror
2016,020714,"Meat and edible offal; of fowls of the species Gallus domesticus, cuts and offal, frozen",276,Alemanha,6309,0.4,mirror
2016,071333,"Vegetables, leguminous; kidney beans, including white pea beans (phaseolus vulgaris), shelled, whether or not skinned or split, dried",620,Portugal,499649,100.0,mirror
2016,100620,Arroz,620,Portugal,1411,100.0,mirror
2016,100630,Arroz,620,Portugal,2170308,70.01,mirror
2016,100630,Arroz,392,Japão,444448,14.337,mirror
2016,100630,Arroz,764,Tailândia,435940,14.062,mirror
2016,100630,Arroz,699,Índia,46895,1.513,mirror
2016,100630,Arroz,24,Angola,1899,0.061,mirror
2016,100630,Arroz,490,Taiwan (Prov. China),528,0.017,mirror
2016,110100,Wheat or meslin flour,620,Portugal,2256716,91.985,mirror
2016,110100,Wheat or meslin flour,56,Bélgica,196640,8.015,mirror
2016,150790,Óleo de soja,620,Portugal,1600395,99.962,mirror
2016,150790,Óleo de soja,24,Angola,608,0.038,mirror
2016,160100,"Meat preparations; sausages and similar products, of meat, meat offal, blood or insects, and food preparations based on these products",620,Portugal,799134,99.601,mirror
2016,160100,"Meat preparations; sausages and similar products, of meat, meat offal, blood or insects, and food preparations based on these products",76,Brasil,3200,0.399,mirror
2016,220210,"Waters; including mineral and aerated, containing added sugar or other sweetening matter or flavoured",528,Países Baixos,580441,54.547,mirror
2016,220210,"Waters; including mineral and aerated, containing added sugar or other sweetening matter or flavoured",620,Portugal,470318,44.199,mirror
2016,220210,"Waters; including mineral and aerated, containing added sugar or other sweetening matter or flavoured",724,Espanha,11990,1.127,mirror
2016,220210,"Waters; including mineral and aerated, containing added sugar or other sweetening matter or flavoured",214,República Dominicana,1354,0.127,mirror
2016,220290,220290,620,Portugal,1448827,94.645,mirror
2016,220290,220290,214,República Dominicana,33393,2.181,mirror
2016,220290,220290,422,Líbano,32719,2.137,mirror
2016,220290,220290,724,Espanha,15200,0.993,mirror
2016,220290,220290,196,Chipre,661,0.043,mirror
2016,220300,Cerveja,620,Portugal,1243297,95.995,mirror
2016,220300,Cerveja,24,Angola,39004,3.012,mirror
2016,220300,Cerveja,724,Espanha,10958,0.846,mirror
2016,220300,Cerveja,251,França,1912,0.148,mirror
2016,220421,Vinho,620,Portugal,2006139,99.336,mirror
2016,220421,Vinho,214,República Dominicana,9520,0.471,mirror
2016,220421,Vinho,251,França,3694,0.183,mirror
2016,220421,Vinho,24,Angola,202,0.01,mirror
2016,220429,Vinho,620,Portugal,1759362,99.485,mirror
2016,220429,Vinho,251,França,9105,0.515,mirror
2016,230990,"Dog or cat food; (not put up for retail sale), used in animal feeding",620,Portugal,775095,100.0,mirror
2016,252329,"Cement; portland, other than white, whether or not artificially coloured",620,Portugal,851326,50.625,mirror
2016,252329,"Cement; portland, other than white, whether or not artificially coloured",24,Angola,830048,49.359,mirror
2016,252329,"Cement; portland, other than white, whether or not artificially coloured",710,África do Sul,265,0.016,mirror
2016,271011,Combustíveis refinados,266,Gabão,474823,100.0,mirror
2016,340119,"Soap and organic surface-active products; in the form of bars, cakes, moulded shapes, and paper, wadding, felt and nonwovens, impregnated, coated or covered with soap or detergent, not for toilet use",620,Portugal,1136186,97.082,mirror
2016,340119,"Soap and organic surface-active products; in the form of bars, cakes, moulded shapes, and paper, wadding, felt and nonwovens, impregnated, coated or covered with soap or detergent, not for toilet use",76,Brasil,21700,1.854,mirror
2016,340119,"Soap and organic surface-active products; in the form of bars, cakes, moulded shapes, and paper, wadding, felt and nonwovens, impregnated, coated or covered with soap or detergent, not for toilet use",360,Indonésia,12449,1.064,mirror
2016,630900,"Clothing; worn, and other worn articles",276,Alemanha,413321,26.125,mirror
2016,630900,"Clothing; worn, and other worn articles",56,Bélgica,341436,21.581,mirror
2016,630900,"Clothing; worn, and other worn articles",620,Portugal,266497,16.844,mirror
2016,630900,"Clothing; worn, and other worn articles",528,Países Baixos,174824,11.05,mirror
2016,630900,"Clothing; worn, and other worn articles",251,França,111066,7.02,mirror
2016,630900,"Clothing; worn, and other worn articles",616,Polónia,86094,5.442,mirror
2016,630900,"Clothing; worn, and other worn articles",380,Itália,54243,3.429,mirror
2016,630900,"Clothing; worn, and other worn articles",724,Espanha,50961,3.221,mirror
2016,850213,"Electric generating sets; with compression-ignition internal combustion piston engines (diesel or semi-diesel engines), of an output exceeding 375kVA",620,Portugal,1861,100.0,mirror
2016,870323,Automóveis de passageiros,620,Portugal,214820,33.531,mirror
2016,870323,Automóveis de passageiros,24,Angola,193513,30.205,mirror
2016,870323,Automóveis de passageiros,266,Gabão,130108,20.308,mirror
2016,870323,Automóveis de passageiros,842,EUA,60023,9.369,mirror
2016,870323,Automóveis de passageiros,56,Bélgica,30810,4.809,mirror
2016,870323,Automóveis de passageiros,528,Países Baixos,9569,1.494,mirror
2016,870323,Automóveis de passageiros,757,Suíça,1827,0.285,mirror
2016,870332,Automóveis de passageiros,620,Portugal,255509,57.536,mirror
2016,870332,Automóveis de passageiros,266,Gabão,142587,32.108,mirror
2016,870332,Automóveis de passageiros,56,Bélgica,27689,6.235,mirror
2016,870332,Automóveis de passageiros,24,Angola,18296,4.12,mirror
2016,870333,Automóveis de passageiros,266,Gabão,313125,46.736,mirror
2016,870333,Automóveis de passageiros,24,Angola,242507,36.196,mirror
2016,870333,Automóveis de passageiros,620,Portugal,75504,11.27,mirror
2016,870333,Automóveis de passageiros,56,Bélgica,38845,5.798,mirror
2016,871120,"Motorcycles (including mopeds) and cycles; fitted with an auxiliary motor, internal combustion piston engine, of cylinder capacity exceeding 50cc but not exceeding 250cc, with or without side-cars; side-cars",156,China,541842,80.622,mirror
2016,871120,"Motorcycles (including mopeds) and cycles; fitted with an auxiliary motor, internal combustion piston engine, of cylinder capacity exceeding 50cc but not exceeding 250cc, with or without side-cars; side-cars",24,Angola,77822,11.579,mirror
2016,871120,"Motorcycles (including mopeds) and cycles; fitted with an auxiliary motor, internal combustion piston engine, of cylinder capacity exceeding 50cc but not exceeding 250cc, with or without side-cars; side-cars",620,Portugal,26430,3.933,mirror
2016,871120,"Motorcycles (including mopeds) and cycles; fitted with an auxiliary motor, internal combustion piston engine, of cylinder capacity exceeding 50cc but not exceeding 250cc, with or without side-cars; side-cars",392,Japão,13518,2.011,mirror
2016,871120,"Motorcycles (including mopeds) and cycles; fitted with an auxiliary motor, internal combustion piston engine, of cylinder capacity exceeding 50cc but not exceeding 250cc, with or without side-cars; side-cars",710,África do Sul,10783,1.604,mirror
2016,871120,"Motorcycles (including mopeds) and cycles; fitted with an auxiliary motor, internal combustion piston engine, of cylinder capacity exceeding 50cc but not exceeding 250cc, with or without side-cars; side-cars",266,Gabão,1679,0.25,mirror
2016,999999,Commodities not specified according to kind,392,Japão,671465,66.356,mirror
2016,999999,Commodities not specified according to kind,40,Áustria,151781,15.0,mirror
2016,999999,Commodities not specified according to kind,842,EUA,87180,8.615,mirror
2016,999999,Commodities not specified according to kind,528,Países Baixos,52998,5.237,mirror
2016,999999,Commodities not specified according to kind,688,Sérvia,18132,1.792,mirror
2016,999999,Commodities not specified according to kind,276,Alemanha,10299,1.018,mirror
2016,999999,Commodities not specified according to kind,344,Hong Kong (RAEHK),4425,0.437,mirror
2016,999999,Commodities not specified according to kind,490,Taiwan (Prov. China),4346,0.429,mirror
2017,020714,"Meat and edible offal; of fowls of the species Gallus domesticus, cuts and offal, frozen",620,Portugal,398450,22.321,direct
2017,020714,"Meat and edible offal; of fowls of the species Gallus domesticus, cuts and offal, frozen",528,Países Baixos,352271,19.734,direct
2017,020714,"Meat and edible offal; of fowls of the species Gallus domesticus, cuts and offal, frozen",724,Espanha,341382,19.124,direct
2017,020714,"Meat and edible offal; of fowls of the species Gallus domesticus, cuts and offal, frozen",251,França,292090,16.363,direct
2017,020714,"Meat and edible offal; of fowls of the species Gallus domesticus, cuts and offal, frozen",56,Bélgica,232529,13.026,direct
2017,020714,"Meat and edible offal; of fowls of the species Gallus domesticus, cuts and offal, frozen",76,Brasil,63150,3.538,direct
2017,020714,"Meat and edible offal; of fowls of the species Gallus domesticus, cuts and offal, frozen",208,Dinamarca,42734,2.394,direct
2017,020714,"Meat and edible offal; of fowls of the species Gallus domesticus, cuts and offal, frozen",804,Ucrânia,20879,1.17,direct
2017,071333,"Vegetables, leguminous; kidney beans, including white pea beans (phaseolus vulgaris), shelled, whether or not skinned or split, dried",620,Portugal,947820,99.798,direct
2017,071333,"Vegetables, leguminous; kidney beans, including white pea beans (phaseolus vulgaris), shelled, whether or not skinned or split, dried",76,Brasil,1614,0.17,direct
2017,071333,"Vegetables, leguminous; kidney beans, including white pea beans (phaseolus vulgaris), shelled, whether or not skinned or split, dried",251,França,259,0.027,direct
2017,071333,"Vegetables, leguminous; kidney beans, including white pea beans (phaseolus vulgaris), shelled, whether or not skinned or split, dried",156,China,46,0.005,direct
2017,100620,Arroz,620,Portugal,382,100.0,direct
2017,100630,Arroz,620,Portugal,2118690,35.506,direct
2017,100630,Arroz,156,China,1435430,24.055,direct
2017,100630,Arroz,392,Japão,1299091,21.771,direct
2017,100630,Arroz,764,Tailândia,671266,11.249,direct
2017,100630,Arroz,699,Índia,184966,3.1,direct
2017,100630,Arroz,704,Vietname,79066,1.325,direct
2017,100630,Arroz,76,Brasil,78558,1.317,direct
2017,100630,Arroz,586,Paquistão,62120,1.041,direct
2017,110100,Wheat or meslin flour,620,Portugal,2976118,92.851,direct
2017,110100,Wheat or meslin flour,56,Bélgica,218479,6.816,direct
2017,110100,Wheat or meslin flour,792,Turquia,10240,0.319,direct
2017,110100,Wheat or meslin flour,251,França,415,0.013,direct
2017,150790,Óleo de soja,620,Portugal,2164020,71.392,direct
2017,150790,Óleo de soja,504,Marrocos,536405,17.696,direct
2017,150790,Óleo de soja,32,Argentina,223473,7.373,direct
2017,150790,Óleo de soja,724,Espanha,45137,1.489,direct
2017,150790,Óleo de soja,360,Indonésia,37907,1.251,direct
2017,150790,Óleo de soja,818,Egito,20762,0.685,direct
2017,150790,Óleo de soja,682,Arábia Saudita,3392,0.112,direct
2017,150790,Óleo de soja,24,Angola,56,0.002,direct
2017,160100,"Meat preparations; sausages and similar products, of meat, meat offal, blood or insects, and food preparations based on these products",620,Portugal,849474,91.963,direct
2017,160100,"Meat preparations; sausages and similar products, of meat, meat offal, blood or insects, and food preparations based on these products",76,Brasil,73982,8.009,direct
2017,160100,"Meat preparations; sausages and similar products, of meat, meat offal, blood or insects, and food preparations based on these products",251,França,254,0.027,direct
2017,170111,Açúcar de cana ou de beterraba,76,Brasil,1060967,56.456,direct
2017,170111,Açúcar de cana ou de beterraba,620,Portugal,351854,18.723,direct
2017,170111,Açúcar de cana ou de beterraba,504,Marrocos,219559,11.683,direct
2017,170111,Açúcar de cana ou de beterraba,528,Países Baixos,163415,8.696,direct
2017,170111,Açúcar de cana ou de beterraba,818,Egito,77175,4.107,direct
2017,170111,Açúcar de cana ou de beterraba,682,Arábia Saudita,6168,0.328,direct
2017,170111,Açúcar de cana ou de beterraba,251,França,155,0.008,direct
2017,220210,"Waters; including mineral and aerated, containing added sugar or other sweetening matter or flavoured",620,Portugal,440312,90.092,direct
2017,220210,"Waters; including mineral and aerated, containing added sugar or other sweetening matter or flavoured",792,Turquia,24112,4.933,direct
2017,220210,"Waters; including mineral and aerated, containing added sugar or other sweetening matter or flavoured",12,Argélia,16361,3.348,direct
2017,220210,"Waters; including mineral and aerated, containing added sugar or other sweetening matter or flavoured",251,França,4887,1.0,direct
2017,220210,"Waters; including mineral and aerated, containing added sugar or other sweetening matter or flavoured",710,África do Sul,2560,0.524,direct
2017,220210,"Waters; including mineral and aerated, containing added sugar or other sweetening matter or flavoured",422,Líbano,496,0.101,direct
2017,220210,"Waters; including mineral and aerated, containing added sugar or other sweetening matter or flavoured",24,Angola,8,0.002,direct
2017,220290,220290,620,Portugal,1802405,79.789,direct
2017,220290,220290,528,Países Baixos,266734,11.808,direct
2017,220290,220290,710,África do Sul,127365,5.638,direct
2017,220290,220290,724,Espanha,52925,2.343,direct
2017,220290,220290,818,Egito,4782,0.212,direct
2017,220290,220290,251,França,4115,0.182,direct
2017,220290,220290,566,Nigéria,555,0.025,direct
2017,220290,220290,24,Angola,40,0.002,direct
2017,220300,Cerveja,620,Portugal,1154497,98.471,direct
2017,220300,Cerveja,724,Espanha,12899,1.1,direct
2017,220300,Cerveja,251,França,4679,0.399,direct
2017,220300,Cerveja,566,Nigéria,291,0.025,direct
2017,220300,Cerveja,24,Angola,60,0.005,direct
2017,220421,Vinho,620,Portugal,2048687,98.971,direct
2017,220421,Vinho,251,França,9852,0.476,direct
2017,220421,Vinho,724,Espanha,7664,0.37,direct
2017,220421,Vinho,380,Itália,3511,0.17,direct
2017,220421,Vinho,156,China,236,0.011,direct
2017,220421,Vinho,56,Bélgica,23,0.001,direct
2017,220421,Vinho,392,Japão,7,0.0,direct
2017,220429,Vinho,620,Portugal,1339677,99.995,direct
2017,220429,Vinho,24,Angola,49,0.004,direct
2017,220429,Vinho,56,Bélgica,21,0.002,direct
2017,230990,"Dog or cat food; (not put up for retail sale), used in animal feeding",620,Portugal,1425806,99.89,direct
2017,230990,"Dog or cat food; (not put up for retail sale), used in animal feeding",842,EUA,1324,0.093,direct
2017,230990,"Dog or cat food; (not put up for retail sale), used in animal feeding",251,França,246,0.017,direct
2017,252329,"Cement; portland, other than white, whether or not artificially coloured",620,Portugal,1618955,53.365,direct
2017,252329,"Cement; portland, other than white, whether or not artificially coloured",24,Angola,1065625,35.126,direct
2017,252329,"Cement; portland, other than white, whether or not artificially coloured",784,Emirados Árabes Unidos,347739,11.462,direct
2017,252329,"Cement; portland, other than white, whether or not artificially coloured",156,China,1415,0.047,direct
2017,271011,Combustíveis refinados,620,Portugal,75,52.305,direct
2017,271011,Combustíveis refinados,566,Nigéria,69,47.695,direct
2017,340119,"Soap and organic surface-active products; in the form of bars, cakes, moulded shapes, and paper, wadding, felt and nonwovens, impregnated, coated or covered with soap or detergent, not for toilet use",620,Portugal,1331707,97.082,direct
2017,340119,"Soap and organic surface-active products; in the form of bars, cakes, moulded shapes, and paper, wadding, felt and nonwovens, impregnated, coated or covered with soap or detergent, not for toilet use",458,Malásia,16260,1.185,direct
2017,340119,"Soap and organic surface-active products; in the form of bars, cakes, moulded shapes, and paper, wadding, felt and nonwovens, impregnated, coated or covered with soap or detergent, not for toilet use",76,Brasil,12246,0.893,direct
2017,340119,"Soap and organic surface-active products; in the form of bars, cakes, moulded shapes, and paper, wadding, felt and nonwovens, impregnated, coated or covered with soap or detergent, not for toilet use",504,Marrocos,10134,0.739,direct
2017,340119,"Soap and organic surface-active products; in the form of bars, cakes, moulded shapes, and paper, wadding, felt and nonwovens, impregnated, coated or covered with soap or detergent, not for toilet use",768,Togo,1026,0.075,direct
2017,340119,"Soap and organic surface-active products; in the form of bars, cakes, moulded shapes, and paper, wadding, felt and nonwovens, impregnated, coated or covered with soap or detergent, not for toilet use",251,França,340,0.025,direct
2017,340119,"Soap and organic surface-active products; in the form of bars, cakes, moulded shapes, and paper, wadding, felt and nonwovens, impregnated, coated or covered with soap or detergent, not for toilet use",566,Nigéria,16,0.001,direct
2017,630900,"Clothing; worn, and other worn articles",620,Portugal,445691,30.361,direct
2017,630900,"Clothing; worn, and other worn articles",380,Itália,184178,12.546,direct
2017,630900,"Clothing; worn, and other worn articles",276,Alemanha,125576,8.554,direct
2017,630900,"Clothing; worn, and other worn articles",616,Polónia,120959,8.24,direct
2017,630900,"Clothing; worn, and other worn articles",56,Bélgica,117766,8.022,direct
2017,630900,"Clothing; worn, and other worn articles",784,Emirados Árabes Unidos,98299,6.696,direct
2017,630900,"Clothing; worn, and other worn articles",528,Países Baixos,94822,6.459,direct
2017,630900,"Clothing; worn, and other worn articles",842,EUA,60418,4.116,direct
2017,850213,"Electric generating sets; with compression-ignition internal combustion piston engines (diesel or semi-diesel engines), of an output exceeding 375kVA",620,Portugal,56326,100.0,direct
2017,870323,Automóveis de passageiros,620,Portugal,436063,30.113,direct
2017,870323,Automóveis de passageiros,266,Gabão,245272,16.938,direct
2017,870323,Automóveis de passageiros,24,Angola,209331,14.456,direct
2017,870323,Automóveis de passageiros,348,Hungria,183365,12.663,direct
2017,870323,Automóveis de passageiros,56,Bélgica,97038,6.701,direct
2017,870323,Automóveis de passageiros,76,Brasil,65485,4.522,direct
2017,870323,Automóveis de passageiros,528,Países Baixos,37300,2.576,direct
2017,870323,Automóveis de passageiros,392,Japão,35898,2.479,direct
2017,870332,Automóveis de passageiros,620,Portugal,564618,29.24,direct
2017,870332,Automóveis de passageiros,266,Gabão,517993,26.825,direct
2017,870332,Automóveis de passageiros,764,Tailândia,311428,16.128,direct
2017,870332,Automóveis de passageiros,56,Bélgica,203334,10.53,direct
2017,870332,Automóveis de passageiros,392,Japão,108111,5.599,direct
2017,870332,Automóveis de passageiros,276,Alemanha,92035,4.766,direct
2017,870332,Automóveis de passageiros,826,Reino Unido,27100,1.403,direct
2017,870332,Automóveis de passageiros,24,Angola,26830,1.389,direct
2017,870333,Automóveis de passageiros,266,Gabão,443077,45.32,direct
2017,870333,Automóveis de passageiros,56,Bélgica,199955,20.452,direct
2017,870333,Automóveis de passageiros,392,Japão,120143,12.289,direct
2017,870333,Automóveis de passageiros,620,Portugal,102249,10.459,direct
2017,870333,Automóveis de passageiros,208,Dinamarca,69472,7.106,direct
2017,870333,Automóveis de passageiros,528,Países Baixos,14219,1.454,direct
2017,870333,Automóveis de passageiros,380,Itália,13276,1.358,direct
2017,870333,Automóveis de passageiros,724,Espanha,11246,1.15,direct
2017,871120,"Motorcycles (including mopeds) and cycles; fitted with an auxiliary motor, internal combustion piston engine, of cylinder capacity exceeding 50cc but not exceeding 250cc, with or without side-cars; side-cars",156,China,705610,69.986,direct
2017,871120,"Motorcycles (including mopeds) and cycles; fitted with an auxiliary motor, internal combustion piston engine, of cylinder capacity exceeding 50cc but not exceeding 250cc, with or without side-cars; side-cars",24,Angola,137342,13.622,direct
2017,871120,"Motorcycles (including mopeds) and cycles; fitted with an auxiliary motor, internal combustion piston engine, of cylinder capacity exceeding 50cc but not exceeding 250cc, with or without side-cars; side-cars",392,Japão,87417,8.67,direct
2017,871120,"Motorcycles (including mopeds) and cycles; fitted with an auxiliary motor, internal combustion piston engine, of cylinder capacity exceeding 50cc but not exceeding 250cc, with or without side-cars; side-cars",620,Portugal,61283,6.078,direct
2017,871120,"Motorcycles (including mopeds) and cycles; fitted with an auxiliary motor, internal combustion piston engine, of cylinder capacity exceeding 50cc but not exceeding 250cc, with or without side-cars; side-cars",266,Gabão,7674,0.761,direct
2017,871120,"Motorcycles (including mopeds) and cycles; fitted with an auxiliary motor, internal combustion piston engine, of cylinder capacity exceeding 50cc but not exceeding 250cc, with or without side-cars; side-cars",724,Espanha,6102,0.605,direct
2017,871120,"Motorcycles (including mopeds) and cycles; fitted with an auxiliary motor, internal combustion piston engine, of cylinder capacity exceeding 50cc but not exceeding 250cc, with or without side-cars; side-cars",251,França,2790,0.277,direct
2017,999999,Commodities not specified according to kind,24,Angola,26044758,93.253,direct
2017,999999,Commodities not specified according to kind,842,EUA,1145400,4.101,direct
2017,999999,Commodities not specified according to kind,620,Portugal,638375,2.286,direct
2017,999999,Commodities not specified according to kind,784,Emirados Árabes Unidos,66673,0.239,direct
2017,999999,Commodities not specified according to kind,56,Bélgica,15112,0.054,direct
2017,999999,Commodities not specified according to kind,156,China,14228,0.051,direct
2017,999999,Commodities not specified according to kind,76,Brasil,2702,0.01,direct
2017,999999,Commodities not specified according to kind,566,Nigéria,1052,0.004,direct
2017,020714,"Meat and edible offal; of fowls of the species Gallus domesticus, cuts and offal, frozen",620,Portugal,522024,37.756,mirror
2017,020714,"Meat and edible offal; of fowls of the species Gallus domesticus, cuts and offal, frozen",528,Países Baixos,297005,21.481,mirror
2017,020714,"Meat and edible offal; of fowls of the species Gallus domesticus, cuts and offal, frozen",251,França,283087,20.474,mirror
2017,020714,"Meat and edible offal; of fowls of the species Gallus domesticus, cuts and offal, frozen",56,Bélgica,136965,9.906,mirror
2017,020714,"Meat and edible offal; of fowls of the species Gallus domesticus, cuts and offal, frozen",76,Brasil,79964,5.783,mirror
2017,020714,"Meat and edible offal; of fowls of the species Gallus domesticus, cuts and offal, frozen",724,Espanha,62305,4.506,mirror
2017,020714,"Meat and edible offal; of fowls of the species Gallus domesticus, cuts and offal, frozen",710,África do Sul,1286,0.093,mirror
2017,071333,"Vegetables, leguminous; kidney beans, including white pea beans (phaseolus vulgaris), shelled, whether or not skinned or split, dried",620,Portugal,479796,99.647,mirror
2017,071333,"Vegetables, leguminous; kidney beans, including white pea beans (phaseolus vulgaris), shelled, whether or not skinned or split, dried",76,Brasil,1587,0.33,mirror
2017,071333,"Vegetables, leguminous; kidney beans, including white pea beans (phaseolus vulgaris), shelled, whether or not skinned or split, dried",251,França,114,0.024,mirror
2017,100620,Arroz,620,Portugal,1791,89.817,mirror
2017,100620,Arroz,24,Angola,147,7.35,mirror
2017,100620,Arroz,251,França,56,2.833,mirror
2017,100630,Arroz,620,Portugal,1973582,43.122,mirror
2017,100630,Arroz,392,Japão,1262302,27.581,mirror
2017,100630,Arroz,156,China,747126,16.325,mirror
2017,100630,Arroz,764,Tailândia,339349,7.415,mirror
2017,100630,Arroz,699,Índia,115889,2.532,mirror
2017,100630,Arroz,76,Brasil,69563,1.52,mirror
2017,100630,Arroz,586,Paquistão,68809,1.503,mirror
2017,100630,Arroz,24,Angola,83,0.002,mirror
2017,110100,Wheat or meslin flour,620,Portugal,2456836,93.947,mirror
2017,110100,Wheat or meslin flour,56,Bélgica,150609,5.759,mirror
2017,110100,Wheat or meslin flour,792,Turquia,7473,0.286,mirror
2017,110100,Wheat or meslin flour,251,França,136,0.005,mirror
2017,110100,Wheat or meslin flour,24,Angola,64,0.002,mirror
2017,150790,Óleo de soja,620,Portugal,1635445,76.825,mirror
2017,150790,Óleo de soja,504,Marrocos,493311,23.173,mirror
2017,150790,Óleo de soja,24,Angola,35,0.002,mirror
2017,160100,"Meat preparations; sausages and similar products, of meat, meat offal, blood or insects, and food preparations based on these products",620,Portugal,700543,99.427,mirror
2017,160100,"Meat preparations; sausages and similar products, of meat, meat offal, blood or insects, and food preparations based on these products",792,Turquia,3717,0.528,mirror
2017,160100,"Meat preparations; sausages and similar products, of meat, meat offal, blood or insects, and food preparations based on these products",710,África do Sul,193,0.027,mirror
2017,160100,"Meat preparations; sausages and similar products, of meat, meat offal, blood or insects, and food preparations based on these products",251,França,127,0.018,mirror
2017,220210,"Waters; including mineral and aerated, containing added sugar or other sweetening matter or flavoured",528,Países Baixos,559870,55.962,mirror
2017,220210,"Waters; including mineral and aerated, containing added sugar or other sweetening matter or flavoured",620,Portugal,259442,25.933,mirror
2017,220210,"Waters; including mineral and aerated, containing added sugar or other sweetening matter or flavoured",12,Argélia,45599,4.558,mirror
2017,220210,"Waters; including mineral and aerated, containing added sugar or other sweetening matter or flavoured",710,África do Sul,44875,4.485,mirror
2017,220210,"Waters; including mineral and aerated, containing added sugar or other sweetening matter or flavoured",724,Espanha,43391,4.337,mirror
2017,220210,"Waters; including mineral and aerated, containing added sugar or other sweetening matter or flavoured",792,Turquia,27419,2.741,mirror
2017,220210,"Waters; including mineral and aerated, containing added sugar or other sweetening matter or flavoured",410,Coreia do Sul,12150,1.214,mirror
2017,220210,"Waters; including mineral and aerated, containing added sugar or other sweetening matter or flavoured",214,República Dominicana,4852,0.485,mirror
2017,220290,220290,422,Líbano,49804,100.0,mirror
2017,220300,Cerveja,620,Portugal,809633,98.101,mirror
2017,220300,Cerveja,724,Espanha,10602,1.285,mirror
2017,220300,Cerveja,251,França,2902,0.352,mirror
2017,220300,Cerveja,710,África do Sul,1553,0.188,mirror
2017,220300,Cerveja,24,Angola,615,0.074,mirror
2017,220421,Vinho,620,Portugal,1822966,97.659,mirror
2017,220421,Vinho,380,Itália,26237,1.406,mirror
2017,220421,Vinho,251,França,7030,0.377,mirror
2017,220421,Vinho,214,República Dominicana,5770,0.309,mirror
2017,220421,Vinho,842,EUA,4200,0.225,mirror
2017,220421,Vinho,724,Espanha,227,0.012,mirror
2017,220421,Vinho,710,África do Sul,161,0.009,mirror
2017,220421,Vinho,24,Angola,79,0.004,mirror
2017,220429,Vinho,620,Portugal,305447,100.0,mirror
2017,230990,"Dog or cat food; (not put up for retail sale), used in animal feeding",620,Portugal,979900,100.0,mirror
2017,252329,"Cement; portland, other than white, whether or not artificially coloured",24,Angola,1419296,69.261,mirror
2017,252329,"Cement; portland, other than white, whether or not artificially coloured",620,Portugal,609896,29.762,mirror
2017,252329,"Cement; portland, other than white, whether or not artificially coloured",710,África do Sul,20020,0.977,mirror
2017,271011,Combustíveis refinados,266,Gabão,1067904,100.0,mirror
2017,340119,"Soap and organic surface-active products; in the form of bars, cakes, moulded shapes, and paper, wadding, felt and nonwovens, impregnated, coated or covered with soap or detergent, not for toilet use",620,Portugal,1602306,96.13,mirror
2017,340119,"Soap and organic surface-active products; in the form of bars, cakes, moulded shapes, and paper, wadding, felt and nonwovens, impregnated, coated or covered with soap or detergent, not for toilet use",76,Brasil,46635,2.798,mirror
2017,340119,"Soap and organic surface-active products; in the form of bars, cakes, moulded shapes, and paper, wadding, felt and nonwovens, impregnated, coated or covered with soap or detergent, not for toilet use",458,Malásia,16153,0.969,mirror
2017,340119,"Soap and organic surface-active products; in the form of bars, cakes, moulded shapes, and paper, wadding, felt and nonwovens, impregnated, coated or covered with soap or detergent, not for toilet use",251,França,1429,0.086,mirror
2017,340119,"Soap and organic surface-active products; in the form of bars, cakes, moulded shapes, and paper, wadding, felt and nonwovens, impregnated, coated or covered with soap or detergent, not for toilet use",792,Turquia,293,0.018,mirror
2017,630900,"Clothing; worn, and other worn articles",620,Portugal,416087,26.081,mirror
2017,630900,"Clothing; worn, and other worn articles",528,Países Baixos,249380,15.632,mirror
2017,630900,"Clothing; worn, and other worn articles",56,Bélgica,238072,14.923,mirror
2017,630900,"Clothing; worn, and other worn articles",276,Alemanha,162133,10.163,mirror
2017,630900,"Clothing; worn, and other worn articles",616,Polónia,133331,8.357,mirror
2017,630900,"Clothing; worn, and other worn articles",251,França,112964,7.081,mirror
2017,630900,"Clothing; worn, and other worn articles",784,Emirados Árabes Unidos,103461,6.485,mirror
2017,630900,"Clothing; worn, and other worn articles",724,Espanha,62941,3.945,mirror
2017,850213,"Electric generating sets; with compression-ignition internal combustion piston engines (diesel or semi-diesel engines), of an output exceeding 375kVA",620,Portugal,660,100.0,mirror
2017,870323,Automóveis de passageiros,842,EUA,278600,29.828,mirror
2017,870323,Automóveis de passageiros,266,Gabão,221306,23.694,mirror
2017,870323,Automóveis de passageiros,24,Angola,198364,21.238,mirror
2017,870323,Automóveis de passageiros,620,Portugal,177755,19.031,mirror
2017,870323,Automóveis de passageiros,56,Bélgica,30028,3.215,mirror
2017,870323,Automóveis de passageiros,784,Emirados Árabes Unidos,9803,1.05,mirror
2017,870323,Automóveis de passageiros,528,Países Baixos,5139,0.55,mirror
2017,870323,Automóveis de passageiros,702,Singapura,5073,0.543,mirror
2017,870332,Automóveis de passageiros,266,Gabão,381046,45.653,mirror
2017,870332,Automóveis de passageiros,620,Portugal,341262,40.887,mirror
2017,870332,Automóveis de passageiros,56,Bélgica,73603,8.818,mirror
2017,870332,Automóveis de passageiros,24,Angola,35922,4.304,mirror
2017,870332,Automóveis de passageiros,528,Países Baixos,2823,0.338,mirror
2017,870333,Automóveis de passageiros,266,Gabão,271855,74.01,mirror
2017,870333,Automóveis de passageiros,620,Portugal,69493,18.919,mirror
2017,870333,Automóveis de passageiros,752,Suécia,14066,3.829,mirror
2017,870333,Automóveis de passageiros,56,Bélgica,11910,3.242,mirror
2017,871120,"Motorcycles (including mopeds) and cycles; fitted with an auxiliary motor, internal combustion piston engine, of cylinder capacity exceeding 50cc but not exceeding 250cc, with or without side-cars; side-cars",156,China,219517,61.756,mirror
2017,871120,"Motorcycles (including mopeds) and cycles; fitted with an auxiliary motor, internal combustion piston engine, of cylinder capacity exceeding 50cc but not exceeding 250cc, with or without side-cars; side-cars",392,Japão,78779,22.163,mirror
2017,871120,"Motorcycles (including mopeds) and cycles; fitted with an auxiliary motor, internal combustion piston engine, of cylinder capacity exceeding 50cc but not exceeding 250cc, with or without side-cars; side-cars",620,Portugal,50824,14.298,mirror
2017,871120,"Motorcycles (including mopeds) and cycles; fitted with an auxiliary motor, internal combustion piston engine, of cylinder capacity exceeding 50cc but not exceeding 250cc, with or without side-cars; side-cars",266,Gabão,6337,1.783,mirror
2017,999999,Commodities not specified according to kind,826,Reino Unido,221462,37.185,mirror
2017,999999,Commodities not specified according to kind,682,Arábia Saudita,185578,31.16,mirror
2017,999999,Commodities not specified according to kind,842,EUA,110296,18.519,mirror
2017,999999,Commodities not specified according to kind,276,Alemanha,22187,3.725,mirror
2017,999999,Commodities not specified according to kind,757,Suíça,22141,3.718,mirror
2017,999999,Commodities not specified according to kind,392,Japão,12592,2.114,mirror
2017,999999,Commodities not specified according to kind,156,China,6236,1.047,mirror
2017,999999,Commodities not specified according to kind,251,França,5899,0.99,mirror
2018,020714,"Meat and edible offal; of fowls of the species Gallus domesticus, cuts and offal, frozen",528,Países Baixos,527321,25.472,direct
2018,020714,"Meat and edible offal; of fowls of the species Gallus domesticus, cuts and offal, frozen",620,Portugal,499929,24.148,direct
2018,020714,"Meat and edible offal; of fowls of the species Gallus domesticus, cuts and offal, frozen",56,Bélgica,301654,14.571,direct
2018,020714,"Meat and edible offal; of fowls of the species Gallus domesticus, cuts and offal, frozen",724,Espanha,273160,13.195,direct
2018,020714,"Meat and edible offal; of fowls of the species Gallus domesticus, cuts and offal, frozen",76,Brasil,174068,8.408,direct
2018,020714,"Meat and edible offal; of fowls of the species Gallus domesticus, cuts and offal, frozen",251,França,130177,6.288,direct
2018,020714,"Meat and edible offal; of fowls of the species Gallus domesticus, cuts and offal, frozen",842,EUA,66183,3.197,direct
2018,020714,"Meat and edible offal; of fowls of the species Gallus domesticus, cuts and offal, frozen",616,Polónia,55052,2.659,direct
2018,071333,"Vegetables, leguminous; kidney beans, including white pea beans (phaseolus vulgaris), shelled, whether or not skinned or split, dried",620,Portugal,873123,91.707,direct
2018,071333,"Vegetables, leguminous; kidney beans, including white pea beans (phaseolus vulgaris), shelled, whether or not skinned or split, dried",842,EUA,78755,8.272,direct
2018,071333,"Vegetables, leguminous; kidney beans, including white pea beans (phaseolus vulgaris), shelled, whether or not skinned or split, dried",818,Egito,100,0.01,direct
2018,071333,"Vegetables, leguminous; kidney beans, including white pea beans (phaseolus vulgaris), shelled, whether or not skinned or split, dried",156,China,76,0.008,direct
2018,071333,"Vegetables, leguminous; kidney beans, including white pea beans (phaseolus vulgaris), shelled, whether or not skinned or split, dried",24,Angola,26,0.003,direct
2018,100620,Arroz,620,Portugal,913,46.729,direct
2018,100620,Arroz,156,China,590,30.182,direct
2018,100620,Arroz,266,Gabão,414,21.205,direct
2018,100620,Arroz,24,Angola,37,1.885,direct
2018,100630,Arroz,620,Portugal,2065848,50.315,direct
2018,100630,Arroz,392,Japão,792239,19.296,direct
2018,100630,Arroz,764,Tailândia,537250,13.085,direct
2018,100630,Arroz,76,Brasil,425334,10.359,direct
2018,100630,Arroz,704,Vietname,99940,2.434,direct
2018,100630,Arroz,586,Paquistão,69972,1.704,direct
2018,100630,Arroz,792,Turquia,47893,1.166,direct
2018,100630,Arroz,116,Cambodia,28937,0.705,direct
2018,110100,Wheat or meslin flour,620,Portugal,3429880,93.752,direct
2018,110100,Wheat or meslin flour,56,Bélgica,70300,1.922,direct
2018,110100,Wheat or meslin flour,528,Países Baixos,69372,1.896,direct
2018,110100,Wheat or meslin flour,792,Turquia,68953,1.885,direct
2018,110100,Wheat or meslin flour,724,Espanha,19410,0.531,direct
2018,110100,Wheat or meslin flour,156,China,396,0.011,direct
2018,110100,Wheat or meslin flour,24,Angola,163,0.004,direct
2018,150790,Óleo de soja,620,Portugal,1241029,82.235,direct
2018,150790,Óleo de soja,818,Egito,143120,9.484,direct
2018,150790,Óleo de soja,32,Argentina,111965,7.419,direct
2018,150790,Óleo de soja,702,Singapura,12962,0.859,direct
2018,150790,Óleo de soja,24,Angola,55,0.004,direct
2018,160100,"Meat preparations; sausages and similar products, of meat, meat offal, blood or insects, and food preparations based on these products",620,Portugal,1228317,99.985,direct
2018,160100,"Meat preparations; sausages and similar products, of meat, meat offal, blood or insects, and food preparations based on these products",251,França,166,0.014,direct
2018,160100,"Meat preparations; sausages and similar products, of meat, meat offal, blood or insects, and food preparations based on these products",156,China,14,0.001,direct
2018,170111,Açúcar de cana ou de beterraba,76,Brasil,656674,52.761,direct
2018,170111,Açúcar de cana ou de beterraba,620,Portugal,319638,25.681,direct
2018,170111,Açúcar de cana ou de beterraba,504,Marrocos,160119,12.865,direct
2018,170111,Açúcar de cana ou de beterraba,528,Países Baixos,56411,4.532,direct
2018,170111,Açúcar de cana ou de beterraba,724,Espanha,51752,4.158,direct
2018,170111,Açúcar de cana ou de beterraba,156,China,25,0.002,direct
2018,170111,Açúcar de cana ou de beterraba,24,Angola,6,0.0,direct
2018,220210,"Waters; including mineral and aerated, containing added sugar or other sweetening matter or flavoured",620,Portugal,743565,81.233,direct
2018,220210,"Waters; including mineral and aerated, containing added sugar or other sweetening matter or flavoured",792,Turquia,147431,16.107,direct
2018,220210,"Waters; including mineral and aerated, containing added sugar or other sweetening matter or flavoured",710,África do Sul,16029,1.751,direct
2018,220210,"Waters; including mineral and aerated, containing added sugar or other sweetening matter or flavoured",818,Egito,8277,0.904,direct
2018,220210,"Waters; including mineral and aerated, containing added sugar or other sweetening matter or flavoured",24,Angola,44,0.005,direct
2018,220290,220290,620,Portugal,1706666,70.87,direct
2018,220290,220290,710,África do Sul,182836,7.592,direct
2018,220290,220290,528,Países Baixos,161397,6.702,direct
2018,220290,220290,40,Áustria,146846,6.098,direct
2018,220290,220290,724,Espanha,134442,5.583,direct
2018,220290,220290,792,Turquia,24383,1.013,direct
2018,220290,220290,704,Vietname,17467,0.725,direct
2018,220290,220290,276,Alemanha,14251,0.592,direct
2018,220300,Cerveja,620,Portugal,1033098,91.129,direct
2018,220300,Cerveja,24,Angola,91171,8.042,direct
2018,220300,Cerveja,724,Espanha,7896,0.697,direct
2018,220300,Cerveja,566,Nigéria,1407,0.124,direct
2018,220300,Cerveja,156,China,76,0.007,direct
2018,220300,Cerveja,266,Gabão,12,0.001,direct
2018,220421,Vinho,620,Portugal,2183099,99.795,direct
2018,220421,Vinho,76,Brasil,2790,0.128,direct
2018,220421,Vinho,724,Espanha,829,0.038,direct
2018,220421,Vinho,24,Angola,501,0.023,direct
2018,220421,Vinho,156,China,354,0.016,direct
2018,220429,Vinho,620,Portugal,1372295,92.37,direct
2018,220429,Vinho,24,Angola,101271,6.817,direct
2018,220429,Vinho,724,Espanha,12025,0.809,direct
2018,220429,Vinho,826,Reino Unido,37,0.002,direct
2018,220429,Vinho,899,"Areas, nes",18,0.001,direct
2018,230990,"Dog or cat food; (not put up for retail sale), used in animal feeding",620,Portugal,1595907,100.0,direct
2018,252329,"Cement; portland, other than white, whether or not artificially coloured",24,Angola,1982318,94.58,direct
2018,252329,"Cement; portland, other than white, whether or not artificially coloured",620,Portugal,113595,5.42,direct
2018,271011,Combustíveis refinados,842,EUA,12315,97.854,direct
2018,271011,Combustíveis refinados,566,Nigéria,143,1.136,direct
2018,271011,Combustíveis refinados,620,Portugal,127,1.01,direct
2018,340119,"Soap and organic surface-active products; in the form of bars, cakes, moulded shapes, and paper, wadding, felt and nonwovens, impregnated, coated or covered with soap or detergent, not for toilet use",620,Portugal,1414182,84.997,direct
2018,340119,"Soap and organic surface-active products; in the form of bars, cakes, moulded shapes, and paper, wadding, felt and nonwovens, impregnated, coated or covered with soap or detergent, not for toilet use",76,Brasil,87872,5.281,direct
2018,340119,"Soap and organic surface-active products; in the form of bars, cakes, moulded shapes, and paper, wadding, felt and nonwovens, impregnated, coated or covered with soap or detergent, not for toilet use",818,Egito,59618,3.583,direct
2018,340119,"Soap and organic surface-active products; in the form of bars, cakes, moulded shapes, and paper, wadding, felt and nonwovens, impregnated, coated or covered with soap or detergent, not for toilet use",710,África do Sul,58830,3.536,direct
2018,340119,"Soap and organic surface-active products; in the form of bars, cakes, moulded shapes, and paper, wadding, felt and nonwovens, impregnated, coated or covered with soap or detergent, not for toilet use",360,Indonésia,18683,1.123,direct
2018,340119,"Soap and organic surface-active products; in the form of bars, cakes, moulded shapes, and paper, wadding, felt and nonwovens, impregnated, coated or covered with soap or detergent, not for toilet use",458,Malásia,15565,0.936,direct
2018,340119,"Soap and organic surface-active products; in the form of bars, cakes, moulded shapes, and paper, wadding, felt and nonwovens, impregnated, coated or covered with soap or detergent, not for toilet use",699,Índia,5365,0.322,direct
2018,340119,"Soap and organic surface-active products; in the form of bars, cakes, moulded shapes, and paper, wadding, felt and nonwovens, impregnated, coated or covered with soap or detergent, not for toilet use",792,Turquia,2303,0.138,direct
2018,630900,"Clothing; worn, and other worn articles",620,Portugal,674461,45.026,direct
2018,630900,"Clothing; worn, and other worn articles",380,Itália,265356,17.715,direct
2018,630900,"Clothing; worn, and other worn articles",528,Países Baixos,193191,12.897,direct
2018,630900,"Clothing; worn, and other worn articles",24,Angola,90768,6.059,direct
2018,630900,"Clothing; worn, and other worn articles",56,Bélgica,82622,5.516,direct
2018,630900,"Clothing; worn, and other worn articles",276,Alemanha,66643,4.449,direct
2018,630900,"Clothing; worn, and other worn articles",156,China,25904,1.729,direct
2018,630900,"Clothing; worn, and other worn articles",422,Líbano,25422,1.697,direct
2018,850213,"Electric generating sets; with compression-ignition internal combustion piston engines (diesel or semi-diesel engines), of an output exceeding 375kVA",156,China,94683,100.0,direct
2018,870323,Automóveis de passageiros,620,Portugal,482561,39.405,direct
2018,870323,Automóveis de passageiros,266,Gabão,343936,28.085,direct
2018,870323,Automóveis de passageiros,56,Bélgica,196667,16.059,direct
2018,870323,Automóveis de passageiros,528,Países Baixos,53606,4.377,direct
2018,870323,Automóveis de passageiros,348,Hungria,52862,4.317,direct
2018,870323,Automóveis de passageiros,764,Tailândia,25173,2.056,direct
2018,870323,Automóveis de passageiros,724,Espanha,24848,2.029,direct
2018,870323,Automóveis de passageiros,703,Eslováquia,16801,1.372,direct
2018,870332,Automóveis de passageiros,620,Portugal,608375,37.784,direct
2018,870332,Automóveis de passageiros,266,Gabão,381238,23.678,direct
2018,870332,Automóveis de passageiros,56,Bélgica,195467,12.14,direct
2018,870332,Automóveis de passageiros,764,Tailândia,118782,7.377,direct
2018,870332,Automóveis de passageiros,251,França,78549,4.878,direct
2018,870332,Automóveis de passageiros,826,Reino Unido,62502,3.882,direct
2018,870332,Automóveis de passageiros,724,Espanha,47952,2.978,direct
2018,870332,Automóveis de passageiros,276,Alemanha,41486,2.577,direct
2018,870333,Automóveis de passageiros,266,Gabão,409028,57.348,direct
2018,870333,Automóveis de passageiros,392,Japão,143338,20.097,direct
2018,870333,Automóveis de passageiros,620,Portugal,59892,8.397,direct
2018,870333,Automóveis de passageiros,56,Bélgica,37258,5.224,direct
2018,870333,Automóveis de passageiros,380,Itália,19923,2.793,direct
2018,870333,Automóveis de passageiros,757,Suíça,12503,1.753,direct
2018,870333,Automóveis de passageiros,528,Países Baixos,11672,1.636,direct
2018,870333,Automóveis de passageiros,251,França,7076,0.992,direct
2018,871120,"Motorcycles (including mopeds) and cycles; fitted with an auxiliary motor, internal combustion piston engine, of cylinder capacity exceeding 50cc but not exceeding 250cc, with or without side-cars; side-cars",156,China,1370923,90.492,direct
2018,871120,"Motorcycles (including mopeds) and cycles; fitted with an auxiliary motor, internal combustion piston engine, of cylinder capacity exceeding 50cc but not exceeding 250cc, with or without side-cars; side-cars",24,Angola,83690,5.524,direct
2018,871120,"Motorcycles (including mopeds) and cycles; fitted with an auxiliary motor, internal combustion piston engine, of cylinder capacity exceeding 50cc but not exceeding 250cc, with or without side-cars; side-cars",620,Portugal,40869,2.698,direct
2018,871120,"Motorcycles (including mopeds) and cycles; fitted with an auxiliary motor, internal combustion piston engine, of cylinder capacity exceeding 50cc but not exceeding 250cc, with or without side-cars; side-cars",710,África do Sul,5228,0.345,direct
2018,871120,"Motorcycles (including mopeds) and cycles; fitted with an auxiliary motor, internal combustion piston engine, of cylinder capacity exceeding 50cc but not exceeding 250cc, with or without side-cars; side-cars",392,Japão,4877,0.322,direct
2018,871120,"Motorcycles (including mopeds) and cycles; fitted with an auxiliary motor, internal combustion piston engine, of cylinder capacity exceeding 50cc but not exceeding 250cc, with or without side-cars; side-cars",528,Países Baixos,3667,0.242,direct
2018,871120,"Motorcycles (including mopeds) and cycles; fitted with an auxiliary motor, internal combustion piston engine, of cylinder capacity exceeding 50cc but not exceeding 250cc, with or without side-cars; side-cars",586,Paquistão,2856,0.189,direct
2018,871120,"Motorcycles (including mopeds) and cycles; fitted with an auxiliary motor, internal combustion piston engine, of cylinder capacity exceeding 50cc but not exceeding 250cc, with or without side-cars; side-cars",826,Reino Unido,2856,0.188,direct
2018,999999,Commodities not specified according to kind,24,Angola,29843149,92.4,direct
2018,999999,Commodities not specified according to kind,620,Portugal,1542253,4.775,direct
2018,999999,Commodities not specified according to kind,842,EUA,736085,2.279,direct
2018,999999,Commodities not specified according to kind,784,Emirados Árabes Unidos,94060,0.291,direct
2018,999999,Commodities not specified according to kind,566,Nigéria,45174,0.14,direct
2018,999999,Commodities not specified according to kind,156,China,22080,0.068,direct
2018,999999,Commodities not specified according to kind,458,Malásia,9243,0.029,direct
2018,999999,Commodities not specified according to kind,56,Bélgica,5154,0.016,direct
2018,020714,"Meat and edible offal; of fowls of the species Gallus domesticus, cuts and offal, frozen",528,Países Baixos,856445,44.437,mirror
2018,020714,"Meat and edible offal; of fowls of the species Gallus domesticus, cuts and offal, frozen",620,Portugal,632588,32.822,mirror
2018,020714,"Meat and edible offal; of fowls of the species Gallus domesticus, cuts and offal, frozen",842,EUA,147218,7.638,mirror
2018,020714,"Meat and edible offal; of fowls of the species Gallus domesticus, cuts and offal, frozen",251,França,105871,5.493,mirror
2018,020714,"Meat and edible offal; of fowls of the species Gallus domesticus, cuts and offal, frozen",76,Brasil,97550,5.061,mirror
2018,020714,"Meat and edible offal; of fowls of the species Gallus domesticus, cuts and offal, frozen",724,Espanha,36509,1.894,mirror
2018,020714,"Meat and edible offal; of fowls of the species Gallus domesticus, cuts and offal, frozen",56,Bélgica,28657,1.487,mirror
2018,020714,"Meat and edible offal; of fowls of the species Gallus domesticus, cuts and offal, frozen",380,Itália,22497,1.167,mirror
2018,071333,"Vegetables, leguminous; kidney beans, including white pea beans (phaseolus vulgaris), shelled, whether or not skinned or split, dried",620,Portugal,714212,100.0,mirror
2018,071333,"Vegetables, leguminous; kidney beans, including white pea beans (phaseolus vulgaris), shelled, whether or not skinned or split, dried",24,Angola,3,0.0,mirror
2018,100620,Arroz,620,Portugal,3132,99.906,mirror
2018,100620,Arroz,24,Angola,3,0.094,mirror
2018,100630,Arroz,620,Portugal,2219318,54.362,mirror
2018,100630,Arroz,392,Japão,855143,20.947,mirror
2018,100630,Arroz,76,Brasil,550032,13.473,mirror
2018,100630,Arroz,764,Tailândia,226550,5.549,mirror
2018,100630,Arroz,699,Índia,186304,4.563,mirror
2018,100630,Arroz,116,Cambodia,45073,1.104,mirror
2018,100630,Arroz,266,Gabão,67,0.002,mirror
2018,110100,Wheat or meslin flour,620,Portugal,3035640,92.686,mirror
2018,110100,Wheat or meslin flour,528,Países Baixos,113003,3.45,mirror
2018,110100,Wheat or meslin flour,792,Turquia,72923,2.227,mirror
2018,110100,Wheat or meslin flour,56,Bélgica,53343,1.629,mirror
2018,110100,Wheat or meslin flour,616,Polónia,287,0.009,mirror
2018,150790,Óleo de soja,620,Portugal,2298441,86.627,mirror
2018,150790,Óleo de soja,818,Egito,243713,9.185,mirror
2018,150790,Óleo de soja,504,Marrocos,111121,4.188,mirror
2018,160100,"Meat preparations; sausages and similar products, of meat, meat offal, blood or insects, and food preparations based on these products",620,Portugal,1428885,99.331,mirror
2018,160100,"Meat preparations; sausages and similar products, of meat, meat offal, blood or insects, and food preparations based on these products",792,Turquia,9486,0.659,mirror
2018,160100,"Meat preparations; sausages and similar products, of meat, meat offal, blood or insects, and food preparations based on these products",422,Líbano,141,0.01,mirror
2018,220210,"Waters; including mineral and aerated, containing added sugar or other sweetening matter or flavoured",528,Países Baixos,503186,40.413,mirror
2018,220210,"Waters; including mineral and aerated, containing added sugar or other sweetening matter or flavoured",620,Portugal,193365,15.53,mirror
2018,220210,"Waters; including mineral and aerated, containing added sugar or other sweetening matter or flavoured",710,África do Sul,177320,14.241,mirror
2018,220210,"Waters; including mineral and aerated, containing added sugar or other sweetening matter or flavoured",780,Trinidad and Tobago,177064,14.221,mirror
2018,220210,"Waters; including mineral and aerated, containing added sugar or other sweetening matter or flavoured",792,Turquia,125352,10.068,mirror
2018,220210,"Waters; including mineral and aerated, containing added sugar or other sweetening matter or flavoured",842,EUA,56700,4.554,mirror
2018,220210,"Waters; including mineral and aerated, containing added sugar or other sweetening matter or flavoured",724,Espanha,12117,0.973,mirror
2018,220290,220290,422,Líbano,48066,100.0,mirror
2018,220300,Cerveja,620,Portugal,658463,73.065,mirror
2018,220300,Cerveja,24,Angola,232642,25.815,mirror
2018,220300,Cerveja,724,Espanha,10095,1.12,mirror
2018,220421,Vinho,620,Portugal,1960159,98.943,mirror
2018,220421,Vinho,380,Itália,18281,0.923,mirror
2018,220421,Vinho,76,Brasil,2357,0.119,mirror
2018,220421,Vinho,724,Espanha,304,0.015,mirror
2018,220421,Vinho,214,República Dominicana,3,0.0,mirror
2018,220429,Vinho,620,Portugal,230813,99.989,mirror
2018,220429,Vinho,24,Angola,25,0.011,mirror
2018,230990,"Dog or cat food; (not put up for retail sale), used in animal feeding",620,Portugal,1198282,94.357,mirror
2018,230990,"Dog or cat food; (not put up for retail sale), used in animal feeding",76,Brasil,71660,5.643,mirror
2018,252329,"Cement; portland, other than white, whether or not artificially coloured",24,Angola,2855321,98.849,mirror
2018,252329,"Cement; portland, other than white, whether or not artificially coloured",620,Portugal,33248,1.151,mirror
2018,271011,Combustíveis refinados,266,Gabão,779889,100.0,mirror
2018,340119,"Soap and organic surface-active products; in the form of bars, cakes, moulded shapes, and paper, wadding, felt and nonwovens, impregnated, coated or covered with soap or detergent, not for toilet use",620,Portugal,1537650,84.905,mirror
2018,340119,"Soap and organic surface-active products; in the form of bars, cakes, moulded shapes, and paper, wadding, felt and nonwovens, impregnated, coated or covered with soap or detergent, not for toilet use",710,África do Sul,174225,9.62,mirror
2018,340119,"Soap and organic surface-active products; in the form of bars, cakes, moulded shapes, and paper, wadding, felt and nonwovens, impregnated, coated or covered with soap or detergent, not for toilet use",76,Brasil,63358,3.498,mirror
2018,340119,"Soap and organic surface-active products; in the form of bars, cakes, moulded shapes, and paper, wadding, felt and nonwovens, impregnated, coated or covered with soap or detergent, not for toilet use",458,Malásia,35253,1.947,mirror
2018,340119,"Soap and organic surface-active products; in the form of bars, cakes, moulded shapes, and paper, wadding, felt and nonwovens, impregnated, coated or covered with soap or detergent, not for toilet use",156,China,531,0.029,mirror
2018,630900,"Clothing; worn, and other worn articles",528,Países Baixos,509869,28.555,mirror
2018,630900,"Clothing; worn, and other worn articles",620,Portugal,359989,20.161,mirror
2018,630900,"Clothing; worn, and other worn articles",380,Itália,221300,12.394,mirror
2018,630900,"Clothing; worn, and other worn articles",56,Bélgica,198465,11.115,mirror
2018,630900,"Clothing; worn, and other worn articles",276,Alemanha,189321,10.603,mirror
2018,630900,"Clothing; worn, and other worn articles",616,Polónia,116311,6.514,mirror
2018,630900,"Clothing; worn, and other worn articles",251,França,107541,6.023,mirror
2018,630900,"Clothing; worn, and other worn articles",724,Espanha,28244,1.582,mirror
2018,850213,"Electric generating sets; with compression-ignition internal combustion piston engines (diesel or semi-diesel engines), of an output exceeding 375kVA",156,China,59150,86.046,mirror
2018,850213,"Electric generating sets; with compression-ignition internal combustion piston engines (diesel or semi-diesel engines), of an output exceeding 375kVA",620,Portugal,9593,13.954,mirror
2018,870323,Automóveis de passageiros,266,Gabão,319447,38.687,mirror
2018,870323,Automóveis de passageiros,620,Portugal,217100,26.292,mirror
2018,870323,Automóveis de passageiros,842,EUA,177096,21.447,mirror
2018,870323,Automóveis de passageiros,56,Bélgica,84002,10.173,mirror
2018,870323,Automóveis de passageiros,784,Emirados Árabes Unidos,16904,2.047,mirror
2018,870323,Automóveis de passageiros,757,Suíça,7160,0.867,mirror
2018,870323,Automóveis de passageiros,528,Países Baixos,4015,0.486,mirror
2018,870332,Automóveis de passageiros,620,Portugal,421742,55.483,mirror
2018,870332,Automóveis de passageiros,266,Gabão,265165,34.884,mirror
2018,870332,Automóveis de passageiros,56,Bélgica,49330,6.49,mirror
2018,870332,Automóveis de passageiros,410,Coreia do Sul,7574,0.996,mirror
2018,870332,Automóveis de passageiros,251,França,5905,0.777,mirror
2018,870332,Automóveis de passageiros,24,Angola,5500,0.724,mirror
2018,870332,Automóveis de passageiros,757,Suíça,4091,0.538,mirror
2018,870332,Automóveis de passageiros,528,Países Baixos,827,0.109,mirror
2018,870333,Automóveis de passageiros,266,Gabão,479169,93.297,mirror
2018,870333,Automóveis de passageiros,620,Portugal,31642,6.161,mirror
2018,870333,Automóveis de passageiros,56,Bélgica,2783,0.542,mirror
2018,871120,"Motorcycles (including mopeds) and cycles; fitted with an auxiliary motor, internal combustion piston engine, of cylinder capacity exceeding 50cc but not exceeding 250cc, with or without side-cars; side-cars",156,China,79803,83.288,mirror
2018,871120,"Motorcycles (including mopeds) and cycles; fitted with an auxiliary motor, internal combustion piston engine, of cylinder capacity exceeding 50cc but not exceeding 250cc, with or without side-cars; side-cars",620,Portugal,16013,16.712,mirror
2018,999999,Commodities not specified according to kind,826,Reino Unido,395785,48.377,mirror
2018,999999,Commodities not specified according to kind,528,Países Baixos,107447,13.133,mirror
2018,999999,Commodities not specified according to kind,757,Suíça,106348,12.999,mirror
2018,999999,Commodities not specified according to kind,842,EUA,105215,12.86,mirror
2018,999999,Commodities not specified according to kind,251,França,64873,7.929,mirror
2018,999999,Commodities not specified according to kind,276,Alemanha,9451,1.155,mirror
2018,999999,Commodities not specified according to kind,380,Itália,9093,1.111,mirror
2018,999999,Commodities not specified according to kind,156,China,6517,0.797,mirror
2019,020714,"Meat and edible offal; of fowls of the species Gallus domesticus, cuts and offal, frozen",528,Países Baixos,694665,26.511,direct
2019,020714,"Meat and edible offal; of fowls of the species Gallus domesticus, cuts and offal, frozen",620,Portugal,500732,19.11,direct
2019,020714,"Meat and edible offal; of fowls of the species Gallus domesticus, cuts and offal, frozen",251,França,424592,16.204,direct
2019,020714,"Meat and edible offal; of fowls of the species Gallus domesticus, cuts and offal, frozen",56,Bélgica,356884,13.62,direct
2019,020714,"Meat and edible offal; of fowls of the species Gallus domesticus, cuts and offal, frozen",76,Brasil,194937,7.44,direct
2019,020714,"Meat and edible offal; of fowls of the species Gallus domesticus, cuts and offal, frozen",724,Espanha,177527,6.775,direct
2019,020714,"Meat and edible offal; of fowls of the species Gallus domesticus, cuts and offal, frozen",826,Reino Unido,87321,3.333,direct
2019,020714,"Meat and edible offal; of fowls of the species Gallus domesticus, cuts and offal, frozen",842,EUA,58750,2.242,direct
2019,071333,"Vegetables, leguminous; kidney beans, including white pea beans (phaseolus vulgaris), shelled, whether or not skinned or split, dried",620,Portugal,723613,84.13,direct
2019,071333,"Vegetables, leguminous; kidney beans, including white pea beans (phaseolus vulgaris), shelled, whether or not skinned or split, dried",124,Canadá,118591,13.788,direct
2019,071333,"Vegetables, leguminous; kidney beans, including white pea beans (phaseolus vulgaris), shelled, whether or not skinned or split, dried",842,EUA,17175,1.997,direct
2019,071333,"Vegetables, leguminous; kidney beans, including white pea beans (phaseolus vulgaris), shelled, whether or not skinned or split, dried",226,Guiné Equatorial,467,0.054,direct
2019,071333,"Vegetables, leguminous; kidney beans, including white pea beans (phaseolus vulgaris), shelled, whether or not skinned or split, dried",251,França,160,0.019,direct
2019,071333,"Vegetables, leguminous; kidney beans, including white pea beans (phaseolus vulgaris), shelled, whether or not skinned or split, dried",156,China,50,0.006,direct
2019,071333,"Vegetables, leguminous; kidney beans, including white pea beans (phaseolus vulgaris), shelled, whether or not skinned or split, dried",56,Bélgica,50,0.006,direct
2019,071333,"Vegetables, leguminous; kidney beans, including white pea beans (phaseolus vulgaris), shelled, whether or not skinned or split, dried",380,Itália,7,0.001,direct
2019,100620,Arroz,620,Portugal,19072,99.023,direct
2019,100620,Arroz,156,China,145,0.755,direct
2019,100620,Arroz,251,França,43,0.222,direct
2019,100630,Arroz,392,Japão,2101836,35.405,direct
2019,100630,Arroz,620,Portugal,1377714,23.207,direct
2019,100630,Arroz,76,Brasil,1020090,17.183,direct
2019,100630,Arroz,764,Tailândia,722206,12.165,direct
2019,100630,Arroz,704,Vietname,355675,5.991,direct
2019,100630,Arroz,699,Índia,206079,3.471,direct
2019,100630,Arroz,226,Guiné Equatorial,106650,1.796,direct
2019,100630,Arroz,792,Turquia,26210,0.442,direct
2019,110100,Wheat or meslin flour,620,Portugal,3296168,91.122,direct
2019,110100,Wheat or meslin flour,528,Países Baixos,203861,5.636,direct
2019,110100,Wheat or meslin flour,792,Turquia,95101,2.629,direct
2019,110100,Wheat or meslin flour,795,Turkmenistan,20675,0.572,direct
2019,110100,Wheat or meslin flour,226,Guiné Equatorial,1170,0.032,direct
2019,110100,Wheat or meslin flour,251,França,150,0.004,direct
2019,110100,Wheat or meslin flour,28,Antigua and Barbuda,89,0.002,direct
2019,110100,Wheat or meslin flour,480,Maurícias,50,0.001,direct
2019,150790,Óleo de soja,620,Portugal,1448748,99.965,direct
2019,150790,Óleo de soja,156,China,351,0.024,direct
2019,150790,Óleo de soja,480,Maurícias,154,0.011,direct
2019,150790,Óleo de soja,380,Itália,1,0.0,direct
2019,160100,"Meat preparations; sausages and similar products, of meat, meat offal, blood or insects, and food preparations based on these products",620,Portugal,1187858,99.936,direct
2019,160100,"Meat preparations; sausages and similar products, of meat, meat offal, blood or insects, and food preparations based on these products",251,França,715,0.06,direct
2019,160100,"Meat preparations; sausages and similar products, of meat, meat offal, blood or insects, and food preparations based on these products",156,China,47,0.004,direct
2019,170111,Açúcar de cana ou de beterraba,76,Brasil,589432,53.011,direct
2019,170111,Açúcar de cana ou de beterraba,620,Portugal,344749,31.005,direct
2019,170111,Açúcar de cana ou de beterraba,504,Marrocos,123609,11.117,direct
2019,170111,Açúcar de cana ou de beterraba,528,Países Baixos,52548,4.726,direct
2019,170111,Açúcar de cana ou de beterraba,226,Guiné Equatorial,1447,0.13,direct
2019,170111,Açúcar de cana ou de beterraba,251,França,121,0.011,direct
2019,220210,"Waters; including mineral and aerated, containing added sugar or other sweetening matter or flavoured",620,Portugal,350594,73.027,direct
2019,220210,"Waters; including mineral and aerated, containing added sugar or other sweetening matter or flavoured",792,Turquia,124818,25.999,direct
2019,220210,"Waters; including mineral and aerated, containing added sugar or other sweetening matter or flavoured",226,Guiné Equatorial,2907,0.605,direct
2019,220210,"Waters; including mineral and aerated, containing added sugar or other sweetening matter or flavoured",251,França,1743,0.363,direct
2019,220210,"Waters; including mineral and aerated, containing added sugar or other sweetening matter or flavoured",276,Alemanha,25,0.005,direct
2019,220290,220290,620,Portugal,2252860,86.062,direct
2019,220290,220290,710,África do Sul,234773,8.969,direct
2019,220290,220290,724,Espanha,78094,2.983,direct
2019,220290,220290,226,Guiné Equatorial,22278,0.851,direct
2019,220290,220290,528,Países Baixos,20644,0.789,direct
2019,220290,220290,792,Turquia,3818,0.146,direct
2019,220290,220290,251,França,3233,0.123,direct
2019,220290,220290,586,Paquistão,2026,0.077,direct
2019,220300,Cerveja,620,Portugal,966212,92.213,direct
2019,220300,Cerveja,226,Guiné Equatorial,46694,4.456,direct
2019,220300,Cerveja,724,Espanha,29490,2.814,direct
2019,220300,Cerveja,24,Angola,4168,0.398,direct
2019,220300,Cerveja,251,França,1156,0.11,direct
2019,220300,Cerveja,768,Togo,88,0.008,direct
2019,220421,Vinho,620,Portugal,1922386,97.543,direct
2019,220421,Vinho,226,Guiné Equatorial,26093,1.324,direct
2019,220421,Vinho,724,Espanha,16489,0.837,direct
2019,220421,Vinho,251,França,3152,0.16,direct
2019,220421,Vinho,842,EUA,1824,0.093,direct
2019,220421,Vinho,156,China,867,0.044,direct
2019,220429,Vinho,620,Portugal,1189574,99.983,direct
2019,220429,Vinho,156,China,189,0.016,direct
2019,220429,Vinho,380,Itália,11,0.001,direct
2019,230990,"Dog or cat food; (not put up for retail sale), used in animal feeding",620,Portugal,1678251,99.396,direct
2019,230990,"Dog or cat food; (not put up for retail sale), used in animal feeding",796,Turks and Caicos Isds,8833,0.523,direct
2019,230990,"Dog or cat food; (not put up for retail sale), used in animal feeding",251,França,1371,0.081,direct
2019,252329,"Cement; portland, other than white, whether or not artificially coloured",620,Portugal,991151,53.456,direct
2019,252329,"Cement; portland, other than white, whether or not artificially coloured",24,Angola,861214,46.448,direct
2019,252329,"Cement; portland, other than white, whether or not artificially coloured",156,China,1774,0.096,direct
2019,271011,Combustíveis refinados,620,Portugal,1167,100.0,direct
2019,340119,"Soap and organic surface-active products; in the form of bars, cakes, moulded shapes, and paper, wadding, felt and nonwovens, impregnated, coated or covered with soap or detergent, not for toilet use",620,Portugal,865808,65.384,direct
2019,340119,"Soap and organic surface-active products; in the form of bars, cakes, moulded shapes, and paper, wadding, felt and nonwovens, impregnated, coated or covered with soap or detergent, not for toilet use",818,Egito,259616,19.606,direct
2019,340119,"Soap and organic surface-active products; in the form of bars, cakes, moulded shapes, and paper, wadding, felt and nonwovens, impregnated, coated or covered with soap or detergent, not for toilet use",710,África do Sul,82212,6.208,direct
2019,340119,"Soap and organic surface-active products; in the form of bars, cakes, moulded shapes, and paper, wadding, felt and nonwovens, impregnated, coated or covered with soap or detergent, not for toilet use",76,Brasil,50885,3.843,direct
2019,340119,"Soap and organic surface-active products; in the form of bars, cakes, moulded shapes, and paper, wadding, felt and nonwovens, impregnated, coated or covered with soap or detergent, not for toilet use",360,Indonésia,20699,1.563,direct
2019,340119,"Soap and organic surface-active products; in the form of bars, cakes, moulded shapes, and paper, wadding, felt and nonwovens, impregnated, coated or covered with soap or detergent, not for toilet use",702,Singapura,13121,0.991,direct
2019,340119,"Soap and organic surface-active products; in the form of bars, cakes, moulded shapes, and paper, wadding, felt and nonwovens, impregnated, coated or covered with soap or detergent, not for toilet use",458,Malásia,12913,0.975,direct
2019,340119,"Soap and organic surface-active products; in the form of bars, cakes, moulded shapes, and paper, wadding, felt and nonwovens, impregnated, coated or covered with soap or detergent, not for toilet use",626,Timor-Leste,11716,0.885,direct
2019,630900,"Clothing; worn, and other worn articles",620,Portugal,911484,43.134,direct
2019,630900,"Clothing; worn, and other worn articles",380,Itália,352557,16.684,direct
2019,630900,"Clothing; worn, and other worn articles",56,Bélgica,274662,12.998,direct
2019,630900,"Clothing; worn, and other worn articles",528,Países Baixos,214765,10.163,direct
2019,630900,"Clothing; worn, and other worn articles",24,Angola,101875,4.821,direct
2019,630900,"Clothing; worn, and other worn articles",276,Alemanha,59999,2.839,direct
2019,630900,"Clothing; worn, and other worn articles",842,EUA,40199,1.902,direct
2019,630900,"Clothing; worn, and other worn articles",724,Espanha,38846,1.838,direct
2019,850213,"Electric generating sets; with compression-ignition internal combustion piston engines (diesel or semi-diesel engines), of an output exceeding 375kVA",620,Portugal,24287,100.0,direct
2019,870323,Automóveis de passageiros,156,China,641763,31.272,direct
2019,870323,Automóveis de passageiros,620,Portugal,537134,26.174,direct
2019,870323,Automóveis de passageiros,266,Gabão,295302,14.39,direct
2019,870323,Automóveis de passageiros,348,Hungria,145638,7.097,direct
2019,870323,Automóveis de passageiros,784,Emirados Árabes Unidos,144939,7.063,direct
2019,870323,Automóveis de passageiros,56,Bélgica,80294,3.913,direct
2019,870323,Automóveis de passageiros,528,Países Baixos,73883,3.6,direct
2019,870323,Automóveis de passageiros,842,EUA,45297,2.207,direct
2019,870332,Automóveis de passageiros,620,Portugal,711345,36.208,direct
2019,870332,Automóveis de passageiros,266,Gabão,596691,30.372,direct
2019,870332,Automóveis de passageiros,764,Tailândia,220484,11.223,direct
2019,870332,Automóveis de passageiros,56,Bélgica,110645,5.632,direct
2019,870332,Automóveis de passageiros,784,Emirados Árabes Unidos,73887,3.761,direct
2019,870332,Automóveis de passageiros,251,França,37446,1.906,direct
2019,870332,Automóveis de passageiros,528,Países Baixos,34785,1.771,direct
2019,870332,Automóveis de passageiros,826,Reino Unido,34751,1.769,direct
2019,870333,Automóveis de passageiros,266,Gabão,267409,28.693,direct
2019,870333,Automóveis de passageiros,156,China,262733,28.191,direct
2019,870333,Automóveis de passageiros,392,Japão,114259,12.26,direct
2019,870333,Automóveis de passageiros,724,Espanha,89350,9.587,direct
2019,870333,Automóveis de passageiros,620,Portugal,58275,6.253,direct
2019,870333,Automóveis de passageiros,276,Alemanha,44945,4.823,direct
2019,870333,Automóveis de passageiros,710,África do Sul,28435,3.051,direct
2019,870333,Automóveis de passageiros,251,França,20666,2.217,direct
2019,871120,"Motorcycles (including mopeds) and cycles; fitted with an auxiliary motor, internal combustion piston engine, of cylinder capacity exceeding 50cc but not exceeding 250cc, with or without side-cars; side-cars",156,China,817749,85.649,direct
2019,871120,"Motorcycles (including mopeds) and cycles; fitted with an auxiliary motor, internal combustion piston engine, of cylinder capacity exceeding 50cc but not exceeding 250cc, with or without side-cars; side-cars",620,Portugal,42117,4.411,direct
2019,871120,"Motorcycles (including mopeds) and cycles; fitted with an auxiliary motor, internal combustion piston engine, of cylinder capacity exceeding 50cc but not exceeding 250cc, with or without side-cars; side-cars",784,Emirados Árabes Unidos,39825,4.171,direct
2019,871120,"Motorcycles (including mopeds) and cycles; fitted with an auxiliary motor, internal combustion piston engine, of cylinder capacity exceeding 50cc but not exceeding 250cc, with or without side-cars; side-cars",392,Japão,22204,2.326,direct
2019,871120,"Motorcycles (including mopeds) and cycles; fitted with an auxiliary motor, internal combustion piston engine, of cylinder capacity exceeding 50cc but not exceeding 250cc, with or without side-cars; side-cars",768,Togo,14056,1.472,direct
2019,871120,"Motorcycles (including mopeds) and cycles; fitted with an auxiliary motor, internal combustion piston engine, of cylinder capacity exceeding 50cc but not exceeding 250cc, with or without side-cars; side-cars",24,Angola,9875,1.034,direct
2019,871120,"Motorcycles (including mopeds) and cycles; fitted with an auxiliary motor, internal combustion piston engine, of cylinder capacity exceeding 50cc but not exceeding 250cc, with or without side-cars; side-cars",566,Nigéria,4150,0.435,direct
2019,871120,"Motorcycles (including mopeds) and cycles; fitted with an auxiliary motor, internal combustion piston engine, of cylinder capacity exceeding 50cc but not exceeding 250cc, with or without side-cars; side-cars",251,França,1957,0.205,direct
2019,999999,Commodities not specified according to kind,24,Angola,25868380,74.498,direct
2019,999999,Commodities not specified according to kind,566,Nigéria,6359462,18.315,direct
2019,999999,Commodities not specified according to kind,620,Portugal,1589323,4.577,direct
2019,999999,Commodities not specified according to kind,842,EUA,731405,2.106,direct
2019,999999,Commodities not specified according to kind,784,Emirados Árabes Unidos,142152,0.409,direct
2019,999999,Commodities not specified according to kind,156,China,28063,0.081,direct
2019,999999,Commodities not specified according to kind,56,Bélgica,4381,0.013,direct
2019,999999,Commodities not specified according to kind,586,Paquistão,173,0.0,direct
2019,020714,"Meat and edible offal; of fowls of the species Gallus domesticus, cuts and offal, frozen",528,Países Baixos,784876,34.351,mirror
2019,020714,"Meat and edible offal; of fowls of the species Gallus domesticus, cuts and offal, frozen",620,Portugal,442676,19.374,mirror
2019,020714,"Meat and edible offal; of fowls of the species Gallus domesticus, cuts and offal, frozen",251,França,410103,17.948,mirror
2019,020714,"Meat and edible offal; of fowls of the species Gallus domesticus, cuts and offal, frozen",56,Bélgica,226650,9.919,mirror
2019,020714,"Meat and edible offal; of fowls of the species Gallus domesticus, cuts and offal, frozen",76,Brasil,202917,8.881,mirror
2019,020714,"Meat and edible offal; of fowls of the species Gallus domesticus, cuts and offal, frozen",826,Reino Unido,100303,4.39,mirror
2019,020714,"Meat and edible offal; of fowls of the species Gallus domesticus, cuts and offal, frozen",842,EUA,76850,3.363,mirror
2019,020714,"Meat and edible offal; of fowls of the species Gallus domesticus, cuts and offal, frozen",724,Espanha,40525,1.774,mirror
2019,071333,"Vegetables, leguminous; kidney beans, including white pea beans (phaseolus vulgaris), shelled, whether or not skinned or split, dried",620,Portugal,415049,100.0,mirror
2019,100620,Arroz,620,Portugal,1519,100.0,mirror
2019,100630,Arroz,620,Portugal,1008555,37.703,mirror
2019,100630,Arroz,76,Brasil,758964,28.372,mirror
2019,100630,Arroz,764,Tailândia,627855,23.471,mirror
2019,100630,Arroz,699,Índia,279650,10.454,mirror
2019,110100,Wheat or meslin flour,620,Portugal,2575801,87.387,mirror
2019,110100,Wheat or meslin flour,528,Países Baixos,214924,7.292,mirror
2019,110100,Wheat or meslin flour,792,Turquia,147124,4.991,mirror
2019,110100,Wheat or meslin flour,56,Bélgica,9730,0.33,mirror
2019,150790,Óleo de soja,620,Portugal,1443130,100.0,mirror
2019,160100,"Meat preparations; sausages and similar products, of meat, meat offal, blood or insects, and food preparations based on these products",620,Portugal,1005692,99.778,mirror
2019,160100,"Meat preparations; sausages and similar products, of meat, meat offal, blood or insects, and food preparations based on these products",528,Países Baixos,2242,0.222,mirror
2019,220210,"Waters; including mineral and aerated, containing added sugar or other sweetening matter or flavoured",842,EUA,336708,24.77,mirror
2019,220210,"Waters; including mineral and aerated, containing added sugar or other sweetening matter or flavoured",710,África do Sul,287119,21.122,mirror
2019,220210,"Waters; including mineral and aerated, containing added sugar or other sweetening matter or flavoured",528,Países Baixos,286412,21.07,mirror
2019,220210,"Waters; including mineral and aerated, containing added sugar or other sweetening matter or flavoured",620,Portugal,210616,15.494,mirror
2019,220210,"Waters; including mineral and aerated, containing added sugar or other sweetening matter or flavoured",792,Turquia,108258,7.964,mirror
2019,220210,"Waters; including mineral and aerated, containing added sugar or other sweetening matter or flavoured",780,Trinidad and Tobago,108069,7.95,mirror
2019,220210,"Waters; including mineral and aerated, containing added sugar or other sweetening matter or flavoured",724,Espanha,19992,1.471,mirror
2019,220210,"Waters; including mineral and aerated, containing added sugar or other sweetening matter or flavoured",251,França,2154,0.158,mirror
2019,220300,Cerveja,620,Portugal,637931,91.114,mirror
2019,220300,Cerveja,724,Espanha,60707,8.671,mirror
2019,220300,Cerveja,251,França,1505,0.215,mirror
2019,220421,Vinho,620,Portugal,1600542,98.484,mirror
2019,220421,Vinho,724,Espanha,20238,1.245,mirror
2019,220421,Vinho,251,França,4397,0.271,mirror
2019,220429,Vinho,620,Portugal,109058,100.0,mirror
2019,230990,"Dog or cat food; (not put up for retail sale), used in animal feeding",620,Portugal,1298342,99.91,mirror
2019,230990,"Dog or cat food; (not put up for retail sale), used in animal feeding",251,França,1167,0.09,mirror
2019,252329,"Cement; portland, other than white, whether or not artificially coloured",24,Angola,1410275,75.65,mirror
2019,252329,"Cement; portland, other than white, whether or not artificially coloured",620,Portugal,453939,24.35,mirror
2019,271011,Combustíveis refinados,266,Gabão,1147302,100.0,mirror
2019,340119,"Soap and organic surface-active products; in the form of bars, cakes, moulded shapes, and paper, wadding, felt and nonwovens, impregnated, coated or covered with soap or detergent, not for toilet use",620,Portugal,668711,75.605,mirror
2019,340119,"Soap and organic surface-active products; in the form of bars, cakes, moulded shapes, and paper, wadding, felt and nonwovens, impregnated, coated or covered with soap or detergent, not for toilet use",710,África do Sul,199769,22.586,mirror
2019,340119,"Soap and organic surface-active products; in the form of bars, cakes, moulded shapes, and paper, wadding, felt and nonwovens, impregnated, coated or covered with soap or detergent, not for toilet use",458,Malásia,16006,1.81,mirror
2019,630900,"Clothing; worn, and other worn articles",620,Portugal,566651,31.147,mirror
2019,630900,"Clothing; worn, and other worn articles",528,Países Baixos,408391,22.448,mirror
2019,630900,"Clothing; worn, and other worn articles",56,Bélgica,315405,17.337,mirror
2019,630900,"Clothing; worn, and other worn articles",276,Alemanha,181862,9.996,mirror
2019,630900,"Clothing; worn, and other worn articles",380,Itália,161360,8.87,mirror
2019,630900,"Clothing; worn, and other worn articles",156,China,82114,4.514,mirror
2019,630900,"Clothing; worn, and other worn articles",251,França,56868,3.126,mirror
2019,630900,"Clothing; worn, and other worn articles",616,Polónia,28087,1.544,mirror
2019,850213,"Electric generating sets; with compression-ignition internal combustion piston engines (diesel or semi-diesel engines), of an output exceeding 375kVA",620,Portugal,1331540,100.0,mirror
2019,870323,Automóveis de passageiros,620,Portugal,268652,36.75,mirror
2019,870323,Automóveis de passageiros,266,Gabão,239667,32.785,mirror
2019,870323,Automóveis de passageiros,842,EUA,68000,9.302,mirror
2019,870323,Automóveis de passageiros,24,Angola,53996,7.386,mirror
2019,870323,Automóveis de passageiros,528,Países Baixos,51436,7.036,mirror
2019,870323,Automóveis de passageiros,56,Bélgica,42778,5.852,mirror
2019,870323,Automóveis de passageiros,251,França,4479,0.613,mirror
2019,870323,Automóveis de passageiros,757,Suíça,2012,0.275,mirror
2019,870332,Automóveis de passageiros,266,Gabão,569409,54.288,mirror
2019,870332,Automóveis de passageiros,620,Portugal,314061,29.943,mirror
2019,870332,Automóveis de passageiros,528,Países Baixos,125790,11.993,mirror
2019,870332,Automóveis de passageiros,56,Bélgica,32700,3.118,mirror
2019,870332,Automóveis de passageiros,410,Coreia do Sul,6900,0.658,mirror
2019,870333,Automóveis de passageiros,528,Países Baixos,690651,65.817,mirror
2019,870333,Automóveis de passageiros,266,Gabão,262359,25.002,mirror
2019,870333,Automóveis de passageiros,276,Alemanha,49926,4.758,mirror
2019,870333,Automóveis de passageiros,620,Portugal,36050,3.435,mirror
2019,870333,Automóveis de passageiros,24,Angola,7569,0.721,mirror
2019,870333,Automóveis de passageiros,251,França,2799,0.267,mirror
2019,871120,"Motorcycles (including mopeds) and cycles; fitted with an auxiliary motor, internal combustion piston engine, of cylinder capacity exceeding 50cc but not exceeding 250cc, with or without side-cars; side-cars",156,China,332721,94.535,mirror
2019,871120,"Motorcycles (including mopeds) and cycles; fitted with an auxiliary motor, internal combustion piston engine, of cylinder capacity exceeding 50cc but not exceeding 250cc, with or without side-cars; side-cars",620,Portugal,19233,5.465,mirror
2019,999999,Commodities not specified according to kind,757,Suíça,80743,23.837,mirror
2019,999999,Commodities not specified according to kind,842,EUA,80256,23.694,mirror
2019,999999,Commodities not specified according to kind,251,França,73993,21.845,mirror
2019,999999,Commodities not specified according to kind,620,Portugal,34525,10.193,mirror
2019,999999,Commodities not specified according to kind,276,Alemanha,24228,7.153,mirror
2019,999999,Commodities not specified according to kind,528,Países Baixos,21204,6.26,mirror
2019,999999,Commodities not specified according to kind,156,China,9232,2.726,mirror
2019,999999,Commodities not specified according to kind,344,Hong Kong (RAEHK),6870,2.028,mirror
2020,020714,"Meat and edible offal; of fowls of the species Gallus domesticus, cuts and offal, frozen",528,Países Baixos,666134,27.963,direct
2020,020714,"Meat and edible offal; of fowls of the species Gallus domesticus, cuts and offal, frozen",251,França,353859,14.854,direct
2020,020714,"Meat and edible offal; of fowls of the species Gallus domesticus, cuts and offal, frozen",724,Espanha,339961,14.271,direct
2020,020714,"Meat and edible offal; of fowls of the species Gallus domesticus, cuts and offal, frozen",56,Bélgica,280631,11.78,direct
2020,020714,"Meat and edible offal; of fowls of the species Gallus domesticus, cuts and offal, frozen",76,Brasil,263612,11.066,direct
2020,020714,"Meat and edible offal; of fowls of the species Gallus domesticus, cuts and offal, frozen",620,Portugal,243940,10.24,direct
2020,020714,"Meat and edible offal; of fowls of the species Gallus domesticus, cuts and offal, frozen",826,Reino Unido,120856,5.073,direct
2020,020714,"Meat and edible offal; of fowls of the species Gallus domesticus, cuts and offal, frozen",372,Irlanda,25591,1.074,direct
2020,071333,"Vegetables, leguminous; kidney beans, including white pea beans (phaseolus vulgaris), shelled, whether or not skinned or split, dried",620,Portugal,954611,93.232,direct
2020,071333,"Vegetables, leguminous; kidney beans, including white pea beans (phaseolus vulgaris), shelled, whether or not skinned or split, dried",124,Canadá,35685,3.485,direct
2020,071333,"Vegetables, leguminous; kidney beans, including white pea beans (phaseolus vulgaris), shelled, whether or not skinned or split, dried",724,Espanha,33584,3.28,direct
2020,071333,"Vegetables, leguminous; kidney beans, including white pea beans (phaseolus vulgaris), shelled, whether or not skinned or split, dried",768,Togo,20,0.002,direct
2020,071333,"Vegetables, leguminous; kidney beans, including white pea beans (phaseolus vulgaris), shelled, whether or not skinned or split, dried",156,China,5,0.0,direct
2020,100620,Arroz,764,Tailândia,57311,97.2,direct
2020,100620,Arroz,620,Portugal,1441,2.444,direct
2020,100620,Arroz,251,França,205,0.348,direct
2020,100620,Arroz,156,China,5,0.008,direct
2020,100630,Arroz,620,Portugal,1883092,33.223,direct
2020,100630,Arroz,76,Brasil,1443031,25.459,direct
2020,100630,Arroz,764,Tailândia,1101817,19.439,direct
2020,100630,Arroz,699,Índia,833797,14.71,direct
2020,100630,Arroz,704,Vietname,322097,5.683,direct
2020,100630,Arroz,226,Guiné Equatorial,79095,1.395,direct
2020,100630,Arroz,156,China,4181,0.074,direct
2020,100630,Arroz,768,Togo,684,0.012,direct
2020,110100,Wheat or meslin flour,620,Portugal,3357367,88.446,direct
2020,110100,Wheat or meslin flour,792,Turquia,262202,6.907,direct
2020,110100,Wheat or meslin flour,528,Países Baixos,81336,2.143,direct
2020,110100,Wheat or meslin flour,32,Argentina,79605,2.097,direct
2020,110100,Wheat or meslin flour,702,Singapura,14313,0.377,direct
2020,110100,Wheat or meslin flour,156,China,591,0.016,direct
2020,110100,Wheat or meslin flour,251,França,388,0.01,direct
2020,110100,Wheat or meslin flour,768,Togo,79,0.002,direct
2020,150790,Óleo de soja,620,Portugal,1762087,97.517,direct
2020,150790,Óleo de soja,724,Espanha,22825,1.263,direct
2020,150790,Óleo de soja,458,Malásia,20876,1.155,direct
2020,150790,Óleo de soja,156,China,1170,0.065,direct
2020,160100,"Meat preparations; sausages and similar products, of meat, meat offal, blood or insects, and food preparations based on these products",620,Portugal,1254931,91.764,direct
2020,160100,"Meat preparations; sausages and similar products, of meat, meat offal, blood or insects, and food preparations based on these products",76,Brasil,87620,6.407,direct
2020,160100,"Meat preparations; sausages and similar products, of meat, meat offal, blood or insects, and food preparations based on these products",792,Turquia,24660,1.803,direct
2020,160100,"Meat preparations; sausages and similar products, of meat, meat offal, blood or insects, and food preparations based on these products",251,França,282,0.021,direct
2020,160100,"Meat preparations; sausages and similar products, of meat, meat offal, blood or insects, and food preparations based on these products",156,China,70,0.005,direct
2020,170111,Açúcar de cana ou de beterraba,76,Brasil,1205102,74.311,direct
2020,170111,Açúcar de cana ou de beterraba,620,Portugal,267158,16.474,direct
2020,170111,Açúcar de cana ou de beterraba,724,Espanha,101853,6.281,direct
2020,170111,Açúcar de cana ou de beterraba,818,Egito,47325,2.918,direct
2020,170111,Açúcar de cana ou de beterraba,251,França,226,0.014,direct
2020,170111,Açúcar de cana ou de beterraba,156,China,34,0.002,direct
2020,220210,"Waters; including mineral and aerated, containing added sugar or other sweetening matter or flavoured",620,Portugal,481867,79.788,direct
2020,220210,"Waters; including mineral and aerated, containing added sugar or other sweetening matter or flavoured",792,Turquia,99557,16.485,direct
2020,220210,"Waters; including mineral and aerated, containing added sugar or other sweetening matter or flavoured",422,Líbano,16213,2.685,direct
2020,220210,"Waters; including mineral and aerated, containing added sugar or other sweetening matter or flavoured",724,Espanha,5229,0.866,direct
2020,220210,"Waters; including mineral and aerated, containing added sugar or other sweetening matter or flavoured",251,França,993,0.164,direct
2020,220210,"Waters; including mineral and aerated, containing added sugar or other sweetening matter or flavoured",156,China,74,0.012,direct
2020,220290,220290,620,Portugal,1900431,88.082,direct
2020,220290,220290,724,Espanha,139636,6.472,direct
2020,220290,220290,710,África do Sul,109013,5.053,direct
2020,220290,220290,251,França,4759,0.221,direct
2020,220290,220290,24,Angola,3623,0.168,direct
2020,220290,220290,768,Togo,99,0.005,direct
2020,220300,Cerveja,620,Portugal,953865,88.194,direct
2020,220300,Cerveja,226,Guiné Equatorial,104827,9.692,direct
2020,220300,Cerveja,724,Espanha,20868,1.929,direct
2020,220300,Cerveja,251,França,1675,0.155,direct
2020,220300,Cerveja,768,Togo,321,0.03,direct
2020,220421,Vinho,620,Portugal,1882129,98.517,direct
2020,220421,Vinho,724,Espanha,16697,0.874,direct
2020,220421,Vinho,226,Guiné Equatorial,7854,0.411,direct
2020,220421,Vinho,251,França,2636,0.138,direct
2020,220421,Vinho,156,China,980,0.051,direct
2020,220421,Vinho,380,Itália,165,0.009,direct
2020,220429,Vinho,620,Portugal,1394605,99.937,direct
2020,220429,Vinho,178,Congo,707,0.051,direct
2020,220429,Vinho,24,Angola,116,0.008,direct
2020,220429,Vinho,251,França,51,0.004,direct
2020,230990,"Dog or cat food; (not put up for retail sale), used in animal feeding",620,Portugal,2049208,99.906,direct
2020,230990,"Dog or cat food; (not put up for retail sale), used in animal feeding",251,França,1114,0.054,direct
2020,230990,"Dog or cat food; (not put up for retail sale), used in animal feeding",156,China,606,0.03,direct
2020,230990,"Dog or cat food; (not put up for retail sale), used in animal feeding",562,Niger,199,0.01,direct
2020,252329,"Cement; portland, other than white, whether or not artificially coloured",24,Angola,2531419,67.02,direct
2020,252329,"Cement; portland, other than white, whether or not artificially coloured",620,Portugal,1129264,29.897,direct
2020,252329,"Cement; portland, other than white, whether or not artificially coloured",470,Malta,91491,2.422,direct
2020,252329,"Cement; portland, other than white, whether or not artificially coloured",724,Espanha,24955,0.661,direct
2020,271011,Combustíveis refinados,620,Portugal,16,100.0,direct
2020,340119,"Soap and organic surface-active products; in the form of bars, cakes, moulded shapes, and paper, wadding, felt and nonwovens, impregnated, coated or covered with soap or detergent, not for toilet use",620,Portugal,706658,46.777,direct
2020,340119,"Soap and organic surface-active products; in the form of bars, cakes, moulded shapes, and paper, wadding, felt and nonwovens, impregnated, coated or covered with soap or detergent, not for toilet use",818,Egito,313200,20.732,direct
2020,340119,"Soap and organic surface-active products; in the form of bars, cakes, moulded shapes, and paper, wadding, felt and nonwovens, impregnated, coated or covered with soap or detergent, not for toilet use",710,África do Sul,290757,19.246,direct
2020,340119,"Soap and organic surface-active products; in the form of bars, cakes, moulded shapes, and paper, wadding, felt and nonwovens, impregnated, coated or covered with soap or detergent, not for toilet use",360,Indonésia,167466,11.085,direct
2020,340119,"Soap and organic surface-active products; in the form of bars, cakes, moulded shapes, and paper, wadding, felt and nonwovens, impregnated, coated or covered with soap or detergent, not for toilet use",699,Índia,15152,1.003,direct
2020,340119,"Soap and organic surface-active products; in the form of bars, cakes, moulded shapes, and paper, wadding, felt and nonwovens, impregnated, coated or covered with soap or detergent, not for toilet use",724,Espanha,11025,0.73,direct
2020,340119,"Soap and organic surface-active products; in the form of bars, cakes, moulded shapes, and paper, wadding, felt and nonwovens, impregnated, coated or covered with soap or detergent, not for toilet use",792,Turquia,5985,0.396,direct
2020,340119,"Soap and organic surface-active products; in the form of bars, cakes, moulded shapes, and paper, wadding, felt and nonwovens, impregnated, coated or covered with soap or detergent, not for toilet use",384,Costa do Marfim,350,0.023,direct
2020,630900,"Clothing; worn, and other worn articles",620,Portugal,574554,31.776,direct
2020,630900,"Clothing; worn, and other worn articles",380,Itália,306467,16.949,direct
2020,630900,"Clothing; worn, and other worn articles",528,Países Baixos,225424,12.467,direct
2020,630900,"Clothing; worn, and other worn articles",56,Bélgica,204081,11.287,direct
2020,630900,"Clothing; worn, and other worn articles",276,Alemanha,153962,8.515,direct
2020,630900,"Clothing; worn, and other worn articles",784,Emirados Árabes Unidos,86206,4.768,direct
2020,630900,"Clothing; worn, and other worn articles",699,Índia,61050,3.376,direct
2020,630900,"Clothing; worn, and other worn articles",156,China,38520,2.13,direct
2020,850213,"Electric generating sets; with compression-ignition internal combustion piston engines (diesel or semi-diesel engines), of an output exceeding 375kVA",620,Portugal,2331020,100.0,direct
2020,870323,Automóveis de passageiros,620,Portugal,536635,54.682,direct
2020,870323,Automóveis de passageiros,348,Hungria,118916,12.117,direct
2020,870323,Automóveis de passageiros,266,Gabão,91361,9.31,direct
2020,870323,Automóveis de passageiros,528,Países Baixos,60246,6.139,direct
2020,870323,Automóveis de passageiros,56,Bélgica,32700,3.332,direct
2020,870323,Automóveis de passageiros,24,Angola,32239,3.285,direct
2020,870323,Automóveis de passageiros,724,Espanha,30427,3.1,direct
2020,870323,Automóveis de passageiros,784,Emirados Árabes Unidos,27559,2.808,direct
2020,870332,Automóveis de passageiros,266,Gabão,868849,45.687,direct
2020,870332,Automóveis de passageiros,620,Portugal,397900,20.923,direct
2020,870332,Automóveis de passageiros,764,Tailândia,368968,19.402,direct
2020,870332,Automóveis de passageiros,56,Bélgica,102018,5.364,direct
2020,870332,Automóveis de passageiros,528,Países Baixos,28667,1.507,direct
2020,870332,Automóveis de passageiros,251,França,25764,1.355,direct
2020,870332,Automóveis de passageiros,826,Reino Unido,22085,1.161,direct
2020,870332,Automóveis de passageiros,276,Alemanha,17689,0.93,direct
2020,870333,Automóveis de passageiros,266,Gabão,441002,51.591,direct
2020,870333,Automóveis de passageiros,620,Portugal,99253,11.611,direct
2020,870333,Automóveis de passageiros,392,Japão,81965,9.589,direct
2020,870333,Automóveis de passageiros,528,Países Baixos,74980,8.772,direct
2020,870333,Automóveis de passageiros,784,Emirados Árabes Unidos,38926,4.554,direct
2020,870333,Automóveis de passageiros,724,Espanha,37965,4.441,direct
2020,870333,Automóveis de passageiros,826,Reino Unido,30537,3.572,direct
2020,870333,Automóveis de passageiros,208,Dinamarca,30016,3.511,direct
2020,871120,"Motorcycles (including mopeds) and cycles; fitted with an auxiliary motor, internal combustion piston engine, of cylinder capacity exceeding 50cc but not exceeding 250cc, with or without side-cars; side-cars",156,China,608533,89.394,direct
2020,871120,"Motorcycles (including mopeds) and cycles; fitted with an auxiliary motor, internal combustion piston engine, of cylinder capacity exceeding 50cc but not exceeding 250cc, with or without side-cars; side-cars",768,Togo,27406,4.026,direct
2020,871120,"Motorcycles (including mopeds) and cycles; fitted with an auxiliary motor, internal combustion piston engine, of cylinder capacity exceeding 50cc but not exceeding 250cc, with or without side-cars; side-cars",620,Portugal,11193,1.644,direct
2020,871120,"Motorcycles (including mopeds) and cycles; fitted with an auxiliary motor, internal combustion piston engine, of cylinder capacity exceeding 50cc but not exceeding 250cc, with or without side-cars; side-cars",56,Bélgica,9188,1.35,direct
2020,871120,"Motorcycles (including mopeds) and cycles; fitted with an auxiliary motor, internal combustion piston engine, of cylinder capacity exceeding 50cc but not exceeding 250cc, with or without side-cars; side-cars",266,Gabão,5520,0.811,direct
2020,871120,"Motorcycles (including mopeds) and cycles; fitted with an auxiliary motor, internal combustion piston engine, of cylinder capacity exceeding 50cc but not exceeding 250cc, with or without side-cars; side-cars",24,Angola,4654,0.684,direct
2020,871120,"Motorcycles (including mopeds) and cycles; fitted with an auxiliary motor, internal combustion piston engine, of cylinder capacity exceeding 50cc but not exceeding 250cc, with or without side-cars; side-cars",784,Emirados Árabes Unidos,4246,0.624,direct
2020,871120,"Motorcycles (including mopeds) and cycles; fitted with an auxiliary motor, internal combustion piston engine, of cylinder capacity exceeding 50cc but not exceeding 250cc, with or without side-cars; side-cars",120,Camarões,3008,0.442,direct
2020,999999,Commodities not specified according to kind,24,Angola,11367631,44.056,direct
2020,999999,Commodities not specified according to kind,768,Togo,10121510,39.226,direct
2020,999999,Commodities not specified according to kind,562,Niger,1815382,7.036,direct
2020,999999,Commodities not specified according to kind,620,Portugal,1550369,6.008,direct
2020,999999,Commodities not specified according to kind,842,EUA,824848,3.197,direct
2020,999999,Commodities not specified according to kind,784,Emirados Árabes Unidos,67915,0.263,direct
2020,999999,Commodities not specified according to kind,724,Espanha,42594,0.165,direct
2020,999999,Commodities not specified according to kind,156,China,7052,0.027,direct
2020,020714,"Meat and edible offal; of fowls of the species Gallus domesticus, cuts and offal, frozen",528,Países Baixos,1104193,45.426,mirror
2020,020714,"Meat and edible offal; of fowls of the species Gallus domesticus, cuts and offal, frozen",620,Portugal,270148,11.114,mirror
2020,020714,"Meat and edible offal; of fowls of the species Gallus domesticus, cuts and offal, frozen",251,França,267351,10.999,mirror
2020,020714,"Meat and edible offal; of fowls of the species Gallus domesticus, cuts and offal, frozen",56,Bélgica,257136,10.578,mirror
2020,020714,"Meat and edible offal; of fowls of the species Gallus domesticus, cuts and offal, frozen",76,Brasil,238967,9.831,mirror
2020,020714,"Meat and edible offal; of fowls of the species Gallus domesticus, cuts and offal, frozen",724,Espanha,200843,8.263,mirror
2020,020714,"Meat and edible offal; of fowls of the species Gallus domesticus, cuts and offal, frozen",826,Reino Unido,68970,2.837,mirror
2020,020714,"Meat and edible offal; of fowls of the species Gallus domesticus, cuts and offal, frozen",276,Alemanha,23153,0.952,mirror
2020,071333,"Vegetables, leguminous; kidney beans, including white pea beans (phaseolus vulgaris), shelled, whether or not skinned or split, dried",620,Portugal,960444,100.0,mirror
2020,100620,Arroz,620,Portugal,1610,97.638,mirror
2020,100620,Arroz,266,Gabão,39,2.362,mirror
2020,100630,Arroz,620,Portugal,1586485,32.369,mirror
2020,100630,Arroz,392,Japão,978315,19.961,mirror
2020,100630,Arroz,76,Brasil,836473,17.067,mirror
2020,100630,Arroz,764,Tailândia,814487,16.618,mirror
2020,100630,Arroz,699,Índia,662799,13.523,mirror
2020,100630,Arroz,784,Emirados Árabes Unidos,11504,0.235,mirror
2020,100630,Arroz,768,Togo,11189,0.228,mirror
2020,110100,Wheat or meslin flour,620,Portugal,2502763,88.461,mirror
2020,110100,Wheat or meslin flour,792,Turquia,195357,6.905,mirror
2020,110100,Wheat or meslin flour,528,Países Baixos,119971,4.24,mirror
2020,110100,Wheat or meslin flour,804,Ucrânia,11128,0.393,mirror
2020,150790,Óleo de soja,620,Portugal,1757218,97.08,mirror
2020,150790,Óleo de soja,724,Espanha,51397,2.84,mirror
2020,150790,Óleo de soja,156,China,1457,0.08,mirror
2020,160100,"Meat preparations; sausages and similar products, of meat, meat offal, blood or insects, and food preparations based on these products",620,Portugal,1113986,98.877,mirror
2020,160100,"Meat preparations; sausages and similar products, of meat, meat offal, blood or insects, and food preparations based on these products",76,Brasil,12656,1.123,mirror
2020,220210,"Waters; including mineral and aerated, containing added sugar or other sweetening matter or flavoured",24,Angola,281958,46.515,mirror
2020,220210,"Waters; including mineral and aerated, containing added sugar or other sweetening matter or flavoured",620,Portugal,182836,30.163,mirror
2020,220210,"Waters; including mineral and aerated, containing added sugar or other sweetening matter or flavoured",780,Trinidad and Tobago,85434,14.094,mirror
2020,220210,"Waters; including mineral and aerated, containing added sugar or other sweetening matter or flavoured",528,Países Baixos,26405,4.356,mirror
2020,220210,"Waters; including mineral and aerated, containing added sugar or other sweetening matter or flavoured",792,Turquia,13464,2.221,mirror
2020,220210,"Waters; including mineral and aerated, containing added sugar or other sweetening matter or flavoured",710,África do Sul,10596,1.748,mirror
2020,220210,"Waters; including mineral and aerated, containing added sugar or other sweetening matter or flavoured",724,Espanha,5473,0.903,mirror
2020,220300,Cerveja,620,Portugal,714326,99.734,mirror
2020,220300,Cerveja,251,França,1907,0.266,mirror
2020,220421,Vinho,620,Portugal,1652521,97.261,mirror
2020,220421,Vinho,380,Itália,23356,1.375,mirror
2020,220421,Vinho,724,Espanha,16527,0.973,mirror
2020,220421,Vinho,251,França,6637,0.391,mirror
2020,220421,Vinho,40,Áustria,23,0.001,mirror
2020,220429,Vinho,620,Portugal,68343,100.0,mirror
2020,230990,"Dog or cat food; (not put up for retail sale), used in animal feeding",620,Portugal,1254914,100.0,mirror
2020,252329,"Cement; portland, other than white, whether or not artificially coloured",24,Angola,2156163,81.343,mirror
2020,252329,"Cement; portland, other than white, whether or not artificially coloured",620,Portugal,483277,18.232,mirror
2020,252329,"Cement; portland, other than white, whether or not artificially coloured",724,Espanha,11254,0.425,mirror
2020,340119,"Soap and organic surface-active products; in the form of bars, cakes, moulded shapes, and paper, wadding, felt and nonwovens, impregnated, coated or covered with soap or detergent, not for toilet use",620,Portugal,684821,86.069,mirror
2020,340119,"Soap and organic surface-active products; in the form of bars, cakes, moulded shapes, and paper, wadding, felt and nonwovens, impregnated, coated or covered with soap or detergent, not for toilet use",818,Egito,87860,11.042,mirror
2020,340119,"Soap and organic surface-active products; in the form of bars, cakes, moulded shapes, and paper, wadding, felt and nonwovens, impregnated, coated or covered with soap or detergent, not for toilet use",699,Índia,17678,2.222,mirror
2020,340119,"Soap and organic surface-active products; in the form of bars, cakes, moulded shapes, and paper, wadding, felt and nonwovens, impregnated, coated or covered with soap or detergent, not for toilet use",566,Nigéria,5309,0.667,mirror
2020,630900,"Clothing; worn, and other worn articles",620,Portugal,498340,26.707,mirror
2020,630900,"Clothing; worn, and other worn articles",528,Países Baixos,343920,18.432,mirror
2020,630900,"Clothing; worn, and other worn articles",380,Itália,340489,18.248,mirror
2020,630900,"Clothing; worn, and other worn articles",276,Alemanha,231868,12.426,mirror
2020,630900,"Clothing; worn, and other worn articles",56,Bélgica,170281,9.126,mirror
2020,630900,"Clothing; worn, and other worn articles",156,China,135822,7.279,mirror
2020,630900,"Clothing; worn, and other worn articles",724,Espanha,48488,2.599,mirror
2020,630900,"Clothing; worn, and other worn articles",251,França,42844,2.296,mirror
2020,850213,"Electric generating sets; with compression-ignition internal combustion piston engines (diesel or semi-diesel engines), of an output exceeding 375kVA",620,Portugal,1717995,100.0,mirror
2020,870323,Automóveis de passageiros,620,Portugal,239620,51.198,mirror
2020,870323,Automóveis de passageiros,266,Gabão,124701,26.644,mirror
2020,870323,Automóveis de passageiros,842,EUA,23510,5.023,mirror
2020,870323,Automóveis de passageiros,724,Espanha,21037,4.495,mirror
2020,870323,Automóveis de passageiros,784,Emirados Árabes Unidos,16069,3.433,mirror
2020,870323,Automóveis de passageiros,528,Países Baixos,14049,3.002,mirror
2020,870323,Automóveis de passageiros,56,Bélgica,11319,2.418,mirror
2020,870323,Automóveis de passageiros,826,Reino Unido,10286,2.198,mirror
2020,870332,Automóveis de passageiros,620,Portugal,241917,55.851,mirror
2020,870332,Automóveis de passageiros,528,Países Baixos,91950,21.229,mirror
2020,870332,Automóveis de passageiros,266,Gabão,64352,14.857,mirror
2020,870332,Automóveis de passageiros,251,França,15970,3.687,mirror
2020,870332,Automóveis de passageiros,276,Alemanha,11262,2.6,mirror
2020,870332,Automóveis de passageiros,56,Bélgica,5374,1.241,mirror
2020,870332,Automóveis de passageiros,410,Coreia do Sul,2319,0.535,mirror
2020,870333,Automóveis de passageiros,266,Gabão,614794,83.29,mirror
2020,870333,Automóveis de passageiros,620,Portugal,83894,11.366,mirror
2020,870333,Automóveis de passageiros,784,Emirados Árabes Unidos,39447,5.344,mirror
2020,871120,"Motorcycles (including mopeds) and cycles; fitted with an auxiliary motor, internal combustion piston engine, of cylinder capacity exceeding 50cc but not exceeding 250cc, with or without side-cars; side-cars",156,China,210729,99.923,mirror
2020,871120,"Motorcycles (including mopeds) and cycles; fitted with an auxiliary motor, internal combustion piston engine, of cylinder capacity exceeding 50cc but not exceeding 250cc, with or without side-cars; side-cars",56,Bélgica,163,0.077,mirror
2020,999999,Commodities not specified according to kind,702,Singapura,1314261,39.261,mirror
2020,999999,Commodities not specified according to kind,392,Japão,1059909,31.663,mirror
2020,999999,Commodities not specified according to kind,266,Gabão,399383,11.931,mirror
2020,999999,Commodities not specified according to kind,528,Países Baixos,384716,11.493,mirror
2020,999999,Commodities not specified according to kind,276,Alemanha,96860,2.894,mirror
2020,999999,Commodities not specified according to kind,842,EUA,21342,0.638,mirror
2020,999999,Commodities not specified according to kind,156,China,20472,0.612,mirror
2020,999999,Commodities not specified according to kind,251,França,16976,0.507,mirror
2021,020714,"Meat and edible offal; of fowls of the species Gallus domesticus, cuts and offal, frozen",56,Bélgica,694466,21.58,direct
2021,020714,"Meat and edible offal; of fowls of the species Gallus domesticus, cuts and offal, frozen",826,Reino Unido,543485,16.888,direct
2021,020714,"Meat and edible offal; of fowls of the species Gallus domesticus, cuts and offal, frozen",528,Países Baixos,504041,15.662,direct
2021,020714,"Meat and edible offal; of fowls of the species Gallus domesticus, cuts and offal, frozen",724,Espanha,443140,13.77,direct
2021,020714,"Meat and edible offal; of fowls of the species Gallus domesticus, cuts and offal, frozen",251,França,431004,13.393,direct
2021,020714,"Meat and edible offal; of fowls of the species Gallus domesticus, cuts and offal, frozen",620,Portugal,330901,10.282,direct
2021,020714,"Meat and edible offal; of fowls of the species Gallus domesticus, cuts and offal, frozen",76,Brasil,168427,5.234,direct
2021,020714,"Meat and edible offal; of fowls of the species Gallus domesticus, cuts and offal, frozen",842,EUA,54278,1.687,direct
2021,071333,"Vegetables, leguminous; kidney beans, including white pea beans (phaseolus vulgaris), shelled, whether or not skinned or split, dried",620,Portugal,1225628,99.886,direct
2021,071333,"Vegetables, leguminous; kidney beans, including white pea beans (phaseolus vulgaris), shelled, whether or not skinned or split, dried",156,China,1027,0.084,direct
2021,071333,"Vegetables, leguminous; kidney beans, including white pea beans (phaseolus vulgaris), shelled, whether or not skinned or split, dried",251,França,337,0.027,direct
2021,071333,"Vegetables, leguminous; kidney beans, including white pea beans (phaseolus vulgaris), shelled, whether or not skinned or split, dried",120,Camarões,36,0.003,direct
2021,100620,Arroz,156,China,5188,84.047,direct
2021,100620,Arroz,620,Portugal,985,15.953,direct
2021,100630,Arroz,392,Japão,4378562,55.19,direct
2021,100630,Arroz,699,Índia,996731,12.563,direct
2021,100630,Arroz,620,Portugal,939440,11.841,direct
2021,100630,Arroz,764,Tailândia,728385,9.181,direct
2021,100630,Arroz,76,Brasil,335913,4.234,direct
2021,100630,Arroz,226,Guiné Equatorial,228124,2.875,direct
2021,100630,Arroz,704,Vietname,162407,2.047,direct
2021,100630,Arroz,724,Espanha,121026,1.525,direct
2021,110100,Wheat or meslin flour,620,Portugal,3642124,84.575,direct
2021,110100,Wheat or meslin flour,792,Turquia,373537,8.674,direct
2021,110100,Wheat or meslin flour,528,Países Baixos,242733,5.637,direct
2021,110100,Wheat or meslin flour,724,Espanha,47746,1.109,direct
2021,110100,Wheat or meslin flour,251,França,217,0.005,direct
2021,110100,Wheat or meslin flour,768,Togo,14,0.0,direct
2021,150790,Óleo de soja,620,Portugal,1156219,99.996,direct
2021,150790,Óleo de soja,842,EUA,42,0.004,direct
2021,160100,"Meat preparations; sausages and similar products, of meat, meat offal, blood or insects, and food preparations based on these products",620,Portugal,1340011,98.629,direct
2021,160100,"Meat preparations; sausages and similar products, of meat, meat offal, blood or insects, and food preparations based on these products",56,Bélgica,8934,0.658,direct
2021,160100,"Meat preparations; sausages and similar products, of meat, meat offal, blood or insects, and food preparations based on these products",76,Brasil,8224,0.605,direct
2021,160100,"Meat preparations; sausages and similar products, of meat, meat offal, blood or insects, and food preparations based on these products",792,Turquia,708,0.052,direct
2021,160100,"Meat preparations; sausages and similar products, of meat, meat offal, blood or insects, and food preparations based on these products",251,França,337,0.025,direct
2021,160100,"Meat preparations; sausages and similar products, of meat, meat offal, blood or insects, and food preparations based on these products",586,Paquistão,249,0.018,direct
2021,160100,"Meat preparations; sausages and similar products, of meat, meat offal, blood or insects, and food preparations based on these products",422,Líbano,161,0.012,direct
2021,160100,"Meat preparations; sausages and similar products, of meat, meat offal, blood or insects, and food preparations based on these products",156,China,11,0.001,direct
2021,170111,Açúcar de cana ou de beterraba,76,Brasil,1087219,65.237,direct
2021,170111,Açúcar de cana ou de beterraba,620,Portugal,578454,34.709,direct
2021,170111,Açúcar de cana ou de beterraba,251,França,551,0.033,direct
2021,170111,Açúcar de cana ou de beterraba,156,China,347,0.021,direct
2021,220210,"Waters; including mineral and aerated, containing added sugar or other sweetening matter or flavoured",620,Portugal,615228,66.801,direct
2021,220210,"Waters; including mineral and aerated, containing added sugar or other sweetening matter or flavoured",792,Turquia,231713,25.159,direct
2021,220210,"Waters; including mineral and aerated, containing added sugar or other sweetening matter or flavoured",422,Líbano,58775,6.382,direct
2021,220210,"Waters; including mineral and aerated, containing added sugar or other sweetening matter or flavoured",24,Angola,7981,0.867,direct
2021,220210,"Waters; including mineral and aerated, containing added sugar or other sweetening matter or flavoured",12,Argélia,3430,0.372,direct
2021,220210,"Waters; including mineral and aerated, containing added sugar or other sweetening matter or flavoured",724,Espanha,3410,0.37,direct
2021,220210,"Waters; including mineral and aerated, containing added sugar or other sweetening matter or flavoured",251,França,446,0.048,direct
2021,220290,220290,620,Portugal,2407226,72.552,direct
2021,220290,220290,24,Angola,336328,10.137,direct
2021,220290,220290,724,Espanha,306947,9.251,direct
2021,220290,220290,12,Argélia,166351,5.014,direct
2021,220290,220290,226,Guiné Equatorial,30008,0.904,direct
2021,220290,220290,288,Gana,24594,0.741,direct
2021,220290,220290,792,Turquia,17982,0.542,direct
2021,220290,220290,818,Egito,11083,0.334,direct
2021,220300,Cerveja,620,Portugal,2219750,98.501,direct
2021,220300,Cerveja,226,Guiné Equatorial,28602,1.269,direct
2021,220300,Cerveja,842,EUA,3174,0.141,direct
2021,220300,Cerveja,528,Países Baixos,921,0.041,direct
2021,220300,Cerveja,251,França,821,0.036,direct
2021,220300,Cerveja,156,China,128,0.006,direct
2021,220300,Cerveja,562,Niger,114,0.005,direct
2021,220300,Cerveja,266,Gabão,15,0.001,direct
2021,220421,Vinho,620,Portugal,2588170,98.092,direct
2021,220421,Vinho,724,Espanha,33239,1.26,direct
2021,220421,Vinho,226,Guiné Equatorial,12328,0.467,direct
2021,220421,Vinho,251,França,4119,0.156,direct
2021,220421,Vinho,710,África do Sul,495,0.019,direct
2021,220421,Vinho,156,China,162,0.006,direct
2021,220429,Vinho,620,Portugal,474305,99.558,direct
2021,220429,Vinho,178,Congo,2078,0.436,direct
2021,220429,Vinho,24,Angola,29,0.006,direct
2021,230990,"Dog or cat food; (not put up for retail sale), used in animal feeding",620,Portugal,2929983,99.878,direct
2021,230990,"Dog or cat food; (not put up for retail sale), used in animal feeding",251,França,1619,0.055,direct
2021,230990,"Dog or cat food; (not put up for retail sale), used in animal feeding",178,Congo,1216,0.041,direct
2021,230990,"Dog or cat food; (not put up for retail sale), used in animal feeding",710,África do Sul,731,0.025,direct
2021,252329,"Cement; portland, other than white, whether or not artificially coloured",24,Angola,2519838,69.485,direct
2021,252329,"Cement; portland, other than white, whether or not artificially coloured",620,Portugal,1106597,30.515,direct
2021,271011,Combustíveis refinados,620,Portugal,1918,92.307,direct
2021,271011,Combustíveis refinados,562,Niger,160,7.693,direct
2021,340119,"Soap and organic surface-active products; in the form of bars, cakes, moulded shapes, and paper, wadding, felt and nonwovens, impregnated, coated or covered with soap or detergent, not for toilet use",620,Portugal,640611,40.285,direct
2021,340119,"Soap and organic surface-active products; in the form of bars, cakes, moulded shapes, and paper, wadding, felt and nonwovens, impregnated, coated or covered with soap or detergent, not for toilet use",710,África do Sul,437735,27.527,direct
2021,340119,"Soap and organic surface-active products; in the form of bars, cakes, moulded shapes, and paper, wadding, felt and nonwovens, impregnated, coated or covered with soap or detergent, not for toilet use",818,Egito,358601,22.551,direct
2021,340119,"Soap and organic surface-active products; in the form of bars, cakes, moulded shapes, and paper, wadding, felt and nonwovens, impregnated, coated or covered with soap or detergent, not for toilet use",360,Indonésia,62306,3.918,direct
2021,340119,"Soap and organic surface-active products; in the form of bars, cakes, moulded shapes, and paper, wadding, felt and nonwovens, impregnated, coated or covered with soap or detergent, not for toilet use",76,Brasil,59990,3.773,direct
2021,340119,"Soap and organic surface-active products; in the form of bars, cakes, moulded shapes, and paper, wadding, felt and nonwovens, impregnated, coated or covered with soap or detergent, not for toilet use",699,Índia,22630,1.423,direct
2021,340119,"Soap and organic surface-active products; in the form of bars, cakes, moulded shapes, and paper, wadding, felt and nonwovens, impregnated, coated or covered with soap or detergent, not for toilet use",792,Turquia,6757,0.425,direct
2021,340119,"Soap and organic surface-active products; in the form of bars, cakes, moulded shapes, and paper, wadding, felt and nonwovens, impregnated, coated or covered with soap or detergent, not for toilet use",768,Togo,733,0.046,direct
2021,630900,"Clothing; worn, and other worn articles",620,Portugal,1445996,55.114,direct
2021,630900,"Clothing; worn, and other worn articles",380,Itália,222636,8.486,direct
2021,630900,"Clothing; worn, and other worn articles",276,Alemanha,211154,8.048,direct
2021,630900,"Clothing; worn, and other worn articles",528,Países Baixos,152677,5.819,direct
2021,630900,"Clothing; worn, and other worn articles",56,Bélgica,140566,5.358,direct
2021,630900,"Clothing; worn, and other worn articles",784,Emirados Árabes Unidos,128678,4.905,direct
2021,630900,"Clothing; worn, and other worn articles",24,Angola,72291,2.755,direct
2021,630900,"Clothing; worn, and other worn articles",226,Guiné Equatorial,46817,1.784,direct
2021,850213,"Electric generating sets; with compression-ignition internal combustion piston engines (diesel or semi-diesel engines), of an output exceeding 375kVA",380,Itália,290739,79.845,direct
2021,850213,"Electric generating sets; with compression-ignition internal combustion piston engines (diesel or semi-diesel engines), of an output exceeding 375kVA",620,Portugal,73390,20.155,direct
2021,870323,Automóveis de passageiros,620,Portugal,523091,43.812,direct
2021,870323,Automóveis de passageiros,266,Gabão,295870,24.781,direct
2021,870323,Automóveis de passageiros,348,Hungria,114730,9.609,direct
2021,870323,Automóveis de passageiros,528,Países Baixos,65822,5.513,direct
2021,870323,Automóveis de passageiros,784,Emirados Árabes Unidos,44786,3.751,direct
2021,870323,Automóveis de passageiros,699,Índia,36782,3.081,direct
2021,870323,Automóveis de passageiros,724,Espanha,26571,2.225,direct
2021,870323,Automóveis de passageiros,276,Alemanha,23751,1.989,direct
2021,870332,Automóveis de passageiros,266,Gabão,755534,34.174,direct
2021,870332,Automóveis de passageiros,620,Portugal,642842,29.077,direct
2021,870332,Automóveis de passageiros,764,Tailândia,416136,18.823,direct
2021,870332,Automóveis de passageiros,392,Japão,148838,6.732,direct
2021,870332,Automóveis de passageiros,56,Bélgica,87247,3.946,direct
2021,870332,Automóveis de passageiros,724,Espanha,40497,1.832,direct
2021,870332,Automóveis de passageiros,276,Alemanha,28108,1.271,direct
2021,870332,Automóveis de passageiros,251,França,27731,1.254,direct
2021,870333,Automóveis de passageiros,266,Gabão,528373,50.892,direct
2021,870333,Automóveis de passageiros,620,Portugal,199868,19.251,direct
2021,870333,Automóveis de passageiros,392,Japão,104708,10.085,direct
2021,870333,Automóveis de passageiros,784,Emirados Árabes Unidos,82067,7.905,direct
2021,870333,Automóveis de passageiros,724,Espanha,39279,3.783,direct
2021,870333,Automóveis de passageiros,251,França,30038,2.893,direct
2021,870333,Automóveis de passageiros,528,Países Baixos,20793,2.003,direct
2021,870333,Automóveis de passageiros,56,Bélgica,16975,1.635,direct
2021,871120,"Motorcycles (including mopeds) and cycles; fitted with an auxiliary motor, internal combustion piston engine, of cylinder capacity exceeding 50cc but not exceeding 250cc, with or without side-cars; side-cars",156,China,1199683,76.757,direct
2021,871120,"Motorcycles (including mopeds) and cycles; fitted with an auxiliary motor, internal combustion piston engine, of cylinder capacity exceeding 50cc but not exceeding 250cc, with or without side-cars; side-cars",392,Japão,239412,15.318,direct
2021,871120,"Motorcycles (including mopeds) and cycles; fitted with an auxiliary motor, internal combustion piston engine, of cylinder capacity exceeding 50cc but not exceeding 250cc, with or without side-cars; side-cars",620,Portugal,71994,4.606,direct
2021,871120,"Motorcycles (including mopeds) and cycles; fitted with an auxiliary motor, internal combustion piston engine, of cylinder capacity exceeding 50cc but not exceeding 250cc, with or without side-cars; side-cars",768,Togo,27794,1.778,direct
2021,871120,"Motorcycles (including mopeds) and cycles; fitted with an auxiliary motor, internal combustion piston engine, of cylinder capacity exceeding 50cc but not exceeding 250cc, with or without side-cars; side-cars",24,Angola,8229,0.527,direct
2021,871120,"Motorcycles (including mopeds) and cycles; fitted with an auxiliary motor, internal combustion piston engine, of cylinder capacity exceeding 50cc but not exceeding 250cc, with or without side-cars; side-cars",826,Reino Unido,6915,0.442,direct
2021,871120,"Motorcycles (including mopeds) and cycles; fitted with an auxiliary motor, internal combustion piston engine, of cylinder capacity exceeding 50cc but not exceeding 250cc, with or without side-cars; side-cars",266,Gabão,5928,0.379,direct
2021,871120,"Motorcycles (including mopeds) and cycles; fitted with an auxiliary motor, internal combustion piston engine, of cylinder capacity exceeding 50cc but not exceeding 250cc, with or without side-cars; side-cars",226,Guiné Equatorial,3016,0.193,direct
2021,999999,Commodities not specified according to kind,24,Angola,15167322,44.417,direct
2021,999999,Commodities not specified according to kind,768,Togo,14673794,42.972,direct
2021,999999,Commodities not specified according to kind,620,Portugal,2839274,8.315,direct
2021,999999,Commodities not specified according to kind,842,EUA,1345951,3.942,direct
2021,999999,Commodities not specified according to kind,784,Emirados Árabes Unidos,73958,0.217,direct
2021,999999,Commodities not specified according to kind,156,China,23290,0.068,direct
2021,999999,Commodities not specified according to kind,724,Espanha,18678,0.055,direct
2021,999999,Commodities not specified according to kind,251,França,3271,0.01,direct
2021,020714,"Meat and edible offal; of fowls of the species Gallus domesticus, cuts and offal, frozen",528,Países Baixos,902643,29.176,mirror
2021,020714,"Meat and edible offal; of fowls of the species Gallus domesticus, cuts and offal, frozen",251,França,582327,18.822,mirror
2021,020714,"Meat and edible offal; of fowls of the species Gallus domesticus, cuts and offal, frozen",620,Portugal,422650,13.661,mirror
2021,020714,"Meat and edible offal; of fowls of the species Gallus domesticus, cuts and offal, frozen",724,Espanha,374983,12.121,mirror
2021,020714,"Meat and edible offal; of fowls of the species Gallus domesticus, cuts and offal, frozen",56,Bélgica,333234,10.771,mirror
2021,020714,"Meat and edible offal; of fowls of the species Gallus domesticus, cuts and offal, frozen",826,Reino Unido,232161,7.504,mirror
2021,020714,"Meat and edible offal; of fowls of the species Gallus domesticus, cuts and offal, frozen",76,Brasil,225920,7.302,mirror
2021,020714,"Meat and edible offal; of fowls of the species Gallus domesticus, cuts and offal, frozen",842,EUA,19869,0.642,mirror
2021,071333,"Vegetables, leguminous; kidney beans, including white pea beans (phaseolus vulgaris), shelled, whether or not skinned or split, dried",620,Portugal,988776,100.0,mirror
2021,100620,Arroz,620,Portugal,1022,100.0,mirror
2021,100630,Arroz,392,Japão,1018027,33.31,mirror
2021,100630,Arroz,699,Índia,817728,26.756,mirror
2021,100630,Arroz,620,Portugal,658288,21.539,mirror
2021,100630,Arroz,76,Brasil,312360,10.22,mirror
2021,100630,Arroz,764,Tailândia,237255,7.763,mirror
2021,100630,Arroz,784,Emirados Árabes Unidos,12577,0.412,mirror
2021,110100,Wheat or meslin flour,620,Portugal,2976638,82.619,mirror
2021,110100,Wheat or meslin flour,792,Turquia,439515,12.199,mirror
2021,110100,Wheat or meslin flour,528,Países Baixos,186703,5.182,mirror
2021,150790,Óleo de soja,620,Portugal,1733417,96.725,mirror
2021,150790,Óleo de soja,818,Egito,58684,3.275,mirror
2021,160100,"Meat preparations; sausages and similar products, of meat, meat offal, blood or insects, and food preparations based on these products",620,Portugal,1137717,96.233,mirror
2021,160100,"Meat preparations; sausages and similar products, of meat, meat offal, blood or insects, and food preparations based on these products",76,Brasil,33014,2.792,mirror
2021,160100,"Meat preparations; sausages and similar products, of meat, meat offal, blood or insects, and food preparations based on these products",842,EUA,11520,0.974,mirror
2021,220210,"Waters; including mineral and aerated, containing added sugar or other sweetening matter or flavoured",620,Portugal,337234,44.738,mirror
2021,220210,"Waters; including mineral and aerated, containing added sugar or other sweetening matter or flavoured",24,Angola,218413,28.975,mirror
2021,220210,"Waters; including mineral and aerated, containing added sugar or other sweetening matter or flavoured",792,Turquia,100744,13.365,mirror
2021,220210,"Waters; including mineral and aerated, containing added sugar or other sweetening matter or flavoured",422,Líbano,41805,5.546,mirror
2021,220210,"Waters; including mineral and aerated, containing added sugar or other sweetening matter or flavoured",528,Países Baixos,34861,4.625,mirror
2021,220210,"Waters; including mineral and aerated, containing added sugar or other sweetening matter or flavoured",768,Togo,20738,2.751,mirror
2021,220300,Cerveja,620,Portugal,1479860,99.796,mirror
2021,220300,Cerveja,251,França,1690,0.114,mirror
2021,220300,Cerveja,528,Países Baixos,1336,0.09,mirror
2021,220421,Vinho,620,Portugal,2187417,96.885,mirror
2021,220421,Vinho,724,Espanha,62739,2.779,mirror
2021,220421,Vinho,251,França,7594,0.336,mirror
2021,220429,Vinho,620,Portugal,73304,95.383,mirror
2021,220429,Vinho,724,Espanha,3548,4.617,mirror
2021,230990,"Dog or cat food; (not put up for retail sale), used in animal feeding",620,Portugal,2030506,99.845,mirror
2021,230990,"Dog or cat food; (not put up for retail sale), used in animal feeding",251,França,3144,0.155,mirror
2021,252329,"Cement; portland, other than white, whether or not artificially coloured",24,Angola,1725553,78.695,mirror
2021,252329,"Cement; portland, other than white, whether or not artificially coloured",620,Portugal,467160,21.305,mirror
2021,340119,"Soap and organic surface-active products; in the form of bars, cakes, moulded shapes, and paper, wadding, felt and nonwovens, impregnated, coated or covered with soap or detergent, not for toilet use",620,Portugal,659683,61.314,mirror
2021,340119,"Soap and organic surface-active products; in the form of bars, cakes, moulded shapes, and paper, wadding, felt and nonwovens, impregnated, coated or covered with soap or detergent, not for toilet use",818,Egito,319941,29.737,mirror
2021,340119,"Soap and organic surface-active products; in the form of bars, cakes, moulded shapes, and paper, wadding, felt and nonwovens, impregnated, coated or covered with soap or detergent, not for toilet use",76,Brasil,70753,6.576,mirror
2021,340119,"Soap and organic surface-active products; in the form of bars, cakes, moulded shapes, and paper, wadding, felt and nonwovens, impregnated, coated or covered with soap or detergent, not for toilet use",699,Índia,17162,1.595,mirror
2021,340119,"Soap and organic surface-active products; in the form of bars, cakes, moulded shapes, and paper, wadding, felt and nonwovens, impregnated, coated or covered with soap or detergent, not for toilet use",724,Espanha,8368,0.778,mirror
2021,630900,"Clothing; worn, and other worn articles",620,Portugal,597857,28.987,mirror
2021,630900,"Clothing; worn, and other worn articles",380,Itália,387364,18.781,mirror
2021,630900,"Clothing; worn, and other worn articles",528,Países Baixos,383515,18.595,mirror
2021,630900,"Clothing; worn, and other worn articles",56,Bélgica,289909,14.056,mirror
2021,630900,"Clothing; worn, and other worn articles",276,Alemanha,253155,12.274,mirror
2021,630900,"Clothing; worn, and other worn articles",724,Espanha,58436,2.833,mirror
2021,630900,"Clothing; worn, and other worn articles",616,Polónia,25056,1.215,mirror
2021,630900,"Clothing; worn, and other worn articles",251,França,22916,1.111,mirror
2021,850213,"Electric generating sets; with compression-ignition internal combustion piston engines (diesel or semi-diesel engines), of an output exceeding 375kVA",528,Países Baixos,212893,70.527,mirror
2021,850213,"Electric generating sets; with compression-ignition internal combustion piston engines (diesel or semi-diesel engines), of an output exceeding 375kVA",620,Portugal,88968,29.473,mirror
2021,870323,Automóveis de passageiros,620,Portugal,263988,42.739,mirror
2021,870323,Automóveis de passageiros,266,Gabão,157362,25.476,mirror
2021,870323,Automóveis de passageiros,842,EUA,111080,17.983,mirror
2021,870323,Automóveis de passageiros,24,Angola,31317,5.07,mirror
2021,870323,Automóveis de passageiros,784,Emirados Árabes Unidos,19145,3.1,mirror
2021,870323,Automóveis de passageiros,251,França,16866,2.731,mirror
2021,870323,Automóveis de passageiros,56,Bélgica,16268,2.634,mirror
2021,870323,Automóveis de passageiros,276,Alemanha,1653,0.268,mirror
2021,870332,Automóveis de passageiros,266,Gabão,460532,57.733,mirror
2021,870332,Automóveis de passageiros,620,Portugal,245559,30.784,mirror
2021,870332,Automóveis de passageiros,528,Países Baixos,67600,8.474,mirror
2021,870332,Automóveis de passageiros,56,Bélgica,13247,1.661,mirror
2021,870332,Automóveis de passageiros,251,França,9335,1.17,mirror
2021,870332,Automóveis de passageiros,276,Alemanha,1417,0.178,mirror
2021,870333,Automóveis de passageiros,266,Gabão,481349,69.319,mirror
2021,870333,Automóveis de passageiros,276,Alemanha,102941,14.824,mirror
2021,870333,Automóveis de passageiros,620,Portugal,77032,11.093,mirror
2021,870333,Automóveis de passageiros,784,Emirados Árabes Unidos,24800,3.571,mirror
2021,870333,Automóveis de passageiros,56,Bélgica,8278,1.192,mirror
2021,871120,"Motorcycles (including mopeds) and cycles; fitted with an auxiliary motor, internal combustion piston engine, of cylinder capacity exceeding 50cc but not exceeding 250cc, with or without side-cars; side-cars",156,China,281738,75.589,mirror
2021,871120,"Motorcycles (including mopeds) and cycles; fitted with an auxiliary motor, internal combustion piston engine, of cylinder capacity exceeding 50cc but not exceeding 250cc, with or without side-cars; side-cars",620,Portugal,52152,13.992,mirror
2021,871120,"Motorcycles (including mopeds) and cycles; fitted with an auxiliary motor, internal combustion piston engine, of cylinder capacity exceeding 50cc but not exceeding 250cc, with or without side-cars; side-cars",392,Japão,34404,9.23,mirror
2021,871120,"Motorcycles (including mopeds) and cycles; fitted with an auxiliary motor, internal combustion piston engine, of cylinder capacity exceeding 50cc but not exceeding 250cc, with or without side-cars; side-cars",24,Angola,4313,1.157,mirror
2021,871120,"Motorcycles (including mopeds) and cycles; fitted with an auxiliary motor, internal combustion piston engine, of cylinder capacity exceeding 50cc but not exceeding 250cc, with or without side-cars; side-cars",276,Alemanha,118,0.032,mirror
2021,999999,Commodities not specified according to kind,702,Singapura,1262739,66.767,mirror
2021,999999,Commodities not specified according to kind,392,Japão,267497,14.144,mirror
2021,999999,Commodities not specified according to kind,842,EUA,155415,8.218,mirror
2021,999999,Commodities not specified according to kind,276,Alemanha,107438,5.681,mirror
2021,999999,Commodities not specified according to kind,251,França,62346,3.297,mirror
2021,999999,Commodities not specified according to kind,156,China,24967,1.32,mirror
2021,999999,Commodities not specified according to kind,826,Reino Unido,6840,0.362,mirror
2021,999999,Commodities not specified according to kind,344,Hong Kong (RAEHK),2228,0.118,mirror
2022,020714,"Meat and edible offal; of fowls of the species Gallus domesticus, cuts and offal, frozen",56,Bélgica,410392,21.089,direct
2022,020714,"Meat and edible offal; of fowls of the species Gallus domesticus, cuts and offal, frozen",826,Reino Unido,389815,20.031,direct
2022,020714,"Meat and edible offal; of fowls of the species Gallus domesticus, cuts and offal, frozen",251,França,277297,14.249,direct
2022,020714,"Meat and edible offal; of fowls of the species Gallus domesticus, cuts and offal, frozen",76,Brasil,199407,10.247,direct
2022,020714,"Meat and edible offal; of fowls of the species Gallus domesticus, cuts and offal, frozen",724,Espanha,157134,8.075,direct
2022,020714,"Meat and edible offal; of fowls of the species Gallus domesticus, cuts and offal, frozen",528,Países Baixos,146186,7.512,direct
2022,020714,"Meat and edible offal; of fowls of the species Gallus domesticus, cuts and offal, frozen",620,Portugal,127794,6.567,direct
2022,020714,"Meat and edible offal; of fowls of the species Gallus domesticus, cuts and offal, frozen",616,Polónia,85239,4.38,direct
2022,071333,"Vegetables, leguminous; kidney beans, including white pea beans (phaseolus vulgaris), shelled, whether or not skinned or split, dried",620,Portugal,791148,99.085,direct
2022,071333,"Vegetables, leguminous; kidney beans, including white pea beans (phaseolus vulgaris), shelled, whether or not skinned or split, dried",76,Brasil,6201,0.777,direct
2022,071333,"Vegetables, leguminous; kidney beans, including white pea beans (phaseolus vulgaris), shelled, whether or not skinned or split, dried",156,China,461,0.058,direct
2022,071333,"Vegetables, leguminous; kidney beans, including white pea beans (phaseolus vulgaris), shelled, whether or not skinned or split, dried",422,Líbano,322,0.04,direct
2022,071333,"Vegetables, leguminous; kidney beans, including white pea beans (phaseolus vulgaris), shelled, whether or not skinned or split, dried",768,Togo,319,0.04,direct
2022,071333,"Vegetables, leguminous; kidney beans, including white pea beans (phaseolus vulgaris), shelled, whether or not skinned or split, dried",528,Países Baixos,2,0.0,direct
2022,100620,Arroz,76,Brasil,24281,60.421,direct
2022,100620,Arroz,768,Togo,13954,34.724,direct
2022,100620,Arroz,620,Portugal,1951,4.855,direct
2022,100630,Arroz,392,Japão,1955117,27.884,direct
2022,100630,Arroz,699,Índia,1367353,19.501,direct
2022,100630,Arroz,76,Brasil,1044670,14.899,direct
2022,100630,Arroz,620,Portugal,930949,13.277,direct
2022,100630,Arroz,226,Guiné Equatorial,563215,8.033,direct
2022,100630,Arroz,768,Togo,466093,6.647,direct
2022,100630,Arroz,764,Tailândia,369116,5.264,direct
2022,100630,Arroz,704,Vietname,140298,2.001,direct
2022,110100,Wheat or meslin flour,620,Portugal,3908629,71.121,direct
2022,110100,Wheat or meslin flour,792,Turquia,1389770,25.288,direct
2022,110100,Wheat or meslin flour,528,Países Baixos,130520,2.375,direct
2022,110100,Wheat or meslin flour,772,Tokelau,49105,0.894,direct
2022,110100,Wheat or meslin flour,699,Índia,17196,0.313,direct
2022,110100,Wheat or meslin flour,251,França,281,0.005,direct
2022,110100,Wheat or meslin flour,422,Líbano,138,0.003,direct
2022,110100,Wheat or meslin flour,156,China,78,0.001,direct
2022,150790,Óleo de soja,620,Portugal,1439767,99.999,direct
2022,150790,Óleo de soja,56,Bélgica,20,0.001,direct
2022,160100,"Meat preparations; sausages and similar products, of meat, meat offal, blood or insects, and food preparations based on these products",620,Portugal,1178183,96.992,direct
2022,160100,"Meat preparations; sausages and similar products, of meat, meat offal, blood or insects, and food preparations based on these products",792,Turquia,22209,1.828,direct
2022,160100,"Meat preparations; sausages and similar products, of meat, meat offal, blood or insects, and food preparations based on these products",76,Brasil,9002,0.741,direct
2022,160100,"Meat preparations; sausages and similar products, of meat, meat offal, blood or insects, and food preparations based on these products",422,Líbano,4311,0.355,direct
2022,160100,"Meat preparations; sausages and similar products, of meat, meat offal, blood or insects, and food preparations based on these products",251,França,798,0.066,direct
2022,160100,"Meat preparations; sausages and similar products, of meat, meat offal, blood or insects, and food preparations based on these products",178,Congo,222,0.018,direct
2022,170111,Açúcar de cana ou de beterraba,76,Brasil,495363,66.947,direct
2022,170111,Açúcar de cana ou de beterraba,620,Portugal,244275,33.013,direct
2022,170111,Açúcar de cana ou de beterraba,156,China,173,0.023,direct
2022,170111,Açúcar de cana ou de beterraba,251,França,121,0.016,direct
2022,220210,"Waters; including mineral and aerated, containing added sugar or other sweetening matter or flavoured",620,Portugal,482940,60.839,direct
2022,220210,"Waters; including mineral and aerated, containing added sugar or other sweetening matter or flavoured",792,Turquia,152573,19.221,direct
2022,220210,"Waters; including mineral and aerated, containing added sugar or other sweetening matter or flavoured",24,Angola,76393,9.624,direct
2022,220210,"Waters; including mineral and aerated, containing added sugar or other sweetening matter or flavoured",768,Togo,48011,6.048,direct
2022,220210,"Waters; including mineral and aerated, containing added sugar or other sweetening matter or flavoured",422,Líbano,18605,2.344,direct
2022,220210,"Waters; including mineral and aerated, containing added sugar or other sweetening matter or flavoured",724,Espanha,11424,1.439,direct
2022,220210,"Waters; including mineral and aerated, containing added sugar or other sweetening matter or flavoured",226,Guiné Equatorial,2638,0.332,direct
2022,220210,"Waters; including mineral and aerated, containing added sugar or other sweetening matter or flavoured",251,França,1214,0.153,direct
2022,220290,220290,620,Portugal,240077,39.268,direct
2022,220290,220290,24,Angola,111169,18.183,direct
2022,220290,220290,12,Argélia,94998,15.538,direct
2022,220290,220290,226,Guiné Equatorial,85200,13.936,direct
2022,220290,220290,724,Espanha,71969,11.772,direct
2022,220290,220290,792,Turquia,5286,0.865,direct
2022,220290,220290,422,Líbano,2020,0.33,direct
2022,220290,220290,251,França,659,0.108,direct
2022,220300,Cerveja,620,Portugal,2251219,90.323,direct
2022,220300,Cerveja,24,Angola,199518,8.005,direct
2022,220300,Cerveja,226,Guiné Equatorial,39562,1.587,direct
2022,220300,Cerveja,251,França,1788,0.072,direct
2022,220300,Cerveja,566,Nigéria,235,0.009,direct
2022,220300,Cerveja,266,Gabão,97,0.004,direct
2022,220421,Vinho,620,Portugal,2414021,99.086,direct
2022,220421,Vinho,226,Guiné Equatorial,13211,0.542,direct
2022,220421,Vinho,724,Espanha,7357,0.302,direct
2022,220421,Vinho,251,França,1453,0.06,direct
2022,220421,Vinho,586,Paquistão,235,0.01,direct
2022,220421,Vinho,276,Alemanha,12,0.0,direct
2022,220429,Vinho,620,Portugal,125461,76.037,direct
2022,220429,Vinho,178,Congo,23642,14.328,direct
2022,220429,Vinho,24,Angola,11840,7.176,direct
2022,220429,Vinho,156,China,3599,2.181,direct
2022,220429,Vinho,226,Guiné Equatorial,459,0.278,direct
2022,230990,"Dog or cat food; (not put up for retail sale), used in animal feeding",620,Portugal,2898050,99.998,direct
2022,230990,"Dog or cat food; (not put up for retail sale), used in animal feeding",24,Angola,52,0.002,direct
2022,252329,"Cement; portland, other than white, whether or not artificially coloured",24,Angola,2611487,74.228,direct
2022,252329,"Cement; portland, other than white, whether or not artificially coloured",724,Espanha,516274,14.674,direct
2022,252329,"Cement; portland, other than white, whether or not artificially coloured",620,Portugal,375996,10.687,direct
2022,252329,"Cement; portland, other than white, whether or not artificially coloured",266,Gabão,14167,0.403,direct
2022,252329,"Cement; portland, other than white, whether or not artificially coloured",178,Congo,170,0.005,direct
2022,252329,"Cement; portland, other than white, whether or not artificially coloured",226,Guiné Equatorial,98,0.003,direct
2022,271011,Combustíveis refinados,768,Togo,28540117,51.46,direct
2022,271011,Combustíveis refinados,24,Angola,25265432,45.555,direct
2022,271011,Combustíveis refinados,620,Portugal,1543458,2.783,direct
2022,271011,Combustíveis refinados,784,Emirados Árabes Unidos,92807,0.167,direct
2022,271011,Combustíveis refinados,156,China,9315,0.017,direct
2022,271011,Combustíveis refinados,792,Turquia,9122,0.016,direct
2022,271011,Combustíveis refinados,842,EUA,604,0.001,direct
2022,271011,Combustíveis refinados,710,África do Sul,198,0.0,direct
2022,340119,"Soap and organic surface-active products; in the form of bars, cakes, moulded shapes, and paper, wadding, felt and nonwovens, impregnated, coated or covered with soap or detergent, not for toilet use",620,Portugal,1630709,71.276,direct
2022,340119,"Soap and organic surface-active products; in the form of bars, cakes, moulded shapes, and paper, wadding, felt and nonwovens, impregnated, coated or covered with soap or detergent, not for toilet use",710,África do Sul,289508,12.654,direct
2022,340119,"Soap and organic surface-active products; in the form of bars, cakes, moulded shapes, and paper, wadding, felt and nonwovens, impregnated, coated or covered with soap or detergent, not for toilet use",818,Egito,170205,7.439,direct
2022,340119,"Soap and organic surface-active products; in the form of bars, cakes, moulded shapes, and paper, wadding, felt and nonwovens, impregnated, coated or covered with soap or detergent, not for toilet use",76,Brasil,110902,4.847,direct
2022,340119,"Soap and organic surface-active products; in the form of bars, cakes, moulded shapes, and paper, wadding, felt and nonwovens, impregnated, coated or covered with soap or detergent, not for toilet use",288,Gana,45304,1.98,direct
2022,340119,"Soap and organic surface-active products; in the form of bars, cakes, moulded shapes, and paper, wadding, felt and nonwovens, impregnated, coated or covered with soap or detergent, not for toilet use",699,Índia,30072,1.314,direct
2022,340119,"Soap and organic surface-active products; in the form of bars, cakes, moulded shapes, and paper, wadding, felt and nonwovens, impregnated, coated or covered with soap or detergent, not for toilet use",792,Turquia,7840,0.343,direct
2022,340119,"Soap and organic surface-active products; in the form of bars, cakes, moulded shapes, and paper, wadding, felt and nonwovens, impregnated, coated or covered with soap or detergent, not for toilet use",768,Togo,1453,0.064,direct
2022,630900,"Clothing; worn, and other worn articles",620,Portugal,1035964,44.968,direct
2022,630900,"Clothing; worn, and other worn articles",380,Itália,298538,12.959,direct
2022,630900,"Clothing; worn, and other worn articles",784,Emirados Árabes Unidos,247348,10.737,direct
2022,630900,"Clothing; worn, and other worn articles",276,Alemanha,235164,10.208,direct
2022,630900,"Clothing; worn, and other worn articles",24,Angola,109555,4.755,direct
2022,630900,"Clothing; worn, and other worn articles",528,Países Baixos,106978,4.644,direct
2022,630900,"Clothing; worn, and other worn articles",178,Congo,60357,2.62,direct
2022,630900,"Clothing; worn, and other worn articles",56,Bélgica,52741,2.289,direct
2022,850213,"Electric generating sets; with compression-ignition internal combustion piston engines (diesel or semi-diesel engines), of an output exceeding 375kVA",380,Itália,6777470,100.0,direct
2022,870323,Automóveis de passageiros,620,Portugal,490709,42.512,direct
2022,870323,Automóveis de passageiros,266,Gabão,161579,13.998,direct
2022,870323,Automóveis de passageiros,528,Países Baixos,90537,7.844,direct
2022,870323,Automóveis de passageiros,348,Hungria,75110,6.507,direct
2022,870323,Automóveis de passageiros,842,EUA,64575,5.594,direct
2022,870323,Automóveis de passageiros,56,Bélgica,48435,4.196,direct
2022,870323,Automóveis de passageiros,699,Índia,46109,3.995,direct
2022,870323,Automóveis de passageiros,276,Alemanha,37846,3.279,direct
2022,870332,Automóveis de passageiros,266,Gabão,418937,33.05,direct
2022,870332,Automóveis de passageiros,620,Portugal,387944,30.605,direct
2022,870332,Automóveis de passageiros,764,Tailândia,276452,21.81,direct
2022,870332,Automóveis de passageiros,251,França,57219,4.514,direct
2022,870332,Automóveis de passageiros,826,Reino Unido,27245,2.149,direct
2022,870332,Automóveis de passageiros,56,Bélgica,16598,1.309,direct
2022,870332,Automóveis de passageiros,528,Países Baixos,15154,1.196,direct
2022,870332,Automóveis de passageiros,724,Espanha,14850,1.172,direct
2022,870333,Automóveis de passageiros,266,Gabão,663845,52.097,direct
2022,870333,Automóveis de passageiros,392,Japão,147674,11.589,direct
2022,870333,Automóveis de passageiros,56,Bélgica,127216,9.984,direct
2022,870333,Automóveis de passageiros,724,Espanha,69934,5.488,direct
2022,870333,Automóveis de passageiros,620,Portugal,43767,3.435,direct
2022,870333,Automóveis de passageiros,410,Coreia do Sul,40752,3.198,direct
2022,870333,Automóveis de passageiros,251,França,32028,2.514,direct
2022,870333,Automóveis de passageiros,528,Países Baixos,31747,2.491,direct
2022,871120,"Motorcycles (including mopeds) and cycles; fitted with an auxiliary motor, internal combustion piston engine, of cylinder capacity exceeding 50cc but not exceeding 250cc, with or without side-cars; side-cars",156,China,663797,82.65,direct
2022,871120,"Motorcycles (including mopeds) and cycles; fitted with an auxiliary motor, internal combustion piston engine, of cylinder capacity exceeding 50cc but not exceeding 250cc, with or without side-cars; side-cars",620,Portugal,97993,12.201,direct
2022,871120,"Motorcycles (including mopeds) and cycles; fitted with an auxiliary motor, internal combustion piston engine, of cylinder capacity exceeding 50cc but not exceeding 250cc, with or without side-cars; side-cars",768,Togo,16190,2.016,direct
2022,871120,"Motorcycles (including mopeds) and cycles; fitted with an auxiliary motor, internal combustion piston engine, of cylinder capacity exceeding 50cc but not exceeding 250cc, with or without side-cars; side-cars",566,Nigéria,10445,1.301,direct
2022,871120,"Motorcycles (including mopeds) and cycles; fitted with an auxiliary motor, internal combustion piston engine, of cylinder capacity exceeding 50cc but not exceeding 250cc, with or without side-cars; side-cars",24,Angola,6516,0.811,direct
2022,871120,"Motorcycles (including mopeds) and cycles; fitted with an auxiliary motor, internal combustion piston engine, of cylinder capacity exceeding 50cc but not exceeding 250cc, with or without side-cars; side-cars",251,França,5501,0.685,direct
2022,871120,"Motorcycles (including mopeds) and cycles; fitted with an auxiliary motor, internal combustion piston engine, of cylinder capacity exceeding 50cc but not exceeding 250cc, with or without side-cars; side-cars",842,EUA,2698,0.336,direct
2022,999999,Commodities not specified according to kind,620,Portugal,4825851,72.883,direct
2022,999999,Commodities not specified according to kind,24,Angola,478738,7.23,direct
2022,999999,Commodities not specified according to kind,724,Espanha,471422,7.12,direct
2022,999999,Commodities not specified according to kind,528,Países Baixos,158160,2.389,direct
2022,999999,Commodities not specified according to kind,12,Argélia,132676,2.004,direct
2022,999999,Commodities not specified according to kind,226,Guiné Equatorial,106899,1.614,direct
2022,999999,Commodities not specified according to kind,156,China,92510,1.397,direct
2022,999999,Commodities not specified according to kind,458,Malásia,88549,1.337,direct
2022,020714,"Meat and edible offal; of fowls of the species Gallus domesticus, cuts and offal, frozen",528,Países Baixos,838753,28.131,mirror
2022,020714,"Meat and edible offal; of fowls of the species Gallus domesticus, cuts and offal, frozen",826,Reino Unido,712260,23.889,mirror
2022,020714,"Meat and edible offal; of fowls of the species Gallus domesticus, cuts and offal, frozen",76,Brasil,275765,9.249,mirror
2022,020714,"Meat and edible offal; of fowls of the species Gallus domesticus, cuts and offal, frozen",56,Bélgica,261804,8.781,mirror
2022,020714,"Meat and edible offal; of fowls of the species Gallus domesticus, cuts and offal, frozen",616,Polónia,234940,7.88,mirror
2022,020714,"Meat and edible offal; of fowls of the species Gallus domesticus, cuts and offal, frozen",620,Portugal,231958,7.78,mirror
2022,020714,"Meat and edible offal; of fowls of the species Gallus domesticus, cuts and offal, frozen",842,EUA,144817,4.857,mirror
2022,020714,"Meat and edible offal; of fowls of the species Gallus domesticus, cuts and offal, frozen",724,Espanha,123175,4.131,mirror
2022,071333,"Vegetables, leguminous; kidney beans, including white pea beans (phaseolus vulgaris), shelled, whether or not skinned or split, dried",620,Portugal,774120,99.363,mirror
2022,071333,"Vegetables, leguminous; kidney beans, including white pea beans (phaseolus vulgaris), shelled, whether or not skinned or split, dried",76,Brasil,4960,0.637,mirror
2022,100620,Arroz,768,Togo,41683,94.984,mirror
2022,100620,Arroz,620,Portugal,2201,5.016,mirror
2022,100630,Arroz,76,Brasil,814562,31.232,mirror
2022,100630,Arroz,620,Portugal,674413,25.858,mirror
2022,100630,Arroz,392,Japão,464501,17.81,mirror
2022,100630,Arroz,699,Índia,410716,15.748,mirror
2022,100630,Arroz,764,Tailândia,172094,6.598,mirror
2022,100630,Arroz,858,Uruguai,70625,2.708,mirror
2022,100630,Arroz,266,Gabão,1194,0.046,mirror
2022,110100,Wheat or meslin flour,620,Portugal,3247259,69.043,mirror
2022,110100,Wheat or meslin flour,792,Turquia,1299693,27.634,mirror
2022,110100,Wheat or meslin flour,528,Países Baixos,103733,2.206,mirror
2022,110100,Wheat or meslin flour,688,Sérvia,52533,1.117,mirror
2022,150790,Óleo de soja,620,Portugal,2724383,95.426,mirror
2022,150790,Óleo de soja,76,Brasil,130572,4.574,mirror
2022,160100,"Meat preparations; sausages and similar products, of meat, meat offal, blood or insects, and food preparations based on these products",620,Portugal,1111525,94.061,mirror
2022,160100,"Meat preparations; sausages and similar products, of meat, meat offal, blood or insects, and food preparations based on these products",266,Gabão,44512,3.767,mirror
2022,160100,"Meat preparations; sausages and similar products, of meat, meat offal, blood or insects, and food preparations based on these products",76,Brasil,20659,1.748,mirror
2022,160100,"Meat preparations; sausages and similar products, of meat, meat offal, blood or insects, and food preparations based on these products",792,Turquia,3910,0.331,mirror
2022,160100,"Meat preparations; sausages and similar products, of meat, meat offal, blood or insects, and food preparations based on these products",616,Polónia,1095,0.093,mirror
2022,220210,"Waters; including mineral and aerated, containing added sugar or other sweetening matter or flavoured",620,Portugal,347483,50.144,mirror
2022,220210,"Waters; including mineral and aerated, containing added sugar or other sweetening matter or flavoured",24,Angola,164151,23.688,mirror
2022,220210,"Waters; including mineral and aerated, containing added sugar or other sweetening matter or flavoured",724,Espanha,104425,15.069,mirror
2022,220210,"Waters; including mineral and aerated, containing added sugar or other sweetening matter or flavoured",792,Turquia,47138,6.802,mirror
2022,220210,"Waters; including mineral and aerated, containing added sugar or other sweetening matter or flavoured",768,Togo,16833,2.429,mirror
2022,220210,"Waters; including mineral and aerated, containing added sugar or other sweetening matter or flavoured",266,Gabão,12721,1.836,mirror
2022,220210,"Waters; including mineral and aerated, containing added sugar or other sweetening matter or flavoured",710,África do Sul,223,0.032,mirror
2022,220300,Cerveja,620,Portugal,1709129,86.748,mirror
2022,220300,Cerveja,24,Angola,183229,9.3,mirror
2022,220300,Cerveja,214,República Dominicana,73633,3.737,mirror
2022,220300,Cerveja,251,França,1651,0.084,mirror
2022,220300,Cerveja,266,Gabão,1127,0.057,mirror
2022,220300,Cerveja,724,Espanha,1089,0.055,mirror
2022,220300,Cerveja,528,Países Baixos,360,0.018,mirror
2022,220421,Vinho,620,Portugal,2251073,99.357,mirror
2022,220421,Vinho,724,Espanha,9382,0.414,mirror
2022,220421,Vinho,251,França,5177,0.228,mirror
2022,220421,Vinho,24,Angola,9,0.0,mirror
2022,220429,Vinho,620,Portugal,105473,100.0,mirror
2022,230990,"Dog or cat food; (not put up for retail sale), used in animal feeding",620,Portugal,2144729,99.939,mirror
2022,230990,"Dog or cat food; (not put up for retail sale), used in animal feeding",251,França,1308,0.061,mirror
2022,252329,"Cement; portland, other than white, whether or not artificially coloured",24,Angola,1854333,90.267,mirror
2022,252329,"Cement; portland, other than white, whether or not artificially coloured",620,Portugal,145627,7.089,mirror
2022,252329,"Cement; portland, other than white, whether or not artificially coloured",724,Espanha,54323,2.644,mirror
2022,340119,"Soap and organic surface-active products; in the form of bars, cakes, moulded shapes, and paper, wadding, felt and nonwovens, impregnated, coated or covered with soap or detergent, not for toilet use",620,Portugal,1804595,74.726,mirror
2022,340119,"Soap and organic surface-active products; in the form of bars, cakes, moulded shapes, and paper, wadding, felt and nonwovens, impregnated, coated or covered with soap or detergent, not for toilet use",710,África do Sul,240825,9.972,mirror
2022,340119,"Soap and organic surface-active products; in the form of bars, cakes, moulded shapes, and paper, wadding, felt and nonwovens, impregnated, coated or covered with soap or detergent, not for toilet use",76,Brasil,162669,6.736,mirror
2022,340119,"Soap and organic surface-active products; in the form of bars, cakes, moulded shapes, and paper, wadding, felt and nonwovens, impregnated, coated or covered with soap or detergent, not for toilet use",818,Egito,125048,5.178,mirror
2022,340119,"Soap and organic surface-active products; in the form of bars, cakes, moulded shapes, and paper, wadding, felt and nonwovens, impregnated, coated or covered with soap or detergent, not for toilet use",288,Gana,68616,2.841,mirror
2022,340119,"Soap and organic surface-active products; in the form of bars, cakes, moulded shapes, and paper, wadding, felt and nonwovens, impregnated, coated or covered with soap or detergent, not for toilet use",699,Índia,11889,0.492,mirror
2022,340119,"Soap and organic surface-active products; in the form of bars, cakes, moulded shapes, and paper, wadding, felt and nonwovens, impregnated, coated or covered with soap or detergent, not for toilet use",724,Espanha,674,0.028,mirror
2022,340119,"Soap and organic surface-active products; in the form of bars, cakes, moulded shapes, and paper, wadding, felt and nonwovens, impregnated, coated or covered with soap or detergent, not for toilet use",156,China,632,0.026,mirror
2022,630900,"Clothing; worn, and other worn articles",620,Portugal,866946,40.055,mirror
2022,630900,"Clothing; worn, and other worn articles",380,Itália,402553,18.599,mirror
2022,630900,"Clothing; worn, and other worn articles",528,Países Baixos,394182,18.212,mirror
2022,630900,"Clothing; worn, and other worn articles",276,Alemanha,229778,10.616,mirror
2022,630900,"Clothing; worn, and other worn articles",56,Bélgica,142838,6.6,mirror
2022,630900,"Clothing; worn, and other worn articles",348,Hungria,54686,2.527,mirror
2022,630900,"Clothing; worn, and other worn articles",724,Espanha,41640,1.924,mirror
2022,630900,"Clothing; worn, and other worn articles",792,Turquia,14004,0.647,mirror
2022,850213,"Electric generating sets; with compression-ignition internal combustion piston engines (diesel or semi-diesel engines), of an output exceeding 375kVA",620,Portugal,6199,100.0,mirror
2022,870323,Automóveis de passageiros,620,Portugal,317495,41.693,mirror
2022,870323,Automóveis de passageiros,266,Gabão,146486,19.237,mirror
2022,870323,Automóveis de passageiros,842,EUA,142999,18.779,mirror
2022,870323,Automóveis de passageiros,410,Coreia do Sul,93923,12.334,mirror
2022,870323,Automóveis de passageiros,56,Bélgica,33830,4.443,mirror
2022,870323,Automóveis de passageiros,757,Suíça,13090,1.719,mirror
2022,870323,Automóveis de passageiros,156,China,7900,1.037,mirror
2022,870323,Automóveis de passageiros,528,Países Baixos,4686,0.615,mirror
2022,870332,Automóveis de passageiros,620,Portugal,230055,62.14,mirror
2022,870332,Automóveis de passageiros,266,Gabão,86654,23.406,mirror
2022,870332,Automóveis de passageiros,56,Bélgica,31290,8.452,mirror
2022,870332,Automóveis de passageiros,528,Países Baixos,19532,5.276,mirror
2022,870332,Automóveis de passageiros,410,Coreia do Sul,1759,0.475,mirror
2022,870332,Automóveis de passageiros,276,Alemanha,847,0.229,mirror
2022,870332,Automóveis de passageiros,784,Emirados Árabes Unidos,82,0.022,mirror
2022,870333,Automóveis de passageiros,266,Gabão,478502,76.137,mirror
2022,870333,Automóveis de passageiros,620,Portugal,57285,9.115,mirror
2022,870333,Automóveis de passageiros,56,Bélgica,54109,8.61,mirror
2022,870333,Automóveis de passageiros,724,Espanha,20735,3.299,mirror
2022,870333,Automóveis de passageiros,24,Angola,9116,1.45,mirror
2022,870333,Automóveis de passageiros,528,Países Baixos,8703,1.385,mirror
2022,870333,Automóveis de passageiros,784,Emirados Árabes Unidos,27,0.004,mirror
2022,871120,"Motorcycles (including mopeds) and cycles; fitted with an auxiliary motor, internal combustion piston engine, of cylinder capacity exceeding 50cc but not exceeding 250cc, with or without side-cars; side-cars",156,China,104285,57.703,mirror
2022,871120,"Motorcycles (including mopeds) and cycles; fitted with an auxiliary motor, internal combustion piston engine, of cylinder capacity exceeding 50cc but not exceeding 250cc, with or without side-cars; side-cars",620,Portugal,71481,39.552,mirror
2022,871120,"Motorcycles (including mopeds) and cycles; fitted with an auxiliary motor, internal combustion piston engine, of cylinder capacity exceeding 50cc but not exceeding 250cc, with or without side-cars; side-cars",24,Angola,4960,2.744,mirror
2022,999999,Commodities not specified according to kind,392,Japão,301556,51.199,mirror
2022,999999,Commodities not specified according to kind,842,EUA,137055,23.269,mirror
2022,999999,Commodities not specified according to kind,528,Países Baixos,49510,8.406,mirror
2022,999999,Commodities not specified according to kind,251,França,30255,5.137,mirror
2022,999999,Commodities not specified according to kind,208,Dinamarca,16086,2.731,mirror
2022,999999,Commodities not specified according to kind,792,Turquia,12594,2.138,mirror
2022,999999,Commodities not specified according to kind,826,Reino Unido,10199,1.732,mirror
2022,999999,Commodities not specified according to kind,380,Itália,8638,1.467,mirror
2023,020714,"Meat and edible offal; of fowls of the species Gallus domesticus, cuts and offal, frozen",528,Países Baixos,690514,21.843,direct
2023,020714,"Meat and edible offal; of fowls of the species Gallus domesticus, cuts and offal, frozen",76,Brasil,594043,18.791,direct
2023,020714,"Meat and edible offal; of fowls of the species Gallus domesticus, cuts and offal, frozen",826,Reino Unido,436273,13.801,direct
2023,020714,"Meat and edible offal; of fowls of the species Gallus domesticus, cuts and offal, frozen",620,Portugal,287908,9.107,direct
2023,020714,"Meat and edible offal; of fowls of the species Gallus domesticus, cuts and offal, frozen",842,EUA,260433,8.238,direct
2023,020714,"Meat and edible offal; of fowls of the species Gallus domesticus, cuts and offal, frozen",100,Bulgária,182204,5.764,direct
2023,020714,"Meat and edible offal; of fowls of the species Gallus domesticus, cuts and offal, frozen",56,Bélgica,156149,4.939,direct
2023,020714,"Meat and edible offal; of fowls of the species Gallus domesticus, cuts and offal, frozen",616,Polónia,148013,4.682,direct
2023,071333,"Vegetables, leguminous; kidney beans, including white pea beans (phaseolus vulgaris), shelled, whether or not skinned or split, dried",620,Portugal,1356353,95.519,direct
2023,071333,"Vegetables, leguminous; kidney beans, including white pea beans (phaseolus vulgaris), shelled, whether or not skinned or split, dried",124,Canadá,62888,4.429,direct
2023,071333,"Vegetables, leguminous; kidney beans, including white pea beans (phaseolus vulgaris), shelled, whether or not skinned or split, dried",422,Líbano,325,0.023,direct
2023,071333,"Vegetables, leguminous; kidney beans, including white pea beans (phaseolus vulgaris), shelled, whether or not skinned or split, dried",724,Espanha,164,0.012,direct
2023,071333,"Vegetables, leguminous; kidney beans, including white pea beans (phaseolus vulgaris), shelled, whether or not skinned or split, dried",251,França,122,0.009,direct
2023,071333,"Vegetables, leguminous; kidney beans, including white pea beans (phaseolus vulgaris), shelled, whether or not skinned or split, dried",156,China,117,0.008,direct
2023,071333,"Vegetables, leguminous; kidney beans, including white pea beans (phaseolus vulgaris), shelled, whether or not skinned or split, dried",24,Angola,17,0.001,direct
2023,100620,Arroz,226,Guiné Equatorial,4220,49.061,direct
2023,100620,Arroz,768,Togo,3951,45.929,direct
2023,100620,Arroz,620,Portugal,397,4.612,direct
2023,100620,Arroz,251,França,34,0.398,direct
2023,100630,Arroz,392,Japão,9877877,65.947,direct
2023,100630,Arroz,699,Índia,1848569,12.342,direct
2023,100630,Arroz,768,Togo,919473,6.139,direct
2023,100630,Arroz,704,Vietname,812951,5.427,direct
2023,100630,Arroz,764,Tailândia,499456,3.335,direct
2023,100630,Arroz,620,Portugal,427559,2.855,direct
2023,100630,Arroz,76,Brasil,345886,2.309,direct
2023,100630,Arroz,586,Paquistão,168948,1.128,direct
2023,110100,Wheat or meslin flour,792,Turquia,2121683,48.863,direct
2023,110100,Wheat or meslin flour,620,Portugal,2107525,48.537,direct
2023,110100,Wheat or meslin flour,724,Espanha,48164,1.109,direct
2023,110100,Wheat or meslin flour,699,Índia,33059,0.761,direct
2023,110100,Wheat or meslin flour,226,Guiné Equatorial,30940,0.713,direct
2023,110100,Wheat or meslin flour,251,França,513,0.012,direct
2023,110100,Wheat or meslin flour,156,China,168,0.004,direct
2023,110100,Wheat or meslin flour,566,Nigéria,55,0.001,direct
2023,150790,Óleo de soja,620,Portugal,2014288,96.163,direct
2023,150790,Óleo de soja,76,Brasil,80062,3.822,direct
2023,150790,Óleo de soja,156,China,304,0.015,direct
2023,160100,"Meat preparations; sausages and similar products, of meat, meat offal, blood or insects, and food preparations based on these products",620,Portugal,1135578,93.735,direct
2023,160100,"Meat preparations; sausages and similar products, of meat, meat offal, blood or insects, and food preparations based on these products",792,Turquia,61933,5.112,direct
2023,160100,"Meat preparations; sausages and similar products, of meat, meat offal, blood or insects, and food preparations based on these products",76,Brasil,10252,0.846,direct
2023,160100,"Meat preparations; sausages and similar products, of meat, meat offal, blood or insects, and food preparations based on these products",724,Espanha,1821,0.15,direct
2023,160100,"Meat preparations; sausages and similar products, of meat, meat offal, blood or insects, and food preparations based on these products",251,França,864,0.071,direct
2023,160100,"Meat preparations; sausages and similar products, of meat, meat offal, blood or insects, and food preparations based on these products",422,Líbano,552,0.046,direct
2023,160100,"Meat preparations; sausages and similar products, of meat, meat offal, blood or insects, and food preparations based on these products",24,Angola,441,0.036,direct
2023,160100,"Meat preparations; sausages and similar products, of meat, meat offal, blood or insects, and food preparations based on these products",156,China,39,0.003,direct
2023,220210,"Waters; including mineral and aerated, containing added sugar or other sweetening matter or flavoured",620,Portugal,1084507,60.852,direct
2023,220210,"Waters; including mineral and aerated, containing added sugar or other sweetening matter or flavoured",24,Angola,371037,20.819,direct
2023,220210,"Waters; including mineral and aerated, containing added sugar or other sweetening matter or flavoured",724,Espanha,85674,4.807,direct
2023,220210,"Waters; including mineral and aerated, containing added sugar or other sweetening matter or flavoured",768,Togo,83961,4.711,direct
2023,220210,"Waters; including mineral and aerated, containing added sugar or other sweetening matter or flavoured",12,Argélia,81633,4.58,direct
2023,220210,"Waters; including mineral and aerated, containing added sugar or other sweetening matter or flavoured",226,Guiné Equatorial,62342,3.498,direct
2023,220210,"Waters; including mineral and aerated, containing added sugar or other sweetening matter or flavoured",251,França,8691,0.488,direct
2023,220210,"Waters; including mineral and aerated, containing added sugar or other sweetening matter or flavoured",422,Líbano,4015,0.225,direct
2023,220300,Cerveja,620,Portugal,1497135,98.785,direct
2023,220300,Cerveja,226,Guiné Equatorial,13082,0.863,direct
2023,220300,Cerveja,251,França,2767,0.183,direct
2023,220300,Cerveja,566,Nigéria,1467,0.097,direct
2023,220300,Cerveja,328,Guyana,350,0.023,direct
2023,220300,Cerveja,768,Togo,322,0.021,direct
2023,220300,Cerveja,178,Congo,152,0.01,direct
2023,220300,Cerveja,266,Gabão,146,0.01,direct
2023,220421,Vinho,620,Portugal,1536441,98.68,direct
2023,220421,Vinho,226,Guiné Equatorial,11737,0.754,direct
2023,220421,Vinho,251,França,6062,0.389,direct
2023,220421,Vinho,156,China,2339,0.15,direct
2023,220421,Vinho,724,Espanha,323,0.021,direct
2023,220421,Vinho,826,Reino Unido,56,0.004,direct
2023,220421,Vinho,120,Camarões,24,0.002,direct
2023,220421,Vinho,178,Congo,19,0.001,direct
2023,220429,Vinho,620,Portugal,79224,89.773,direct
2023,220429,Vinho,24,Angola,3714,4.209,direct
2023,220429,Vinho,178,Congo,3525,3.994,direct
2023,220429,Vinho,226,Guiné Equatorial,1396,1.581,direct
2023,220429,Vinho,724,Espanha,235,0.266,direct
2023,220429,Vinho,251,França,98,0.111,direct
2023,220429,Vinho,156,China,58,0.066,direct
2023,230990,"Dog or cat food; (not put up for retail sale), used in animal feeding",620,Portugal,1872122,99.997,direct
2023,230990,"Dog or cat food; (not put up for retail sale), used in animal feeding",724,Espanha,52,0.003,direct
2023,252329,"Cement; portland, other than white, whether or not artificially coloured",24,Angola,3177259,85.531,direct
2023,252329,"Cement; portland, other than white, whether or not artificially coloured",724,Espanha,384877,10.361,direct
2023,252329,"Cement; portland, other than white, whether or not artificially coloured",620,Portugal,149108,4.014,direct
2023,252329,"Cement; portland, other than white, whether or not artificially coloured",156,China,1766,0.048,direct
2023,252329,"Cement; portland, other than white, whether or not artificially coloured",784,Emirados Árabes Unidos,876,0.024,direct
2023,252329,"Cement; portland, other than white, whether or not artificially coloured",226,Guiné Equatorial,859,0.023,direct
2023,340119,"Soap and organic surface-active products; in the form of bars, cakes, moulded shapes, and paper, wadding, felt and nonwovens, impregnated, coated or covered with soap or detergent, not for toilet use",620,Portugal,1274442,56.823,direct
2023,340119,"Soap and organic surface-active products; in the form of bars, cakes, moulded shapes, and paper, wadding, felt and nonwovens, impregnated, coated or covered with soap or detergent, not for toilet use",710,África do Sul,500896,22.333,direct
2023,340119,"Soap and organic surface-active products; in the form of bars, cakes, moulded shapes, and paper, wadding, felt and nonwovens, impregnated, coated or covered with soap or detergent, not for toilet use",76,Brasil,188004,8.382,direct
2023,340119,"Soap and organic surface-active products; in the form of bars, cakes, moulded shapes, and paper, wadding, felt and nonwovens, impregnated, coated or covered with soap or detergent, not for toilet use",699,Índia,96154,4.287,direct
2023,340119,"Soap and organic surface-active products; in the form of bars, cakes, moulded shapes, and paper, wadding, felt and nonwovens, impregnated, coated or covered with soap or detergent, not for toilet use",818,Egito,58007,2.586,direct
2023,340119,"Soap and organic surface-active products; in the form of bars, cakes, moulded shapes, and paper, wadding, felt and nonwovens, impregnated, coated or covered with soap or detergent, not for toilet use",360,Indonésia,50533,2.253,direct
2023,340119,"Soap and organic surface-active products; in the form of bars, cakes, moulded shapes, and paper, wadding, felt and nonwovens, impregnated, coated or covered with soap or detergent, not for toilet use",768,Togo,43264,1.929,direct
2023,340119,"Soap and organic surface-active products; in the form of bars, cakes, moulded shapes, and paper, wadding, felt and nonwovens, impregnated, coated or covered with soap or detergent, not for toilet use",288,Gana,19172,0.855,direct
2023,630900,"Clothing; worn, and other worn articles",620,Portugal,657806,43.34,direct
2023,630900,"Clothing; worn, and other worn articles",528,Países Baixos,207985,13.703,direct
2023,630900,"Clothing; worn, and other worn articles",276,Alemanha,118549,7.811,direct
2023,630900,"Clothing; worn, and other worn articles",226,Guiné Equatorial,117882,7.767,direct
2023,630900,"Clothing; worn, and other worn articles",784,Emirados Árabes Unidos,72701,4.79,direct
2023,630900,"Clothing; worn, and other worn articles",24,Angola,64243,4.233,direct
2023,630900,"Clothing; worn, and other worn articles",56,Bélgica,55602,3.663,direct
2023,630900,"Clothing; worn, and other worn articles",36,Austrália,53004,3.492,direct
2023,850213,"Electric generating sets; with compression-ignition internal combustion piston engines (diesel or semi-diesel engines), of an output exceeding 375kVA",792,Turquia,5437971,98.452,direct
2023,850213,"Electric generating sets; with compression-ignition internal combustion piston engines (diesel or semi-diesel engines), of an output exceeding 375kVA",620,Portugal,77796,1.408,direct
2023,850213,"Electric generating sets; with compression-ignition internal combustion piston engines (diesel or semi-diesel engines), of an output exceeding 375kVA",226,Guiné Equatorial,7685,0.139,direct
2023,870323,Automóveis de passageiros,620,Portugal,465329,43.653,direct
2023,870323,Automóveis de passageiros,266,Gabão,298845,28.035,direct
2023,870323,Automóveis de passageiros,528,Países Baixos,116370,10.917,direct
2023,870323,Automóveis de passageiros,251,França,47631,4.468,direct
2023,870323,Automóveis de passageiros,100,Bulgária,40672,3.815,direct
2023,870323,Automóveis de passageiros,826,Reino Unido,24428,2.292,direct
2023,870323,Automóveis de passageiros,156,China,19859,1.863,direct
2023,870323,Automóveis de passageiros,276,Alemanha,12887,1.209,direct
2023,870332,Automóveis de passageiros,266,Gabão,1421800,65.069,direct
2023,870332,Automóveis de passageiros,620,Portugal,500312,22.897,direct
2023,870332,Automóveis de passageiros,251,França,58259,2.666,direct
2023,870332,Automóveis de passageiros,100,Bulgária,42156,1.929,direct
2023,870332,Automóveis de passageiros,724,Espanha,36268,1.66,direct
2023,870332,Automóveis de passageiros,566,Nigéria,32317,1.479,direct
2023,870332,Automóveis de passageiros,276,Alemanha,20039,0.917,direct
2023,870332,Automóveis de passageiros,208,Dinamarca,14261,0.653,direct
2023,870333,Automóveis de passageiros,266,Gabão,598706,56.565,direct
2023,870333,Automóveis de passageiros,620,Portugal,177738,16.792,direct
2023,870333,Automóveis de passageiros,410,Coreia do Sul,113438,10.717,direct
2023,870333,Automóveis de passageiros,392,Japão,92751,8.763,direct
2023,870333,Automóveis de passageiros,251,França,39512,3.733,direct
2023,870333,Automóveis de passageiros,784,Emirados Árabes Unidos,12284,1.161,direct
2023,870333,Automóveis de passageiros,100,Bulgária,7336,0.693,direct
2023,870333,Automóveis de passageiros,724,Espanha,6786,0.641,direct
2023,871120,"Motorcycles (including mopeds) and cycles; fitted with an auxiliary motor, internal combustion piston engine, of cylinder capacity exceeding 50cc but not exceeding 250cc, with or without side-cars; side-cars",156,China,209696,80.296,direct
2023,871120,"Motorcycles (including mopeds) and cycles; fitted with an auxiliary motor, internal combustion piston engine, of cylinder capacity exceeding 50cc but not exceeding 250cc, with or without side-cars; side-cars",620,Portugal,19012,7.28,direct
2023,871120,"Motorcycles (including mopeds) and cycles; fitted with an auxiliary motor, internal combustion piston engine, of cylinder capacity exceeding 50cc but not exceeding 250cc, with or without side-cars; side-cars",266,Gabão,13667,5.233,direct
2023,871120,"Motorcycles (including mopeds) and cycles; fitted with an auxiliary motor, internal combustion piston engine, of cylinder capacity exceeding 50cc but not exceeding 250cc, with or without side-cars; side-cars",566,Nigéria,10576,4.05,direct
2023,871120,"Motorcycles (including mopeds) and cycles; fitted with an auxiliary motor, internal combustion piston engine, of cylinder capacity exceeding 50cc but not exceeding 250cc, with or without side-cars; side-cars",768,Togo,5469,2.094,direct
2023,871120,"Motorcycles (including mopeds) and cycles; fitted with an auxiliary motor, internal combustion piston engine, of cylinder capacity exceeding 50cc but not exceeding 250cc, with or without side-cars; side-cars",24,Angola,2733,1.047,direct
2023,999999,Commodities not specified according to kind,768,Togo,26026601,53.383,direct
2023,999999,Commodities not specified according to kind,24,Angola,17198917,35.277,direct
2023,999999,Commodities not specified according to kind,620,Portugal,2555699,5.242,direct
2023,999999,Commodities not specified according to kind,266,Gabão,1050317,2.154,direct
2023,999999,Commodities not specified according to kind,842,EUA,971636,1.993,direct
2023,999999,Commodities not specified according to kind,76,Brasil,293555,0.602,direct
2023,999999,Commodities not specified according to kind,724,Espanha,187488,0.385,direct
2023,999999,Commodities not specified according to kind,156,China,96238,0.197,direct
2023,020714,"Meat and edible offal; of fowls of the species Gallus domesticus, cuts and offal, frozen",528,Países Baixos,867268,26.305,mirror
2023,020714,"Meat and edible offal; of fowls of the species Gallus domesticus, cuts and offal, frozen",76,Brasil,766950,23.262,mirror
2023,020714,"Meat and edible offal; of fowls of the species Gallus domesticus, cuts and offal, frozen",826,Reino Unido,559872,16.982,mirror
2023,020714,"Meat and edible offal; of fowls of the species Gallus domesticus, cuts and offal, frozen",842,EUA,221939,6.732,mirror
2023,020714,"Meat and edible offal; of fowls of the species Gallus domesticus, cuts and offal, frozen",724,Espanha,215411,6.534,mirror
2023,020714,"Meat and edible offal; of fowls of the species Gallus domesticus, cuts and offal, frozen",620,Portugal,146965,4.458,mirror
2023,020714,"Meat and edible offal; of fowls of the species Gallus domesticus, cuts and offal, frozen",56,Bélgica,140177,4.252,mirror
2023,020714,"Meat and edible offal; of fowls of the species Gallus domesticus, cuts and offal, frozen",616,Polónia,125191,3.797,mirror
2023,071333,"Vegetables, leguminous; kidney beans, including white pea beans (phaseolus vulgaris), shelled, whether or not skinned or split, dried",620,Portugal,909347,99.98,mirror
2023,071333,"Vegetables, leguminous; kidney beans, including white pea beans (phaseolus vulgaris), shelled, whether or not skinned or split, dried",724,Espanha,184,0.02,mirror
2023,100620,Arroz,768,Togo,167993,97.932,mirror
2023,100620,Arroz,620,Portugal,3210,1.871,mirror
2023,100620,Arroz,422,Líbano,239,0.139,mirror
2023,100620,Arroz,266,Gabão,99,0.058,mirror
2023,100630,Arroz,699,Índia,686480,35.777,mirror
2023,100630,Arroz,586,Paquistão,367089,19.131,mirror
2023,100630,Arroz,620,Portugal,325340,16.956,mirror
2023,100630,Arroz,764,Tailândia,271153,14.132,mirror
2023,100630,Arroz,76,Brasil,268271,13.981,mirror
2023,100630,Arroz,266,Gabão,346,0.018,mirror
2023,100630,Arroz,724,Espanha,99,0.005,mirror
2023,110100,Wheat or meslin flour,620,Portugal,1751767,55.764,mirror
2023,110100,Wheat or meslin flour,792,Turquia,1295910,41.253,mirror
2023,110100,Wheat or meslin flour,528,Países Baixos,93722,2.983,mirror
2023,150790,Óleo de soja,620,Portugal,2287298,100.0,mirror
2023,160100,"Meat preparations; sausages and similar products, of meat, meat offal, blood or insects, and food preparations based on these products",620,Portugal,940606,96.643,mirror
2023,160100,"Meat preparations; sausages and similar products, of meat, meat offal, blood or insects, and food preparations based on these products",76,Brasil,25609,2.631,mirror
2023,160100,"Meat preparations; sausages and similar products, of meat, meat offal, blood or insects, and food preparations based on these products",792,Turquia,7013,0.721,mirror
2023,160100,"Meat preparations; sausages and similar products, of meat, meat offal, blood or insects, and food preparations based on these products",266,Gabão,49,0.005,mirror
2023,220210,"Waters; including mineral and aerated, containing added sugar or other sweetening matter or flavoured",620,Portugal,295447,49.044,mirror
2023,220210,"Waters; including mineral and aerated, containing added sugar or other sweetening matter or flavoured",24,Angola,180721,30.0,mirror
2023,220210,"Waters; including mineral and aerated, containing added sugar or other sweetening matter or flavoured",724,Espanha,117654,19.531,mirror
2023,220210,"Waters; including mineral and aerated, containing added sugar or other sweetening matter or flavoured",768,Togo,6430,1.067,mirror
2023,220210,"Waters; including mineral and aerated, containing added sugar or other sweetening matter or flavoured",266,Gabão,891,0.148,mirror
2023,220210,"Waters; including mineral and aerated, containing added sugar or other sweetening matter or flavoured",422,Líbano,873,0.145,mirror
2023,220210,"Waters; including mineral and aerated, containing added sugar or other sweetening matter or flavoured",710,África do Sul,393,0.065,mirror
2023,220300,Cerveja,620,Portugal,1039471,91.128,mirror
2023,220300,Cerveja,214,República Dominicana,98640,8.648,mirror
2023,220300,Cerveja,251,França,1436,0.126,mirror
2023,220300,Cerveja,710,África do Sul,710,0.062,mirror
2023,220300,Cerveja,266,Gabão,414,0.036,mirror
2023,220421,Vinho,620,Portugal,1187310,96.977,mirror
2023,220421,Vinho,724,Espanha,28660,2.341,mirror
2023,220421,Vinho,251,França,8126,0.664,mirror
2023,220421,Vinho,710,África do Sul,209,0.017,mirror
2023,220421,Vinho,56,Bélgica,21,0.002,mirror
2023,220429,Vinho,620,Portugal,21924,100.0,mirror
2023,230990,"Dog or cat food; (not put up for retail sale), used in animal feeding",620,Portugal,1456418,100.0,mirror
2023,252329,"Cement; portland, other than white, whether or not artificially coloured",24,Angola,1779066,98.99,mirror
2023,252329,"Cement; portland, other than white, whether or not artificially coloured",620,Portugal,18147,1.01,mirror
2023,340119,"Soap and organic surface-active products; in the form of bars, cakes, moulded shapes, and paper, wadding, felt and nonwovens, impregnated, coated or covered with soap or detergent, not for toilet use",620,Portugal,528468,40.575,mirror
2023,340119,"Soap and organic surface-active products; in the form of bars, cakes, moulded shapes, and paper, wadding, felt and nonwovens, impregnated, coated or covered with soap or detergent, not for toilet use",710,África do Sul,302629,23.236,mirror
2023,340119,"Soap and organic surface-active products; in the form of bars, cakes, moulded shapes, and paper, wadding, felt and nonwovens, impregnated, coated or covered with soap or detergent, not for toilet use",76,Brasil,208254,15.99,mirror
2023,340119,"Soap and organic surface-active products; in the form of bars, cakes, moulded shapes, and paper, wadding, felt and nonwovens, impregnated, coated or covered with soap or detergent, not for toilet use",288,Gana,165843,12.733,mirror
2023,340119,"Soap and organic surface-active products; in the form of bars, cakes, moulded shapes, and paper, wadding, felt and nonwovens, impregnated, coated or covered with soap or detergent, not for toilet use",699,Índia,61807,4.745,mirror
2023,340119,"Soap and organic surface-active products; in the form of bars, cakes, moulded shapes, and paper, wadding, felt and nonwovens, impregnated, coated or covered with soap or detergent, not for toilet use",156,China,34238,2.629,mirror
2023,340119,"Soap and organic surface-active products; in the form of bars, cakes, moulded shapes, and paper, wadding, felt and nonwovens, impregnated, coated or covered with soap or detergent, not for toilet use",724,Espanha,692,0.053,mirror
2023,340119,"Soap and organic surface-active products; in the form of bars, cakes, moulded shapes, and paper, wadding, felt and nonwovens, impregnated, coated or covered with soap or detergent, not for toilet use",266,Gabão,499,0.038,mirror
2023,630900,"Clothing; worn, and other worn articles",620,Portugal,547392,35.477,mirror
2023,630900,"Clothing; worn, and other worn articles",528,Países Baixos,445593,28.879,mirror
2023,630900,"Clothing; worn, and other worn articles",276,Alemanha,227893,14.77,mirror
2023,630900,"Clothing; worn, and other worn articles",56,Bélgica,142842,9.258,mirror
2023,630900,"Clothing; worn, and other worn articles",380,Itália,137679,8.923,mirror
2023,630900,"Clothing; worn, and other worn articles",792,Turquia,25678,1.664,mirror
2023,630900,"Clothing; worn, and other worn articles",410,Coreia do Sul,8487,0.55,mirror
2023,630900,"Clothing; worn, and other worn articles",24,Angola,6619,0.429,mirror
2023,850213,"Electric generating sets; with compression-ignition internal combustion piston engines (diesel or semi-diesel engines), of an output exceeding 375kVA",792,Turquia,1771275,96.826,mirror
2023,850213,"Electric generating sets; with compression-ignition internal combustion piston engines (diesel or semi-diesel engines), of an output exceeding 375kVA",620,Portugal,55091,3.012,mirror
2023,850213,"Electric generating sets; with compression-ignition internal combustion piston engines (diesel or semi-diesel engines), of an output exceeding 375kVA",266,Gabão,2966,0.162,mirror
2023,870323,Automóveis de passageiros,620,Portugal,328575,58.596,mirror
2023,870323,Automóveis de passageiros,266,Gabão,187419,33.423,mirror
2023,870323,Automóveis de passageiros,120,Camarões,35248,6.286,mirror
2023,870323,Automóveis de passageiros,56,Bélgica,6215,1.108,mirror
2023,870323,Automóveis de passageiros,276,Alemanha,2181,0.389,mirror
2023,870323,Automóveis de passageiros,757,Suíça,1107,0.197,mirror
2023,870332,Automóveis de passageiros,266,Gabão,991864,84.865,mirror
2023,870332,Automóveis de passageiros,620,Portugal,110427,9.448,mirror
2023,870332,Automóveis de passageiros,56,Bélgica,54223,4.639,mirror
2023,870332,Automóveis de passageiros,24,Angola,7005,0.599,mirror
2023,870332,Automóveis de passageiros,528,Países Baixos,3190,0.273,mirror
2023,870332,Automóveis de passageiros,410,Coreia do Sul,2043,0.175,mirror
2023,870333,Automóveis de passageiros,266,Gabão,1024732,84.226,mirror
2023,870333,Automóveis de passageiros,410,Coreia do Sul,91817,7.547,mirror
2023,870333,Automóveis de passageiros,56,Bélgica,42958,3.531,mirror
2023,870333,Automóveis de passageiros,24,Angola,18591,1.528,mirror
2023,870333,Automóveis de passageiros,724,Espanha,15683,1.289,mirror
2023,870333,Automóveis de passageiros,620,Portugal,14165,1.164,mirror
2023,870333,Automóveis de passageiros,251,França,5452,0.448,mirror
2023,870333,Automóveis de passageiros,528,Países Baixos,3244,0.267,mirror
2023,871120,"Motorcycles (including mopeds) and cycles; fitted with an auxiliary motor, internal combustion piston engine, of cylinder capacity exceeding 50cc but not exceeding 250cc, with or without side-cars; side-cars",156,China,134178,96.655,mirror
2023,871120,"Motorcycles (including mopeds) and cycles; fitted with an auxiliary motor, internal combustion piston engine, of cylinder capacity exceeding 50cc but not exceeding 250cc, with or without side-cars; side-cars",24,Angola,3400,2.449,mirror
2023,871120,"Motorcycles (including mopeds) and cycles; fitted with an auxiliary motor, internal combustion piston engine, of cylinder capacity exceeding 50cc but not exceeding 250cc, with or without side-cars; side-cars",620,Portugal,1243,0.896,mirror
2023,999999,Commodities not specified according to kind,702,Singapura,9019874,92.1,mirror
2023,999999,Commodities not specified according to kind,276,Alemanha,440985,4.503,mirror
2023,999999,Commodities not specified according to kind,156,China,124145,1.268,mirror
2023,999999,Commodities not specified according to kind,842,EUA,99445,1.015,mirror
2023,999999,Commodities not specified according to kind,724,Espanha,45568,0.465,mirror
2023,999999,Commodities not specified according to kind,251,França,21212,0.217,mirror
2023,999999,Commodities not specified according to kind,392,Japão,12670,0.129,mirror
2023,999999,Commodities not specified according to kind,344,Hong Kong (RAEHK),8755,0.089,mirror
2024,020714,"Meat and edible offal; of fowls of the species Gallus domesticus, cuts and offal, frozen",826,Reino Unido,867602,25.156,mirror
2024,020714,"Meat and edible offal; of fowls of the species Gallus domesticus, cuts and offal, frozen",528,Países Baixos,790048,22.907,mirror
2024,020714,"Meat and edible offal; of fowls of the species Gallus domesticus, cuts and offal, frozen",724,Espanha,586946,17.018,mirror
2024,020714,"Meat and edible offal; of fowls of the species Gallus domesticus, cuts and offal, frozen",76,Brasil,464188,13.459,mirror
2024,020714,"Meat and edible offal; of fowls of the species Gallus domesticus, cuts and offal, frozen",56,Bélgica,262600,7.614,mirror
2024,020714,"Meat and edible offal; of fowls of the species Gallus domesticus, cuts and offal, frozen",251,França,173270,5.024,mirror
2024,020714,"Meat and edible offal; of fowls of the species Gallus domesticus, cuts and offal, frozen",620,Portugal,142426,4.13,mirror
2024,020714,"Meat and edible offal; of fowls of the species Gallus domesticus, cuts and offal, frozen",276,Alemanha,121565,3.525,mirror
2024,071333,"Vegetables, leguminous; kidney beans, including white pea beans (phaseolus vulgaris), shelled, whether or not skinned or split, dried",620,Portugal,965329,99.992,mirror
2024,071333,"Vegetables, leguminous; kidney beans, including white pea beans (phaseolus vulgaris), shelled, whether or not skinned or split, dried",251,França,76,0.008,mirror
2024,100620,Arroz,768,Togo,273705,99.098,mirror
2024,100620,Arroz,620,Portugal,2264,0.82,mirror
2024,100620,Arroz,422,Líbano,228,0.083,mirror
2024,100630,Arroz,764,Tailândia,998877,25.017,mirror
2024,100630,Arroz,620,Portugal,623503,15.616,mirror
2024,100630,Arroz,699,Índia,532845,13.345,mirror
2024,100630,Arroz,76,Brasil,532422,13.335,mirror
2024,100630,Arroz,156,China,528363,13.233,mirror
2024,100630,Arroz,586,Paquistão,485570,12.161,mirror
2024,100630,Arroz,104,Myanmar,291200,7.293,mirror
2024,110100,Wheat or meslin flour,620,Portugal,2071419,54.77,mirror
2024,110100,Wheat or meslin flour,792,Turquia,1226458,32.429,mirror
2024,110100,Wheat or meslin flour,504,Marrocos,477547,12.627,mirror
2024,110100,Wheat or meslin flour,818,Egito,6596,0.174,mirror
2024,150790,Óleo de soja,620,Portugal,1383770,76.284,mirror
2024,150790,Óleo de soja,818,Egito,330991,18.247,mirror
2024,150790,Óleo de soja,504,Marrocos,99211,5.469,mirror
2024,160100,"Meat preparations; sausages and similar products, of meat, meat offal, blood or insects, and food preparations based on these products",620,Portugal,1114043,98.305,mirror
2024,160100,"Meat preparations; sausages and similar products, of meat, meat offal, blood or insects, and food preparations based on these products",76,Brasil,19139,1.689,mirror
2024,160100,"Meat preparations; sausages and similar products, of meat, meat offal, blood or insects, and food preparations based on these products",792,Turquia,72,0.006,mirror
2024,220210,"Waters; including mineral and aerated, containing added sugar or other sweetening matter or flavoured",620,Portugal,328538,31.556,mirror
2024,220210,"Waters; including mineral and aerated, containing added sugar or other sweetening matter or flavoured",724,Espanha,311458,29.915,mirror
2024,220210,"Waters; including mineral and aerated, containing added sugar or other sweetening matter or flavoured",12,Argélia,174028,16.715,mirror
2024,220210,"Waters; including mineral and aerated, containing added sugar or other sweetening matter or flavoured",24,Angola,121459,11.666,mirror
2024,220210,"Waters; including mineral and aerated, containing added sugar or other sweetening matter or flavoured",616,Polónia,49575,4.762,mirror
2024,220210,"Waters; including mineral and aerated, containing added sugar or other sweetening matter or flavoured",768,Togo,43930,4.219,mirror
2024,220210,"Waters; including mineral and aerated, containing added sugar or other sweetening matter or flavoured",792,Turquia,11082,1.064,mirror
2024,220210,"Waters; including mineral and aerated, containing added sugar or other sweetening matter or flavoured",422,Líbano,780,0.075,mirror
2024,220300,Cerveja,620,Portugal,1370191,92.654,mirror
2024,220300,Cerveja,214,República Dominicana,73980,5.003,mirror
2024,220300,Cerveja,710,África do Sul,22676,1.533,mirror
2024,220300,Cerveja,24,Angola,8600,0.582,mirror
2024,220300,Cerveja,528,Países Baixos,2145,0.145,mirror
2024,220300,Cerveja,251,França,1225,0.083,mirror
2024,220421,Vinho,620,Portugal,1484551,94.579,mirror
2024,220421,Vinho,724,Espanha,84448,5.38,mirror
2024,220421,Vinho,251,França,478,0.03,mirror
2024,220421,Vinho,528,Países Baixos,139,0.009,mirror
2024,220421,Vinho,458,Malásia,14,0.001,mirror
2024,220421,Vinho,56,Bélgica,9,0.001,mirror
2024,220429,Vinho,620,Portugal,4363,100.0,mirror
2024,230990,"Dog or cat food; (not put up for retail sale), used in animal feeding",620,Portugal,1492808,99.956,mirror
2024,230990,"Dog or cat food; (not put up for retail sale), used in animal feeding",24,Angola,651,0.044,mirror
2024,252329,"Cement; portland, other than white, whether or not artificially coloured",24,Angola,1443724,95.63,mirror
2024,252329,"Cement; portland, other than white, whether or not artificially coloured",620,Portugal,65978,4.37,mirror
2024,340119,"Soap and organic surface-active products; in the form of bars, cakes, moulded shapes, and paper, wadding, felt and nonwovens, impregnated, coated or covered with soap or detergent, not for toilet use",76,Brasil,469833,37.419,mirror
2024,340119,"Soap and organic surface-active products; in the form of bars, cakes, moulded shapes, and paper, wadding, felt and nonwovens, impregnated, coated or covered with soap or detergent, not for toilet use",818,Egito,319646,25.457,mirror
2024,340119,"Soap and organic surface-active products; in the form of bars, cakes, moulded shapes, and paper, wadding, felt and nonwovens, impregnated, coated or covered with soap or detergent, not for toilet use",710,África do Sul,227113,18.088,mirror
2024,340119,"Soap and organic surface-active products; in the form of bars, cakes, moulded shapes, and paper, wadding, felt and nonwovens, impregnated, coated or covered with soap or detergent, not for toilet use",288,Gana,128567,10.239,mirror
2024,340119,"Soap and organic surface-active products; in the form of bars, cakes, moulded shapes, and paper, wadding, felt and nonwovens, impregnated, coated or covered with soap or detergent, not for toilet use",24,Angola,49998,3.982,mirror
2024,340119,"Soap and organic surface-active products; in the form of bars, cakes, moulded shapes, and paper, wadding, felt and nonwovens, impregnated, coated or covered with soap or detergent, not for toilet use",620,Portugal,29443,2.345,mirror
2024,340119,"Soap and organic surface-active products; in the form of bars, cakes, moulded shapes, and paper, wadding, felt and nonwovens, impregnated, coated or covered with soap or detergent, not for toilet use",699,Índia,25138,2.002,mirror
2024,340119,"Soap and organic surface-active products; in the form of bars, cakes, moulded shapes, and paper, wadding, felt and nonwovens, impregnated, coated or covered with soap or detergent, not for toilet use",156,China,2672,0.213,mirror
2024,630900,"Clothing; worn, and other worn articles",620,Portugal,782820,42.399,mirror
2024,630900,"Clothing; worn, and other worn articles",528,Países Baixos,478898,25.938,mirror
2024,630900,"Clothing; worn, and other worn articles",276,Alemanha,228630,12.383,mirror
2024,630900,"Clothing; worn, and other worn articles",56,Bélgica,176261,9.547,mirror
2024,630900,"Clothing; worn, and other worn articles",380,Itália,127632,6.913,mirror
2024,630900,"Clothing; worn, and other worn articles",24,Angola,31791,1.722,mirror
2024,630900,"Clothing; worn, and other worn articles",826,Reino Unido,20039,1.085,mirror
2024,630900,"Clothing; worn, and other worn articles",76,Brasil,179,0.01,mirror
2024,850213,"Electric generating sets; with compression-ignition internal combustion piston engines (diesel or semi-diesel engines), of an output exceeding 375kVA",156,China,175616,95.575,mirror
2024,850213,"Electric generating sets; with compression-ignition internal combustion piston engines (diesel or semi-diesel engines), of an output exceeding 375kVA",24,Angola,8131,4.425,mirror
2024,870323,Automóveis de passageiros,620,Portugal,365392,87.529,mirror
2024,870323,Automóveis de passageiros,288,Gana,25148,6.024,mirror
2024,870323,Automóveis de passageiros,56,Bélgica,21883,5.242,mirror
2024,870323,Automóveis de passageiros,24,Angola,4298,1.03,mirror
2024,870323,Automóveis de passageiros,276,Alemanha,734,0.176,mirror
2024,870332,Automóveis de passageiros,620,Portugal,242688,83.947,mirror
2024,870332,Automóveis de passageiros,56,Bélgica,40918,14.154,mirror
2024,870332,Automóveis de passageiros,24,Angola,3967,1.372,mirror
2024,870332,Automóveis de passageiros,826,Reino Unido,1522,0.526,mirror
2024,870333,Automóveis de passageiros,620,Portugal,257044,69.358,mirror
2024,870333,Automóveis de passageiros,276,Alemanha,63396,17.106,mirror
2024,870333,Automóveis de passageiros,764,Tailândia,28975,7.818,mirror
2024,870333,Automóveis de passageiros,56,Bélgica,10702,2.888,mirror
2024,870333,Automóveis de passageiros,24,Angola,10486,2.829,mirror
2024,871120,"Motorcycles (including mopeds) and cycles; fitted with an auxiliary motor, internal combustion piston engine, of cylinder capacity exceeding 50cc but not exceeding 250cc, with or without side-cars; side-cars",392,Japão,50104,47.464,mirror
2024,871120,"Motorcycles (including mopeds) and cycles; fitted with an auxiliary motor, internal combustion piston engine, of cylinder capacity exceeding 50cc but not exceeding 250cc, with or without side-cars; side-cars",156,China,39060,37.002,mirror
2024,871120,"Motorcycles (including mopeds) and cycles; fitted with an auxiliary motor, internal combustion piston engine, of cylinder capacity exceeding 50cc but not exceeding 250cc, with or without side-cars; side-cars",620,Portugal,14869,14.086,mirror
2024,871120,"Motorcycles (including mopeds) and cycles; fitted with an auxiliary motor, internal combustion piston engine, of cylinder capacity exceeding 50cc but not exceeding 250cc, with or without side-cars; side-cars",24,Angola,1528,1.448,mirror
2024,999999,Commodities not specified according to kind,702,Singapura,10501319,97.771,mirror
2024,999999,Commodities not specified according to kind,842,EUA,136692,1.273,mirror
2024,999999,Commodities not specified according to kind,566,Nigéria,30054,0.28,mirror
2024,999999,Commodities not specified according to kind,792,Turquia,25630,0.239,mirror
2024,999999,Commodities not specified according to kind,826,Reino Unido,17125,0.159,mirror
2024,999999,Commodities not specified according to kind,392,Japão,12572,0.117,mirror
2024,999999,Commodities not specified according to kind,156,China,11796,0.11,mirror
2024,999999,Commodities not specified according to kind,344,Hong Kong (RAEHK),4993,0.046,mirror
