year,partner_code,partner,hs6,description_pt,competitor_code,competitor,value,share_pct,rank,is_country,market_total
2003,156,China,090111,Café verde não descafeinado,704,Vietname,7661508,75.767,1,0,10111916
2003,156,China,090111,Café verde não descafeinado,360,Indonésia,900293,8.903,2,0,10111916
2003,156,China,090111,Café verde não descafeinado,76,Brasil,801948,7.931,3,0,10111916
2003,156,China,090111,Café verde não descafeinado,170,Colômbia,404608,4.001,4,0,10111916
2003,156,China,090111,Café verde não descafeinado,490,Taiwan (Prov. China),91053,0.9,5,0,10111916
2003,156,China,090190,Cascas de café e sucedâneos,702,Singapura,25980,64.414,1,0,40333
2003,156,China,090190,Cascas de café e sucedâneos,528,Países Baixos,7729,19.163,2,0,40333
2003,156,China,090190,Cascas de café e sucedâneos,380,Itália,2882,7.146,3,0,40333
2003,156,China,090190,Cascas de café e sucedâneos,704,Vietname,1600,3.967,4,0,40333
2003,156,China,090190,Cascas de café e sucedâneos,36,Austrália,1386,3.436,5,0,40333
2003,156,China,270900,Petróleo bruto,682,Arábia Saudita,3231945613,16.337,1,0,19782400604
2003,156,China,270900,Petróleo bruto,364,Irão,2635085866,13.32,2,0,19782400604
2003,156,China,270900,Petróleo bruto,24,Angola,2205654993,11.15,3,0,19782400604
2003,156,China,270900,Petróleo bruto,512,Omã,1978256687,10.0,4,0,19782400604
2003,156,China,270900,Petróleo bruto,887,Yemen,1520734722,7.687,5,0,19782400604
2003,156,China,271112,Propano liquefeito,682,Arábia Saudita,179297359,29.121,1,0,615692568
2003,156,China,271112,Propano liquefeito,784,Emirados Árabes Unidos,114216219,18.551,2,0,615692568
2003,156,China,271112,Propano liquefeito,414,Kuwait,70427754,11.439,3,0,615692568
2003,156,China,271112,Propano liquefeito,36,Austrália,50585580,8.216,4,0,615692568
2003,156,China,271112,Propano liquefeito,364,Irão,41488933,6.739,5,0,615692568
2003,156,China,271113,Butano liquefeito,682,Arábia Saudita,337718715,25.9,1,0,1303953038
2003,156,China,271113,Butano liquefeito,784,Emirados Árabes Unidos,168294982,12.907,2,0,1303953038
2003,156,China,271113,Butano liquefeito,458,Malásia,117602210,9.019,3,0,1303953038
2003,156,China,271113,Butano liquefeito,764,Tailândia,115610409,8.866,4,0,1303953038
2003,156,China,271113,Butano liquefeito,36,Austrália,76918268,5.899,5,0,1303953038
2003,156,China,630900,Vestuário usado,344,Hong Kong (RAEHK),543382,100.0,1,0,543382
2003,156,China,880212,Helicópteros +2.000 kg,251,França,18475969,83.485,1,0,22130846
2003,156,China,880212,Helicópteros +2.000 kg,842,EUA,3356877,15.168,2,0,22130846
2003,156,China,880212,Helicópteros +2.000 kg,643,Rússia,298000,1.347,3,0,22130846
2003,156,China,880330,Partes de aviões e helicópteros (ed. antiga),842,EUA,410809456,46.505,1,0,883359426
2003,156,China,880330,Partes de aviões e helicópteros (ed. antiga),643,Rússia,316537823,35.833,2,0,883359426
2003,156,China,880330,Partes de aviões e helicópteros (ed. antiga),251,França,51729895,5.856,3,0,883359426
2003,156,China,880330,Partes de aviões e helicópteros (ed. antiga),826,Reino Unido,25966248,2.939,4,0,883359426
2003,156,China,880330,Partes de aviões e helicópteros (ed. antiga),702,Singapura,16724289,1.893,5,0,883359426
2003,360,Indonésia,090111,Café verde não descafeinado,76,Brasil,1232143,32.792,1,0,3757412
2003,360,Indonésia,090111,Café verde não descafeinado,626,Timor-Leste,851582,22.664,2,1,3757412
2003,360,Indonésia,090111,Café verde não descafeinado,360,Indonésia,746281,19.862,3,0,3757412
2003,360,Indonésia,090111,Café verde não descafeinado,704,Vietname,338840,9.018,4,0,3757412
2003,360,Indonésia,090111,Café verde não descafeinado,702,Singapura,140949,3.751,5,0,3757412
2003,360,Indonésia,090111,Café verde não descafeinado,392,Japão,69853,1.859,6,0,3757412
2003,360,Indonésia,090190,Cascas de café e sucedâneos,458,Malásia,34631,32.565,1,0,106345
2003,360,Indonésia,090190,Cascas de café e sucedâneos,702,Singapura,28563,26.859,2,0,106345
2003,360,Indonésia,090190,Cascas de café e sucedâneos,764,Tailândia,22275,20.946,3,0,106345
2003,360,Indonésia,090190,Cascas de café e sucedâneos,36,Austrália,7127,6.702,4,0,106345
2003,360,Indonésia,090190,Cascas de café e sucedâneos,156,China,3344,3.144,5,0,106345
2003,360,Indonésia,270900,Petróleo bruto,682,Arábia Saudita,1206683832,29.962,1,0,4027366911
2003,360,Indonésia,270900,Petróleo bruto,566,Nigéria,860327248,21.362,2,0,4027366911
2003,360,Indonésia,270900,Petróleo bruto,156,China,360136448,8.942,3,0,4027366911
2003,360,Indonésia,270900,Petróleo bruto,458,Malásia,299547702,7.438,4,0,4027366911
2003,360,Indonésia,270900,Petróleo bruto,704,Vietname,258829337,6.427,5,0,4027366911
2003,360,Indonésia,271112,Propano liquefeito,458,Malásia,12375724,60.424,1,0,20481523
2003,360,Indonésia,271112,Propano liquefeito,702,Singapura,6136173,29.96,2,0,20481523
2003,360,Indonésia,271112,Propano liquefeito,764,Tailândia,1946713,9.505,3,0,20481523
2003,360,Indonésia,271112,Propano liquefeito,36,Austrália,19217,0.094,4,0,20481523
2003,360,Indonésia,271112,Propano liquefeito,826,Reino Unido,3556,0.017,5,0,20481523
2003,360,Indonésia,271113,Butano liquefeito,702,Singapura,915429,98.616,1,0,928280
2003,360,Indonésia,271113,Butano liquefeito,344,Hong Kong (RAEHK),10483,1.129,2,0,928280
2003,360,Indonésia,271113,Butano liquefeito,752,Suécia,1879,0.202,3,0,928280
2003,360,Indonésia,271113,Butano liquefeito,784,Emirados Árabes Unidos,351,0.038,4,0,928280
2003,360,Indonésia,271113,Butano liquefeito,36,Austrália,138,0.015,5,0,928280
2003,360,Indonésia,630900,Vestuário usado,757,Suíça,204387,23.579,1,0,866803
2003,360,Indonésia,630900,Vestuário usado,450,Madagáscar,115575,13.333,2,0,866803
2003,360,Indonésia,630900,Vestuário usado,528,Países Baixos,104221,12.024,3,0,866803
2003,360,Indonésia,630900,Vestuário usado,392,Japão,51998,5.999,4,0,866803
2003,360,Indonésia,630900,Vestuário usado,276,Alemanha,42577,4.912,5,0,866803
2003,360,Indonésia,880212,Helicópteros +2.000 kg,643,Rússia,654561,100.0,1,0,654561
2003,360,Indonésia,880330,Partes de aviões e helicópteros (ed. antiga),360,Indonésia,1115550,47.364,1,0,2355292
2003,360,Indonésia,880330,Partes de aviões e helicópteros (ed. antiga),702,Singapura,521666,22.149,2,0,2355292
2003,360,Indonésia,880330,Partes de aviões e helicópteros (ed. antiga),251,França,261293,11.094,3,0,2355292
2003,360,Indonésia,880330,Partes de aviões e helicópteros (ed. antiga),842,EUA,187469,7.959,4,0,2355292
2003,360,Indonésia,880330,Partes de aviões e helicópteros (ed. antiga),36,Austrália,76003,3.227,5,0,2355292
2003,392,Japão,090111,Café verde não descafeinado,170,Colômbia,121703967,22.573,1,0,539167709
2003,392,Japão,090111,Café verde não descafeinado,76,Brasil,116434594,21.595,2,0,539167709
2003,392,Japão,090111,Café verde não descafeinado,360,Indonésia,59024145,10.947,3,0,539167709
2003,392,Japão,090111,Café verde não descafeinado,320,Guatemala,48275997,8.954,4,0,539167709
2003,392,Japão,090111,Café verde não descafeinado,231,Etiópia,41066589,7.617,5,0,539167709
2003,392,Japão,090111,Café verde não descafeinado,626,Timor-Leste,60309,0.011,34,1,539167709
2003,392,Japão,090190,Cascas de café e sucedâneos,842,EUA,474340,100.0,1,0,474340
2003,392,Japão,270900,Petróleo bruto,682,Arábia Saudita,11769898169,25.623,1,0,45935429419
2003,392,Japão,270900,Petróleo bruto,784,Emirados Árabes Unidos,10964661690,23.87,2,0,45935429419
2003,392,Japão,270900,Petróleo bruto,364,Irão,7176339337,15.623,3,0,45935429419
2003,392,Japão,270900,Petróleo bruto,634,Catar,4335790767,9.439,4,0,45935429419
2003,392,Japão,270900,Petróleo bruto,414,Kuwait,3143989992,6.844,5,0,45935429419
2003,392,Japão,271112,Propano liquefeito,682,Arábia Saudita,1288536626,37.826,1,0,3406523676
2003,392,Japão,271112,Propano liquefeito,784,Emirados Árabes Unidos,760117885,22.314,2,0,3406523676
2003,392,Japão,271112,Propano liquefeito,414,Kuwait,350032271,10.275,3,0,3406523676
2003,392,Japão,271112,Propano liquefeito,634,Catar,247083234,7.253,4,0,3406523676
2003,392,Japão,271112,Propano liquefeito,364,Irão,165160960,4.848,5,0,3406523676
2003,392,Japão,271113,Butano liquefeito,784,Emirados Árabes Unidos,484078876,37.741,1,0,1282621011
2003,392,Japão,271113,Butano liquefeito,682,Arábia Saudita,251438254,19.603,2,0,1282621011
2003,392,Japão,271113,Butano liquefeito,36,Austrália,195064956,15.208,3,0,1282621011
2003,392,Japão,271113,Butano liquefeito,360,Indonésia,88497557,6.9,4,0,1282621011
2003,392,Japão,271113,Butano liquefeito,414,Kuwait,88249466,6.88,5,0,1282621011
2003,392,Japão,630900,Vestuário usado,842,EUA,47907071,75.601,1,0,63368386
2003,392,Japão,630900,Vestuário usado,251,França,4936805,7.791,2,0,63368386
2003,392,Japão,630900,Vestuário usado,528,Países Baixos,2744124,4.33,3,0,63368386
2003,392,Japão,630900,Vestuário usado,764,Tailândia,2512214,3.964,4,0,63368386
2003,392,Japão,630900,Vestuário usado,124,Canadá,1928036,3.043,5,0,63368386
2003,392,Japão,880212,Helicópteros +2.000 kg,842,EUA,13038817,100.0,1,0,13038817
2003,392,Japão,880330,Partes de aviões e helicópteros (ed. antiga),842,EUA,798702203,87.735,1,0,910361936
2003,392,Japão,880330,Partes de aviões e helicópteros (ed. antiga),251,França,32249398,3.542,2,0,910361936
2003,392,Japão,880330,Partes de aviões e helicópteros (ed. antiga),276,Alemanha,32244800,3.542,3,0,910361936
2003,392,Japão,880330,Partes de aviões e helicópteros (ed. antiga),826,Reino Unido,23869542,2.622,4,0,910361936
2003,392,Japão,880330,Partes de aviões e helicópteros (ed. antiga),124,Canadá,9293769,1.021,5,0,910361936
2003,410,Coreia do Sul,090111,Café verde não descafeinado,704,Vietname,23610372,34.18,1,0,69076818
2003,410,Coreia do Sul,090111,Café verde não descafeinado,340,Honduras,10421875,15.087,2,0,69076818
2003,410,Coreia do Sul,090111,Café verde não descafeinado,170,Colômbia,10283143,14.887,3,0,69076818
2003,410,Coreia do Sul,090111,Café verde não descafeinado,76,Brasil,9322040,13.495,4,0,69076818
2003,410,Coreia do Sul,090111,Café verde não descafeinado,360,Indonésia,4887101,7.075,5,0,69076818
2003,410,Coreia do Sul,090190,Cascas de café e sucedâneos,842,EUA,37932,78.633,1,0,48239
2003,410,Coreia do Sul,090190,Cascas de café e sucedâneos,608,Filipinas,7561,15.674,2,0,48239
2003,410,Coreia do Sul,090190,Cascas de café e sucedâneos,702,Singapura,2704,5.605,3,0,48239
2003,410,Coreia do Sul,090190,Cascas de café e sucedâneos,398,Cazaquistão,33,0.068,4,0,48239
2003,410,Coreia do Sul,090190,Cascas de café e sucedâneos,124,Canadá,9,0.019,5,0,48239
2003,410,Coreia do Sul,270900,Petróleo bruto,682,Arábia Saudita,7412652862,32.115,1,0,23081643266
2003,410,Coreia do Sul,270900,Petróleo bruto,784,Emirados Árabes Unidos,4188643369,18.147,2,0,23081643266
2003,410,Coreia do Sul,270900,Petróleo bruto,414,Kuwait,2200579476,9.534,3,0,23081643266
2003,410,Coreia do Sul,270900,Petróleo bruto,364,Irão,1715024064,7.43,4,0,23081643266
2003,410,Coreia do Sul,270900,Petróleo bruto,634,Catar,1397229142,6.053,5,0,23081643266
2003,410,Coreia do Sul,271112,Propano liquefeito,682,Arábia Saudita,299560621,32.694,1,0,916254664
2003,410,Coreia do Sul,271112,Propano liquefeito,784,Emirados Árabes Unidos,128621616,14.038,2,0,916254664
2003,410,Coreia do Sul,271112,Propano liquefeito,414,Kuwait,127434122,13.908,3,0,916254664
2003,410,Coreia do Sul,271112,Propano liquefeito,12,Argélia,111672710,12.188,4,0,916254664
2003,410,Coreia do Sul,271112,Propano liquefeito,634,Catar,65119312,7.107,5,0,916254664
2003,410,Coreia do Sul,271113,Butano liquefeito,682,Arábia Saudita,156975775,37.187,1,0,422120730
2003,410,Coreia do Sul,271113,Butano liquefeito,784,Emirados Árabes Unidos,98463450,23.326,2,0,422120730
2003,410,Coreia do Sul,271113,Butano liquefeito,414,Kuwait,51615256,12.228,3,0,422120730
2003,410,Coreia do Sul,271113,Butano liquefeito,12,Argélia,30690833,7.271,4,0,422120730
2003,410,Coreia do Sul,271113,Butano liquefeito,364,Irão,24530852,5.811,5,0,422120730
2003,410,Coreia do Sul,630900,Vestuário usado,392,Japão,2333828,33.016,1,0,7068750
2003,410,Coreia do Sul,630900,Vestuário usado,842,EUA,1370379,19.386,2,0,7068750
2003,410,Coreia do Sul,630900,Vestuário usado,380,Itália,1127704,15.953,3,0,7068750
2003,410,Coreia do Sul,630900,Vestuário usado,251,França,387639,5.484,4,0,7068750
2003,410,Coreia do Sul,630900,Vestuário usado,826,Reino Unido,313279,4.432,5,0,7068750
2003,410,Coreia do Sul,630900,Vestuário usado,626,Timor-Leste,415,0.006,67,1,7068750
2003,410,Coreia do Sul,880212,Helicópteros +2.000 kg,842,EUA,9941893,55.176,1,0,18018533
2003,410,Coreia do Sul,880212,Helicópteros +2.000 kg,251,França,7936640,44.047,2,0,18018533
2003,410,Coreia do Sul,880212,Helicópteros +2.000 kg,643,Rússia,140000,0.777,3,0,18018533
2003,410,Coreia do Sul,880330,Partes de aviões e helicópteros (ed. antiga),842,EUA,199052229,76.219,1,0,261156975
2003,410,Coreia do Sul,880330,Partes de aviões e helicópteros (ed. antiga),376,Israel,22977019,8.798,2,0,261156975
2003,410,Coreia do Sul,880330,Partes de aviões e helicópteros (ed. antiga),826,Reino Unido,22589970,8.65,3,0,261156975
2003,410,Coreia do Sul,880330,Partes de aviões e helicópteros (ed. antiga),643,Rússia,7526693,2.882,4,0,261156975
2003,410,Coreia do Sul,880330,Partes de aviões e helicópteros (ed. antiga),276,Alemanha,2164397,0.829,5,0,261156975
2003,702,Singapura,090111,Café verde não descafeinado,360,Indonésia,7809604,62.59,1,0,12477490
2003,702,Singapura,090111,Café verde não descafeinado,704,Vietname,2494745,19.994,2,0,12477490
2003,702,Singapura,090111,Café verde não descafeinado,458,Malásia,1115313,8.939,3,0,12477490
2003,702,Singapura,090111,Café verde não descafeinado,608,Filipinas,195790,1.569,4,0,12477490
2003,702,Singapura,090111,Café verde não descafeinado,188,Costa Rica,108881,0.873,5,0,12477490
2003,702,Singapura,090190,Cascas de café e sucedâneos,360,Indonésia,125932,45.566,1,0,276370
2003,702,Singapura,090190,Cascas de café e sucedâneos,170,Colômbia,63385,22.935,2,0,276370
2003,702,Singapura,090190,Cascas de café e sucedâneos,76,Brasil,27201,9.842,3,0,276370
2003,702,Singapura,090190,Cascas de café e sucedâneos,458,Malásia,18915,6.844,4,0,276370
2003,702,Singapura,090190,Cascas de café e sucedâneos,380,Itália,11475,4.152,5,0,276370
2003,702,Singapura,270900,Petróleo bruto,682,Arábia Saudita,2226861601,26.754,1,0,8323533133
2003,702,Singapura,270900,Petróleo bruto,634,Catar,1289414232,15.491,2,0,8323533133
2003,702,Singapura,270900,Petróleo bruto,414,Kuwait,1062295742,12.763,3,0,8323533133
2003,702,Singapura,270900,Petróleo bruto,784,Emirados Árabes Unidos,905606255,10.88,4,0,8323533133
2003,702,Singapura,270900,Petróleo bruto,36,Austrália,867226640,10.419,5,0,8323533133
2003,702,Singapura,271112,Propano liquefeito,842,EUA,30682,40.709,1,0,75369
2003,702,Singapura,271112,Propano liquefeito,458,Malásia,25462,33.783,2,0,75369
2003,702,Singapura,271112,Propano liquefeito,764,Tailândia,9749,12.935,3,0,75369
2003,702,Singapura,271112,Propano liquefeito,710,África do Sul,8340,11.066,4,0,75369
2003,702,Singapura,271112,Propano liquefeito,276,Alemanha,1135,1.506,5,0,75369
2003,702,Singapura,271113,Butano liquefeito,360,Indonésia,721944,53.853,1,0,1340574
2003,702,Singapura,271113,Butano liquefeito,458,Malásia,394057,29.395,2,0,1340574
2003,702,Singapura,271113,Butano liquefeito,410,Coreia do Sul,81802,6.102,3,0,1340574
2003,702,Singapura,271113,Butano liquefeito,842,EUA,73711,5.498,4,0,1340574
2003,702,Singapura,271113,Butano liquefeito,251,França,35923,2.68,5,0,1340574
2003,702,Singapura,630900,Vestuário usado,410,Coreia do Sul,9919943,46.755,1,0,21216705
2003,702,Singapura,630900,Vestuário usado,392,Japão,4115465,19.397,2,0,21216705
2003,702,Singapura,630900,Vestuário usado,490,Taiwan (Prov. China),2870814,13.531,3,0,21216705
2003,702,Singapura,630900,Vestuário usado,458,Malásia,2840656,13.389,4,0,21216705
2003,702,Singapura,630900,Vestuário usado,36,Austrália,425416,2.005,5,0,21216705
2003,702,Singapura,880212,Helicópteros +2.000 kg,842,EUA,21218408,50.795,1,0,41772258
2003,702,Singapura,880212,Helicópteros +2.000 kg,124,Canadá,5249524,12.567,2,0,41772258
2003,702,Singapura,880212,Helicópteros +2.000 kg,410,Coreia do Sul,4281967,10.251,3,0,41772258
2003,702,Singapura,880212,Helicópteros +2.000 kg,710,África do Sul,3965735,9.494,4,0,41772258
2003,702,Singapura,880212,Helicópteros +2.000 kg,276,Alemanha,2934676,7.025,5,0,41772258
2003,702,Singapura,880330,Partes de aviões e helicópteros (ed. antiga),842,EUA,1094018698,73.782,1,0,1482762578
2003,702,Singapura,880330,Partes de aviões e helicópteros (ed. antiga),826,Reino Unido,87119746,5.876,2,0,1482762578
2003,702,Singapura,880330,Partes de aviões e helicópteros (ed. antiga),251,França,80788350,5.449,3,0,1482762578
2003,702,Singapura,880330,Partes de aviões e helicópteros (ed. antiga),36,Austrália,42228711,2.848,4,0,1482762578
2003,702,Singapura,880330,Partes de aviões e helicópteros (ed. antiga),276,Alemanha,36655134,2.472,5,0,1482762578
2004,156,China,090111,Café verde não descafeinado,704,Vietname,7908059,72.205,1,0,10952177
2004,156,China,090111,Café verde não descafeinado,360,Indonésia,930190,8.493,2,0,10952177
2004,156,China,090111,Café verde não descafeinado,76,Brasil,881182,8.046,3,0,10952177
2004,156,China,090111,Café verde não descafeinado,170,Colômbia,607663,5.548,4,0,10952177
2004,156,China,090111,Café verde não descafeinado,800,Uganda,196623,1.795,5,0,10952177
2004,156,China,090190,Cascas de café e sucedâneos,842,EUA,28051,41.074,1,0,68293
2004,156,China,090190,Cascas de café e sucedâneos,410,Coreia do Sul,22100,32.361,2,0,68293
2004,156,China,090190,Cascas de café e sucedâneos,702,Singapura,6463,9.464,3,0,68293
2004,156,China,090190,Cascas de café e sucedâneos,724,Espanha,5629,8.242,4,0,68293
2004,156,China,090190,Cascas de café e sucedâneos,380,Itália,3154,4.618,5,0,68293
2004,156,China,270900,Petróleo bruto,24,Angola,4716807801,13.909,1,0,33911681064
2004,156,China,270900,Petróleo bruto,682,Arábia Saudita,4634104883,13.665,2,0,33911681064
2004,156,China,270900,Petróleo bruto,512,Omã,4271270019,12.595,3,0,33911681064
2004,156,China,270900,Petróleo bruto,364,Irão,3535879006,10.427,4,0,33911681064
2004,156,China,270900,Petróleo bruto,643,Rússia,2937005818,8.661,5,0,33911681064
2004,156,China,271112,Propano liquefeito,682,Arábia Saudita,400561085,36.052,1,0,1111062942
2004,156,China,271112,Propano liquefeito,784,Emirados Árabes Unidos,294634323,26.518,2,0,1111062942
2004,156,China,271112,Propano liquefeito,36,Austrália,119354449,10.742,3,0,1111062942
2004,156,China,271112,Propano liquefeito,414,Kuwait,105267036,9.474,4,0,1111062942
2004,156,China,271112,Propano liquefeito,364,Irão,50476732,4.543,5,0,1111062942
2004,156,China,271113,Butano liquefeito,682,Arábia Saudita,333844412,25.97,1,0,1285502878
2004,156,China,271113,Butano liquefeito,784,Emirados Árabes Unidos,239649134,18.642,2,0,1285502878
2004,156,China,271113,Butano liquefeito,36,Austrália,154079950,11.986,3,0,1285502878
2004,156,China,271113,Butano liquefeito,764,Tailândia,121409998,9.445,4,0,1285502878
2004,156,China,271113,Butano liquefeito,414,Kuwait,101551549,7.9,5,0,1285502878
2004,156,China,880212,Helicópteros +2.000 kg,251,França,27884010,88.668,1,0,31447513
2004,156,China,880212,Helicópteros +2.000 kg,842,EUA,3563503,11.332,2,0,31447513
2004,156,China,880330,Partes de aviões e helicópteros (ed. antiga),842,EUA,383870835,63.07,1,0,608639978
2004,156,China,880330,Partes de aviões e helicópteros (ed. antiga),643,Rússia,91968391,15.11,2,0,608639978
2004,156,China,880330,Partes de aviões e helicópteros (ed. antiga),251,França,28135711,4.623,3,0,608639978
2004,156,China,880330,Partes de aviões e helicópteros (ed. antiga),76,Brasil,21857509,3.591,4,0,608639978
2004,156,China,880330,Partes de aviões e helicópteros (ed. antiga),826,Reino Unido,19232589,3.16,5,0,608639978
2004,360,Indonésia,090111,Café verde não descafeinado,76,Brasil,1467420,31.244,1,0,4696591
2004,360,Indonésia,090111,Café verde não descafeinado,360,Indonésia,952951,20.29,2,0,4696591
2004,360,Indonésia,090111,Café verde não descafeinado,626,Timor-Leste,559709,11.917,3,1,4696591
2004,360,Indonésia,090111,Café verde não descafeinado,764,Tailândia,344210,7.329,4,0,4696591
2004,360,Indonésia,090111,Café verde não descafeinado,704,Vietname,316903,6.748,5,0,4696591
2004,360,Indonésia,090111,Café verde não descafeinado,842,EUA,246214,5.242,6,0,4696591
2004,360,Indonésia,090190,Cascas de café e sucedâneos,842,EUA,52338,35.714,1,0,146546
2004,360,Indonésia,090190,Cascas de café e sucedâneos,458,Malásia,45301,30.912,2,0,146546
2004,360,Indonésia,090190,Cascas de café e sucedâneos,702,Singapura,14196,9.687,3,0,146546
2004,360,Indonésia,090190,Cascas de café e sucedâneos,748,Eswatini,8480,5.787,4,0,146546
2004,360,Indonésia,090190,Cascas de café e sucedâneos,170,Colômbia,7619,5.199,5,0,146546
2004,360,Indonésia,270900,Petróleo bruto,682,Arábia Saudita,1475594522,25.304,1,0,5831448136
2004,360,Indonésia,270900,Petróleo bruto,566,Nigéria,1073845183,18.415,2,0,5831448136
2004,360,Indonésia,270900,Petróleo bruto,458,Malásia,463464513,7.948,3,0,5831448136
2004,360,Indonésia,270900,Petróleo bruto,156,China,413344155,7.088,4,0,5831448136
2004,360,Indonésia,270900,Petróleo bruto,764,Tailândia,392105830,6.724,5,0,5831448136
2004,360,Indonésia,271112,Propano liquefeito,458,Malásia,734273,91.548,1,0,802061
2004,360,Indonésia,271112,Propano liquefeito,826,Reino Unido,25623,3.195,2,0,802061
2004,360,Indonésia,271112,Propano liquefeito,36,Austrália,25043,3.122,3,0,802061
2004,360,Indonésia,271112,Propano liquefeito,702,Singapura,13753,1.715,4,0,802061
2004,360,Indonésia,271112,Propano liquefeito,842,EUA,2578,0.321,5,0,802061
2004,360,Indonésia,271113,Butano liquefeito,156,China,28234,76.25,1,0,37028
2004,360,Indonésia,271113,Butano liquefeito,842,EUA,6531,17.638,2,0,37028
2004,360,Indonésia,271113,Butano liquefeito,36,Austrália,772,2.085,3,0,37028
2004,360,Indonésia,271113,Butano liquefeito,757,Suíça,761,2.055,4,0,37028
2004,360,Indonésia,271113,Butano liquefeito,702,Singapura,481,1.299,5,0,37028
2004,360,Indonésia,630900,Vestuário usado,156,China,158539,19.259,1,0,823201
2004,360,Indonésia,630900,Vestuário usado,704,Vietname,158510,19.255,2,0,823201
2004,360,Indonésia,630900,Vestuário usado,251,França,124459,15.119,3,0,823201
2004,360,Indonésia,630900,Vestuário usado,528,Países Baixos,61913,7.521,4,0,823201
2004,360,Indonésia,630900,Vestuário usado,276,Alemanha,52435,6.37,5,0,823201
2004,360,Indonésia,880212,Helicópteros +2.000 kg,842,EUA,4725000,39.958,1,0,11825000
2004,360,Indonésia,880212,Helicópteros +2.000 kg,528,Países Baixos,3400000,28.753,2,0,11825000
2004,360,Indonésia,880212,Helicópteros +2.000 kg,702,Singapura,2000000,16.913,3,0,11825000
2004,360,Indonésia,880212,Helicópteros +2.000 kg,251,França,1700000,14.376,4,0,11825000
2004,360,Indonésia,880330,Partes de aviões e helicópteros (ed. antiga),702,Singapura,4578000,29.494,1,0,15521630
2004,360,Indonésia,880330,Partes de aviões e helicópteros (ed. antiga),842,EUA,2945764,18.978,2,0,15521630
2004,360,Indonésia,880330,Partes de aviões e helicópteros (ed. antiga),528,Países Baixos,2102731,13.547,3,0,15521630
2004,360,Indonésia,880330,Partes de aviões e helicópteros (ed. antiga),458,Malásia,1542897,9.94,4,0,15521630
2004,360,Indonésia,880330,Partes de aviões e helicópteros (ed. antiga),764,Tailândia,1487570,9.584,5,0,15521630
2004,392,Japão,090111,Café verde não descafeinado,170,Colômbia,162603808,25.545,1,0,636547605
2004,392,Japão,090111,Café verde não descafeinado,76,Brasil,137310358,21.571,2,0,636547605
2004,392,Japão,090111,Café verde não descafeinado,360,Indonésia,64900858,10.196,3,0,636547605
2004,392,Japão,090111,Café verde não descafeinado,231,Etiópia,57879646,9.093,4,0,636547605
2004,392,Japão,090111,Café verde não descafeinado,320,Guatemala,55207321,8.673,5,0,636547605
2004,392,Japão,090111,Café verde não descafeinado,626,Timor-Leste,116522,0.018,30,1,636547605
2004,392,Japão,090190,Cascas de café e sucedâneos,842,EUA,150479,100.0,1,0,150479
2004,392,Japão,270900,Petróleo bruto,682,Arábia Saudita,14990923275,26.773,1,0,55993031073
2004,392,Japão,270900,Petróleo bruto,784,Emirados Árabes Unidos,14467783568,25.839,2,0,55993031073
2004,392,Japão,270900,Petróleo bruto,364,Irão,7966560299,14.228,3,0,55993031073
2004,392,Japão,270900,Petróleo bruto,634,Catar,5228462572,9.338,4,0,55993031073
2004,392,Japão,270900,Petróleo bruto,414,Kuwait,4002846619,7.149,5,0,55993031073
2004,392,Japão,271112,Propano liquefeito,682,Arábia Saudita,1589437731,44.251,1,0,3591832565
2004,392,Japão,271112,Propano liquefeito,784,Emirados Árabes Unidos,673665262,18.755,2,0,3591832565
2004,392,Japão,271112,Propano liquefeito,414,Kuwait,415888917,11.579,3,0,3591832565
2004,392,Japão,271112,Propano liquefeito,634,Catar,382641143,10.653,4,0,3591832565
2004,392,Japão,271112,Propano liquefeito,36,Austrália,183473833,5.108,5,0,3591832565
2004,392,Japão,271113,Butano liquefeito,784,Emirados Árabes Unidos,450969200,28.062,1,0,1607072033
2004,392,Japão,271113,Butano liquefeito,682,Arábia Saudita,366474353,22.804,2,0,1607072033
2004,392,Japão,271113,Butano liquefeito,36,Austrália,224710407,13.983,3,0,1607072033
2004,392,Japão,271113,Butano liquefeito,360,Indonésia,145276994,9.04,4,0,1607072033
2004,392,Japão,271113,Butano liquefeito,634,Catar,136962493,8.522,5,0,1607072033
2004,392,Japão,630900,Vestuário usado,842,EUA,52021704,71.022,1,0,73247000
2004,392,Japão,630900,Vestuário usado,251,França,6079063,8.299,2,0,73247000
2004,392,Japão,630900,Vestuário usado,764,Tailândia,5318334,7.261,3,0,73247000
2004,392,Japão,630900,Vestuário usado,528,Países Baixos,3249137,4.436,4,0,73247000
2004,392,Japão,630900,Vestuário usado,124,Canadá,2168413,2.96,5,0,73247000
2004,392,Japão,880212,Helicópteros +2.000 kg,251,França,26955397,83.686,1,0,32210304
2004,392,Japão,880212,Helicópteros +2.000 kg,842,EUA,5254907,16.314,2,0,32210304
2004,392,Japão,880330,Partes de aviões e helicópteros (ed. antiga),842,EUA,803454732,89.1,1,0,901748789
2004,392,Japão,880330,Partes de aviões e helicópteros (ed. antiga),251,França,29906027,3.316,2,0,901748789
2004,392,Japão,880330,Partes de aviões e helicópteros (ed. antiga),826,Reino Unido,22190047,2.461,3,0,901748789
2004,392,Japão,880330,Partes de aviões e helicópteros (ed. antiga),276,Alemanha,20808143,2.308,4,0,901748789
2004,392,Japão,880330,Partes de aviões e helicópteros (ed. antiga),124,Canadá,8195389,0.909,5,0,901748789
2004,410,Coreia do Sul,090111,Café verde não descafeinado,704,Vietname,23982066,28.74,1,0,83443483
2004,410,Coreia do Sul,090111,Café verde não descafeinado,170,Colômbia,15380709,18.432,2,0,83443483
2004,410,Coreia do Sul,090111,Café verde não descafeinado,76,Brasil,13808651,16.549,3,0,83443483
2004,410,Coreia do Sul,090111,Café verde não descafeinado,340,Honduras,10088136,12.09,4,0,83443483
2004,410,Coreia do Sul,090111,Café verde não descafeinado,604,Peru,7035256,8.431,5,0,83443483
2004,410,Coreia do Sul,090111,Café verde não descafeinado,626,Timor-Leste,3908,0.005,22,1,83443483
2004,410,Coreia do Sul,090190,Cascas de café e sucedâneos,608,Filipinas,103535,80.177,1,0,129133
2004,410,Coreia do Sul,090190,Cascas de café e sucedâneos,842,EUA,11611,8.992,2,0,129133
2004,410,Coreia do Sul,090190,Cascas de café e sucedâneos,704,Vietname,8280,6.412,3,0,129133
2004,410,Coreia do Sul,090190,Cascas de café e sucedâneos,392,Japão,3117,2.414,4,0,129133
2004,410,Coreia do Sul,090190,Cascas de café e sucedâneos,490,Taiwan (Prov. China),1302,1.008,5,0,129133
2004,410,Coreia do Sul,270900,Petróleo bruto,682,Arábia Saudita,9358319797,31.281,1,0,29917156570
2004,410,Coreia do Sul,270900,Petróleo bruto,784,Emirados Árabes Unidos,5455056934,18.234,2,0,29917156570
2004,410,Coreia do Sul,270900,Petróleo bruto,414,Kuwait,2668304249,8.919,3,0,29917156570
2004,410,Coreia do Sul,270900,Petróleo bruto,364,Irão,2157002731,7.21,4,0,29917156570
2004,410,Coreia do Sul,270900,Petróleo bruto,634,Catar,1680758376,5.618,5,0,29917156570
2004,410,Coreia do Sul,270900,Petróleo bruto,626,Timor-Leste,36334360,0.121,26,1,29917156570
2004,410,Coreia do Sul,271112,Propano liquefeito,682,Arábia Saudita,432408340,44.034,1,0,981984026
2004,410,Coreia do Sul,271112,Propano liquefeito,414,Kuwait,144376460,14.703,2,0,981984026
2004,410,Coreia do Sul,271112,Propano liquefeito,784,Emirados Árabes Unidos,134703769,13.718,3,0,981984026
2004,410,Coreia do Sul,271112,Propano liquefeito,364,Irão,73807430,7.516,4,0,981984026
2004,410,Coreia do Sul,271112,Propano liquefeito,458,Malásia,45319542,4.615,5,0,981984026
2004,410,Coreia do Sul,271113,Butano liquefeito,682,Arábia Saudita,141547845,26.849,1,0,527205819
2004,410,Coreia do Sul,271113,Butano liquefeito,784,Emirados Árabes Unidos,106232830,20.15,2,0,527205819
2004,410,Coreia do Sul,271113,Butano liquefeito,414,Kuwait,90464749,17.159,3,0,527205819
2004,410,Coreia do Sul,271113,Butano liquefeito,364,Irão,55058185,10.443,4,0,527205819
2004,410,Coreia do Sul,271113,Butano liquefeito,36,Austrália,37120987,7.041,5,0,527205819
2004,410,Coreia do Sul,630900,Vestuário usado,392,Japão,2870549,46.217,1,0,6211066
2004,410,Coreia do Sul,630900,Vestuário usado,842,EUA,1000727,16.112,2,0,6211066
2004,410,Coreia do Sul,630900,Vestuário usado,251,França,454952,7.325,3,0,6211066
2004,410,Coreia do Sul,630900,Vestuário usado,380,Itália,252144,4.06,4,0,6211066
2004,410,Coreia do Sul,630900,Vestuário usado,826,Reino Unido,220556,3.551,5,0,6211066
2004,410,Coreia do Sul,880212,Helicópteros +2.000 kg,251,França,16835522,47.811,1,0,35212714
2004,410,Coreia do Sul,880212,Helicópteros +2.000 kg,643,Rússia,9287270,26.375,2,0,35212714
2004,410,Coreia do Sul,880212,Helicópteros +2.000 kg,842,EUA,7939922,22.548,3,0,35212714
2004,410,Coreia do Sul,880212,Helicópteros +2.000 kg,124,Canadá,1150000,3.266,4,0,35212714
2004,410,Coreia do Sul,880330,Partes de aviões e helicópteros (ed. antiga),842,EUA,256445148,84.565,1,0,303253546
2004,410,Coreia do Sul,880330,Partes de aviões e helicópteros (ed. antiga),826,Reino Unido,22663758,7.474,2,0,303253546
2004,410,Coreia do Sul,880330,Partes de aviões e helicópteros (ed. antiga),376,Israel,12147028,4.006,3,0,303253546
2004,410,Coreia do Sul,880330,Partes de aviões e helicópteros (ed. antiga),643,Rússia,3026130,0.998,4,0,303253546
2004,410,Coreia do Sul,880330,Partes de aviões e helicópteros (ed. antiga),276,Alemanha,2074065,0.684,5,0,303253546
2004,702,Singapura,090111,Café verde não descafeinado,360,Indonésia,10252256,57.138,1,0,17943119
2004,702,Singapura,090111,Café verde não descafeinado,704,Vietname,4944614,27.557,2,0,17943119
2004,702,Singapura,090111,Café verde não descafeinado,458,Malásia,663962,3.7,3,0,17943119
2004,702,Singapura,090111,Café verde não descafeinado,76,Brasil,403383,2.248,4,0,17943119
2004,702,Singapura,090111,Café verde não descafeinado,418,Lao People's Dem. Rep.,293582,1.636,5,0,17943119
2004,702,Singapura,090190,Cascas de café e sucedâneos,490,Taiwan (Prov. China),39446,23.364,1,0,168833
2004,702,Singapura,090190,Cascas de café e sucedâneos,842,EUA,27300,16.17,2,0,168833
2004,702,Singapura,090190,Cascas de café e sucedâneos,360,Indonésia,24455,14.485,3,0,168833
2004,702,Singapura,090190,Cascas de café e sucedâneos,458,Malásia,21969,13.012,4,0,168833
2004,702,Singapura,090190,Cascas de café e sucedâneos,36,Austrália,21264,12.595,5,0,168833
2004,702,Singapura,270900,Petróleo bruto,682,Arábia Saudita,3309518652,26.496,1,0,12490735465
2004,702,Singapura,270900,Petróleo bruto,634,Catar,1926133348,15.42,2,0,12490735465
2004,702,Singapura,270900,Petróleo bruto,414,Kuwait,1545500704,12.373,3,0,12490735465
2004,702,Singapura,270900,Petróleo bruto,784,Emirados Árabes Unidos,1263512489,10.116,4,0,12490735465
2004,702,Singapura,270900,Petróleo bruto,704,Vietname,1016044029,8.134,5,0,12490735465
2004,702,Singapura,271112,Propano liquefeito,458,Malásia,99926,68.836,1,0,145165
2004,702,Singapura,271112,Propano liquefeito,764,Tailândia,39232,27.026,2,0,145165
2004,702,Singapura,271112,Propano liquefeito,757,Suíça,2638,1.817,3,0,145165
2004,702,Singapura,271112,Propano liquefeito,360,Indonésia,1781,1.227,4,0,145165
2004,702,Singapura,271112,Propano liquefeito,276,Alemanha,1588,1.094,5,0,145165
2004,702,Singapura,271113,Butano liquefeito,608,Filipinas,795511,50.21,1,0,1584380
2004,702,Singapura,271113,Butano liquefeito,458,Malásia,606744,38.295,2,0,1584380
2004,702,Singapura,271113,Butano liquefeito,410,Coreia do Sul,69860,4.409,3,0,1584380
2004,702,Singapura,271113,Butano liquefeito,380,Itália,47156,2.976,4,0,1584380
2004,702,Singapura,271113,Butano liquefeito,826,Reino Unido,37649,2.376,5,0,1584380
2004,702,Singapura,630900,Vestuário usado,410,Coreia do Sul,9714569,49.149,1,0,19765494
2004,702,Singapura,630900,Vestuário usado,392,Japão,3869564,19.577,2,0,19765494
2004,702,Singapura,630900,Vestuário usado,490,Taiwan (Prov. China),3063612,15.5,3,0,19765494
2004,702,Singapura,630900,Vestuário usado,458,Malásia,1587227,8.03,4,0,19765494
2004,702,Singapura,630900,Vestuário usado,36,Austrália,555397,2.81,5,0,19765494
2004,702,Singapura,880212,Helicópteros +2.000 kg,842,EUA,28616931,45.848,1,0,62417590
2004,702,Singapura,880212,Helicópteros +2.000 kg,251,França,19299099,30.919,2,0,62417590
2004,702,Singapura,880212,Helicópteros +2.000 kg,124,Canadá,12690739,20.332,3,0,62417590
2004,702,Singapura,880212,Helicópteros +2.000 kg,410,Coreia do Sul,1660103,2.66,4,0,62417590
2004,702,Singapura,880212,Helicópteros +2.000 kg,804,Ucrânia,150718,0.241,5,0,62417590
2004,702,Singapura,880330,Partes de aviões e helicópteros (ed. antiga),842,EUA,1225454298,72.556,1,0,1688971746
2004,702,Singapura,880330,Partes de aviões e helicópteros (ed. antiga),251,França,109009553,6.454,2,0,1688971746
2004,702,Singapura,880330,Partes de aviões e helicópteros (ed. antiga),826,Reino Unido,84978898,5.031,3,0,1688971746
2004,702,Singapura,880330,Partes de aviões e helicópteros (ed. antiga),36,Austrália,53309300,3.156,4,0,1688971746
2004,702,Singapura,880330,Partes de aviões e helicópteros (ed. antiga),276,Alemanha,24520376,1.452,5,0,1688971746
2005,156,China,090111,Café verde não descafeinado,704,Vietname,7316147,51.374,1,0,14241044
2005,156,China,090111,Café verde não descafeinado,360,Indonésia,3592806,25.229,2,0,14241044
2005,156,China,090111,Café verde não descafeinado,76,Brasil,1554938,10.919,3,0,14241044
2005,156,China,090111,Café verde não descafeinado,170,Colômbia,1208955,8.489,4,0,14241044
2005,156,China,090111,Café verde não descafeinado,231,Etiópia,136312,0.957,5,0,14241044
2005,156,China,090190,Cascas de café e sucedâneos,842,EUA,71469,63.85,1,0,111933
2005,156,China,090190,Cascas de café e sucedâneos,757,Suíça,32051,28.634,2,0,111933
2005,156,China,090190,Cascas de café e sucedâneos,380,Itália,2420,2.162,3,0,111933
2005,156,China,090190,Cascas de café e sucedâneos,124,Canadá,1855,1.657,4,0,111933
2005,156,China,090190,Cascas de café e sucedâneos,170,Colômbia,1804,1.612,5,0,111933
2005,156,China,270900,Petróleo bruto,682,Arábia Saudita,8243089227,17.273,1,0,47722764303
2005,156,China,270900,Petróleo bruto,24,Angola,6575939442,13.779,2,0,47722764303
2005,156,China,270900,Petróleo bruto,364,Irão,5309518970,11.126,3,0,47722764303
2005,156,China,270900,Petróleo bruto,643,Rússia,4958784927,10.391,4,0,47722764303
2005,156,China,270900,Petróleo bruto,512,Omã,4040285336,8.466,5,0,47722764303
2005,156,China,271112,Propano liquefeito,682,Arábia Saudita,429946199,31.943,1,0,1345996650
2005,156,China,271112,Propano liquefeito,784,Emirados Árabes Unidos,302664399,22.486,2,0,1345996650
2005,156,China,271112,Propano liquefeito,36,Austrália,205795074,15.289,3,0,1345996650
2005,156,China,271112,Propano liquefeito,364,Irão,139124655,10.336,4,0,1345996650
2005,156,China,271112,Propano liquefeito,414,Kuwait,78204496,5.81,5,0,1345996650
2005,156,China,271113,Butano liquefeito,682,Arábia Saudita,341748852,23.488,1,0,1454988293
2005,156,China,271113,Butano liquefeito,784,Emirados Árabes Unidos,320263618,22.011,2,0,1454988293
2005,156,China,271113,Butano liquefeito,36,Austrália,234181666,16.095,3,0,1454988293
2005,156,China,271113,Butano liquefeito,364,Irão,130827878,8.992,4,0,1454988293
2005,156,China,271113,Butano liquefeito,764,Tailândia,110549042,7.598,5,0,1454988293
2005,156,China,880212,Helicópteros +2.000 kg,251,França,34010900,59.854,1,0,56822946
2005,156,China,880212,Helicópteros +2.000 kg,842,EUA,22812046,40.146,2,0,56822946
2005,156,China,880330,Partes de aviões e helicópteros (ed. antiga),842,EUA,501660412,71.575,1,0,700887134
2005,156,China,880330,Partes de aviões e helicópteros (ed. antiga),276,Alemanha,44246316,6.313,2,0,700887134
2005,156,China,880330,Partes de aviões e helicópteros (ed. antiga),643,Rússia,32274169,4.605,3,0,700887134
2005,156,China,880330,Partes de aviões e helicópteros (ed. antiga),251,França,25924202,3.699,4,0,700887134
2005,156,China,880330,Partes de aviões e helicópteros (ed. antiga),826,Reino Unido,25051755,3.574,5,0,700887134
2005,360,Indonésia,090111,Café verde não descafeinado,626,Timor-Leste,955319,46.485,1,1,2055092
2005,360,Indonésia,090111,Café verde não descafeinado,360,Indonésia,285909,13.912,2,0,2055092
2005,360,Indonésia,090111,Café verde não descafeinado,842,EUA,166046,8.08,3,0,2055092
2005,360,Indonésia,090111,Café verde não descafeinado,156,China,158845,7.729,4,0,2055092
2005,360,Indonésia,090111,Café verde não descafeinado,702,Singapura,87764,4.271,5,0,2055092
2005,360,Indonésia,090111,Café verde não descafeinado,320,Guatemala,81075,3.945,6,0,2055092
2005,360,Indonésia,090190,Cascas de café e sucedâneos,842,EUA,69506,33.192,1,0,209409
2005,360,Indonésia,090190,Cascas de café e sucedâneos,702,Singapura,43568,20.805,2,0,209409
2005,360,Indonésia,090190,Cascas de café e sucedâneos,458,Malásia,29732,14.198,3,0,209409
2005,360,Indonésia,090190,Cascas de café e sucedâneos,56,Bélgica,12341,5.893,4,0,209409
2005,360,Indonésia,090190,Cascas de café e sucedâneos,170,Colômbia,9928,4.741,5,0,209409
2005,360,Indonésia,270900,Petróleo bruto,682,Arábia Saudita,2262949180,33.293,1,0,6796974904
2005,360,Indonésia,270900,Petróleo bruto,96,Brunei Darussalam,1190066623,17.509,2,0,6796974904
2005,360,Indonésia,270900,Petróleo bruto,566,Nigéria,945273382,13.907,3,0,6796974904
2005,360,Indonésia,270900,Petróleo bruto,458,Malásia,686662382,10.102,4,0,6796974904
2005,360,Indonésia,270900,Petróleo bruto,156,China,611750336,9.0,5,0,6796974904
2005,360,Indonésia,271112,Propano liquefeito,702,Singapura,11157336,99.667,1,0,11194613
2005,360,Indonésia,271112,Propano liquefeito,36,Austrália,37277,0.333,2,0,11194613
2005,360,Indonésia,271113,Butano liquefeito,156,China,17280,71.63,1,0,24124
2005,360,Indonésia,271113,Butano liquefeito,702,Singapura,6160,25.535,2,0,24124
2005,360,Indonésia,271113,Butano liquefeito,40,Áustria,624,2.587,3,0,24124
2005,360,Indonésia,271113,Butano liquefeito,36,Austrália,60,0.249,4,0,24124
2005,360,Indonésia,630900,Vestuário usado,842,EUA,307799,46.358,1,0,663965
2005,360,Indonésia,630900,Vestuário usado,276,Alemanha,267002,40.213,2,0,663965
2005,360,Indonésia,630900,Vestuário usado,826,Reino Unido,26266,3.956,3,0,663965
2005,360,Indonésia,630900,Vestuário usado,392,Japão,17177,2.587,4,0,663965
2005,360,Indonésia,630900,Vestuário usado,36,Austrália,15683,2.362,5,0,663965
2005,360,Indonésia,880212,Helicópteros +2.000 kg,616,Polónia,7369395,75.241,1,0,9794395
2005,360,Indonésia,880212,Helicópteros +2.000 kg,842,EUA,2425000,24.759,2,0,9794395
2005,360,Indonésia,880330,Partes de aviões e helicópteros (ed. antiga),579,Noruega,3555659,35.894,1,0,9905986
2005,360,Indonésia,880330,Partes de aviões e helicópteros (ed. antiga),251,França,1789490,18.065,2,0,9905986
2005,360,Indonésia,880330,Partes de aviões e helicópteros (ed. antiga),842,EUA,1718567,17.349,3,0,9905986
2005,360,Indonésia,880330,Partes de aviões e helicópteros (ed. antiga),702,Singapura,1403303,14.166,4,0,9905986
2005,360,Indonésia,880330,Partes de aviões e helicópteros (ed. antiga),616,Polónia,829902,8.378,5,0,9905986
2005,392,Japão,090111,Café verde não descafeinado,76,Brasil,246860617,27.029,1,0,913308566
2005,392,Japão,090111,Café verde não descafeinado,170,Colômbia,237237744,25.976,2,0,913308566
2005,392,Japão,090111,Café verde não descafeinado,320,Guatemala,90825737,9.945,3,0,913308566
2005,392,Japão,090111,Café verde não descafeinado,360,Indonésia,74471547,8.154,4,0,913308566
2005,392,Japão,090111,Café verde não descafeinado,231,Etiópia,70864267,7.759,5,0,913308566
2005,392,Japão,090111,Café verde não descafeinado,626,Timor-Leste,149218,0.016,32,1,913308566
2005,392,Japão,090190,Cascas de café e sucedâneos,842,EUA,143792,100.0,1,0,143792
2005,392,Japão,270900,Petróleo bruto,682,Arábia Saudita,24290674778,30.45,1,0,79772916497
2005,392,Japão,270900,Petróleo bruto,784,Emirados Árabes Unidos,20658762284,25.897,2,0,79772916497
2005,392,Japão,270900,Petróleo bruto,364,Irão,10026565491,12.569,3,0,79772916497
2005,392,Japão,270900,Petróleo bruto,634,Catar,7619727734,9.552,4,0,79772916497
2005,392,Japão,270900,Petróleo bruto,414,Kuwait,5710191460,7.158,5,0,79772916497
2005,392,Japão,271112,Propano liquefeito,682,Arábia Saudita,1970984696,44.37,1,0,4442154044
2005,392,Japão,271112,Propano liquefeito,784,Emirados Árabes Unidos,932229925,20.986,2,0,4442154044
2005,392,Japão,271112,Propano liquefeito,414,Kuwait,447005559,10.063,3,0,4442154044
2005,392,Japão,271112,Propano liquefeito,634,Catar,445827614,10.036,4,0,4442154044
2005,392,Japão,271112,Propano liquefeito,36,Austrália,237182045,5.339,5,0,4442154044
2005,392,Japão,271113,Butano liquefeito,784,Emirados Árabes Unidos,506082955,28.809,1,0,1756662173
2005,392,Japão,271113,Butano liquefeito,682,Arábia Saudita,398964208,22.711,2,0,1756662173
2005,392,Japão,271113,Butano liquefeito,36,Austrália,260668238,14.839,3,0,1756662173
2005,392,Japão,271113,Butano liquefeito,414,Kuwait,179449793,10.215,4,0,1756662173
2005,392,Japão,271113,Butano liquefeito,360,Indonésia,149022835,8.483,5,0,1756662173
2005,392,Japão,630900,Vestuário usado,842,EUA,52996647,70.967,1,0,74677380
2005,392,Japão,630900,Vestuário usado,764,Tailândia,7632476,10.221,2,0,74677380
2005,392,Japão,630900,Vestuário usado,251,França,4914352,6.581,3,0,74677380
2005,392,Japão,630900,Vestuário usado,528,Países Baixos,2710107,3.629,4,0,74677380
2005,392,Japão,630900,Vestuário usado,124,Canadá,2057192,2.755,5,0,74677380
2005,392,Japão,880212,Helicópteros +2.000 kg,842,EUA,58312003,47.174,1,0,123611603
2005,392,Japão,880212,Helicópteros +2.000 kg,826,Reino Unido,24932718,20.17,2,0,123611603
2005,392,Japão,880212,Helicópteros +2.000 kg,251,França,20089039,16.252,3,0,123611603
2005,392,Japão,880212,Helicópteros +2.000 kg,124,Canadá,19898597,16.098,4,0,123611603
2005,392,Japão,880212,Helicópteros +2.000 kg,36,Austrália,317042,0.256,5,0,123611603
2005,392,Japão,880330,Partes de aviões e helicópteros (ed. antiga),842,EUA,871029139,86.825,1,0,1003202376
2005,392,Japão,880330,Partes de aviões e helicópteros (ed. antiga),251,França,39053586,3.893,2,0,1003202376
2005,392,Japão,880330,Partes de aviões e helicópteros (ed. antiga),826,Reino Unido,36909515,3.679,3,0,1003202376
2005,392,Japão,880330,Partes de aviões e helicópteros (ed. antiga),124,Canadá,20671480,2.061,4,0,1003202376
2005,392,Japão,880330,Partes de aviões e helicópteros (ed. antiga),276,Alemanha,16486577,1.643,5,0,1003202376
2005,410,Coreia do Sul,090111,Café verde não descafeinado,704,Vietname,29360662,23.144,1,0,126861549
2005,410,Coreia do Sul,090111,Café verde não descafeinado,170,Colômbia,27318633,21.534,2,0,126861549
2005,410,Coreia do Sul,090111,Café verde não descafeinado,76,Brasil,23875501,18.82,3,0,126861549
2005,410,Coreia do Sul,090111,Café verde não descafeinado,340,Honduras,20962642,16.524,4,0,126861549
2005,410,Coreia do Sul,090111,Café verde não descafeinado,360,Indonésia,9050776,7.134,5,0,126861549
2005,410,Coreia do Sul,090111,Café verde não descafeinado,626,Timor-Leste,30410,0.024,21,1,126861549
2005,410,Coreia do Sul,090190,Cascas de café e sucedâneos,608,Filipinas,32596,64.168,1,0,50798
2005,410,Coreia do Sul,090190,Cascas de café e sucedâneos,842,EUA,11119,21.889,2,0,50798
2005,410,Coreia do Sul,090190,Cascas de café e sucedâneos,392,Japão,2117,4.167,3,0,50798
2005,410,Coreia do Sul,090190,Cascas de café e sucedâneos,699,Índia,1936,3.811,4,0,50798
2005,410,Coreia do Sul,090190,Cascas de café e sucedâneos,702,Singapura,1248,2.457,5,0,50798
2005,410,Coreia do Sul,270900,Petróleo bruto,682,Arábia Saudita,13226020687,31.043,1,0,42605836205
2005,410,Coreia do Sul,270900,Petróleo bruto,784,Emirados Árabes Unidos,7804829545,18.319,2,0,42605836205
2005,410,Coreia do Sul,270900,Petróleo bruto,414,Kuwait,4527062697,10.625,3,0,42605836205
2005,410,Coreia do Sul,270900,Petróleo bruto,364,Irão,3280263501,7.699,4,0,42605836205
2005,410,Coreia do Sul,270900,Petróleo bruto,634,Catar,2764808727,6.489,5,0,42605836205
2005,410,Coreia do Sul,270900,Petróleo bruto,626,Timor-Leste,26011628,0.061,29,1,42605836205
2005,410,Coreia do Sul,271112,Propano liquefeito,682,Arábia Saudita,512684954,43.195,1,0,1186921508
2005,410,Coreia do Sul,271112,Propano liquefeito,414,Kuwait,238455885,20.09,2,0,1186921508
2005,410,Coreia do Sul,271112,Propano liquefeito,784,Emirados Árabes Unidos,166649030,14.04,3,0,1186921508
2005,410,Coreia do Sul,271112,Propano liquefeito,364,Irão,78909415,6.648,4,0,1186921508
2005,410,Coreia do Sul,271112,Propano liquefeito,634,Catar,50657177,4.268,5,0,1186921508
2005,410,Coreia do Sul,271113,Butano liquefeito,682,Arábia Saudita,245421379,32.909,1,0,745746993
2005,410,Coreia do Sul,271113,Butano liquefeito,784,Emirados Árabes Unidos,141636348,18.993,2,0,745746993
2005,410,Coreia do Sul,271113,Butano liquefeito,414,Kuwait,125328513,16.806,3,0,745746993
2005,410,Coreia do Sul,271113,Butano liquefeito,36,Austrália,47122691,6.319,4,0,745746993
2005,410,Coreia do Sul,271113,Butano liquefeito,364,Irão,40235369,5.395,5,0,745746993
2005,410,Coreia do Sul,630900,Vestuário usado,392,Japão,4735347,49.814,1,0,9506041
2005,410,Coreia do Sul,630900,Vestuário usado,842,EUA,1883547,19.814,2,0,9506041
2005,410,Coreia do Sul,630900,Vestuário usado,380,Itália,348252,3.663,3,0,9506041
2005,410,Coreia do Sul,630900,Vestuário usado,124,Canadá,309781,3.259,4,0,9506041
2005,410,Coreia do Sul,630900,Vestuário usado,251,França,294913,3.102,5,0,9506041
2005,410,Coreia do Sul,880212,Helicópteros +2.000 kg,251,França,17613148,35.188,1,0,50054382
2005,410,Coreia do Sul,880212,Helicópteros +2.000 kg,643,Rússia,16316300,32.597,2,0,50054382
2005,410,Coreia do Sul,880212,Helicópteros +2.000 kg,842,EUA,16124934,32.215,3,0,50054382
2005,410,Coreia do Sul,880330,Partes de aviões e helicópteros (ed. antiga),842,EUA,325982172,81.518,1,0,399888612
2005,410,Coreia do Sul,880330,Partes de aviões e helicópteros (ed. antiga),826,Reino Unido,35449959,8.865,2,0,399888612
2005,410,Coreia do Sul,880330,Partes de aviões e helicópteros (ed. antiga),643,Rússia,16161799,4.042,3,0,399888612
2005,410,Coreia do Sul,880330,Partes de aviões e helicópteros (ed. antiga),376,Israel,11407312,2.853,4,0,399888612
2005,410,Coreia do Sul,880330,Partes de aviões e helicópteros (ed. antiga),528,Países Baixos,3290377,0.823,5,0,399888612
2005,702,Singapura,090111,Café verde não descafeinado,360,Indonésia,21295806,84.289,1,0,25265079
2005,702,Singapura,090111,Café verde não descafeinado,704,Vietname,1481578,5.864,2,0,25265079
2005,702,Singapura,090111,Café verde não descafeinado,458,Malásia,535334,2.119,3,0,25265079
2005,702,Singapura,090111,Café verde não descafeinado,188,Costa Rica,288897,1.143,4,0,25265079
2005,702,Singapura,090111,Café verde não descafeinado,528,Países Baixos,274942,1.088,5,0,25265079
2005,702,Singapura,090190,Cascas de café e sucedâneos,458,Malásia,157706,59.98,1,0,262932
2005,702,Singapura,090190,Cascas de café e sucedâneos,360,Indonésia,58378,22.203,2,0,262932
2005,702,Singapura,090190,Cascas de café e sucedâneos,36,Austrália,23832,9.064,3,0,262932
2005,702,Singapura,090190,Cascas de café e sucedâneos,842,EUA,9362,3.561,4,0,262932
2005,702,Singapura,090190,Cascas de café e sucedâneos,724,Espanha,5393,2.051,5,0,262932
2005,702,Singapura,270900,Petróleo bruto,682,Arábia Saudita,6460738715,34.915,1,0,18504434081
2005,702,Singapura,270900,Petróleo bruto,634,Catar,2274038013,12.289,2,0,18504434081
2005,702,Singapura,270900,Petróleo bruto,414,Kuwait,2158155768,11.663,3,0,18504434081
2005,702,Singapura,270900,Petróleo bruto,490,Taiwan (Prov. China),1474099930,7.966,4,0,18504434081
2005,702,Singapura,270900,Petróleo bruto,784,Emirados Árabes Unidos,1470037832,7.944,5,0,18504434081
2005,702,Singapura,271112,Propano liquefeito,36,Austrália,20511,24.24,1,0,84617
2005,702,Singapura,271112,Propano liquefeito,764,Tailândia,18658,22.05,2,0,84617
2005,702,Singapura,271112,Propano liquefeito,458,Malásia,17856,21.102,3,0,84617
2005,702,Singapura,271112,Propano liquefeito,577,"Other Africa, nes",7805,9.224,4,0,84617
2005,702,Singapura,271112,Propano liquefeito,842,EUA,7402,8.748,5,0,84617
2005,702,Singapura,271113,Butano liquefeito,458,Malásia,1161248,62.979,1,0,1843861
2005,702,Singapura,271113,Butano liquefeito,608,Filipinas,565029,30.644,2,0,1843861
2005,702,Singapura,271113,Butano liquefeito,251,França,40930,2.22,3,0,1843861
2005,702,Singapura,271113,Butano liquefeito,410,Coreia do Sul,35743,1.938,4,0,1843861
2005,702,Singapura,271113,Butano liquefeito,826,Reino Unido,15661,0.849,5,0,1843861
2005,702,Singapura,630900,Vestuário usado,410,Coreia do Sul,11153585,50.314,1,0,22167823
2005,702,Singapura,630900,Vestuário usado,392,Japão,4256995,19.203,2,0,22167823
2005,702,Singapura,630900,Vestuário usado,490,Taiwan (Prov. China),3593739,16.212,3,0,22167823
2005,702,Singapura,630900,Vestuário usado,458,Malásia,1297409,5.853,4,0,22167823
2005,702,Singapura,630900,Vestuário usado,36,Austrália,536394,2.42,5,0,22167823
2005,702,Singapura,880212,Helicópteros +2.000 kg,251,França,30754649,69.321,1,0,44365304
2005,702,Singapura,880212,Helicópteros +2.000 kg,842,EUA,11439541,25.785,2,0,44365304
2005,702,Singapura,880212,Helicópteros +2.000 kg,276,Alemanha,1298753,2.927,3,0,44365304
2005,702,Singapura,880212,Helicópteros +2.000 kg,764,Tailândia,872361,1.966,4,0,44365304
2005,702,Singapura,880330,Partes de aviões e helicópteros (ed. antiga),842,EUA,1886289038,72.457,1,0,2603311511
2005,702,Singapura,880330,Partes de aviões e helicópteros (ed. antiga),826,Reino Unido,175957096,6.759,2,0,2603311511
2005,702,Singapura,880330,Partes de aviões e helicópteros (ed. antiga),251,França,145292838,5.581,3,0,2603311511
2005,702,Singapura,880330,Partes de aviões e helicópteros (ed. antiga),36,Austrália,78901999,3.031,4,0,2603311511
2005,702,Singapura,880330,Partes de aviões e helicópteros (ed. antiga),276,Alemanha,63149759,2.426,5,0,2603311511
2006,156,China,090111,Café verde não descafeinado,704,Vietname,17963050,80.298,1,0,22370350
2006,156,China,090111,Café verde não descafeinado,170,Colômbia,1571013,7.023,2,0,22370350
2006,156,China,090111,Café verde não descafeinado,360,Indonésia,925351,4.137,3,0,22370350
2006,156,China,090111,Café verde não descafeinado,76,Brasil,582075,2.602,4,0,22370350
2006,156,China,090111,Café verde não descafeinado,800,Uganda,404264,1.807,5,0,22370350
2006,156,China,090111,Café verde não descafeinado,626,Timor-Leste,22568,0.101,15,1,22370350
2006,156,China,090190,Cascas de café e sucedâneos,380,Itália,7585,24.072,1,0,31510
2006,156,China,090190,Cascas de café e sucedâneos,826,Reino Unido,6960,22.088,2,0,31510
2006,156,China,090190,Cascas de café e sucedâneos,724,Espanha,4674,14.833,3,0,31510
2006,156,China,090190,Cascas de café e sucedâneos,757,Suíça,4558,14.465,4,0,31510
2006,156,China,090190,Cascas de café e sucedâneos,124,Canadá,3699,11.739,5,0,31510
2006,156,China,270900,Petróleo bruto,682,Arábia Saudita,11033638243,16.614,1,0,66411903451
2006,156,China,270900,Petróleo bruto,24,Angola,10930839396,16.459,2,0,66411903451
2006,156,China,270900,Petróleo bruto,364,Irão,7785934246,11.724,3,0,66411903451
2006,156,China,270900,Petróleo bruto,643,Rússia,7503770409,11.299,4,0,66411903451
2006,156,China,270900,Petróleo bruto,512,Omã,6086420586,9.165,5,0,66411903451
2006,156,China,271112,Propano liquefeito,364,Irão,290059694,20.221,1,0,1434441194
2006,156,China,271112,Propano liquefeito,682,Arábia Saudita,284577622,19.839,2,0,1434441194
2006,156,China,271112,Propano liquefeito,784,Emirados Árabes Unidos,252898935,17.63,3,0,1434441194
2006,156,China,271112,Propano liquefeito,36,Austrália,252847728,17.627,4,0,1434441194
2006,156,China,271112,Propano liquefeito,414,Kuwait,201848407,14.072,5,0,1434441194
2006,156,China,271112,Propano liquefeito,626,Timor-Leste,5292000,0.369,13,1,1434441194
2006,156,China,271113,Butano liquefeito,36,Austrália,291560235,19.947,1,0,1461688071
2006,156,China,271113,Butano liquefeito,784,Emirados Árabes Unidos,275545788,18.851,2,0,1461688071
2006,156,China,271113,Butano liquefeito,682,Arábia Saudita,233964815,16.006,3,0,1461688071
2006,156,China,271113,Butano liquefeito,364,Irão,209479143,14.331,4,0,1461688071
2006,156,China,271113,Butano liquefeito,414,Kuwait,169051189,11.565,5,0,1461688071
2006,156,China,271113,Butano liquefeito,626,Timor-Leste,5517000,0.377,17,1,1461688071
2006,156,China,880212,Helicópteros +2.000 kg,842,EUA,23284137,55.613,1,0,41868222
2006,156,China,880212,Helicópteros +2.000 kg,251,França,14870275,35.517,2,0,41868222
2006,156,China,880212,Helicópteros +2.000 kg,643,Rússia,3713810,8.87,3,0,41868222
2006,156,China,880330,Partes de aviões e helicópteros (ed. antiga),842,EUA,745190281,82.326,1,0,905169728
2006,156,China,880330,Partes de aviões e helicópteros (ed. antiga),251,França,38283137,4.229,2,0,905169728
2006,156,China,880330,Partes de aviões e helicópteros (ed. antiga),826,Reino Unido,31792228,3.512,3,0,905169728
2006,156,China,880330,Partes de aviões e helicópteros (ed. antiga),276,Alemanha,29437903,3.252,4,0,905169728
2006,156,China,880330,Partes de aviões e helicópteros (ed. antiga),392,Japão,14099548,1.558,5,0,905169728
2006,360,Indonésia,090111,Café verde não descafeinado,704,Vietname,3745965,48.866,1,0,7665740
2006,360,Indonésia,090111,Café verde não descafeinado,626,Timor-Leste,1657156,21.618,2,1,7665740
2006,360,Indonésia,090111,Café verde não descafeinado,360,Indonésia,790034,10.306,3,0,7665740
2006,360,Indonésia,090111,Café verde não descafeinado,702,Singapura,307567,4.012,4,0,7665740
2006,360,Indonésia,090111,Café verde não descafeinado,76,Brasil,267029,3.483,5,0,7665740
2006,360,Indonésia,090111,Café verde não descafeinado,842,EUA,228800,2.985,6,0,7665740
2006,360,Indonésia,090190,Cascas de café e sucedâneos,842,EUA,178206,49.803,1,0,357821
2006,360,Indonésia,090190,Cascas de café e sucedâneos,458,Malásia,73828,20.633,2,0,357821
2006,360,Indonésia,090190,Cascas de café e sucedâneos,702,Singapura,50667,14.16,3,0,357821
2006,360,Indonésia,090190,Cascas de café e sucedâneos,764,Tailândia,28530,7.973,4,0,357821
2006,360,Indonésia,090190,Cascas de café e sucedâneos,170,Colômbia,17116,4.783,5,0,357821
2006,360,Indonésia,270900,Petróleo bruto,682,Arábia Saudita,2829716067,36.036,1,0,7852556707
2006,360,Indonésia,270900,Petróleo bruto,96,Brunei Darussalam,1602755360,20.411,2,0,7852556707
2006,360,Indonésia,270900,Petróleo bruto,458,Malásia,944162732,12.024,3,0,7852556707
2006,360,Indonésia,270900,Petróleo bruto,156,China,709985636,9.041,4,0,7852556707
2006,360,Indonésia,270900,Petróleo bruto,704,Vietname,634410226,8.079,5,0,7852556707
2006,360,Indonésia,271112,Propano liquefeito,702,Singapura,17352671,71.867,1,0,24145666
2006,360,Indonésia,271112,Propano liquefeito,458,Malásia,2364366,9.792,2,0,24145666
2006,360,Indonésia,271112,Propano liquefeito,156,China,2012333,8.334,3,0,24145666
2006,360,Indonésia,271112,Propano liquefeito,410,Coreia do Sul,1365672,5.656,4,0,24145666
2006,360,Indonésia,271112,Propano liquefeito,608,Filipinas,1017206,4.213,5,0,24145666
2006,360,Indonésia,271113,Butano liquefeito,414,Kuwait,5472225,98.475,1,0,5556949
2006,360,Indonésia,271113,Butano liquefeito,156,China,83990,1.511,2,0,5556949
2006,360,Indonésia,271113,Butano liquefeito,40,Áustria,659,0.012,3,0,5556949
2006,360,Indonésia,271113,Butano liquefeito,276,Alemanha,75,0.001,4,0,5556949
2006,360,Indonésia,630900,Vestuário usado,36,Austrália,11654,35.899,1,0,32463
2006,360,Indonésia,630900,Vestuário usado,528,Países Baixos,9498,29.258,2,0,32463
2006,360,Indonésia,630900,Vestuário usado,842,EUA,6780,20.885,3,0,32463
2006,360,Indonésia,630900,Vestuário usado,360,Indonésia,4387,13.514,4,0,32463
2006,360,Indonésia,630900,Vestuário usado,458,Malásia,96,0.296,5,0,32463
2006,360,Indonésia,880212,Helicópteros +2.000 kg,702,Singapura,4000000,54.795,1,0,7300000
2006,360,Indonésia,880212,Helicópteros +2.000 kg,842,EUA,2100000,28.767,2,0,7300000
2006,360,Indonésia,880212,Helicópteros +2.000 kg,251,França,1200000,16.438,3,0,7300000
2006,360,Indonésia,880330,Partes de aviões e helicópteros (ed. antiga),842,EUA,15802038,43.583,1,0,36257047
2006,360,Indonésia,880330,Partes de aviões e helicópteros (ed. antiga),702,Singapura,11133682,30.708,2,0,36257047
2006,360,Indonésia,880330,Partes de aviões e helicópteros (ed. antiga),826,Reino Unido,3297257,9.094,3,0,36257047
2006,360,Indonésia,880330,Partes de aviões e helicópteros (ed. antiga),251,França,2411447,6.651,4,0,36257047
2006,360,Indonésia,880330,Partes de aviões e helicópteros (ed. antiga),528,Países Baixos,1545445,4.262,5,0,36257047
2006,392,Japão,090111,Café verde não descafeinado,76,Brasil,269061556,27.703,1,0,971227592
2006,392,Japão,090111,Café verde não descafeinado,170,Colômbia,223867224,23.05,2,0,971227592
2006,392,Japão,090111,Café verde não descafeinado,360,Indonésia,95797804,9.864,3,0,971227592
2006,392,Japão,090111,Café verde não descafeinado,231,Etiópia,90102238,9.277,4,0,971227592
2006,392,Japão,090111,Café verde não descafeinado,320,Guatemala,75047217,7.727,5,0,971227592
2006,392,Japão,090111,Café verde não descafeinado,626,Timor-Leste,60783,0.006,32,1,971227592
2006,392,Japão,090190,Cascas de café e sucedâneos,842,EUA,112684,97.003,1,0,116166
2006,392,Japão,090190,Cascas de café e sucedâneos,76,Brasil,3482,2.997,2,0,116166
2006,392,Japão,270900,Petróleo bruto,682,Arábia Saudita,31841746234,32.172,1,0,98972139523
2006,392,Japão,270900,Petróleo bruto,784,Emirados Árabes Unidos,25799921360,26.068,2,0,98972139523
2006,392,Japão,270900,Petróleo bruto,364,Irão,10648268009,10.759,3,0,98972139523
2006,392,Japão,270900,Petróleo bruto,634,Catar,9990098190,10.094,4,0,98972139523
2006,392,Japão,270900,Petróleo bruto,414,Kuwait,6757369058,6.828,5,0,98972139523
2006,392,Japão,271112,Propano liquefeito,682,Arábia Saudita,2462538933,42.682,1,0,5769489752
2006,392,Japão,271112,Propano liquefeito,784,Emirados Árabes Unidos,1285674576,22.284,2,0,5769489752
2006,392,Japão,271112,Propano liquefeito,634,Catar,780008706,13.52,3,0,5769489752
2006,392,Japão,271112,Propano liquefeito,414,Kuwait,584188153,10.125,4,0,5769489752
2006,392,Japão,271112,Propano liquefeito,364,Irão,267931155,4.644,5,0,5769489752
2006,392,Japão,271112,Propano liquefeito,626,Timor-Leste,6749569,0.117,11,1,5769489752
2006,392,Japão,271113,Butano liquefeito,784,Emirados Árabes Unidos,734125078,31.969,1,0,2296378345
2006,392,Japão,271113,Butano liquefeito,682,Arábia Saudita,504423104,21.966,2,0,2296378345
2006,392,Japão,271113,Butano liquefeito,36,Austrália,309572907,13.481,3,0,2296378345
2006,392,Japão,271113,Butano liquefeito,634,Catar,284160834,12.374,4,0,2296378345
2006,392,Japão,271113,Butano liquefeito,414,Kuwait,277277042,12.075,5,0,2296378345
2006,392,Japão,271113,Butano liquefeito,626,Timor-Leste,6747015,0.294,12,1,2296378345
2006,392,Japão,630900,Vestuário usado,842,EUA,38451367,68.234,1,0,56352547
2006,392,Japão,630900,Vestuário usado,764,Tailândia,5893539,10.458,2,0,56352547
2006,392,Japão,630900,Vestuário usado,251,França,4321120,7.668,3,0,56352547
2006,392,Japão,630900,Vestuário usado,528,Países Baixos,2921240,5.184,4,0,56352547
2006,392,Japão,630900,Vestuário usado,124,Canadá,1278322,2.268,5,0,56352547
2006,392,Japão,880212,Helicópteros +2.000 kg,842,EUA,53749014,43.842,1,0,122598156
2006,392,Japão,880212,Helicópteros +2.000 kg,251,França,47912096,39.081,2,0,122598156
2006,392,Japão,880212,Helicópteros +2.000 kg,380,Itália,20937046,17.078,3,0,122598156
2006,392,Japão,880330,Partes de aviões e helicópteros (ed. antiga),842,EUA,1113558757,83.846,1,0,1328094349
2006,392,Japão,880330,Partes de aviões e helicópteros (ed. antiga),826,Reino Unido,89123025,6.711,2,0,1328094349
2006,392,Japão,880330,Partes de aviões e helicópteros (ed. antiga),251,França,40262551,3.032,3,0,1328094349
2006,392,Japão,880330,Partes de aviões e helicópteros (ed. antiga),124,Canadá,26475069,1.993,4,0,1328094349
2006,392,Japão,880330,Partes de aviões e helicópteros (ed. antiga),276,Alemanha,19034555,1.433,5,0,1328094349
2006,410,Coreia do Sul,090111,Café verde não descafeinado,704,Vietname,48087497,33.468,1,0,143681621
2006,410,Coreia do Sul,090111,Café verde não descafeinado,76,Brasil,28448163,19.799,2,0,143681621
2006,410,Coreia do Sul,090111,Café verde não descafeinado,170,Colômbia,25668812,17.865,3,0,143681621
2006,410,Coreia do Sul,090111,Café verde não descafeinado,340,Honduras,17410653,12.118,4,0,143681621
2006,410,Coreia do Sul,090111,Café verde não descafeinado,604,Peru,11460063,7.976,5,0,143681621
2006,410,Coreia do Sul,090111,Café verde não descafeinado,626,Timor-Leste,14000,0.01,25,1,143681621
2006,410,Coreia do Sul,090190,Cascas de café e sucedâneos,392,Japão,7498,40.701,1,0,18422
2006,410,Coreia do Sul,090190,Cascas de café e sucedâneos,608,Filipinas,4206,22.831,2,0,18422
2006,410,Coreia do Sul,090190,Cascas de café e sucedâneos,704,Vietname,3944,21.409,3,0,18422
2006,410,Coreia do Sul,090190,Cascas de café e sucedâneos,360,Indonésia,1815,9.852,4,0,18422
2006,410,Coreia do Sul,090190,Cascas de café e sucedâneos,490,Taiwan (Prov. China),928,5.037,5,0,18422
2006,410,Coreia do Sul,270900,Petróleo bruto,682,Arábia Saudita,17488148892,31.304,1,0,55864936201
2006,410,Coreia do Sul,270900,Petróleo bruto,784,Emirados Árabes Unidos,10496272359,18.789,2,0,55864936201
2006,410,Coreia do Sul,270900,Petróleo bruto,414,Kuwait,6472679292,11.586,3,0,55864936201
2006,410,Coreia do Sul,270900,Petróleo bruto,364,Irão,4509274181,8.072,4,0,55864936201
2006,410,Coreia do Sul,270900,Petróleo bruto,634,Catar,3168671376,5.672,5,0,55864936201
2006,410,Coreia do Sul,271112,Propano liquefeito,682,Arábia Saudita,434174328,30.004,1,0,1447045250
2006,410,Coreia do Sul,271112,Propano liquefeito,784,Emirados Árabes Unidos,261218631,18.052,2,0,1447045250
2006,410,Coreia do Sul,271112,Propano liquefeito,414,Kuwait,235824845,16.297,3,0,1447045250
2006,410,Coreia do Sul,271112,Propano liquefeito,364,Irão,230682598,15.942,4,0,1447045250
2006,410,Coreia do Sul,271112,Propano liquefeito,634,Catar,105646580,7.301,5,0,1447045250
2006,410,Coreia do Sul,271113,Butano liquefeito,784,Emirados Árabes Unidos,285965737,25.695,1,0,1112902279
2006,410,Coreia do Sul,271113,Butano liquefeito,682,Arábia Saudita,242262144,21.769,2,0,1112902279
2006,410,Coreia do Sul,271113,Butano liquefeito,414,Kuwait,173006052,15.545,3,0,1112902279
2006,410,Coreia do Sul,271113,Butano liquefeito,364,Irão,156597424,14.071,4,0,1112902279
2006,410,Coreia do Sul,271113,Butano liquefeito,458,Malásia,93038508,8.36,5,0,1112902279
2006,410,Coreia do Sul,630900,Vestuário usado,392,Japão,4835018,46.635,1,0,10367813
2006,410,Coreia do Sul,630900,Vestuário usado,842,EUA,2026793,19.549,2,0,10367813
2006,410,Coreia do Sul,630900,Vestuário usado,251,França,541300,5.221,3,0,10367813
2006,410,Coreia do Sul,630900,Vestuário usado,156,China,517837,4.995,4,0,10367813
2006,410,Coreia do Sul,630900,Vestuário usado,826,Reino Unido,393169,3.792,5,0,10367813
2006,410,Coreia do Sul,630900,Vestuário usado,626,Timor-Leste,60,0.001,86,1,10367813
2006,410,Coreia do Sul,880212,Helicópteros +2.000 kg,842,EUA,52736254,62.833,1,0,83931158
2006,410,Coreia do Sul,880212,Helicópteros +2.000 kg,251,França,25335969,30.187,2,0,83931158
2006,410,Coreia do Sul,880212,Helicópteros +2.000 kg,643,Rússia,5400000,6.434,3,0,83931158
2006,410,Coreia do Sul,880212,Helicópteros +2.000 kg,344,Hong Kong (RAEHK),458935,0.547,4,0,83931158
2006,410,Coreia do Sul,880330,Partes de aviões e helicópteros (ed. antiga),842,EUA,349008080,86.933,1,0,401468864
2006,410,Coreia do Sul,880330,Partes de aviões e helicópteros (ed. antiga),826,Reino Unido,19557583,4.872,2,0,401468864
2006,410,Coreia do Sul,880330,Partes de aviões e helicópteros (ed. antiga),376,Israel,10781792,2.686,3,0,401468864
2006,410,Coreia do Sul,880330,Partes de aviões e helicópteros (ed. antiga),643,Rússia,8130205,2.025,4,0,401468864
2006,410,Coreia do Sul,880330,Partes de aviões e helicópteros (ed. antiga),156,China,3962975,0.987,5,0,401468864
2006,702,Singapura,090111,Café verde não descafeinado,360,Indonésia,24798780,82.503,1,0,30057901
2006,702,Singapura,090111,Café verde não descafeinado,490,Taiwan (Prov. China),2248595,7.481,2,0,30057901
2006,702,Singapura,090111,Café verde não descafeinado,458,Malásia,924669,3.076,3,0,30057901
2006,702,Singapura,090111,Café verde não descafeinado,76,Brasil,480761,1.599,4,0,30057901
2006,702,Singapura,090111,Café verde não descafeinado,704,Vietname,379583,1.263,5,0,30057901
2006,702,Singapura,090190,Cascas de café e sucedâneos,360,Indonésia,103817,64.806,1,0,160197
2006,702,Singapura,090190,Cascas de café e sucedâneos,36,Austrália,34324,21.426,2,0,160197
2006,702,Singapura,090190,Cascas de café e sucedâneos,458,Malásia,10580,6.604,3,0,160197
2006,702,Singapura,090190,Cascas de café e sucedâneos,724,Espanha,9562,5.969,4,0,160197
2006,702,Singapura,090190,Cascas de café e sucedâneos,380,Itália,663,0.414,5,0,160197
2006,702,Singapura,270900,Petróleo bruto,682,Arábia Saudita,6808909415,33.354,1,0,20413766327
2006,702,Singapura,270900,Petróleo bruto,414,Kuwait,2922910227,14.318,2,0,20413766327
2006,702,Singapura,270900,Petróleo bruto,784,Emirados Árabes Unidos,2603791395,12.755,3,0,20413766327
2006,702,Singapura,270900,Petróleo bruto,634,Catar,2269644003,11.118,4,0,20413766327
2006,702,Singapura,270900,Petróleo bruto,704,Vietname,1126978607,5.521,5,0,20413766327
2006,702,Singapura,271112,Propano liquefeito,458,Malásia,527925,90.759,1,0,581675
2006,702,Singapura,271112,Propano liquefeito,757,Suíça,16007,2.752,2,0,581675
2006,702,Singapura,271112,Propano liquefeito,276,Alemanha,14951,2.57,3,0,581675
2006,702,Singapura,271112,Propano liquefeito,842,EUA,14374,2.471,4,0,581675
2006,702,Singapura,271112,Propano liquefeito,392,Japão,6111,1.051,5,0,581675
2006,702,Singapura,271113,Butano liquefeito,608,Filipinas,646565,76.671,1,0,843302
2006,702,Singapura,271113,Butano liquefeito,156,China,142926,16.948,2,0,843302
2006,702,Singapura,271113,Butano liquefeito,764,Tailândia,33782,4.006,3,0,843302
2006,702,Singapura,271113,Butano liquefeito,392,Japão,15362,1.822,4,0,843302
2006,702,Singapura,271113,Butano liquefeito,458,Malásia,2793,0.331,5,0,843302
2006,702,Singapura,630900,Vestuário usado,410,Coreia do Sul,8835239,46.703,1,0,18918078
2006,702,Singapura,630900,Vestuário usado,392,Japão,3985189,21.066,2,0,18918078
2006,702,Singapura,630900,Vestuário usado,490,Taiwan (Prov. China),2328940,12.311,3,0,18918078
2006,702,Singapura,630900,Vestuário usado,458,Malásia,1748556,9.243,4,0,18918078
2006,702,Singapura,630900,Vestuário usado,608,Filipinas,837069,4.425,5,0,18918078
2006,702,Singapura,880212,Helicópteros +2.000 kg,251,França,19886453,90.236,1,0,22038376
2006,702,Singapura,880212,Helicópteros +2.000 kg,842,EUA,2119164,9.616,2,0,22038376
2006,702,Singapura,880212,Helicópteros +2.000 kg,458,Malásia,32759,0.149,3,0,22038376
2006,702,Singapura,880330,Partes de aviões e helicópteros (ed. antiga),842,EUA,2399874720,71.543,1,0,3354462682
2006,702,Singapura,880330,Partes de aviões e helicópteros (ed. antiga),251,França,220376749,6.57,2,0,3354462682
2006,702,Singapura,880330,Partes de aviões e helicópteros (ed. antiga),826,Reino Unido,175834136,5.242,3,0,3354462682
2006,702,Singapura,880330,Partes de aviões e helicópteros (ed. antiga),344,Hong Kong (RAEHK),172664738,5.147,4,0,3354462682
2006,702,Singapura,880330,Partes de aviões e helicópteros (ed. antiga),36,Austrália,81973661,2.444,5,0,3354462682
2007,156,China,090111,Café verde não descafeinado,704,Vietname,24136521,80.837,1,0,29858316
2007,156,China,090111,Café verde não descafeinado,360,Indonésia,2427700,8.131,2,0,29858316
2007,156,China,090111,Café verde não descafeinado,170,Colômbia,1498206,5.018,3,0,29858316
2007,156,China,090111,Café verde não descafeinado,76,Brasil,935833,3.134,4,0,29858316
2007,156,China,090111,Café verde não descafeinado,800,Uganda,295111,0.988,5,0,29858316
2007,156,China,090190,Cascas de café e sucedâneos,104,Myanmar,32279,56.675,1,0,56955
2007,156,China,090190,Cascas de café e sucedâneos,702,Singapura,8410,14.766,2,0,56955
2007,156,China,090190,Cascas de café e sucedâneos,380,Itália,7891,13.855,3,0,56955
2007,156,China,090190,Cascas de café e sucedâneos,699,Índia,5374,9.436,4,0,56955
2007,156,China,090190,Cascas de café e sucedâneos,490,Taiwan (Prov. China),2582,4.533,5,0,56955
2007,156,China,270900,Petróleo bruto,682,Arábia Saudita,13112732864,16.42,1,0,79858328656
2007,156,China,270900,Petróleo bruto,24,Angola,12879534443,16.128,2,0,79858328656
2007,156,China,270900,Petróleo bruto,364,Irão,10453414479,13.09,3,0,79858328656
2007,156,China,270900,Petróleo bruto,643,Rússia,7219545520,9.04,4,0,79858328656
2007,156,China,270900,Petróleo bruto,512,Omã,6564834861,8.221,5,0,79858328656
2007,156,China,271112,Propano liquefeito,36,Austrália,268230437,19.948,1,0,1344625518
2007,156,China,271112,Propano liquefeito,682,Arábia Saudita,242565245,18.04,2,0,1344625518
2007,156,China,271112,Propano liquefeito,364,Irão,239217305,17.791,3,0,1344625518
2007,156,China,271112,Propano liquefeito,784,Emirados Árabes Unidos,218425862,16.244,4,0,1344625518
2007,156,China,271112,Propano liquefeito,414,Kuwait,196110982,14.585,5,0,1344625518
2007,156,China,271113,Butano liquefeito,36,Austrália,296809684,26.158,1,0,1134689532
2007,156,China,271113,Butano liquefeito,364,Irão,175291772,15.448,2,0,1134689532
2007,156,China,271113,Butano liquefeito,414,Kuwait,165949007,14.625,3,0,1134689532
2007,156,China,271113,Butano liquefeito,784,Emirados Árabes Unidos,141549055,12.475,4,0,1134689532
2007,156,China,271113,Butano liquefeito,682,Arábia Saudita,130187132,11.473,5,0,1134689532
2007,156,China,880212,Helicópteros +2.000 kg,251,França,61911689,51.027,1,0,121332072
2007,156,China,880212,Helicópteros +2.000 kg,842,EUA,37492316,30.901,2,0,121332072
2007,156,China,880212,Helicópteros +2.000 kg,380,Itália,11748067,9.683,3,0,121332072
2007,156,China,880212,Helicópteros +2.000 kg,643,Rússia,10180000,8.39,4,0,121332072
2007,156,China,880330,Partes de aviões e helicópteros (ed. antiga),842,EUA,709841835,75.188,1,0,944090139
2007,156,China,880330,Partes de aviões e helicópteros (ed. antiga),826,Reino Unido,62499135,6.62,2,0,944090139
2007,156,China,880330,Partes de aviões e helicópteros (ed. antiga),251,França,30939711,3.277,3,0,944090139
2007,156,China,880330,Partes de aviões e helicópteros (ed. antiga),392,Japão,29258522,3.099,4,0,944090139
2007,156,China,880330,Partes de aviões e helicópteros (ed. antiga),276,Alemanha,26979686,2.858,5,0,944090139
2007,360,Indonésia,090111,Café verde não descafeinado,704,Vietname,67001369,92.259,1,0,72623379
2007,360,Indonésia,090111,Café verde não descafeinado,418,Lao People's Dem. Rep.,2881848,3.968,2,0,72623379
2007,360,Indonésia,090111,Café verde não descafeinado,76,Brasil,1020717,1.405,3,0,72623379
2007,360,Indonésia,090111,Café verde não descafeinado,702,Singapura,514171,0.708,4,0,72623379
2007,360,Indonésia,090111,Café verde não descafeinado,834,Tanzânia,286445,0.394,5,0,72623379
2007,360,Indonésia,090111,Café verde não descafeinado,626,Timor-Leste,167629,0.231,8,1,72623379
2007,360,Indonésia,090190,Cascas de café e sucedâneos,842,EUA,180584,67.255,1,0,268506
2007,360,Indonésia,090190,Cascas de café e sucedâneos,702,Singapura,36722,13.676,2,0,268506
2007,360,Indonésia,090190,Cascas de café e sucedâneos,458,Malásia,23514,8.757,3,0,268506
2007,360,Indonésia,090190,Cascas de café e sucedâneos,170,Colômbia,11614,4.325,4,0,268506
2007,360,Indonésia,090190,Cascas de café e sucedâneos,757,Suíça,6634,2.471,5,0,268506
2007,360,Indonésia,270900,Petróleo bruto,682,Arábia Saudita,2847417385,31.439,1,0,9056877662
2007,360,Indonésia,270900,Petróleo bruto,96,Brunei Darussalam,1861151182,20.55,2,0,9056877662
2007,360,Indonésia,270900,Petróleo bruto,458,Malásia,1215762607,13.424,3,0,9056877662
2007,360,Indonésia,270900,Petróleo bruto,434,Libya,643226286,7.102,4,0,9056877662
2007,360,Indonésia,270900,Petróleo bruto,792,Turquia,606789352,6.7,5,0,9056877662
2007,360,Indonésia,271112,Propano liquefeito,702,Singapura,18182780,31.857,1,0,57075581
2007,360,Indonésia,271112,Propano liquefeito,682,Arábia Saudita,15372143,26.933,2,0,57075581
2007,360,Indonésia,271112,Propano liquefeito,36,Austrália,10641527,18.645,3,0,57075581
2007,360,Indonésia,271112,Propano liquefeito,458,Malásia,5679686,9.951,4,0,57075581
2007,360,Indonésia,271112,Propano liquefeito,764,Tailândia,4341865,7.607,5,0,57075581
2007,360,Indonésia,271113,Butano liquefeito,784,Emirados Árabes Unidos,18427409,58.151,1,0,31688995
2007,360,Indonésia,271113,Butano liquefeito,36,Austrália,13159515,41.527,2,0,31688995
2007,360,Indonésia,271113,Butano liquefeito,392,Japão,47729,0.151,3,0,31688995
2007,360,Indonésia,271113,Butano liquefeito,702,Singapura,27532,0.087,4,0,31688995
2007,360,Indonésia,271113,Butano liquefeito,410,Coreia do Sul,24730,0.078,5,0,31688995
2007,360,Indonésia,630900,Vestuário usado,528,Países Baixos,6476,38.267,1,0,16923
2007,360,Indonésia,630900,Vestuário usado,458,Malásia,5662,33.457,2,0,16923
2007,360,Indonésia,630900,Vestuário usado,410,Coreia do Sul,3398,20.079,3,0,16923
2007,360,Indonésia,630900,Vestuário usado,702,Singapura,879,5.194,4,0,16923
2007,360,Indonésia,630900,Vestuário usado,842,EUA,363,2.145,5,0,16923
2007,360,Indonésia,880212,Helicópteros +2.000 kg,251,França,16136693,34.913,1,0,46219232
2007,360,Indonésia,880212,Helicópteros +2.000 kg,124,Canadá,8430600,18.24,2,0,46219232
2007,360,Indonésia,880212,Helicópteros +2.000 kg,643,Rússia,7400000,16.011,3,0,46219232
2007,360,Indonésia,880212,Helicópteros +2.000 kg,156,China,7138400,15.445,4,0,46219232
2007,360,Indonésia,880212,Helicópteros +2.000 kg,554,Nova Zelândia,6463539,13.985,5,0,46219232
2007,360,Indonésia,880330,Partes de aviões e helicópteros (ed. antiga),842,EUA,17648821,57.381,1,0,30756996
2007,360,Indonésia,880330,Partes de aviões e helicópteros (ed. antiga),702,Singapura,10302453,33.496,2,0,30756996
2007,360,Indonésia,880330,Partes de aviões e helicópteros (ed. antiga),124,Canadá,640287,2.082,3,0,30756996
2007,360,Indonésia,880330,Partes de aviões e helicópteros (ed. antiga),826,Reino Unido,439371,1.429,4,0,30756996
2007,360,Indonésia,880330,Partes de aviões e helicópteros (ed. antiga),56,Bélgica,385604,1.254,5,0,30756996
2007,392,Japão,090111,Café verde não descafeinado,76,Brasil,286238704,28.672,1,0,998314605
2007,392,Japão,090111,Café verde não descafeinado,170,Colômbia,209633375,20.999,2,0,998314605
2007,392,Japão,090111,Café verde não descafeinado,360,Indonésia,106082624,10.626,3,0,998314605
2007,392,Japão,090111,Café verde não descafeinado,320,Guatemala,77541860,7.767,4,0,998314605
2007,392,Japão,090111,Café verde não descafeinado,704,Vietname,76660988,7.679,5,0,998314605
2007,392,Japão,090111,Café verde não descafeinado,626,Timor-Leste,166128,0.017,32,1,998314605
2007,392,Japão,090190,Cascas de café e sucedâneos,842,EUA,109686,98.3,1,0,111583
2007,392,Japão,090190,Cascas de café e sucedâneos,380,Itália,1897,1.7,2,0,111583
2007,392,Japão,270900,Petróleo bruto,682,Arábia Saudita,29990602298,28.884,1,0,103830194732
2007,392,Japão,270900,Petróleo bruto,784,Emirados Árabes Unidos,26401175379,25.427,2,0,103830194732
2007,392,Japão,270900,Petróleo bruto,364,Irão,12083208049,11.637,3,0,103830194732
2007,392,Japão,270900,Petróleo bruto,634,Catar,11088251561,10.679,4,0,103830194732
2007,392,Japão,270900,Petróleo bruto,414,Kuwait,7154424559,6.891,5,0,103830194732
2007,392,Japão,271112,Propano liquefeito,682,Arábia Saudita,2375253371,40.092,1,0,5924493924
2007,392,Japão,271112,Propano liquefeito,784,Emirados Árabes Unidos,1259245758,21.255,2,0,5924493924
2007,392,Japão,271112,Propano liquefeito,634,Catar,999676518,16.874,3,0,5924493924
2007,392,Japão,271112,Propano liquefeito,414,Kuwait,618293246,10.436,4,0,5924493924
2007,392,Japão,271112,Propano liquefeito,364,Irão,256848828,4.335,5,0,5924493924
2007,392,Japão,271112,Propano liquefeito,626,Timor-Leste,14068367,0.237,10,1,5924493924
2007,392,Japão,271113,Butano liquefeito,784,Emirados Árabes Unidos,709442354,28.416,1,0,2496637393
2007,392,Japão,271113,Butano liquefeito,682,Arábia Saudita,523439107,20.966,2,0,2496637393
2007,392,Japão,271113,Butano liquefeito,634,Catar,486859206,19.501,3,0,2496637393
2007,392,Japão,271113,Butano liquefeito,36,Austrália,330869721,13.253,4,0,2496637393
2007,392,Japão,271113,Butano liquefeito,414,Kuwait,279389689,11.191,5,0,2496637393
2007,392,Japão,271113,Butano liquefeito,626,Timor-Leste,7341715,0.294,11,1,2496637393
2007,392,Japão,630900,Vestuário usado,842,EUA,22138558,67.662,1,0,32719387
2007,392,Japão,630900,Vestuário usado,764,Tailândia,2750454,8.406,2,0,32719387
2007,392,Japão,630900,Vestuário usado,251,França,2642904,8.077,3,0,32719387
2007,392,Japão,630900,Vestuário usado,528,Países Baixos,1500478,4.586,4,0,32719387
2007,392,Japão,630900,Vestuário usado,826,Reino Unido,870798,2.661,5,0,32719387
2007,392,Japão,880212,Helicópteros +2.000 kg,251,França,107793319,62.646,1,0,172066261
2007,392,Japão,880212,Helicópteros +2.000 kg,842,EUA,36341455,21.121,2,0,172066261
2007,392,Japão,880212,Helicópteros +2.000 kg,380,Itália,22154290,12.875,3,0,172066261
2007,392,Japão,880212,Helicópteros +2.000 kg,643,Rússia,5777197,3.358,4,0,172066261
2007,392,Japão,880330,Partes de aviões e helicópteros (ed. antiga),842,EUA,1217700854,84.699,1,0,1437672435
2007,392,Japão,880330,Partes de aviões e helicópteros (ed. antiga),826,Reino Unido,53734143,3.738,2,0,1437672435
2007,392,Japão,880330,Partes de aviões e helicópteros (ed. antiga),251,França,48442517,3.37,3,0,1437672435
2007,392,Japão,880330,Partes de aviões e helicópteros (ed. antiga),276,Alemanha,29563235,2.056,4,0,1437672435
2007,392,Japão,880330,Partes de aviões e helicópteros (ed. antiga),124,Canadá,29105724,2.025,5,0,1437672435
2007,410,Coreia do Sul,090111,Café verde não descafeinado,704,Vietname,63143612,36.228,1,0,174294755
2007,410,Coreia do Sul,090111,Café verde não descafeinado,170,Colômbia,31118947,17.854,2,0,174294755
2007,410,Coreia do Sul,090111,Café verde não descafeinado,76,Brasil,29591885,16.978,3,0,174294755
2007,410,Coreia do Sul,090111,Café verde não descafeinado,340,Honduras,19097938,10.957,4,0,174294755
2007,410,Coreia do Sul,090111,Café verde não descafeinado,604,Peru,14411146,8.268,5,0,174294755
2007,410,Coreia do Sul,090111,Café verde não descafeinado,626,Timor-Leste,62730,0.036,20,1,174294755
2007,410,Coreia do Sul,090190,Cascas de café e sucedâneos,608,Filipinas,26369,48.841,1,0,53990
2007,410,Coreia do Sul,090190,Cascas de café e sucedâneos,704,Vietname,15628,28.946,2,0,53990
2007,410,Coreia do Sul,090190,Cascas de café e sucedâneos,392,Japão,9126,16.903,3,0,53990
2007,410,Coreia do Sul,090190,Cascas de café e sucedâneos,360,Indonésia,2371,4.392,4,0,53990
2007,410,Coreia do Sul,090190,Cascas de café e sucedâneos,490,Taiwan (Prov. China),261,0.483,5,0,53990
2007,410,Coreia do Sul,270900,Petróleo bruto,682,Arábia Saudita,18318342469,30.367,1,0,60323533144
2007,410,Coreia do Sul,270900,Petróleo bruto,784,Emirados Árabes Unidos,10238282463,16.972,2,0,60323533144
2007,410,Coreia do Sul,270900,Petróleo bruto,414,Kuwait,6779048406,11.238,3,0,60323533144
2007,410,Coreia do Sul,270900,Petróleo bruto,364,Irão,5601151439,9.285,4,0,60323533144
2007,410,Coreia do Sul,270900,Petróleo bruto,634,Catar,3345443392,5.546,5,0,60323533144
2007,410,Coreia do Sul,271112,Propano liquefeito,682,Arábia Saudita,406273149,25.344,1,0,1603043527
2007,410,Coreia do Sul,271112,Propano liquefeito,364,Irão,366575693,22.867,2,0,1603043527
2007,410,Coreia do Sul,271112,Propano liquefeito,784,Emirados Árabes Unidos,222405804,13.874,3,0,1603043527
2007,410,Coreia do Sul,271112,Propano liquefeito,414,Kuwait,210889661,13.156,4,0,1603043527
2007,410,Coreia do Sul,271112,Propano liquefeito,634,Catar,186734758,11.649,5,0,1603043527
2007,410,Coreia do Sul,271113,Butano liquefeito,784,Emirados Árabes Unidos,281361419,18.832,1,0,1494073853
2007,410,Coreia do Sul,271113,Butano liquefeito,364,Irão,264247335,17.686,2,0,1494073853
2007,410,Coreia do Sul,271113,Butano liquefeito,682,Arábia Saudita,262255554,17.553,3,0,1494073853
2007,410,Coreia do Sul,271113,Butano liquefeito,414,Kuwait,216994150,14.524,4,0,1494073853
2007,410,Coreia do Sul,271113,Butano liquefeito,634,Catar,138843439,9.293,5,0,1494073853
2007,410,Coreia do Sul,630900,Vestuário usado,392,Japão,5685176,46.201,1,0,12305215
2007,410,Coreia do Sul,630900,Vestuário usado,842,EUA,2773038,22.535,2,0,12305215
2007,410,Coreia do Sul,630900,Vestuário usado,156,China,562755,4.573,3,0,12305215
2007,410,Coreia do Sul,630900,Vestuário usado,826,Reino Unido,529724,4.305,4,0,12305215
2007,410,Coreia do Sul,630900,Vestuário usado,251,França,361467,2.938,5,0,12305215
2007,410,Coreia do Sul,880212,Helicópteros +2.000 kg,842,EUA,103320777,83.26,1,0,124094008
2007,410,Coreia do Sul,880212,Helicópteros +2.000 kg,643,Rússia,11067927,8.919,2,0,124094008
2007,410,Coreia do Sul,880212,Helicópteros +2.000 kg,251,França,8605204,6.934,3,0,124094008
2007,410,Coreia do Sul,880212,Helicópteros +2.000 kg,36,Austrália,1100100,0.887,4,0,124094008
2007,410,Coreia do Sul,880330,Partes de aviões e helicópteros (ed. antiga),842,EUA,357102187,84.898,1,0,420626997
2007,410,Coreia do Sul,880330,Partes de aviões e helicópteros (ed. antiga),826,Reino Unido,22741782,5.407,2,0,420626997
2007,410,Coreia do Sul,880330,Partes de aviões e helicópteros (ed. antiga),376,Israel,10583010,2.516,3,0,420626997
2007,410,Coreia do Sul,880330,Partes de aviões e helicópteros (ed. antiga),156,China,7109419,1.69,4,0,420626997
2007,410,Coreia do Sul,880330,Partes de aviões e helicópteros (ed. antiga),251,França,4972837,1.182,5,0,420626997
2007,702,Singapura,090111,Café verde não descafeinado,360,Indonésia,34549443,86.853,1,0,39779289
2007,702,Singapura,090111,Café verde não descafeinado,704,Vietname,2103038,5.287,2,0,39779289
2007,702,Singapura,090111,Café verde não descafeinado,458,Malásia,1007945,2.534,3,0,39779289
2007,702,Singapura,090111,Café verde não descafeinado,490,Taiwan (Prov. China),503364,1.265,4,0,39779289
2007,702,Singapura,090111,Café verde não descafeinado,76,Brasil,430383,1.082,5,0,39779289
2007,702,Singapura,090190,Cascas de café e sucedâneos,360,Indonésia,128429,45.809,1,0,280358
2007,702,Singapura,090190,Cascas de café e sucedâneos,458,Malásia,89326,31.861,2,0,280358
2007,702,Singapura,090190,Cascas de café e sucedâneos,36,Austrália,32686,11.659,3,0,280358
2007,702,Singapura,090190,Cascas de café e sucedâneos,842,EUA,14922,5.322,4,0,280358
2007,702,Singapura,090190,Cascas de café e sucedâneos,380,Itália,7019,2.504,5,0,280358
2007,702,Singapura,270900,Petróleo bruto,682,Arábia Saudita,6631975752,29.499,1,0,22482353894
2007,702,Singapura,270900,Petróleo bruto,634,Catar,4037210074,17.957,2,0,22482353894
2007,702,Singapura,270900,Petróleo bruto,414,Kuwait,3419273202,15.209,3,0,22482353894
2007,702,Singapura,270900,Petróleo bruto,784,Emirados Árabes Unidos,3051268137,13.572,4,0,22482353894
2007,702,Singapura,270900,Petróleo bruto,704,Vietname,1502150818,6.681,5,0,22482353894
2007,702,Singapura,271112,Propano liquefeito,458,Malásia,90402,48.503,1,0,186386
2007,702,Singapura,271112,Propano liquefeito,842,EUA,53876,28.906,2,0,186386
2007,702,Singapura,271112,Propano liquefeito,757,Suíça,18020,9.668,3,0,186386
2007,702,Singapura,271112,Propano liquefeito,764,Tailândia,15264,8.189,4,0,186386
2007,702,Singapura,271112,Propano liquefeito,276,Alemanha,6533,3.505,5,0,186386
2007,702,Singapura,271113,Butano liquefeito,458,Malásia,9407227,71.605,1,0,13137699
2007,702,Singapura,271113,Butano liquefeito,608,Filipinas,2072349,15.774,2,0,13137699
2007,702,Singapura,271113,Butano liquefeito,156,China,958180,7.293,3,0,13137699
2007,702,Singapura,271113,Butano liquefeito,344,Hong Kong (RAEHK),635443,4.837,4,0,13137699
2007,702,Singapura,271113,Butano liquefeito,251,França,36348,0.277,5,0,13137699
2007,702,Singapura,630900,Vestuário usado,410,Coreia do Sul,12466311,49.056,1,0,25412479
2007,702,Singapura,630900,Vestuário usado,392,Japão,4517823,17.778,2,0,25412479
2007,702,Singapura,630900,Vestuário usado,490,Taiwan (Prov. China),3549116,13.966,3,0,25412479
2007,702,Singapura,630900,Vestuário usado,458,Malásia,2041973,8.035,4,0,25412479
2007,702,Singapura,630900,Vestuário usado,608,Filipinas,697610,2.745,5,0,25412479
2007,702,Singapura,880212,Helicópteros +2.000 kg,251,França,44190725,46.085,1,0,95888586
2007,702,Singapura,880212,Helicópteros +2.000 kg,842,EUA,21437413,22.357,2,0,95888586
2007,702,Singapura,880212,Helicópteros +2.000 kg,124,Canadá,16093592,16.784,3,0,95888586
2007,702,Singapura,880212,Helicópteros +2.000 kg,699,Índia,5699282,5.944,4,0,95888586
2007,702,Singapura,880212,Helicópteros +2.000 kg,410,Coreia do Sul,4557598,4.753,5,0,95888586
2007,702,Singapura,880330,Partes de aviões e helicópteros (ed. antiga),842,EUA,2769169328,71.747,1,0,3859606740
2007,702,Singapura,880330,Partes de aviões e helicópteros (ed. antiga),251,França,248067783,6.427,2,0,3859606740
2007,702,Singapura,880330,Partes de aviões e helicópteros (ed. antiga),344,Hong Kong (RAEHK),209598673,5.431,3,0,3859606740
2007,702,Singapura,880330,Partes de aviões e helicópteros (ed. antiga),826,Reino Unido,142059988,3.681,4,0,3859606740
2007,702,Singapura,880330,Partes de aviões e helicópteros (ed. antiga),276,Alemanha,101854290,2.639,5,0,3859606740
2008,156,China,090111,Café verde não descafeinado,704,Vietname,32498760,79.5,1,0,40878967
2008,156,China,090111,Café verde não descafeinado,360,Indonésia,3656214,8.944,2,0,40878967
2008,156,China,090111,Café verde não descafeinado,170,Colômbia,1591048,3.892,3,0,40878967
2008,156,China,090111,Café verde não descafeinado,76,Brasil,1108084,2.711,4,0,40878967
2008,156,China,090111,Café verde não descafeinado,800,Uganda,624538,1.528,5,0,40878967
2008,156,China,090111,Café verde não descafeinado,626,Timor-Leste,58562,0.143,11,1,40878967
2008,156,China,090190,Cascas de café e sucedâneos,104,Myanmar,42500,87.903,1,0,48349
2008,156,China,090190,Cascas de café e sucedâneos,704,Vietname,2269,4.693,2,0,48349
2008,156,China,090190,Cascas de café e sucedâneos,702,Singapura,1885,3.899,3,0,48349
2008,156,China,090190,Cascas de café e sucedâneos,276,Alemanha,599,1.239,4,0,48349
2008,156,China,090190,Cascas de café e sucedâneos,458,Malásia,346,0.716,5,0,48349
2008,156,China,270900,Petróleo bruto,682,Arábia Saudita,25815459076,19.961,1,0,129330933227
2008,156,China,270900,Petróleo bruto,24,Angola,22358967995,17.288,2,0,129330933227
2008,156,China,270900,Petróleo bruto,364,Irão,15765832697,12.19,3,0,129330933227
2008,156,China,270900,Petróleo bruto,512,Omã,11245313217,8.695,4,0,129330933227
2008,156,China,270900,Petróleo bruto,643,Rússia,8586621443,6.639,5,0,129330933227
2008,156,China,271112,Propano liquefeito,414,Kuwait,228763116,22.475,1,0,1017848425
2008,156,China,271112,Propano liquefeito,784,Emirados Árabes Unidos,226097642,22.213,2,0,1017848425
2008,156,China,271112,Propano liquefeito,682,Arábia Saudita,196437377,19.299,3,0,1017848425
2008,156,China,271112,Propano liquefeito,364,Irão,180233441,17.707,4,0,1017848425
2008,156,China,271112,Propano liquefeito,634,Catar,118404159,11.633,5,0,1017848425
2008,156,China,271113,Butano liquefeito,784,Emirados Árabes Unidos,191653015,20.876,1,0,918050161
2008,156,China,271113,Butano liquefeito,414,Kuwait,182707486,19.902,2,0,918050161
2008,156,China,271113,Butano liquefeito,364,Irão,149565832,16.292,3,0,918050161
2008,156,China,271113,Butano liquefeito,682,Arábia Saudita,144969777,15.791,4,0,918050161
2008,156,China,271113,Butano liquefeito,634,Catar,71622702,7.802,5,0,918050161
2008,156,China,630900,Vestuário usado,156,China,4352,100.0,1,0,4352
2008,156,China,880212,Helicópteros +2.000 kg,251,França,38694653,47.129,1,0,82104474
2008,156,China,880212,Helicópteros +2.000 kg,842,EUA,23533930,28.663,2,0,82104474
2008,156,China,880212,Helicópteros +2.000 kg,643,Rússia,19875891,24.208,3,0,82104474
2008,156,China,880330,Partes de aviões e helicópteros (ed. antiga),842,EUA,606237799,56.619,1,0,1070736906
2008,156,China,880330,Partes de aviões e helicópteros (ed. antiga),276,Alemanha,180224811,16.832,2,0,1070736906
2008,156,China,880330,Partes de aviões e helicópteros (ed. antiga),826,Reino Unido,71555341,6.683,3,0,1070736906
2008,156,China,880330,Partes de aviões e helicópteros (ed. antiga),76,Brasil,45590050,4.258,4,0,1070736906
2008,156,China,880330,Partes de aviões e helicópteros (ed. antiga),251,França,37450416,3.498,5,0,1070736906
2008,360,Indonésia,090111,Café verde não descafeinado,704,Vietname,5756148,45.257,1,0,12718844
2008,360,Indonésia,090111,Café verde não descafeinado,626,Timor-Leste,2882579,22.664,2,1,12718844
2008,360,Indonésia,090111,Café verde não descafeinado,76,Brasil,1954334,15.366,3,0,12718844
2008,360,Indonésia,090111,Café verde não descafeinado,764,Tailândia,347702,2.734,4,0,12718844
2008,360,Indonésia,090111,Café verde não descafeinado,360,Indonésia,300284,2.361,5,0,12718844
2008,360,Indonésia,090111,Café verde não descafeinado,50,Bangladesh,215906,1.698,6,0,12718844
2008,360,Indonésia,090190,Cascas de café e sucedâneos,842,EUA,281226,68.318,1,0,411644
2008,360,Indonésia,090190,Cascas de café e sucedâneos,702,Singapura,89015,21.624,2,0,411644
2008,360,Indonésia,090190,Cascas de café e sucedâneos,458,Malásia,25077,6.092,3,0,411644
2008,360,Indonésia,090190,Cascas de café e sucedâneos,76,Brasil,14168,3.442,4,0,411644
2008,360,Indonésia,090190,Cascas de café e sucedâneos,764,Tailândia,2158,0.524,5,0,411644
2008,360,Indonésia,270900,Petróleo bruto,682,Arábia Saudita,3764918439,37.419,1,0,10061498596
2008,360,Indonésia,270900,Petróleo bruto,96,Brunei Darussalam,2410810331,23.961,2,0,10061498596
2008,360,Indonésia,270900,Petróleo bruto,458,Malásia,1344104164,13.359,3,0,10061498596
2008,360,Indonésia,270900,Petróleo bruto,792,Turquia,891275618,8.858,4,0,10061498596
2008,360,Indonésia,270900,Petróleo bruto,736,Sudan (...2011),677805567,6.737,5,0,10061498596
2008,360,Indonésia,271112,Propano liquefeito,702,Singapura,75043879,89.042,1,0,84279634
2008,360,Indonésia,271112,Propano liquefeito,682,Arábia Saudita,5275428,6.259,2,0,84279634
2008,360,Indonésia,271112,Propano liquefeito,458,Malásia,3893901,4.62,3,0,84279634
2008,360,Indonésia,271112,Propano liquefeito,36,Austrália,65334,0.078,4,0,84279634
2008,360,Indonésia,271112,Propano liquefeito,842,EUA,1092,0.001,5,0,84279634
2008,360,Indonésia,271113,Butano liquefeito,458,Malásia,16136210,53.31,1,0,30268795
2008,360,Indonésia,271113,Butano liquefeito,414,Kuwait,8189468,27.056,2,0,30268795
2008,360,Indonésia,271113,Butano liquefeito,682,Arábia Saudita,5373406,17.752,3,0,30268795
2008,360,Indonésia,271113,Butano liquefeito,784,Emirados Árabes Unidos,513338,1.696,4,0,30268795
2008,360,Indonésia,271113,Butano liquefeito,410,Coreia do Sul,53860,0.178,5,0,30268795
2008,360,Indonésia,630900,Vestuário usado,156,China,52102,46.696,1,0,111576
2008,360,Indonésia,630900,Vestuário usado,344,Hong Kong (RAEHK),21159,18.964,2,0,111576
2008,360,Indonésia,630900,Vestuário usado,410,Coreia do Sul,16514,14.801,3,0,111576
2008,360,Indonésia,630900,Vestuário usado,528,Países Baixos,13055,11.701,4,0,111576
2008,360,Indonésia,630900,Vestuário usado,702,Singapura,4242,3.802,5,0,111576
2008,360,Indonésia,880212,Helicópteros +2.000 kg,251,França,41380538,87.128,1,0,47493894
2008,360,Indonésia,880212,Helicópteros +2.000 kg,702,Singapura,6113356,12.872,2,0,47493894
2008,360,Indonésia,880330,Partes de aviões e helicópteros (ed. antiga),643,Rússia,93592394,67.625,1,0,138399344
2008,360,Indonésia,880330,Partes de aviões e helicópteros (ed. antiga),842,EUA,15101315,10.911,2,0,138399344
2008,360,Indonésia,880330,Partes de aviões e helicópteros (ed. antiga),702,Singapura,10601910,7.66,3,0,138399344
2008,360,Indonésia,880330,Partes de aviões e helicópteros (ed. antiga),826,Reino Unido,3481012,2.515,4,0,138399344
2008,360,Indonésia,880330,Partes de aviões e helicópteros (ed. antiga),251,França,3475318,2.511,5,0,138399344
2008,392,Japão,090111,Café verde não descafeinado,76,Brasil,279493070,23.751,1,0,1176758049
2008,392,Japão,090111,Café verde não descafeinado,170,Colômbia,279082321,23.716,2,0,1176758049
2008,392,Japão,090111,Café verde não descafeinado,360,Indonésia,130787522,11.114,3,0,1176758049
2008,392,Japão,090111,Café verde não descafeinado,320,Guatemala,125483957,10.664,4,0,1176758049
2008,392,Japão,090111,Café verde não descafeinado,704,Vietname,125050232,10.627,5,0,1176758049
2008,392,Japão,090111,Café verde não descafeinado,626,Timor-Leste,201579,0.017,31,1,1176758049
2008,392,Japão,090190,Cascas de café e sucedâneos,842,EUA,125137,100.0,1,0,125137
2008,392,Japão,270900,Petróleo bruto,682,Arábia Saudita,45187671674,29.065,1,0,155473624042
2008,392,Japão,270900,Petróleo bruto,784,Emirados Árabes Unidos,39078860385,25.135,2,0,155473624042
2008,392,Japão,270900,Petróleo bruto,364,Irão,17556079686,11.292,3,0,155473624042
2008,392,Japão,270900,Petróleo bruto,634,Catar,17192235795,11.058,4,0,155473624042
2008,392,Japão,270900,Petróleo bruto,414,Kuwait,11440741896,7.359,5,0,155473624042
2008,392,Japão,271112,Propano liquefeito,682,Arábia Saudita,2802163487,34.757,1,0,8062103005
2008,392,Japão,271112,Propano liquefeito,634,Catar,1655400858,20.533,2,0,8062103005
2008,392,Japão,271112,Propano liquefeito,784,Emirados Árabes Unidos,1512927720,18.766,3,0,8062103005
2008,392,Japão,271112,Propano liquefeito,414,Kuwait,963835016,11.955,4,0,8062103005
2008,392,Japão,271112,Propano liquefeito,36,Austrália,515554482,6.395,5,0,8062103005
2008,392,Japão,271112,Propano liquefeito,626,Timor-Leste,63574254,0.789,8,1,8062103005
2008,392,Japão,271113,Butano liquefeito,784,Emirados Árabes Unidos,912834590,25.664,1,0,3556842198
2008,392,Japão,271113,Butano liquefeito,634,Catar,836404778,23.515,2,0,3556842198
2008,392,Japão,271113,Butano liquefeito,682,Arábia Saudita,738415783,20.76,3,0,3556842198
2008,392,Japão,271113,Butano liquefeito,36,Austrália,483578969,13.596,4,0,3556842198
2008,392,Japão,271113,Butano liquefeito,414,Kuwait,339168407,9.536,5,0,3556842198
2008,392,Japão,271113,Butano liquefeito,626,Timor-Leste,74701480,2.1,7,1,3556842198
2008,392,Japão,630900,Vestuário usado,842,EUA,16782038,66.063,1,0,25403107
2008,392,Japão,630900,Vestuário usado,251,França,2761694,10.871,2,0,25403107
2008,392,Japão,630900,Vestuário usado,764,Tailândia,2085866,8.211,3,0,25403107
2008,392,Japão,630900,Vestuário usado,528,Países Baixos,1265228,4.981,4,0,25403107
2008,392,Japão,630900,Vestuário usado,124,Canadá,742274,2.922,5,0,25403107
2008,392,Japão,880212,Helicópteros +2.000 kg,380,Itália,92369792,58.303,1,0,158431186
2008,392,Japão,880212,Helicópteros +2.000 kg,251,França,31960389,20.173,2,0,158431186
2008,392,Japão,880212,Helicópteros +2.000 kg,842,EUA,26142320,16.501,3,0,158431186
2008,392,Japão,880212,Helicópteros +2.000 kg,124,Canadá,7958685,5.023,4,0,158431186
2008,392,Japão,880330,Partes de aviões e helicópteros (ed. antiga),842,EUA,1230045630,83.188,1,0,1478637681
2008,392,Japão,880330,Partes de aviões e helicópteros (ed. antiga),826,Reino Unido,67246356,4.548,2,0,1478637681
2008,392,Japão,880330,Partes de aviões e helicópteros (ed. antiga),251,França,52610777,3.558,3,0,1478637681
2008,392,Japão,880330,Partes de aviões e helicópteros (ed. antiga),124,Canadá,32019244,2.165,4,0,1478637681
2008,392,Japão,880330,Partes de aviões e helicópteros (ed. antiga),276,Alemanha,22793496,1.542,5,0,1478637681
2008,410,Coreia do Sul,090111,Café verde não descafeinado,704,Vietname,100503889,40.407,1,0,248731116
2008,410,Coreia do Sul,090111,Café verde não descafeinado,170,Colômbia,42216963,16.973,2,0,248731116
2008,410,Coreia do Sul,090111,Café verde não descafeinado,76,Brasil,40641587,16.34,3,0,248731116
2008,410,Coreia do Sul,090111,Café verde não descafeinado,340,Honduras,25412009,10.217,4,0,248731116
2008,410,Coreia do Sul,090111,Café verde não descafeinado,604,Peru,22610319,9.09,5,0,248731116
2008,410,Coreia do Sul,090111,Café verde não descafeinado,626,Timor-Leste,6034,0.002,32,1,248731116
2008,410,Coreia do Sul,090190,Cascas de café e sucedâneos,608,Filipinas,122297,82.819,1,0,147667
2008,410,Coreia do Sul,090190,Cascas de café e sucedâneos,704,Vietname,18786,12.722,2,0,147667
2008,410,Coreia do Sul,090190,Cascas de café e sucedâneos,392,Japão,3801,2.574,3,0,147667
2008,410,Coreia do Sul,090190,Cascas de café e sucedâneos,360,Indonésia,2353,1.593,4,0,147667
2008,410,Coreia do Sul,090190,Cascas de café e sucedâneos,842,EUA,247,0.167,5,0,147667
2008,410,Coreia do Sul,270900,Petróleo bruto,682,Arábia Saudita,28646555211,33.366,1,0,85855363258
2008,410,Coreia do Sul,270900,Petróleo bruto,784,Emirados Árabes Unidos,16547975836,19.274,2,0,85855363258
2008,410,Coreia do Sul,270900,Petróleo bruto,414,Kuwait,10124626153,11.793,3,0,85855363258
2008,410,Coreia do Sul,270900,Petróleo bruto,364,Irão,6894769531,8.031,4,0,85855363258
2008,410,Coreia do Sul,270900,Petróleo bruto,634,Catar,6213549111,7.237,5,0,85855363258
2008,410,Coreia do Sul,271112,Propano liquefeito,682,Arábia Saudita,446674101,20.876,1,0,2139603056
2008,410,Coreia do Sul,271112,Propano liquefeito,784,Emirados Árabes Unidos,439825628,20.556,2,0,2139603056
2008,410,Coreia do Sul,271112,Propano liquefeito,634,Catar,297795715,13.918,3,0,2139603056
2008,410,Coreia do Sul,271112,Propano liquefeito,364,Irão,276753413,12.935,4,0,2139603056
2008,410,Coreia do Sul,271112,Propano liquefeito,458,Malásia,263331028,12.307,5,0,2139603056
2008,410,Coreia do Sul,271113,Butano liquefeito,682,Arábia Saudita,578386175,22.234,1,0,2601314008
2008,410,Coreia do Sul,271113,Butano liquefeito,36,Austrália,371228228,14.271,2,0,2601314008
2008,410,Coreia do Sul,271113,Butano liquefeito,784,Emirados Árabes Unidos,345816620,13.294,3,0,2601314008
2008,410,Coreia do Sul,271113,Butano liquefeito,634,Catar,316146988,12.153,4,0,2601314008
2008,410,Coreia do Sul,271113,Butano liquefeito,414,Kuwait,315933198,12.145,5,0,2601314008
2008,410,Coreia do Sul,630900,Vestuário usado,392,Japão,7823722,50.751,1,0,15415998
2008,410,Coreia do Sul,630900,Vestuário usado,842,EUA,2690806,17.455,2,0,15415998
2008,410,Coreia do Sul,630900,Vestuário usado,156,China,931834,6.045,3,0,15415998
2008,410,Coreia do Sul,630900,Vestuário usado,826,Reino Unido,613785,3.981,4,0,15415998
2008,410,Coreia do Sul,630900,Vestuário usado,36,Austrália,406605,2.638,5,0,15415998
2008,410,Coreia do Sul,630900,Vestuário usado,626,Timor-Leste,251,0.002,87,1,15415998
2008,410,Coreia do Sul,880212,Helicópteros +2.000 kg,251,França,44224365,71.422,1,0,61919743
2008,410,Coreia do Sul,880212,Helicópteros +2.000 kg,643,Rússia,13969055,22.56,2,0,61919743
2008,410,Coreia do Sul,880212,Helicópteros +2.000 kg,842,EUA,3348076,5.407,3,0,61919743
2008,410,Coreia do Sul,880212,Helicópteros +2.000 kg,616,Polónia,378247,0.611,4,0,61919743
2008,410,Coreia do Sul,880330,Partes de aviões e helicópteros (ed. antiga),842,EUA,365264260,81.396,1,0,448752107
2008,410,Coreia do Sul,880330,Partes de aviões e helicópteros (ed. antiga),276,Alemanha,22113469,4.928,2,0,448752107
2008,410,Coreia do Sul,880330,Partes de aviões e helicópteros (ed. antiga),826,Reino Unido,21195969,4.723,3,0,448752107
2008,410,Coreia do Sul,880330,Partes de aviões e helicópteros (ed. antiga),643,Rússia,13135284,2.927,4,0,448752107
2008,410,Coreia do Sul,880330,Partes de aviões e helicópteros (ed. antiga),376,Israel,10140995,2.26,5,0,448752107
2008,702,Singapura,090111,Café verde não descafeinado,360,Indonésia,16879679,60.095,1,0,28088442
2008,702,Singapura,090111,Café verde não descafeinado,490,Taiwan (Prov. China),4951194,17.627,2,0,28088442
2008,702,Singapura,090111,Café verde não descafeinado,458,Malásia,1031924,3.674,3,0,28088442
2008,702,Singapura,090111,Café verde não descafeinado,76,Brasil,758229,2.699,4,0,28088442
2008,702,Singapura,090111,Café verde não descafeinado,699,Índia,746434,2.657,5,0,28088442
2008,702,Singapura,090190,Cascas de café e sucedâneos,458,Malásia,95909,91.58,1,0,104727
2008,702,Singapura,090190,Cascas de café e sucedâneos,380,Itália,5875,5.61,2,0,104727
2008,702,Singapura,090190,Cascas de café e sucedâneos,699,Índia,1602,1.53,3,0,104727
2008,702,Singapura,090190,Cascas de café e sucedâneos,392,Japão,923,0.881,4,0,104727
2008,702,Singapura,090190,Cascas de café e sucedâneos,344,Hong Kong (RAEHK),418,0.399,5,0,104727
2008,702,Singapura,270900,Petróleo bruto,682,Arábia Saudita,12420207227,34.155,1,0,36364651424
2008,702,Singapura,270900,Petróleo bruto,634,Catar,7508111054,20.647,2,0,36364651424
2008,702,Singapura,270900,Petróleo bruto,414,Kuwait,4741532550,13.039,3,0,36364651424
2008,702,Singapura,270900,Petróleo bruto,784,Emirados Árabes Unidos,4547855144,12.506,4,0,36364651424
2008,702,Singapura,270900,Petróleo bruto,458,Malásia,1709683656,4.701,5,0,36364651424
2008,702,Singapura,271112,Propano liquefeito,458,Malásia,619811,96.304,1,0,643600
2008,702,Singapura,271112,Propano liquefeito,764,Tailândia,7709,1.198,2,0,643600
2008,702,Singapura,271112,Propano liquefeito,826,Reino Unido,6703,1.041,3,0,643600
2008,702,Singapura,271112,Propano liquefeito,842,EUA,4583,0.712,4,0,643600
2008,702,Singapura,271112,Propano liquefeito,392,Japão,4320,0.671,5,0,643600
2008,702,Singapura,271113,Butano liquefeito,458,Malásia,11077902,83.499,1,0,13267143
2008,702,Singapura,271113,Butano liquefeito,156,China,2124492,16.013,2,0,13267143
2008,702,Singapura,271113,Butano liquefeito,410,Coreia do Sul,47258,0.356,3,0,13267143
2008,702,Singapura,271113,Butano liquefeito,826,Reino Unido,13823,0.104,4,0,13267143
2008,702,Singapura,271113,Butano liquefeito,842,EUA,2955,0.022,5,0,13267143
2008,702,Singapura,630900,Vestuário usado,410,Coreia do Sul,11278007,47.349,1,0,23818747
2008,702,Singapura,630900,Vestuário usado,392,Japão,4182113,17.558,2,0,23818747
2008,702,Singapura,630900,Vestuário usado,490,Taiwan (Prov. China),3374916,14.169,3,0,23818747
2008,702,Singapura,630900,Vestuário usado,458,Malásia,1401240,5.883,4,0,23818747
2008,702,Singapura,630900,Vestuário usado,156,China,1346592,5.653,5,0,23818747
2008,702,Singapura,880212,Helicópteros +2.000 kg,251,França,31139207,42.175,1,0,73834009
2008,702,Singapura,880212,Helicópteros +2.000 kg,842,EUA,23774045,32.199,2,0,73834009
2008,702,Singapura,880212,Helicópteros +2.000 kg,124,Canadá,11071269,14.995,3,0,73834009
2008,702,Singapura,880212,Helicópteros +2.000 kg,276,Alemanha,3915375,5.303,4,0,73834009
2008,702,Singapura,880212,Helicópteros +2.000 kg,554,Nova Zelândia,2520696,3.414,5,0,73834009
2008,702,Singapura,880330,Partes de aviões e helicópteros (ed. antiga),842,EUA,3171373201,67.764,1,0,4680050441
2008,702,Singapura,880330,Partes de aviões e helicópteros (ed. antiga),251,França,328238467,7.014,2,0,4680050441
2008,702,Singapura,880330,Partes de aviões e helicópteros (ed. antiga),344,Hong Kong (RAEHK),250542404,5.353,3,0,4680050441
2008,702,Singapura,880330,Partes de aviões e helicópteros (ed. antiga),826,Reino Unido,198388049,4.239,4,0,4680050441
2008,702,Singapura,880330,Partes de aviões e helicópteros (ed. antiga),276,Alemanha,154541237,3.302,5,0,4680050441
2009,156,China,090111,Café verde não descafeinado,704,Vietname,27511335,81.664,1,0,33688605
2009,156,China,090111,Café verde não descafeinado,76,Brasil,2184785,6.485,2,0,33688605
2009,156,China,090111,Café verde não descafeinado,360,Indonésia,2107185,6.255,3,0,33688605
2009,156,China,090111,Café verde não descafeinado,170,Colômbia,666211,1.978,4,0,33688605
2009,156,China,090111,Café verde não descafeinado,231,Etiópia,361577,1.073,5,0,33688605
2009,156,China,090111,Café verde não descafeinado,626,Timor-Leste,168,0.0,36,1,33688605
2009,156,China,090190,Cascas de café e sucedâneos,360,Indonésia,19859,43.235,1,0,45933
2009,156,China,090190,Cascas de café e sucedâneos,276,Alemanha,14274,31.076,2,0,45933
2009,156,China,090190,Cascas de café e sucedâneos,392,Japão,2748,5.983,3,0,45933
2009,156,China,090190,Cascas de café e sucedâneos,410,Coreia do Sul,2191,4.77,4,0,45933
2009,156,China,090190,Cascas de café e sucedâneos,458,Malásia,1790,3.897,5,0,45933
2009,156,China,270900,Petróleo bruto,682,Arábia Saudita,18922893211,21.201,1,0,89255586690
2009,156,China,270900,Petróleo bruto,24,Angola,14599867180,16.357,2,0,89255586690
2009,156,China,270900,Petróleo bruto,364,Irão,9802270997,10.982,3,0,89255586690
2009,156,China,270900,Petróleo bruto,643,Rússia,6613853066,7.41,4,0,89255586690
2009,156,China,270900,Petróleo bruto,512,Omã,4989907163,5.591,5,0,89255586690
2009,156,China,271112,Propano liquefeito,364,Irão,362644460,30.98,1,0,1170576151
2009,156,China,271112,Propano liquefeito,634,Catar,229303986,19.589,2,0,1170576151
2009,156,China,271112,Propano liquefeito,784,Emirados Árabes Unidos,147523499,12.603,3,0,1170576151
2009,156,China,271112,Propano liquefeito,682,Arábia Saudita,133551634,11.409,4,0,1170576151
2009,156,China,271112,Propano liquefeito,36,Austrália,78953130,6.745,5,0,1170576151
2009,156,China,271113,Butano liquefeito,364,Irão,195808465,22.492,1,0,870570337
2009,156,China,271113,Butano liquefeito,784,Emirados Árabes Unidos,141084808,16.206,2,0,870570337
2009,156,China,271113,Butano liquefeito,634,Catar,139001182,15.967,3,0,870570337
2009,156,China,271113,Butano liquefeito,36,Austrália,104675791,12.024,4,0,870570337
2009,156,China,271113,Butano liquefeito,682,Arábia Saudita,104013767,11.948,5,0,870570337
2009,156,China,880212,Helicópteros +2.000 kg,842,EUA,69706811,46.542,1,0,149772747
2009,156,China,880212,Helicópteros +2.000 kg,643,Rússia,55935936,37.347,2,0,149772747
2009,156,China,880212,Helicópteros +2.000 kg,251,França,24130000,16.111,3,0,149772747
2009,156,China,880330,Partes de aviões e helicópteros (ed. antiga),276,Alemanha,428193945,43.27,1,0,989590509
2009,156,China,880330,Partes de aviões e helicópteros (ed. antiga),842,EUA,387181701,39.125,2,0,989590509
2009,156,China,880330,Partes de aviões e helicópteros (ed. antiga),826,Reino Unido,45340016,4.582,3,0,989590509
2009,156,China,880330,Partes de aviões e helicópteros (ed. antiga),251,França,44456862,4.492,4,0,989590509
2009,156,China,880330,Partes de aviões e helicópteros (ed. antiga),380,Itália,23875270,2.413,5,0,989590509
2009,360,Indonésia,090111,Café verde não descafeinado,704,Vietname,14672795,66.073,1,0,22206978
2009,360,Indonésia,090111,Café verde não descafeinado,76,Brasil,5123004,23.069,2,0,22206978
2009,360,Indonésia,090111,Café verde não descafeinado,626,Timor-Leste,532399,2.397,3,1,22206978
2009,360,Indonésia,090111,Café verde não descafeinado,324,Guinea,386597,1.741,4,0,22206978
2009,360,Indonésia,090111,Café verde não descafeinado,418,Lao People's Dem. Rep.,243936,1.098,5,0,22206978
2009,360,Indonésia,090111,Café verde não descafeinado,360,Indonésia,184476,0.831,6,0,22206978
2009,360,Indonésia,090190,Cascas de café e sucedâneos,842,EUA,81842,78.179,1,0,104685
2009,360,Indonésia,090190,Cascas de café e sucedâneos,757,Suíça,15015,14.343,2,0,104685
2009,360,Indonésia,090190,Cascas de café e sucedâneos,702,Singapura,6683,6.384,3,0,104685
2009,360,Indonésia,090190,Cascas de café e sucedâneos,764,Tailândia,1145,1.094,4,0,104685
2009,360,Indonésia,270900,Petróleo bruto,682,Arábia Saudita,2320090112,31.514,1,0,7362204375
2009,360,Indonésia,270900,Petróleo bruto,458,Malásia,1234917766,16.774,2,0,7362204375
2009,360,Indonésia,270900,Petróleo bruto,31,Azerbaijan,756280061,10.272,3,0,7362204375
2009,360,Indonésia,270900,Petróleo bruto,736,Sudan (...2011),667324348,9.064,4,0,7362204375
2009,360,Indonésia,270900,Petróleo bruto,96,Brunei Darussalam,636682270,8.648,5,0,7362204375
2009,360,Indonésia,271112,Propano liquefeito,364,Irão,77285727,32.873,1,0,235106046
2009,360,Indonésia,271112,Propano liquefeito,682,Arábia Saudita,69062161,29.375,2,0,235106046
2009,360,Indonésia,271112,Propano liquefeito,784,Emirados Árabes Unidos,43566012,18.53,3,0,235106046
2009,360,Indonésia,271112,Propano liquefeito,634,Catar,35337924,15.031,4,0,235106046
2009,360,Indonésia,271112,Propano liquefeito,458,Malásia,8613880,3.664,5,0,235106046
2009,360,Indonésia,271113,Butano liquefeito,364,Irão,66375061,29.515,1,0,224885416
2009,360,Indonésia,271113,Butano liquefeito,784,Emirados Árabes Unidos,51656690,22.97,2,0,224885416
2009,360,Indonésia,271113,Butano liquefeito,682,Arábia Saudita,46352186,20.611,3,0,224885416
2009,360,Indonésia,271113,Butano liquefeito,634,Catar,42492353,18.895,4,0,224885416
2009,360,Indonésia,271113,Butano liquefeito,458,Malásia,12348560,5.491,5,0,224885416
2009,360,Indonésia,630900,Vestuário usado,842,EUA,11991,49.047,1,0,24448
2009,360,Indonésia,630900,Vestuário usado,528,Países Baixos,8963,36.661,2,0,24448
2009,360,Indonésia,630900,Vestuário usado,410,Coreia do Sul,2225,9.101,3,0,24448
2009,360,Indonésia,630900,Vestuário usado,608,Filipinas,818,3.346,4,0,24448
2009,360,Indonésia,630900,Vestuário usado,458,Malásia,216,0.884,5,0,24448
2009,360,Indonésia,880212,Helicópteros +2.000 kg,380,Itália,6100000,46.596,1,0,13091155
2009,360,Indonésia,880212,Helicópteros +2.000 kg,92,Br. Virgin Isds,4327682,33.058,2,0,13091155
2009,360,Indonésia,880212,Helicópteros +2.000 kg,702,Singapura,2263473,17.29,3,0,13091155
2009,360,Indonésia,880212,Helicópteros +2.000 kg,36,Austrália,400000,3.055,4,0,13091155
2009,360,Indonésia,880330,Partes de aviões e helicópteros (ed. antiga),702,Singapura,20454696,27.139,1,0,75369060
2009,360,Indonésia,880330,Partes de aviões e helicópteros (ed. antiga),842,EUA,18110490,24.029,2,0,75369060
2009,360,Indonésia,880330,Partes de aviões e helicópteros (ed. antiga),251,França,9476972,12.574,3,0,75369060
2009,360,Indonésia,880330,Partes de aviões e helicópteros (ed. antiga),826,Reino Unido,6418457,8.516,4,0,75369060
2009,360,Indonésia,880330,Partes de aviões e helicópteros (ed. antiga),344,Hong Kong (RAEHK),4377861,5.809,5,0,75369060
2009,392,Japão,090111,Café verde não descafeinado,76,Brasil,293415412,27.188,1,0,1079223890
2009,392,Japão,090111,Café verde não descafeinado,170,Colômbia,253703445,23.508,2,0,1079223890
2009,392,Japão,090111,Café verde não descafeinado,320,Guatemala,110040540,10.196,3,0,1079223890
2009,392,Japão,090111,Café verde não descafeinado,360,Indonésia,105305450,9.758,4,0,1079223890
2009,392,Japão,090111,Café verde não descafeinado,704,Vietname,96565690,8.948,5,0,1079223890
2009,392,Japão,090111,Café verde não descafeinado,626,Timor-Leste,579741,0.054,27,1,1079223890
2009,392,Japão,090190,Cascas de café e sucedâneos,76,Brasil,58800,68.174,1,0,86250
2009,392,Japão,090190,Cascas de café e sucedâneos,842,EUA,27450,31.826,2,0,86250
2009,392,Japão,270900,Petróleo bruto,682,Arábia Saudita,26008381293,32.521,1,0,79973886500
2009,392,Japão,270900,Petróleo bruto,784,Emirados Árabes Unidos,17557533009,21.954,2,0,79973886500
2009,392,Japão,270900,Petróleo bruto,634,Catar,9424435134,11.784,3,0,79973886500
2009,392,Japão,270900,Petróleo bruto,364,Irão,8893548158,11.121,4,0,79973886500
2009,392,Japão,270900,Petróleo bruto,414,Kuwait,6724520724,8.408,5,0,79973886500
2009,392,Japão,271112,Propano liquefeito,682,Arábia Saudita,1229950648,27.153,1,0,4529707791
2009,392,Japão,271112,Propano liquefeito,634,Catar,1009837659,22.294,2,0,4529707791
2009,392,Japão,271112,Propano liquefeito,784,Emirados Árabes Unidos,874283797,19.301,3,0,4529707791
2009,392,Japão,271112,Propano liquefeito,414,Kuwait,607805845,13.418,4,0,4529707791
2009,392,Japão,271112,Propano liquefeito,36,Austrália,313828612,6.928,5,0,4529707791
2009,392,Japão,271112,Propano liquefeito,626,Timor-Leste,26163718,0.578,10,1,4529707791
2009,392,Japão,271113,Butano liquefeito,784,Emirados Árabes Unidos,426822950,23.647,1,0,1805008418
2009,392,Japão,271113,Butano liquefeito,634,Catar,399225865,22.118,2,0,1805008418
2009,392,Japão,271113,Butano liquefeito,36,Austrália,348159263,19.289,3,0,1805008418
2009,392,Japão,271113,Butano liquefeito,682,Arábia Saudita,300863492,16.668,4,0,1805008418
2009,392,Japão,271113,Butano liquefeito,414,Kuwait,187858951,10.408,5,0,1805008418
2009,392,Japão,271113,Butano liquefeito,626,Timor-Leste,22529664,1.248,8,1,1805008418
2009,392,Japão,630900,Vestuário usado,842,EUA,15245263,62.316,1,0,24464496
2009,392,Japão,630900,Vestuário usado,764,Tailândia,2700514,11.039,2,0,24464496
2009,392,Japão,630900,Vestuário usado,251,França,2319157,9.48,3,0,24464496
2009,392,Japão,630900,Vestuário usado,528,Países Baixos,1201980,4.913,4,0,24464496
2009,392,Japão,630900,Vestuário usado,124,Canadá,862382,3.525,5,0,24464496
2009,392,Japão,880212,Helicópteros +2.000 kg,380,Itália,63148011,43.85,1,0,144010702
2009,392,Japão,880212,Helicópteros +2.000 kg,251,França,61374554,42.618,2,0,144010702
2009,392,Japão,880212,Helicópteros +2.000 kg,842,EUA,19488137,13.532,3,0,144010702
2009,392,Japão,880330,Partes de aviões e helicópteros (ed. antiga),842,EUA,960906192,80.364,1,0,1195698765
2009,392,Japão,880330,Partes de aviões e helicópteros (ed. antiga),826,Reino Unido,54821794,4.585,2,0,1195698765
2009,392,Japão,880330,Partes de aviões e helicópteros (ed. antiga),251,França,49942469,4.177,3,0,1195698765
2009,392,Japão,880330,Partes de aviões e helicópteros (ed. antiga),276,Alemanha,27684856,2.315,4,0,1195698765
2009,392,Japão,880330,Partes de aviões e helicópteros (ed. antiga),410,Coreia do Sul,26151896,2.187,5,0,1195698765
2009,410,Coreia do Sul,090111,Café verde não descafeinado,704,Vietname,55878604,24.233,1,0,230593345
2009,410,Coreia do Sul,090111,Café verde não descafeinado,170,Colômbia,49819738,21.605,2,0,230593345
2009,410,Coreia do Sul,090111,Café verde não descafeinado,76,Brasil,41896337,18.169,3,0,230593345
2009,410,Coreia do Sul,090111,Café verde não descafeinado,340,Honduras,28979849,12.568,4,0,230593345
2009,410,Coreia do Sul,090111,Café verde não descafeinado,604,Peru,19124115,8.293,5,0,230593345
2009,410,Coreia do Sul,090111,Café verde não descafeinado,626,Timor-Leste,214665,0.093,17,1,230593345
2009,410,Coreia do Sul,090190,Cascas de café e sucedâneos,704,Vietname,17864,47.879,1,0,37311
2009,410,Coreia do Sul,090190,Cascas de café e sucedâneos,608,Filipinas,10912,29.246,2,0,37311
2009,410,Coreia do Sul,090190,Cascas de café e sucedâneos,360,Indonésia,2981,7.99,3,0,37311
2009,410,Coreia do Sul,090190,Cascas de café e sucedâneos,392,Japão,2248,6.025,4,0,37311
2009,410,Coreia do Sul,090190,Cascas de café e sucedâneos,764,Tailândia,741,1.986,5,0,37311
2009,410,Coreia do Sul,270900,Petróleo bruto,682,Arábia Saudita,16765697156,33.031,1,0,50757395962
2009,410,Coreia do Sul,270900,Petróleo bruto,784,Emirados Árabes Unidos,7284372174,14.351,2,0,50757395962
2009,410,Coreia do Sul,270900,Petróleo bruto,414,Kuwait,6255554994,12.324,3,0,50757395962
2009,410,Coreia do Sul,270900,Petróleo bruto,364,Irão,4862212376,9.579,4,0,50757395962
2009,410,Coreia do Sul,270900,Petróleo bruto,368,Iraque,3811996103,7.51,5,0,50757395962
2009,410,Coreia do Sul,271112,Propano liquefeito,682,Arábia Saudita,314446820,23.016,1,0,1366221224
2009,410,Coreia do Sul,271112,Propano liquefeito,414,Kuwait,213473019,15.625,2,0,1366221224
2009,410,Coreia do Sul,271112,Propano liquefeito,634,Catar,211742827,15.498,3,0,1366221224
2009,410,Coreia do Sul,271112,Propano liquefeito,784,Emirados Árabes Unidos,165394369,12.106,4,0,1366221224
2009,410,Coreia do Sul,271112,Propano liquefeito,458,Malásia,106454984,7.792,5,0,1366221224
2009,410,Coreia do Sul,271112,Propano liquefeito,626,Timor-Leste,20391809,1.493,10,1,1366221224
2009,410,Coreia do Sul,271113,Butano liquefeito,682,Arábia Saudita,410524022,24.437,1,0,1679909393
2009,410,Coreia do Sul,271113,Butano liquefeito,784,Emirados Árabes Unidos,275072777,16.374,2,0,1679909393
2009,410,Coreia do Sul,271113,Butano liquefeito,414,Kuwait,265059354,15.778,3,0,1679909393
2009,410,Coreia do Sul,271113,Butano liquefeito,634,Catar,230206387,13.704,4,0,1679909393
2009,410,Coreia do Sul,271113,Butano liquefeito,36,Austrália,149790811,8.917,5,0,1679909393
2009,410,Coreia do Sul,271113,Butano liquefeito,626,Timor-Leste,13806744,0.822,13,1,1679909393
2009,410,Coreia do Sul,630900,Vestuário usado,392,Japão,9681222,52.586,1,0,18410162
2009,410,Coreia do Sul,630900,Vestuário usado,842,EUA,3214113,17.458,2,0,18410162
2009,410,Coreia do Sul,630900,Vestuário usado,36,Austrália,1054618,5.728,3,0,18410162
2009,410,Coreia do Sul,630900,Vestuário usado,826,Reino Unido,744205,4.042,4,0,18410162
2009,410,Coreia do Sul,630900,Vestuário usado,156,China,568402,3.087,5,0,18410162
2009,410,Coreia do Sul,880212,Helicópteros +2.000 kg,380,Itália,40475537,49.126,1,0,82390444
2009,410,Coreia do Sul,880212,Helicópteros +2.000 kg,251,França,13575407,16.477,2,0,82390444
2009,410,Coreia do Sul,880212,Helicópteros +2.000 kg,842,EUA,11663191,14.156,3,0,82390444
2009,410,Coreia do Sul,880212,Helicópteros +2.000 kg,643,Rússia,10703422,12.991,4,0,82390444
2009,410,Coreia do Sul,880212,Helicópteros +2.000 kg,804,Ucrânia,4600000,5.583,5,0,82390444
2009,410,Coreia do Sul,880330,Partes de aviões e helicópteros (ed. antiga),842,EUA,385055925,75.984,1,0,506759354
2009,410,Coreia do Sul,880330,Partes de aviões e helicópteros (ed. antiga),251,França,39597466,7.814,2,0,506759354
2009,410,Coreia do Sul,880330,Partes de aviões e helicópteros (ed. antiga),826,Reino Unido,34078276,6.725,3,0,506759354
2009,410,Coreia do Sul,880330,Partes de aviões e helicópteros (ed. antiga),376,Israel,18495909,3.65,4,0,506759354
2009,410,Coreia do Sul,880330,Partes de aviões e helicópteros (ed. antiga),643,Rússia,6366843,1.256,5,0,506759354
2009,702,Singapura,090111,Café verde não descafeinado,360,Indonésia,12581586,66.807,1,0,18832666
2009,702,Singapura,090111,Café verde não descafeinado,458,Malásia,1565012,8.31,2,0,18832666
2009,702,Singapura,090111,Café verde não descafeinado,76,Brasil,758463,4.027,3,0,18832666
2009,702,Singapura,090111,Café verde não descafeinado,170,Colômbia,755204,4.01,4,0,18832666
2009,702,Singapura,090111,Café verde não descafeinado,704,Vietname,621737,3.301,5,0,18832666
2009,702,Singapura,090190,Cascas de café e sucedâneos,458,Malásia,398873,87.368,1,0,456541
2009,702,Singapura,090190,Cascas de café e sucedâneos,380,Itália,16234,3.556,2,0,456541
2009,702,Singapura,090190,Cascas de café e sucedâneos,764,Tailândia,15646,3.427,3,0,456541
2009,702,Singapura,090190,Cascas de café e sucedâneos,818,Egito,13074,2.864,4,0,456541
2009,702,Singapura,090190,Cascas de café e sucedâneos,699,Índia,6327,1.386,5,0,456541
2009,702,Singapura,270900,Petróleo bruto,682,Arábia Saudita,5609401519,27.908,1,0,20099391837
2009,702,Singapura,270900,Petróleo bruto,634,Catar,4445283240,22.117,2,0,20099391837
2009,702,Singapura,270900,Petróleo bruto,784,Emirados Árabes Unidos,2808675775,13.974,3,0,20099391837
2009,702,Singapura,270900,Petróleo bruto,414,Kuwait,2053898411,10.219,4,0,20099391837
2009,702,Singapura,270900,Petróleo bruto,36,Austrália,1192658183,5.934,5,0,20099391837
2009,702,Singapura,271112,Propano liquefeito,458,Malásia,1096455,95.533,1,0,1147719
2009,702,Singapura,271112,Propano liquefeito,764,Tailândia,33009,2.876,2,0,1147719
2009,702,Singapura,271112,Propano liquefeito,156,China,10883,0.948,3,0,1147719
2009,702,Singapura,271112,Propano liquefeito,579,Noruega,4906,0.427,4,0,1147719
2009,702,Singapura,271112,Propano liquefeito,826,Reino Unido,1398,0.122,5,0,1147719
2009,702,Singapura,271113,Butano liquefeito,458,Malásia,1897998,70.094,1,0,2707774
2009,702,Singapura,271113,Butano liquefeito,608,Filipinas,509340,18.81,2,0,2707774
2009,702,Singapura,271113,Butano liquefeito,156,China,209678,7.744,3,0,2707774
2009,702,Singapura,271113,Butano liquefeito,410,Coreia do Sul,71276,2.632,4,0,2707774
2009,702,Singapura,271113,Butano liquefeito,826,Reino Unido,14304,0.528,5,0,2707774
2009,702,Singapura,630900,Vestuário usado,410,Coreia do Sul,10730128,44.119,1,0,24320685
2009,702,Singapura,630900,Vestuário usado,490,Taiwan (Prov. China),4743692,19.505,2,0,24320685
2009,702,Singapura,630900,Vestuário usado,392,Japão,3859996,15.871,3,0,24320685
2009,702,Singapura,630900,Vestuário usado,458,Malásia,1495042,6.147,4,0,24320685
2009,702,Singapura,630900,Vestuário usado,156,China,1426812,5.867,5,0,24320685
2009,702,Singapura,880212,Helicópteros +2.000 kg,251,França,19474342,41.245,1,0,47216704
2009,702,Singapura,880212,Helicópteros +2.000 kg,842,EUA,11616540,24.603,2,0,47216704
2009,702,Singapura,880212,Helicópteros +2.000 kg,276,Alemanha,11421315,24.189,3,0,47216704
2009,702,Singapura,880212,Helicópteros +2.000 kg,826,Reino Unido,4704507,9.964,4,0,47216704
2009,702,Singapura,880330,Partes de aviões e helicópteros (ed. antiga),842,EUA,2469526724,65.788,1,0,3753746802
2009,702,Singapura,880330,Partes de aviões e helicópteros (ed. antiga),251,França,293912554,7.83,2,0,3753746802
2009,702,Singapura,880330,Partes de aviões e helicópteros (ed. antiga),344,Hong Kong (RAEHK),238086860,6.343,3,0,3753746802
2009,702,Singapura,880330,Partes de aviões e helicópteros (ed. antiga),826,Reino Unido,210020714,5.595,4,0,3753746802
2009,702,Singapura,880330,Partes de aviões e helicópteros (ed. antiga),276,Alemanha,76853691,2.047,5,0,3753746802
2010,156,China,090111,Café verde não descafeinado,704,Vietname,36029319,78.328,1,0,45997822
2010,156,China,090111,Café verde não descafeinado,360,Indonésia,3314319,7.205,2,0,45997822
2010,156,China,090111,Café verde não descafeinado,76,Brasil,2460564,5.349,3,0,45997822
2010,156,China,090111,Café verde não descafeinado,800,Uganda,1447025,3.146,4,0,45997822
2010,156,China,090111,Café verde não descafeinado,170,Colômbia,878874,1.911,5,0,45997822
2010,156,China,090111,Café verde não descafeinado,626,Timor-Leste,84056,0.183,10,1,45997822
2010,156,China,090190,Cascas de café e sucedâneos,490,Taiwan (Prov. China),24266,54.645,1,0,44407
2010,156,China,090190,Cascas de café e sucedâneos,458,Malásia,9671,21.778,2,0,44407
2010,156,China,090190,Cascas de café e sucedâneos,388,Jamaica,3718,8.373,3,0,44407
2010,156,China,090190,Cascas de café e sucedâneos,380,Itália,2875,6.474,4,0,44407
2010,156,China,090190,Cascas de café e sucedâneos,764,Tailândia,2176,4.9,5,0,44407
2010,156,China,270900,Petróleo bruto,682,Arábia Saudita,25538596067,18.876,1,0,135299673339
2010,156,China,270900,Petróleo bruto,24,Angola,22748976857,16.814,2,0,135299673339
2010,156,China,270900,Petróleo bruto,364,Irão,12070150447,8.921,3,0,135299673339
2010,156,China,270900,Petróleo bruto,512,Omã,9097160559,6.724,4,0,135299673339
2010,156,China,270900,Petróleo bruto,643,Rússia,8882171741,6.565,5,0,135299673339
2010,156,China,271112,Propano liquefeito,364,Irão,413279325,32.687,1,0,1264336369
2010,156,China,271112,Propano liquefeito,634,Catar,244131877,19.309,2,0,1264336369
2010,156,China,271112,Propano liquefeito,784,Emirados Árabes Unidos,154110919,12.189,3,0,1264336369
2010,156,China,271112,Propano liquefeito,682,Arábia Saudita,145183891,11.483,4,0,1264336369
2010,156,China,271112,Propano liquefeito,414,Kuwait,99166384,7.843,5,0,1264336369
2010,156,China,271113,Butano liquefeito,634,Catar,249630475,24.832,1,0,1005280064
2010,156,China,271113,Butano liquefeito,364,Irão,248669259,24.736,2,0,1005280064
2010,156,China,271113,Butano liquefeito,784,Emirados Árabes Unidos,136374880,13.566,3,0,1005280064
2010,156,China,271113,Butano liquefeito,682,Arábia Saudita,125134969,12.448,4,0,1005280064
2010,156,China,271113,Butano liquefeito,36,Austrália,124316607,12.366,5,0,1005280064
2010,156,China,880212,Helicópteros +2.000 kg,842,EUA,129181991,66.372,1,0,194631991
2010,156,China,880212,Helicópteros +2.000 kg,251,França,33050000,16.981,2,0,194631991
2010,156,China,880212,Helicópteros +2.000 kg,643,Rússia,32400000,16.647,3,0,194631991
2010,156,China,880330,Partes de aviões e helicópteros (ed. antiga),276,Alemanha,437286705,38.382,1,0,1139292858
2010,156,China,880330,Partes de aviões e helicópteros (ed. antiga),842,EUA,380404277,33.39,2,0,1139292858
2010,156,China,880330,Partes de aviões e helicópteros (ed. antiga),251,França,131131509,11.51,3,0,1139292858
2010,156,China,880330,Partes de aviões e helicópteros (ed. antiga),826,Reino Unido,66578431,5.844,4,0,1139292858
2010,156,China,880330,Partes de aviões e helicópteros (ed. antiga),804,Ucrânia,23076971,2.026,5,0,1139292858
2010,360,Indonésia,090111,Café verde não descafeinado,704,Vietname,20574890,63.933,1,0,32181994
2010,360,Indonésia,090111,Café verde não descafeinado,76,Brasil,6987830,21.713,2,0,32181994
2010,360,Indonésia,090111,Café verde não descafeinado,702,Singapura,921289,2.863,3,0,32181994
2010,360,Indonésia,090111,Café verde não descafeinado,699,Índia,822700,2.556,4,0,32181994
2010,360,Indonésia,090111,Café verde não descafeinado,360,Indonésia,749610,2.329,5,0,32181994
2010,360,Indonésia,090111,Café verde não descafeinado,626,Timor-Leste,475005,1.476,7,1,32181994
2010,360,Indonésia,090190,Cascas de café e sucedâneos,764,Tailândia,1673,100.0,1,0,1673
2010,360,Indonésia,270900,Petróleo bruto,682,Arábia Saudita,3108570212,36.437,1,0,8531249355
2010,360,Indonésia,270900,Petróleo bruto,458,Malásia,2423299004,28.405,2,0,8531249355
2010,360,Indonésia,270900,Petróleo bruto,566,Nigéria,913189522,10.704,3,0,8531249355
2010,360,Indonésia,270900,Petróleo bruto,31,Azerbaijan,894734949,10.488,4,0,8531249355
2010,360,Indonésia,270900,Petróleo bruto,96,Brunei Darussalam,659110005,7.726,5,0,8531249355
2010,360,Indonésia,271112,Propano liquefeito,364,Irão,157570937,38.16,1,0,412925804
2010,360,Indonésia,271112,Propano liquefeito,634,Catar,98552631,23.867,2,0,412925804
2010,360,Indonésia,271112,Propano liquefeito,784,Emirados Árabes Unidos,75912842,18.384,3,0,412925804
2010,360,Indonésia,271112,Propano liquefeito,682,Arábia Saudita,60722327,14.705,4,0,412925804
2010,360,Indonésia,271112,Propano liquefeito,60,Bermuda,17427945,4.221,5,0,412925804
2010,360,Indonésia,271113,Butano liquefeito,364,Irão,160895248,36.266,1,0,443650323
2010,360,Indonésia,271113,Butano liquefeito,634,Catar,117577243,26.502,2,0,443650323
2010,360,Indonésia,271113,Butano liquefeito,682,Arábia Saudita,78721101,17.744,3,0,443650323
2010,360,Indonésia,271113,Butano liquefeito,784,Emirados Árabes Unidos,69597844,15.688,4,0,443650323
2010,360,Indonésia,271113,Butano liquefeito,60,Bermuda,16839597,3.796,5,0,443650323
2010,360,Indonésia,630900,Vestuário usado,842,EUA,708883,77.941,1,0,909517
2010,360,Indonésia,630900,Vestuário usado,792,Turquia,85000,9.346,2,0,909517
2010,360,Indonésia,630900,Vestuário usado,608,Filipinas,49775,5.473,3,0,909517
2010,360,Indonésia,630900,Vestuário usado,251,França,17008,1.87,4,0,909517
2010,360,Indonésia,630900,Vestuário usado,554,Nova Zelândia,13375,1.471,5,0,909517
2010,360,Indonésia,880212,Helicópteros +2.000 kg,842,EUA,30053418,84.251,1,0,35671418
2010,360,Indonésia,880212,Helicópteros +2.000 kg,124,Canadá,3166500,8.877,2,0,35671418
2010,360,Indonésia,880212,Helicópteros +2.000 kg,702,Singapura,2451500,6.872,3,0,35671418
2010,360,Indonésia,880330,Partes de aviões e helicópteros (ed. antiga),842,EUA,98158135,31.54,1,0,311213138
2010,360,Indonésia,880330,Partes de aviões e helicópteros (ed. antiga),826,Reino Unido,69962774,22.481,2,0,311213138
2010,360,Indonésia,880330,Partes de aviões e helicópteros (ed. antiga),702,Singapura,53476334,17.183,3,0,311213138
2010,360,Indonésia,880330,Partes de aviões e helicópteros (ed. antiga),528,Países Baixos,20202806,6.492,4,0,311213138
2010,360,Indonésia,880330,Partes de aviões e helicópteros (ed. antiga),124,Canadá,13151830,4.226,5,0,311213138
2010,392,Japão,090111,Café verde não descafeinado,76,Brasil,373180221,28.195,1,0,1323563889
2010,392,Japão,090111,Café verde não descafeinado,170,Colômbia,351546885,26.561,2,0,1323563889
2010,392,Japão,090111,Café verde não descafeinado,320,Guatemala,137096182,10.358,3,0,1323563889
2010,392,Japão,090111,Café verde não descafeinado,360,Indonésia,122754167,9.275,4,0,1323563889
2010,392,Japão,090111,Café verde não descafeinado,704,Vietname,89120469,6.733,5,0,1323563889
2010,392,Japão,090111,Café verde não descafeinado,626,Timor-Leste,577212,0.044,27,1,1323563889
2010,392,Japão,090190,Cascas de café e sucedâneos,76,Brasil,58492,100.0,1,0,58492
2010,392,Japão,270900,Petróleo bruto,682,Arábia Saudita,32564080346,30.775,1,0,105814257878
2010,392,Japão,270900,Petróleo bruto,784,Emirados Árabes Unidos,22324095180,21.097,2,0,105814257878
2010,392,Japão,270900,Petróleo bruto,634,Catar,12631459631,11.937,3,0,105814257878
2010,392,Japão,270900,Petróleo bruto,364,Irão,10420609094,9.848,4,0,105814257878
2010,392,Japão,270900,Petróleo bruto,414,Kuwait,7923518864,7.488,5,0,105814257878
2010,392,Japão,270900,Petróleo bruto,626,Timor-Leste,23566309,0.022,27,1,105814257878
2010,392,Japão,271112,Propano liquefeito,634,Catar,1904150368,28.65,1,0,6646352121
2010,392,Japão,271112,Propano liquefeito,784,Emirados Árabes Unidos,1423823875,21.423,2,0,6646352121
2010,392,Japão,271112,Propano liquefeito,682,Arábia Saudita,1253657764,18.862,3,0,6646352121
2010,392,Japão,271112,Propano liquefeito,414,Kuwait,784715723,11.807,4,0,6646352121
2010,392,Japão,271112,Propano liquefeito,364,Irão,488188950,7.345,5,0,6646352121
2010,392,Japão,271112,Propano liquefeito,626,Timor-Leste,8404981,0.126,12,1,6646352121
2010,392,Japão,271113,Butano liquefeito,784,Emirados Árabes Unidos,595471989,26.55,1,0,2242790497
2010,392,Japão,271113,Butano liquefeito,634,Catar,554955376,24.744,2,0,2242790497
2010,392,Japão,271113,Butano liquefeito,36,Austrália,423581048,18.886,3,0,2242790497
2010,392,Japão,271113,Butano liquefeito,682,Arábia Saudita,259069527,11.551,4,0,2242790497
2010,392,Japão,271113,Butano liquefeito,414,Kuwait,167739889,7.479,5,0,2242790497
2010,392,Japão,271113,Butano liquefeito,626,Timor-Leste,10149467,0.453,10,1,2242790497
2010,392,Japão,630900,Vestuário usado,842,EUA,14617263,62.002,1,0,23575572
2010,392,Japão,630900,Vestuário usado,251,França,2651030,11.245,2,0,23575572
2010,392,Japão,630900,Vestuário usado,764,Tailândia,2469866,10.476,3,0,23575572
2010,392,Japão,630900,Vestuário usado,124,Canadá,972574,4.125,4,0,23575572
2010,392,Japão,630900,Vestuário usado,528,Países Baixos,771467,3.272,5,0,23575572
2010,392,Japão,880212,Helicópteros +2.000 kg,842,EUA,32361021,31.687,1,0,102127157
2010,392,Japão,880212,Helicópteros +2.000 kg,251,França,29776661,29.156,2,0,102127157
2010,392,Japão,880212,Helicópteros +2.000 kg,124,Canadá,26092006,25.549,3,0,102127157
2010,392,Japão,880212,Helicópteros +2.000 kg,380,Itália,7127221,6.979,4,0,102127157
2010,392,Japão,880212,Helicópteros +2.000 kg,579,Noruega,6770248,6.629,5,0,102127157
2010,392,Japão,880330,Partes de aviões e helicópteros (ed. antiga),842,EUA,754244385,68.773,1,0,1096721309
2010,392,Japão,880330,Partes de aviões e helicópteros (ed. antiga),826,Reino Unido,93307088,8.508,2,0,1096721309
2010,392,Japão,880330,Partes de aviões e helicópteros (ed. antiga),410,Coreia do Sul,60708855,5.535,3,0,1096721309
2010,392,Japão,880330,Partes de aviões e helicópteros (ed. antiga),251,França,45078995,4.11,4,0,1096721309
2010,392,Japão,880330,Partes de aviões e helicópteros (ed. antiga),276,Alemanha,36982660,3.372,5,0,1096721309
2010,410,Coreia do Sul,090111,Café verde não descafeinado,170,Colômbia,65347333,20.869,1,0,313128307
2010,410,Coreia do Sul,090111,Café verde não descafeinado,76,Brasil,61238214,19.557,2,0,313128307
2010,410,Coreia do Sul,090111,Café verde não descafeinado,704,Vietname,51084024,16.314,3,0,313128307
2010,410,Coreia do Sul,090111,Café verde não descafeinado,340,Honduras,40900295,13.062,4,0,313128307
2010,410,Coreia do Sul,090111,Café verde não descafeinado,604,Peru,32104241,10.253,5,0,313128307
2010,410,Coreia do Sul,090111,Café verde não descafeinado,626,Timor-Leste,168161,0.054,20,1,313128307
2010,410,Coreia do Sul,090190,Cascas de café e sucedâneos,380,Itália,3264,39.966,1,0,8167
2010,410,Coreia do Sul,090190,Cascas de café e sucedâneos,276,Alemanha,2190,26.815,2,0,8167
2010,410,Coreia do Sul,090190,Cascas de café e sucedâneos,842,EUA,1012,12.391,3,0,8167
2010,410,Coreia do Sul,090190,Cascas de café e sucedâneos,76,Brasil,266,3.257,4,0,8167
2010,410,Coreia do Sul,090190,Cascas de café e sucedâneos,170,Colômbia,225,2.755,5,0,8167
2010,410,Coreia do Sul,270900,Petróleo bruto,682,Arábia Saudita,22869394255,33.307,1,0,68662187707
2010,410,Coreia do Sul,270900,Petróleo bruto,784,Emirados Árabes Unidos,8778960947,12.786,2,0,68662187707
2010,410,Coreia do Sul,270900,Petróleo bruto,414,Kuwait,8482672391,12.354,3,0,68662187707
2010,410,Coreia do Sul,270900,Petróleo bruto,364,Irão,5582772062,8.131,4,0,68662187707
2010,410,Coreia do Sul,270900,Petróleo bruto,634,Catar,4940324451,7.195,5,0,68662187707
2010,410,Coreia do Sul,271112,Propano liquefeito,634,Catar,409220105,20.155,1,0,2030380135
2010,410,Coreia do Sul,271112,Propano liquefeito,784,Emirados Árabes Unidos,407976183,20.094,2,0,2030380135
2010,410,Coreia do Sul,271112,Propano liquefeito,682,Arábia Saudita,319572201,15.74,3,0,2030380135
2010,410,Coreia do Sul,271112,Propano liquefeito,414,Kuwait,268764729,13.237,4,0,2030380135
2010,410,Coreia do Sul,271112,Propano liquefeito,458,Malásia,186892922,9.205,5,0,2030380135
2010,410,Coreia do Sul,271113,Butano liquefeito,634,Catar,591266165,25.906,1,0,2282377849
2010,410,Coreia do Sul,271113,Butano liquefeito,784,Emirados Árabes Unidos,470305167,20.606,2,0,2282377849
2010,410,Coreia do Sul,271113,Butano liquefeito,682,Arábia Saudita,330318565,14.473,3,0,2282377849
2010,410,Coreia do Sul,271113,Butano liquefeito,414,Kuwait,313925181,13.754,4,0,2282377849
2010,410,Coreia do Sul,271113,Butano liquefeito,36,Austrália,213186785,9.341,5,0,2282377849
2010,410,Coreia do Sul,630900,Vestuário usado,392,Japão,13720724,57.159,1,0,24004588
2010,410,Coreia do Sul,630900,Vestuário usado,842,EUA,3890111,16.206,2,0,24004588
2010,410,Coreia do Sul,630900,Vestuário usado,36,Austrália,1494880,6.227,3,0,24004588
2010,410,Coreia do Sul,630900,Vestuário usado,826,Reino Unido,626017,2.608,4,0,24004588
2010,410,Coreia do Sul,630900,Vestuário usado,156,China,583267,2.43,5,0,24004588
2010,410,Coreia do Sul,880212,Helicópteros +2.000 kg,251,França,63273467,54.109,1,0,116936829
2010,410,Coreia do Sul,880212,Helicópteros +2.000 kg,842,EUA,40139529,34.326,2,0,116936829
2010,410,Coreia do Sul,880212,Helicópteros +2.000 kg,380,Itália,10523833,9.0,3,0,116936829
2010,410,Coreia do Sul,880212,Helicópteros +2.000 kg,643,Rússia,3000000,2.565,4,0,116936829
2010,410,Coreia do Sul,880330,Partes de aviões e helicópteros (ed. antiga),842,EUA,687797585,85.344,1,0,805908591
2010,410,Coreia do Sul,880330,Partes de aviões e helicópteros (ed. antiga),826,Reino Unido,33704119,4.182,2,0,805908591
2010,410,Coreia do Sul,880330,Partes de aviões e helicópteros (ed. antiga),376,Israel,30120233,3.737,3,0,805908591
2010,410,Coreia do Sul,880330,Partes de aviões e helicópteros (ed. antiga),251,França,20902458,2.594,4,0,805908591
2010,410,Coreia do Sul,880330,Partes de aviões e helicópteros (ed. antiga),643,Rússia,6846432,0.85,5,0,805908591
2010,702,Singapura,090111,Café verde não descafeinado,360,Indonésia,8736510,55.48,1,0,15747032
2010,702,Singapura,090111,Café verde não descafeinado,76,Brasil,1218439,7.738,2,0,15747032
2010,702,Singapura,090111,Café verde não descafeinado,458,Malásia,823629,5.23,3,0,15747032
2010,702,Singapura,090111,Café verde não descafeinado,170,Colômbia,749327,4.759,4,0,15747032
2010,702,Singapura,090111,Café verde não descafeinado,704,Vietname,660272,4.193,5,0,15747032
2010,702,Singapura,090190,Cascas de café e sucedâneos,458,Malásia,132392,44.952,1,0,294520
2010,702,Singapura,090190,Cascas de café e sucedâneos,818,Egito,89787,30.486,2,0,294520
2010,702,Singapura,090190,Cascas de café e sucedâneos,842,EUA,39104,13.277,3,0,294520
2010,702,Singapura,090190,Cascas de café e sucedâneos,764,Tailândia,14417,4.895,4,0,294520
2010,702,Singapura,090190,Cascas de café e sucedâneos,826,Reino Unido,9772,3.318,5,0,294520
2010,702,Singapura,270900,Petróleo bruto,682,Arábia Saudita,7341977222,30.545,1,0,24036432369
2010,702,Singapura,270900,Petróleo bruto,634,Catar,5207080229,21.663,2,0,24036432369
2010,702,Singapura,270900,Petróleo bruto,784,Emirados Árabes Unidos,3963087449,16.488,3,0,24036432369
2010,702,Singapura,270900,Petróleo bruto,414,Kuwait,2128650131,8.856,4,0,24036432369
2010,702,Singapura,270900,Petróleo bruto,368,Iraque,1202188830,5.002,5,0,24036432369
2010,702,Singapura,271112,Propano liquefeito,458,Malásia,1831153,95.182,1,0,1923838
2010,702,Singapura,271112,Propano liquefeito,156,China,65993,3.43,2,0,1923838
2010,702,Singapura,271112,Propano liquefeito,764,Tailândia,19330,1.005,3,0,1923838
2010,702,Singapura,271112,Propano liquefeito,842,EUA,4299,0.223,4,0,1923838
2010,702,Singapura,271112,Propano liquefeito,826,Reino Unido,2444,0.127,5,0,1923838
2010,702,Singapura,271113,Butano liquefeito,458,Malásia,2341660,86.735,1,0,2699791
2010,702,Singapura,271113,Butano liquefeito,156,China,278985,10.334,2,0,2699791
2010,702,Singapura,271113,Butano liquefeito,410,Coreia do Sul,53776,1.992,3,0,2699791
2010,702,Singapura,271113,Butano liquefeito,826,Reino Unido,16807,0.623,4,0,2699791
2010,702,Singapura,271113,Butano liquefeito,276,Alemanha,4862,0.18,5,0,2699791
2010,702,Singapura,630900,Vestuário usado,410,Coreia do Sul,9025026,36.741,1,0,24563657
2010,702,Singapura,630900,Vestuário usado,490,Taiwan (Prov. China),4982861,20.285,2,0,24563657
2010,702,Singapura,630900,Vestuário usado,392,Japão,3351779,13.645,3,0,24563657
2010,702,Singapura,630900,Vestuário usado,458,Malásia,2749683,11.194,4,0,24563657
2010,702,Singapura,630900,Vestuário usado,156,China,2406483,9.797,5,0,24563657
2010,702,Singapura,880212,Helicópteros +2.000 kg,251,França,34518020,50.795,1,0,67955682
2010,702,Singapura,880212,Helicópteros +2.000 kg,842,EUA,19781243,29.109,2,0,67955682
2010,702,Singapura,880212,Helicópteros +2.000 kg,124,Canadá,7681245,11.303,3,0,67955682
2010,702,Singapura,880212,Helicópteros +2.000 kg,458,Malásia,3102291,4.565,4,0,67955682
2010,702,Singapura,880212,Helicópteros +2.000 kg,643,Rússia,2872883,4.228,5,0,67955682
2010,702,Singapura,880330,Partes de aviões e helicópteros (ed. antiga),842,EUA,2431710413,66.429,1,0,3660623619
2010,702,Singapura,880330,Partes de aviões e helicópteros (ed. antiga),251,França,307659467,8.405,2,0,3660623619
2010,702,Singapura,880330,Partes de aviões e helicópteros (ed. antiga),344,Hong Kong (RAEHK),212296284,5.799,3,0,3660623619
2010,702,Singapura,880330,Partes de aviões e helicópteros (ed. antiga),826,Reino Unido,197831487,5.404,4,0,3660623619
2010,702,Singapura,880330,Partes de aviões e helicópteros (ed. antiga),276,Alemanha,81295526,2.221,5,0,3660623619
2011,156,China,090111,Café verde não descafeinado,704,Vietname,74695801,75.506,1,0,98926894
2011,156,China,090111,Café verde não descafeinado,360,Indonésia,8562153,8.655,2,0,98926894
2011,156,China,090111,Café verde não descafeinado,76,Brasil,5374043,5.432,3,0,98926894
2011,156,China,090111,Café verde não descafeinado,170,Colômbia,2621354,2.65,4,0,98926894
2011,156,China,090111,Café verde não descafeinado,320,Guatemala,1682574,1.701,5,0,98926894
2011,156,China,090111,Café verde não descafeinado,626,Timor-Leste,181170,0.183,14,1,98926894
2011,156,China,090190,Cascas de café e sucedâneos,458,Malásia,20418,48.741,1,0,41891
2011,156,China,090190,Cascas de café e sucedâneos,360,Indonésia,7835,18.703,2,0,41891
2011,156,China,090190,Cascas de café e sucedâneos,380,Itália,5114,12.208,3,0,41891
2011,156,China,090190,Cascas de café e sucedâneos,170,Colômbia,3394,8.102,4,0,41891
2011,156,China,090190,Cascas de café e sucedâneos,76,Brasil,3385,8.08,5,0,41891
2011,156,China,270900,Petróleo bruto,682,Arábia Saudita,39015427640,19.828,1,0,196770604891
2011,156,China,270900,Petróleo bruto,24,Angola,24809999280,12.609,2,0,196770604891
2011,156,China,270900,Petróleo bruto,364,Irão,21820145145,11.089,3,0,196770604891
2011,156,China,270900,Petróleo bruto,643,Rússia,16322977122,8.295,4,0,196770604891
2011,156,China,270900,Petróleo bruto,512,Omã,13818483656,7.023,5,0,196770604891
2011,156,China,271112,Propano liquefeito,634,Catar,411213916,23.969,1,0,1715638668
2011,156,China,271112,Propano liquefeito,364,Irão,405086625,23.611,2,0,1715638668
2011,156,China,271112,Propano liquefeito,784,Emirados Árabes Unidos,329741725,19.22,3,0,1715638668
2011,156,China,271112,Propano liquefeito,414,Kuwait,248686762,14.495,4,0,1715638668
2011,156,China,271112,Propano liquefeito,682,Arábia Saudita,189486189,11.045,5,0,1715638668
2011,156,China,271113,Butano liquefeito,634,Catar,380101864,31.863,1,0,1192908618
2011,156,China,271113,Butano liquefeito,784,Emirados Árabes Unidos,219113548,18.368,2,0,1192908618
2011,156,China,271113,Butano liquefeito,414,Kuwait,217187771,18.207,3,0,1192908618
2011,156,China,271113,Butano liquefeito,364,Irão,182997903,15.34,4,0,1192908618
2011,156,China,271113,Butano liquefeito,682,Arábia Saudita,84085362,7.049,5,0,1192908618
2011,156,China,630900,Vestuário usado,899,"Areas, nes",4576,64.788,1,0,7063
2011,156,China,630900,Vestuário usado,156,China,2487,35.212,2,0,7063
2011,156,China,880212,Helicópteros +2.000 kg,251,França,89368756,56.532,1,0,158084480
2011,156,China,880212,Helicópteros +2.000 kg,842,EUA,36479368,23.076,2,0,158084480
2011,156,China,880212,Helicópteros +2.000 kg,380,Itália,32236356,20.392,3,0,158084480
2011,156,China,880330,Partes de aviões e helicópteros (ed. antiga),276,Alemanha,506413689,32.215,1,0,1571998788
2011,156,China,880330,Partes de aviões e helicópteros (ed. antiga),842,EUA,499402489,31.769,2,0,1571998788
2011,156,China,880330,Partes de aviões e helicópteros (ed. antiga),826,Reino Unido,222342883,14.144,3,0,1571998788
2011,156,China,880330,Partes de aviões e helicópteros (ed. antiga),251,França,210508424,13.391,4,0,1571998788
2011,156,China,880330,Partes de aviões e helicópteros (ed. antiga),392,Japão,18517484,1.178,5,0,1571998788
2011,360,Indonésia,090111,Café verde não descafeinado,704,Vietname,20638510,45.403,1,0,45455884
2011,360,Indonésia,090111,Café verde não descafeinado,76,Brasil,10507255,23.115,2,0,45455884
2011,360,Indonésia,090111,Café verde não descafeinado,360,Indonésia,5875130,12.925,3,0,45455884
2011,360,Indonésia,090111,Café verde não descafeinado,764,Tailândia,1715580,3.774,4,0,45455884
2011,360,Indonésia,090111,Café verde não descafeinado,626,Timor-Leste,1373837,3.022,5,1,45455884
2011,360,Indonésia,090111,Café verde não descafeinado,699,Índia,1360369,2.993,6,0,45455884
2011,360,Indonésia,090190,Cascas de café e sucedâneos,458,Malásia,29166,100.0,1,0,29166
2011,360,Indonésia,270900,Petróleo bruto,682,Arábia Saudita,3963859520,35.536,1,0,11154455409
2011,360,Indonésia,270900,Petróleo bruto,31,Azerbaijan,1760599665,15.784,2,0,11154455409
2011,360,Indonésia,270900,Petróleo bruto,566,Nigéria,1606085058,14.399,3,0,11154455409
2011,360,Indonésia,270900,Petróleo bruto,458,Malásia,1361727862,12.208,4,0,11154455409
2011,360,Indonésia,270900,Petróleo bruto,96,Brunei Darussalam,1004933578,9.009,5,0,11154455409
2011,360,Indonésia,271112,Propano liquefeito,364,Irão,363644198,53.903,1,0,674627862
2011,360,Indonésia,271112,Propano liquefeito,784,Emirados Árabes Unidos,143978681,21.342,2,0,674627862
2011,360,Indonésia,271112,Propano liquefeito,634,Catar,102660443,15.217,3,0,674627862
2011,360,Indonésia,271112,Propano liquefeito,682,Arábia Saudita,37435229,5.549,4,0,674627862
2011,360,Indonésia,271112,Propano liquefeito,414,Kuwait,17246965,2.557,5,0,674627862
2011,360,Indonésia,271113,Butano liquefeito,364,Irão,372637027,50.578,1,0,736750806
2011,360,Indonésia,271113,Butano liquefeito,784,Emirados Árabes Unidos,154399095,20.957,2,0,736750806
2011,360,Indonésia,271113,Butano liquefeito,634,Catar,109888780,14.915,3,0,736750806
2011,360,Indonésia,271113,Butano liquefeito,682,Arábia Saudita,81181878,11.019,4,0,736750806
2011,360,Indonésia,271113,Butano liquefeito,414,Kuwait,18380573,2.495,5,0,736750806
2011,360,Indonésia,630900,Vestuário usado,251,França,546014,31.968,1,0,1708017
2011,360,Indonésia,630900,Vestuário usado,842,EUA,447938,26.226,2,0,1708017
2011,360,Indonésia,630900,Vestuário usado,702,Singapura,193476,11.328,3,0,1708017
2011,360,Indonésia,630900,Vestuário usado,36,Austrália,191649,11.221,4,0,1708017
2011,360,Indonésia,630900,Vestuário usado,699,Índia,144953,8.487,5,0,1708017
2011,360,Indonésia,880212,Helicópteros +2.000 kg,124,Canadá,23367608,29.399,1,0,79484038
2011,360,Indonésia,880212,Helicópteros +2.000 kg,702,Singapura,20749130,26.105,2,0,79484038
2011,360,Indonésia,880212,Helicópteros +2.000 kg,842,EUA,16356690,20.579,3,0,79484038
2011,360,Indonésia,880212,Helicópteros +2.000 kg,380,Itália,9014850,11.342,4,0,79484038
2011,360,Indonésia,880212,Helicópteros +2.000 kg,699,Índia,4500000,5.662,5,0,79484038
2011,360,Indonésia,880330,Partes de aviões e helicópteros (ed. antiga),842,EUA,153203754,32.693,1,0,468613503
2011,360,Indonésia,880330,Partes de aviões e helicópteros (ed. antiga),702,Singapura,81282247,17.345,2,0,468613503
2011,360,Indonésia,880330,Partes de aviões e helicópteros (ed. antiga),643,Rússia,67205519,14.341,3,0,468613503
2011,360,Indonésia,880330,Partes de aviões e helicópteros (ed. antiga),826,Reino Unido,44454906,9.486,4,0,468613503
2011,360,Indonésia,880330,Partes de aviões e helicópteros (ed. antiga),124,Canadá,39371495,8.402,5,0,468613503
2011,392,Japão,090111,Café verde não descafeinado,76,Brasil,609165761,31.191,1,0,1953043299
2011,392,Japão,090111,Café verde não descafeinado,170,Colômbia,413095315,21.151,2,0,1953043299
2011,392,Japão,090111,Café verde não descafeinado,320,Guatemala,220370891,11.283,3,0,1953043299
2011,392,Japão,090111,Café verde não descafeinado,360,Indonésia,187104969,9.58,4,0,1953043299
2011,392,Japão,090111,Café verde não descafeinado,704,Vietname,133688602,6.845,5,0,1953043299
2011,392,Japão,090111,Café verde não descafeinado,626,Timor-Leste,1144100,0.059,27,1,1953043299
2011,392,Japão,090190,Cascas de café e sucedâneos,842,EUA,38743,63.438,1,0,61072
2011,392,Japão,090190,Cascas de café e sucedâneos,76,Brasil,14819,24.265,2,0,61072
2011,392,Japão,090190,Cascas de café e sucedâneos,124,Canadá,7510,12.297,3,0,61072
2011,392,Japão,270900,Petróleo bruto,682,Arábia Saudita,46933497076,33.028,1,0,142101309769
2011,392,Japão,270900,Petróleo bruto,784,Emirados Árabes Unidos,33104004732,23.296,2,0,142101309769
2011,392,Japão,270900,Petróleo bruto,634,Catar,14886098238,10.476,3,0,142101309769
2011,392,Japão,270900,Petróleo bruto,364,Irão,12196933050,8.583,4,0,142101309769
2011,392,Japão,270900,Petróleo bruto,414,Kuwait,9407449594,6.62,5,0,142101309769
2011,392,Japão,271112,Propano liquefeito,634,Catar,2651412446,32.563,1,0,8142412436
2011,392,Japão,271112,Propano liquefeito,784,Emirados Árabes Unidos,1912580110,23.489,2,0,8142412436
2011,392,Japão,271112,Propano liquefeito,682,Arábia Saudita,1459187545,17.921,3,0,8142412436
2011,392,Japão,271112,Propano liquefeito,414,Kuwait,1027972496,12.625,4,0,8142412436
2011,392,Japão,271112,Propano liquefeito,36,Austrália,510301928,6.267,5,0,8142412436
2011,392,Japão,271112,Propano liquefeito,626,Timor-Leste,6731429,0.083,11,1,8142412436
2011,392,Japão,271113,Butano liquefeito,634,Catar,884145068,29.218,1,0,3026064849
2011,392,Japão,271113,Butano liquefeito,784,Emirados Árabes Unidos,725421646,23.972,2,0,3026064849
2011,392,Japão,271113,Butano liquefeito,36,Austrália,621019977,20.522,3,0,3026064849
2011,392,Japão,271113,Butano liquefeito,414,Kuwait,306977377,10.144,4,0,3026064849
2011,392,Japão,271113,Butano liquefeito,682,Arábia Saudita,238658823,7.887,5,0,3026064849
2011,392,Japão,271113,Butano liquefeito,626,Timor-Leste,4373102,0.145,11,1,3026064849
2011,392,Japão,630900,Vestuário usado,842,EUA,14243300,59.793,1,0,23820870
2011,392,Japão,630900,Vestuário usado,251,França,2700587,11.337,2,0,23820870
2011,392,Japão,630900,Vestuário usado,764,Tailândia,2467047,10.357,3,0,23820870
2011,392,Japão,630900,Vestuário usado,124,Canadá,1352095,5.676,4,0,23820870
2011,392,Japão,630900,Vestuário usado,528,Países Baixos,776636,3.26,5,0,23820870
2011,392,Japão,880212,Helicópteros +2.000 kg,380,Itália,128751142,58.257,1,0,221004195
2011,392,Japão,880212,Helicópteros +2.000 kg,842,EUA,72673257,32.883,2,0,221004195
2011,392,Japão,880212,Helicópteros +2.000 kg,251,França,19579796,8.859,3,0,221004195
2011,392,Japão,880330,Partes de aviões e helicópteros (ed. antiga),842,EUA,713710811,72.43,1,0,985379735
2011,392,Japão,880330,Partes de aviões e helicópteros (ed. antiga),410,Coreia do Sul,60244624,6.114,2,0,985379735
2011,392,Japão,880330,Partes de aviões e helicópteros (ed. antiga),251,França,49355610,5.009,3,0,985379735
2011,392,Japão,880330,Partes de aviões e helicópteros (ed. antiga),124,Canadá,43594345,4.424,4,0,985379735
2011,392,Japão,880330,Partes de aviões e helicópteros (ed. antiga),276,Alemanha,30598364,3.105,5,0,985379735
2011,410,Coreia do Sul,090111,Café verde não descafeinado,76,Brasil,117080345,22.392,1,0,522870731
2011,410,Coreia do Sul,090111,Café verde não descafeinado,170,Colômbia,107307473,20.523,2,0,522870731
2011,410,Coreia do Sul,090111,Café verde não descafeinado,704,Vietname,86641836,16.57,3,0,522870731
2011,410,Coreia do Sul,090111,Café verde não descafeinado,340,Honduras,65827598,12.59,4,0,522870731
2011,410,Coreia do Sul,090111,Café verde não descafeinado,604,Peru,53869316,10.303,5,0,522870731
2011,410,Coreia do Sul,090111,Café verde não descafeinado,626,Timor-Leste,369295,0.071,23,1,522870731
2011,410,Coreia do Sul,090190,Cascas de café e sucedâneos,490,Taiwan (Prov. China),8460,58.583,1,0,14441
2011,410,Coreia do Sul,090190,Cascas de café e sucedâneos,380,Itália,2511,17.388,2,0,14441
2011,410,Coreia do Sul,090190,Cascas de café e sucedâneos,704,Vietname,2007,13.898,3,0,14441
2011,410,Coreia do Sul,090190,Cascas de café e sucedâneos,608,Filipinas,556,3.85,4,0,14441
2011,410,Coreia do Sul,090190,Cascas de café e sucedâneos,360,Indonésia,180,1.246,5,0,14441
2011,410,Coreia do Sul,270900,Petróleo bruto,682,Arábia Saudita,32994767979,32.731,1,0,100805574134
2011,410,Coreia do Sul,270900,Petróleo bruto,414,Kuwait,13811724753,13.701,2,0,100805574134
2011,410,Coreia do Sul,270900,Petróleo bruto,634,Catar,10012565124,9.933,3,0,100805574134
2011,410,Coreia do Sul,270900,Petróleo bruto,784,Emirados Árabes Unidos,9804779174,9.726,4,0,100805574134
2011,410,Coreia do Sul,270900,Petróleo bruto,364,Irão,9358358644,9.284,5,0,100805574134
2011,410,Coreia do Sul,271112,Propano liquefeito,634,Catar,742931663,27.697,1,0,2682330445
2011,410,Coreia do Sul,271112,Propano liquefeito,784,Emirados Árabes Unidos,526357802,19.623,2,0,2682330445
2011,410,Coreia do Sul,271112,Propano liquefeito,364,Irão,478957671,17.856,3,0,2682330445
2011,410,Coreia do Sul,271112,Propano liquefeito,414,Kuwait,351286065,13.096,4,0,2682330445
2011,410,Coreia do Sul,271112,Propano liquefeito,682,Arábia Saudita,242228023,9.031,5,0,2682330445
2011,410,Coreia do Sul,271112,Propano liquefeito,626,Timor-Leste,20053155,0.748,9,1,2682330445
2011,410,Coreia do Sul,271113,Butano liquefeito,634,Catar,753530554,25.327,1,0,2975157662
2011,410,Coreia do Sul,271113,Butano liquefeito,784,Emirados Árabes Unidos,718099446,24.137,2,0,2975157662
2011,410,Coreia do Sul,271113,Butano liquefeito,414,Kuwait,389956978,13.107,3,0,2975157662
2011,410,Coreia do Sul,271113,Butano liquefeito,682,Arábia Saudita,383554534,12.892,4,0,2975157662
2011,410,Coreia do Sul,271113,Butano liquefeito,36,Austrália,221866752,7.457,5,0,2975157662
2011,410,Coreia do Sul,271113,Butano liquefeito,626,Timor-Leste,19256028,0.647,10,1,2975157662
2011,410,Coreia do Sul,630900,Vestuário usado,392,Japão,20260523,56.443,1,0,35895487
2011,410,Coreia do Sul,630900,Vestuário usado,842,EUA,7932023,22.098,2,0,35895487
2011,410,Coreia do Sul,630900,Vestuário usado,36,Austrália,1525822,4.251,3,0,35895487
2011,410,Coreia do Sul,630900,Vestuário usado,156,China,1021691,2.846,4,0,35895487
2011,410,Coreia do Sul,630900,Vestuário usado,826,Reino Unido,941420,2.623,5,0,35895487
2011,410,Coreia do Sul,630900,Vestuário usado,626,Timor-Leste,44,0.0,105,1,35895487
2011,410,Coreia do Sul,880212,Helicópteros +2.000 kg,842,EUA,18120488,45.834,1,0,39534996
2011,410,Coreia do Sul,880212,Helicópteros +2.000 kg,380,Itália,15878065,40.162,2,0,39534996
2011,410,Coreia do Sul,880212,Helicópteros +2.000 kg,251,França,4186152,10.588,3,0,39534996
2011,410,Coreia do Sul,880212,Helicópteros +2.000 kg,616,Polónia,1350291,3.415,4,0,39534996
2011,410,Coreia do Sul,880330,Partes de aviões e helicópteros (ed. antiga),842,EUA,593735195,84.599,1,0,701823234
2011,410,Coreia do Sul,880330,Partes de aviões e helicópteros (ed. antiga),376,Israel,29807061,4.247,2,0,701823234
2011,410,Coreia do Sul,880330,Partes de aviões e helicópteros (ed. antiga),826,Reino Unido,29063419,4.141,3,0,701823234
2011,410,Coreia do Sul,880330,Partes de aviões e helicópteros (ed. antiga),251,França,13225354,1.884,4,0,701823234
2011,410,Coreia do Sul,880330,Partes de aviões e helicópteros (ed. antiga),643,Rússia,6444266,0.918,5,0,701823234
2011,702,Singapura,090111,Café verde não descafeinado,360,Indonésia,14064870,53.841,1,0,26123142
2011,702,Singapura,090111,Café verde não descafeinado,458,Malásia,2140100,8.192,2,0,26123142
2011,702,Singapura,090111,Café verde não descafeinado,76,Brasil,1706194,6.531,3,0,26123142
2011,702,Singapura,090111,Café verde não descafeinado,392,Japão,1394754,5.339,4,0,26123142
2011,702,Singapura,090111,Café verde não descafeinado,704,Vietname,992292,3.799,5,0,26123142
2011,702,Singapura,090111,Café verde não descafeinado,626,Timor-Leste,172740,0.661,19,1,26123142
2011,702,Singapura,090190,Cascas de café e sucedâneos,458,Malásia,291890,63.865,1,0,457045
2011,702,Singapura,090190,Cascas de café e sucedâneos,36,Austrália,107244,23.465,2,0,457045
2011,702,Singapura,090190,Cascas de café e sucedâneos,380,Itália,22762,4.98,3,0,457045
2011,702,Singapura,090190,Cascas de café e sucedâneos,842,EUA,14912,3.263,4,0,457045
2011,702,Singapura,090190,Cascas de café e sucedâneos,764,Tailândia,9781,2.14,5,0,457045
2011,702,Singapura,270900,Petróleo bruto,682,Arábia Saudita,11166265552,33.261,1,0,33571708700
2011,702,Singapura,270900,Petróleo bruto,784,Emirados Árabes Unidos,7563864627,22.53,2,0,33571708700
2011,702,Singapura,270900,Petróleo bruto,634,Catar,6953410164,20.712,3,0,33571708700
2011,702,Singapura,270900,Petróleo bruto,414,Kuwait,3006637595,8.956,4,0,33571708700
2011,702,Singapura,270900,Petróleo bruto,512,Omã,970260848,2.89,5,0,33571708700
2011,702,Singapura,270900,Petróleo bruto,626,Timor-Leste,34536261,0.103,20,1,33571708700
2011,702,Singapura,271112,Propano liquefeito,458,Malásia,416402,81.338,1,0,511940
2011,702,Singapura,271112,Propano liquefeito,156,China,75187,14.687,2,0,511940
2011,702,Singapura,271112,Propano liquefeito,764,Tailândia,14880,2.907,3,0,511940
2011,702,Singapura,271112,Propano liquefeito,410,Coreia do Sul,3583,0.7,4,0,511940
2011,702,Singapura,271112,Propano liquefeito,826,Reino Unido,1605,0.314,5,0,511940
2011,702,Singapura,271113,Butano liquefeito,458,Malásia,4211395,38.684,1,0,10886799
2011,702,Singapura,271113,Butano liquefeito,784,Emirados Árabes Unidos,2672005,24.544,2,0,10886799
2011,702,Singapura,271113,Butano liquefeito,704,Vietname,1817527,16.695,3,0,10886799
2011,702,Singapura,271113,Butano liquefeito,608,Filipinas,1780280,16.353,4,0,10886799
2011,702,Singapura,271113,Butano liquefeito,156,China,289863,2.663,5,0,10886799
2011,702,Singapura,630900,Vestuário usado,410,Coreia do Sul,11038841,35.363,1,0,31215868
2011,702,Singapura,630900,Vestuário usado,156,China,5820482,18.646,2,0,31215868
2011,702,Singapura,630900,Vestuário usado,490,Taiwan (Prov. China),4635807,14.851,3,0,31215868
2011,702,Singapura,630900,Vestuário usado,392,Japão,3983318,12.761,4,0,31215868
2011,702,Singapura,630900,Vestuário usado,458,Malásia,3627310,11.62,5,0,31215868
2011,702,Singapura,880212,Helicópteros +2.000 kg,842,EUA,16452115,32.823,1,0,50123142
2011,702,Singapura,880212,Helicópteros +2.000 kg,124,Canadá,14831325,29.59,2,0,50123142
2011,702,Singapura,880212,Helicópteros +2.000 kg,251,França,11445638,22.835,3,0,50123142
2011,702,Singapura,880212,Helicópteros +2.000 kg,276,Alemanha,4795175,9.567,4,0,50123142
2011,702,Singapura,880212,Helicópteros +2.000 kg,156,China,2598890,5.185,5,0,50123142
2011,702,Singapura,880330,Partes de aviões e helicópteros (ed. antiga),842,EUA,2876287469,65.932,1,0,4362498246
2011,702,Singapura,880330,Partes de aviões e helicópteros (ed. antiga),251,França,379910253,8.709,2,0,4362498246
2011,702,Singapura,880330,Partes de aviões e helicópteros (ed. antiga),826,Reino Unido,295413683,6.772,3,0,4362498246
2011,702,Singapura,880330,Partes de aviões e helicópteros (ed. antiga),344,Hong Kong (RAEHK),199044725,4.563,4,0,4362498246
2011,702,Singapura,880330,Partes de aviões e helicópteros (ed. antiga),276,Alemanha,110616492,2.536,5,0,4362498246
2012,156,China,090111,Café verde não descafeinado,704,Vietname,86702779,67.851,1,0,127784666
2012,156,China,090111,Café verde não descafeinado,360,Indonésia,21485335,16.814,2,0,127784666
2012,156,China,090111,Café verde não descafeinado,76,Brasil,5975576,4.676,3,0,127784666
2012,156,China,090111,Café verde não descafeinado,170,Colômbia,4269043,3.341,4,0,127784666
2012,156,China,090111,Café verde não descafeinado,231,Etiópia,2679393,2.097,5,0,127784666
2012,156,China,090111,Café verde não descafeinado,626,Timor-Leste,102446,0.08,16,1,127784666
2012,156,China,090190,Cascas de café e sucedâneos,392,Japão,20363,45.023,1,0,45228
2012,156,China,090190,Cascas de café e sucedâneos,360,Indonésia,10380,22.95,2,0,45228
2012,156,China,090190,Cascas de café e sucedâneos,598,Papua New Guinea,6018,13.306,3,0,45228
2012,156,China,090190,Cascas de café e sucedâneos,458,Malásia,5342,11.811,4,0,45228
2012,156,China,090190,Cascas de café e sucedâneos,490,Taiwan (Prov. China),2150,4.754,5,0,45228
2012,156,China,270900,Petróleo bruto,682,Arábia Saudita,44165045207,20.003,1,0,220793843089
2012,156,China,270900,Petróleo bruto,24,Angola,33373390248,15.115,2,0,220793843089
2012,156,China,270900,Petróleo bruto,643,Rússia,20485270871,9.278,3,0,220793843089
2012,156,China,270900,Petróleo bruto,364,Irão,17800741137,8.062,4,0,220793843089
2012,156,China,270900,Petróleo bruto,512,Omã,15818658133,7.164,5,0,220793843089
2012,156,China,271112,Propano liquefeito,784,Emirados Árabes Unidos,402362796,23.842,1,0,1687654870
2012,156,China,271112,Propano liquefeito,634,Catar,313601957,18.582,2,0,1687654870
2012,156,China,271112,Propano liquefeito,682,Arábia Saudita,302802274,17.942,3,0,1687654870
2012,156,China,271112,Propano liquefeito,414,Kuwait,233439176,13.832,4,0,1687654870
2012,156,China,271112,Propano liquefeito,410,Coreia do Sul,124885044,7.4,5,0,1687654870
2012,156,China,271113,Butano liquefeito,784,Emirados Árabes Unidos,366476188,27.08,1,0,1353288081
2012,156,China,271113,Butano liquefeito,682,Arábia Saudita,232949449,17.214,2,0,1353288081
2012,156,China,271113,Butano liquefeito,634,Catar,207148569,15.307,3,0,1353288081
2012,156,China,271113,Butano liquefeito,414,Kuwait,206436072,15.254,4,0,1353288081
2012,156,China,271113,Butano liquefeito,36,Austrália,130992562,9.68,5,0,1353288081
2012,156,China,880212,Helicópteros +2.000 kg,251,França,58356920,43.41,1,0,134431443
2012,156,China,880212,Helicópteros +2.000 kg,842,EUA,50455732,37.533,2,0,134431443
2012,156,China,880212,Helicópteros +2.000 kg,124,Canadá,18618791,13.85,3,0,134431443
2012,156,China,880212,Helicópteros +2.000 kg,643,Rússia,7000000,5.207,4,0,134431443
2012,156,China,880330,Partes de aviões e helicópteros (ed. antiga),842,EUA,451548022,29.675,1,0,1521658046
2012,156,China,880330,Partes de aviões e helicópteros (ed. antiga),276,Alemanha,435021725,28.589,2,0,1521658046
2012,156,China,880330,Partes de aviões e helicópteros (ed. antiga),251,França,262604507,17.258,3,0,1521658046
2012,156,China,880330,Partes de aviões e helicópteros (ed. antiga),826,Reino Unido,259053327,17.024,4,0,1521658046
2012,156,China,880330,Partes de aviões e helicópteros (ed. antiga),410,Coreia do Sul,15367342,1.01,5,0,1521658046
2012,360,Indonésia,090111,Café verde não descafeinado,704,Vietname,94133003,83.323,1,0,112973204
2012,360,Indonésia,090111,Café verde não descafeinado,76,Brasil,9955606,8.812,2,0,112973204
2012,360,Indonésia,090111,Café verde não descafeinado,702,Singapura,2811856,2.489,3,0,112973204
2012,360,Indonésia,090111,Café verde não descafeinado,156,China,1807260,1.6,4,0,112973204
2012,360,Indonésia,090111,Café verde não descafeinado,360,Indonésia,1232761,1.091,5,0,112973204
2012,360,Indonésia,090111,Café verde não descafeinado,626,Timor-Leste,598987,0.53,6,1,112973204
2012,360,Indonésia,090190,Cascas de café e sucedâneos,490,Taiwan (Prov. China),7386,77.478,1,0,9533
2012,360,Indonésia,090190,Cascas de café e sucedâneos,702,Singapura,2147,22.522,2,0,9533
2012,360,Indonésia,270900,Petróleo bruto,682,Arábia Saudita,3320091962,30.732,1,0,10803249662
2012,360,Indonésia,270900,Petróleo bruto,566,Nigéria,2665403111,24.672,2,0,10803249662
2012,360,Indonésia,270900,Petróleo bruto,31,Azerbaijan,1233533870,11.418,3,0,10803249662
2012,360,Indonésia,270900,Petróleo bruto,458,Malásia,800348253,7.408,4,0,10803249662
2012,360,Indonésia,270900,Petróleo bruto,434,Libya,509819426,4.719,5,0,10803249662
2012,360,Indonésia,271112,Propano liquefeito,784,Emirados Árabes Unidos,373119423,28.534,1,0,1307627129
2012,360,Indonésia,271112,Propano liquefeito,634,Catar,265058022,20.27,2,0,1307627129
2012,360,Indonésia,271112,Propano liquefeito,364,Irão,242468913,18.543,3,0,1307627129
2012,360,Indonésia,271112,Propano liquefeito,682,Arábia Saudita,202208678,15.464,4,0,1307627129
2012,360,Indonésia,271112,Propano liquefeito,414,Kuwait,93697338,7.165,5,0,1307627129
2012,360,Indonésia,271113,Butano liquefeito,784,Emirados Árabes Unidos,620300192,36.056,1,0,1720362717
2012,360,Indonésia,271113,Butano liquefeito,634,Catar,312071102,18.14,2,0,1720362717
2012,360,Indonésia,271113,Butano liquefeito,364,Irão,276993073,16.101,3,0,1720362717
2012,360,Indonésia,271113,Butano liquefeito,682,Arábia Saudita,258780242,15.042,4,0,1720362717
2012,360,Indonésia,271113,Butano liquefeito,414,Kuwait,103879367,6.038,5,0,1720362717
2012,360,Indonésia,630900,Vestuário usado,251,França,174887,49.606,1,0,352553
2012,360,Indonésia,630900,Vestuário usado,36,Austrália,34492,9.783,2,0,352553
2012,360,Indonésia,630900,Vestuário usado,826,Reino Unido,31300,8.878,3,0,352553
2012,360,Indonésia,630900,Vestuário usado,276,Alemanha,24580,6.972,4,0,352553
2012,360,Indonésia,630900,Vestuário usado,528,Países Baixos,19790,5.613,5,0,352553
2012,360,Indonésia,880212,Helicópteros +2.000 kg,842,EUA,54406740,61.999,1,0,87754428
2012,360,Indonésia,880212,Helicópteros +2.000 kg,124,Canadá,20069758,22.87,2,0,87754428
2012,360,Indonésia,880212,Helicópteros +2.000 kg,380,Itália,7102930,8.094,3,0,87754428
2012,360,Indonésia,880212,Helicópteros +2.000 kg,276,Alemanha,3500000,3.988,4,0,87754428
2012,360,Indonésia,880212,Helicópteros +2.000 kg,598,Papua New Guinea,2675000,3.048,5,0,87754428
2012,360,Indonésia,880330,Partes de aviões e helicópteros (ed. antiga),842,EUA,150990473,33.684,1,0,448250570
2012,360,Indonésia,880330,Partes de aviões e helicópteros (ed. antiga),702,Singapura,77155506,17.213,2,0,448250570
2012,360,Indonésia,880330,Partes de aviões e helicópteros (ed. antiga),124,Canadá,75343555,16.808,3,0,448250570
2012,360,Indonésia,880330,Partes de aviões e helicópteros (ed. antiga),826,Reino Unido,38633811,8.619,4,0,448250570
2012,360,Indonésia,880330,Partes de aviões e helicópteros (ed. antiga),251,França,29398714,6.559,5,0,448250570
2012,392,Japão,090111,Café verde não descafeinado,76,Brasil,570362722,36.015,1,0,1583688203
2012,392,Japão,090111,Café verde não descafeinado,170,Colômbia,240528246,15.188,2,0,1583688203
2012,392,Japão,090111,Café verde não descafeinado,704,Vietname,171881717,10.853,3,0,1583688203
2012,392,Japão,090111,Café verde não descafeinado,320,Guatemala,151614463,9.574,4,0,1583688203
2012,392,Japão,090111,Café verde não descafeinado,360,Indonésia,143649016,9.071,5,0,1583688203
2012,392,Japão,090111,Café verde não descafeinado,626,Timor-Leste,1624367,0.103,25,1,1583688203
2012,392,Japão,090190,Cascas de café e sucedâneos,842,EUA,47267,54.478,1,0,86763
2012,392,Japão,090190,Cascas de café e sucedâneos,76,Brasil,39496,45.522,2,0,86763
2012,392,Japão,270900,Petróleo bruto,682,Arábia Saudita,50402979023,32.92,1,0,153107428715
2012,392,Japão,270900,Petróleo bruto,784,Emirados Árabes Unidos,33455492232,21.851,2,0,153107428715
2012,392,Japão,270900,Petróleo bruto,634,Catar,16222354351,10.595,3,0,153107428715
2012,392,Japão,270900,Petróleo bruto,414,Kuwait,11518864528,7.523,4,0,153107428715
2012,392,Japão,270900,Petróleo bruto,364,Irão,7840761184,5.121,5,0,153107428715
2012,392,Japão,270900,Petróleo bruto,626,Timor-Leste,59949456,0.039,27,1,153107428715
2012,392,Japão,271112,Propano liquefeito,634,Catar,3000881748,31.297,1,0,9588261270
2012,392,Japão,271112,Propano liquefeito,784,Emirados Árabes Unidos,2346414496,24.472,2,0,9588261270
2012,392,Japão,271112,Propano liquefeito,682,Arábia Saudita,1616569468,16.86,3,0,9588261270
2012,392,Japão,271112,Propano liquefeito,414,Kuwait,1308952491,13.652,4,0,9588261270
2012,392,Japão,271112,Propano liquefeito,36,Austrália,658266568,6.865,5,0,9588261270
2012,392,Japão,271112,Propano liquefeito,626,Timor-Leste,13608205,0.142,12,1,9588261270
2012,392,Japão,271113,Butano liquefeito,784,Emirados Árabes Unidos,785956725,24.803,1,0,3168789961
2012,392,Japão,271113,Butano liquefeito,36,Austrália,731932913,23.098,2,0,3168789961
2012,392,Japão,271113,Butano liquefeito,634,Catar,711176948,22.443,3,0,3168789961
2012,392,Japão,271113,Butano liquefeito,414,Kuwait,365423497,11.532,4,0,3168789961
2012,392,Japão,271113,Butano liquefeito,682,Arábia Saudita,349900267,11.042,5,0,3168789961
2012,392,Japão,271113,Butano liquefeito,626,Timor-Leste,17096069,0.54,9,1,3168789961
2012,392,Japão,630900,Vestuário usado,842,EUA,15843217,57.327,1,0,27636372
2012,392,Japão,630900,Vestuário usado,764,Tailândia,3918592,14.179,2,0,27636372
2012,392,Japão,630900,Vestuário usado,251,França,3049904,11.036,3,0,27636372
2012,392,Japão,630900,Vestuário usado,124,Canadá,1302099,4.712,4,0,27636372
2012,392,Japão,630900,Vestuário usado,586,Paquistão,676951,2.449,5,0,27636372
2012,392,Japão,880212,Helicópteros +2.000 kg,380,Itália,109876351,63.576,1,0,172827064
2012,392,Japão,880212,Helicópteros +2.000 kg,842,EUA,36280097,20.992,2,0,172827064
2012,392,Japão,880212,Helicópteros +2.000 kg,251,França,12036982,6.965,3,0,172827064
2012,392,Japão,880212,Helicópteros +2.000 kg,276,Alemanha,8410602,4.866,4,0,172827064
2012,392,Japão,880212,Helicópteros +2.000 kg,124,Canadá,6223032,3.601,5,0,172827064
2012,392,Japão,880330,Partes de aviões e helicópteros (ed. antiga),842,EUA,919275815,69.604,1,0,1320722758
2012,392,Japão,880330,Partes de aviões e helicópteros (ed. antiga),410,Coreia do Sul,108754132,8.234,2,0,1320722758
2012,392,Japão,880330,Partes de aviões e helicópteros (ed. antiga),251,França,62441622,4.728,3,0,1320722758
2012,392,Japão,880330,Partes de aviões e helicópteros (ed. antiga),826,Reino Unido,56149476,4.251,4,0,1320722758
2012,392,Japão,880330,Partes de aviões e helicópteros (ed. antiga),124,Canadá,51697701,3.914,5,0,1320722758
2012,410,Coreia do Sul,090111,Café verde não descafeinado,76,Brasil,89003451,23.271,1,0,382460536
2012,410,Coreia do Sul,090111,Café verde não descafeinado,704,Vietname,73672278,19.263,2,0,382460536
2012,410,Coreia do Sul,090111,Café verde não descafeinado,170,Colômbia,60279421,15.761,3,0,382460536
2012,410,Coreia do Sul,090111,Café verde não descafeinado,340,Honduras,42491489,11.11,4,0,382460536
2012,410,Coreia do Sul,090111,Café verde não descafeinado,604,Peru,39065560,10.214,5,0,382460536
2012,410,Coreia do Sul,090111,Café verde não descafeinado,626,Timor-Leste,413230,0.108,21,1,382460536
2012,410,Coreia do Sul,090190,Cascas de café e sucedâneos,704,Vietname,72829,99.613,1,0,73112
2012,410,Coreia do Sul,090190,Cascas de café e sucedâneos,842,EUA,91,0.124,2,0,73112
2012,410,Coreia do Sul,090190,Cascas de café e sucedâneos,608,Filipinas,66,0.09,3,0,73112
2012,410,Coreia do Sul,090190,Cascas de café e sucedâneos,76,Brasil,32,0.044,4,0,73112
2012,410,Coreia do Sul,090190,Cascas de café e sucedâneos,340,Honduras,20,0.027,5,0,73112
2012,410,Coreia do Sul,270900,Petróleo bruto,682,Arábia Saudita,35579981293,32.854,1,0,108298230910
2012,410,Coreia do Sul,270900,Petróleo bruto,414,Kuwait,15914082589,14.695,2,0,108298230910
2012,410,Coreia do Sul,270900,Petróleo bruto,634,Catar,11519776473,10.637,3,0,108298230910
2012,410,Coreia do Sul,270900,Petróleo bruto,368,Iraque,10226963880,9.443,4,0,108298230910
2012,410,Coreia do Sul,270900,Petróleo bruto,784,Emirados Árabes Unidos,9869396070,9.113,5,0,108298230910
2012,410,Coreia do Sul,270900,Petróleo bruto,626,Timor-Leste,114013481,0.105,20,1,108298230910
2012,410,Coreia do Sul,271112,Propano liquefeito,364,Irão,1038836559,37.952,1,0,2737204802
2012,410,Coreia do Sul,271112,Propano liquefeito,682,Arábia Saudita,398416953,14.556,2,0,2737204802
2012,410,Coreia do Sul,271112,Propano liquefeito,784,Emirados Árabes Unidos,385926261,14.099,3,0,2737204802
2012,410,Coreia do Sul,271112,Propano liquefeito,634,Catar,365223730,13.343,4,0,2737204802
2012,410,Coreia do Sul,271112,Propano liquefeito,414,Kuwait,235452874,8.602,5,0,2737204802
2012,410,Coreia do Sul,271113,Butano liquefeito,784,Emirados Árabes Unidos,667083936,23.496,1,0,2839117028
2012,410,Coreia do Sul,271113,Butano liquefeito,634,Catar,604538639,21.293,2,0,2839117028
2012,410,Coreia do Sul,271113,Butano liquefeito,364,Irão,513845813,18.099,3,0,2839117028
2012,410,Coreia do Sul,271113,Butano liquefeito,682,Arábia Saudita,367307386,12.937,4,0,2839117028
2012,410,Coreia do Sul,271113,Butano liquefeito,414,Kuwait,352443598,12.414,5,0,2839117028
2012,410,Coreia do Sul,630900,Vestuário usado,392,Japão,26034211,52.286,1,0,49791719
2012,410,Coreia do Sul,630900,Vestuário usado,842,EUA,13653282,27.421,2,0,49791719
2012,410,Coreia do Sul,630900,Vestuário usado,156,China,2785755,5.595,3,0,49791719
2012,410,Coreia do Sul,630900,Vestuário usado,36,Austrália,1538153,3.089,4,0,49791719
2012,410,Coreia do Sul,630900,Vestuário usado,826,Reino Unido,1280180,2.571,5,0,49791719
2012,410,Coreia do Sul,630900,Vestuário usado,626,Timor-Leste,1886,0.004,82,1,49791719
2012,410,Coreia do Sul,880212,Helicópteros +2.000 kg,392,Japão,1751029,61.428,1,0,2850537
2012,410,Coreia do Sul,880212,Helicópteros +2.000 kg,251,França,1099500,38.572,2,0,2850537
2012,410,Coreia do Sul,880212,Helicópteros +2.000 kg,842,EUA,8,0.0,3,0,2850537
2012,410,Coreia do Sul,880330,Partes de aviões e helicópteros (ed. antiga),842,EUA,525084913,75.472,1,0,695733369
2012,410,Coreia do Sul,880330,Partes de aviões e helicópteros (ed. antiga),826,Reino Unido,56432998,8.111,2,0,695733369
2012,410,Coreia do Sul,880330,Partes de aviões e helicópteros (ed. antiga),376,Israel,55123879,7.923,3,0,695733369
2012,410,Coreia do Sul,880330,Partes de aviões e helicópteros (ed. antiga),251,França,12224025,1.757,4,0,695733369
2012,410,Coreia do Sul,880330,Partes de aviões e helicópteros (ed. antiga),276,Alemanha,12013618,1.727,5,0,695733369
2012,702,Singapura,090111,Café verde não descafeinado,360,Indonésia,31889499,61.715,1,0,51672395
2012,702,Singapura,090111,Café verde não descafeinado,76,Brasil,8628001,16.698,2,0,51672395
2012,702,Singapura,090111,Café verde não descafeinado,392,Japão,3078762,5.958,3,0,51672395
2012,702,Singapura,090111,Café verde não descafeinado,458,Malásia,2319460,4.489,4,0,51672395
2012,702,Singapura,090111,Café verde não descafeinado,170,Colômbia,1341482,2.596,5,0,51672395
2012,702,Singapura,090111,Café verde não descafeinado,626,Timor-Leste,172910,0.335,15,1,51672395
2012,702,Singapura,090190,Cascas de café e sucedâneos,36,Austrália,253417,60.832,1,0,416585
2012,702,Singapura,090190,Cascas de café e sucedâneos,380,Itália,92422,22.186,2,0,416585
2012,702,Singapura,090190,Cascas de café e sucedâneos,842,EUA,33821,8.119,3,0,416585
2012,702,Singapura,090190,Cascas de café e sucedâneos,251,França,18170,4.362,4,0,416585
2012,702,Singapura,090190,Cascas de café e sucedâneos,764,Tailândia,5848,1.404,5,0,416585
2012,702,Singapura,270900,Petróleo bruto,784,Emirados Árabes Unidos,11510489143,28.863,1,0,39879314504
2012,702,Singapura,270900,Petróleo bruto,682,Arábia Saudita,10106477942,25.343,2,0,39879314504
2012,702,Singapura,270900,Petróleo bruto,634,Catar,6876004121,17.242,3,0,39879314504
2012,702,Singapura,270900,Petróleo bruto,414,Kuwait,3494371340,8.762,4,0,39879314504
2012,702,Singapura,270900,Petróleo bruto,512,Omã,1996661828,5.007,5,0,39879314504
2012,702,Singapura,270900,Petróleo bruto,626,Timor-Leste,430744229,1.08,10,1,39879314504
2012,702,Singapura,271112,Propano liquefeito,156,China,453285,41.505,1,0,1092117
2012,702,Singapura,271112,Propano liquefeito,392,Japão,309683,28.356,2,0,1092117
2012,702,Singapura,271112,Propano liquefeito,360,Indonésia,284128,26.016,3,0,1092117
2012,702,Singapura,271112,Propano liquefeito,458,Malásia,32632,2.988,4,0,1092117
2012,702,Singapura,271112,Propano liquefeito,842,EUA,6641,0.608,5,0,1092117
2012,702,Singapura,271113,Butano liquefeito,458,Malásia,3059978,32.554,1,0,9399805
2012,702,Singapura,271113,Butano liquefeito,156,China,2745454,29.208,2,0,9399805
2012,702,Singapura,271113,Butano liquefeito,360,Indonésia,1571549,16.719,3,0,9399805
2012,702,Singapura,271113,Butano liquefeito,392,Japão,1506003,16.022,4,0,9399805
2012,702,Singapura,271113,Butano liquefeito,528,Países Baixos,304805,3.243,5,0,9399805
2012,702,Singapura,630900,Vestuário usado,410,Coreia do Sul,15038113,37.51,1,0,40090505
2012,702,Singapura,630900,Vestuário usado,156,China,10867375,27.107,2,0,40090505
2012,702,Singapura,630900,Vestuário usado,490,Taiwan (Prov. China),5455678,13.608,3,0,40090505
2012,702,Singapura,630900,Vestuário usado,392,Japão,4501293,11.228,4,0,40090505
2012,702,Singapura,630900,Vestuário usado,458,Malásia,1936538,4.83,5,0,40090505
2012,702,Singapura,880212,Helicópteros +2.000 kg,842,EUA,31785716,44.173,1,0,71957905
2012,702,Singapura,880212,Helicópteros +2.000 kg,124,Canadá,17091830,23.753,2,0,71957905
2012,702,Singapura,880212,Helicópteros +2.000 kg,251,França,16650344,23.139,3,0,71957905
2012,702,Singapura,880212,Helicópteros +2.000 kg,276,Alemanha,6110676,8.492,4,0,71957905
2012,702,Singapura,880212,Helicópteros +2.000 kg,528,Países Baixos,319339,0.444,5,0,71957905
2012,702,Singapura,880330,Partes de aviões e helicópteros (ed. antiga),842,EUA,3093230540,59.084,1,0,5235286617
2012,702,Singapura,880330,Partes de aviões e helicópteros (ed. antiga),251,França,479634395,9.162,2,0,5235286617
2012,702,Singapura,880330,Partes de aviões e helicópteros (ed. antiga),826,Reino Unido,467503180,8.93,3,0,5235286617
2012,702,Singapura,880330,Partes de aviões e helicópteros (ed. antiga),276,Alemanha,253057405,4.834,4,0,5235286617
2012,702,Singapura,880330,Partes de aviões e helicópteros (ed. antiga),344,Hong Kong (RAEHK),173249082,3.309,5,0,5235286617
2012,702,Singapura,880330,Partes de aviões e helicópteros (ed. antiga),626,Timor-Leste,12454,0.0,89,1,5235286617
2013,156,China,090111,Café verde não descafeinado,704,Vietname,57881276,58.308,1,0,99268053
2013,156,China,090111,Café verde não descafeinado,360,Indonésia,26091479,26.284,2,0,99268053
2013,156,China,090111,Café verde não descafeinado,76,Brasil,5216143,5.255,3,0,99268053
2013,156,China,090111,Café verde não descafeinado,170,Colômbia,2903370,2.925,4,0,99268053
2013,156,China,090111,Café verde não descafeinado,320,Guatemala,2496596,2.515,5,0,99268053
2013,156,China,090111,Café verde não descafeinado,626,Timor-Leste,109769,0.111,17,1,99268053
2013,156,China,090190,Cascas de café e sucedâneos,392,Japão,13683,64.149,1,0,21330
2013,156,China,090190,Cascas de café e sucedâneos,490,Taiwan (Prov. China),5076,23.797,2,0,21330
2013,156,China,090190,Cascas de café e sucedâneos,380,Itália,1988,9.32,3,0,21330
2013,156,China,090190,Cascas de café e sucedâneos,818,Egito,577,2.705,4,0,21330
2013,156,China,090190,Cascas de café e sucedâneos,842,EUA,6,0.028,5,0,21330
2013,156,China,270900,Petróleo bruto,682,Arábia Saudita,42368087201,19.288,1,0,219660366018
2013,156,China,270900,Petróleo bruto,24,Angola,31808646588,14.481,2,0,219660366018
2013,156,China,270900,Petróleo bruto,512,Omã,19932095656,9.074,3,0,219660366018
2013,156,China,270900,Petróleo bruto,643,Rússia,19742628301,8.988,4,0,219660366018
2013,156,China,270900,Petróleo bruto,368,Iraque,17899812009,8.149,5,0,219660366018
2013,156,China,271112,Propano liquefeito,634,Catar,569237282,25.949,1,0,2193714963
2013,156,China,271112,Propano liquefeito,784,Emirados Árabes Unidos,547392651,24.953,2,0,2193714963
2013,156,China,271112,Propano liquefeito,414,Kuwait,252660816,11.517,3,0,2193714963
2013,156,China,271112,Propano liquefeito,682,Arábia Saudita,249385153,11.368,4,0,2193714963
2013,156,China,271112,Propano liquefeito,566,Nigéria,128325672,5.85,5,0,2193714963
2013,156,China,271113,Butano liquefeito,784,Emirados Árabes Unidos,459557988,28.896,1,0,1590393073
2013,156,China,271113,Butano liquefeito,634,Catar,322770895,20.295,2,0,1590393073
2013,156,China,271113,Butano liquefeito,414,Kuwait,249284350,15.674,3,0,1590393073
2013,156,China,271113,Butano liquefeito,682,Arábia Saudita,221762711,13.944,4,0,1590393073
2013,156,China,271113,Butano liquefeito,36,Austrália,135983325,8.55,5,0,1590393073
2013,156,China,880212,Helicópteros +2.000 kg,842,EUA,114390392,32.3,1,0,354153045
2013,156,China,880212,Helicópteros +2.000 kg,251,França,111169907,31.39,2,0,354153045
2013,156,China,880212,Helicópteros +2.000 kg,380,Itália,60244618,17.011,3,0,354153045
2013,156,China,880212,Helicópteros +2.000 kg,124,Canadá,39158128,11.057,4,0,354153045
2013,156,China,880212,Helicópteros +2.000 kg,643,Rússia,29190000,8.242,5,0,354153045
2013,156,China,880330,Partes de aviões e helicópteros (ed. antiga),276,Alemanha,560193950,31.076,1,0,1802658041
2013,156,China,880330,Partes de aviões e helicópteros (ed. antiga),842,EUA,466064683,25.854,2,0,1802658041
2013,156,China,880330,Partes de aviões e helicópteros (ed. antiga),826,Reino Unido,324492080,18.001,3,0,1802658041
2013,156,China,880330,Partes de aviões e helicópteros (ed. antiga),251,França,318587779,17.673,4,0,1802658041
2013,156,China,880330,Partes de aviões e helicópteros (ed. antiga),410,Coreia do Sul,16420120,0.911,5,0,1802658041
2013,360,Indonésia,090111,Café verde não descafeinado,704,Vietname,19578677,57.118,1,0,34277585
2013,360,Indonésia,090111,Café verde não descafeinado,76,Brasil,8215564,23.968,2,0,34277585
2013,360,Indonésia,090111,Café verde não descafeinado,360,Indonésia,4609306,13.447,3,0,34277585
2013,360,Indonésia,090111,Café verde não descafeinado,418,Lao People's Dem. Rep.,642552,1.875,4,0,34277585
2013,360,Indonésia,090111,Café verde não descafeinado,699,Índia,181884,0.531,5,0,34277585
2013,360,Indonésia,090111,Café verde não descafeinado,626,Timor-Leste,52640,0.154,13,1,34277585
2013,360,Indonésia,090190,Cascas de café e sucedâneos,276,Alemanha,59,100.0,1,0,59
2013,360,Indonésia,270900,Petróleo bruto,682,Arábia Saudita,4374093303,32.196,1,0,13585809560
2013,360,Indonésia,270900,Petróleo bruto,566,Nigéria,3060334450,22.526,2,0,13585809560
2013,360,Indonésia,270900,Petróleo bruto,31,Azerbaijan,1738495614,12.796,3,0,13585809560
2013,360,Indonésia,270900,Petróleo bruto,792,Turquia,1051266607,7.738,4,0,13585809560
2013,360,Indonésia,270900,Petróleo bruto,458,Malásia,846143734,6.228,5,0,13585809560
2013,360,Indonésia,271112,Propano liquefeito,784,Emirados Árabes Unidos,399813285,28.743,1,0,1390978341
2013,360,Indonésia,271112,Propano liquefeito,634,Catar,343163756,24.671,2,0,1390978341
2013,360,Indonésia,271112,Propano liquefeito,682,Arábia Saudita,221614010,15.932,3,0,1390978341
2013,360,Indonésia,271112,Propano liquefeito,702,Singapura,140150016,10.076,4,0,1390978341
2013,360,Indonésia,271112,Propano liquefeito,60,Bermuda,133299240,9.583,5,0,1390978341
2013,360,Indonésia,271113,Butano liquefeito,784,Emirados Árabes Unidos,593485541,35.28,1,0,1682232874
2013,360,Indonésia,271113,Butano liquefeito,634,Catar,344909412,20.503,2,0,1682232874
2013,360,Indonésia,271113,Butano liquefeito,682,Arábia Saudita,252047441,14.983,3,0,1682232874
2013,360,Indonésia,271113,Butano liquefeito,702,Singapura,139772008,8.309,4,0,1682232874
2013,360,Indonésia,271113,Butano liquefeito,60,Bermuda,134098281,7.971,5,0,1682232874
2013,360,Indonésia,630900,Vestuário usado,251,França,70873,34.86,1,0,203309
2013,360,Indonésia,630900,Vestuário usado,702,Singapura,38235,18.806,2,0,203309
2013,360,Indonésia,630900,Vestuário usado,764,Tailândia,23896,11.754,3,0,203309
2013,360,Indonésia,630900,Vestuário usado,528,Países Baixos,13706,6.741,4,0,203309
2013,360,Indonésia,630900,Vestuário usado,36,Austrália,7521,3.699,5,0,203309
2013,360,Indonésia,630900,Vestuário usado,626,Timor-Leste,1157,0.569,15,1,203309
2013,360,Indonésia,880212,Helicópteros +2.000 kg,124,Canadá,12936000,54.387,1,0,23785180
2013,360,Indonésia,880212,Helicópteros +2.000 kg,842,EUA,10849180,45.613,2,0,23785180
2013,360,Indonésia,880330,Partes de aviões e helicópteros (ed. antiga),643,Rússia,387437579,45.198,1,0,857195424
2013,360,Indonésia,880330,Partes de aviões e helicópteros (ed. antiga),842,EUA,142365261,16.608,2,0,857195424
2013,360,Indonésia,880330,Partes de aviões e helicópteros (ed. antiga),724,Espanha,82883999,9.669,3,0,857195424
2013,360,Indonésia,880330,Partes de aviões e helicópteros (ed. antiga),124,Canadá,74957211,8.744,4,0,857195424
2013,360,Indonésia,880330,Partes de aviões e helicópteros (ed. antiga),702,Singapura,51882310,6.053,5,0,857195424
2013,392,Japão,090111,Café verde não descafeinado,76,Brasil,538134144,36.384,1,0,1479056989
2013,392,Japão,090111,Café verde não descafeinado,170,Colômbia,221808623,14.997,2,0,1479056989
2013,392,Japão,090111,Café verde não descafeinado,704,Vietname,169331343,11.449,3,0,1479056989
2013,392,Japão,090111,Café verde não descafeinado,320,Guatemala,142810778,9.656,4,0,1479056989
2013,392,Japão,090111,Café verde não descafeinado,360,Indonésia,115614685,7.817,5,0,1479056989
2013,392,Japão,090111,Café verde não descafeinado,626,Timor-Leste,949384,0.064,26,1,1479056989
2013,392,Japão,090190,Cascas de café e sucedâneos,76,Brasil,38692,85.52,1,0,45243
2013,392,Japão,090190,Cascas de café e sucedâneos,842,EUA,6551,14.48,2,0,45243
2013,392,Japão,270900,Petróleo bruto,682,Arábia Saudita,46325721615,31.791,1,0,145720786582
2013,392,Japão,270900,Petróleo bruto,784,Emirados Árabes Unidos,33313983589,22.862,2,0,145720786582
2013,392,Japão,270900,Petróleo bruto,634,Catar,18298167559,12.557,3,0,145720786582
2013,392,Japão,270900,Petróleo bruto,414,Kuwait,10473193512,7.187,4,0,145720786582
2013,392,Japão,270900,Petróleo bruto,643,Rússia,10139707254,6.958,5,0,145720786582
2013,392,Japão,271112,Propano liquefeito,634,Catar,2497007265,29.929,1,0,8343062894
2013,392,Japão,271112,Propano liquefeito,784,Emirados Árabes Unidos,1985574074,23.799,2,0,8343062894
2013,392,Japão,271112,Propano liquefeito,682,Arábia Saudita,1102048449,13.209,3,0,8343062894
2013,392,Japão,271112,Propano liquefeito,414,Kuwait,1089421481,13.058,4,0,8343062894
2013,392,Japão,271112,Propano liquefeito,842,EUA,771440773,9.246,5,0,8343062894
2013,392,Japão,271113,Butano liquefeito,784,Emirados Árabes Unidos,706064995,26.957,1,0,2619213716
2013,392,Japão,271113,Butano liquefeito,634,Catar,582790369,22.251,2,0,2619213716
2013,392,Japão,271113,Butano liquefeito,36,Austrália,521758879,19.92,3,0,2619213716
2013,392,Japão,271113,Butano liquefeito,682,Arábia Saudita,360332495,13.757,4,0,2619213716
2013,392,Japão,271113,Butano liquefeito,414,Kuwait,203953586,7.787,5,0,2619213716
2013,392,Japão,271113,Butano liquefeito,626,Timor-Leste,6359101,0.243,12,1,2619213716
2013,392,Japão,630900,Vestuário usado,842,EUA,14939270,58.799,1,0,25407512
2013,392,Japão,630900,Vestuário usado,764,Tailândia,2984651,11.747,2,0,25407512
2013,392,Japão,630900,Vestuário usado,251,França,2376357,9.353,3,0,25407512
2013,392,Japão,630900,Vestuário usado,124,Canadá,1503465,5.917,4,0,25407512
2013,392,Japão,630900,Vestuário usado,528,Países Baixos,651743,2.565,5,0,25407512
2013,392,Japão,880212,Helicópteros +2.000 kg,380,Itália,105881400,43.111,1,0,245600175
2013,392,Japão,880212,Helicópteros +2.000 kg,251,França,72757218,29.624,2,0,245600175
2013,392,Japão,880212,Helicópteros +2.000 kg,842,EUA,66961557,27.264,3,0,245600175
2013,392,Japão,880330,Partes de aviões e helicópteros (ed. antiga),842,EUA,933946570,64.821,1,0,1440810682
2013,392,Japão,880330,Partes de aviões e helicópteros (ed. antiga),410,Coreia do Sul,152587388,10.59,2,0,1440810682
2013,392,Japão,880330,Partes de aviões e helicópteros (ed. antiga),826,Reino Unido,71914047,4.991,3,0,1440810682
2013,392,Japão,880330,Partes de aviões e helicópteros (ed. antiga),124,Canadá,64153500,4.453,4,0,1440810682
2013,392,Japão,880330,Partes de aviões e helicópteros (ed. antiga),251,França,59456240,4.127,5,0,1440810682
2013,410,Coreia do Sul,090111,Café verde não descafeinado,704,Vietname,70500507,22.449,1,0,314051176
2013,410,Coreia do Sul,090111,Café verde não descafeinado,76,Brasil,62872139,20.02,2,0,314051176
2013,410,Coreia do Sul,090111,Café verde não descafeinado,170,Colômbia,47972175,15.275,3,0,314051176
2013,410,Coreia do Sul,090111,Café verde não descafeinado,604,Peru,37063552,11.802,4,0,314051176
2013,410,Coreia do Sul,090111,Café verde não descafeinado,340,Honduras,22631854,7.206,5,0,314051176
2013,410,Coreia do Sul,090111,Café verde não descafeinado,626,Timor-Leste,316031,0.101,24,1,314051176
2013,410,Coreia do Sul,090190,Cascas de café e sucedâneos,704,Vietname,150419,98.32,1,0,152989
2013,410,Coreia do Sul,090190,Cascas de café e sucedâneos,276,Alemanha,1393,0.911,2,0,152989
2013,410,Coreia do Sul,090190,Cascas de café e sucedâneos,842,EUA,1142,0.746,3,0,152989
2013,410,Coreia do Sul,090190,Cascas de café e sucedâneos,320,Guatemala,18,0.012,4,0,152989
2013,410,Coreia do Sul,090190,Cascas de café e sucedâneos,251,França,14,0.009,5,0,152989
2013,410,Coreia do Sul,270900,Petróleo bruto,682,Arábia Saudita,33066871461,33.289,1,0,99333166978
2013,410,Coreia do Sul,270900,Petróleo bruto,414,Kuwait,15540822983,15.645,2,0,99333166978
2013,410,Coreia do Sul,270900,Petróleo bruto,784,Emirados Árabes Unidos,12502723338,12.587,3,0,99333166978
2013,410,Coreia do Sul,270900,Petróleo bruto,634,Catar,9263676639,9.326,4,0,99333166978
2013,410,Coreia do Sul,270900,Petróleo bruto,368,Iraque,9229416413,9.291,5,0,99333166978
2013,410,Coreia do Sul,270900,Petróleo bruto,626,Timor-Leste,185140436,0.186,19,1,99333166978
2013,410,Coreia do Sul,271112,Propano liquefeito,784,Emirados Árabes Unidos,525407214,23.056,1,0,2278859321
2013,410,Coreia do Sul,271112,Propano liquefeito,634,Catar,501156442,21.992,2,0,2278859321
2013,410,Coreia do Sul,271112,Propano liquefeito,414,Kuwait,425343355,18.665,3,0,2278859321
2013,410,Coreia do Sul,271112,Propano liquefeito,682,Arábia Saudita,327874345,14.388,4,0,2278859321
2013,410,Coreia do Sul,271112,Propano liquefeito,364,Irão,171229215,7.514,5,0,2278859321
2013,410,Coreia do Sul,271113,Butano liquefeito,784,Emirados Árabes Unidos,807008100,28.716,1,0,2810261850
2013,410,Coreia do Sul,271113,Butano liquefeito,634,Catar,571671237,20.342,2,0,2810261850
2013,410,Coreia do Sul,271113,Butano liquefeito,682,Arábia Saudita,438063506,15.588,3,0,2810261850
2013,410,Coreia do Sul,271113,Butano liquefeito,414,Kuwait,432425899,15.387,4,0,2810261850
2013,410,Coreia do Sul,271113,Butano liquefeito,36,Austrália,248002055,8.825,5,0,2810261850
2013,410,Coreia do Sul,630900,Vestuário usado,392,Japão,20444806,57.889,1,0,35317100
2013,410,Coreia do Sul,630900,Vestuário usado,842,EUA,5786572,16.385,2,0,35317100
2013,410,Coreia do Sul,630900,Vestuário usado,156,China,2194800,6.215,3,0,35317100
2013,410,Coreia do Sul,630900,Vestuário usado,36,Austrália,1210867,3.429,4,0,35317100
2013,410,Coreia do Sul,630900,Vestuário usado,826,Reino Unido,924233,2.617,5,0,35317100
2013,410,Coreia do Sul,880212,Helicópteros +2.000 kg,842,EUA,29106767,79.994,1,0,36386154
2013,410,Coreia do Sul,880212,Helicópteros +2.000 kg,124,Canadá,3787798,10.41,2,0,36386154
2013,410,Coreia do Sul,880212,Helicópteros +2.000 kg,10,Antarctica,3491589,9.596,3,0,36386154
2013,410,Coreia do Sul,880330,Partes de aviões e helicópteros (ed. antiga),842,EUA,647391467,80.896,1,0,800276719
2013,410,Coreia do Sul,880330,Partes de aviões e helicópteros (ed. antiga),376,Israel,45641058,5.703,2,0,800276719
2013,410,Coreia do Sul,880330,Partes de aviões e helicópteros (ed. antiga),826,Reino Unido,38450471,4.805,3,0,800276719
2013,410,Coreia do Sul,880330,Partes de aviões e helicópteros (ed. antiga),251,França,23201971,2.899,4,0,800276719
2013,410,Coreia do Sul,880330,Partes de aviões e helicópteros (ed. antiga),643,Rússia,8605154,1.075,5,0,800276719
2013,702,Singapura,090111,Café verde não descafeinado,360,Indonésia,23288217,72.02,1,0,32335838
2013,702,Singapura,090111,Café verde não descafeinado,76,Brasil,1716620,5.309,2,0,32335838
2013,702,Singapura,090111,Café verde não descafeinado,392,Japão,1178808,3.646,3,0,32335838
2013,702,Singapura,090111,Café verde não descafeinado,170,Colômbia,1103911,3.414,4,0,32335838
2013,702,Singapura,090111,Café verde não descafeinado,458,Malásia,914401,2.828,5,0,32335838
2013,702,Singapura,090190,Cascas de café e sucedâneos,36,Austrália,209149,71.553,1,0,292298
2013,702,Singapura,090190,Cascas de café e sucedâneos,757,Suíça,19097,6.534,2,0,292298
2013,702,Singapura,090190,Cascas de café e sucedâneos,380,Itália,15608,5.34,3,0,292298
2013,702,Singapura,090190,Cascas de café e sucedâneos,458,Malásia,14692,5.027,4,0,292298
2013,702,Singapura,090190,Cascas de café e sucedâneos,704,Vietname,12528,4.286,5,0,292298
2013,702,Singapura,270900,Petróleo bruto,784,Emirados Árabes Unidos,11259850204,31.683,1,0,35538674482
2013,702,Singapura,270900,Petróleo bruto,682,Arábia Saudita,6728273488,18.932,2,0,35538674482
2013,702,Singapura,270900,Petróleo bruto,634,Catar,6370381677,17.925,3,0,35538674482
2013,702,Singapura,270900,Petróleo bruto,368,Iraque,2759639353,7.765,4,0,35538674482
2013,702,Singapura,270900,Petróleo bruto,414,Kuwait,2701142202,7.601,5,0,35538674482
2013,702,Singapura,270900,Petróleo bruto,626,Timor-Leste,176187443,0.496,12,1,35538674482
2013,702,Singapura,271112,Propano liquefeito,458,Malásia,10205087,90.133,1,0,11322250
2013,702,Singapura,271112,Propano liquefeito,156,China,399684,3.53,2,0,11322250
2013,702,Singapura,271112,Propano liquefeito,344,Hong Kong (RAEHK),342401,3.024,3,0,11322250
2013,702,Singapura,271112,Propano liquefeito,360,Indonésia,232916,2.057,4,0,11322250
2013,702,Singapura,271112,Propano liquefeito,276,Alemanha,103097,0.911,5,0,11322250
2013,702,Singapura,271113,Butano liquefeito,360,Indonésia,3648748,51.36,1,0,7104325
2013,702,Singapura,271113,Butano liquefeito,458,Malásia,3273689,46.08,2,0,7104325
2013,702,Singapura,271113,Butano liquefeito,276,Alemanha,156730,2.206,3,0,7104325
2013,702,Singapura,271113,Butano liquefeito,842,EUA,14418,0.203,4,0,7104325
2013,702,Singapura,271113,Butano liquefeito,826,Reino Unido,9919,0.14,5,0,7104325
2013,702,Singapura,630900,Vestuário usado,410,Coreia do Sul,10527765,32.665,1,0,32229179
2013,702,Singapura,630900,Vestuário usado,156,China,10275184,31.882,2,0,32229179
2013,702,Singapura,630900,Vestuário usado,490,Taiwan (Prov. China),4672350,14.497,3,0,32229179
2013,702,Singapura,630900,Vestuário usado,392,Japão,3238507,10.048,4,0,32229179
2013,702,Singapura,630900,Vestuário usado,458,Malásia,1748764,5.426,5,0,32229179
2013,702,Singapura,630900,Vestuário usado,626,Timor-Leste,3182,0.01,19,1,32229179
2013,702,Singapura,880212,Helicópteros +2.000 kg,842,EUA,74558066,41.769,1,0,178501683
2013,702,Singapura,880212,Helicópteros +2.000 kg,251,França,34395909,19.269,2,0,178501683
2013,702,Singapura,880212,Helicópteros +2.000 kg,380,Itália,25451070,14.258,3,0,178501683
2013,702,Singapura,880212,Helicópteros +2.000 kg,826,Reino Unido,24451504,13.698,4,0,178501683
2013,702,Singapura,880212,Helicópteros +2.000 kg,124,Canadá,11269294,6.313,5,0,178501683
2013,702,Singapura,880330,Partes de aviões e helicópteros (ed. antiga),842,EUA,2795114218,55.651,1,0,5022569731
2013,702,Singapura,880330,Partes de aviões e helicópteros (ed. antiga),251,França,667214851,13.284,2,0,5022569731
2013,702,Singapura,880330,Partes de aviões e helicópteros (ed. antiga),826,Reino Unido,378594765,7.538,3,0,5022569731
2013,702,Singapura,880330,Partes de aviões e helicópteros (ed. antiga),276,Alemanha,201451817,4.011,4,0,5022569731
2013,702,Singapura,880330,Partes de aviões e helicópteros (ed. antiga),156,China,124776735,2.484,5,0,5022569731
2013,702,Singapura,880330,Partes de aviões e helicópteros (ed. antiga),626,Timor-Leste,8871,0.0,93,1,5022569731
2014,156,China,090111,Café verde não descafeinado,704,Vietname,92056316,68.685,1,0,134025968
2014,156,China,090111,Café verde não descafeinado,360,Indonésia,13484939,10.061,2,0,134025968
2014,156,China,090111,Café verde não descafeinado,76,Brasil,7856958,5.862,3,0,134025968
2014,156,China,090111,Café verde não descafeinado,170,Colômbia,7179899,5.357,4,0,134025968
2014,156,China,090111,Café verde não descafeinado,231,Etiópia,3865191,2.884,5,0,134025968
2014,156,China,090190,Cascas de café e sucedâneos,360,Indonésia,92325,78.636,1,0,117408
2014,156,China,090190,Cascas de café e sucedâneos,380,Itália,12314,10.488,2,0,117408
2014,156,China,090190,Cascas de café e sucedâneos,490,Taiwan (Prov. China),8515,7.252,3,0,117408
2014,156,China,090190,Cascas de café e sucedâneos,842,EUA,1984,1.69,4,0,117408
2014,156,China,090190,Cascas de café e sucedâneos,276,Alemanha,792,0.675,5,0,117408
2014,156,China,270900,Petróleo bruto,682,Arábia Saudita,36940644812,16.182,1,0,228288472075
2014,156,China,270900,Petróleo bruto,24,Angola,30893003075,13.532,2,0,228288472075
2014,156,China,270900,Petróleo bruto,643,Rússia,24950868002,10.93,3,0,228288472075
2014,156,China,270900,Petróleo bruto,512,Omã,22680323672,9.935,4,0,228288472075
2014,156,China,270900,Petróleo bruto,364,Irão,20804671555,9.113,5,0,228288472075
2014,156,China,271112,Propano liquefeito,784,Emirados Árabes Unidos,2000038134,50.17,1,0,3986548079
2014,156,China,271112,Propano liquefeito,842,EUA,637037164,15.98,2,0,3986548079
2014,156,China,271112,Propano liquefeito,634,Catar,327867175,8.224,3,0,3986548079
2014,156,China,271112,Propano liquefeito,414,Kuwait,325952048,8.176,4,0,3986548079
2014,156,China,271112,Propano liquefeito,566,Nigéria,219594833,5.508,5,0,3986548079
2014,156,China,271113,Butano liquefeito,784,Emirados Árabes Unidos,1112541126,58.982,1,0,1886231755
2014,156,China,271113,Butano liquefeito,414,Kuwait,203187851,10.772,2,0,1886231755
2014,156,China,271113,Butano liquefeito,682,Arábia Saudita,159625983,8.463,3,0,1886231755
2014,156,China,271113,Butano liquefeito,634,Catar,148580245,7.877,4,0,1886231755
2014,156,China,271113,Butano liquefeito,458,Malásia,66051972,3.502,5,0,1886231755
2014,156,China,630900,Vestuário usado,490,Taiwan (Prov. China),294,100.0,1,0,294
2014,156,China,880212,Helicópteros +2.000 kg,842,EUA,73205908,39.315,1,0,186202795
2014,156,China,880212,Helicópteros +2.000 kg,643,Rússia,63503719,34.105,2,0,186202795
2014,156,China,880212,Helicópteros +2.000 kg,251,França,30636445,16.453,3,0,186202795
2014,156,China,880212,Helicópteros +2.000 kg,380,Itália,18856723,10.127,4,0,186202795
2014,156,China,880330,Partes de aviões e helicópteros (ed. antiga),276,Alemanha,596828736,29.703,1,0,2009288860
2014,156,China,880330,Partes de aviões e helicópteros (ed. antiga),842,EUA,556777705,27.71,2,0,2009288860
2014,156,China,880330,Partes de aviões e helicópteros (ed. antiga),826,Reino Unido,336987263,16.771,3,0,2009288860
2014,156,China,880330,Partes de aviões e helicópteros (ed. antiga),251,França,334102461,16.628,4,0,2009288860
2014,156,China,880330,Partes de aviões e helicópteros (ed. antiga),643,Rússia,26907559,1.339,5,0,2009288860
2014,360,Indonésia,090111,Café verde não descafeinado,704,Vietname,31541009,76.4,1,0,41284277
2014,360,Indonésia,090111,Café verde não descafeinado,76,Brasil,6335778,15.347,2,0,41284277
2014,360,Indonésia,090111,Café verde não descafeinado,360,Indonésia,1909026,4.624,3,0,41284277
2014,360,Indonésia,090111,Café verde não descafeinado,418,Lao People's Dem. Rep.,563867,1.366,4,0,41284277
2014,360,Indonésia,090111,Café verde não descafeinado,764,Tailândia,299173,0.725,5,0,41284277
2014,360,Indonésia,090111,Café verde não descafeinado,626,Timor-Leste,68719,0.166,11,1,41284277
2014,360,Indonésia,090190,Cascas de café e sucedâneos,842,EUA,15,100.0,1,0,15
2014,360,Indonésia,270900,Petróleo bruto,682,Arábia Saudita,4366963520,33.406,1,0,13072429222
2014,360,Indonésia,270900,Petróleo bruto,566,Nigéria,3147740687,24.079,2,0,13072429222
2014,360,Indonésia,270900,Petróleo bruto,31,Azerbaijan,2421256708,18.522,3,0,13072429222
2014,360,Indonésia,270900,Petróleo bruto,792,Turquia,808899992,6.188,4,0,13072429222
2014,360,Indonésia,270900,Petróleo bruto,458,Malásia,620234979,4.745,5,0,13072429222
2014,360,Indonésia,271112,Propano liquefeito,634,Catar,479610182,34.043,1,0,1408841291
2014,360,Indonésia,271112,Propano liquefeito,784,Emirados Árabes Unidos,441542886,31.341,2,0,1408841291
2014,360,Indonésia,271112,Propano liquefeito,682,Arábia Saudita,366393330,26.007,3,0,1408841291
2014,360,Indonésia,271112,Propano liquefeito,566,Nigéria,63138020,4.482,4,0,1408841291
2014,360,Indonésia,271112,Propano liquefeito,702,Singapura,58156873,4.128,5,0,1408841291
2014,360,Indonésia,271113,Butano liquefeito,784,Emirados Árabes Unidos,593724550,36.921,1,0,1608113342
2014,360,Indonésia,271113,Butano liquefeito,634,Catar,448743249,27.905,2,0,1608113342
2014,360,Indonésia,271113,Butano liquefeito,682,Arábia Saudita,431575134,26.837,3,0,1608113342
2014,360,Indonésia,271113,Butano liquefeito,566,Nigéria,75181802,4.675,4,0,1608113342
2014,360,Indonésia,271113,Butano liquefeito,702,Singapura,58324547,3.627,5,0,1608113342
2014,360,Indonésia,630900,Vestuário usado,251,França,25185,26.923,1,0,93546
2014,360,Indonésia,630900,Vestuário usado,702,Singapura,18336,19.601,2,0,93546
2014,360,Indonésia,630900,Vestuário usado,528,Países Baixos,13722,14.669,3,0,93546
2014,360,Indonésia,630900,Vestuário usado,842,EUA,9922,10.607,4,0,93546
2014,360,Indonésia,630900,Vestuário usado,764,Tailândia,8016,8.569,5,0,93546
2014,360,Indonésia,880212,Helicópteros +2.000 kg,842,EUA,14783168,88.87,1,0,16634645
2014,360,Indonésia,880212,Helicópteros +2.000 kg,554,Nova Zelândia,1810413,10.883,2,0,16634645
2014,360,Indonésia,880212,Helicópteros +2.000 kg,608,Filipinas,41064,0.247,3,0,16634645
2014,360,Indonésia,880330,Partes de aviões e helicópteros (ed. antiga),842,EUA,73046715,27.734,1,0,263386398
2014,360,Indonésia,880330,Partes de aviões e helicópteros (ed. antiga),724,Espanha,34381676,13.054,2,0,263386398
2014,360,Indonésia,880330,Partes de aviões e helicópteros (ed. antiga),826,Reino Unido,30628246,11.629,3,0,263386398
2014,360,Indonésia,880330,Partes de aviões e helicópteros (ed. antiga),702,Singapura,27075170,10.28,4,0,263386398
2014,360,Indonésia,880330,Partes de aviões e helicópteros (ed. antiga),458,Malásia,26428392,10.034,5,0,263386398
2014,392,Japão,090111,Café verde não descafeinado,76,Brasil,437297294,32.829,1,0,1332057339
2014,392,Japão,090111,Café verde não descafeinado,170,Colômbia,246212035,18.484,2,0,1332057339
2014,392,Japão,090111,Café verde não descafeinado,704,Vietname,164984864,12.386,3,0,1332057339
2014,392,Japão,090111,Café verde não descafeinado,320,Guatemala,106674502,8.008,4,0,1332057339
2014,392,Japão,090111,Café verde não descafeinado,360,Indonésia,103903185,7.8,5,0,1332057339
2014,392,Japão,090111,Café verde não descafeinado,626,Timor-Leste,882162,0.066,27,1,1332057339
2014,392,Japão,090190,Cascas de café e sucedâneos,842,EUA,95287,92.181,1,0,103370
2014,392,Japão,090190,Cascas de café e sucedâneos,222,El Salvador,8083,7.819,2,0,103370
2014,392,Japão,270900,Petróleo bruto,682,Arábia Saudita,43487188460,33.283,1,0,130657498460
2014,392,Japão,270900,Petróleo bruto,784,Emirados Árabes Unidos,31784340021,24.326,2,0,130657498460
2014,392,Japão,270900,Petróleo bruto,634,Catar,14479133157,11.082,3,0,130657498460
2014,392,Japão,270900,Petróleo bruto,643,Rússia,10453898717,8.001,4,0,130657498460
2014,392,Japão,270900,Petróleo bruto,414,Kuwait,9434388603,7.221,5,0,130657498460
2014,392,Japão,271112,Propano liquefeito,634,Catar,2305698159,28.717,1,0,8028982196
2014,392,Japão,271112,Propano liquefeito,784,Emirados Árabes Unidos,1744911733,21.733,2,0,8028982196
2014,392,Japão,271112,Propano liquefeito,842,EUA,1151574723,14.343,3,0,8028982196
2014,392,Japão,271112,Propano liquefeito,414,Kuwait,1003136202,12.494,4,0,8028982196
2014,392,Japão,271112,Propano liquefeito,682,Arábia Saudita,963843686,12.005,5,0,8028982196
2014,392,Japão,271112,Propano liquefeito,626,Timor-Leste,17913657,0.223,11,1,8028982196
2014,392,Japão,271113,Butano liquefeito,784,Emirados Árabes Unidos,636004425,28.386,1,0,2240520156
2014,392,Japão,271113,Butano liquefeito,634,Catar,565701900,25.249,2,0,2240520156
2014,392,Japão,271113,Butano liquefeito,36,Austrália,313819640,14.007,3,0,2240520156
2014,392,Japão,271113,Butano liquefeito,682,Arábia Saudita,287426937,12.829,4,0,2240520156
2014,392,Japão,271113,Butano liquefeito,414,Kuwait,214037634,9.553,5,0,2240520156
2014,392,Japão,630900,Vestuário usado,842,EUA,15557578,64.887,1,0,23976412
2014,392,Japão,630900,Vestuário usado,764,Tailândia,2117809,8.833,2,0,23976412
2014,392,Japão,630900,Vestuário usado,251,França,1431638,5.971,3,0,23976412
2014,392,Japão,630900,Vestuário usado,124,Canadá,1414044,5.898,4,0,23976412
2014,392,Japão,630900,Vestuário usado,156,China,526701,2.197,5,0,23976412
2014,392,Japão,880212,Helicópteros +2.000 kg,251,França,203883508,56.968,1,0,357892410
2014,392,Japão,880212,Helicópteros +2.000 kg,842,EUA,140411942,39.233,2,0,357892410
2014,392,Japão,880212,Helicópteros +2.000 kg,380,Itália,13596960,3.799,3,0,357892410
2014,392,Japão,880330,Partes de aviões e helicópteros (ed. antiga),842,EUA,1225374074,65.404,1,0,1873540345
2014,392,Japão,880330,Partes de aviões e helicópteros (ed. antiga),410,Coreia do Sul,230947739,12.327,2,0,1873540345
2014,392,Japão,880330,Partes de aviões e helicópteros (ed. antiga),826,Reino Unido,74349442,3.968,3,0,1873540345
2014,392,Japão,880330,Partes de aviões e helicópteros (ed. antiga),276,Alemanha,69135391,3.69,4,0,1873540345
2014,392,Japão,880330,Partes de aviões e helicópteros (ed. antiga),458,Malásia,65218145,3.481,5,0,1873540345
2014,410,Coreia do Sul,090111,Café verde não descafeinado,170,Colômbia,76091686,17.871,1,0,425781721
2014,410,Coreia do Sul,090111,Café verde não descafeinado,76,Brasil,73766259,17.325,2,0,425781721
2014,410,Coreia do Sul,090111,Café verde não descafeinado,704,Vietname,69008939,16.208,3,0,425781721
2014,410,Coreia do Sul,090111,Café verde não descafeinado,604,Peru,43735318,10.272,4,0,425781721
2014,410,Coreia do Sul,090111,Café verde não descafeinado,340,Honduras,31631436,7.429,5,0,425781721
2014,410,Coreia do Sul,090111,Café verde não descafeinado,626,Timor-Leste,877037,0.206,20,1,425781721
2014,410,Coreia do Sul,090190,Cascas de café e sucedâneos,704,Vietname,79228,97.943,1,0,80892
2014,410,Coreia do Sul,090190,Cascas de café e sucedâneos,276,Alemanha,930,1.15,2,0,80892
2014,410,Coreia do Sul,090190,Cascas de café e sucedâneos,360,Indonésia,307,0.38,3,0,80892
2014,410,Coreia do Sul,090190,Cascas de café e sucedâneos,842,EUA,134,0.166,4,0,80892
2014,410,Coreia do Sul,090190,Cascas de café e sucedâneos,251,França,123,0.152,5,0,80892
2014,410,Coreia do Sul,270900,Petróleo bruto,682,Arábia Saudita,31686635996,33.364,1,0,94971595948
2014,410,Coreia do Sul,270900,Petróleo bruto,414,Kuwait,14049474679,14.793,2,0,94971595948
2014,410,Coreia do Sul,270900,Petróleo bruto,784,Emirados Árabes Unidos,11602208243,12.217,3,0,94971595948
2014,410,Coreia do Sul,270900,Petróleo bruto,634,Catar,10338692629,10.886,4,0,94971595948
2014,410,Coreia do Sul,270900,Petróleo bruto,368,Iraque,6686157352,7.04,5,0,94971595948
2014,410,Coreia do Sul,270900,Petróleo bruto,626,Timor-Leste,54076314,0.057,28,1,94971595948
2014,410,Coreia do Sul,271112,Propano liquefeito,634,Catar,435871850,19.296,1,0,2258898827
2014,410,Coreia do Sul,271112,Propano liquefeito,414,Kuwait,373157389,16.519,2,0,2258898827
2014,410,Coreia do Sul,271112,Propano liquefeito,784,Emirados Árabes Unidos,370642128,16.408,3,0,2258898827
2014,410,Coreia do Sul,271112,Propano liquefeito,682,Arábia Saudita,280875390,12.434,4,0,2258898827
2014,410,Coreia do Sul,271112,Propano liquefeito,842,EUA,203995284,9.031,5,0,2258898827
2014,410,Coreia do Sul,271113,Butano liquefeito,784,Emirados Árabes Unidos,670221562,25.853,1,0,2592471471
2014,410,Coreia do Sul,271113,Butano liquefeito,414,Kuwait,468519749,18.072,2,0,2592471471
2014,410,Coreia do Sul,271113,Butano liquefeito,682,Arábia Saudita,355909389,13.729,3,0,2592471471
2014,410,Coreia do Sul,271113,Butano liquefeito,36,Austrália,305714026,11.792,4,0,2592471471
2014,410,Coreia do Sul,271113,Butano liquefeito,634,Catar,264345982,10.197,5,0,2592471471
2014,410,Coreia do Sul,271113,Butano liquefeito,626,Timor-Leste,33332144,1.286,11,1,2592471471
2014,410,Coreia do Sul,630900,Vestuário usado,392,Japão,15245248,46.94,1,0,32477947
2014,410,Coreia do Sul,630900,Vestuário usado,842,EUA,5392258,16.603,2,0,32477947
2014,410,Coreia do Sul,630900,Vestuário usado,156,China,4364291,13.438,3,0,32477947
2014,410,Coreia do Sul,630900,Vestuário usado,826,Reino Unido,1128481,3.475,4,0,32477947
2014,410,Coreia do Sul,630900,Vestuário usado,36,Austrália,1113978,3.43,5,0,32477947
2014,410,Coreia do Sul,630900,Vestuário usado,626,Timor-Leste,208,0.001,119,1,32477947
2014,410,Coreia do Sul,880212,Helicópteros +2.000 kg,842,EUA,65954062,57.525,1,0,114653104
2014,410,Coreia do Sul,880212,Helicópteros +2.000 kg,380,Itália,25899120,22.589,2,0,114653104
2014,410,Coreia do Sul,880212,Helicópteros +2.000 kg,643,Rússia,18512808,16.147,3,0,114653104
2014,410,Coreia do Sul,880212,Helicópteros +2.000 kg,554,Nova Zelândia,3300000,2.878,4,0,114653104
2014,410,Coreia do Sul,880212,Helicópteros +2.000 kg,372,Irlanda,987114,0.861,5,0,114653104
2014,410,Coreia do Sul,880330,Partes de aviões e helicópteros (ed. antiga),842,EUA,338771992,73.307,1,0,462126606
2014,410,Coreia do Sul,880330,Partes de aviões e helicópteros (ed. antiga),376,Israel,36092968,7.81,2,0,462126606
2014,410,Coreia do Sul,880330,Partes de aviões e helicópteros (ed. antiga),826,Reino Unido,26730428,5.784,3,0,462126606
2014,410,Coreia do Sul,880330,Partes de aviões e helicópteros (ed. antiga),251,França,18107827,3.918,4,0,462126606
2014,410,Coreia do Sul,880330,Partes de aviões e helicópteros (ed. antiga),392,Japão,6867694,1.486,5,0,462126606
2014,702,Singapura,090111,Café verde não descafeinado,360,Indonésia,19481691,64.049,1,0,30416675
2014,702,Singapura,090111,Café verde não descafeinado,458,Malásia,2381626,7.83,2,0,30416675
2014,702,Singapura,090111,Café verde não descafeinado,76,Brasil,2174593,7.149,3,0,30416675
2014,702,Singapura,090111,Café verde não descafeinado,170,Colômbia,1022413,3.361,4,0,30416675
2014,702,Singapura,090111,Café verde não descafeinado,392,Japão,935299,3.075,5,0,30416675
2014,702,Singapura,090111,Café verde não descafeinado,626,Timor-Leste,1951,0.006,33,1,30416675
2014,702,Singapura,090190,Cascas de café e sucedâneos,458,Malásia,45516,34.626,1,0,131452
2014,702,Singapura,090190,Cascas de café e sucedâneos,276,Alemanha,27979,21.285,2,0,131452
2014,702,Singapura,090190,Cascas de café e sucedâneos,528,Países Baixos,19435,14.785,3,0,131452
2014,702,Singapura,090190,Cascas de café e sucedâneos,826,Reino Unido,18443,14.031,4,0,131452
2014,702,Singapura,090190,Cascas de café e sucedâneos,380,Itália,5325,4.051,5,0,131452
2014,702,Singapura,090190,Cascas de café e sucedâneos,626,Timor-Leste,4985,3.793,6,1,131452
2014,702,Singapura,270900,Petróleo bruto,784,Emirados Árabes Unidos,10078439413,29.361,1,0,34326201233
2014,702,Singapura,270900,Petróleo bruto,682,Arábia Saudita,7083751913,20.637,2,0,34326201233
2014,702,Singapura,270900,Petróleo bruto,634,Catar,6727914311,19.6,3,0,34326201233
2014,702,Singapura,270900,Petróleo bruto,414,Kuwait,2198163982,6.404,4,0,34326201233
2014,702,Singapura,270900,Petróleo bruto,368,Iraque,2186994974,6.371,5,0,34326201233
2014,702,Singapura,270900,Petróleo bruto,626,Timor-Leste,25,0.0,36,1,34326201233
2014,702,Singapura,271112,Propano liquefeito,344,Hong Kong (RAEHK),309701,46.997,1,0,658980
2014,702,Singapura,271112,Propano liquefeito,156,China,268233,40.704,2,0,658980
2014,702,Singapura,271112,Propano liquefeito,458,Malásia,55549,8.43,3,0,658980
2014,702,Singapura,271112,Propano liquefeito,842,EUA,14932,2.266,4,0,658980
2014,702,Singapura,271112,Propano liquefeito,528,Países Baixos,6281,0.953,5,0,658980
2014,702,Singapura,271113,Butano liquefeito,458,Malásia,8190569,74.428,1,0,11004634
2014,702,Singapura,271113,Butano liquefeito,156,China,1458006,13.249,2,0,11004634
2014,702,Singapura,271113,Butano liquefeito,392,Japão,1067788,9.703,3,0,11004634
2014,702,Singapura,271113,Butano liquefeito,276,Alemanha,264432,2.403,4,0,11004634
2014,702,Singapura,271113,Butano liquefeito,344,Hong Kong (RAEHK),21710,0.197,5,0,11004634
2014,702,Singapura,630900,Vestuário usado,156,China,10959622,40.804,1,0,26859416
2014,702,Singapura,630900,Vestuário usado,410,Coreia do Sul,5693993,21.199,2,0,26859416
2014,702,Singapura,630900,Vestuário usado,490,Taiwan (Prov. China),4860345,18.095,3,0,26859416
2014,702,Singapura,630900,Vestuário usado,392,Japão,1820481,6.778,4,0,26859416
2014,702,Singapura,630900,Vestuário usado,458,Malásia,1427199,5.314,5,0,26859416
2014,702,Singapura,880212,Helicópteros +2.000 kg,251,França,42566161,62.536,1,0,68066439
2014,702,Singapura,880212,Helicópteros +2.000 kg,478,Mauritânia,14463903,21.25,2,0,68066439
2014,702,Singapura,880212,Helicópteros +2.000 kg,842,EUA,6837703,10.046,3,0,68066439
2014,702,Singapura,880212,Helicópteros +2.000 kg,124,Canadá,4198672,6.168,4,0,68066439
2014,702,Singapura,880330,Partes de aviões e helicópteros (ed. antiga),842,EUA,2569471696,60.927,1,0,4217284957
2014,702,Singapura,880330,Partes de aviões e helicópteros (ed. antiga),251,França,454633072,10.78,2,0,4217284957
2014,702,Singapura,880330,Partes de aviões e helicópteros (ed. antiga),826,Reino Unido,218185374,5.174,3,0,4217284957
2014,702,Singapura,880330,Partes de aviões e helicópteros (ed. antiga),276,Alemanha,189742513,4.499,4,0,4217284957
2014,702,Singapura,880330,Partes de aviões e helicópteros (ed. antiga),156,China,168687548,4.0,5,0,4217284957
2014,702,Singapura,880330,Partes de aviões e helicópteros (ed. antiga),626,Timor-Leste,12181,0.0,79,1,4217284957
2015,156,China,090111,Café verde não descafeinado,704,Vietname,47861854,40.23,1,0,118969518
2015,156,China,090111,Café verde não descafeinado,360,Indonésia,27897497,23.449,2,0,118969518
2015,156,China,090111,Café verde não descafeinado,76,Brasil,12116493,10.185,3,0,118969518
2015,156,China,090111,Café verde não descafeinado,170,Colômbia,8587046,7.218,4,0,118969518
2015,156,China,090111,Café verde não descafeinado,231,Etiópia,6314637,5.308,5,0,118969518
2015,156,China,090111,Café verde não descafeinado,626,Timor-Leste,189,0.0,37,1,118969518
2015,156,China,090190,Cascas de café e sucedâneos,702,Singapura,116323,40.294,1,0,288686
2015,156,China,090190,Cascas de café e sucedâneos,360,Indonésia,102494,35.504,2,0,288686
2015,156,China,090190,Cascas de café e sucedâneos,490,Taiwan (Prov. China),35175,12.185,3,0,288686
2015,156,China,090190,Cascas de café e sucedâneos,842,EUA,33021,11.438,4,0,288686
2015,156,China,090190,Cascas de café e sucedâneos,276,Alemanha,1149,0.398,5,0,288686
2015,156,China,270900,Petróleo bruto,682,Arábia Saudita,20780762011,15.468,1,0,134342874377
2015,156,China,270900,Petróleo bruto,643,Rússia,17242380824,12.835,2,0,134342874377
2015,156,China,270900,Petróleo bruto,24,Angola,15918015299,11.849,3,0,134342874377
2015,156,China,270900,Petróleo bruto,512,Omã,13943458123,10.379,4,0,134342874377
2015,156,China,270900,Petróleo bruto,368,Iraque,12672935919,9.433,5,0,134342874377
2015,156,China,271112,Propano liquefeito,784,Emirados Árabes Unidos,1644884246,37.188,1,0,4423208732
2015,156,China,271112,Propano liquefeito,842,EUA,1522046701,34.41,2,0,4423208732
2015,156,China,271112,Propano liquefeito,634,Catar,361762395,8.179,3,0,4423208732
2015,156,China,271112,Propano liquefeito,414,Kuwait,225008273,5.087,4,0,4423208732
2015,156,China,271112,Propano liquefeito,682,Arábia Saudita,184153911,4.163,5,0,4423208732
2015,156,China,271113,Butano liquefeito,784,Emirados Árabes Unidos,890335011,52.876,1,0,1683824558
2015,156,China,271113,Butano liquefeito,682,Arábia Saudita,181652063,10.788,2,0,1683824558
2015,156,China,271113,Butano liquefeito,414,Kuwait,170832745,10.146,3,0,1683824558
2015,156,China,271113,Butano liquefeito,566,Nigéria,94527041,5.614,4,0,1683824558
2015,156,China,271113,Butano liquefeito,634,Catar,90351033,5.366,5,0,1683824558
2015,156,China,880212,Helicópteros +2.000 kg,842,EUA,232855880,53.103,1,0,438500146
2015,156,China,880212,Helicópteros +2.000 kg,643,Rússia,66612393,15.191,2,0,438500146
2015,156,China,880212,Helicópteros +2.000 kg,826,Reino Unido,56756786,12.943,3,0,438500146
2015,156,China,880212,Helicópteros +2.000 kg,251,França,50204496,11.449,4,0,438500146
2015,156,China,880212,Helicópteros +2.000 kg,380,Itália,18181355,4.146,5,0,438500146
2015,156,China,880330,Partes de aviões e helicópteros (ed. antiga),276,Alemanha,631743917,35.886,1,0,1760412212
2015,156,China,880330,Partes de aviões e helicópteros (ed. antiga),842,EUA,512234754,29.097,2,0,1760412212
2015,156,China,880330,Partes de aviões e helicópteros (ed. antiga),251,França,278631233,15.828,3,0,1760412212
2015,156,China,880330,Partes de aviões e helicópteros (ed. antiga),826,Reino Unido,194824558,11.067,4,0,1760412212
2015,156,China,880330,Partes de aviões e helicópteros (ed. antiga),410,Coreia do Sul,31302772,1.778,5,0,1760412212
2015,360,Indonésia,090111,Café verde não descafeinado,704,Vietname,15157675,55.249,1,0,27435272
2015,360,Indonésia,090111,Café verde não descafeinado,76,Brasil,10171739,37.075,2,0,27435272
2015,360,Indonésia,090111,Café verde não descafeinado,360,Indonésia,408507,1.489,3,0,27435272
2015,360,Indonésia,090111,Café verde não descafeinado,276,Alemanha,307497,1.121,4,0,27435272
2015,360,Indonésia,090111,Café verde não descafeinado,764,Tailândia,279099,1.017,5,0,27435272
2015,360,Indonésia,090111,Café verde não descafeinado,626,Timor-Leste,196071,0.715,6,1,27435272
2015,360,Indonésia,090190,Cascas de café e sucedâneos,842,EUA,655,40.357,1,0,1623
2015,360,Indonésia,090190,Cascas de café e sucedâneos,56,Bélgica,524,32.286,2,0,1623
2015,360,Indonésia,090190,Cascas de café e sucedâneos,702,Singapura,444,27.357,3,0,1623
2015,360,Indonésia,270900,Petróleo bruto,682,Arábia Saudita,2065525377,25.616,1,0,8063264037
2015,360,Indonésia,270900,Petróleo bruto,458,Malásia,1496184562,18.556,2,0,8063264037
2015,360,Indonésia,270900,Petróleo bruto,31,Azerbaijan,1284072279,15.925,3,0,8063264037
2015,360,Indonésia,270900,Petróleo bruto,566,Nigéria,1216681758,15.089,4,0,8063264037
2015,360,Indonésia,270900,Petróleo bruto,24,Angola,639167452,7.927,5,0,8063264037
2015,360,Indonésia,271112,Propano liquefeito,784,Emirados Árabes Unidos,386606395,41.256,1,0,937096561
2015,360,Indonésia,271112,Propano liquefeito,634,Catar,228902844,24.427,2,0,937096561
2015,360,Indonésia,271112,Propano liquefeito,682,Arábia Saudita,211803434,22.602,3,0,937096561
2015,360,Indonésia,271112,Propano liquefeito,414,Kuwait,34372099,3.668,4,0,937096561
2015,360,Indonésia,271112,Propano liquefeito,566,Nigéria,31248265,3.335,5,0,937096561
2015,360,Indonésia,271113,Butano liquefeito,784,Emirados Árabes Unidos,497251629,46.495,1,0,1069475164
2015,360,Indonésia,271113,Butano liquefeito,682,Arábia Saudita,240605759,22.498,2,0,1069475164
2015,360,Indonésia,271113,Butano liquefeito,634,Catar,210024873,19.638,3,0,1069475164
2015,360,Indonésia,271113,Butano liquefeito,566,Nigéria,36562842,3.419,4,0,1069475164
2015,360,Indonésia,271113,Butano liquefeito,414,Kuwait,32323907,3.022,5,0,1069475164
2015,360,Indonésia,630900,Vestuário usado,251,França,89048,16.958,1,0,525120
2015,360,Indonésia,630900,Vestuário usado,392,Japão,85803,16.34,2,0,525120
2015,360,Indonésia,630900,Vestuário usado,757,Suíça,42269,8.049,3,0,525120
2015,360,Indonésia,630900,Vestuário usado,842,EUA,35516,6.763,4,0,525120
2015,360,Indonésia,630900,Vestuário usado,36,Austrália,29843,5.683,5,0,525120
2015,360,Indonésia,880212,Helicópteros +2.000 kg,842,EUA,23491907,76.9,1,0,30548665
2015,360,Indonésia,880212,Helicópteros +2.000 kg,702,Singapura,7056758,23.1,2,0,30548665
2015,360,Indonésia,880330,Partes de aviões e helicópteros (ed. antiga),251,França,163868244,28.013,1,0,584968671
2015,360,Indonésia,880330,Partes de aviões e helicópteros (ed. antiga),842,EUA,134391156,22.974,2,0,584968671
2015,360,Indonésia,880330,Partes de aviões e helicópteros (ed. antiga),643,Rússia,124672713,21.313,3,0,584968671
2015,360,Indonésia,880330,Partes de aviões e helicópteros (ed. antiga),702,Singapura,47401882,8.103,4,0,584968671
2015,360,Indonésia,880330,Partes de aviões e helicópteros (ed. antiga),458,Malásia,26653023,4.556,5,0,584968671
2015,392,Japão,090111,Café verde não descafeinado,76,Brasil,501825838,33.987,1,0,1476536729
2015,392,Japão,090111,Café verde não descafeinado,170,Colômbia,295608057,20.02,2,0,1476536729
2015,392,Japão,090111,Café verde não descafeinado,704,Vietname,155550570,10.535,3,0,1476536729
2015,392,Japão,090111,Café verde não descafeinado,320,Guatemala,140824989,9.538,4,0,1476536729
2015,392,Japão,090111,Café verde não descafeinado,360,Indonésia,111079383,7.523,5,0,1476536729
2015,392,Japão,090111,Café verde não descafeinado,626,Timor-Leste,501418,0.034,31,1,1476536729
2015,392,Japão,090190,Cascas de café e sucedâneos,842,EUA,37279,60.243,1,0,61881
2015,392,Japão,090190,Cascas de café e sucedâneos,704,Vietname,22900,37.007,2,0,61881
2015,392,Japão,090190,Cascas de café e sucedâneos,558,Nicaragua,1702,2.75,3,0,61881
2015,392,Japão,270900,Petróleo bruto,784,Emirados Árabes Unidos,17505995874,38.897,1,0,45005801006
2015,392,Japão,270900,Petróleo bruto,643,Rússia,5977976843,13.283,2,0,45005801006
2015,392,Japão,270900,Petróleo bruto,634,Catar,5518469337,12.262,3,0,45005801006
2015,392,Japão,270900,Petróleo bruto,414,Kuwait,5011355390,11.135,4,0,45005801006
2015,392,Japão,270900,Petróleo bruto,364,Irão,3198796485,7.108,5,0,45005801006
2015,392,Japão,271112,Propano liquefeito,842,EUA,1138624936,26.301,1,0,4329196494
2015,392,Japão,271112,Propano liquefeito,634,Catar,1044480663,24.126,2,0,4329196494
2015,392,Japão,271112,Propano liquefeito,784,Emirados Árabes Unidos,822728933,19.004,3,0,4329196494
2015,392,Japão,271112,Propano liquefeito,414,Kuwait,516889697,11.94,4,0,4329196494
2015,392,Japão,271112,Propano liquefeito,682,Arábia Saudita,346245502,7.998,5,0,4329196494
2015,392,Japão,271112,Propano liquefeito,626,Timor-Leste,2653438,0.061,12,1,4329196494
2015,392,Japão,271113,Butano liquefeito,784,Emirados Árabes Unidos,311440120,29.784,1,0,1045651374
2015,392,Japão,271113,Butano liquefeito,682,Arábia Saudita,188089557,17.988,2,0,1045651374
2015,392,Japão,271113,Butano liquefeito,36,Austrália,187109711,17.894,3,0,1045651374
2015,392,Japão,271113,Butano liquefeito,634,Catar,174312230,16.67,4,0,1045651374
2015,392,Japão,271113,Butano liquefeito,414,Kuwait,75419537,7.213,5,0,1045651374
2015,392,Japão,271113,Butano liquefeito,626,Timor-Leste,4392423,0.42,11,1,1045651374
2015,392,Japão,630900,Vestuário usado,842,EUA,15525635,60.603,1,0,25618730
2015,392,Japão,630900,Vestuário usado,764,Tailândia,2479233,9.677,2,0,25618730
2015,392,Japão,630900,Vestuário usado,251,França,1700764,6.639,3,0,25618730
2015,392,Japão,630900,Vestuário usado,124,Canadá,1383749,5.401,4,0,25618730
2015,392,Japão,630900,Vestuário usado,458,Malásia,779882,3.044,5,0,25618730
2015,392,Japão,880212,Helicópteros +2.000 kg,842,EUA,235173582,87.522,1,0,268701209
2015,392,Japão,880212,Helicópteros +2.000 kg,124,Canadá,13022444,4.846,2,0,268701209
2015,392,Japão,880212,Helicópteros +2.000 kg,380,Itália,10578813,3.937,3,0,268701209
2015,392,Japão,880212,Helicópteros +2.000 kg,276,Alemanha,9926370,3.694,4,0,268701209
2015,392,Japão,880330,Partes de aviões e helicópteros (ed. antiga),842,EUA,1055135686,57.369,1,0,1839210608
2015,392,Japão,880330,Partes de aviões e helicópteros (ed. antiga),410,Coreia do Sul,307122527,16.699,2,0,1839210608
2015,392,Japão,880330,Partes de aviões e helicópteros (ed. antiga),826,Reino Unido,89107547,4.845,3,0,1839210608
2015,392,Japão,880330,Partes de aviões e helicópteros (ed. antiga),251,França,84421371,4.59,4,0,1839210608
2015,392,Japão,880330,Partes de aviões e helicópteros (ed. antiga),124,Canadá,75903286,4.127,5,0,1839210608
2015,410,Coreia do Sul,090111,Café verde não descafeinado,76,Brasil,86995147,20.048,1,0,433933383
2015,410,Coreia do Sul,090111,Café verde não descafeinado,170,Colômbia,85100720,19.611,2,0,433933383
2015,410,Coreia do Sul,090111,Café verde não descafeinado,704,Vietname,54484972,12.556,3,0,433933383
2015,410,Coreia do Sul,090111,Café verde não descafeinado,604,Peru,36154782,8.332,4,0,433933383
2015,410,Coreia do Sul,090111,Café verde não descafeinado,231,Etiópia,34814652,8.023,5,0,433933383
2015,410,Coreia do Sul,090111,Café verde não descafeinado,626,Timor-Leste,509282,0.117,24,1,433933383
2015,410,Coreia do Sul,090190,Cascas de café e sucedâneos,392,Japão,17454,43.711,1,0,39930
2015,410,Coreia do Sul,090190,Cascas de café e sucedâneos,276,Alemanha,16553,41.455,2,0,39930
2015,410,Coreia do Sul,090190,Cascas de café e sucedâneos,704,Vietname,3365,8.427,3,0,39930
2015,410,Coreia do Sul,090190,Cascas de café e sucedâneos,360,Indonésia,1592,3.987,4,0,39930
2015,410,Coreia do Sul,090190,Cascas de café e sucedâneos,842,EUA,787,1.971,5,0,39930
2015,410,Coreia do Sul,270900,Petróleo bruto,682,Arábia Saudita,16588855023,30.096,1,0,55119664166
2015,410,Coreia do Sul,270900,Petróleo bruto,414,Kuwait,7342979767,13.322,2,0,55119664166
2015,410,Coreia do Sul,270900,Petróleo bruto,634,Catar,7050251748,12.791,3,0,55119664166
2015,410,Coreia do Sul,270900,Petróleo bruto,368,Iraque,6265320103,11.367,4,0,55119664166
2015,410,Coreia do Sul,270900,Petróleo bruto,784,Emirados Árabes Unidos,5613414641,10.184,5,0,55119664166
2015,410,Coreia do Sul,271112,Propano liquefeito,842,EUA,504287511,34.767,1,0,1450466046
2015,410,Coreia do Sul,271112,Propano liquefeito,784,Emirados Árabes Unidos,227524014,15.686,2,0,1450466046
2015,410,Coreia do Sul,271112,Propano liquefeito,634,Catar,199131886,13.729,3,0,1450466046
2015,410,Coreia do Sul,271112,Propano liquefeito,414,Kuwait,182999793,12.617,4,0,1450466046
2015,410,Coreia do Sul,271112,Propano liquefeito,566,Nigéria,85660529,5.906,5,0,1450466046
2015,410,Coreia do Sul,271113,Butano liquefeito,784,Emirados Árabes Unidos,266309224,22.417,1,0,1187955677
2015,410,Coreia do Sul,271113,Butano liquefeito,842,EUA,234530661,19.742,2,0,1187955677
2015,410,Coreia do Sul,271113,Butano liquefeito,414,Kuwait,224404823,18.89,3,0,1187955677
2015,410,Coreia do Sul,271113,Butano liquefeito,634,Catar,167747886,14.121,4,0,1187955677
2015,410,Coreia do Sul,271113,Butano liquefeito,682,Arábia Saudita,136007047,11.449,5,0,1187955677
2015,410,Coreia do Sul,630900,Vestuário usado,392,Japão,12588367,40.907,1,0,30773043
2015,410,Coreia do Sul,630900,Vestuário usado,842,EUA,5365236,17.435,2,0,30773043
2015,410,Coreia do Sul,630900,Vestuário usado,156,China,5074100,16.489,3,0,30773043
2015,410,Coreia do Sul,630900,Vestuário usado,826,Reino Unido,1144852,3.72,4,0,30773043
2015,410,Coreia do Sul,630900,Vestuário usado,36,Austrália,884340,2.874,5,0,30773043
2015,410,Coreia do Sul,630900,Vestuário usado,626,Timor-Leste,1943,0.006,91,1,30773043
2015,410,Coreia do Sul,880212,Helicópteros +2.000 kg,380,Itália,22362010,77.721,1,0,28772007
2015,410,Coreia do Sul,880212,Helicópteros +2.000 kg,458,Malásia,3536000,12.29,2,0,28772007
2015,410,Coreia do Sul,880212,Helicópteros +2.000 kg,842,EUA,2873997,9.989,3,0,28772007
2015,410,Coreia do Sul,880330,Partes de aviões e helicópteros (ed. antiga),842,EUA,307883883,62.109,1,0,495714712
2015,410,Coreia do Sul,880330,Partes de aviões e helicópteros (ed. antiga),251,França,50139305,10.115,2,0,495714712
2015,410,Coreia do Sul,880330,Partes de aviões e helicópteros (ed. antiga),376,Israel,37179465,7.5,3,0,495714712
2015,410,Coreia do Sul,880330,Partes de aviões e helicópteros (ed. antiga),826,Reino Unido,29884017,6.028,4,0,495714712
2015,410,Coreia do Sul,880330,Partes de aviões e helicópteros (ed. antiga),792,Turquia,19472834,3.928,5,0,495714712
2015,702,Singapura,090111,Café verde não descafeinado,360,Indonésia,30571017,72.76,1,0,42016505
2015,702,Singapura,090111,Café verde não descafeinado,76,Brasil,2330590,5.547,2,0,42016505
2015,702,Singapura,090111,Café verde não descafeinado,170,Colômbia,1841682,4.383,3,0,42016505
2015,702,Singapura,090111,Café verde não descafeinado,36,Austrália,890429,2.119,4,0,42016505
2015,702,Singapura,090111,Café verde não descafeinado,458,Malásia,630349,1.5,5,0,42016505
2015,702,Singapura,090111,Café verde não descafeinado,626,Timor-Leste,243,0.001,43,1,42016505
2015,702,Singapura,090190,Cascas de café e sucedâneos,842,EUA,51716,28.098,1,0,184055
2015,702,Singapura,090190,Cascas de café e sucedâneos,380,Itália,30900,16.788,2,0,184055
2015,702,Singapura,090190,Cascas de café e sucedâneos,276,Alemanha,30274,16.448,3,0,184055
2015,702,Singapura,090190,Cascas de café e sucedâneos,458,Malásia,29402,15.975,4,0,184055
2015,702,Singapura,090190,Cascas de café e sucedâneos,251,França,13859,7.53,5,0,184055
2015,702,Singapura,090190,Cascas de café e sucedâneos,626,Timor-Leste,1533,0.833,11,1,184055
2015,702,Singapura,270900,Petróleo bruto,784,Emirados Árabes Unidos,4701201631,25.827,1,0,18202763865
2015,702,Singapura,270900,Petróleo bruto,682,Arábia Saudita,3869983232,21.26,2,0,18202763865
2015,702,Singapura,270900,Petróleo bruto,634,Catar,2800959079,15.388,3,0,18202763865
2015,702,Singapura,270900,Petróleo bruto,414,Kuwait,1999940439,10.987,4,0,18202763865
2015,702,Singapura,270900,Petróleo bruto,368,Iraque,940504106,5.167,5,0,18202763865
2015,702,Singapura,270900,Petróleo bruto,626,Timor-Leste,295452337,1.623,11,1,18202763865
2015,702,Singapura,271112,Propano liquefeito,458,Malásia,2863001,77.536,1,0,3692470
2015,702,Singapura,271112,Propano liquefeito,156,China,305848,8.283,2,0,3692470
2015,702,Singapura,271112,Propano liquefeito,410,Coreia do Sul,185581,5.026,3,0,3692470
2015,702,Singapura,271112,Propano liquefeito,842,EUA,145873,3.951,4,0,3692470
2015,702,Singapura,271112,Propano liquefeito,784,Emirados Árabes Unidos,112717,3.053,5,0,3692470
2015,702,Singapura,271113,Butano liquefeito,156,China,1205211,35.571,1,0,3388161
2015,702,Singapura,271113,Butano liquefeito,360,Indonésia,753353,22.235,2,0,3388161
2015,702,Singapura,271113,Butano liquefeito,458,Malásia,731399,21.587,3,0,3388161
2015,702,Singapura,271113,Butano liquefeito,392,Japão,484751,14.307,4,0,3388161
2015,702,Singapura,271113,Butano liquefeito,276,Alemanha,193045,5.698,5,0,3388161
2015,702,Singapura,630900,Vestuário usado,156,China,9807579,47.906,1,0,20472376
2015,702,Singapura,630900,Vestuário usado,410,Coreia do Sul,3884438,18.974,2,0,20472376
2015,702,Singapura,630900,Vestuário usado,490,Taiwan (Prov. China),3286777,16.055,3,0,20472376
2015,702,Singapura,630900,Vestuário usado,458,Malásia,1271908,6.213,4,0,20472376
2015,702,Singapura,630900,Vestuário usado,392,Japão,732142,3.576,5,0,20472376
2015,702,Singapura,880212,Helicópteros +2.000 kg,251,França,53802210,44.553,1,0,120759196
2015,702,Singapura,880212,Helicópteros +2.000 kg,124,Canadá,36199276,29.976,2,0,120759196
2015,702,Singapura,880212,Helicópteros +2.000 kg,842,EUA,23751396,19.668,3,0,120759196
2015,702,Singapura,880212,Helicópteros +2.000 kg,764,Tailândia,7006314,5.802,4,0,120759196
2015,702,Singapura,880330,Partes de aviões e helicópteros (ed. antiga),842,EUA,2522345991,57.568,1,0,4381478957
2015,702,Singapura,880330,Partes de aviões e helicópteros (ed. antiga),251,França,504655635,11.518,2,0,4381478957
2015,702,Singapura,880330,Partes de aviões e helicópteros (ed. antiga),392,Japão,232780610,5.313,3,0,4381478957
2015,702,Singapura,880330,Partes de aviões e helicópteros (ed. antiga),276,Alemanha,211373240,4.824,4,0,4381478957
2015,702,Singapura,880330,Partes de aviões e helicópteros (ed. antiga),156,China,209840455,4.789,5,0,4381478957
2015,702,Singapura,880330,Partes de aviões e helicópteros (ed. antiga),626,Timor-Leste,7509,0.0,88,1,4381478957
2016,156,China,090111,Café verde não descafeinado,704,Vietname,57599111,51.419,1,0,112019553
2016,156,China,090111,Café verde não descafeinado,360,Indonésia,15519250,13.854,2,0,112019553
2016,156,China,090111,Café verde não descafeinado,76,Brasil,9473668,8.457,3,0,112019553
2016,156,China,090111,Café verde não descafeinado,231,Etiópia,7355474,6.566,4,0,112019553
2016,156,China,090111,Café verde não descafeinado,170,Colômbia,6066458,5.416,5,0,112019553
2016,156,China,090111,Café verde não descafeinado,626,Timor-Leste,93875,0.084,22,1,112019553
2016,156,China,090190,Cascas de café e sucedâneos,360,Indonésia,83259,67.066,1,0,124144
2016,156,China,090190,Cascas de café e sucedâneos,702,Singapura,29935,24.113,2,0,124144
2016,156,China,090190,Cascas de café e sucedâneos,222,El Salvador,2829,2.279,3,0,124144
2016,156,China,090190,Cascas de café e sucedâneos,392,Japão,2742,2.209,4,0,124144
2016,156,China,090190,Cascas de café e sucedâneos,490,Taiwan (Prov. China),2213,1.783,5,0,124144
2016,156,China,270900,Petróleo bruto,643,Rússia,16889518302,14.477,1,0,116660748441
2016,156,China,270900,Petróleo bruto,682,Arábia Saudita,15568827779,13.345,2,0,116660748441
2016,156,China,270900,Petróleo bruto,24,Angola,13866426136,11.886,3,0,116660748441
2016,156,China,270900,Petróleo bruto,512,Omã,11147585829,9.556,4,0,116660748441
2016,156,China,270900,Petróleo bruto,368,Iraque,10660389057,9.138,5,0,116660748441
2016,156,China,271112,Propano liquefeito,784,Emirados Árabes Unidos,1500377624,34.084,1,0,4402030330
2016,156,China,271112,Propano liquefeito,842,EUA,1289026036,29.283,2,0,4402030330
2016,156,China,271112,Propano liquefeito,634,Catar,545697192,12.396,3,0,4402030330
2016,156,China,271112,Propano liquefeito,682,Arábia Saudita,323336869,7.345,4,0,4402030330
2016,156,China,271112,Propano liquefeito,414,Kuwait,273412301,6.211,5,0,4402030330
2016,156,China,271113,Butano liquefeito,784,Emirados Árabes Unidos,835230416,49.601,1,0,1683905645
2016,156,China,271113,Butano liquefeito,634,Catar,232507112,13.808,2,0,1683905645
2016,156,China,271113,Butano liquefeito,414,Kuwait,193879060,11.514,3,0,1683905645
2016,156,China,271113,Butano liquefeito,682,Arábia Saudita,143676413,8.532,4,0,1683905645
2016,156,China,271113,Butano liquefeito,36,Austrália,89278452,5.302,5,0,1683905645
2016,156,China,630900,Vestuário usado,490,Taiwan (Prov. China),31351,100.0,1,0,31351
2016,156,China,880212,Helicópteros +2.000 kg,643,Rússia,85022773,38.977,1,0,218136265
2016,156,China,880212,Helicópteros +2.000 kg,380,Itália,75912065,34.8,2,0,218136265
2016,156,China,880212,Helicópteros +2.000 kg,124,Canadá,33270198,15.252,3,0,218136265
2016,156,China,880212,Helicópteros +2.000 kg,251,França,22334902,10.239,4,0,218136265
2016,156,China,880212,Helicópteros +2.000 kg,842,EUA,1596327,0.732,5,0,218136265
2016,156,China,880330,Partes de aviões e helicópteros (ed. antiga),276,Alemanha,755442499,43.659,1,0,1730314955
2016,156,China,880330,Partes de aviões e helicópteros (ed. antiga),842,EUA,404625603,23.385,2,0,1730314955
2016,156,China,880330,Partes de aviões e helicópteros (ed. antiga),251,França,273574909,15.811,3,0,1730314955
2016,156,China,880330,Partes de aviões e helicópteros (ed. antiga),826,Reino Unido,136627482,7.896,4,0,1730314955
2016,156,China,880330,Partes de aviões e helicópteros (ed. antiga),643,Rússia,39262519,2.269,5,0,1730314955
2016,360,Indonésia,090111,Café verde não descafeinado,704,Vietname,31028106,70.243,1,0,44172443
2016,360,Indonésia,090111,Café verde não descafeinado,76,Brasil,10046828,22.745,2,0,44172443
2016,360,Indonésia,090111,Café verde não descafeinado,360,Indonésia,1184302,2.681,3,0,44172443
2016,360,Indonésia,090111,Café verde não descafeinado,626,Timor-Leste,1046509,2.369,4,1,44172443
2016,360,Indonésia,090111,Café verde não descafeinado,699,Índia,215241,0.487,5,0,44172443
2016,360,Indonésia,090111,Café verde não descafeinado,598,Papua New Guinea,201408,0.456,6,0,44172443
2016,360,Indonésia,090190,Cascas de café e sucedâneos,842,EUA,1132,85.305,1,0,1327
2016,360,Indonésia,090190,Cascas de café e sucedâneos,36,Austrália,195,14.695,2,0,1327
2016,360,Indonésia,270900,Petróleo bruto,682,Arábia Saudita,1558575830,23.157,1,0,6730493376
2016,360,Indonésia,270900,Petróleo bruto,566,Nigéria,1246926591,18.527,2,0,6730493376
2016,360,Indonésia,270900,Petróleo bruto,458,Malásia,1084863857,16.119,3,0,6730493376
2016,360,Indonésia,270900,Petróleo bruto,36,Austrália,695969541,10.341,4,0,6730493376
2016,360,Indonésia,270900,Petróleo bruto,31,Azerbaijan,483015931,7.177,5,0,6730493376
2016,360,Indonésia,271112,Propano liquefeito,784,Emirados Árabes Unidos,315314854,41.902,1,0,752509911
2016,360,Indonésia,271112,Propano liquefeito,634,Catar,243615710,32.374,2,0,752509911
2016,360,Indonésia,271112,Propano liquefeito,682,Arábia Saudita,72566090,9.643,3,0,752509911
2016,360,Indonésia,271112,Propano liquefeito,364,Irão,25104643,3.336,4,0,752509911
2016,360,Indonésia,271112,Propano liquefeito,842,EUA,22067719,2.933,5,0,752509911
2016,360,Indonésia,271113,Butano liquefeito,784,Emirados Árabes Unidos,417991699,45.806,1,0,912524127
2016,360,Indonésia,271113,Butano liquefeito,634,Catar,265547751,29.1,2,0,912524127
2016,360,Indonésia,271113,Butano liquefeito,682,Arábia Saudita,88089170,9.653,3,0,912524127
2016,360,Indonésia,271113,Butano liquefeito,842,EUA,34085310,3.735,4,0,912524127
2016,360,Indonésia,271113,Butano liquefeito,364,Irão,29581448,3.242,5,0,912524127
2016,360,Indonésia,630900,Vestuário usado,392,Japão,198440,39.357,1,0,504203
2016,360,Indonésia,630900,Vestuário usado,842,EUA,52083,10.33,2,0,504203
2016,360,Indonésia,630900,Vestuário usado,826,Reino Unido,24026,4.765,3,0,504203
2016,360,Indonésia,630900,Vestuário usado,702,Singapura,19803,3.928,4,0,504203
2016,360,Indonésia,630900,Vestuário usado,124,Canadá,16279,3.229,5,0,504203
2016,360,Indonésia,880212,Helicópteros +2.000 kg,702,Singapura,16181955,58.177,1,0,27815145
2016,360,Indonésia,880212,Helicópteros +2.000 kg,276,Alemanha,9908190,35.622,2,0,27815145
2016,360,Indonésia,880212,Helicópteros +2.000 kg,251,França,1725000,6.202,3,0,27815145
2016,360,Indonésia,880330,Partes de aviões e helicópteros (ed. antiga),251,França,160416155,26.598,1,0,603105454
2016,360,Indonésia,880330,Partes de aviões e helicópteros (ed. antiga),842,EUA,132615772,21.989,2,0,603105454
2016,360,Indonésia,880330,Partes de aviões e helicópteros (ed. antiga),702,Singapura,72558127,12.031,3,0,603105454
2016,360,Indonésia,880330,Partes de aviões e helicópteros (ed. antiga),643,Rússia,65525835,10.865,4,0,603105454
2016,360,Indonésia,880330,Partes de aviões e helicópteros (ed. antiga),724,Espanha,49620450,8.227,5,0,603105454
2016,392,Japão,090111,Café verde não descafeinado,76,Brasil,432027155,33.041,1,0,1307529701
2016,392,Japão,090111,Café verde não descafeinado,170,Colômbia,226462108,17.32,2,0,1307529701
2016,392,Japão,090111,Café verde não descafeinado,704,Vietname,178290109,13.636,3,0,1307529701
2016,392,Japão,090111,Café verde não descafeinado,320,Guatemala,149396275,11.426,4,0,1307529701
2016,392,Japão,090111,Café verde não descafeinado,360,Indonésia,86728404,6.633,5,0,1307529701
2016,392,Japão,090111,Café verde não descafeinado,626,Timor-Leste,1024146,0.078,27,1,1307529701
2016,392,Japão,090190,Cascas de café e sucedâneos,842,EUA,74843,91.859,1,0,81476
2016,392,Japão,090190,Cascas de café e sucedâneos,320,Guatemala,3588,4.404,2,0,81476
2016,392,Japão,090190,Cascas de café e sucedâneos,591,Panamá,3045,3.737,3,0,81476
2016,392,Japão,270900,Petróleo bruto,682,Arábia Saudita,17986589963,35.429,1,0,50767543409
2016,392,Japão,270900,Petróleo bruto,784,Emirados Árabes Unidos,12863373959,25.338,2,0,50767543409
2016,392,Japão,270900,Petróleo bruto,634,Catar,4703557869,9.265,3,0,50767543409
2016,392,Japão,270900,Petróleo bruto,643,Rússia,3303184455,6.506,4,0,50767543409
2016,392,Japão,270900,Petróleo bruto,364,Irão,3272248199,6.446,5,0,50767543409
2016,392,Japão,271112,Propano liquefeito,842,EUA,1279125360,38.889,1,0,3289154478
2016,392,Japão,271112,Propano liquefeito,634,Catar,628526093,19.109,2,0,3289154478
2016,392,Japão,271112,Propano liquefeito,784,Emirados Árabes Unidos,499258183,15.179,3,0,3289154478
2016,392,Japão,271112,Propano liquefeito,414,Kuwait,363205780,11.043,4,0,3289154478
2016,392,Japão,271112,Propano liquefeito,682,Arábia Saudita,286321667,8.705,5,0,3289154478
2016,392,Japão,271113,Butano liquefeito,784,Emirados Árabes Unidos,232757084,28.671,1,0,811826531
2016,392,Japão,271113,Butano liquefeito,634,Catar,150102474,18.489,2,0,811826531
2016,392,Japão,271113,Butano liquefeito,36,Austrália,148392811,18.279,3,0,811826531
2016,392,Japão,271113,Butano liquefeito,414,Kuwait,119809691,14.758,4,0,811826531
2016,392,Japão,271113,Butano liquefeito,682,Arábia Saudita,118171522,14.556,5,0,811826531
2016,392,Japão,630900,Vestuário usado,842,EUA,18193290,60.342,1,0,30150236
2016,392,Japão,630900,Vestuário usado,764,Tailândia,4078929,13.529,2,0,30150236
2016,392,Japão,630900,Vestuário usado,251,França,1604709,5.322,3,0,30150236
2016,392,Japão,630900,Vestuário usado,124,Canadá,1329212,4.409,4,0,30150236
2016,392,Japão,630900,Vestuário usado,458,Malásia,1016206,3.37,5,0,30150236
2016,392,Japão,880212,Helicópteros +2.000 kg,842,EUA,92273222,47.821,1,0,192957019
2016,392,Japão,880212,Helicópteros +2.000 kg,251,França,39476415,20.459,2,0,192957019
2016,392,Japão,880212,Helicópteros +2.000 kg,380,Itália,30554452,15.835,3,0,192957019
2016,392,Japão,880212,Helicópteros +2.000 kg,124,Canadá,19090493,9.894,4,0,192957019
2016,392,Japão,880212,Helicópteros +2.000 kg,276,Alemanha,11562437,5.992,5,0,192957019
2016,392,Japão,880330,Partes de aviões e helicópteros (ed. antiga),842,EUA,1221236951,59.51,1,0,2052148639
2016,392,Japão,880330,Partes de aviões e helicópteros (ed. antiga),410,Coreia do Sul,246490045,12.011,2,0,2052148639
2016,392,Japão,880330,Partes de aviões e helicópteros (ed. antiga),276,Alemanha,108750785,5.299,3,0,2052148639
2016,392,Japão,880330,Partes de aviões e helicópteros (ed. antiga),490,Taiwan (Prov. China),106910167,5.21,4,0,2052148639
2016,392,Japão,880330,Partes de aviões e helicópteros (ed. antiga),124,Canadá,72160708,3.516,5,0,2052148639
2016,410,Coreia do Sul,090111,Café verde não descafeinado,76,Brasil,83045525,19.719,1,0,421151240
2016,410,Coreia do Sul,090111,Café verde não descafeinado,170,Colômbia,82205137,19.519,2,0,421151240
2016,410,Coreia do Sul,090111,Café verde não descafeinado,704,Vietname,53009244,12.587,3,0,421151240
2016,410,Coreia do Sul,090111,Café verde não descafeinado,231,Etiópia,42850860,10.175,4,0,421151240
2016,410,Coreia do Sul,090111,Café verde não descafeinado,604,Peru,25858209,6.14,5,0,421151240
2016,410,Coreia do Sul,090111,Café verde não descafeinado,626,Timor-Leste,249616,0.059,30,1,421151240
2016,410,Coreia do Sul,090190,Cascas de café e sucedâneos,392,Japão,26959,62.716,1,0,42986
2016,410,Coreia do Sul,090190,Cascas de café e sucedâneos,360,Indonésia,8675,20.181,2,0,42986
2016,410,Coreia do Sul,090190,Cascas de café e sucedâneos,704,Vietname,5977,13.905,3,0,42986
2016,410,Coreia do Sul,090190,Cascas de café e sucedâneos,276,Alemanha,683,1.589,4,0,42986
2016,410,Coreia do Sul,090190,Cascas de café e sucedâneos,710,África do Sul,648,1.507,5,0,42986
2016,410,Coreia do Sul,270900,Petróleo bruto,682,Arábia Saudita,13384382379,30.217,1,0,44294822080
2016,410,Coreia do Sul,270900,Petróleo bruto,414,Kuwait,6408336117,14.467,2,0,44294822080
2016,410,Coreia do Sul,270900,Petróleo bruto,368,Iraque,5035186258,11.367,3,0,44294822080
2016,410,Coreia do Sul,270900,Petróleo bruto,364,Irão,4546636678,10.264,4,0,44294822080
2016,410,Coreia do Sul,270900,Petróleo bruto,634,Catar,3876283830,8.751,5,0,44294822080
2016,410,Coreia do Sul,271112,Propano liquefeito,842,EUA,912006557,55.731,1,0,1636444336
2016,410,Coreia do Sul,271112,Propano liquefeito,784,Emirados Árabes Unidos,170020817,10.39,2,0,1636444336
2016,410,Coreia do Sul,271112,Propano liquefeito,634,Catar,118611543,7.248,3,0,1636444336
2016,410,Coreia do Sul,271112,Propano liquefeito,682,Arábia Saudita,108302868,6.618,4,0,1636444336
2016,410,Coreia do Sul,271112,Propano liquefeito,414,Kuwait,93091368,5.689,5,0,1636444336
2016,410,Coreia do Sul,271113,Butano liquefeito,842,EUA,308362628,32.828,1,0,939338776
2016,410,Coreia do Sul,271113,Butano liquefeito,784,Emirados Árabes Unidos,178926287,19.048,2,0,939338776
2016,410,Coreia do Sul,271113,Butano liquefeito,414,Kuwait,133211646,14.181,3,0,939338776
2016,410,Coreia do Sul,271113,Butano liquefeito,682,Arábia Saudita,116093916,12.359,4,0,939338776
2016,410,Coreia do Sul,271113,Butano liquefeito,634,Catar,57553792,6.127,5,0,939338776
2016,410,Coreia do Sul,630900,Vestuário usado,392,Japão,15169531,48.93,1,0,31002736
2016,410,Coreia do Sul,630900,Vestuário usado,842,EUA,4898995,15.802,2,0,31002736
2016,410,Coreia do Sul,630900,Vestuário usado,156,China,3159219,10.19,3,0,31002736
2016,410,Coreia do Sul,630900,Vestuário usado,826,Reino Unido,1053953,3.4,4,0,31002736
2016,410,Coreia do Sul,630900,Vestuário usado,36,Austrália,1029973,3.322,5,0,31002736
2016,410,Coreia do Sul,630900,Vestuário usado,626,Timor-Leste,2873,0.009,90,1,31002736
2016,410,Coreia do Sul,880212,Helicópteros +2.000 kg,826,Reino Unido,200437520,52.806,1,0,379576799
2016,410,Coreia do Sul,880212,Helicópteros +2.000 kg,842,EUA,123987037,32.665,2,0,379576799
2016,410,Coreia do Sul,880212,Helicópteros +2.000 kg,251,França,31616999,8.33,3,0,379576799
2016,410,Coreia do Sul,880212,Helicópteros +2.000 kg,380,Itália,23360243,6.154,4,0,379576799
2016,410,Coreia do Sul,880212,Helicópteros +2.000 kg,498,Rep. of Moldova,175000,0.046,5,0,379576799
2016,410,Coreia do Sul,880330,Partes de aviões e helicópteros (ed. antiga),842,EUA,1363837418,86.74,1,0,1572330791
2016,410,Coreia do Sul,880330,Partes de aviões e helicópteros (ed. antiga),826,Reino Unido,54903894,3.492,2,0,1572330791
2016,410,Coreia do Sul,880330,Partes de aviões e helicópteros (ed. antiga),251,França,54482498,3.465,3,0,1572330791
2016,410,Coreia do Sul,880330,Partes de aviões e helicópteros (ed. antiga),376,Israel,44368991,2.822,4,0,1572330791
2016,410,Coreia do Sul,880330,Partes de aviões e helicópteros (ed. antiga),792,Turquia,13539094,0.861,5,0,1572330791
2016,702,Singapura,090111,Café verde não descafeinado,360,Indonésia,13587174,48.473,1,0,28030608
2016,702,Singapura,090111,Café verde não descafeinado,76,Brasil,2828769,10.092,2,0,28030608
2016,702,Singapura,090111,Café verde não descafeinado,170,Colômbia,1771271,6.319,3,0,28030608
2016,702,Singapura,090111,Café verde não descafeinado,458,Malásia,1184870,4.227,4,0,28030608
2016,702,Singapura,090111,Café verde não descafeinado,704,Vietname,983149,3.507,5,0,28030608
2016,702,Singapura,090190,Cascas de café e sucedâneos,842,EUA,151513,42.054,1,0,360279
2016,702,Singapura,090190,Cascas de café e sucedâneos,458,Malásia,70436,19.55,2,0,360279
2016,702,Singapura,090190,Cascas de café e sucedâneos,36,Austrália,56349,15.64,3,0,360279
2016,702,Singapura,090190,Cascas de café e sucedâneos,380,Itália,29572,8.208,4,0,360279
2016,702,Singapura,090190,Cascas de café e sucedâneos,704,Vietname,19249,5.343,5,0,360279
2016,702,Singapura,270900,Petróleo bruto,682,Arábia Saudita,4292389270,28.526,1,0,15047424174
2016,702,Singapura,270900,Petróleo bruto,784,Emirados Árabes Unidos,4015525561,26.686,2,0,15047424174
2016,702,Singapura,270900,Petróleo bruto,634,Catar,2427895101,16.135,3,0,15047424174
2016,702,Singapura,270900,Petróleo bruto,414,Kuwait,1822047475,12.109,4,0,15047424174
2016,702,Singapura,270900,Petróleo bruto,458,Malásia,495875582,3.295,5,0,15047424174
2016,702,Singapura,270900,Petróleo bruto,626,Timor-Leste,3514619,0.023,26,1,15047424174
2016,702,Singapura,271112,Propano liquefeito,634,Catar,40664343,80.009,1,0,50824720
2016,702,Singapura,271112,Propano liquefeito,784,Emirados Árabes Unidos,8317499,16.365,2,0,50824720
2016,702,Singapura,271112,Propano liquefeito,682,Arábia Saudita,1536465,3.023,3,0,50824720
2016,702,Singapura,271112,Propano liquefeito,156,China,145084,0.285,4,0,50824720
2016,702,Singapura,271112,Propano liquefeito,458,Malásia,133282,0.262,5,0,50824720
2016,702,Singapura,271113,Butano liquefeito,392,Japão,844422,64.498,1,0,1309228
2016,702,Singapura,271113,Butano liquefeito,156,China,222596,17.002,2,0,1309228
2016,702,Singapura,271113,Butano liquefeito,276,Alemanha,198220,15.14,3,0,1309228
2016,702,Singapura,271113,Butano liquefeito,784,Emirados Árabes Unidos,40660,3.106,4,0,1309228
2016,702,Singapura,271113,Butano liquefeito,360,Indonésia,1364,0.104,5,0,1309228
2016,702,Singapura,630900,Vestuário usado,156,China,5404870,31.932,1,0,16926026
2016,702,Singapura,630900,Vestuário usado,410,Coreia do Sul,3618079,21.376,2,0,16926026
2016,702,Singapura,630900,Vestuário usado,458,Malásia,3038484,17.952,3,0,16926026
2016,702,Singapura,630900,Vestuário usado,490,Taiwan (Prov. China),2331616,13.775,4,0,16926026
2016,702,Singapura,630900,Vestuário usado,842,EUA,1045024,6.174,5,0,16926026
2016,702,Singapura,630900,Vestuário usado,626,Timor-Leste,434479,2.567,6,1,16926026
2016,702,Singapura,880212,Helicópteros +2.000 kg,251,França,21074212,25.674,1,0,82083124
2016,702,Singapura,880212,Helicópteros +2.000 kg,56,Bélgica,18544402,22.592,2,0,82083124
2016,702,Singapura,880212,Helicópteros +2.000 kg,842,EUA,18398327,22.414,3,0,82083124
2016,702,Singapura,880212,Helicópteros +2.000 kg,380,Itália,8627263,10.51,4,0,82083124
2016,702,Singapura,880212,Helicópteros +2.000 kg,826,Reino Unido,7622319,9.286,5,0,82083124
2016,702,Singapura,880330,Partes de aviões e helicópteros (ed. antiga),842,EUA,2927131915,57.897,1,0,5055718844
2016,702,Singapura,880330,Partes de aviões e helicópteros (ed. antiga),251,França,534934866,10.581,2,0,5055718844
2016,702,Singapura,880330,Partes de aviões e helicópteros (ed. antiga),392,Japão,339937902,6.724,3,0,5055718844
2016,702,Singapura,880330,Partes de aviões e helicópteros (ed. antiga),826,Reino Unido,260970877,5.162,4,0,5055718844
2016,702,Singapura,880330,Partes de aviões e helicópteros (ed. antiga),276,Alemanha,249300393,4.931,5,0,5055718844
2016,702,Singapura,880330,Partes de aviões e helicópteros (ed. antiga),626,Timor-Leste,2753,0.0,101,1,5055718844
2017,156,China,090111,Café verde não descafeinado,360,Indonésia,46475550,36.172,1,0,128485755
2017,156,China,090111,Café verde não descafeinado,704,Vietname,20927511,16.288,2,0,128485755
2017,156,China,090111,Café verde não descafeinado,76,Brasil,12202600,9.497,3,0,128485755
2017,156,China,090111,Café verde não descafeinado,320,Guatemala,9652744,7.513,4,0,128485755
2017,156,China,090111,Café verde não descafeinado,231,Etiópia,8862654,6.898,5,0,128485755
2017,156,China,090111,Café verde não descafeinado,626,Timor-Leste,250946,0.195,20,1,128485755
2017,156,China,090190,Cascas de café e sucedâneos,842,EUA,21865,96.258,1,0,22715
2017,156,China,090190,Cascas de café e sucedâneos,826,Reino Unido,548,2.413,2,0,22715
2017,156,China,090190,Cascas de café e sucedâneos,380,Itália,302,1.33,3,0,22715
2017,156,China,270900,Petróleo bruto,643,Rússia,23884155059,14.579,1,0,163820666915
2017,156,China,270900,Petróleo bruto,682,Arábia Saudita,20514965132,12.523,2,0,163820666915
2017,156,China,270900,Petróleo bruto,24,Angola,20122697996,12.283,3,0,163820666915
2017,156,China,270900,Petróleo bruto,368,Iraque,13812852179,8.432,4,0,163820666915
2017,156,China,270900,Petróleo bruto,512,Omã,12374603703,7.554,5,0,163820666915
2017,156,China,271112,Propano liquefeito,784,Emirados Árabes Unidos,2068727113,31.041,1,0,6664535810
2017,156,China,271112,Propano liquefeito,842,EUA,1762174287,26.441,2,0,6664535810
2017,156,China,271112,Propano liquefeito,634,Catar,1060821198,15.917,3,0,6664535810
2017,156,China,271112,Propano liquefeito,682,Arábia Saudita,403433856,6.053,4,0,6664535810
2017,156,China,271112,Propano liquefeito,414,Kuwait,313226791,4.7,5,0,6664535810
2017,156,China,271113,Butano liquefeito,784,Emirados Árabes Unidos,1124404997,44.655,1,0,2518001602
2017,156,China,271113,Butano liquefeito,634,Catar,365454723,14.514,2,0,2518001602
2017,156,China,271113,Butano liquefeito,414,Kuwait,283034548,11.24,3,0,2518001602
2017,156,China,271113,Butano liquefeito,682,Arábia Saudita,204748668,8.131,4,0,2518001602
2017,156,China,271113,Butano liquefeito,36,Austrália,100159107,3.978,5,0,2518001602
2017,156,China,880212,Helicópteros +2.000 kg,380,Itália,108057931,41.397,1,0,261030186
2017,156,China,880212,Helicópteros +2.000 kg,643,Rússia,84321651,32.303,2,0,261030186
2017,156,China,880212,Helicópteros +2.000 kg,251,França,27751000,10.631,3,0,261030186
2017,156,China,880212,Helicópteros +2.000 kg,124,Canadá,23199604,8.888,4,0,261030186
2017,156,China,880212,Helicópteros +2.000 kg,842,EUA,17700000,6.781,5,0,261030186
2017,156,China,880330,Partes de aviões e helicópteros (ed. antiga),276,Alemanha,604266039,33.472,1,0,1805277554
2017,156,China,880330,Partes de aviões e helicópteros (ed. antiga),842,EUA,441607257,24.462,2,0,1805277554
2017,156,China,880330,Partes de aviões e helicópteros (ed. antiga),251,França,418495025,23.182,3,0,1805277554
2017,156,China,880330,Partes de aviões e helicópteros (ed. antiga),826,Reino Unido,155993986,8.641,4,0,1805277554
2017,156,China,880330,Partes de aviões e helicópteros (ed. antiga),410,Coreia do Sul,42865265,2.374,5,0,1805277554
2017,360,Indonésia,090111,Café verde não descafeinado,704,Vietname,12351368,45.219,1,0,27314764
2017,360,Indonésia,090111,Café verde não descafeinado,76,Brasil,10097979,36.969,2,0,27314764
2017,360,Indonésia,090111,Café verde não descafeinado,626,Timor-Leste,1444263,5.287,3,1,27314764
2017,360,Indonésia,090111,Café verde não descafeinado,360,Indonésia,1407272,5.152,4,0,27314764
2017,360,Indonésia,090111,Café verde não descafeinado,699,Índia,606109,2.219,5,0,27314764
2017,360,Indonésia,090111,Café verde não descafeinado,276,Alemanha,338781,1.24,6,0,27314764
2017,360,Indonésia,090190,Cascas de café e sucedâneos,626,Timor-Leste,69368,81.452,1,1,85164
2017,360,Indonésia,090190,Cascas de café e sucedâneos,360,Indonésia,10281,12.072,2,0,85164
2017,360,Indonésia,090190,Cascas de café e sucedâneos,410,Coreia do Sul,989,1.161,3,0,85164
2017,360,Indonésia,090190,Cascas de café e sucedâneos,842,EUA,880,1.033,4,0,85164
2017,360,Indonésia,090190,Cascas de café e sucedâneos,554,Nova Zelândia,560,0.658,5,0,85164
2017,360,Indonésia,090190,Cascas de café e sucedâneos,344,Hong Kong (RAEHK),480,0.564,6,0,85164
2017,360,Indonésia,270900,Petróleo bruto,682,Arábia Saudita,1664632325,23.566,1,0,7063600085
2017,360,Indonésia,270900,Petróleo bruto,566,Nigéria,1195912538,16.931,2,0,7063600085
2017,360,Indonésia,270900,Petróleo bruto,36,Austrália,911786095,12.908,3,0,7063600085
2017,360,Indonésia,270900,Petróleo bruto,458,Malásia,884393745,12.52,4,0,7063600085
2017,360,Indonésia,270900,Petróleo bruto,31,Azerbaijan,408359762,5.781,5,0,7063600085
2017,360,Indonésia,271112,Propano liquefeito,784,Emirados Árabes Unidos,423738993,33.226,1,0,1275331843
2017,360,Indonésia,271112,Propano liquefeito,682,Arábia Saudita,210394940,16.497,2,0,1275331843
2017,360,Indonésia,271112,Propano liquefeito,842,EUA,186514265,14.625,3,0,1275331843
2017,360,Indonésia,271112,Propano liquefeito,634,Catar,155383870,12.184,4,0,1275331843
2017,360,Indonésia,271112,Propano liquefeito,364,Irão,107721673,8.447,5,0,1275331843
2017,360,Indonésia,271113,Butano liquefeito,784,Emirados Árabes Unidos,485624333,33.926,1,0,1431433240
2017,360,Indonésia,271113,Butano liquefeito,682,Arábia Saudita,256217078,17.899,2,0,1431433240
2017,360,Indonésia,271113,Butano liquefeito,842,EUA,181090317,12.651,3,0,1431433240
2017,360,Indonésia,271113,Butano liquefeito,634,Catar,178721159,12.485,4,0,1431433240
2017,360,Indonésia,271113,Butano liquefeito,364,Irão,115543952,8.072,5,0,1431433240
2017,360,Indonésia,630900,Vestuário usado,392,Japão,611456,56.005,1,0,1091782
2017,360,Indonésia,630900,Vestuário usado,842,EUA,71990,6.594,2,0,1091782
2017,360,Indonésia,630900,Vestuário usado,682,Arábia Saudita,39567,3.624,3,0,1091782
2017,360,Indonésia,630900,Vestuário usado,36,Austrália,38262,3.505,4,0,1091782
2017,360,Indonésia,630900,Vestuário usado,124,Canadá,33299,3.05,5,0,1091782
2017,360,Indonésia,880212,Helicópteros +2.000 kg,842,EUA,106000184,64.477,1,0,164400769
2017,360,Indonésia,880212,Helicópteros +2.000 kg,826,Reino Unido,34199605,20.803,2,0,164400769
2017,360,Indonésia,880212,Helicópteros +2.000 kg,124,Canadá,24200980,14.721,3,0,164400769
2017,360,Indonésia,880330,Partes de aviões e helicópteros (ed. antiga),842,EUA,176089117,28.881,1,0,609703433
2017,360,Indonésia,880330,Partes de aviões e helicópteros (ed. antiga),251,França,128427429,21.064,2,0,609703433
2017,360,Indonésia,880330,Partes de aviões e helicópteros (ed. antiga),702,Singapura,103268120,16.937,3,0,609703433
2017,360,Indonésia,880330,Partes de aviões e helicópteros (ed. antiga),826,Reino Unido,34645840,5.682,4,0,609703433
2017,360,Indonésia,880330,Partes de aviões e helicópteros (ed. antiga),458,Malásia,31072970,5.096,5,0,609703433
2017,392,Japão,090111,Café verde não descafeinado,76,Brasil,378653924,28.734,1,0,1317803231
2017,392,Japão,090111,Café verde não descafeinado,170,Colômbia,266714570,20.239,2,0,1317803231
2017,392,Japão,090111,Café verde não descafeinado,704,Vietname,198007993,15.026,3,0,1317803231
2017,392,Japão,090111,Café verde não descafeinado,320,Guatemala,123056581,9.338,4,0,1317803231
2017,392,Japão,090111,Café verde não descafeinado,231,Etiópia,92959532,7.054,5,0,1317803231
2017,392,Japão,090111,Café verde não descafeinado,626,Timor-Leste,1112469,0.084,25,1,1317803231
2017,392,Japão,090190,Cascas de café e sucedâneos,842,EUA,16607,74.164,1,0,22392
2017,392,Japão,090190,Cascas de café e sucedâneos,320,Guatemala,3779,16.879,2,0,22392
2017,392,Japão,090190,Cascas de café e sucedâneos,68,Bolívia,2006,8.957,3,0,22392
2017,392,Japão,270900,Petróleo bruto,682,Arábia Saudita,25623261536,40.191,1,0,63754236994
2017,392,Japão,270900,Petróleo bruto,784,Emirados Árabes Unidos,15641447932,24.534,2,0,63754236994
2017,392,Japão,270900,Petróleo bruto,634,Catar,4688658877,7.354,3,0,63754236994
2017,392,Japão,270900,Petróleo bruto,414,Kuwait,4392805900,6.89,4,0,63754236994
2017,392,Japão,270900,Petróleo bruto,643,Rússia,3711355051,5.821,5,0,63754236994
2017,392,Japão,271112,Propano liquefeito,842,EUA,2955447973,65.816,1,0,4490487885
2017,392,Japão,271112,Propano liquefeito,634,Catar,403857321,8.994,2,0,4490487885
2017,392,Japão,271112,Propano liquefeito,414,Kuwait,387861969,8.637,3,0,4490487885
2017,392,Japão,271112,Propano liquefeito,784,Emirados Árabes Unidos,385671876,8.589,4,0,4490487885
2017,392,Japão,271112,Propano liquefeito,682,Arábia Saudita,204064655,4.544,5,0,4490487885
2017,392,Japão,271113,Butano liquefeito,784,Emirados Árabes Unidos,192029674,21.968,1,0,874120174
2017,392,Japão,271113,Butano liquefeito,634,Catar,176898255,20.237,2,0,874120174
2017,392,Japão,271113,Butano liquefeito,682,Arábia Saudita,133707693,15.296,3,0,874120174
2017,392,Japão,271113,Butano liquefeito,414,Kuwait,128561636,14.708,4,0,874120174
2017,392,Japão,271113,Butano liquefeito,842,EUA,105596646,12.08,5,0,874120174
2017,392,Japão,630900,Vestuário usado,842,EUA,22027260,56.298,1,0,39126184
2017,392,Japão,630900,Vestuário usado,764,Tailândia,5574164,14.247,2,0,39126184
2017,392,Japão,630900,Vestuário usado,124,Canadá,2390192,6.109,3,0,39126184
2017,392,Japão,630900,Vestuário usado,251,França,1960427,5.011,4,0,39126184
2017,392,Japão,630900,Vestuário usado,156,China,1080022,2.76,5,0,39126184
2017,392,Japão,880212,Helicópteros +2.000 kg,124,Canadá,38989651,41.214,1,0,94602519
2017,392,Japão,880212,Helicópteros +2.000 kg,380,Itália,18822323,19.896,2,0,94602519
2017,392,Japão,880212,Helicópteros +2.000 kg,251,França,18805832,19.879,3,0,94602519
2017,392,Japão,880212,Helicópteros +2.000 kg,842,EUA,17984713,19.011,4,0,94602519
2017,392,Japão,880330,Partes de aviões e helicópteros (ed. antiga),842,EUA,1009641002,58.807,1,0,1716866967
2017,392,Japão,880330,Partes de aviões e helicópteros (ed. antiga),410,Coreia do Sul,283672253,16.523,2,0,1716866967
2017,392,Japão,880330,Partes de aviões e helicópteros (ed. antiga),458,Malásia,87762051,5.112,3,0,1716866967
2017,392,Japão,880330,Partes de aviões e helicópteros (ed. antiga),124,Canadá,83091798,4.84,4,0,1716866967
2017,392,Japão,880330,Partes de aviões e helicópteros (ed. antiga),251,França,54239089,3.159,5,0,1716866967
2017,410,Coreia do Sul,090111,Café verde não descafeinado,170,Colômbia,102741711,21.116,1,0,486564610
2017,410,Coreia do Sul,090111,Café verde não descafeinado,76,Brasil,86302114,17.737,2,0,486564610
2017,410,Coreia do Sul,090111,Café verde não descafeinado,704,Vietname,73888559,15.186,3,0,486564610
2017,410,Coreia do Sul,090111,Café verde não descafeinado,231,Etiópia,49457493,10.165,4,0,486564610
2017,410,Coreia do Sul,090111,Café verde não descafeinado,604,Peru,34463630,7.083,5,0,486564610
2017,410,Coreia do Sul,090111,Café verde não descafeinado,626,Timor-Leste,839101,0.172,22,1,486564610
2017,410,Coreia do Sul,090190,Cascas de café e sucedâneos,392,Japão,4298,63.806,1,0,6736
2017,410,Coreia do Sul,090190,Cascas de café e sucedâneos,704,Vietname,1721,25.549,2,0,6736
2017,410,Coreia do Sul,090190,Cascas de café e sucedâneos,887,Yemen,500,7.423,3,0,6736
2017,410,Coreia do Sul,090190,Cascas de café e sucedâneos,156,China,93,1.381,4,0,6736
2017,410,Coreia do Sul,090190,Cascas de café e sucedâneos,76,Brasil,40,0.594,5,0,6736
2017,410,Coreia do Sul,270900,Petróleo bruto,682,Arábia Saudita,17032190881,28.576,1,0,59602860836
2017,410,Coreia do Sul,270900,Petróleo bruto,414,Kuwait,8339102899,13.991,2,0,59602860836
2017,410,Coreia do Sul,270900,Petróleo bruto,364,Irão,7815080413,13.112,3,0,59602860836
2017,410,Coreia do Sul,270900,Petróleo bruto,368,Iraque,6335831400,10.63,4,0,59602860836
2017,410,Coreia do Sul,270900,Petróleo bruto,784,Emirados Árabes Unidos,5060691031,8.491,5,0,59602860836
2017,410,Coreia do Sul,271112,Propano liquefeito,842,EUA,1488227672,69.476,1,0,2142069965
2017,410,Coreia do Sul,271112,Propano liquefeito,414,Kuwait,151783743,7.086,2,0,2142069965
2017,410,Coreia do Sul,271112,Propano liquefeito,634,Catar,139225027,6.5,3,0,2142069965
2017,410,Coreia do Sul,271112,Propano liquefeito,682,Arábia Saudita,80061192,3.738,4,0,2142069965
2017,410,Coreia do Sul,271112,Propano liquefeito,784,Emirados Árabes Unidos,78983902,3.687,5,0,2142069965
2017,410,Coreia do Sul,271113,Butano liquefeito,842,EUA,414453205,50.755,1,0,816571894
2017,410,Coreia do Sul,271113,Butano liquefeito,784,Emirados Árabes Unidos,81791256,10.016,2,0,816571894
2017,410,Coreia do Sul,271113,Butano liquefeito,414,Kuwait,73782073,9.036,3,0,816571894
2017,410,Coreia do Sul,271113,Butano liquefeito,682,Arábia Saudita,61073822,7.479,4,0,816571894
2017,410,Coreia do Sul,271113,Butano liquefeito,36,Austrália,48236632,5.907,5,0,816571894
2017,410,Coreia do Sul,630900,Vestuário usado,392,Japão,15020636,51.31,1,0,29274376
2017,410,Coreia do Sul,630900,Vestuário usado,842,EUA,3950181,13.494,2,0,29274376
2017,410,Coreia do Sul,630900,Vestuário usado,156,China,2505372,8.558,3,0,29274376
2017,410,Coreia do Sul,630900,Vestuário usado,826,Reino Unido,1231518,4.207,4,0,29274376
2017,410,Coreia do Sul,630900,Vestuário usado,36,Austrália,1112750,3.801,5,0,29274376
2017,410,Coreia do Sul,630900,Vestuário usado,626,Timor-Leste,5890,0.02,70,1,29274376
2017,410,Coreia do Sul,880212,Helicópteros +2.000 kg,842,EUA,184529110,93.299,1,0,197783295
2017,410,Coreia do Sul,880212,Helicópteros +2.000 kg,380,Itália,13254185,6.701,2,0,197783295
2017,410,Coreia do Sul,880330,Partes de aviões e helicópteros (ed. antiga),842,EUA,336850770,58.956,1,0,571363083
2017,410,Coreia do Sul,880330,Partes de aviões e helicópteros (ed. antiga),376,Israel,72152709,12.628,2,0,571363083
2017,410,Coreia do Sul,880330,Partes de aviões e helicópteros (ed. antiga),251,França,62648770,10.965,3,0,571363083
2017,410,Coreia do Sul,880330,Partes de aviões e helicópteros (ed. antiga),792,Turquia,18023793,3.155,4,0,571363083
2017,410,Coreia do Sul,880330,Partes de aviões e helicópteros (ed. antiga),826,Reino Unido,11610046,2.032,5,0,571363083
2017,702,Singapura,090111,Café verde não descafeinado,360,Indonésia,19884750,65.812,1,0,30214653
2017,702,Singapura,090111,Café verde não descafeinado,76,Brasil,2102634,6.959,2,0,30214653
2017,702,Singapura,090111,Café verde não descafeinado,170,Colômbia,1317072,4.359,3,0,30214653
2017,702,Singapura,090111,Café verde não descafeinado,458,Malásia,1072805,3.551,4,0,30214653
2017,702,Singapura,090111,Café verde não descafeinado,320,Guatemala,739365,2.447,5,0,30214653
2017,702,Singapura,090111,Café verde não descafeinado,626,Timor-Leste,30354,0.1,27,1,30214653
2017,702,Singapura,090190,Cascas de café e sucedâneos,380,Itália,172424,46.794,1,0,368478
2017,702,Singapura,090190,Cascas de café e sucedâneos,36,Austrália,80323,21.799,2,0,368478
2017,702,Singapura,090190,Cascas de café e sucedâneos,458,Malásia,39705,10.775,3,0,368478
2017,702,Singapura,090190,Cascas de café e sucedâneos,724,Espanha,16872,4.579,4,0,368478
2017,702,Singapura,090190,Cascas de café e sucedâneos,410,Coreia do Sul,16477,4.472,5,0,368478
2017,702,Singapura,270900,Petróleo bruto,784,Emirados Árabes Unidos,5880077949,27.468,1,0,21406695805
2017,702,Singapura,270900,Petróleo bruto,634,Catar,4337413441,20.262,2,0,21406695805
2017,702,Singapura,270900,Petróleo bruto,682,Arábia Saudita,3999341669,18.683,3,0,21406695805
2017,702,Singapura,270900,Petróleo bruto,414,Kuwait,2439744152,11.397,4,0,21406695805
2017,702,Singapura,270900,Petróleo bruto,458,Malásia,946265652,4.42,5,0,21406695805
2017,702,Singapura,270900,Petróleo bruto,626,Timor-Leste,72032089,0.336,20,1,21406695805
2017,702,Singapura,271112,Propano liquefeito,784,Emirados Árabes Unidos,36058972,65.199,1,0,55305649
2017,702,Singapura,271112,Propano liquefeito,842,EUA,9937969,17.969,2,0,55305649
2017,702,Singapura,271112,Propano liquefeito,682,Arábia Saudita,7521687,13.6,3,0,55305649
2017,702,Singapura,271112,Propano liquefeito,579,Noruega,892389,1.614,4,0,55305649
2017,702,Singapura,271112,Propano liquefeito,566,Nigéria,623763,1.128,5,0,55305649
2017,702,Singapura,271113,Butano liquefeito,842,EUA,1606249,63.828,1,0,2516536
2017,702,Singapura,271113,Butano liquefeito,392,Japão,647677,25.737,2,0,2516536
2017,702,Singapura,271113,Butano liquefeito,156,China,180801,7.185,3,0,2516536
2017,702,Singapura,271113,Butano liquefeito,276,Alemanha,81809,3.251,4,0,2516536
2017,702,Singapura,630900,Vestuário usado,156,China,4690213,32.705,1,0,14340764
2017,702,Singapura,630900,Vestuário usado,410,Coreia do Sul,3167879,22.09,2,0,14340764
2017,702,Singapura,630900,Vestuário usado,458,Malásia,2975269,20.747,3,0,14340764
2017,702,Singapura,630900,Vestuário usado,490,Taiwan (Prov. China),2211214,15.419,4,0,14340764
2017,702,Singapura,630900,Vestuário usado,842,EUA,469662,3.275,5,0,14340764
2017,702,Singapura,880212,Helicópteros +2.000 kg,124,Canadá,118339980,72.595,1,0,163014294
2017,702,Singapura,880212,Helicópteros +2.000 kg,842,EUA,30470923,18.692,2,0,163014294
2017,702,Singapura,880212,Helicópteros +2.000 kg,276,Alemanha,6707679,4.115,3,0,163014294
2017,702,Singapura,880212,Helicópteros +2.000 kg,380,Itália,5867242,3.599,4,0,163014294
2017,702,Singapura,880212,Helicópteros +2.000 kg,764,Tailândia,1323434,0.812,5,0,163014294
2017,702,Singapura,880330,Partes de aviões e helicópteros (ed. antiga),842,EUA,3162873607,53.419,1,0,5920917683
2017,702,Singapura,880330,Partes de aviões e helicópteros (ed. antiga),251,França,655603789,11.073,2,0,5920917683
2017,702,Singapura,880330,Partes de aviões e helicópteros (ed. antiga),156,China,413037596,6.976,3,0,5920917683
2017,702,Singapura,880330,Partes de aviões e helicópteros (ed. antiga),826,Reino Unido,310275299,5.24,4,0,5920917683
2017,702,Singapura,880330,Partes de aviões e helicópteros (ed. antiga),392,Japão,283212493,4.783,5,0,5920917683
2017,702,Singapura,880330,Partes de aviões e helicópteros (ed. antiga),626,Timor-Leste,19511,0.0,90,1,5920917683
2018,156,China,090111,Café verde não descafeinado,704,Vietname,42168165,30.937,1,0,136305299
2018,156,China,090111,Café verde não descafeinado,76,Brasil,21149392,15.516,2,0,136305299
2018,156,China,090111,Café verde não descafeinado,170,Colômbia,17753430,13.025,3,0,136305299
2018,156,China,090111,Café verde não descafeinado,231,Etiópia,15767687,11.568,4,0,136305299
2018,156,China,090111,Café verde não descafeinado,320,Guatemala,15717991,11.531,5,0,136305299
2018,156,China,090111,Café verde não descafeinado,626,Timor-Leste,74639,0.055,24,1,136305299
2018,156,China,090190,Cascas de café e sucedâneos,826,Reino Unido,119755,49.729,1,0,240815
2018,156,China,090190,Cascas de café e sucedâneos,842,EUA,67918,28.203,2,0,240815
2018,156,China,090190,Cascas de café e sucedâneos,380,Itália,20717,8.603,3,0,240815
2018,156,China,090190,Cascas de café e sucedâneos,616,Polónia,9456,3.927,4,0,240815
2018,156,China,090190,Cascas de café e sucedâneos,757,Suíça,8554,3.552,5,0,240815
2018,156,China,270900,Petróleo bruto,643,Rússia,38118581919,15.858,1,0,240380261315
2018,156,China,270900,Petróleo bruto,682,Arábia Saudita,29694463108,12.353,2,0,240380261315
2018,156,China,270900,Petróleo bruto,24,Angola,25037434241,10.416,3,0,240380261315
2018,156,China,270900,Petróleo bruto,368,Iraque,22442363257,9.336,4,0,240380261315
2018,156,China,270900,Petróleo bruto,512,Omã,17412542956,7.244,5,0,240380261315
2018,156,China,271112,Propano liquefeito,784,Emirados Árabes Unidos,2338782477,29.605,1,0,7900090306
2018,156,China,271112,Propano liquefeito,634,Catar,1507090266,19.077,2,0,7900090306
2018,156,China,271112,Propano liquefeito,842,EUA,873964750,11.063,3,0,7900090306
2018,156,China,271112,Propano liquefeito,414,Kuwait,820432708,10.385,4,0,7900090306
2018,156,China,271112,Propano liquefeito,682,Arábia Saudita,775646511,9.818,5,0,7900090306
2018,156,China,271113,Butano liquefeito,784,Emirados Árabes Unidos,1193464355,38.03,1,0,3138239558
2018,156,China,271113,Butano liquefeito,414,Kuwait,522484744,16.649,2,0,3138239558
2018,156,China,271113,Butano liquefeito,682,Arábia Saudita,463019777,14.754,3,0,3138239558
2018,156,China,271113,Butano liquefeito,634,Catar,340207316,10.841,4,0,3138239558
2018,156,China,271113,Butano liquefeito,36,Austrália,145926048,4.65,5,0,3138239558
2018,156,China,880212,Helicópteros +2.000 kg,380,Itália,104219663,37.105,1,0,280879050
2018,156,China,880212,Helicópteros +2.000 kg,643,Rússia,82696582,29.442,2,0,280879050
2018,156,China,880212,Helicópteros +2.000 kg,276,Alemanha,34511164,12.287,3,0,280879050
2018,156,China,880212,Helicópteros +2.000 kg,251,França,33036350,11.762,4,0,280879050
2018,156,China,880212,Helicópteros +2.000 kg,842,EUA,23990136,8.541,5,0,280879050
2018,156,China,880330,Partes de aviões e helicópteros (ed. antiga),251,França,719039887,32.718,1,0,2197665603
2018,156,China,880330,Partes de aviões e helicópteros (ed. antiga),842,EUA,577891974,26.296,2,0,2197665603
2018,156,China,880330,Partes de aviões e helicópteros (ed. antiga),276,Alemanha,398812806,18.147,3,0,2197665603
2018,156,China,880330,Partes de aviões e helicópteros (ed. antiga),826,Reino Unido,187855831,8.548,4,0,2197665603
2018,156,China,880330,Partes de aviões e helicópteros (ed. antiga),410,Coreia do Sul,47528477,2.163,5,0,2197665603
2018,360,Indonésia,090111,Café verde não descafeinado,704,Vietname,117056131,79.564,1,0,147122545
2018,360,Indonésia,090111,Café verde não descafeinado,76,Brasil,12666490,8.609,2,0,147122545
2018,360,Indonésia,090111,Café verde não descafeinado,360,Indonésia,7701477,5.235,3,0,147122545
2018,360,Indonésia,090111,Café verde não descafeinado,626,Timor-Leste,2374129,1.614,4,1,147122545
2018,360,Indonésia,090111,Café verde não descafeinado,156,China,2117135,1.439,5,0,147122545
2018,360,Indonésia,090111,Café verde não descafeinado,598,Papua New Guinea,1733020,1.178,6,0,147122545
2018,360,Indonésia,090190,Cascas de café e sucedâneos,626,Timor-Leste,103579,84.333,1,1,122821
2018,360,Indonésia,090190,Cascas de café e sucedâneos,702,Singapura,10314,8.398,2,0,122821
2018,360,Indonésia,090190,Cascas de café e sucedâneos,842,EUA,2455,1.999,3,0,122821
2018,360,Indonésia,090190,Cascas de café e sucedâneos,392,Japão,2026,1.65,4,0,122821
2018,360,Indonésia,090190,Cascas de café e sucedâneos,410,Coreia do Sul,1150,0.936,5,0,122821
2018,360,Indonésia,090190,Cascas de café e sucedâneos,36,Austrália,886,0.721,6,0,122821
2018,360,Indonésia,270900,Petróleo bruto,682,Arábia Saudita,2718154988,29.67,1,0,9161335053
2018,360,Indonésia,270900,Petróleo bruto,566,Nigéria,2375340940,25.928,2,0,9161335053
2018,360,Indonésia,270900,Petróleo bruto,24,Angola,683010819,7.455,3,0,9161335053
2018,360,Indonésia,270900,Petróleo bruto,36,Austrália,629531428,6.872,4,0,9161335053
2018,360,Indonésia,270900,Petróleo bruto,458,Malásia,485978933,5.305,5,0,9161335053
2018,360,Indonésia,271112,Propano liquefeito,842,EUA,475681984,31.068,1,0,1531078869
2018,360,Indonésia,271112,Propano liquefeito,784,Emirados Árabes Unidos,365844520,23.895,2,0,1531078869
2018,360,Indonésia,271112,Propano liquefeito,634,Catar,329029517,21.49,3,0,1531078869
2018,360,Indonésia,271112,Propano liquefeito,364,Irão,179028582,11.693,4,0,1531078869
2018,360,Indonésia,271112,Propano liquefeito,414,Kuwait,58044506,3.791,5,0,1531078869
2018,360,Indonésia,271113,Butano liquefeito,842,EUA,463889175,30.834,1,0,1504491057
2018,360,Indonésia,271113,Butano liquefeito,784,Emirados Árabes Unidos,359809761,23.916,2,0,1504491057
2018,360,Indonésia,271113,Butano liquefeito,634,Catar,312485626,20.77,3,0,1504491057
2018,360,Indonésia,271113,Butano liquefeito,364,Irão,177281146,11.783,4,0,1504491057
2018,360,Indonésia,271113,Butano liquefeito,414,Kuwait,56878810,3.781,5,0,1504491057
2018,360,Indonésia,630900,Vestuário usado,36,Austrália,608618,33.993,1,0,1790435
2018,360,Indonésia,630900,Vestuário usado,392,Japão,264433,14.769,2,0,1790435
2018,360,Indonésia,630900,Vestuário usado,422,Líbano,149177,8.332,3,0,1790435
2018,360,Indonésia,630900,Vestuário usado,729,Sudan,91457,5.108,4,0,1790435
2018,360,Indonésia,630900,Vestuário usado,702,Singapura,66504,3.714,5,0,1790435
2018,360,Indonésia,630900,Vestuário usado,626,Timor-Leste,760,0.042,48,1,1790435
2018,360,Indonésia,880212,Helicópteros +2.000 kg,842,EUA,33423057,77.867,1,0,42923057
2018,360,Indonésia,880212,Helicópteros +2.000 kg,372,Irlanda,9500000,22.133,2,0,42923057
2018,360,Indonésia,880330,Partes de aviões e helicópteros (ed. antiga),842,EUA,225989274,39.48,1,0,572411247
2018,360,Indonésia,880330,Partes de aviões e helicópteros (ed. antiga),702,Singapura,104007347,18.17,2,0,572411247
2018,360,Indonésia,880330,Partes de aviões e helicópteros (ed. antiga),251,França,87909692,15.358,3,0,572411247
2018,360,Indonésia,880330,Partes de aviões e helicópteros (ed. antiga),410,Coreia do Sul,22541942,3.938,4,0,572411247
2018,360,Indonésia,880330,Partes de aviões e helicópteros (ed. antiga),276,Alemanha,21282237,3.718,5,0,572411247
2018,392,Japão,090111,Café verde não descafeinado,76,Brasil,321112434,28.031,1,0,1145549303
2018,392,Japão,090111,Café verde não descafeinado,170,Colômbia,206846560,18.057,2,0,1145549303
2018,392,Japão,090111,Café verde não descafeinado,704,Vietname,186011010,16.238,3,0,1145549303
2018,392,Japão,090111,Café verde não descafeinado,360,Indonésia,87764304,7.661,4,0,1145549303
2018,392,Japão,090111,Café verde não descafeinado,320,Guatemala,86205226,7.525,5,0,1145549303
2018,392,Japão,090111,Café verde não descafeinado,626,Timor-Leste,929302,0.081,29,1,1145549303
2018,392,Japão,090190,Cascas de café e sucedâneos,704,Vietname,223182,97.865,1,0,228051
2018,392,Japão,090190,Cascas de café e sucedâneos,418,Lao People's Dem. Rep.,2489,1.091,2,0,228051
2018,392,Japão,090190,Cascas de café e sucedâneos,188,Costa Rica,2380,1.044,3,0,228051
2018,392,Japão,270900,Petróleo bruto,682,Arábia Saudita,31226564012,38.754,1,0,80577087134
2018,392,Japão,270900,Petróleo bruto,784,Emirados Árabes Unidos,20648534484,25.626,2,0,80577087134
2018,392,Japão,270900,Petróleo bruto,634,Catar,6340310258,7.869,3,0,80577087134
2018,392,Japão,270900,Petróleo bruto,414,Kuwait,6032430906,7.487,4,0,80577087134
2018,392,Japão,270900,Petróleo bruto,643,Rússia,3918787030,4.863,5,0,80577087134
2018,392,Japão,271112,Propano liquefeito,842,EUA,3797430842,73.168,1,0,5190008752
2018,392,Japão,271112,Propano liquefeito,682,Arábia Saudita,327298789,6.306,2,0,5190008752
2018,392,Japão,271112,Propano liquefeito,784,Emirados Árabes Unidos,323994503,6.243,3,0,5190008752
2018,392,Japão,271112,Propano liquefeito,634,Catar,311623802,6.004,4,0,5190008752
2018,392,Japão,271112,Propano liquefeito,414,Kuwait,256096189,4.934,5,0,5190008752
2018,392,Japão,271113,Butano liquefeito,784,Emirados Árabes Unidos,250268740,24.019,1,0,1041977745
2018,392,Japão,271113,Butano liquefeito,634,Catar,181732766,17.441,2,0,1041977745
2018,392,Japão,271113,Butano liquefeito,682,Arábia Saudita,181283868,17.398,3,0,1041977745
2018,392,Japão,271113,Butano liquefeito,36,Austrália,156723382,15.041,4,0,1041977745
2018,392,Japão,271113,Butano liquefeito,842,EUA,129424887,12.421,5,0,1041977745
2018,392,Japão,630900,Vestuário usado,842,EUA,25171809,53.888,1,0,46711270
2018,392,Japão,630900,Vestuário usado,764,Tailândia,7434994,15.917,2,0,46711270
2018,392,Japão,630900,Vestuário usado,124,Canadá,2830516,6.06,3,0,46711270
2018,392,Japão,630900,Vestuário usado,251,França,2121618,4.542,4,0,46711270
2018,392,Japão,630900,Vestuário usado,156,China,1559205,3.338,5,0,46711270
2018,392,Japão,880212,Helicópteros +2.000 kg,842,EUA,74324441,35.825,1,0,207463096
2018,392,Japão,880212,Helicópteros +2.000 kg,251,França,62449367,30.101,2,0,207463096
2018,392,Japão,880212,Helicópteros +2.000 kg,380,Itália,47761182,23.022,3,0,207463096
2018,392,Japão,880212,Helicópteros +2.000 kg,276,Alemanha,12460140,6.006,4,0,207463096
2018,392,Japão,880212,Helicópteros +2.000 kg,124,Canadá,10467966,5.046,5,0,207463096
2018,392,Japão,880330,Partes de aviões e helicópteros (ed. antiga),842,EUA,1028702424,60.457,1,0,1701538091
2018,392,Japão,880330,Partes de aviões e helicópteros (ed. antiga),410,Coreia do Sul,252338299,14.83,2,0,1701538091
2018,392,Japão,880330,Partes de aviões e helicópteros (ed. antiga),124,Canadá,80752830,4.746,3,0,1701538091
2018,392,Japão,880330,Partes de aviões e helicópteros (ed. antiga),458,Malásia,80316178,4.72,4,0,1701538091
2018,392,Japão,880330,Partes de aviões e helicópteros (ed. antiga),276,Alemanha,54072835,3.178,5,0,1701538091
2018,410,Coreia do Sul,090111,Café verde não descafeinado,170,Colômbia,89551191,20.268,1,0,441824473
2018,410,Coreia do Sul,090111,Café verde não descafeinado,76,Brasil,84668160,19.163,2,0,441824473
2018,410,Coreia do Sul,090111,Café verde não descafeinado,704,Vietname,55903646,12.653,3,0,441824473
2018,410,Coreia do Sul,090111,Café verde não descafeinado,231,Etiópia,48449755,10.966,4,0,441824473
2018,410,Coreia do Sul,090111,Café verde não descafeinado,320,Guatemala,27344019,6.189,5,0,441824473
2018,410,Coreia do Sul,090111,Café verde não descafeinado,626,Timor-Leste,318264,0.072,25,1,441824473
2018,410,Coreia do Sul,090190,Cascas de café e sucedâneos,156,China,28317,89.981,1,0,31470
2018,410,Coreia do Sul,090190,Cascas de café e sucedâneos,360,Indonésia,2826,8.98,2,0,31470
2018,410,Coreia do Sul,090190,Cascas de café e sucedâneos,842,EUA,201,0.639,3,0,31470
2018,410,Coreia do Sul,090190,Cascas de café e sucedâneos,380,Itália,49,0.156,4,0,31470
2018,410,Coreia do Sul,090190,Cascas de café e sucedâneos,320,Guatemala,33,0.105,5,0,31470
2018,410,Coreia do Sul,270900,Petróleo bruto,682,Arábia Saudita,23455193406,29.176,1,0,80393245329
2018,410,Coreia do Sul,270900,Petróleo bruto,414,Kuwait,11549808094,14.367,2,0,80393245329
2018,410,Coreia do Sul,270900,Petróleo bruto,368,Iraque,9503024183,11.821,3,0,80393245329
2018,410,Coreia do Sul,270900,Petróleo bruto,643,Rússia,5850438398,7.277,4,0,80393245329
2018,410,Coreia do Sul,270900,Petróleo bruto,784,Emirados Árabes Unidos,5334931154,6.636,5,0,80393245329
2018,410,Coreia do Sul,271112,Propano liquefeito,842,EUA,2363121926,86.173,1,0,2742306785
2018,410,Coreia do Sul,271112,Propano liquefeito,414,Kuwait,103711693,3.782,2,0,2742306785
2018,410,Coreia do Sul,271112,Propano liquefeito,784,Emirados Árabes Unidos,97555610,3.557,3,0,2742306785
2018,410,Coreia do Sul,271112,Propano liquefeito,634,Catar,89521763,3.264,4,0,2742306785
2018,410,Coreia do Sul,271112,Propano liquefeito,24,Angola,24630075,0.898,5,0,2742306785
2018,410,Coreia do Sul,271113,Butano liquefeito,842,EUA,497001439,53.843,1,0,923056929
2018,410,Coreia do Sul,271113,Butano liquefeito,784,Emirados Árabes Unidos,123694688,13.401,2,0,923056929
2018,410,Coreia do Sul,271113,Butano liquefeito,634,Catar,76997760,8.342,3,0,923056929
2018,410,Coreia do Sul,271113,Butano liquefeito,682,Arábia Saudita,69910932,7.574,4,0,923056929
2018,410,Coreia do Sul,271113,Butano liquefeito,414,Kuwait,54428951,5.897,5,0,923056929
2018,410,Coreia do Sul,630900,Vestuário usado,392,Japão,16961660,52.894,1,0,32067046
2018,410,Coreia do Sul,630900,Vestuário usado,842,EUA,4608385,14.371,2,0,32067046
2018,410,Coreia do Sul,630900,Vestuário usado,156,China,1636598,5.104,3,0,32067046
2018,410,Coreia do Sul,630900,Vestuário usado,826,Reino Unido,1350689,4.212,4,0,32067046
2018,410,Coreia do Sul,630900,Vestuário usado,764,Tailândia,1202524,3.75,5,0,32067046
2018,410,Coreia do Sul,630900,Vestuário usado,626,Timor-Leste,9607,0.03,56,1,32067046
2018,410,Coreia do Sul,880212,Helicópteros +2.000 kg,842,EUA,80986641,72.591,1,0,111565824
2018,410,Coreia do Sul,880212,Helicópteros +2.000 kg,380,Itália,25533635,22.887,2,0,111565824
2018,410,Coreia do Sul,880212,Helicópteros +2.000 kg,251,França,5045548,4.522,3,0,111565824
2018,410,Coreia do Sul,880330,Partes de aviões e helicópteros (ed. antiga),842,EUA,293265558,52.039,1,0,563544994
2018,410,Coreia do Sul,880330,Partes de aviões e helicópteros (ed. antiga),251,França,88944866,15.783,2,0,563544994
2018,410,Coreia do Sul,880330,Partes de aviões e helicópteros (ed. antiga),156,China,50566453,8.973,3,0,563544994
2018,410,Coreia do Sul,880330,Partes de aviões e helicópteros (ed. antiga),376,Israel,48963797,8.689,4,0,563544994
2018,410,Coreia do Sul,880330,Partes de aviões e helicópteros (ed. antiga),792,Turquia,17941774,3.184,5,0,563544994
2018,702,Singapura,090111,Café verde não descafeinado,360,Indonésia,24636095,63.208,1,0,38976379
2018,702,Singapura,090111,Café verde não descafeinado,76,Brasil,3300233,8.467,2,0,38976379
2018,702,Singapura,090111,Café verde não descafeinado,170,Colômbia,1445062,3.708,3,0,38976379
2018,702,Singapura,090111,Café verde não descafeinado,262,Djibouti,1130385,2.9,4,0,38976379
2018,702,Singapura,090111,Café verde não descafeinado,458,Malásia,1083842,2.781,5,0,38976379
2018,702,Singapura,090111,Café verde não descafeinado,626,Timor-Leste,82026,0.21,23,1,38976379
2018,702,Singapura,090190,Cascas de café e sucedâneos,380,Itália,129279,48.106,1,0,268738
2018,702,Singapura,090190,Cascas de café e sucedâneos,458,Malásia,47893,17.821,2,0,268738
2018,702,Singapura,090190,Cascas de café e sucedâneos,724,Espanha,22127,8.234,3,0,268738
2018,702,Singapura,090190,Cascas de café e sucedâneos,410,Coreia do Sul,14474,5.386,4,0,268738
2018,702,Singapura,090190,Cascas de café e sucedâneos,392,Japão,14294,5.319,5,0,268738
2018,702,Singapura,270900,Petróleo bruto,784,Emirados Árabes Unidos,5806260376,20.784,1,0,27935616501
2018,702,Singapura,270900,Petróleo bruto,682,Arábia Saudita,5733546973,20.524,2,0,27935616501
2018,702,Singapura,270900,Petróleo bruto,634,Catar,5489861539,19.652,3,0,27935616501
2018,702,Singapura,270900,Petróleo bruto,414,Kuwait,3502592423,12.538,4,0,27935616501
2018,702,Singapura,270900,Petróleo bruto,458,Malásia,1271752472,4.552,5,0,27935616501
2018,702,Singapura,270900,Petróleo bruto,626,Timor-Leste,43705336,0.156,25,1,27935616501
2018,702,Singapura,271112,Propano liquefeito,634,Catar,81851859,51.946,1,0,157569922
2018,702,Singapura,271112,Propano liquefeito,682,Arábia Saudita,25094447,15.926,2,0,157569922
2018,702,Singapura,271112,Propano liquefeito,842,EUA,19842039,12.593,3,0,157569922
2018,702,Singapura,271112,Propano liquefeito,566,Nigéria,19262536,12.225,4,0,157569922
2018,702,Singapura,271112,Propano liquefeito,414,Kuwait,10478528,6.65,5,0,157569922
2018,702,Singapura,271113,Butano liquefeito,360,Indonésia,1097488,70.569,1,0,1555206
2018,702,Singapura,271113,Butano liquefeito,392,Japão,256765,16.51,2,0,1555206
2018,702,Singapura,271113,Butano liquefeito,156,China,153634,9.879,3,0,1555206
2018,702,Singapura,271113,Butano liquefeito,276,Alemanha,26752,1.72,4,0,1555206
2018,702,Singapura,271113,Butano liquefeito,842,EUA,17895,1.151,5,0,1555206
2018,702,Singapura,630900,Vestuário usado,410,Coreia do Sul,3399251,26.077,1,0,13035573
2018,702,Singapura,630900,Vestuário usado,156,China,2886022,22.14,2,0,13035573
2018,702,Singapura,630900,Vestuário usado,458,Malásia,1835974,14.084,3,0,13035573
2018,702,Singapura,630900,Vestuário usado,490,Taiwan (Prov. China),1783609,13.683,4,0,13035573
2018,702,Singapura,630900,Vestuário usado,392,Japão,982791,7.539,5,0,13035573
2018,702,Singapura,880212,Helicópteros +2.000 kg,842,EUA,42300333,60.896,1,0,69463508
2018,702,Singapura,880212,Helicópteros +2.000 kg,276,Alemanha,16791979,24.174,2,0,69463508
2018,702,Singapura,880212,Helicópteros +2.000 kg,124,Canadá,7538731,10.853,3,0,69463508
2018,702,Singapura,880212,Helicópteros +2.000 kg,251,França,2717091,3.912,4,0,69463508
2018,702,Singapura,880212,Helicópteros +2.000 kg,156,China,114355,0.165,5,0,69463508
2018,702,Singapura,880330,Partes de aviões e helicópteros (ed. antiga),842,EUA,3960850964,56.091,1,0,7061429903
2018,702,Singapura,880330,Partes de aviões e helicópteros (ed. antiga),251,França,891686651,12.628,2,0,7061429903
2018,702,Singapura,880330,Partes de aviões e helicópteros (ed. antiga),276,Alemanha,398400898,5.642,3,0,7061429903
2018,702,Singapura,880330,Partes de aviões e helicópteros (ed. antiga),156,China,390234241,5.526,4,0,7061429903
2018,702,Singapura,880330,Partes de aviões e helicópteros (ed. antiga),392,Japão,328198713,4.648,5,0,7061429903
2018,702,Singapura,880330,Partes de aviões e helicópteros (ed. antiga),626,Timor-Leste,7909,0.0,102,1,7061429903
2019,156,China,090111,Café verde não descafeinado,704,Vietname,33019326,24.322,1,0,135759960
2019,156,China,090111,Café verde não descafeinado,76,Brasil,23891229,17.598,2,0,135759960
2019,156,China,090111,Café verde não descafeinado,170,Colômbia,19479061,14.348,3,0,135759960
2019,156,China,090111,Café verde não descafeinado,231,Etiópia,19194062,14.138,4,0,135759960
2019,156,China,090111,Café verde não descafeinado,320,Guatemala,11972026,8.819,5,0,135759960
2019,156,China,090111,Café verde não descafeinado,626,Timor-Leste,233642,0.172,21,1,135759960
2019,156,China,090190,Cascas de café e sucedâneos,826,Reino Unido,66422,26.18,1,0,253714
2019,156,China,090190,Cascas de café e sucedâneos,380,Itália,49626,19.56,2,0,253714
2019,156,China,090190,Cascas de café e sucedâneos,842,EUA,28739,11.327,3,0,253714
2019,156,China,090190,Cascas de café e sucedâneos,528,Países Baixos,28671,11.301,4,0,253714
2019,156,China,090190,Cascas de café e sucedâneos,276,Alemanha,20419,8.048,5,0,253714
2019,156,China,270900,Petróleo bruto,682,Arábia Saudita,40174670196,16.575,1,0,242384862765
2019,156,China,270900,Petróleo bruto,643,Rússia,37424058343,15.44,2,0,242384862765
2019,156,China,270900,Petróleo bruto,368,Iraque,23850151714,9.84,3,0,242384862765
2019,156,China,270900,Petróleo bruto,24,Angola,23224440673,9.582,4,0,242384862765
2019,156,China,270900,Petróleo bruto,76,Brasil,19181757794,7.914,5,0,242384862765
2019,156,China,271112,Propano liquefeito,634,Catar,1481996127,20.144,1,0,7357164407
2019,156,China,271112,Propano liquefeito,784,Emirados Árabes Unidos,1434738637,19.501,2,0,7357164407
2019,156,China,271112,Propano liquefeito,414,Kuwait,815339449,11.082,3,0,7357164407
2019,156,China,271112,Propano liquefeito,682,Arábia Saudita,685013696,9.311,4,0,7357164407
2019,156,China,271112,Propano liquefeito,512,Omã,629173550,8.552,5,0,7357164407
2019,156,China,271112,Propano liquefeito,626,Timor-Leste,11207122,0.152,23,1,7357164407
2019,156,China,271113,Butano liquefeito,784,Emirados Árabes Unidos,700379599,25.726,1,0,2722425238
2019,156,China,271113,Butano liquefeito,414,Kuwait,315789077,11.6,2,0,2722425238
2019,156,China,271113,Butano liquefeito,512,Omã,312788488,11.489,3,0,2722425238
2019,156,China,271113,Butano liquefeito,682,Arábia Saudita,306778448,11.269,4,0,2722425238
2019,156,China,271113,Butano liquefeito,634,Catar,260102126,9.554,5,0,2722425238
2019,156,China,271113,Butano liquefeito,626,Timor-Leste,10044125,0.369,16,1,2722425238
2019,156,China,630900,Vestuário usado,380,Itália,330,100.0,1,0,330
2019,156,China,880212,Helicópteros +2.000 kg,251,França,52488226,28.153,1,0,186441609
2019,156,China,880212,Helicópteros +2.000 kg,643,Rússia,47000000,25.209,2,0,186441609
2019,156,China,880212,Helicópteros +2.000 kg,380,Itália,46639940,25.016,3,0,186441609
2019,156,China,880212,Helicópteros +2.000 kg,124,Canadá,23651325,12.686,4,0,186441609
2019,156,China,880212,Helicópteros +2.000 kg,276,Alemanha,16662118,8.937,5,0,186441609
2019,156,China,880330,Partes de aviões e helicópteros (ed. antiga),251,França,818777440,31.822,1,0,2573027399
2019,156,China,880330,Partes de aviões e helicópteros (ed. antiga),842,EUA,690665035,26.843,2,0,2573027399
2019,156,China,880330,Partes de aviões e helicópteros (ed. antiga),276,Alemanha,448155224,17.417,3,0,2573027399
2019,156,China,880330,Partes de aviões e helicópteros (ed. antiga),826,Reino Unido,239796123,9.32,4,0,2573027399
2019,156,China,880330,Partes de aviões e helicópteros (ed. antiga),410,Coreia do Sul,59779615,2.323,5,0,2573027399
2019,360,Indonésia,090111,Café verde não descafeinado,704,Vietname,35029382,62.857,1,0,55728532
2019,360,Indonésia,090111,Café verde não descafeinado,76,Brasil,10326218,18.529,2,0,55728532
2019,360,Indonésia,090111,Café verde não descafeinado,626,Timor-Leste,5293365,9.498,3,1,55728532
2019,360,Indonésia,090111,Café verde não descafeinado,156,China,1854457,3.328,4,0,55728532
2019,360,Indonésia,090111,Café verde não descafeinado,360,Indonésia,1665716,2.989,5,0,55728532
2019,360,Indonésia,090111,Café verde não descafeinado,170,Colômbia,517857,0.929,6,0,55728532
2019,360,Indonésia,090190,Cascas de café e sucedâneos,626,Timor-Leste,533877,99.338,1,1,537433
2019,360,Indonésia,090190,Cascas de café e sucedâneos,842,EUA,931,0.173,2,0,537433
2019,360,Indonésia,090190,Cascas de café e sucedâneos,410,Coreia do Sul,357,0.066,3,0,537433
2019,360,Indonésia,090190,Cascas de café e sucedâneos,208,Dinamarca,342,0.064,4,0,537433
2019,360,Indonésia,090190,Cascas de café e sucedâneos,458,Malásia,324,0.06,5,0,537433
2019,360,Indonésia,090190,Cascas de café e sucedâneos,702,Singapura,301,0.056,6,0,537433
2019,360,Indonésia,270900,Petróleo bruto,682,Arábia Saudita,2359343526,41.359,1,0,5704588947
2019,360,Indonésia,270900,Petróleo bruto,566,Nigéria,1750514816,30.686,2,0,5704588947
2019,360,Indonésia,270900,Petróleo bruto,36,Austrália,721100324,12.641,3,0,5704588947
2019,360,Indonésia,270900,Petróleo bruto,458,Malásia,284471271,4.987,4,0,5704588947
2019,360,Indonésia,270900,Petróleo bruto,12,Argélia,235312927,4.125,5,0,5704588947
2019,360,Indonésia,271112,Propano liquefeito,842,EUA,491798640,39.574,1,0,1242722618
2019,360,Indonésia,271112,Propano liquefeito,784,Emirados Árabes Unidos,217988353,17.541,2,0,1242722618
2019,360,Indonésia,271112,Propano liquefeito,634,Catar,205727917,16.555,3,0,1242722618
2019,360,Indonésia,271112,Propano liquefeito,682,Arábia Saudita,110076262,8.858,4,0,1242722618
2019,360,Indonésia,271112,Propano liquefeito,414,Kuwait,55539990,4.469,5,0,1242722618
2019,360,Indonésia,271113,Butano liquefeito,842,EUA,499319115,39.684,1,0,1258231114
2019,360,Indonésia,271113,Butano liquefeito,784,Emirados Árabes Unidos,214431587,17.042,2,0,1258231114
2019,360,Indonésia,271113,Butano liquefeito,634,Catar,207063878,16.457,3,0,1258231114
2019,360,Indonésia,271113,Butano liquefeito,682,Arábia Saudita,110660369,8.795,4,0,1258231114
2019,360,Indonésia,271113,Butano liquefeito,36,Austrália,63804596,5.071,5,0,1258231114
2019,360,Indonésia,630900,Vestuário usado,826,Reino Unido,4746759,78.13,1,0,6075437
2019,360,Indonésia,630900,Vestuário usado,710,África do Sul,364915,6.006,2,0,6075437
2019,360,Indonésia,630900,Vestuário usado,392,Japão,223489,3.679,3,0,6075437
2019,360,Indonésia,630900,Vestuário usado,764,Tailândia,147982,2.436,4,0,6075437
2019,360,Indonésia,630900,Vestuário usado,800,Uganda,119869,1.973,5,0,6075437
2019,360,Indonésia,880212,Helicópteros +2.000 kg,842,EUA,4329968,100.0,1,0,4329968
2019,360,Indonésia,880330,Partes de aviões e helicópteros (ed. antiga),842,EUA,97600245,27.72,1,0,352092251
2019,360,Indonésia,880330,Partes de aviões e helicópteros (ed. antiga),702,Singapura,66086352,18.77,2,0,352092251
2019,360,Indonésia,880330,Partes de aviões e helicópteros (ed. antiga),124,Canadá,49941224,14.184,3,0,352092251
2019,360,Indonésia,880330,Partes de aviões e helicópteros (ed. antiga),251,França,39702315,11.276,4,0,352092251
2019,360,Indonésia,880330,Partes de aviões e helicópteros (ed. antiga),826,Reino Unido,30224658,8.584,5,0,352092251
2019,392,Japão,090111,Café verde não descafeinado,76,Brasil,393718975,34.55,1,0,1139560463
2019,392,Japão,090111,Café verde não descafeinado,170,Colômbia,188696776,16.559,2,0,1139560463
2019,392,Japão,090111,Café verde não descafeinado,704,Vietname,141193414,12.39,3,0,1139560463
2019,392,Japão,090111,Café verde não descafeinado,231,Etiópia,97774678,8.58,4,0,1139560463
2019,392,Japão,090111,Café verde não descafeinado,320,Guatemala,94694576,8.31,5,0,1139560463
2019,392,Japão,090111,Café verde não descafeinado,626,Timor-Leste,847620,0.074,29,1,1139560463
2019,392,Japão,090190,Cascas de café e sucedâneos,704,Vietname,322358,90.262,1,0,357137
2019,392,Japão,090190,Cascas de café e sucedâneos,418,Lao People's Dem. Rep.,7679,2.15,2,0,357137
2019,392,Japão,090190,Cascas de café e sucedâneos,188,Costa Rica,7110,1.991,3,0,357137
2019,392,Japão,090190,Cascas de café e sucedâneos,558,Nicaragua,6092,1.706,4,0,357137
2019,392,Japão,090190,Cascas de café e sucedâneos,222,El Salvador,6073,1.701,5,0,357137
2019,392,Japão,270900,Petróleo bruto,682,Arábia Saudita,26055137633,35.65,1,0,73086768743
2019,392,Japão,270900,Petróleo bruto,784,Emirados Árabes Unidos,21853878285,29.901,2,0,73086768743
2019,392,Japão,270900,Petróleo bruto,634,Catar,6328860636,8.659,3,0,73086768743
2019,392,Japão,270900,Petróleo bruto,414,Kuwait,6133432202,8.392,4,0,73086768743
2019,392,Japão,270900,Petróleo bruto,643,Rússia,3995232680,5.466,5,0,73086768743
2019,392,Japão,271112,Propano liquefeito,842,EUA,3341392463,82.935,1,0,4028906562
2019,392,Japão,271112,Propano liquefeito,784,Emirados Árabes Unidos,187486891,4.654,2,0,4028906562
2019,392,Japão,271112,Propano liquefeito,36,Austrália,178183448,4.423,3,0,4028906562
2019,392,Japão,271112,Propano liquefeito,124,Canadá,116965961,2.903,4,0,4028906562
2019,392,Japão,271112,Propano liquefeito,414,Kuwait,77559698,1.925,5,0,4028906562
2019,392,Japão,271112,Propano liquefeito,626,Timor-Leste,7508389,0.186,9,1,4028906562
2019,392,Japão,271113,Butano liquefeito,784,Emirados Árabes Unidos,214330183,25.132,1,0,852827042
2019,392,Japão,271113,Butano liquefeito,36,Austrália,207668900,24.351,2,0,852827042
2019,392,Japão,271113,Butano liquefeito,842,EUA,157978605,18.524,3,0,852827042
2019,392,Japão,271113,Butano liquefeito,414,Kuwait,78760951,9.235,4,0,852827042
2019,392,Japão,271113,Butano liquefeito,634,Catar,62002548,7.27,5,0,852827042
2019,392,Japão,271113,Butano liquefeito,626,Timor-Leste,2153163,0.252,9,1,852827042
2019,392,Japão,630900,Vestuário usado,842,EUA,27328628,55.239,1,0,49473567
2019,392,Japão,630900,Vestuário usado,764,Tailândia,7849646,15.866,2,0,49473567
2019,392,Japão,630900,Vestuário usado,124,Canadá,2760579,5.58,3,0,49473567
2019,392,Japão,630900,Vestuário usado,251,França,1943820,3.929,4,0,49473567
2019,392,Japão,630900,Vestuário usado,156,China,1410412,2.851,5,0,49473567
2019,392,Japão,880212,Helicópteros +2.000 kg,251,França,95419759,38.06,1,0,250705627
2019,392,Japão,880212,Helicópteros +2.000 kg,842,EUA,73021019,29.126,2,0,250705627
2019,392,Japão,880212,Helicópteros +2.000 kg,276,Alemanha,30165425,12.032,3,0,250705627
2019,392,Japão,880212,Helicópteros +2.000 kg,124,Canadá,25537629,10.186,4,0,250705627
2019,392,Japão,880212,Helicópteros +2.000 kg,380,Itália,24375155,9.723,5,0,250705627
2019,392,Japão,880330,Partes de aviões e helicópteros (ed. antiga),842,EUA,1116988608,58.431,1,0,1911622030
2019,392,Japão,880330,Partes de aviões e helicópteros (ed. antiga),410,Coreia do Sul,282465854,14.776,2,0,1911622030
2019,392,Japão,880330,Partes de aviões e helicópteros (ed. antiga),124,Canadá,104603682,5.472,3,0,1911622030
2019,392,Japão,880330,Partes de aviões e helicópteros (ed. antiga),458,Malásia,94318146,4.934,4,0,1911622030
2019,392,Japão,880330,Partes de aviões e helicópteros (ed. antiga),276,Alemanha,63452446,3.319,5,0,1911622030
2019,410,Coreia do Sul,090111,Café verde não descafeinado,170,Colômbia,91615549,21.474,1,0,426632574
2019,410,Coreia do Sul,090111,Café verde não descafeinado,76,Brasil,79650743,18.67,2,0,426632574
2019,410,Coreia do Sul,090111,Café verde não descafeinado,231,Etiópia,52134631,12.22,3,0,426632574
2019,410,Coreia do Sul,090111,Café verde não descafeinado,704,Vietname,50215732,11.77,4,0,426632574
2019,410,Coreia do Sul,090111,Café verde não descafeinado,320,Guatemala,25212883,5.91,5,0,426632574
2019,410,Coreia do Sul,090111,Café verde não descafeinado,626,Timor-Leste,299469,0.07,25,1,426632574
2019,410,Coreia do Sul,090190,Cascas de café e sucedâneos,704,Vietname,9235,70.426,1,0,13113
2019,410,Coreia do Sul,090190,Cascas de café e sucedâneos,418,Lao People's Dem. Rep.,2812,21.444,2,0,13113
2019,410,Coreia do Sul,090190,Cascas de café e sucedâneos,170,Colômbia,806,6.147,3,0,13113
2019,410,Coreia do Sul,090190,Cascas de café e sucedâneos,591,Panamá,152,1.159,4,0,13113
2019,410,Coreia do Sul,090190,Cascas de café e sucedâneos,842,EUA,65,0.496,5,0,13113
2019,410,Coreia do Sul,270900,Petróleo bruto,682,Arábia Saudita,19829874705,28.227,1,0,70251768064
2019,410,Coreia do Sul,270900,Petróleo bruto,414,Kuwait,9930922945,14.136,2,0,70251768064
2019,410,Coreia do Sul,270900,Petróleo bruto,842,EUA,8980031974,12.783,3,0,70251768064
2019,410,Coreia do Sul,270900,Petróleo bruto,368,Iraque,7535161104,10.726,4,0,70251768064
2019,410,Coreia do Sul,270900,Petróleo bruto,784,Emirados Árabes Unidos,5969558864,8.497,5,0,70251768064
2019,410,Coreia do Sul,271112,Propano liquefeito,842,EUA,2597683242,94.758,1,0,2741383076
2019,410,Coreia do Sul,271112,Propano liquefeito,784,Emirados Árabes Unidos,43177810,1.575,2,0,2741383076
2019,410,Coreia do Sul,271112,Propano liquefeito,634,Catar,23472388,0.856,3,0,2741383076
2019,410,Coreia do Sul,271112,Propano liquefeito,124,Canadá,20000042,0.73,4,0,2741383076
2019,410,Coreia do Sul,271112,Propano liquefeito,12,Argélia,19165827,0.699,5,0,2741383076
2019,410,Coreia do Sul,271113,Butano liquefeito,842,EUA,564193264,85.779,1,0,657728845
2019,410,Coreia do Sul,271113,Butano liquefeito,784,Emirados Árabes Unidos,54232733,8.245,2,0,657728845
2019,410,Coreia do Sul,271113,Butano liquefeito,682,Arábia Saudita,11138299,1.693,3,0,657728845
2019,410,Coreia do Sul,271113,Butano liquefeito,392,Japão,6870505,1.045,4,0,657728845
2019,410,Coreia do Sul,271113,Butano liquefeito,634,Catar,6647213,1.011,5,0,657728845
2019,410,Coreia do Sul,630900,Vestuário usado,392,Japão,18754003,52.971,1,0,35404031
2019,410,Coreia do Sul,630900,Vestuário usado,842,EUA,4188663,11.831,2,0,35404031
2019,410,Coreia do Sul,630900,Vestuário usado,156,China,2966607,8.379,3,0,35404031
2019,410,Coreia do Sul,630900,Vestuário usado,764,Tailândia,1687765,4.767,4,0,35404031
2019,410,Coreia do Sul,630900,Vestuário usado,826,Reino Unido,1260694,3.561,5,0,35404031
2019,410,Coreia do Sul,630900,Vestuário usado,626,Timor-Leste,7616,0.022,65,1,35404031
2019,410,Coreia do Sul,880212,Helicópteros +2.000 kg,842,EUA,40915235,57.675,1,0,70940612
2019,410,Coreia do Sul,880212,Helicópteros +2.000 kg,251,França,17740000,25.007,2,0,70940612
2019,410,Coreia do Sul,880212,Helicópteros +2.000 kg,380,Itália,12285377,17.318,3,0,70940612
2019,410,Coreia do Sul,880330,Partes de aviões e helicópteros (ed. antiga),842,EUA,312408359,58.785,1,0,531438619
2019,410,Coreia do Sul,880330,Partes de aviões e helicópteros (ed. antiga),251,França,57038723,10.733,2,0,531438619
2019,410,Coreia do Sul,880330,Partes de aviões e helicópteros (ed. antiga),376,Israel,45640745,8.588,3,0,531438619
2019,410,Coreia do Sul,880330,Partes de aviões e helicópteros (ed. antiga),826,Reino Unido,24812312,4.669,4,0,531438619
2019,410,Coreia do Sul,880330,Partes de aviões e helicópteros (ed. antiga),724,Espanha,13283955,2.5,5,0,531438619
2019,702,Singapura,090111,Café verde não descafeinado,360,Indonésia,27432361,69.643,1,0,39389815
2019,702,Singapura,090111,Café verde não descafeinado,76,Brasil,2635595,6.691,2,0,39389815
2019,702,Singapura,090111,Café verde não descafeinado,170,Colômbia,1540343,3.911,3,0,39389815
2019,702,Singapura,090111,Café verde não descafeinado,458,Malásia,1131951,2.874,4,0,39389815
2019,702,Singapura,090111,Café verde não descafeinado,320,Guatemala,631191,1.602,5,0,39389815
2019,702,Singapura,090111,Café verde não descafeinado,626,Timor-Leste,31857,0.081,30,1,39389815
2019,702,Singapura,090190,Cascas de café e sucedâneos,380,Itália,61311,23.215,1,0,264105
2019,702,Singapura,090190,Cascas de café e sucedâneos,842,EUA,60536,22.921,2,0,264105
2019,702,Singapura,090190,Cascas de café e sucedâneos,344,Hong Kong (RAEHK),34776,13.168,3,0,264105
2019,702,Singapura,090190,Cascas de café e sucedâneos,36,Austrália,34270,12.976,4,0,264105
2019,702,Singapura,090190,Cascas de café e sucedâneos,410,Coreia do Sul,28787,10.9,5,0,264105
2019,702,Singapura,270900,Petróleo bruto,784,Emirados Árabes Unidos,6620372735,27.332,1,0,24222270671
2019,702,Singapura,270900,Petróleo bruto,634,Catar,4408226244,18.199,2,0,24222270671
2019,702,Singapura,270900,Petróleo bruto,682,Arábia Saudita,2954775735,12.199,3,0,24222270671
2019,702,Singapura,270900,Petróleo bruto,36,Austrália,1419701688,5.861,4,0,24222270671
2019,702,Singapura,270900,Petróleo bruto,414,Kuwait,1330600093,5.493,5,0,24222270671
2019,702,Singapura,270900,Petróleo bruto,626,Timor-Leste,60948682,0.252,25,1,24222270671
2019,702,Singapura,271112,Propano liquefeito,842,EUA,64893796,30.923,1,0,209855911
2019,702,Singapura,271112,Propano liquefeito,634,Catar,50521821,24.075,2,0,209855911
2019,702,Singapura,271112,Propano liquefeito,784,Emirados Árabes Unidos,32851450,15.654,3,0,209855911
2019,702,Singapura,271112,Propano liquefeito,682,Arábia Saudita,30666362,14.613,4,0,209855911
2019,702,Singapura,271112,Propano liquefeito,566,Nigéria,21689001,10.335,5,0,209855911
2019,702,Singapura,271113,Butano liquefeito,458,Malásia,2736663,81.373,1,0,3363094
2019,702,Singapura,271113,Butano liquefeito,392,Japão,360902,10.731,2,0,3363094
2019,702,Singapura,271113,Butano liquefeito,156,China,249495,7.419,3,0,3363094
2019,702,Singapura,271113,Butano liquefeito,826,Reino Unido,8881,0.264,4,0,3363094
2019,702,Singapura,271113,Butano liquefeito,410,Coreia do Sul,3696,0.11,5,0,3363094
2019,702,Singapura,630900,Vestuário usado,458,Malásia,2413591,27.307,1,0,8838685
2019,702,Singapura,630900,Vestuário usado,156,China,2062926,23.34,2,0,8838685
2019,702,Singapura,630900,Vestuário usado,490,Taiwan (Prov. China),1946667,22.024,3,0,8838685
2019,702,Singapura,630900,Vestuário usado,410,Coreia do Sul,910825,10.305,4,0,8838685
2019,702,Singapura,630900,Vestuário usado,392,Japão,648456,7.337,5,0,8838685
2019,702,Singapura,880212,Helicópteros +2.000 kg,124,Canadá,63111660,56.015,1,0,112670055
2019,702,Singapura,880212,Helicópteros +2.000 kg,380,Itália,22557513,20.021,2,0,112670055
2019,702,Singapura,880212,Helicópteros +2.000 kg,842,EUA,17529788,15.559,3,0,112670055
2019,702,Singapura,880212,Helicópteros +2.000 kg,276,Alemanha,9467375,8.403,4,0,112670055
2019,702,Singapura,880212,Helicópteros +2.000 kg,156,China,3719,0.003,5,0,112670055
2019,702,Singapura,880330,Partes de aviões e helicópteros (ed. antiga),842,EUA,4452375698,59.246,1,0,7515003983
2019,702,Singapura,880330,Partes de aviões e helicópteros (ed. antiga),251,França,872424427,11.609,2,0,7515003983
2019,702,Singapura,880330,Partes de aviões e helicópteros (ed. antiga),276,Alemanha,449584363,5.982,3,0,7515003983
2019,702,Singapura,880330,Partes de aviões e helicópteros (ed. antiga),156,China,414155376,5.511,4,0,7515003983
2019,702,Singapura,880330,Partes de aviões e helicópteros (ed. antiga),826,Reino Unido,313380443,4.17,5,0,7515003983
2019,702,Singapura,880330,Partes de aviões e helicópteros (ed. antiga),626,Timor-Leste,45043,0.001,84,1,7515003983
2020,156,China,090111,Café verde não descafeinado,704,Vietname,34681093,21.999,1,0,157646823
2020,156,China,090111,Café verde não descafeinado,76,Brasil,24355872,15.45,2,0,157646823
2020,156,China,090111,Café verde não descafeinado,170,Colômbia,22947574,14.556,3,0,157646823
2020,156,China,090111,Café verde não descafeinado,320,Guatemala,22397651,14.207,4,0,157646823
2020,156,China,090111,Café verde não descafeinado,231,Etiópia,21411409,13.582,5,0,157646823
2020,156,China,090111,Café verde não descafeinado,626,Timor-Leste,165167,0.105,23,1,157646823
2020,156,China,090190,Cascas de café e sucedâneos,826,Reino Unido,111719,45.799,1,0,243931
2020,156,China,090190,Cascas de café e sucedâneos,380,Itália,41438,16.988,2,0,243931
2020,156,China,090190,Cascas de café e sucedâneos,528,Países Baixos,28805,11.809,3,0,243931
2020,156,China,090190,Cascas de café e sucedâneos,842,EUA,21536,8.829,4,0,243931
2020,156,China,090190,Cascas de café e sucedâneos,704,Vietname,6899,2.828,5,0,243931
2020,156,China,270900,Petróleo bruto,682,Arábia Saudita,28065260948,15.727,1,0,178452854859
2020,156,China,270900,Petróleo bruto,643,Rússia,27687961155,15.516,2,0,178452854859
2020,156,China,270900,Petróleo bruto,368,Iraque,19228712411,10.775,3,0,178452854859
2020,156,China,270900,Petróleo bruto,76,Brasil,14295373886,8.011,4,0,178452854859
2020,156,China,270900,Petróleo bruto,24,Angola,14158846514,7.934,5,0,178452854859
2020,156,China,271112,Propano liquefeito,842,EUA,1745792645,26.628,1,0,6556169695
2020,156,China,271112,Propano liquefeito,634,Catar,1157809002,17.66,2,0,6556169695
2020,156,China,271112,Propano liquefeito,784,Emirados Árabes Unidos,1045393539,15.945,3,0,6556169695
2020,156,China,271112,Propano liquefeito,512,Omã,620774277,9.469,4,0,6556169695
2020,156,China,271112,Propano liquefeito,414,Kuwait,456201904,6.958,5,0,6556169695
2020,156,China,271113,Butano liquefeito,784,Emirados Árabes Unidos,383932622,19.929,1,0,1926469974
2020,156,China,271113,Butano liquefeito,512,Omã,316646382,16.437,2,0,1926469974
2020,156,China,271113,Butano liquefeito,634,Catar,239117208,12.412,3,0,1926469974
2020,156,China,271113,Butano liquefeito,842,EUA,229963130,11.937,4,0,1926469974
2020,156,China,271113,Butano liquefeito,36,Austrália,223945727,11.625,5,0,1926469974
2020,156,China,880212,Helicópteros +2.000 kg,251,França,124128467,55.297,1,0,224475842
2020,156,China,880212,Helicópteros +2.000 kg,643,Rússia,63572000,28.32,2,0,224475842
2020,156,China,880212,Helicópteros +2.000 kg,124,Canadá,17461000,7.779,3,0,224475842
2020,156,China,880212,Helicópteros +2.000 kg,380,Itália,11424526,5.089,4,0,224475842
2020,156,China,880212,Helicópteros +2.000 kg,842,EUA,7889849,3.515,5,0,224475842
2020,156,China,880330,Partes de aviões e helicópteros (ed. antiga),251,França,549845714,31.733,1,0,1732716863
2020,156,China,880330,Partes de aviões e helicópteros (ed. antiga),842,EUA,523408061,30.207,2,0,1732716863
2020,156,China,880330,Partes de aviões e helicópteros (ed. antiga),276,Alemanha,264631917,15.273,3,0,1732716863
2020,156,China,880330,Partes de aviões e helicópteros (ed. antiga),826,Reino Unido,124996511,7.214,4,0,1732716863
2020,156,China,880330,Partes de aviões e helicópteros (ed. antiga),724,Espanha,47744488,2.755,5,0,1732716863
2020,360,Indonésia,090111,Café verde não descafeinado,704,Vietname,15334587,48.715,1,0,31478316
2020,360,Indonésia,090111,Café verde não descafeinado,76,Brasil,12237105,38.875,2,0,31478316
2020,360,Indonésia,090111,Café verde não descafeinado,360,Indonésia,2120500,6.736,3,0,31478316
2020,360,Indonésia,090111,Café verde não descafeinado,626,Timor-Leste,513546,1.631,4,1,31478316
2020,360,Indonésia,090111,Café verde não descafeinado,170,Colômbia,459928,1.461,5,0,31478316
2020,360,Indonésia,090111,Café verde não descafeinado,276,Alemanha,182450,0.58,6,0,31478316
2020,360,Indonésia,090190,Cascas de café e sucedâneos,626,Timor-Leste,21590,66.203,1,1,32612
2020,360,Indonésia,090190,Cascas de café e sucedâneos,842,EUA,2448,7.506,2,0,32612
2020,360,Indonésia,090190,Cascas de café e sucedâneos,276,Alemanha,2245,6.884,3,0,32612
2020,360,Indonésia,090190,Cascas de café e sucedâneos,36,Austrália,1475,4.523,4,0,32612
2020,360,Indonésia,090190,Cascas de café e sucedâneos,757,Suíça,1246,3.821,5,0,32612
2020,360,Indonésia,090190,Cascas de café e sucedâneos,528,Países Baixos,852,2.613,6,0,32612
2020,360,Indonésia,270900,Petróleo bruto,682,Arábia Saudita,1375186386,40.546,1,0,3391684209
2020,360,Indonésia,270900,Petróleo bruto,566,Nigéria,778383358,22.95,2,0,3391684209
2020,360,Indonésia,270900,Petróleo bruto,458,Malásia,441457193,13.016,3,0,3391684209
2020,360,Indonésia,270900,Petróleo bruto,36,Austrália,368444143,10.863,4,0,3391684209
2020,360,Indonésia,270900,Petróleo bruto,842,EUA,137359543,4.05,5,0,3391684209
2020,360,Indonésia,271112,Propano liquefeito,842,EUA,456807230,35.633,1,0,1281982414
2020,360,Indonésia,271112,Propano liquefeito,784,Emirados Árabes Unidos,363516539,28.356,2,0,1281982414
2020,360,Indonésia,271112,Propano liquefeito,634,Catar,207162567,16.16,3,0,1281982414
2020,360,Indonésia,271112,Propano liquefeito,682,Arábia Saudita,90811489,7.084,4,0,1281982414
2020,360,Indonésia,271112,Propano liquefeito,36,Austrália,63308753,4.938,5,0,1281982414
2020,360,Indonésia,271113,Butano liquefeito,842,EUA,459609093,35.55,1,0,1292840086
2020,360,Indonésia,271113,Butano liquefeito,784,Emirados Árabes Unidos,362594244,28.046,2,0,1292840086
2020,360,Indonésia,271113,Butano liquefeito,634,Catar,211032285,16.323,3,0,1292840086
2020,360,Indonésia,271113,Butano liquefeito,682,Arábia Saudita,94299559,7.294,4,0,1292840086
2020,360,Indonésia,271113,Butano liquefeito,36,Austrália,66084956,5.112,5,0,1292840086
2020,360,Indonésia,630900,Vestuário usado,826,Reino Unido,124508,25.205,1,0,493983
2020,360,Indonésia,630900,Vestuário usado,392,Japão,124009,25.104,2,0,493983
2020,360,Indonésia,630900,Vestuário usado,422,Líbano,36583,7.406,3,0,493983
2020,360,Indonésia,630900,Vestuário usado,842,EUA,24574,4.975,4,0,493983
2020,360,Indonésia,630900,Vestuário usado,702,Singapura,20335,4.117,5,0,493983
2020,360,Indonésia,880330,Partes de aviões e helicópteros (ed. antiga),842,EUA,88379094,36.782,1,0,240276877
2020,360,Indonésia,880330,Partes de aviões e helicópteros (ed. antiga),702,Singapura,38740091,16.123,2,0,240276877
2020,360,Indonésia,880330,Partes de aviões e helicópteros (ed. antiga),124,Canadá,35694945,14.856,3,0,240276877
2020,360,Indonésia,880330,Partes de aviões e helicópteros (ed. antiga),196,Chipre,18272554,7.605,4,0,240276877
2020,360,Indonésia,880330,Partes de aviões e helicópteros (ed. antiga),251,França,13950277,5.806,5,0,240276877
2020,392,Japão,090111,Café verde não descafeinado,76,Brasil,301416061,28.656,1,0,1051838908
2020,392,Japão,090111,Café verde não descafeinado,170,Colômbia,207692772,19.746,2,0,1051838908
2020,392,Japão,090111,Café verde não descafeinado,704,Vietname,164051777,15.597,3,0,1051838908
2020,392,Japão,090111,Café verde não descafeinado,320,Guatemala,97992600,9.316,4,0,1051838908
2020,392,Japão,090111,Café verde não descafeinado,231,Etiópia,74335019,7.067,5,0,1051838908
2020,392,Japão,090111,Café verde não descafeinado,626,Timor-Leste,705004,0.067,30,1,1051838908
2020,392,Japão,090190,Cascas de café e sucedâneos,704,Vietname,32886,40.992,1,0,80225
2020,392,Japão,090190,Cascas de café e sucedâneos,188,Costa Rica,15474,19.288,2,0,80225
2020,392,Japão,090190,Cascas de café e sucedâneos,418,Lao People's Dem. Rep.,9807,12.224,3,0,80225
2020,392,Japão,090190,Cascas de café e sucedâneos,484,México,8945,11.15,4,0,80225
2020,392,Japão,090190,Cascas de café e sucedâneos,68,Bolívia,6613,8.243,5,0,80225
2020,392,Japão,270900,Petróleo bruto,682,Arábia Saudita,17201614541,39.548,1,0,43495449527
2020,392,Japão,270900,Petróleo bruto,784,Emirados Árabes Unidos,13727894690,31.562,2,0,43495449527
2020,392,Japão,270900,Petróleo bruto,414,Kuwait,3883155679,8.928,3,0,43495449527
2020,392,Japão,270900,Petróleo bruto,634,Catar,3727410821,8.57,4,0,43495449527
2020,392,Japão,270900,Petróleo bruto,643,Rússia,1801255287,4.141,5,0,43495449527
2020,392,Japão,271112,Propano liquefeito,842,EUA,2526587120,75.547,1,0,3344390162
2020,392,Japão,271112,Propano liquefeito,124,Canadá,313856794,9.385,2,0,3344390162
2020,392,Japão,271112,Propano liquefeito,36,Austrália,235434316,7.04,3,0,3344390162
2020,392,Japão,271112,Propano liquefeito,414,Kuwait,79918003,2.39,4,0,3344390162
2020,392,Japão,271112,Propano liquefeito,634,Catar,79116879,2.366,5,0,3344390162
2020,392,Japão,271112,Propano liquefeito,626,Timor-Leste,10539240,0.315,8,1,3344390162
2020,392,Japão,271113,Butano liquefeito,842,EUA,175930271,25.746,1,0,683342683
2020,392,Japão,271113,Butano liquefeito,36,Austrália,174001606,25.463,2,0,683342683
2020,392,Japão,271113,Butano liquefeito,784,Emirados Árabes Unidos,110365874,16.151,3,0,683342683
2020,392,Japão,271113,Butano liquefeito,682,Arábia Saudita,77118498,11.285,4,0,683342683
2020,392,Japão,271113,Butano liquefeito,414,Kuwait,47505855,6.952,5,0,683342683
2020,392,Japão,271113,Butano liquefeito,626,Timor-Leste,6677901,0.977,9,1,683342683
2020,392,Japão,630900,Vestuário usado,842,EUA,19660294,46.175,1,0,42578111
2020,392,Japão,630900,Vestuário usado,764,Tailândia,7957471,18.689,2,0,42578111
2020,392,Japão,630900,Vestuário usado,699,Índia,2657217,6.241,3,0,42578111
2020,392,Japão,630900,Vestuário usado,124,Canadá,2419503,5.683,4,0,42578111
2020,392,Japão,630900,Vestuário usado,251,França,1933255,4.54,5,0,42578111
2020,392,Japão,880212,Helicópteros +2.000 kg,251,França,78849079,39.683,1,0,198696059
2020,392,Japão,880212,Helicópteros +2.000 kg,842,EUA,53507058,26.929,2,0,198696059
2020,392,Japão,880212,Helicópteros +2.000 kg,380,Itália,46115479,23.209,3,0,198696059
2020,392,Japão,880212,Helicópteros +2.000 kg,124,Canadá,20224444,10.179,4,0,198696059
2020,392,Japão,880330,Partes de aviões e helicópteros (ed. antiga),842,EUA,980085574,62.499,1,0,1568157364
2020,392,Japão,880330,Partes de aviões e helicópteros (ed. antiga),410,Coreia do Sul,188284738,12.007,2,0,1568157364
2020,392,Japão,880330,Partes de aviões e helicópteros (ed. antiga),124,Canadá,74349828,4.741,3,0,1568157364
2020,392,Japão,880330,Partes de aviões e helicópteros (ed. antiga),458,Malásia,62739265,4.001,4,0,1568157364
2020,392,Japão,880330,Partes de aviões e helicópteros (ed. antiga),251,França,58030025,3.701,5,0,1568157364
2020,410,Coreia do Sul,090111,Café verde não descafeinado,170,Colômbia,100895844,22.216,1,0,454161873
2020,410,Coreia do Sul,090111,Café verde não descafeinado,76,Brasil,85005257,18.717,2,0,454161873
2020,410,Coreia do Sul,090111,Café verde não descafeinado,231,Etiópia,59018211,12.995,3,0,454161873
2020,410,Coreia do Sul,090111,Café verde não descafeinado,704,Vietname,47040867,10.358,4,0,454161873
2020,410,Coreia do Sul,090111,Café verde não descafeinado,320,Guatemala,33528890,7.383,5,0,454161873
2020,410,Coreia do Sul,090111,Café verde não descafeinado,626,Timor-Leste,360286,0.079,23,1,454161873
2020,410,Coreia do Sul,090190,Cascas de café e sucedâneos,704,Vietname,11428,83.82,1,0,13634
2020,410,Coreia do Sul,090190,Cascas de café e sucedâneos,591,Panamá,939,6.887,2,0,13634
2020,410,Coreia do Sul,090190,Cascas de café e sucedâneos,842,EUA,644,4.723,3,0,13634
2020,410,Coreia do Sul,090190,Cascas de café e sucedâneos,360,Indonésia,145,1.064,4,0,13634
2020,410,Coreia do Sul,090190,Cascas de café e sucedâneos,724,Espanha,112,0.821,5,0,13634
2020,410,Coreia do Sul,270900,Petróleo bruto,682,Arábia Saudita,14563068245,32.759,1,0,44455595815
2020,410,Coreia do Sul,270900,Petróleo bruto,414,Kuwait,5430178394,12.215,2,0,44455595815
2020,410,Coreia do Sul,270900,Petróleo bruto,842,EUA,5390114143,12.125,3,0,44455595815
2020,410,Coreia do Sul,270900,Petróleo bruto,784,Emirados Árabes Unidos,3601530757,8.101,4,0,44455595815
2020,410,Coreia do Sul,270900,Petróleo bruto,368,Iraque,3515772464,7.909,5,0,44455595815
2020,410,Coreia do Sul,270900,Petróleo bruto,626,Timor-Leste,27289594,0.061,24,1,44455595815
2020,410,Coreia do Sul,271112,Propano liquefeito,842,EUA,2455063628,95.757,1,0,2563860810
2020,410,Coreia do Sul,271112,Propano liquefeito,634,Catar,25917150,1.011,2,0,2563860810
2020,410,Coreia do Sul,271112,Propano liquefeito,24,Angola,22042063,0.86,3,0,2563860810
2020,410,Coreia do Sul,271112,Propano liquefeito,36,Austrália,19645136,0.766,4,0,2563860810
2020,410,Coreia do Sul,271112,Propano liquefeito,566,Nigéria,14447724,0.564,5,0,2563860810
2020,410,Coreia do Sul,271113,Butano liquefeito,842,EUA,475083278,91.042,1,0,521827013
2020,410,Coreia do Sul,271113,Butano liquefeito,682,Arábia Saudita,16561190,3.174,2,0,521827013
2020,410,Coreia do Sul,271113,Butano liquefeito,458,Malásia,11841404,2.269,3,0,521827013
2020,410,Coreia do Sul,271113,Butano liquefeito,784,Emirados Árabes Unidos,7423459,1.423,4,0,521827013
2020,410,Coreia do Sul,271113,Butano liquefeito,392,Japão,5222895,1.001,5,0,521827013
2020,410,Coreia do Sul,630900,Vestuário usado,392,Japão,12474775,38.896,1,0,32072108
2020,410,Coreia do Sul,630900,Vestuário usado,842,EUA,6007567,18.731,2,0,32072108
2020,410,Coreia do Sul,630900,Vestuário usado,156,China,3748903,11.689,3,0,32072108
2020,410,Coreia do Sul,630900,Vestuário usado,826,Reino Unido,1545728,4.82,4,0,32072108
2020,410,Coreia do Sul,630900,Vestuário usado,276,Alemanha,996979,3.109,5,0,32072108
2020,410,Coreia do Sul,630900,Vestuário usado,626,Timor-Leste,20248,0.063,41,1,32072108
2020,410,Coreia do Sul,880212,Helicópteros +2.000 kg,251,França,130627509,95.86,1,0,136269425
2020,410,Coreia do Sul,880212,Helicópteros +2.000 kg,842,EUA,4041517,2.966,2,0,136269425
2020,410,Coreia do Sul,880212,Helicópteros +2.000 kg,360,Indonésia,1600399,1.174,3,0,136269425
2020,410,Coreia do Sul,880330,Partes de aviões e helicópteros (ed. antiga),842,EUA,297000619,56.721,1,0,523616205
2020,410,Coreia do Sul,880330,Partes de aviões e helicópteros (ed. antiga),251,França,66966033,12.789,2,0,523616205
2020,410,Coreia do Sul,880330,Partes de aviões e helicópteros (ed. antiga),376,Israel,40420386,7.719,3,0,523616205
2020,410,Coreia do Sul,880330,Partes de aviões e helicópteros (ed. antiga),826,Reino Unido,26782377,5.115,4,0,523616205
2020,410,Coreia do Sul,880330,Partes de aviões e helicópteros (ed. antiga),792,Turquia,24227320,4.627,5,0,523616205
2020,702,Singapura,090111,Café verde não descafeinado,360,Indonésia,9907190,51.462,1,0,19251450
2020,702,Singapura,090111,Café verde não descafeinado,76,Brasil,1813228,9.419,2,0,19251450
2020,702,Singapura,090111,Café verde não descafeinado,170,Colômbia,1323189,6.873,3,0,19251450
2020,702,Singapura,090111,Café verde não descafeinado,458,Malásia,984321,5.113,4,0,19251450
2020,702,Singapura,090111,Café verde não descafeinado,231,Etiópia,949702,4.933,5,0,19251450
2020,702,Singapura,090111,Café verde não descafeinado,626,Timor-Leste,15216,0.079,33,1,19251450
2020,702,Singapura,090190,Cascas de café e sucedâneos,842,EUA,93470,35.487,1,0,263390
2020,702,Singapura,090190,Cascas de café e sucedâneos,458,Malásia,62819,23.85,2,0,263390
2020,702,Singapura,090190,Cascas de café e sucedâneos,36,Austrália,53636,20.364,3,0,263390
2020,702,Singapura,090190,Cascas de café e sucedâneos,360,Indonésia,11437,4.342,4,0,263390
2020,702,Singapura,090190,Cascas de café e sucedâneos,410,Coreia do Sul,9238,3.507,5,0,263390
2020,702,Singapura,090190,Cascas de café e sucedâneos,626,Timor-Leste,233,0.089,19,1,263390
2020,702,Singapura,270900,Petróleo bruto,784,Emirados Árabes Unidos,3417324044,23.77,1,0,14376394885
2020,702,Singapura,270900,Petróleo bruto,634,Catar,2555298005,17.774,2,0,14376394885
2020,702,Singapura,270900,Petróleo bruto,682,Arábia Saudita,1498482675,10.423,3,0,14376394885
2020,702,Singapura,270900,Petróleo bruto,842,EUA,1125257585,7.827,4,0,14376394885
2020,702,Singapura,270900,Petróleo bruto,414,Kuwait,1058401828,7.362,5,0,14376394885
2020,702,Singapura,270900,Petróleo bruto,626,Timor-Leste,43632389,0.304,24,1,14376394885
2020,702,Singapura,271112,Propano liquefeito,634,Catar,29995382,53.293,1,0,56283754
2020,702,Singapura,271112,Propano liquefeito,414,Kuwait,13146047,23.357,2,0,56283754
2020,702,Singapura,271112,Propano liquefeito,842,EUA,8523824,15.144,3,0,56283754
2020,702,Singapura,271112,Propano liquefeito,784,Emirados Árabes Unidos,4430883,7.872,4,0,56283754
2020,702,Singapura,271112,Propano liquefeito,156,China,134849,0.24,5,0,56283754
2020,702,Singapura,271113,Butano liquefeito,96,Brunei Darussalam,3559892,69.978,1,0,5087141
2020,702,Singapura,271113,Butano liquefeito,458,Malásia,752039,14.783,2,0,5087141
2020,702,Singapura,271113,Butano liquefeito,410,Coreia do Sul,627158,12.328,3,0,5087141
2020,702,Singapura,271113,Butano liquefeito,156,China,118323,2.326,4,0,5087141
2020,702,Singapura,271113,Butano liquefeito,392,Japão,24028,0.472,5,0,5087141
2020,702,Singapura,630900,Vestuário usado,458,Malásia,1599373,26.177,1,0,6109747
2020,702,Singapura,630900,Vestuário usado,392,Japão,1278417,20.924,2,0,6109747
2020,702,Singapura,630900,Vestuário usado,490,Taiwan (Prov. China),999101,16.353,3,0,6109747
2020,702,Singapura,630900,Vestuário usado,156,China,747517,12.235,4,0,6109747
2020,702,Singapura,630900,Vestuário usado,380,Itália,396932,6.497,5,0,6109747
2020,702,Singapura,630900,Vestuário usado,626,Timor-Leste,15051,0.246,13,1,6109747
2020,702,Singapura,880212,Helicópteros +2.000 kg,124,Canadá,77299359,69.719,1,0,110871980
2020,702,Singapura,880212,Helicópteros +2.000 kg,251,França,16950619,15.288,2,0,110871980
2020,702,Singapura,880212,Helicópteros +2.000 kg,842,EUA,10207640,9.207,3,0,110871980
2020,702,Singapura,880212,Helicópteros +2.000 kg,380,Itália,6411463,5.783,4,0,110871980
2020,702,Singapura,880212,Helicópteros +2.000 kg,156,China,2631,0.002,5,0,110871980
2020,702,Singapura,880330,Partes de aviões e helicópteros (ed. antiga),842,EUA,2953223181,61.362,1,0,4812791756
2020,702,Singapura,880330,Partes de aviões e helicópteros (ed. antiga),251,França,519977507,10.804,2,0,4812791756
2020,702,Singapura,880330,Partes de aviões e helicópteros (ed. antiga),156,China,262429405,5.453,3,0,4812791756
2020,702,Singapura,880330,Partes de aviões e helicópteros (ed. antiga),826,Reino Unido,206977553,4.301,4,0,4812791756
2020,702,Singapura,880330,Partes de aviões e helicópteros (ed. antiga),276,Alemanha,189632390,3.94,5,0,4812791756
2021,156,China,090111,Café verde não descafeinado,320,Guatemala,72644800,20.995,1,0,346017760
2021,156,China,090111,Café verde não descafeinado,231,Etiópia,60747464,17.556,2,0,346017760
2021,156,China,090111,Café verde não descafeinado,76,Brasil,54662135,15.797,3,0,346017760
2021,156,China,090111,Café verde não descafeinado,704,Vietname,54246701,15.677,4,0,346017760
2021,156,China,090111,Café verde não descafeinado,170,Colômbia,50689135,14.649,5,0,346017760
2021,156,China,090111,Café verde não descafeinado,626,Timor-Leste,1644246,0.475,15,1,346017760
2021,156,China,090190,Cascas de café e sucedâneos,826,Reino Unido,102275,55.295,1,0,184963
2021,156,China,090190,Cascas de café e sucedâneos,251,França,28645,15.487,2,0,184963
2021,156,China,090190,Cascas de café e sucedâneos,842,EUA,18529,10.018,3,0,184963
2021,156,China,090190,Cascas de café e sucedâneos,380,Itália,12432,6.721,4,0,184963
2021,156,China,090190,Cascas de café e sucedâneos,528,Países Baixos,8120,4.39,5,0,184963
2021,156,China,270900,Petróleo bruto,682,Arábia Saudita,43938620661,16.996,1,0,258522886285
2021,156,China,270900,Petróleo bruto,643,Rússia,40544444787,15.683,2,0,258522886285
2021,156,China,270900,Petróleo bruto,368,Iraque,26471616967,10.24,3,0,258522886285
2021,156,China,270900,Petróleo bruto,512,Omã,22461560711,8.688,4,0,258522886285
2021,156,China,270900,Petróleo bruto,24,Angola,19974812270,7.727,5,0,258522886285
2021,156,China,270900,Petróleo bruto,626,Timor-Leste,110901868,0.043,40,1,258522886285
2021,156,China,271112,Propano liquefeito,842,EUA,5152998370,40.731,1,0,12651412336
2021,156,China,271112,Propano liquefeito,784,Emirados Árabes Unidos,1888375671,14.926,2,0,12651412336
2021,156,China,271112,Propano liquefeito,634,Catar,1604376361,12.681,3,0,12651412336
2021,156,China,271112,Propano liquefeito,512,Omã,1273215714,10.064,4,0,12651412336
2021,156,China,271112,Propano liquefeito,414,Kuwait,675411599,5.339,5,0,12651412336
2021,156,China,271113,Butano liquefeito,784,Emirados Árabes Unidos,813108937,23.631,1,0,3440917466
2021,156,China,271113,Butano liquefeito,512,Omã,672115827,19.533,2,0,3440917466
2021,156,China,271113,Butano liquefeito,36,Austrália,437146328,12.704,3,0,3440917466
2021,156,China,271113,Butano liquefeito,842,EUA,409567414,11.903,4,0,3440917466
2021,156,China,271113,Butano liquefeito,634,Catar,273953802,7.962,5,0,3440917466
2021,156,China,880212,Helicópteros +2.000 kg,643,Rússia,77608936,45.345,1,0,171151799
2021,156,China,880212,Helicópteros +2.000 kg,380,Itália,51410670,30.038,2,0,171151799
2021,156,China,880212,Helicópteros +2.000 kg,124,Canadá,27432743,16.028,3,0,171151799
2021,156,China,880212,Helicópteros +2.000 kg,251,França,14699450,8.589,4,0,171151799
2021,156,China,880330,Partes de aviões e helicópteros (ed. antiga),251,França,659454479,30.951,1,0,2130629589
2021,156,China,880330,Partes de aviões e helicópteros (ed. antiga),842,EUA,642091105,30.136,2,0,2130629589
2021,156,China,880330,Partes de aviões e helicópteros (ed. antiga),276,Alemanha,372547685,17.485,3,0,2130629589
2021,156,China,880330,Partes de aviões e helicópteros (ed. antiga),826,Reino Unido,131410365,6.168,4,0,2130629589
2021,156,China,880330,Partes de aviões e helicópteros (ed. antiga),724,Espanha,55636862,2.611,5,0,2130629589
2021,360,Indonésia,090111,Café verde não descafeinado,704,Vietname,11813091,46.622,1,0,25337899
2021,360,Indonésia,090111,Café verde não descafeinado,76,Brasil,11768042,46.444,2,0,25337899
2021,360,Indonésia,090111,Café verde não descafeinado,626,Timor-Leste,566630,2.236,3,1,25337899
2021,360,Indonésia,090111,Café verde não descafeinado,170,Colômbia,366840,1.448,4,0,25337899
2021,360,Indonésia,090111,Café verde não descafeinado,231,Etiópia,252477,0.996,5,0,25337899
2021,360,Indonésia,090111,Café verde não descafeinado,360,Indonésia,159588,0.63,6,0,25337899
2021,360,Indonésia,090190,Cascas de café e sucedâneos,702,Singapura,1610,71.27,1,0,2259
2021,360,Indonésia,090190,Cascas de café e sucedâneos,792,Turquia,413,18.282,2,0,2259
2021,360,Indonésia,090190,Cascas de café e sucedâneos,682,Arábia Saudita,105,4.648,3,0,2259
2021,360,Indonésia,090190,Cascas de café e sucedâneos,842,EUA,65,2.877,4,0,2259
2021,360,Indonésia,090190,Cascas de café e sucedâneos,458,Malásia,64,2.833,5,0,2259
2021,360,Indonésia,270900,Petróleo bruto,682,Arábia Saudita,2268614138,32.192,1,0,7047198512
2021,360,Indonésia,270900,Petróleo bruto,566,Nigéria,1939787530,27.526,2,0,7047198512
2021,360,Indonésia,270900,Petróleo bruto,36,Austrália,809324976,11.484,3,0,7047198512
2021,360,Indonésia,270900,Petróleo bruto,24,Angola,431984584,6.13,4,0,7047198512
2021,360,Indonésia,270900,Petróleo bruto,266,Gabão,311748101,4.424,5,0,7047198512
2021,360,Indonésia,271112,Propano liquefeito,842,EUA,1236258871,60.352,1,0,2048419738
2021,360,Indonésia,271112,Propano liquefeito,784,Emirados Árabes Unidos,395068435,19.286,2,0,2048419738
2021,360,Indonésia,271112,Propano liquefeito,682,Arábia Saudita,118614955,5.791,3,0,2048419738
2021,360,Indonésia,271112,Propano liquefeito,634,Catar,110741331,5.406,4,0,2048419738
2021,360,Indonésia,271112,Propano liquefeito,36,Austrália,70144652,3.424,5,0,2048419738
2021,360,Indonésia,271113,Butano liquefeito,842,EUA,1168951546,58.087,1,0,2012408232
2021,360,Indonésia,271113,Butano liquefeito,784,Emirados Árabes Unidos,397451118,19.75,2,0,2012408232
2021,360,Indonésia,271113,Butano liquefeito,682,Arábia Saudita,145988526,7.254,3,0,2012408232
2021,360,Indonésia,271113,Butano liquefeito,634,Catar,107044950,5.319,4,0,2012408232
2021,360,Indonésia,271113,Butano liquefeito,36,Austrália,71230936,3.54,5,0,2012408232
2021,360,Indonésia,630900,Vestuário usado,392,Japão,20355,46.119,1,0,44136
2021,360,Indonésia,630900,Vestuário usado,702,Singapura,5203,11.789,2,0,44136
2021,360,Indonésia,630900,Vestuário usado,842,EUA,4776,10.821,3,0,44136
2021,360,Indonésia,630900,Vestuário usado,458,Malásia,2529,5.73,4,0,44136
2021,360,Indonésia,630900,Vestuário usado,826,Reino Unido,2210,5.007,5,0,44136
2021,360,Indonésia,880212,Helicópteros +2.000 kg,702,Singapura,107329933,69.162,1,0,155186327
2021,360,Indonésia,880212,Helicópteros +2.000 kg,380,Itália,19683831,12.684,2,0,155186327
2021,360,Indonésia,880212,Helicópteros +2.000 kg,124,Canadá,14457083,9.316,3,0,155186327
2021,360,Indonésia,880212,Helicópteros +2.000 kg,842,EUA,13715480,8.838,4,0,155186327
2021,360,Indonésia,880330,Partes de aviões e helicópteros (ed. antiga),842,EUA,97029490,38.771,1,0,250264996
2021,360,Indonésia,880330,Partes de aviões e helicópteros (ed. antiga),702,Singapura,56320388,22.504,2,0,250264996
2021,360,Indonésia,880330,Partes de aviões e helicópteros (ed. antiga),410,Coreia do Sul,27135183,10.843,3,0,250264996
2021,360,Indonésia,880330,Partes de aviões e helicópteros (ed. antiga),124,Canadá,24189940,9.666,4,0,250264996
2021,360,Indonésia,880330,Partes de aviões e helicópteros (ed. antiga),251,França,9335349,3.73,5,0,250264996
2021,392,Japão,090111,Café verde não descafeinado,76,Brasil,402056056,34.0,1,0,1182504146
2021,392,Japão,090111,Café verde não descafeinado,170,Colômbia,201211415,17.016,2,0,1182504146
2021,392,Japão,090111,Café verde não descafeinado,704,Vietname,174934551,14.794,3,0,1182504146
2021,392,Japão,090111,Café verde não descafeinado,320,Guatemala,89910453,7.603,4,0,1182504146
2021,392,Japão,090111,Café verde não descafeinado,231,Etiópia,69874349,5.909,5,0,1182504146
2021,392,Japão,090111,Café verde não descafeinado,626,Timor-Leste,944563,0.08,27,1,1182504146
2021,392,Japão,090190,Cascas de café e sucedâneos,704,Vietname,10596,25.736,1,0,41174
2021,392,Japão,090190,Cascas de café e sucedâneos,418,Lao People's Dem. Rep.,6906,16.774,2,0,41174
2021,392,Japão,090190,Cascas de café e sucedâneos,188,Costa Rica,6660,16.176,3,0,41174
2021,392,Japão,090190,Cascas de café e sucedâneos,104,Myanmar,5540,13.454,4,0,41174
2021,392,Japão,090190,Cascas de café e sucedâneos,222,El Salvador,3298,8.011,5,0,41174
2021,392,Japão,270900,Petróleo bruto,682,Arábia Saudita,25224810920,39.974,1,0,63103354048
2021,392,Japão,270900,Petróleo bruto,784,Emirados Árabes Unidos,21948699941,34.782,2,0,63103354048
2021,392,Japão,270900,Petróleo bruto,414,Kuwait,5367514566,8.506,3,0,63103354048
2021,392,Japão,270900,Petróleo bruto,634,Catar,4668408162,7.398,4,0,63103354048
2021,392,Japão,270900,Petróleo bruto,643,Rússia,2348619805,3.722,5,0,63103354048
2021,392,Japão,271112,Propano liquefeito,842,EUA,4269674432,73.29,1,0,5825733286
2021,392,Japão,271112,Propano liquefeito,124,Canadá,837918913,14.383,2,0,5825733286
2021,392,Japão,271112,Propano liquefeito,36,Austrália,349026995,5.991,3,0,5825733286
2021,392,Japão,271112,Propano liquefeito,414,Kuwait,199838376,3.43,4,0,5825733286
2021,392,Japão,271112,Propano liquefeito,784,Emirados Árabes Unidos,64578362,1.109,5,0,5825733286
2021,392,Japão,271112,Propano liquefeito,626,Timor-Leste,31097079,0.534,7,1,5825733286
2021,392,Japão,271113,Butano liquefeito,842,EUA,304308388,35.741,1,0,851433557
2021,392,Japão,271113,Butano liquefeito,36,Austrália,251048649,29.485,2,0,851433557
2021,392,Japão,271113,Butano liquefeito,414,Kuwait,102499276,12.038,3,0,851433557
2021,392,Japão,271113,Butano liquefeito,634,Catar,52953984,6.219,4,0,851433557
2021,392,Japão,271113,Butano liquefeito,784,Emirados Árabes Unidos,39793002,4.674,5,0,851433557
2021,392,Japão,271113,Butano liquefeito,626,Timor-Leste,34852053,4.093,7,1,851433557
2021,392,Japão,630900,Vestuário usado,842,EUA,30243628,42.547,1,0,71082219
2021,392,Japão,630900,Vestuário usado,764,Tailândia,14614418,20.56,2,0,71082219
2021,392,Japão,630900,Vestuário usado,586,Paquistão,5340322,7.513,3,0,71082219
2021,392,Japão,630900,Vestuário usado,251,França,3741298,5.263,4,0,71082219
2021,392,Japão,630900,Vestuário usado,784,Emirados Árabes Unidos,2613881,3.677,5,0,71082219
2021,392,Japão,880212,Helicópteros +2.000 kg,251,França,193653086,68.972,1,0,280772189
2021,392,Japão,880212,Helicópteros +2.000 kg,380,Itália,47890179,17.057,2,0,280772189
2021,392,Japão,880212,Helicópteros +2.000 kg,842,EUA,20592928,7.334,3,0,280772189
2021,392,Japão,880212,Helicópteros +2.000 kg,276,Alemanha,13361821,4.759,4,0,280772189
2021,392,Japão,880212,Helicópteros +2.000 kg,124,Canadá,5274175,1.878,5,0,280772189
2021,392,Japão,880330,Partes de aviões e helicópteros (ed. antiga),842,EUA,789600669,69.014,1,0,1144118076
2021,392,Japão,880330,Partes de aviões e helicópteros (ed. antiga),251,França,72810696,6.364,2,0,1144118076
2021,392,Japão,880330,Partes de aviões e helicópteros (ed. antiga),124,Canadá,46310671,4.048,3,0,1144118076
2021,392,Japão,880330,Partes de aviões e helicópteros (ed. antiga),410,Coreia do Sul,45667599,3.992,4,0,1144118076
2021,392,Japão,880330,Partes de aviões e helicópteros (ed. antiga),276,Alemanha,43259577,3.781,5,0,1144118076
2021,410,Coreia do Sul,090111,Café verde não descafeinado,170,Colômbia,124026699,22.844,1,0,542932506
2021,410,Coreia do Sul,090111,Café verde não descafeinado,76,Brasil,113862652,20.972,2,0,542932506
2021,410,Coreia do Sul,090111,Café verde não descafeinado,231,Etiópia,74995597,13.813,3,0,542932506
2021,410,Coreia do Sul,090111,Café verde não descafeinado,704,Vietname,54619772,10.06,4,0,542932506
2021,410,Coreia do Sul,090111,Café verde não descafeinado,320,Guatemala,43216532,7.96,5,0,542932506
2021,410,Coreia do Sul,090111,Café verde não descafeinado,626,Timor-Leste,258209,0.048,24,1,542932506
2021,410,Coreia do Sul,090190,Cascas de café e sucedâneos,704,Vietname,692764,98.983,1,0,699883
2021,410,Coreia do Sul,090190,Cascas de café e sucedâneos,380,Itália,2986,0.427,2,0,699883
2021,410,Coreia do Sul,090190,Cascas de café e sucedâneos,400,Jordânia,1550,0.221,3,0,699883
2021,410,Coreia do Sul,090190,Cascas de café e sucedâneos,757,Suíça,791,0.113,4,0,699883
2021,410,Coreia do Sul,090190,Cascas de café e sucedâneos,76,Brasil,456,0.065,5,0,699883
2021,410,Coreia do Sul,270900,Petróleo bruto,682,Arábia Saudita,21320549564,31.816,1,0,67012528175
2021,410,Coreia do Sul,270900,Petróleo bruto,842,EUA,8395719082,12.529,2,0,67012528175
2021,410,Coreia do Sul,270900,Petróleo bruto,414,Kuwait,7232649964,10.793,3,0,67012528175
2021,410,Coreia do Sul,270900,Petróleo bruto,643,Rússia,4269166220,6.371,4,0,67012528175
2021,410,Coreia do Sul,270900,Petróleo bruto,368,Iraque,4011922689,5.987,5,0,67012528175
2021,410,Coreia do Sul,271112,Propano liquefeito,842,EUA,3699330426,91.201,1,0,4056258638
2021,410,Coreia do Sul,271112,Propano liquefeito,124,Canadá,256413490,6.321,2,0,4056258638
2021,410,Coreia do Sul,271112,Propano liquefeito,634,Catar,43290126,1.067,3,0,4056258638
2021,410,Coreia do Sul,271112,Propano liquefeito,36,Austrália,20257184,0.499,4,0,4056258638
2021,410,Coreia do Sul,271112,Propano liquefeito,784,Emirados Árabes Unidos,13856967,0.342,5,0,4056258638
2021,410,Coreia do Sul,271113,Butano liquefeito,842,EUA,1066502221,92.74,1,0,1149993362
2021,410,Coreia do Sul,271113,Butano liquefeito,458,Malásia,28081120,2.442,2,0,1149993362
2021,410,Coreia do Sul,271113,Butano liquefeito,784,Emirados Árabes Unidos,26076586,2.268,3,0,1149993362
2021,410,Coreia do Sul,271113,Butano liquefeito,682,Arábia Saudita,13732852,1.194,4,0,1149993362
2021,410,Coreia do Sul,271113,Butano liquefeito,634,Catar,7016504,0.61,5,0,1149993362
2021,410,Coreia do Sul,630900,Vestuário usado,392,Japão,14244554,48.446,1,0,29402963
2021,410,Coreia do Sul,630900,Vestuário usado,156,China,3788646,12.885,2,0,29402963
2021,410,Coreia do Sul,630900,Vestuário usado,842,EUA,3289528,11.188,3,0,29402963
2021,410,Coreia do Sul,630900,Vestuário usado,764,Tailândia,1465431,4.984,4,0,29402963
2021,410,Coreia do Sul,630900,Vestuário usado,276,Alemanha,959977,3.265,5,0,29402963
2021,410,Coreia do Sul,880212,Helicópteros +2.000 kg,380,Itália,17700000,74.302,1,0,23821750
2021,410,Coreia do Sul,880212,Helicópteros +2.000 kg,842,EUA,5146750,21.605,2,0,23821750
2021,410,Coreia do Sul,880212,Helicópteros +2.000 kg,251,França,975000,4.093,3,0,23821750
2021,410,Coreia do Sul,880330,Partes de aviões e helicópteros (ed. antiga),842,EUA,326882931,56.453,1,0,579034636
2021,410,Coreia do Sul,880330,Partes de aviões e helicópteros (ed. antiga),251,França,84297748,14.558,2,0,579034636
2021,410,Coreia do Sul,880330,Partes de aviões e helicópteros (ed. antiga),826,Reino Unido,59915542,10.347,3,0,579034636
2021,410,Coreia do Sul,880330,Partes de aviões e helicópteros (ed. antiga),376,Israel,34660432,5.986,4,0,579034636
2021,410,Coreia do Sul,880330,Partes de aviões e helicópteros (ed. antiga),792,Turquia,27105373,4.681,5,0,579034636
2021,702,Singapura,090111,Café verde não descafeinado,360,Indonésia,9673438,41.403,1,0,23363835
2021,702,Singapura,090111,Café verde não descafeinado,76,Brasil,3253041,13.923,2,0,23363835
2021,702,Singapura,090111,Café verde não descafeinado,170,Colômbia,2769635,11.854,3,0,23363835
2021,702,Singapura,090111,Café verde não descafeinado,231,Etiópia,1364362,5.84,4,0,23363835
2021,702,Singapura,090111,Café verde não descafeinado,458,Malásia,1329612,5.691,5,0,23363835
2021,702,Singapura,090111,Café verde não descafeinado,626,Timor-Leste,158074,0.677,15,1,23363835
2021,702,Singapura,090190,Cascas de café e sucedâneos,842,EUA,297171,55.459,1,0,535839
2021,702,Singapura,090190,Cascas de café e sucedâneos,591,Panamá,91784,17.129,2,0,535839
2021,702,Singapura,090190,Cascas de café e sucedâneos,380,Itália,32652,6.094,3,0,535839
2021,702,Singapura,090190,Cascas de café e sucedâneos,360,Indonésia,28399,5.3,4,0,535839
2021,702,Singapura,090190,Cascas de café e sucedâneos,36,Austrália,24544,4.581,5,0,535839
2021,702,Singapura,270900,Petróleo bruto,784,Emirados Árabes Unidos,6994231264,30.89,1,0,22642547904
2021,702,Singapura,270900,Petróleo bruto,634,Catar,3575807637,15.792,2,0,22642547904
2021,702,Singapura,270900,Petróleo bruto,682,Arábia Saudita,2397201988,10.587,3,0,22642547904
2021,702,Singapura,270900,Petróleo bruto,842,EUA,2141939273,9.46,4,0,22642547904
2021,702,Singapura,270900,Petróleo bruto,36,Austrália,1443076297,6.373,5,0,22642547904
2021,702,Singapura,270900,Petróleo bruto,626,Timor-Leste,102174002,0.451,20,1,22642547904
2021,702,Singapura,271112,Propano liquefeito,156,China,286830,48.923,1,0,586286
2021,702,Singapura,271112,Propano liquefeito,458,Malásia,242367,41.339,2,0,586286
2021,702,Singapura,271112,Propano liquefeito,784,Emirados Árabes Unidos,23829,4.064,3,0,586286
2021,702,Singapura,271112,Propano liquefeito,842,EUA,9168,1.564,4,0,586286
2021,702,Singapura,271112,Propano liquefeito,251,França,8535,1.456,5,0,586286
2021,702,Singapura,271113,Butano liquefeito,410,Coreia do Sul,823634,85.582,1,0,962386
2021,702,Singapura,271113,Butano liquefeito,156,China,113372,11.78,2,0,962386
2021,702,Singapura,271113,Butano liquefeito,392,Japão,19726,2.05,3,0,962386
2021,702,Singapura,271113,Butano liquefeito,276,Alemanha,5304,0.551,4,0,962386
2021,702,Singapura,271113,Butano liquefeito,826,Reino Unido,205,0.021,5,0,962386
2021,702,Singapura,630900,Vestuário usado,156,China,4104915,36.816,1,0,11149698
2021,702,Singapura,630900,Vestuário usado,458,Malásia,3071841,27.551,2,0,11149698
2021,702,Singapura,630900,Vestuário usado,490,Taiwan (Prov. China),1271383,11.403,3,0,11149698
2021,702,Singapura,630900,Vestuário usado,380,Itália,622128,5.58,4,0,11149698
2021,702,Singapura,630900,Vestuário usado,392,Japão,379842,3.407,5,0,11149698
2021,702,Singapura,880212,Helicópteros +2.000 kg,380,Itália,64088072,61.053,1,0,104971911
2021,702,Singapura,880212,Helicópteros +2.000 kg,842,EUA,33289116,31.712,2,0,104971911
2021,702,Singapura,880212,Helicópteros +2.000 kg,124,Canadá,7593901,7.234,3,0,104971911
2021,702,Singapura,880212,Helicópteros +2.000 kg,156,China,822,0.001,4,0,104971911
2021,702,Singapura,880330,Partes de aviões e helicópteros (ed. antiga),842,EUA,2807884497,61.133,1,0,4593111359
2021,702,Singapura,880330,Partes de aviões e helicópteros (ed. antiga),251,França,560398138,12.201,2,0,4593111359
2021,702,Singapura,880330,Partes de aviões e helicópteros (ed. antiga),826,Reino Unido,243378084,5.299,3,0,4593111359
2021,702,Singapura,880330,Partes de aviões e helicópteros (ed. antiga),276,Alemanha,197711633,4.305,4,0,4593111359
2021,702,Singapura,880330,Partes de aviões e helicópteros (ed. antiga),156,China,121438557,2.644,5,0,4593111359
2022,156,China,090111,Café verde não descafeinado,231,Etiópia,187694963,37.256,1,0,503791230
2022,156,China,090111,Café verde não descafeinado,170,Colômbia,81217396,16.121,2,0,503791230
2022,156,China,090111,Café verde não descafeinado,76,Brasil,77679706,15.419,3,0,503791230
2022,156,China,090111,Café verde não descafeinado,704,Vietname,48007225,9.529,4,0,503791230
2022,156,China,090111,Café verde não descafeinado,360,Indonésia,32096269,6.371,5,0,503791230
2022,156,China,090111,Café verde não descafeinado,626,Timor-Leste,392900,0.078,20,1,503791230
2022,156,China,090190,Cascas de café e sucedâneos,826,Reino Unido,96495,49.731,1,0,194033
2022,156,China,090190,Cascas de café e sucedâneos,276,Alemanha,38756,19.974,2,0,194033
2022,156,China,090190,Cascas de café e sucedâneos,104,Myanmar,26193,13.499,3,0,194033
2022,156,China,090190,Cascas de café e sucedâneos,764,Tailândia,24571,12.663,4,0,194033
2022,156,China,090190,Cascas de café e sucedâneos,490,Taiwan (Prov. China),3881,2.0,5,0,194033
2022,156,China,270900,Petróleo bruto,682,Arábia Saudita,64971514536,17.775,1,0,365512019551
2022,156,China,270900,Petróleo bruto,643,Rússia,58377523628,15.971,2,0,365512019551
2022,156,China,270900,Petróleo bruto,368,Iraque,39093287456,10.695,3,0,365512019551
2022,156,China,270900,Petróleo bruto,784,Emirados Árabes Unidos,32246641463,8.822,4,0,365512019551
2022,156,China,270900,Petróleo bruto,512,Omã,29157745536,7.977,5,0,365512019551
2022,156,China,270900,Petróleo bruto,626,Timor-Leste,144705393,0.04,38,1,365512019551
2022,156,China,271112,Propano liquefeito,842,EUA,6684327714,41.726,1,0,16019428815
2022,156,China,271112,Propano liquefeito,784,Emirados Árabes Unidos,3023822780,18.876,2,0,16019428815
2022,156,China,271112,Propano liquefeito,634,Catar,2187401815,13.655,3,0,16019428815
2022,156,China,271112,Propano liquefeito,512,Omã,1750280361,10.926,4,0,16019428815
2022,156,China,271112,Propano liquefeito,682,Arábia Saudita,509133031,3.178,5,0,16019428815
2022,156,China,271113,Butano liquefeito,784,Emirados Árabes Unidos,1548581155,35.014,1,0,4422721707
2022,156,China,271113,Butano liquefeito,512,Omã,835264397,18.886,2,0,4422721707
2022,156,China,271113,Butano liquefeito,842,EUA,516792852,11.685,3,0,4422721707
2022,156,China,271113,Butano liquefeito,634,Catar,362637038,8.199,4,0,4422721707
2022,156,China,271113,Butano liquefeito,682,Arábia Saudita,327174674,7.398,5,0,4422721707
2022,156,China,880212,Helicópteros +2.000 kg,643,Rússia,106481800,43.912,1,0,242486987
2022,156,China,880212,Helicópteros +2.000 kg,842,EUA,53500000,22.063,2,0,242486987
2022,156,China,880212,Helicópteros +2.000 kg,124,Canadá,35539015,14.656,3,0,242486987
2022,156,China,880212,Helicópteros +2.000 kg,380,Itália,30007666,12.375,4,0,242486987
2022,156,China,880212,Helicópteros +2.000 kg,276,Alemanha,8646704,3.566,5,0,242486987
2022,360,Indonésia,090111,Café verde não descafeinado,76,Brasil,30757111,61.749,1,0,49809803
2022,360,Indonésia,090111,Café verde não descafeinado,704,Vietname,13221736,26.544,2,0,49809803
2022,360,Indonésia,090111,Café verde não descafeinado,626,Timor-Leste,2489053,4.997,3,1,49809803
2022,360,Indonésia,090111,Café verde não descafeinado,360,Indonésia,1144055,2.297,4,0,49809803
2022,360,Indonésia,090111,Café verde não descafeinado,170,Colômbia,823986,1.654,5,0,49809803
2022,360,Indonésia,090111,Café verde não descafeinado,392,Japão,640011,1.285,6,0,49809803
2022,360,Indonésia,090190,Cascas de café e sucedâneos,380,Itália,510,38.317,1,0,1331
2022,360,Indonésia,090190,Cascas de café e sucedâneos,842,EUA,469,35.237,2,0,1331
2022,360,Indonésia,090190,Cascas de café e sucedâneos,710,África do Sul,288,21.638,3,0,1331
2022,360,Indonésia,090190,Cascas de café e sucedâneos,410,Coreia do Sul,51,3.832,4,0,1331
2022,360,Indonésia,090190,Cascas de café e sucedâneos,704,Vietname,13,0.977,5,0,1331
2022,360,Indonésia,270900,Petróleo bruto,566,Nigéria,4198998998,36.655,1,0,11455427096
2022,360,Indonésia,270900,Petróleo bruto,682,Arábia Saudita,3129554415,27.319,2,0,11455427096
2022,360,Indonésia,270900,Petróleo bruto,31,Azerbaijan,839910875,7.332,3,0,11455427096
2022,360,Indonésia,270900,Petróleo bruto,24,Angola,837639295,7.312,4,0,11455427096
2022,360,Indonésia,270900,Petróleo bruto,36,Austrália,569760570,4.974,5,0,11455427096
2022,360,Indonésia,271112,Propano liquefeito,842,EUA,989365425,40.999,1,0,2413139465
2022,360,Indonésia,271112,Propano liquefeito,784,Emirados Árabes Unidos,678152268,28.102,2,0,2413139465
2022,360,Indonésia,271112,Propano liquefeito,634,Catar,263675079,10.927,3,0,2413139465
2022,360,Indonésia,271112,Propano liquefeito,682,Arábia Saudita,206166720,8.544,4,0,2413139465
2022,360,Indonésia,271112,Propano liquefeito,12,Argélia,158194386,6.556,5,0,2413139465
2022,360,Indonésia,271113,Butano liquefeito,842,EUA,992660306,40.774,1,0,2434561307
2022,360,Indonésia,271113,Butano liquefeito,784,Emirados Árabes Unidos,667511276,27.418,2,0,2434561307
2022,360,Indonésia,271113,Butano liquefeito,634,Catar,263229626,10.812,3,0,2434561307
2022,360,Indonésia,271113,Butano liquefeito,682,Arábia Saudita,229268490,9.417,4,0,2434561307
2022,360,Indonésia,271113,Butano liquefeito,12,Argélia,174809348,7.18,5,0,2434561307
2022,360,Indonésia,630900,Vestuário usado,36,Austrália,225941,83.022,1,0,272146
2022,360,Indonésia,630900,Vestuário usado,392,Japão,24478,8.994,2,0,272146
2022,360,Indonésia,630900,Vestuário usado,842,EUA,7213,2.65,3,0,272146
2022,360,Indonésia,630900,Vestuário usado,702,Singapura,6060,2.227,4,0,272146
2022,360,Indonésia,630900,Vestuário usado,458,Malásia,1774,0.652,5,0,272146
2022,360,Indonésia,880212,Helicópteros +2.000 kg,380,Itália,54534364,100.0,1,0,54534364
2022,392,Japão,090111,Café verde não descafeinado,76,Brasil,430335203,26.681,1,0,1612874544
2022,392,Japão,090111,Café verde não descafeinado,170,Colômbia,291837721,18.094,2,0,1612874544
2022,392,Japão,090111,Café verde não descafeinado,704,Vietname,223483730,13.856,3,0,1612874544
2022,392,Japão,090111,Café verde não descafeinado,231,Etiópia,133810534,8.296,4,0,1612874544
2022,392,Japão,090111,Café verde não descafeinado,320,Guatemala,131419238,8.148,5,0,1612874544
2022,392,Japão,090111,Café verde não descafeinado,626,Timor-Leste,1083285,0.067,26,1,1612874544
2022,392,Japão,090190,Cascas de café e sucedâneos,68,Bolívia,9696,32.895,1,0,29476
2022,392,Japão,090190,Cascas de café e sucedâneos,320,Guatemala,8084,27.425,2,0,29476
2022,392,Japão,090190,Cascas de café e sucedâneos,76,Brasil,7202,24.432,3,0,29476
2022,392,Japão,090190,Cascas de café e sucedâneos,484,México,4494,15.248,4,0,29476
2022,392,Japão,270900,Petróleo bruto,682,Arábia Saudita,39843567309,39.479,1,0,100922291093
2022,392,Japão,270900,Petróleo bruto,784,Emirados Árabes Unidos,38193268100,37.844,2,0,100922291093
2022,392,Japão,270900,Petróleo bruto,414,Kuwait,8345287093,8.269,3,0,100922291093
2022,392,Japão,270900,Petróleo bruto,634,Catar,7070963674,7.006,4,0,100922291093
2022,392,Japão,270900,Petróleo bruto,218,Equador,1801842829,1.785,5,0,100922291093
2022,392,Japão,271112,Propano liquefeito,842,EUA,4494635540,66.796,1,0,6728878598
2022,392,Japão,271112,Propano liquefeito,124,Canadá,1181353332,17.556,2,0,6728878598
2022,392,Japão,271112,Propano liquefeito,36,Austrália,476084335,7.075,3,0,6728878598
2022,392,Japão,271112,Propano liquefeito,414,Kuwait,271133589,4.029,4,0,6728878598
2022,392,Japão,271112,Propano liquefeito,634,Catar,107071814,1.591,5,0,6728878598
2022,392,Japão,271112,Propano liquefeito,626,Timor-Leste,36732290,0.546,8,1,6728878598
2022,392,Japão,271113,Butano liquefeito,36,Austrália,437549533,37.126,1,0,1178540494
2022,392,Japão,271113,Butano liquefeito,842,EUA,392693493,33.32,2,0,1178540494
2022,392,Japão,271113,Butano liquefeito,414,Kuwait,104224778,8.844,3,0,1178540494
2022,392,Japão,271113,Butano liquefeito,682,Arábia Saudita,69885199,5.93,4,0,1178540494
2022,392,Japão,271113,Butano liquefeito,784,Emirados Árabes Unidos,49695986,4.217,5,0,1178540494
2022,392,Japão,271113,Butano liquefeito,626,Timor-Leste,34393900,2.918,7,1,1178540494
2022,392,Japão,630900,Vestuário usado,842,EUA,38708158,44.287,1,0,87402891
2022,392,Japão,630900,Vestuário usado,764,Tailândia,15344437,17.556,2,0,87402891
2022,392,Japão,630900,Vestuário usado,586,Paquistão,5832805,6.673,3,0,87402891
2022,392,Japão,630900,Vestuário usado,156,China,4247330,4.859,4,0,87402891
2022,392,Japão,630900,Vestuário usado,699,Índia,4028916,4.61,5,0,87402891
2022,392,Japão,880212,Helicópteros +2.000 kg,380,Itália,82980364,67.341,1,0,123224704
2022,392,Japão,880212,Helicópteros +2.000 kg,276,Alemanha,20092329,16.305,2,0,123224704
2022,392,Japão,880212,Helicópteros +2.000 kg,842,EUA,11337232,9.2,3,0,123224704
2022,392,Japão,880212,Helicópteros +2.000 kg,124,Canadá,8814778,7.153,4,0,123224704
2022,410,Coreia do Sul,090111,Café verde não descafeinado,76,Brasil,224350537,25.571,1,0,877358510
2022,410,Coreia do Sul,090111,Café verde não descafeinado,170,Colômbia,183722069,20.94,2,0,877358510
2022,410,Coreia do Sul,090111,Café verde não descafeinado,231,Etiópia,113836564,12.975,3,0,877358510
2022,410,Coreia do Sul,090111,Café verde não descafeinado,704,Vietname,71601926,8.161,4,0,877358510
2022,410,Coreia do Sul,090111,Café verde não descafeinado,320,Guatemala,65732206,7.492,5,0,877358510
2022,410,Coreia do Sul,090111,Café verde não descafeinado,626,Timor-Leste,364749,0.042,25,1,877358510
2022,410,Coreia do Sul,090190,Cascas de café e sucedâneos,704,Vietname,560215,99.362,1,0,563811
2022,410,Coreia do Sul,090190,Cascas de café e sucedâneos,699,Índia,1498,0.266,2,0,563811
2022,410,Coreia do Sul,090190,Cascas de café e sucedâneos,826,Reino Unido,900,0.16,3,0,563811
2022,410,Coreia do Sul,090190,Cascas de café e sucedâneos,842,EUA,656,0.116,4,0,563811
2022,410,Coreia do Sul,090190,Cascas de café e sucedâneos,360,Indonésia,340,0.06,5,0,563811
2022,410,Coreia do Sul,270900,Petróleo bruto,682,Arábia Saudita,37662457912,35.543,1,0,105963515690
2022,410,Coreia do Sul,270900,Petróleo bruto,842,EUA,14020886901,13.232,2,0,105963515690
2022,410,Coreia do Sul,270900,Petróleo bruto,414,Kuwait,10728438350,10.125,3,0,105963515690
2022,410,Coreia do Sul,270900,Petróleo bruto,784,Emirados Árabes Unidos,9224971213,8.706,4,0,105963515690
2022,410,Coreia do Sul,270900,Petróleo bruto,368,Iraque,8520840044,8.041,5,0,105963515690
2022,410,Coreia do Sul,270900,Petróleo bruto,626,Timor-Leste,66351343,0.063,24,1,105963515690
2022,410,Coreia do Sul,271112,Propano liquefeito,842,EUA,4317079290,82.628,1,0,5224695259
2022,410,Coreia do Sul,271112,Propano liquefeito,124,Canadá,498969499,9.55,2,0,5224695259
2022,410,Coreia do Sul,271112,Propano liquefeito,36,Austrália,117587948,2.251,3,0,5224695259
2022,410,Coreia do Sul,271112,Propano liquefeito,682,Arábia Saudita,93896234,1.797,4,0,5224695259
2022,410,Coreia do Sul,271112,Propano liquefeito,591,Panamá,58074845,1.112,5,0,5224695259
2022,410,Coreia do Sul,271113,Butano liquefeito,842,EUA,1070728983,77.644,1,0,1379028011
2022,410,Coreia do Sul,271113,Butano liquefeito,36,Austrália,136730816,9.915,2,0,1379028011
2022,410,Coreia do Sul,271113,Butano liquefeito,682,Arábia Saudita,135758944,9.845,3,0,1379028011
2022,410,Coreia do Sul,271113,Butano liquefeito,96,Brunei Darussalam,15020902,1.089,4,0,1379028011
2022,410,Coreia do Sul,271113,Butano liquefeito,392,Japão,9026069,0.655,5,0,1379028011
2022,410,Coreia do Sul,630900,Vestuário usado,392,Japão,11968018,44.849,1,0,26685268
2022,410,Coreia do Sul,630900,Vestuário usado,156,China,3697566,13.856,2,0,26685268
2022,410,Coreia do Sul,630900,Vestuário usado,842,EUA,3213845,12.044,3,0,26685268
2022,410,Coreia do Sul,630900,Vestuário usado,764,Tailândia,2436682,9.131,4,0,26685268
2022,410,Coreia do Sul,630900,Vestuário usado,276,Alemanha,602475,2.258,5,0,26685268
2022,410,Coreia do Sul,630900,Vestuário usado,626,Timor-Leste,873,0.003,103,1,26685268
2022,410,Coreia do Sul,880212,Helicópteros +2.000 kg,842,EUA,69451884,56.646,1,0,122606656
2022,410,Coreia do Sul,880212,Helicópteros +2.000 kg,380,Itália,39817237,32.476,2,0,122606656
2022,410,Coreia do Sul,880212,Helicópteros +2.000 kg,124,Canadá,13305785,10.852,3,0,122606656
2022,410,Coreia do Sul,880212,Helicópteros +2.000 kg,156,China,30948,0.025,4,0,122606656
2022,410,Coreia do Sul,880212,Helicópteros +2.000 kg,344,Hong Kong (RAEHK),802,0.001,5,0,122606656
2022,702,Singapura,090111,Café verde não descafeinado,360,Indonésia,19391650,41.567,1,0,46651498
2022,702,Singapura,090111,Café verde não descafeinado,76,Brasil,8167163,17.507,2,0,46651498
2022,702,Singapura,090111,Café verde não descafeinado,170,Colômbia,5075389,10.879,3,0,46651498
2022,702,Singapura,090111,Café verde não descafeinado,231,Etiópia,1553051,3.329,4,0,46651498
2022,702,Singapura,090111,Café verde não descafeinado,340,Honduras,1242244,2.663,5,0,46651498
2022,702,Singapura,090111,Café verde não descafeinado,626,Timor-Leste,63721,0.137,28,1,46651498
2022,702,Singapura,090190,Cascas de café e sucedâneos,380,Itália,66720,24.521,1,0,272094
2022,702,Singapura,090190,Cascas de café e sucedâneos,458,Malásia,50955,18.727,2,0,272094
2022,702,Singapura,090190,Cascas de café e sucedâneos,410,Coreia do Sul,37673,13.845,3,0,272094
2022,702,Singapura,090190,Cascas de café e sucedâneos,842,EUA,31603,11.615,4,0,272094
2022,702,Singapura,090190,Cascas de café e sucedâneos,36,Austrália,26045,9.572,5,0,272094
2022,702,Singapura,270900,Petróleo bruto,784,Emirados Árabes Unidos,9502390738,27.936,1,0,34014894130
2022,702,Singapura,270900,Petróleo bruto,842,EUA,8687608918,25.541,2,0,34014894130
2022,702,Singapura,270900,Petróleo bruto,682,Arábia Saudita,4060257911,11.937,3,0,34014894130
2022,702,Singapura,270900,Petróleo bruto,634,Catar,3400417220,9.997,4,0,34014894130
2022,702,Singapura,270900,Petróleo bruto,76,Brasil,2331128046,6.853,5,0,34014894130
2022,702,Singapura,270900,Petróleo bruto,626,Timor-Leste,17036092,0.05,30,1,34014894130
2022,702,Singapura,271112,Propano liquefeito,156,China,231875,64.023,1,0,362174
2022,702,Singapura,271112,Propano liquefeito,784,Emirados Árabes Unidos,90702,25.044,2,0,362174
2022,702,Singapura,271112,Propano liquefeito,616,Polónia,10388,2.868,3,0,362174
2022,702,Singapura,271112,Propano liquefeito,56,Bélgica,7601,2.099,4,0,362174
2022,702,Singapura,271112,Propano liquefeito,251,França,6137,1.695,5,0,362174
2022,702,Singapura,271113,Butano liquefeito,682,Arábia Saudita,52456779,77.268,1,0,67889162
2022,702,Singapura,271113,Butano liquefeito,458,Malásia,10252168,15.101,2,0,67889162
2022,702,Singapura,271113,Butano liquefeito,36,Austrália,4073859,6.001,3,0,67889162
2022,702,Singapura,271113,Butano liquefeito,410,Coreia do Sul,992138,1.461,4,0,67889162
2022,702,Singapura,271113,Butano liquefeito,156,China,108112,0.159,5,0,67889162
2022,702,Singapura,630900,Vestuário usado,156,China,3191436,41.951,1,0,7607457
2022,702,Singapura,630900,Vestuário usado,458,Malásia,1946723,25.59,2,0,7607457
2022,702,Singapura,630900,Vestuário usado,490,Taiwan (Prov. China),915197,12.03,3,0,7607457
2022,702,Singapura,630900,Vestuário usado,380,Itália,292678,3.847,4,0,7607457
2022,702,Singapura,630900,Vestuário usado,842,EUA,268284,3.527,5,0,7607457
2022,702,Singapura,880212,Helicópteros +2.000 kg,380,Itália,45431880,58.412,1,0,77778376
2022,702,Singapura,880212,Helicópteros +2.000 kg,842,EUA,12408357,15.953,2,0,77778376
2022,702,Singapura,880212,Helicópteros +2.000 kg,251,França,10006705,12.866,3,0,77778376
2022,702,Singapura,880212,Helicópteros +2.000 kg,458,Malásia,5604511,7.206,4,0,77778376
2022,702,Singapura,880212,Helicópteros +2.000 kg,124,Canadá,4326615,5.563,5,0,77778376
2023,156,China,090111,Café verde não descafeinado,76,Brasil,221128344,36.015,1,0,613997333
2023,156,China,090111,Café verde não descafeinado,231,Etiópia,144097658,23.469,2,0,613997333
2023,156,China,090111,Café verde não descafeinado,170,Colômbia,108500649,17.671,3,0,613997333
2023,156,China,090111,Café verde não descafeinado,360,Indonésia,34795169,5.667,4,0,613997333
2023,156,China,090111,Café verde não descafeinado,704,Vietname,31596370,5.146,5,0,613997333
2023,156,China,090111,Café verde não descafeinado,626,Timor-Leste,260094,0.042,24,1,613997333
2023,156,China,090190,Cascas de café e sucedâneos,704,Vietname,29473,65.301,1,0,45134
2023,156,China,090190,Cascas de café e sucedâneos,792,Turquia,9840,21.802,2,0,45134
2023,156,China,090190,Cascas de café e sucedâneos,410,Coreia do Sul,2725,6.038,3,0,45134
2023,156,China,090190,Cascas de café e sucedâneos,842,EUA,1373,3.042,4,0,45134
2023,156,China,090190,Cascas de café e sucedâneos,380,Itália,949,2.103,5,0,45134
2023,156,China,270900,Petróleo bruto,643,Rússia,60679212744,17.971,1,0,337644667180
2023,156,China,270900,Petróleo bruto,682,Arábia Saudita,53877583957,15.957,2,0,337644667180
2023,156,China,270900,Petróleo bruto,368,Iraque,35211318086,10.429,3,0,337644667180
2023,156,China,270900,Petróleo bruto,458,Malásia,28611452764,8.474,4,0,337644667180
2023,156,China,270900,Petróleo bruto,784,Emirados Árabes Unidos,26640397462,7.89,5,0,337644667180
2023,156,China,270900,Petróleo bruto,626,Timor-Leste,74125501,0.022,41,1,337644667180
2023,156,China,271112,Propano liquefeito,842,EUA,7996017497,50.231,1,0,15918479193
2023,156,China,271112,Propano liquefeito,784,Emirados Árabes Unidos,3080007547,19.349,2,0,15918479193
2023,156,China,271112,Propano liquefeito,634,Catar,1488158987,9.349,3,0,15918479193
2023,156,China,271112,Propano liquefeito,512,Omã,1322762509,8.31,4,0,15918479193
2023,156,China,271112,Propano liquefeito,682,Arábia Saudita,561516273,3.527,5,0,15918479193
2023,156,China,271113,Butano liquefeito,784,Emirados Árabes Unidos,1545917146,39.535,1,0,3910221319
2023,156,China,271113,Butano liquefeito,512,Omã,697353673,17.834,2,0,3910221319
2023,156,China,271113,Butano liquefeito,682,Arábia Saudita,366589745,9.375,3,0,3910221319
2023,156,China,271113,Butano liquefeito,842,EUA,338554321,8.658,4,0,3910221319
2023,156,China,271113,Butano liquefeito,634,Catar,327528383,8.376,5,0,3910221319
2023,156,China,880212,Helicópteros +2.000 kg,380,Itália,128839121,46.926,1,0,274559068
2023,156,China,880212,Helicópteros +2.000 kg,643,Rússia,53066953,19.328,2,0,274559068
2023,156,China,880212,Helicópteros +2.000 kg,842,EUA,40483760,14.745,3,0,274559068
2023,156,China,880212,Helicópteros +2.000 kg,251,França,40438362,14.728,4,0,274559068
2023,156,China,880212,Helicópteros +2.000 kg,124,Canadá,11730872,4.273,5,0,274559068
2023,360,Indonésia,090111,Café verde não descafeinado,704,Vietname,55682774,54.148,1,0,102834842
2023,360,Indonésia,090111,Café verde não descafeinado,76,Brasil,34441099,33.492,2,0,102834842
2023,360,Indonésia,090111,Café verde não descafeinado,626,Timor-Leste,5856996,5.696,3,1,102834842
2023,360,Indonésia,090111,Café verde não descafeinado,360,Indonésia,3989114,3.879,4,0,102834842
2023,360,Indonésia,090111,Café verde não descafeinado,598,Papua New Guinea,1432966,1.393,5,0,102834842
2023,360,Indonésia,090111,Café verde não descafeinado,170,Colômbia,771549,0.75,6,0,102834842
2023,360,Indonésia,090190,Cascas de café e sucedâneos,702,Singapura,76675,94.196,1,0,81399
2023,360,Indonésia,090190,Cascas de café e sucedâneos,842,EUA,1750,2.15,2,0,81399
2023,360,Indonésia,090190,Cascas de café e sucedâneos,36,Austrália,1107,1.36,3,0,81399
2023,360,Indonésia,090190,Cascas de café e sucedâneos,757,Suíça,634,0.779,4,0,81399
2023,360,Indonésia,090190,Cascas de café e sucedâneos,608,Filipinas,363,0.446,5,0,81399
2023,360,Indonésia,270900,Petróleo bruto,566,Nigéria,3821129529,34.294,1,0,11142160442
2023,360,Indonésia,270900,Petróleo bruto,682,Arábia Saudita,2316669783,20.792,2,0,11142160442
2023,360,Indonésia,270900,Petróleo bruto,24,Angola,1135639780,10.192,3,0,11142160442
2023,360,Indonésia,270900,Petróleo bruto,266,Gabão,873974803,7.844,4,0,11142160442
2023,360,Indonésia,270900,Petróleo bruto,842,EUA,483081442,4.336,5,0,11142160442
2023,360,Indonésia,271112,Propano liquefeito,842,EUA,766322513,42.497,1,0,1803232163
2023,360,Indonésia,271112,Propano liquefeito,784,Emirados Árabes Unidos,448437764,24.869,2,0,1803232163
2023,360,Indonésia,271112,Propano liquefeito,634,Catar,223260393,12.381,3,0,1803232163
2023,360,Indonésia,271112,Propano liquefeito,12,Argélia,104209027,5.779,4,0,1803232163
2023,360,Indonésia,271112,Propano liquefeito,682,Arábia Saudita,72136624,4.0,5,0,1803232163
2023,360,Indonésia,271113,Butano liquefeito,842,EUA,781640116,42.715,1,0,1829904450
2023,360,Indonésia,271113,Butano liquefeito,784,Emirados Árabes Unidos,444154666,24.272,2,0,1829904450
2023,360,Indonésia,271113,Butano liquefeito,634,Catar,219586054,12.0,3,0,1829904450
2023,360,Indonésia,271113,Butano liquefeito,12,Argélia,100699407,5.503,4,0,1829904450
2023,360,Indonésia,271113,Butano liquefeito,682,Arábia Saudita,90065125,4.922,5,0,1829904450
2023,360,Indonésia,630900,Vestuário usado,826,Reino Unido,15725,52.841,1,0,29759
2023,360,Indonésia,630900,Vestuário usado,842,EUA,5817,19.547,2,0,29759
2023,360,Indonésia,630900,Vestuário usado,458,Malásia,3056,10.269,3,0,29759
2023,360,Indonésia,630900,Vestuário usado,410,Coreia do Sul,1031,3.464,4,0,29759
2023,360,Indonésia,630900,Vestuário usado,251,França,1001,3.364,5,0,29759
2023,360,Indonésia,880212,Helicópteros +2.000 kg,702,Singapura,3588016,67.423,1,0,5321641
2023,360,Indonésia,880212,Helicópteros +2.000 kg,826,Reino Unido,1733625,32.577,2,0,5321641
2023,392,Japão,090111,Café verde não descafeinado,76,Brasil,474522047,33.403,1,0,1420616321
2023,392,Japão,090111,Café verde não descafeinado,704,Vietname,239270768,16.843,2,0,1420616321
2023,392,Japão,090111,Café verde não descafeinado,170,Colômbia,177871515,12.521,3,0,1420616321
2023,392,Japão,090111,Café verde não descafeinado,320,Guatemala,125580066,8.84,4,0,1420616321
2023,392,Japão,090111,Café verde não descafeinado,231,Etiópia,91217205,6.421,5,0,1420616321
2023,392,Japão,090111,Café verde não descafeinado,626,Timor-Leste,1186259,0.084,26,1,1420616321
2023,392,Japão,090190,Cascas de café e sucedâneos,320,Guatemala,13268,49.84,1,0,26621
2023,392,Japão,090190,Cascas de café e sucedâneos,598,Papua New Guinea,4669,17.54,2,0,26621
2023,392,Japão,090190,Cascas de café e sucedâneos,76,Brasil,3922,14.733,3,0,26621
2023,392,Japão,090190,Cascas de café e sucedâneos,418,Lao People's Dem. Rep.,2861,10.749,4,0,26621
2023,392,Japão,090190,Cascas de café e sucedâneos,887,Yemen,1900,7.139,5,0,26621
2023,392,Japão,270900,Petróleo bruto,682,Arábia Saudita,33190336996,41.034,1,0,80884609985
2023,392,Japão,270900,Petróleo bruto,784,Emirados Árabes Unidos,31815336042,39.334,2,0,80884609985
2023,392,Japão,270900,Petróleo bruto,414,Kuwait,7185393455,8.884,3,0,80884609985
2023,392,Japão,270900,Petróleo bruto,634,Catar,3901342692,4.823,4,0,80884609985
2023,392,Japão,270900,Petróleo bruto,842,EUA,1626444677,2.011,5,0,80884609985
2023,392,Japão,271112,Propano liquefeito,842,EUA,3576032144,66.675,1,0,5363370740
2023,392,Japão,271112,Propano liquefeito,124,Canadá,1098004888,20.472,2,0,5363370740
2023,392,Japão,271112,Propano liquefeito,36,Austrália,440863237,8.22,3,0,5363370740
2023,392,Japão,271112,Propano liquefeito,414,Kuwait,117695669,2.194,4,0,5363370740
2023,392,Japão,271112,Propano liquefeito,634,Catar,84858654,1.582,5,0,5363370740
2023,392,Japão,271112,Propano liquefeito,626,Timor-Leste,4533520,0.085,7,1,5363370740
2023,392,Japão,271113,Butano liquefeito,842,EUA,377786777,41.41,1,0,912313328
2023,392,Japão,271113,Butano liquefeito,36,Austrália,376171829,41.233,2,0,912313328
2023,392,Japão,271113,Butano liquefeito,414,Kuwait,47718709,5.231,3,0,912313328
2023,392,Japão,271113,Butano liquefeito,410,Coreia do Sul,43121042,4.727,4,0,912313328
2023,392,Japão,271113,Butano liquefeito,784,Emirados Árabes Unidos,28265493,3.098,5,0,912313328
2023,392,Japão,271113,Butano liquefeito,626,Timor-Leste,17917370,1.964,7,1,912313328
2023,392,Japão,630900,Vestuário usado,842,EUA,41781927,48.738,1,0,85727910
2023,392,Japão,630900,Vestuário usado,764,Tailândia,13963522,16.288,2,0,85727910
2023,392,Japão,630900,Vestuário usado,699,Índia,5900231,6.883,3,0,85727910
2023,392,Japão,630900,Vestuário usado,586,Paquistão,5061781,5.904,4,0,85727910
2023,392,Japão,630900,Vestuário usado,251,França,3098314,3.614,5,0,85727910
2023,392,Japão,880212,Helicópteros +2.000 kg,251,França,161019471,56.098,1,0,287033978
2023,392,Japão,880212,Helicópteros +2.000 kg,842,EUA,59380401,20.688,2,0,287033978
2023,392,Japão,880212,Helicópteros +2.000 kg,380,Itália,47635067,16.596,3,0,287033978
2023,392,Japão,880212,Helicópteros +2.000 kg,124,Canadá,14189394,4.943,4,0,287033978
2023,392,Japão,880212,Helicópteros +2.000 kg,276,Alemanha,4809644,1.676,5,0,287033978
2023,410,Coreia do Sul,090111,Café verde não descafeinado,76,Brasil,201710271,28.473,1,0,708431629
2023,410,Coreia do Sul,090111,Café verde não descafeinado,170,Colômbia,142386541,20.099,2,0,708431629
2023,410,Coreia do Sul,090111,Café verde não descafeinado,231,Etiópia,105680392,14.918,3,0,708431629
2023,410,Coreia do Sul,090111,Café verde não descafeinado,704,Vietname,74856871,10.567,4,0,708431629
2023,410,Coreia do Sul,090111,Café verde não descafeinado,320,Guatemala,52144598,7.361,5,0,708431629
2023,410,Coreia do Sul,090111,Café verde não descafeinado,626,Timor-Leste,320683,0.045,25,1,708431629
2023,410,Coreia do Sul,090190,Cascas de café e sucedâneos,704,Vietname,1436201,99.824,1,0,1438727
2023,410,Coreia do Sul,090190,Cascas de café e sucedâneos,276,Alemanha,1236,0.086,2,0,1438727
2023,410,Coreia do Sul,090190,Cascas de café e sucedâneos,360,Indonésia,798,0.055,3,0,1438727
2023,410,Coreia do Sul,090190,Cascas de café e sucedâneos,764,Tailândia,175,0.012,4,0,1438727
2023,410,Coreia do Sul,090190,Cascas de café e sucedâneos,156,China,78,0.005,5,0,1438727
2023,410,Coreia do Sul,270900,Petróleo bruto,682,Arábia Saudita,30570108881,35.481,1,0,86158418645
2023,410,Coreia do Sul,270900,Petróleo bruto,842,EUA,12316950059,14.296,2,0,86158418645
2023,410,Coreia do Sul,270900,Petróleo bruto,784,Emirados Árabes Unidos,9799587990,11.374,3,0,86158418645
2023,410,Coreia do Sul,270900,Petróleo bruto,414,Kuwait,8305817799,9.64,4,0,86158418645
2023,410,Coreia do Sul,270900,Petróleo bruto,368,Iraque,7345346122,8.525,5,0,86158418645
2023,410,Coreia do Sul,271112,Propano liquefeito,842,EUA,3477354694,88.442,1,0,3931800786
2023,410,Coreia do Sul,271112,Propano liquefeito,124,Canadá,369865540,9.407,2,0,3931800786
2023,410,Coreia do Sul,271112,Propano liquefeito,36,Austrália,28698224,0.73,3,0,3931800786
2023,410,Coreia do Sul,271112,Propano liquefeito,414,Kuwait,17760243,0.452,4,0,3931800786
2023,410,Coreia do Sul,271112,Propano liquefeito,784,Emirados Árabes Unidos,16539759,0.421,5,0,3931800786
2023,410,Coreia do Sul,271113,Butano liquefeito,842,EUA,1002054207,89.871,1,0,1114986150
2023,410,Coreia do Sul,271113,Butano liquefeito,36,Austrália,60256968,5.404,2,0,1114986150
2023,410,Coreia do Sul,271113,Butano liquefeito,682,Arábia Saudita,34734465,3.115,3,0,1114986150
2023,410,Coreia do Sul,271113,Butano liquefeito,458,Malásia,14667462,1.315,4,0,1114986150
2023,410,Coreia do Sul,271113,Butano liquefeito,392,Japão,3126189,0.28,5,0,1114986150
2023,410,Coreia do Sul,630900,Vestuário usado,392,Japão,13047788,42.849,1,0,30450433
2023,410,Coreia do Sul,630900,Vestuário usado,156,China,3758440,12.343,2,0,30450433
2023,410,Coreia do Sul,630900,Vestuário usado,842,EUA,3426528,11.253,3,0,30450433
2023,410,Coreia do Sul,630900,Vestuário usado,764,Tailândia,2697385,8.858,4,0,30450433
2023,410,Coreia do Sul,630900,Vestuário usado,276,Alemanha,906361,2.977,5,0,30450433
2023,410,Coreia do Sul,630900,Vestuário usado,626,Timor-Leste,6221,0.02,68,1,30450433
2023,410,Coreia do Sul,880212,Helicópteros +2.000 kg,842,EUA,120054253,61.936,1,0,193836314
2023,410,Coreia do Sul,880212,Helicópteros +2.000 kg,784,Emirados Árabes Unidos,38431413,19.827,2,0,193836314
2023,410,Coreia do Sul,880212,Helicópteros +2.000 kg,380,Itália,33337040,17.199,3,0,193836314
2023,410,Coreia do Sul,880212,Helicópteros +2.000 kg,251,França,2013608,1.039,4,0,193836314
2023,702,Singapura,090111,Café verde não descafeinado,360,Indonésia,15643564,38.156,1,0,40998903
2023,702,Singapura,090111,Café verde não descafeinado,76,Brasil,6911468,16.858,2,0,40998903
2023,702,Singapura,090111,Café verde não descafeinado,170,Colômbia,3181621,7.76,3,0,40998903
2023,702,Singapura,090111,Café verde não descafeinado,340,Honduras,1949830,4.756,4,0,40998903
2023,702,Singapura,090111,Café verde não descafeinado,320,Guatemala,1794083,4.376,5,0,40998903
2023,702,Singapura,090111,Café verde não descafeinado,626,Timor-Leste,109257,0.266,26,1,40998903
2023,702,Singapura,090190,Cascas de café e sucedâneos,842,EUA,240072,51.105,1,0,469762
2023,702,Singapura,090190,Cascas de café e sucedâneos,458,Malásia,92333,19.655,2,0,469762
2023,702,Singapura,090190,Cascas de café e sucedâneos,380,Itália,24942,5.31,3,0,469762
2023,702,Singapura,090190,Cascas de café e sucedâneos,36,Austrália,18456,3.929,4,0,469762
2023,702,Singapura,090190,Cascas de café e sucedâneos,410,Coreia do Sul,15321,3.261,5,0,469762
2023,702,Singapura,270900,Petróleo bruto,842,EUA,7741219055,28.209,1,0,27442345214
2023,702,Singapura,270900,Petróleo bruto,784,Emirados Árabes Unidos,7298194521,26.595,2,0,27442345214
2023,702,Singapura,270900,Petróleo bruto,634,Catar,3515630383,12.811,3,0,27442345214
2023,702,Singapura,270900,Petróleo bruto,682,Arábia Saudita,3054883732,11.132,4,0,27442345214
2023,702,Singapura,270900,Petróleo bruto,76,Brasil,1474404800,5.373,5,0,27442345214
2023,702,Singapura,270900,Petróleo bruto,626,Timor-Leste,38730575,0.141,25,1,27442345214
2023,702,Singapura,271112,Propano liquefeito,156,China,1053122,88.519,1,0,1189717
2023,702,Singapura,271112,Propano liquefeito,56,Bélgica,55234,4.643,2,0,1189717
2023,702,Singapura,271112,Propano liquefeito,458,Malásia,38924,3.272,3,0,1189717
2023,702,Singapura,271112,Propano liquefeito,344,Hong Kong (RAEHK),20212,1.699,4,0,1189717
2023,702,Singapura,271112,Propano liquefeito,842,EUA,15129,1.272,5,0,1189717
2023,702,Singapura,271113,Butano liquefeito,682,Arábia Saudita,154870929,81.13,1,0,190891673
2023,702,Singapura,271113,Butano liquefeito,784,Emirados Árabes Unidos,15871584,8.314,2,0,190891673
2023,702,Singapura,271113,Butano liquefeito,414,Kuwait,14478959,7.585,3,0,190891673
2023,702,Singapura,271113,Butano liquefeito,458,Malásia,4788737,2.509,4,0,190891673
2023,702,Singapura,271113,Butano liquefeito,410,Coreia do Sul,872875,0.457,5,0,190891673
2023,702,Singapura,630900,Vestuário usado,156,China,2589851,43.877,1,0,5902537
2023,702,Singapura,630900,Vestuário usado,458,Malásia,1606617,27.219,2,0,5902537
2023,702,Singapura,630900,Vestuário usado,490,Taiwan (Prov. China),696079,11.793,3,0,5902537
2023,702,Singapura,630900,Vestuário usado,842,EUA,178072,3.017,4,0,5902537
2023,702,Singapura,630900,Vestuário usado,380,Itália,174429,2.955,5,0,5902537
2023,702,Singapura,880212,Helicópteros +2.000 kg,380,Itália,33384819,47.072,1,0,70922991
2023,702,Singapura,880212,Helicópteros +2.000 kg,842,EUA,26134068,36.849,2,0,70922991
2023,702,Singapura,880212,Helicópteros +2.000 kg,124,Canadá,5944386,8.381,3,0,70922991
2023,702,Singapura,880212,Helicópteros +2.000 kg,276,Alemanha,5455327,7.692,4,0,70922991
2023,702,Singapura,880212,Helicópteros +2.000 kg,826,Reino Unido,4391,0.006,5,0,70922991
2024,156,China,090111,Café verde não descafeinado,76,Brasil,301605938,36.044,1,0,836769090
2024,156,China,090111,Café verde não descafeinado,170,Colômbia,188088696,22.478,2,0,836769090
2024,156,China,090111,Café verde não descafeinado,231,Etiópia,102368770,12.234,3,0,836769090
2024,156,China,090111,Café verde não descafeinado,704,Vietname,92845279,11.096,4,0,836769090
2024,156,China,090111,Café verde não descafeinado,360,Indonésia,44562382,5.326,5,0,836769090
2024,156,China,090111,Café verde não descafeinado,626,Timor-Leste,604062,0.072,18,1,836769090
2024,156,China,090190,Cascas de café e sucedâneos,764,Tailândia,2708,62.904,1,0,4305
2024,156,China,090190,Cascas de café e sucedâneos,842,EUA,700,16.26,2,0,4305
2024,156,China,090190,Cascas de café e sucedâneos,124,Canadá,385,8.943,3,0,4305
2024,156,China,090190,Cascas de café e sucedâneos,490,Taiwan (Prov. China),225,5.226,4,0,4305
2024,156,China,090190,Cascas de café e sucedâneos,380,Itália,98,2.276,5,0,4305
2024,156,China,270900,Petróleo bruto,643,Rússia,62589755078,19.247,1,0,325186599333
2024,156,China,270900,Petróleo bruto,682,Arábia Saudita,47910307938,14.733,2,0,325186599333
2024,156,China,270900,Petróleo bruto,458,Malásia,38348163667,11.793,3,0,325186599333
2024,156,China,270900,Petróleo bruto,368,Iraque,37030183310,11.387,4,0,325186599333
2024,156,China,270900,Petróleo bruto,512,Omã,25045149223,7.702,5,0,325186599333
2024,156,China,271112,Propano liquefeito,842,EUA,11170906905,59.6,1,0,18743155428
2024,156,China,271112,Propano liquefeito,784,Emirados Árabes Unidos,2973607439,15.865,2,0,18743155428
2024,156,China,271112,Propano liquefeito,634,Catar,1442498002,7.696,3,0,18743155428
2024,156,China,271112,Propano liquefeito,512,Omã,1135517269,6.058,4,0,18743155428
2024,156,China,271112,Propano liquefeito,414,Kuwait,511488990,2.729,5,0,18743155428
2024,156,China,271113,Butano liquefeito,784,Emirados Árabes Unidos,1426957924,36.921,1,0,3864945993
2024,156,China,271113,Butano liquefeito,682,Arábia Saudita,591832579,15.313,2,0,3864945993
2024,156,China,271113,Butano liquefeito,512,Omã,586028287,15.163,3,0,3864945993
2024,156,China,271113,Butano liquefeito,842,EUA,455526146,11.786,4,0,3864945993
2024,156,China,271113,Butano liquefeito,634,Catar,203150956,5.256,5,0,3864945993
2024,156,China,880212,Helicópteros +2.000 kg,251,França,132815270,43.766,1,0,303467343
2024,156,China,880212,Helicópteros +2.000 kg,380,Itália,73967483,24.374,2,0,303467343
2024,156,China,880212,Helicópteros +2.000 kg,842,EUA,61903803,20.399,3,0,303467343
2024,156,China,880212,Helicópteros +2.000 kg,643,Rússia,23354305,7.696,4,0,303467343
2024,156,China,880212,Helicópteros +2.000 kg,276,Alemanha,9995137,3.294,5,0,303467343
2024,360,Indonésia,090111,Café verde não descafeinado,704,Vietname,118517478,68.018,1,0,174245116
2024,360,Indonésia,090111,Café verde não descafeinado,76,Brasil,44387672,25.474,2,0,174245116
2024,360,Indonésia,090111,Café verde não descafeinado,598,Papua New Guinea,5203176,2.986,3,0,174245116
2024,360,Indonésia,090111,Café verde não descafeinado,626,Timor-Leste,2463185,1.414,4,1,174245116
2024,360,Indonésia,090111,Café verde não descafeinado,170,Colômbia,1189543,0.683,5,0,174245116
2024,360,Indonésia,090111,Café verde não descafeinado,702,Singapura,959943,0.551,6,0,174245116
2024,360,Indonésia,090190,Cascas de café e sucedâneos,626,Timor-Leste,34263,92.593,1,1,37004
2024,360,Indonésia,090190,Cascas de café e sucedâneos,76,Brasil,533,1.44,2,0,37004
2024,360,Indonésia,090190,Cascas de café e sucedâneos,392,Japão,465,1.257,3,0,37004
2024,360,Indonésia,090190,Cascas de café e sucedâneos,458,Malásia,313,0.846,4,0,37004
2024,360,Indonésia,090190,Cascas de café e sucedâneos,276,Alemanha,280,0.757,5,0,37004
2024,360,Indonésia,090190,Cascas de café e sucedâneos,170,Colômbia,263,0.711,6,0,37004
2024,360,Indonésia,270900,Petróleo bruto,566,Nigéria,2896901503,27.981,1,0,10352976047
2024,360,Indonésia,270900,Petróleo bruto,682,Arábia Saudita,2053001047,19.83,2,0,10352976047
2024,360,Indonésia,270900,Petróleo bruto,24,Angola,1713004741,16.546,3,0,10352976047
2024,360,Indonésia,270900,Petróleo bruto,266,Gabão,1037652306,10.023,4,0,10352976047
2024,360,Indonésia,270900,Petróleo bruto,36,Austrália,754371370,7.287,5,0,10352976047
2024,360,Indonésia,271112,Propano liquefeito,842,EUA,1000179922,53.203,1,0,1879919750
2024,360,Indonésia,271112,Propano liquefeito,634,Catar,202222998,10.757,2,0,1879919750
2024,360,Indonésia,271112,Propano liquefeito,682,Arábia Saudita,196127419,10.433,3,0,1879919750
2024,360,Indonésia,271112,Propano liquefeito,784,Emirados Árabes Unidos,193258851,10.28,4,0,1879919750
2024,360,Indonésia,271112,Propano liquefeito,414,Kuwait,123115787,6.549,5,0,1879919750
2024,360,Indonésia,271113,Butano liquefeito,842,EUA,1033145918,54.087,1,0,1910160170
2024,360,Indonésia,271113,Butano liquefeito,634,Catar,201320839,10.539,2,0,1910160170
2024,360,Indonésia,271113,Butano liquefeito,784,Emirados Árabes Unidos,191758840,10.039,3,0,1910160170
2024,360,Indonésia,271113,Butano liquefeito,682,Arábia Saudita,185692489,9.721,4,0,1910160170
2024,360,Indonésia,271113,Butano liquefeito,414,Kuwait,120014007,6.283,5,0,1910160170
2024,360,Indonésia,630900,Vestuário usado,826,Reino Unido,373681,24.907,1,0,1500283
2024,360,Indonésia,630900,Vestuário usado,344,Hong Kong (RAEHK),262005,17.464,2,0,1500283
2024,360,Indonésia,630900,Vestuário usado,490,Taiwan (Prov. China),246470,16.428,3,0,1500283
2024,360,Indonésia,630900,Vestuário usado,682,Arábia Saudita,165727,11.046,4,0,1500283
2024,360,Indonésia,630900,Vestuário usado,458,Malásia,133574,8.903,5,0,1500283
2024,392,Japão,090111,Café verde não descafeinado,76,Brasil,526421567,33.043,1,0,1593132265
2024,392,Japão,090111,Café verde não descafeinado,704,Vietname,351751038,22.079,2,0,1593132265
2024,392,Japão,090111,Café verde não descafeinado,170,Colômbia,184388067,11.574,3,0,1593132265
2024,392,Japão,090111,Café verde não descafeinado,320,Guatemala,106667205,6.695,4,0,1593132265
2024,392,Japão,090111,Café verde não descafeinado,231,Etiópia,104304883,6.547,5,0,1593132265
2024,392,Japão,090111,Café verde não descafeinado,626,Timor-Leste,1621860,0.102,24,1,1593132265
2024,392,Japão,090190,Cascas de café e sucedâneos,704,Vietname,11112,31.808,1,0,34935
2024,392,Japão,090190,Cascas de café e sucedâneos,842,EUA,7617,21.804,2,0,34935
2024,392,Japão,090190,Cascas de café e sucedâneos,320,Guatemala,4281,12.254,3,0,34935
2024,392,Japão,090190,Cascas de café e sucedâneos,76,Brasil,3951,11.309,4,0,34935
2024,392,Japão,090190,Cascas de café e sucedâneos,68,Bolívia,3640,10.42,5,0,34935
2024,392,Japão,270900,Petróleo bruto,784,Emirados Árabes Unidos,31447434112,43.791,1,0,71811869888
2024,392,Japão,270900,Petróleo bruto,682,Arábia Saudita,28747349249,40.031,2,0,71811869888
2024,392,Japão,270900,Petróleo bruto,414,Kuwait,4864837670,6.774,3,0,71811869888
2024,392,Japão,270900,Petróleo bruto,634,Catar,2868361948,3.994,4,0,71811869888
2024,392,Japão,270900,Petróleo bruto,842,EUA,1866573961,2.599,5,0,71811869888
2024,392,Japão,271112,Propano liquefeito,842,EUA,3304676977,63.844,1,0,5176163556
2024,392,Japão,271112,Propano liquefeito,124,Canadá,1312369263,25.354,2,0,5176163556
2024,392,Japão,271112,Propano liquefeito,36,Austrália,366298675,7.077,3,0,5176163556
2024,392,Japão,271112,Propano liquefeito,414,Kuwait,136242234,2.632,4,0,5176163556
2024,392,Japão,271112,Propano liquefeito,634,Catar,41442505,0.801,5,0,5176163556
2024,392,Japão,271113,Butano liquefeito,842,EUA,396770733,45.364,1,0,874631764
2024,392,Japão,271113,Butano liquefeito,36,Austrália,324760864,37.131,2,0,874631764
2024,392,Japão,271113,Butano liquefeito,414,Kuwait,83883476,9.591,3,0,874631764
2024,392,Japão,271113,Butano liquefeito,410,Coreia do Sul,50705260,5.797,4,0,874631764
2024,392,Japão,271113,Butano liquefeito,634,Catar,15819128,1.809,5,0,874631764
2024,392,Japão,630900,Vestuário usado,842,EUA,39921652,47.018,1,0,84906332
2024,392,Japão,630900,Vestuário usado,764,Tailândia,15984581,18.826,2,0,84906332
2024,392,Japão,630900,Vestuário usado,699,Índia,6730309,7.927,3,0,84906332
2024,392,Japão,630900,Vestuário usado,586,Paquistão,3953779,4.657,4,0,84906332
2024,392,Japão,630900,Vestuário usado,251,França,3419764,4.028,5,0,84906332
2024,392,Japão,880212,Helicópteros +2.000 kg,380,Itália,68276205,51.838,1,0,131710076
2024,392,Japão,880212,Helicópteros +2.000 kg,124,Canadá,36402262,27.638,2,0,131710076
2024,392,Japão,880212,Helicópteros +2.000 kg,251,França,21738933,16.505,3,0,131710076
2024,392,Japão,880212,Helicópteros +2.000 kg,276,Alemanha,5292677,4.018,4,0,131710076
2024,410,Coreia do Sul,090111,Café verde não descafeinado,76,Brasil,259840098,31.762,1,0,818097423
2024,410,Coreia do Sul,090111,Café verde não descafeinado,170,Colômbia,143741885,17.57,2,0,818097423
2024,410,Coreia do Sul,090111,Café verde não descafeinado,231,Etiópia,116540673,14.245,3,0,818097423
2024,410,Coreia do Sul,090111,Café verde não descafeinado,704,Vietname,108355139,13.245,4,0,818097423
2024,410,Coreia do Sul,090111,Café verde não descafeinado,320,Guatemala,47342393,5.787,5,0,818097423
2024,410,Coreia do Sul,090111,Café verde não descafeinado,626,Timor-Leste,258165,0.032,25,1,818097423
2024,410,Coreia do Sul,090190,Cascas de café e sucedâneos,704,Vietname,1028041,99.787,1,0,1030231
2024,410,Coreia do Sul,090190,Cascas de café e sucedâneos,276,Alemanha,1842,0.179,2,0,1030231
2024,410,Coreia do Sul,090190,Cascas de café e sucedâneos,842,EUA,185,0.018,3,0,1030231
2024,410,Coreia do Sul,090190,Cascas de café e sucedâneos,800,Uganda,66,0.006,4,0,1030231
2024,410,Coreia do Sul,090190,Cascas de café e sucedâneos,188,Costa Rica,26,0.003,5,0,1030231
2024,410,Coreia do Sul,270900,Petróleo bruto,682,Arábia Saudita,29479657426,34.546,1,0,85334419380
2024,410,Coreia do Sul,270900,Petróleo bruto,842,EUA,14248803133,16.698,2,0,85334419380
2024,410,Coreia do Sul,270900,Petróleo bruto,784,Emirados Árabes Unidos,11902449379,13.948,3,0,85334419380
2024,410,Coreia do Sul,270900,Petróleo bruto,368,Iraque,7674606042,8.994,4,0,85334419380
2024,410,Coreia do Sul,270900,Petróleo bruto,414,Kuwait,6642571502,7.784,5,0,85334419380
2024,410,Coreia do Sul,271112,Propano liquefeito,842,EUA,3323052969,85.189,1,0,3900814530
2024,410,Coreia do Sul,271112,Propano liquefeito,124,Canadá,378811929,9.711,2,0,3900814530
2024,410,Coreia do Sul,271112,Propano liquefeito,682,Arábia Saudita,52531621,1.347,3,0,3900814530
2024,410,Coreia do Sul,271112,Propano liquefeito,458,Malásia,36516160,0.936,4,0,3900814530
2024,410,Coreia do Sul,271112,Propano liquefeito,784,Emirados Árabes Unidos,36342240,0.932,5,0,3900814530
2024,410,Coreia do Sul,271113,Butano liquefeito,842,EUA,1134969194,82.684,1,0,1372665145
2024,410,Coreia do Sul,271113,Butano liquefeito,682,Arábia Saudita,148817745,10.842,2,0,1372665145
2024,410,Coreia do Sul,271113,Butano liquefeito,36,Austrália,32813054,2.39,3,0,1372665145
2024,410,Coreia do Sul,271113,Butano liquefeito,458,Malásia,14840198,1.081,4,0,1372665145
2024,410,Coreia do Sul,271113,Butano liquefeito,414,Kuwait,14776875,1.077,5,0,1372665145
2024,410,Coreia do Sul,630900,Vestuário usado,392,Japão,13770920,33.345,1,0,41298006
2024,410,Coreia do Sul,630900,Vestuário usado,842,EUA,5901060,14.289,2,0,41298006
2024,410,Coreia do Sul,630900,Vestuário usado,156,China,4906994,11.882,3,0,41298006
2024,410,Coreia do Sul,630900,Vestuário usado,764,Tailândia,2432968,5.891,4,0,41298006
2024,410,Coreia do Sul,630900,Vestuário usado,586,Paquistão,2209796,5.351,5,0,41298006
2024,410,Coreia do Sul,630900,Vestuário usado,626,Timor-Leste,11595,0.028,74,1,41298006
2024,410,Coreia do Sul,880212,Helicópteros +2.000 kg,842,EUA,28988673,56.28,1,0,51507766
2024,410,Coreia do Sul,880212,Helicópteros +2.000 kg,380,Itália,18395084,35.713,2,0,51507766
2024,410,Coreia do Sul,880212,Helicópteros +2.000 kg,643,Rússia,4123236,8.005,3,0,51507766
2024,410,Coreia do Sul,880212,Helicópteros +2.000 kg,156,China,773,0.002,4,0,51507766
2024,702,Singapura,090111,Café verde não descafeinado,360,Indonésia,20211232,40.989,1,0,49308866
2024,702,Singapura,090111,Café verde não descafeinado,76,Brasil,7710194,15.637,2,0,49308866
2024,702,Singapura,090111,Café verde não descafeinado,170,Colômbia,4186245,8.49,3,0,49308866
2024,702,Singapura,090111,Café verde não descafeinado,704,Vietname,2993376,6.071,4,0,49308866
2024,702,Singapura,090111,Café verde não descafeinado,598,Papua New Guinea,1812130,3.675,5,0,49308866
2024,702,Singapura,090111,Café verde não descafeinado,626,Timor-Leste,302280,0.613,19,1,49308866
2024,702,Singapura,090190,Cascas de café e sucedâneos,842,EUA,350898,54.739,1,0,641044
2024,702,Singapura,090190,Cascas de café e sucedâneos,458,Malásia,122113,19.049,2,0,641044
2024,702,Singapura,090190,Cascas de café e sucedâneos,36,Austrália,41087,6.409,3,0,641044
2024,702,Singapura,090190,Cascas de café e sucedâneos,380,Itália,36886,5.754,4,0,641044
2024,702,Singapura,090190,Cascas de café e sucedâneos,826,Reino Unido,19854,3.097,5,0,641044
2024,702,Singapura,270900,Petróleo bruto,784,Emirados Árabes Unidos,7940523146,29.144,1,0,27245983556
2024,702,Singapura,270900,Petróleo bruto,842,EUA,7289761853,26.755,2,0,27245983556
2024,702,Singapura,270900,Petróleo bruto,634,Catar,3237768173,11.883,3,0,27245983556
2024,702,Singapura,270900,Petróleo bruto,682,Arábia Saudita,2196480839,8.062,4,0,27245983556
2024,702,Singapura,270900,Petróleo bruto,76,Brasil,1846014685,6.775,5,0,27245983556
2024,702,Singapura,271112,Propano liquefeito,156,China,1303403,83.062,1,0,1569189
2024,702,Singapura,271112,Propano liquefeito,56,Bélgica,144446,9.205,2,0,1569189
2024,702,Singapura,271112,Propano liquefeito,458,Malásia,54458,3.47,3,0,1569189
2024,702,Singapura,271112,Propano liquefeito,842,EUA,16895,1.077,4,0,1569189
2024,702,Singapura,271112,Propano liquefeito,616,Polónia,13088,0.834,5,0,1569189
2024,702,Singapura,271113,Butano liquefeito,682,Arábia Saudita,105526948,47.27,1,0,223244201
2024,702,Singapura,271113,Butano liquefeito,784,Emirados Árabes Unidos,61321825,27.468,2,0,223244201
2024,702,Singapura,271113,Butano liquefeito,842,EUA,27580188,12.354,3,0,223244201
2024,702,Singapura,271113,Butano liquefeito,634,Catar,14815880,6.637,4,0,223244201
2024,702,Singapura,271113,Butano liquefeito,12,Argélia,13117348,5.876,5,0,223244201
2024,702,Singapura,630900,Vestuário usado,458,Malásia,2317349,28.875,1,0,8025536
2024,702,Singapura,630900,Vestuário usado,156,China,1678269,20.912,2,0,8025536
2024,702,Singapura,630900,Vestuário usado,380,Itália,744011,9.271,3,0,8025536
2024,702,Singapura,630900,Vestuário usado,490,Taiwan (Prov. China),636676,7.933,4,0,8025536
2024,702,Singapura,630900,Vestuário usado,410,Coreia do Sul,633446,7.893,5,0,8025536
2024,702,Singapura,630900,Vestuário usado,626,Timor-Leste,32532,0.405,17,1,8025536
2024,702,Singapura,880212,Helicópteros +2.000 kg,380,Itália,40473696,52.628,1,0,76905283
2024,702,Singapura,880212,Helicópteros +2.000 kg,124,Canadá,25231748,32.809,2,0,76905283
2024,702,Singapura,880212,Helicópteros +2.000 kg,458,Malásia,10582478,13.76,3,0,76905283
2024,702,Singapura,880212,Helicópteros +2.000 kg,251,França,617361,0.803,4,0,76905283
